source_snapshot,source_file,local_id,openalex_id,doi,year,title
snapshot_1,Topic_anion_engineering_2011-2020_Knowledge.txt,1,https://openalex.org/W2809314804,https://doi.org/10.1021/acsaem.8b00710,2018,Anion Engineering on 3D Ni<sub>3</sub>S<sub>2</sub> Nanosheets Array toward Water Splitting
snapshot_1,Topic_anion_engineering_2011-2020_Knowledge.txt,2,https://openalex.org/W2795662738,https://doi.org/10.1021/jacs.8b01548,2018,"Dual Tuning of Ni–Co–A (A = P, Se, O) Nanosheets by Anion Substitution and Holey Engineering for Efficient Hydrogen Evolution"
snapshot_1,Topic_anion_engineering_2011-2020_Knowledge.txt,3,https://openalex.org/W3005076465,https://doi.org/10.1021/acsaelm.9b00853,2020,Anion Engineering Enhanced Response Speed and Tunable Spectral Responsivity in Gallium-Oxynitrides-Based Ultraviolet Photodetectors
snapshot_1,Topic_anion_engineering_2011-2020_Knowledge.txt,4,https://openalex.org/W2754563775,https://doi.org/10.1021/acs.inorgchem.7b01886,2017,Anion Engineering on Free-Standing Two-Dimensional MoS<sub>2</sub> Nanosheets toward Hydrogen Evolution
snapshot_1,Topic_anion_engineering_2011-2020_Knowledge.txt,5,https://openalex.org/W1776012311,https://doi.org/10.1039/c5ce01813g,2015,Towards design strategies for anion–π interactions in crystal engineering
snapshot_1,Topic_anion_engineering_2011-2020_Knowledge.txt,6,https://openalex.org/W2971191641,https://doi.org/10.1021/acs.accounts.9b00355,2019,Molecular Engineering of Hydroxide Conducting Polymers for Anion Exchange Membranes in Electrochemical Energy Conversion Technology
snapshot_1,Topic_anion_engineering_2011-2020_Knowledge.txt,7,https://openalex.org/W3013728888,https://doi.org/10.1126/science.aba3433,2020,"Efficient, stable silicon tandem cells enabled by anion-engineered wide-bandgap perovskites"
snapshot_1,Topic_anion_engineering_2011-2020_Knowledge.txt,8,https://openalex.org/W2599134627,https://doi.org/10.1021/acsnano.7b00144,2017,Strain Engineering for Anion Arrangement in Perovskite Oxynitrides
snapshot_1,Topic_anion_engineering_2011-2020_Knowledge.txt,9,https://openalex.org/W2922126325,https://doi.org/10.1002/adma.201805295,2019,Heteroanionic Materials by Design: Progress Toward Targeted Properties
snapshot_1,Topic_anion_engineering_2011-2020_Knowledge.txt,10,https://openalex.org/W2104116731,https://doi.org/10.1002/cssc.201402275,2014,Engineering the Electrochemical Capacitive Properties of Graphene Sheets in Ionic‐Liquid Electrolytes by Correct Selection of Anions
snapshot_1,Topic_anion_engineering_2011-2020_Knowledge.txt,11,https://openalex.org/W2795595491,https://doi.org/10.1146/annurev-matsci-070317-124415,2018,Property Engineering in Perovskites via Modification of Anion Chemistry
snapshot_1,Topic_anion_engineering_2011-2020_Knowledge.txt,12,https://openalex.org/W3021154722,https://doi.org/10.1002/smll.202001571,2020,Engineering of Electronic States on Co<sub>3</sub>O<sub>4</sub> Ultrathin Nanosheets by Cation Substitution and Anion Vacancies for Oxygen Evolution Reaction
snapshot_1,Topic_anion_engineering_2011-2020_Knowledge.txt,13,https://openalex.org/W2989774458,https://doi.org/10.1088/1361-6463/ab5908,2019,Tailoring of nitrogen-vacancy colour centers in diamond epilayers by <i>in situ</i> sulfur and nitrogen anion engineering
snapshot_1,Topic_anion_engineering_2011-2020_Knowledge.txt,14,https://openalex.org/W3112243645,https://doi.org/10.1002/cnma.202000550,2020,Anion Vacancy Engineering in Electrocatalytic Water Splitting
snapshot_1,Topic_anion_engineering_2011-2020_Knowledge.txt,15,https://openalex.org/W2889880524,https://doi.org/10.1002/anie.201809220,2018,Dynamic Migration of Surface Fluorine Anions on Cobalt‐Based Materials to Achieve Enhanced Oxygen Evolution Catalysis
snapshot_1,Topic_anion_engineering_2011-2020_Knowledge.txt,16,https://openalex.org/W2576870385,https://doi.org/10.1002/chem.201605440,2017,Anion‐Templated Nanosized Silver Alkynyl Clusters: Cluster Engineering and Solution Behavior
snapshot_1,Topic_anion_engineering_2011-2020_Knowledge.txt,17,https://openalex.org/W3038233846,https://doi.org/10.7936/n267-8938,2020,First-principles Studies of Anion Engineering in Functional Ceramics
snapshot_1,Topic_anion_engineering_2011-2020_Knowledge.txt,18,https://openalex.org/W2783530174,https://doi.org/10.1039/c7ra12058c,2018,Band gap engineering of SnS<sub>2</sub> nanosheets by anion–anion codoping for visible-light photocatalysis
snapshot_1,Topic_anion_engineering_2011-2020_Knowledge.txt,19,https://openalex.org/W2809850739,https://doi.org/10.1021/acsami.8b04113,2018,"Fine Tuning of Emission Behavior, Self-Assembly, Anion Sensing, and Mitochondria Targeting of Pyridinium-Functionalized Tetraphenylethene by Alkyl Chain Engineering"
snapshot_1,Topic_anion_engineering_2011-2020_Knowledge.txt,20,https://openalex.org/W2984364441,https://doi.org/10.1021/acsenergylett.9b02316,2019,Fluorine-Anion-Modulated Electron Structure of Nickel Sulfide Nanosheet Arrays for Alkaline Hydrogen Evolution
snapshot_1,Topic_anion_engineering_2011-2020_Knowledge.txt,21,https://openalex.org/W2587510558,https://doi.org/10.1021/acs.cgd.6b01698,2017,Pharmaceutical Crystal Engineering Using Ionic Liquid Anion–Solute Interactions
snapshot_1,Topic_anion_engineering_2011-2020_Knowledge.txt,22,https://openalex.org/W2317664289,https://doi.org/10.1021/cg401261z,2013,Crystal Engineering of Acentric Styryl Quinolinium Crystals with Strongly Hydrogen-Bonded Phenolic Anions
snapshot_1,Topic_anion_engineering_2011-2020_Knowledge.txt,23,https://openalex.org/W2326308230,https://doi.org/10.1021/cm301734b,2012,Engineering Porosity into Single-Crystal Colloidal Nanosheets Using Epitaxial Nucleation and Chalcogenide Anion Exchange Reactions: The Conversion of SnSe to SnTe
snapshot_1,Topic_anion_engineering_2011-2020_Knowledge.txt,24,https://openalex.org/W2141471401,https://doi.org/10.1039/c0cs00221f,2011,Organic fluorine compounds: a great opportunity for enhanced materials properties
snapshot_1,Topic_anion_engineering_2011-2020_Knowledge.txt,25,https://openalex.org/W2552524351,https://doi.org/10.1039/c6qi00477f,2016,Anion-driven tetrel bond-induced engineering of lead(<scp>ii</scp>) architectures with N′-(1-(2-pyridyl)ethylidene)nicotinohydrazide: experimental and theoretical findings
snapshot_1,Topic_anion_engineering_2011-2020_Knowledge.txt,26,https://openalex.org/W3025290780,https://doi.org/10.1039/d0ce00576b,2020,Tetrachloroplatinate(<scp>ii</scp>) anion as a square-planar tecton for crystal engineering involving halogen bonding
snapshot_1,Topic_anion_engineering_2011-2020_Knowledge.txt,27,https://openalex.org/W3013711244,https://doi.org/10.1039/d0ce00241k,2020,Anion templated crystal engineering of halogen bonding tripodal tris(halopyridinium) compounds
snapshot_1,Topic_anion_engineering_2011-2020_Knowledge.txt,28,https://openalex.org/W3025855502,https://doi.org/10.1021/acsami.0c04315,2020,Engineering of Electron Extraction and Defect Passivation via Anion-Doped Conductive Fullerene Derivatives as Interlayers for Efficient Invert Perovskite Solar Cells
snapshot_1,Topic_anion_engineering_2011-2020_Knowledge.txt,29,https://openalex.org/W1970627965,https://doi.org/10.1002/cphc.201301059,2014,Band‐Structure Engineering of ZnO by Anion–Cation Co‐Doping for Enhanced Photo‐Electrochemical Activity
snapshot_1,Topic_anion_engineering_2011-2020_Knowledge.txt,30,https://openalex.org/W2073227333,https://doi.org/10.1002/ejic.201201065,2012,Sulfite Anions as Structure‐Directing Templates for the Engineering of Modular Polyoxometalates
snapshot_1,Topic_anion_engineering_2011-2020_Knowledge.txt,31,https://openalex.org/W3089077108,https://doi.org/10.1002/anie.202011482,2020,Regulating Interfacial Chemistry in Lithium‐Ion Batteries by a Weakly Solvating Electrolyte**
snapshot_1,Topic_anion_engineering_2011-2020_Knowledge.txt,32,https://openalex.org/W2787279029,https://doi.org/10.1039/c7ee03503a,2018,Band engineering of multicomponent semiconductors: a general theoretical model on the anion group
snapshot_1,Topic_anion_engineering_2011-2020_Knowledge.txt,33,https://openalex.org/W2793329709,https://doi.org/10.1021/acsami.7b18750,2018,High Br<sup>–</sup> Content CsPb(Cl<sub><i>y</i></sub>Br<sub>1–<i>y</i></sub>)<sub>3</sub> Perovskite Nanocrystals with Strong Mn<sup>2+</sup> Emission through Diverse Cation/Anion Exchange Engineering
snapshot_1,Topic_anion_engineering_2011-2020_Knowledge.txt,34,https://openalex.org/W2890100083,https://doi.org/10.1002/anie.201809432,2018,Chalcogen Bonding: An Overview
snapshot_1,Topic_anion_engineering_2011-2020_Knowledge.txt,35,https://openalex.org/W2617784531,https://doi.org/10.1021/acs.chemrev.7b00246,2017,Introduction: Ionic Liquids
snapshot_1,Topic_anion_engineering_2011-2020_Knowledge.txt,36,https://openalex.org/W2979544799,https://doi.org/10.1021/acsami.9b11228,2019,"Simultaneously Engineering Electron Conductivity, Site Density and Intrinsic Activity of MoS<sub>2</sub> via the Cation and Anion Codoping Strategy"
snapshot_1,Topic_anion_engineering_2011-2020_Knowledge.txt,37,https://openalex.org/W2221993061,https://doi.org/10.1021/acs.cgd.5b01077,2015,Arene-Perfluoroarene-Anion Stacking and Hydrogen Bonding Interactions in Imidazolium Salts for the Crystal Engineering of Polarity
snapshot_1,Topic_anion_engineering_2011-2020_Knowledge.txt,38,https://openalex.org/W2007791079,https://doi.org/10.1039/c0ce00859a,2011,The azide anion as a building block in crystal engineering from a charge density point of view
snapshot_1,Topic_anion_engineering_2011-2020_Knowledge.txt,39,https://openalex.org/W2912905551,https://doi.org/10.1039/c8ta12477a,2019,Anionic defect engineering of transition metal oxides for oxygen reduction and evolution reactions
snapshot_1,Topic_anion_engineering_2011-2020_Knowledge.txt,40,https://openalex.org/W2725074710,https://doi.org/10.1021/acs.chemrev.7b00072,2017,"Ionic-Liquid-Based CO<sub>2</sub> Capture Systems: Structure, Interaction and Process"
snapshot_1,Topic_anion_engineering_2011-2020_Knowledge.txt,41,https://openalex.org/W2993638938,https://doi.org/10.1063/1.5126930,2019,Large bandgap tunability of GaN/ZnO pseudobinary alloys through combined engineering of anions and cations
snapshot_1,Topic_anion_engineering_2011-2020_Knowledge.txt,42,https://openalex.org/W2593612875,https://doi.org/10.1021/acs.chemrev.6b00594,2017,Are Ionic Liquids Chemically Stable?
snapshot_1,Topic_anion_engineering_2011-2020_Knowledge.txt,43,https://openalex.org/W2992211907,https://doi.org/10.1021/acs.est.9b05569,2019,Selective Phosphate Removal from Water and Wastewater using Sorption: Process Fundamentals and Removal Mechanisms
snapshot_1,Topic_anion_engineering_2011-2020_Knowledge.txt,44,https://openalex.org/W2882972560,https://doi.org/10.1002/adfm.201801983,2018,Surface Defect Engineering in 2D Nanomaterials for Photocatalysis
snapshot_1,Topic_anion_engineering_2011-2020_Knowledge.txt,45,https://openalex.org/W2968806744,https://doi.org/10.1002/adma.201902902,2019,Multifunctional Chemical Linker Imidazoleacetic Acid Hydrochloride for 21% Efficient and Stable Planar Perovskite Solar Cells
snapshot_1,Topic_anion_engineering_2011-2020_Knowledge.txt,46,https://openalex.org/W1600341161,N/A,2018,"Modern Ceramic Engineering: Properties, Processing, and Use in Design, Fourth Edition"
snapshot_1,Topic_anion_engineering_2011-2020_Knowledge.txt,47,https://openalex.org/W2091693690,https://doi.org/10.1021/ja400500m,2013,Designing a Deep-Ultraviolet Nonlinear Optical Material with a Large Second Harmonic Generation Response
snapshot_1,Topic_anion_engineering_2011-2020_Knowledge.txt,48,https://openalex.org/W1996902642,https://doi.org/10.1021/ed300220d,2013,Adsorption of Oxy-Anions in the Teaching Laboratory: An Experiment To Study a Fundamental Environmental Engineering Problem
snapshot_1,Topic_anion_engineering_2011-2020_Knowledge.txt,49,https://openalex.org/W2409865121,https://doi.org/10.1039/c6cc03638d,2016,Halogen bonding anion recognition
snapshot_1,Topic_anion_engineering_2011-2020_Knowledge.txt,50,https://openalex.org/W2048514019,https://doi.org/10.1002/ejic.201101144,2012,"“Caging” Anions through Crystal Engineering to Avoid Polymerization: Structural, Conformational and Theoretical Investigations of New Halocadmate [Cd<sub>2</sub>X<sub>7</sub>]<sup>3–</sup> Anions (X = Cl/Br)"
snapshot_1,Topic_anion_engineering_2011-2020_Knowledge.txt,51,https://openalex.org/W2598902218,https://doi.org/10.1021/acs.chemmater.7b00226,2017,Polyanionic Solid-Solution Cathodes for Rechargeable Batteries
snapshot_1,Topic_anion_engineering_2011-2020_Knowledge.txt,52,https://openalex.org/W2742059960,https://doi.org/10.1038/s41467-017-00284-2,2017,Rationalizing the light-induced phase separation of mixed halide organic–inorganic perovskites
snapshot_1,Topic_anion_engineering_2011-2020_Knowledge.txt,53,https://openalex.org/W1992616268,https://doi.org/10.1021/cr400352m,2014,Fluorescence and Colorimetric Chemosensors for Fluoride-Ion Detection
snapshot_1,Topic_anion_engineering_2011-2020_Knowledge.txt,54,https://openalex.org/W3046235282,https://doi.org/10.1016/j.rinp.2020.103284,2020,The impact of anion elements on the engineering of the electronic and optical characteristics of the two dimensional monolayer janus MoSSe for nanoelectronic device applications
snapshot_1,Topic_anion_engineering_2011-2020_Knowledge.txt,55,https://openalex.org/W2328712161,https://doi.org/10.1021/cr2002855,2012,Fluoride in Drinking Water and Defluoridation of Water
snapshot_1,Topic_anion_engineering_2011-2020_Knowledge.txt,56,https://openalex.org/W3083574995,https://doi.org/10.1021/acs.accounts.0c00412,2020,Atomic Insights into the Fundamental Interactions in Lithium Battery Electrolytes
snapshot_1,Topic_anion_engineering_2011-2020_Knowledge.txt,57,https://openalex.org/W2436462323,https://doi.org/10.1021/acsnano.6b02521,2016,Air-Stable n-Doping of WSe<sub>2</sub> by Anion Vacancy Formation with Mild Plasma Treatment
snapshot_1,Topic_anion_engineering_2011-2020_Knowledge.txt,58,https://openalex.org/W2560477826,https://doi.org/10.1021/acscatal.6b03107,2016,"Photoelectrocatalytic Water Splitting: Significance of Cocatalysts, Electrolyte, and Interfaces"
snapshot_1,Topic_anion_engineering_2011-2020_Knowledge.txt,59,https://openalex.org/W2804935284,https://doi.org/10.1002/anie.201805520,2018,Preferential Cation Vacancies in Perovskite Hydroxide for the Oxygen Evolution Reaction
snapshot_1,Topic_anion_engineering_2011-2020_Knowledge.txt,60,https://openalex.org/W1993257206,https://doi.org/10.1126/science.1252367,2014,Structure-Guided Transformation of Channelrhodopsin into a Light-Activated Chloride Channel
snapshot_1,Topic_anion_engineering_2011-2020_Knowledge.txt,61,https://openalex.org/W2975372627,https://doi.org/10.1021/acsnano.9b05865,2019,Anion Vacancies Regulating Endows MoSSe with Fast and Stable Potassium Ion Storage
snapshot_1,Topic_anion_engineering_2011-2020_Knowledge.txt,62,https://openalex.org/W3092418838,https://doi.org/10.1002/sstr.202000067,2020,Defective Structures in Metal Compounds for Energy‐Related Electrocatalysis
snapshot_1,Topic_anion_engineering_2011-2020_Knowledge.txt,63,https://openalex.org/W2793327582,https://doi.org/10.1002/adma.201705713,2018,Toward Superior Capacitive Energy Storage: Recent Advances in Pore Engineering for Dense Electrodes
snapshot_1,Topic_anion_engineering_2011-2020_Knowledge.txt,64,https://openalex.org/W3030292283,https://doi.org/10.1016/j.chempr.2020.05.001,2020,Prospects and Challenges in Anion Recognition and Transport
snapshot_1,Topic_anion_engineering_2011-2020_Knowledge.txt,65,https://openalex.org/W2782395797,https://doi.org/10.1021/jacs.7b10430,2018,Universal Approach toward Hysteresis-Free Perovskite Solar Cell via Defect Engineering
snapshot_1,Topic_anion_engineering_2011-2020_Knowledge.txt,66,https://openalex.org/W2899613603,https://doi.org/10.1002/ente.201800909,2018,Dimethyl Sulfoxide Solvent Engineering for High Quality Cation‐Anion‐Mixed Hybrid and High Efficiency Perovskite Solar Cells
snapshot_1,Topic_anion_engineering_2011-2020_Knowledge.txt,67,https://openalex.org/W2990434638,https://doi.org/10.1002/aenm.201903106,2019,"Research Direction toward Scalable, Stable, and High Efficiency Perovskite Solar Cells"
snapshot_1,Topic_anion_engineering_2011-2020_Knowledge.txt,68,https://openalex.org/W2333840603,https://doi.org/10.1021/jp404619x,2013,Molecular Dynamic Simulations and Vibrational Analysis of an Ionic Liquid Analogue
snapshot_1,Topic_anion_engineering_2011-2020_Knowledge.txt,69,https://openalex.org/W2981908993,https://doi.org/10.1002/adma.201904524,2019,High‐Energy Efficiency Membraneless Flowless Zn–Br Battery: Utilizing the Electrochemical–Chemical Growth of Polybromides
snapshot_1,Topic_anion_engineering_2011-2020_Knowledge.txt,70,https://openalex.org/W2914296188,https://doi.org/10.1002/adfm.201808833,2019,Boosting Photovoltaic Performance for Lead Halide Perovskites Solar Cells with BF<sub>4</sub><sup>−</sup> Anion Substitutions
snapshot_1,Topic_anion_engineering_2011-2020_Knowledge.txt,71,https://openalex.org/W3018843717,https://doi.org/10.1021/acs.nanolett.0c00364,2020,Isolated Ni Atoms Dispersed on Ru Nanosheets: High-Performance Electrocatalysts toward Hydrogen Oxidation Reaction
snapshot_1,Topic_anion_engineering_2011-2020_Knowledge.txt,72,https://openalex.org/W2920810206,https://doi.org/10.1002/aenm.201900228,2019,Synergistic Engineering of Defects and Architecture in Binary Metal Chalcogenide toward Fast and Reliable Lithium–Sulfur Batteries
snapshot_1,Topic_anion_engineering_2011-2020_Knowledge.txt,73,https://openalex.org/W3048747078,https://doi.org/10.1002/adfm.202002057,2020,Molecular Engineering to Boost AIE‐Active Free Radical Photogenerators and Enable High‐Performance Photodynamic Therapy under Hypoxia
snapshot_1,Topic_anion_engineering_2011-2020_Knowledge.txt,74,https://openalex.org/W3006502601,https://doi.org/10.1021/acsenergylett.0c00148,2020,Electrolyte Engineering Enables High Stability and Capacity Alloying Anodes for Sodium and Potassium Ion Batteries
snapshot_1,Topic_anion_engineering_2011-2020_Knowledge.txt,75,https://openalex.org/W2986058888,https://doi.org/10.1002/adma.201904876,2019,Low‐Bandgap Se‐Deficient Antimony Selenide as a Multifunctional Polysulfide Barrier toward High‐Performance Lithium–Sulfur Batteries
snapshot_1,Topic_anion_engineering_2011-2020_Knowledge.txt,76,https://openalex.org/W2983910726,https://doi.org/10.1016/j.ccr.2019.213084,2019,Chalcogen bonding in crystalline diselenides and selenocyanates: From molecules of pharmaceutical interest to conducting materials
snapshot_1,Topic_anion_engineering_2011-2020_Knowledge.txt,77,https://openalex.org/W2031372108,https://doi.org/10.1021/ja507506c,2014,A G<sub>4</sub>·K<sup>+</sup> Hydrogel Stabilized by an Anion
snapshot_1,Topic_anion_engineering_2011-2020_Knowledge.txt,78,https://openalex.org/W3010130011,https://doi.org/10.1021/acs.chemmater.9b04995,2020,Correlating the Composition-Dependent Structural and Electronic Dynamics of Inorganic Mixed Halide Perovskites
snapshot_1,Topic_anion_engineering_2011-2020_Knowledge.txt,79,https://openalex.org/W2783670294,https://doi.org/10.1002/aenm.201702744,2018,The Synergistic Effect of Cation and Anion of an Ionic Liquid Additive for Lithium Metal Anodes
snapshot_1,Topic_anion_engineering_2011-2020_Knowledge.txt,80,https://openalex.org/W2977385757,https://doi.org/10.1002/cctc.201901579,2019,Defects Engineering in Photocatalytic Water Splitting Materials
snapshot_1,Topic_anion_engineering_2011-2020_Knowledge.txt,81,https://openalex.org/W2899786547,https://doi.org/10.1073/pnas.1812718115,2018,Intrinsic anion diffusivity in lead halide perovskites is facilitated by a soft lattice
snapshot_1,Topic_anion_engineering_2011-2020_Knowledge.txt,82,https://openalex.org/W2968904011,https://doi.org/10.1021/acsenergylett.9b01573,2019,Electrochemical Nitrogen Reduction: Identification and Elimination of Contamination in Electrolyte
snapshot_1,Topic_anion_engineering_2011-2020_Knowledge.txt,83,https://openalex.org/W3115326216,https://doi.org/10.1002/aenm.202003023,2020,Elevating the d‐Band Center of Six‐Coordinated Octahedrons in Co<sub>9</sub>S<sub>8</sub> through Fe‐Incorporated Topochemical Deintercalation
snapshot_1,Topic_anion_engineering_2011-2020_Knowledge.txt,84,https://openalex.org/W2586224068,https://doi.org/10.1021/jacs.6b11431,2017,Synthetic Control of Exciton Behavior in Colloidal Quantum Dots
snapshot_1,Topic_anion_engineering_2011-2020_Knowledge.txt,85,https://openalex.org/W4248381872,https://doi.org/10.1002/ange.201809220,2018,Dynamic Migration of Surface Fluorine Anions on Cobalt‐Based Materials to Achieve Enhanced Oxygen Evolution Catalysis
snapshot_1,Topic_anion_engineering_2011-2020_Knowledge.txt,86,https://openalex.org/W2897620451,https://doi.org/10.1021/acssuschemeng.8b04397,2018,Defect Engineering of Cobalt-Based Materials for Electrocatalytic Water Splitting
snapshot_1,Topic_anion_engineering_2011-2020_Knowledge.txt,87,https://openalex.org/W3082705362,https://doi.org/10.1002/aenm.202001986,2020,Achieving High‐Performance and 2000 h Stability in Anion Exchange Membrane Fuel Cells by Manipulating Ionomer Properties and Electrode Optimization
snapshot_1,Topic_anion_engineering_2011-2020_Knowledge.txt,88,https://openalex.org/W2807471255,https://doi.org/10.1007/s40192-018-0108-9,2018,Machine Learning Prediction of Heat Capacity for Solid Inorganics
snapshot_1,Topic_anion_engineering_2011-2020_Knowledge.txt,89,https://openalex.org/W2957469375,https://doi.org/10.1021/acs.accounts.9b00189,2019,Hydrogen Bond Enhanced Halogen Bonds: A Synergistic Interaction in Chemistry and Biochemistry
snapshot_1,Topic_anion_engineering_2011-2020_Knowledge.txt,90,https://openalex.org/W2573377826,https://doi.org/10.1126/science.aad4998,2017,Combining theory and experiment in electrocatalysis: Insights into materials design
snapshot_1,Topic_anion_engineering_2011-2020_Knowledge.txt,91,https://openalex.org/W2343367917,https://doi.org/10.1021/acs.chemmater.6b01035,2016,Structure and Dopant Engineering in PEDOT Thin Films: Practical Tools for a Dramatic Conductivity Enhancement
snapshot_1,Topic_anion_engineering_2011-2020_Knowledge.txt,92,https://openalex.org/W2800683926,https://doi.org/10.1002/aenm.201800138,2018,Exploring Inorganic Binary Alkaline Halide to Passivate Defects in Low‐Temperature‐Processed Planar‐Structure Hybrid Perovskite Solar Cells
snapshot_1,Topic_anion_engineering_2011-2020_Knowledge.txt,93,https://openalex.org/W2566541619,https://doi.org/10.1021/acsenergylett.6b00620,2016,Understanding Ionic Conductivity Trends in Polyborane Solid Electrolytes from Ab Initio Molecular Dynamics
snapshot_1,Topic_anion_engineering_2011-2020_Knowledge.txt,94,https://openalex.org/W2233368967,https://doi.org/10.1021/acs.iecr.5b03347,2016,"Fatty-Acid-Constituted Halogen-Free Ionic Liquids as Renewable, Environmentally Friendly, and High-Performance Lubricant Additives"
snapshot_1,Topic_anion_engineering_2011-2020_Knowledge.txt,95,https://openalex.org/W3027733911,https://doi.org/10.1039/d0ra02394a,2020,Recent progress in chemosensors based on pyrazole derivatives
snapshot_1,Topic_anion_engineering_2011-2020_Knowledge.txt,96,https://openalex.org/W4241419623,https://doi.org/10.1002/ange.202011482,2020,Regulating Interfacial Chemistry in Lithium‐Ion Batteries by a Weakly Solvating Electrolyte**
snapshot_1,Topic_anion_engineering_2011-2020_Knowledge.txt,97,https://openalex.org/W2810625142,https://doi.org/10.1088/1361-648x/aac62d,2018,Current computational trends in polyanionic cathode materials for Li and Na batteries
snapshot_1,Topic_anion_engineering_2011-2020_Knowledge.txt,98,https://openalex.org/W2751660491,https://doi.org/10.3390/catal7090260,2017,Polyoxometalate (POM)-Layered Double Hydroxides (LDH) Composite Materials: Design and Catalytic Applications
snapshot_1,Topic_anion_engineering_2011-2020_Knowledge.txt,99,https://openalex.org/W2902135449,https://doi.org/10.1021/jacs.8b11485,2018,Pb<sub>2</sub>GaF<sub>2</sub>(SeO<sub>3</sub>)<sub>2</sub>Cl: Band Engineering Strategy by Aliovalent Substitution for Enlarging Bandgap while Keeping Strong Second Harmonic Generation Response
snapshot_1,Topic_anion_engineering_2011-2020_Knowledge.txt,100,https://openalex.org/W3084230050,https://doi.org/10.1002/adfm.202004748,2020,Challenges and Strategies to Advance High‐Energy Nickel‐Rich Layered Lithium Transition Metal Oxide Cathodes for Harsh Operation
snapshot_1,Topic_anion_engineering_2011-2020_Knowledge.txt,101,https://openalex.org/W3042145161,https://doi.org/10.1088/1361-6528/abd1a8,2020,Radical anion functionalization of two-dimensional materials as a means of engineering simultaneously high electronic and ionic conductivity solids
snapshot_1,Topic_anion_engineering_2011-2020_Knowledge.txt,102,https://openalex.org/W2962556996,https://doi.org/10.1021/acs.chemmater.9b01263,2019,Influence of the Interlayer Space on the Water Oxidation Performance in a Family of Surfactant-Intercalated NiFe-Layered Double Hydroxides
snapshot_1,Topic_anion_engineering_2011-2020_Knowledge.txt,103,https://openalex.org/W2952453853,https://doi.org/10.1021/cm202870q,2011,"Molecular Engineering Design to Resolve the Layering Habit and Polymorphism Problems in Deep UV NLO Crystals: New Structures in MM′Be<sub>2</sub>B<sub>2</sub>O<sub>6</sub>F (M═Na, M′═Ca; M═ K, M′═Ca, Sr)"
snapshot_1,Topic_anion_engineering_2011-2020_Knowledge.txt,104,https://openalex.org/W2910418222,https://doi.org/10.1039/c8nr07337f,2019,Porous liquid zeolites: hydrogen bonding-stabilized H-ZSM-5 in branched ionic liquids
snapshot_1,Topic_anion_engineering_2011-2020_Knowledge.txt,105,https://openalex.org/W1976225950,https://doi.org/10.1002/anie.201307806,2013,Self‐Assembly and (Hydro)gelation Triggered by Cooperative π–π and Unconventional CH⋅⋅⋅X Hydrogen Bonding Interactions
snapshot_1,Topic_anion_engineering_2011-2020_Knowledge.txt,106,https://openalex.org/W3113791980,https://doi.org/10.1002/adfm.202008801,2020,Synergistic Effects of Cation and Anion in an Ionic Imidazolium Tetrafluoroborate Additive for Improving the Efficiency and Stability of Half‐Mixed Pb‐Sn Perovskite Solar Cells
snapshot_1,Topic_anion_engineering_2011-2020_Knowledge.txt,107,https://openalex.org/W2038398681,https://doi.org/10.1021/acsami.5b00758,2015,Tunable Amphiphilicity and Multifunctional Applications of Ionic-Liquid-Modified Carbon Quantum Dots
snapshot_1,Topic_anion_engineering_2011-2020_Knowledge.txt,108,https://openalex.org/W2316152029,https://doi.org/10.1021/jp212522k,2012,Energetic Effects between Halogen Bonds and Anion-π or Lone Pair-π Interactions: A Theoretical Study
snapshot_1,Topic_anion_engineering_2011-2020_Knowledge.txt,109,https://openalex.org/W2909303626,https://doi.org/10.1021/acsami.8b21059,2019,Superlubricity and Antiwear Properties of In Situ-Formed Ionic Liquids at Ceramic Interfaces Induced by Tribochemical Reactions
snapshot_1,Topic_anion_engineering_2011-2020_Knowledge.txt,110,https://openalex.org/W2093433625,https://doi.org/10.1021/mp400571a,2013,Improving Lithium Therapeutics by Crystal Engineering of Novel Ionic Cocrystals
snapshot_1,Topic_anion_engineering_2011-2020_Knowledge.txt,111,https://openalex.org/W2801982767,https://doi.org/10.1021/acsnano.8b01122,2018,Exploration of Near-Infrared-Emissive Colloidal Multinary Lead Halide Perovskite Nanocrystals Using an Automated Microfluidic Platform
snapshot_1,Topic_anion_engineering_2011-2020_Knowledge.txt,112,https://openalex.org/W3006075149,https://doi.org/10.1021/jacs.9b11453,2020,Chiral 2D Organic Inorganic Hybrid Perovskite with Circular Dichroism Tunable Over Wide Wavelength Range
snapshot_1,Topic_anion_engineering_2011-2020_Knowledge.txt,113,https://openalex.org/W2971185778,https://doi.org/10.1002/celc.201901284,2019,Cu<sub>2</sub>O−Cu<sub>2</sub>Se Mixed‐Phase Nanoflake Arrays: pH‐Universal Hydrogen Evolution Reactions with Ultralow Overpotential
snapshot_1,Topic_anion_engineering_2011-2020_Knowledge.txt,114,https://openalex.org/W3103049958,https://doi.org/10.1093/jxb/eraa482,2020,Recent insights into the metabolic adaptations of phosphorus-deprived plants
snapshot_1,Topic_anion_engineering_2011-2020_Knowledge.txt,115,https://openalex.org/W3034387745,https://doi.org/10.1002/adma.201907601,2020,Synthesis of Ionic Ultramicroporous Polymers for Selective Separation of Acetylene from Ethylene
snapshot_1,Topic_anion_engineering_2011-2020_Knowledge.txt,116,https://openalex.org/W2328728098,https://doi.org/10.1021/ic500518a,2014,Band Gap Engineering of ZnO using Core/Shell Morphology with Environmentally Benign Ag<sub>2</sub>S Sensitizer for Efficient Light Harvesting and Enhanced Visible-Light Photocatalysis
snapshot_1,Topic_anion_engineering_2011-2020_Knowledge.txt,117,https://openalex.org/W2907868307,https://doi.org/10.1039/c8nr07863g,2019,Tough and electro-responsive hydrogel actuators with bidirectional bending behavior
snapshot_1,Topic_anion_engineering_2011-2020_Knowledge.txt,118,https://openalex.org/W2799325602,https://doi.org/10.1021/acs.chemmater.8b01336,2018,Structural Diversity from Anion Order in Heteroanionic Materials
snapshot_1,Topic_anion_engineering_2011-2020_Knowledge.txt,119,https://openalex.org/W3092250385,https://doi.org/10.1039/d0cc05084a,2020,Emerging interfacial chemistry of graphite anodes in lithium-ion batteries
snapshot_1,Topic_anion_engineering_2011-2020_Knowledge.txt,120,https://openalex.org/W2734451898,https://doi.org/10.1002/adma.201702526,2017,Defect Engineering of Chalcogen‐Tailored Oxygen Electrocatalysts for Rechargeable Quasi‐Solid‐State Zinc–Air Batteries
snapshot_1,Topic_anion_engineering_2011-2020_Knowledge.txt,121,https://openalex.org/W3035862604,https://doi.org/10.1021/acsmaterialslett.0c00174,2020,Supramolecular Approach for Fine-Tuning of the Bright Luminescence from Zero-Dimensional Antimony(III) Halides
snapshot_1,Topic_anion_engineering_2011-2020_Knowledge.txt,122,https://openalex.org/W2769582657,https://doi.org/10.3390/ma10121360,2017,"Four Novel Zn (II) Coordination Polymers Based on 4′-Ferrocenyl-3,2′:6′,3′′-Terpyridine: Engineering a Switch from 1D Helical Polymer Chain to 2D Network by Coordination Anion Modulation"
snapshot_1,Topic_anion_engineering_2011-2020_Knowledge.txt,123,https://openalex.org/W3095715499,https://doi.org/10.1002/adfm.202007358,2020,Interlayer Chemistry of Layered Electrode Materials in Energy Storage Devices
snapshot_1,Topic_anion_engineering_2011-2020_Knowledge.txt,124,https://openalex.org/W3047984895,https://doi.org/10.1002/eem2.12118,2020,Blade‐coating Perovskite Films with Diverse Compositions for Efficient Photovoltaics
snapshot_1,Topic_anion_engineering_2011-2020_Knowledge.txt,125,https://openalex.org/W3007413042,https://doi.org/10.1002/celc.202000089,2020,System Design Rules for Intensifying the Electrochemical Reduction of CO<sub>2</sub> to CO on Ag Nanoparticles
snapshot_1,Topic_anion_engineering_2011-2020_Knowledge.txt,126,https://openalex.org/W3080351013,https://doi.org/10.1038/s41467-020-18030-6,2020,Probing consequences of anion-dictated electrochemistry on the electrode/monolayer/electrolyte interfacial properties
snapshot_1,Topic_anion_engineering_2011-2020_Knowledge.txt,127,https://openalex.org/W2334873689,https://doi.org/10.1021/ar5000133,2014,Self-Assemblies Based on the “Outer-Surface Interactions” of Cucurbit[<i>n</i>]urils: New Opportunities for Supramolecular Architectures and Materials
snapshot_1,Topic_anion_engineering_2011-2020_Knowledge.txt,128,https://openalex.org/W3018906970,https://doi.org/10.1016/j.gee.2020.04.009,2020,High CO2 absorption capacity of metal-based ionic liquids: A molecular dynamics study
snapshot_1,Topic_anion_engineering_2011-2020_Knowledge.txt,129,https://openalex.org/W2914438396,https://doi.org/10.1107/s2052252519000186,2019,Towards understanding π-stacking interactions between non-aromatic rings
snapshot_1,Topic_anion_engineering_2011-2020_Knowledge.txt,130,https://openalex.org/W1902389382,https://doi.org/10.1002/bit.25216,2014,Charge engineering of cellulases improves ionic liquid tolerance and reduces lignin inhibition
snapshot_1,Topic_anion_engineering_2011-2020_Knowledge.txt,131,https://openalex.org/W2789798413,https://doi.org/10.1021/acs.nanolett.7b04729,2018,Tuning Electron–Phonon Interactions in Nanocrystals through Surface Termination
snapshot_1,Topic_anion_engineering_2011-2020_Knowledge.txt,132,https://openalex.org/W3005388287,https://doi.org/10.1002/cnma.201900703,2020,Defect Engineering for Photocatalysis: From Ternary to Perovskite Oxynitrides
snapshot_1,Topic_anion_engineering_2011-2020_Knowledge.txt,133,https://openalex.org/W3117096353,https://doi.org/10.1021/acsenergylett.0c02461,2020,Evoking High-Donor-Number-Assisted and Organosulfur-Mediated Conversion in Lithium–Sulfur Batteries
snapshot_1,Topic_anion_engineering_2011-2020_Knowledge.txt,134,https://openalex.org/W2997066866,https://doi.org/10.4236/oalib.1106020,2020,Electrochemical Technology for Wastewater Treatment: Dares and Trends
snapshot_1,Topic_anion_engineering_2011-2020_Knowledge.txt,135,https://openalex.org/W2883274631,https://doi.org/10.1021/acsnano.8b04614,2018,Significantly Improving Lithium-Ion Transport via Conjugated Anion Intercalation in Inorganic Layered Hosts
snapshot_1,Topic_anion_engineering_2011-2020_Knowledge.txt,136,https://openalex.org/W2333471451,https://doi.org/10.1021/ar200143n,2011,Supramolecular Networking of Macrocycles Based on Exo-Coordination: From Discrete to Continuous Frameworks
snapshot_1,Topic_anion_engineering_2011-2020_Knowledge.txt,137,https://openalex.org/W2294981815,https://doi.org/10.1103/physrevlett.115.126806,2015,Alloy Engineering of Defect Properties in Semiconductors: Suppression of Deep Levels in Transition-Metal Dichalcogenides
snapshot_1,Topic_anion_engineering_2011-2020_Knowledge.txt,138,https://openalex.org/W2765833471,https://doi.org/10.1002/adma.201703909,2017,Engineering 2D Nanofluidic Li‐Ion Transport Channels for Superior Electrochemical Energy Storage
snapshot_1,Topic_anion_engineering_2011-2020_Knowledge.txt,139,https://openalex.org/W2929933398,https://doi.org/10.1002/bit.26981,2019,Enhancing 5‐aminolevulinic acid tolerance and production by engineering the antioxidant defense system of <i>Escherichia coli</i>
snapshot_1,Topic_anion_engineering_2011-2020_Knowledge.txt,140,https://openalex.org/W3033717042,https://doi.org/10.1021/acs.chemmater.0c02011,2020,Partial Isovalent Anion Substitution to Access Remarkable Second-Harmonic Generation Response: A Generic and Effective Strategy for Design of Infrared Nonlinear Optical Materials
snapshot_1,Topic_anion_engineering_2011-2020_Knowledge.txt,141,https://openalex.org/W2137744906,https://doi.org/10.1002/pola.26326,2012,"Main‐chain 1,2,3‐triazolium‐based poly(ionic liquid)s issued from AB + AB click chemistry polyaddition"
snapshot_1,Topic_anion_engineering_2011-2020_Knowledge.txt,142,https://openalex.org/W2810752705,https://doi.org/10.1039/c8nr04402c,2018,Rapid cationic defect and anion dual-regulated layered double hydroxides for efficient water oxidation
snapshot_1,Topic_anion_engineering_2011-2020_Knowledge.txt,143,https://openalex.org/W2950502829,https://doi.org/10.1038/s41598-017-14330-y,2017,Anion-conducting channelrhodopsins with tuned spectra and modified kinetics engineered for optogenetic manipulation of behavior
snapshot_1,Topic_anion_engineering_2011-2020_Knowledge.txt,144,https://openalex.org/W2750314470,https://doi.org/10.1039/c7sc02691a,2017,What is the fundamental ion-specific series for anions and cations? Ion specificity in standard partial molar volumes of electrolytes and electrostriction in water and non-aqueous solvents
snapshot_1,Topic_anion_engineering_2011-2020_Knowledge.txt,145,https://openalex.org/W2331262317,https://doi.org/10.1021/sc500493d,2014,Synergistic Effect between Bifunctional Ionic Liquids and a Molecular Extractant for Lanthanide Separation
snapshot_1,Topic_anion_engineering_2011-2020_Knowledge.txt,146,https://openalex.org/W3107337429,https://doi.org/10.1002/smll.202005226,2020,Precise Phase Control of Large‐Scale Inorganic Perovskites via Vapor‐Phase Anion‐Exchange Strategy
snapshot_1,Topic_anion_engineering_2011-2020_Knowledge.txt,147,https://openalex.org/W1579921232,https://doi.org/10.1021/cr300095f,2015,"Genotoxic Impurities in Pharmaceutical Manufacturing: Sources, Regulations, and Mitigation"
snapshot_1,Topic_anion_engineering_2011-2020_Knowledge.txt,148,https://openalex.org/W2332822247,https://doi.org/10.1021/la500030k,2014,"Anion-Based pH Responsive Ionic Liquids: Design, Synthesis, and Reversible Self-Assembling Structural Changes in Aqueous Solution"
snapshot_1,Topic_anion_engineering_2011-2020_Knowledge.txt,149,https://openalex.org/W2144475312,https://doi.org/10.1002/aenm.201501292,2015,Radical Cation–Anion Coupling‐Induced Work Function Tunability in Anionic Conjugated Polyelectrolytes
snapshot_1,Topic_anion_engineering_2011-2020_Knowledge.txt,150,https://openalex.org/W3025941902,https://doi.org/10.1002/smll.202001534,2020,Sensitive and Stable Tin–Lead Hybrid Perovskite Photodetectors Enabled by Double‐Sided Surface Passivation for Infrared Upconversion Detection
snapshot_1,Topic_anion_engineering_2011-2020_Knowledge.txt,151,https://openalex.org/W2117177245,https://doi.org/10.1002/cssc.201402974,2014,Back Cover: Engineering the Electrochemical Capacitive Properties of Graphene Sheets in Ionic‐Liquid Electrolytes by Correct Selection of Anions (ChemSusChem 11/2014)
snapshot_1,Topic_anion_engineering_2011-2020_Knowledge.txt,152,https://openalex.org/W3017355519,https://doi.org/10.1063/5.0005648,2020,Strain-tunable III-nitride/ZnO heterostructures for photocatalytic water-splitting: A hybrid functional calculation
snapshot_1,Topic_anion_engineering_2011-2020_Knowledge.txt,153,https://openalex.org/W3048264614,https://doi.org/10.1093/nsr/nwaa170,2020,Halogen bonding in the co-crystallization of potentially ditopic diiodotetrafluorobenzene: a powerful tool for constructing multicomponent supramolecular assemblies
snapshot_1,Topic_anion_engineering_2011-2020_Knowledge.txt,154,https://openalex.org/W3017454980,https://doi.org/10.1002/adfm.201910539,2020,Engineering Facets and Oxygen Vacancies over Hematite Single Crystal for Intensified Electrocatalytic H<sub>2</sub>O<sub>2</sub> Production
snapshot_1,Topic_anion_engineering_2011-2020_Knowledge.txt,155,https://openalex.org/W2326894357,https://doi.org/10.1002/qua.25109,2016,Functional molecules and materials by π‐Interaction based quantum theoretical design
snapshot_1,Topic_anion_engineering_2011-2020_Knowledge.txt,156,https://openalex.org/W2898764137,https://doi.org/10.1088/2053-1591/aaed7e,2018,Evolution of magnetic properties in F-doped brownmillerite Ca<sub>2</sub>Fe<sub>2</sub>O<sub>5</sub>
snapshot_1,Topic_anion_engineering_2011-2020_Knowledge.txt,157,https://openalex.org/W2763855430,https://doi.org/10.1038/s41529-017-0016-z,2017,Interphase engineering of reactive metal surfaces using ionic liquids and deep eutectic solvents—from corrosion control to next-generation batteries
snapshot_1,Topic_anion_engineering_2011-2020_Knowledge.txt,158,https://openalex.org/W2336972286,https://doi.org/10.1021/acs.bioconjchem.6b00133,2016,One-Step Conjugation Method for Site-Specific Antibody–Drug Conjugates through Reactive Cysteine-Engineered Antibodies
snapshot_1,Topic_anion_engineering_2011-2020_Knowledge.txt,159,https://openalex.org/W2010399008,https://doi.org/10.1371/journal.pone.0047938,2012,Flexibility of the N-Terminal mVDAC1 Segment Controls the Channel’s Gating Behavior
snapshot_1,Topic_anion_engineering_2011-2020_Knowledge.txt,160,https://openalex.org/W2753807648,https://doi.org/10.1002/adma.201703123,2017,Half‐Metallic Behavior in 2D Transition Metal Dichalcogenides Nanosheets by Dual‐Native‐Defects Engineering
snapshot_1,Topic_anion_engineering_2011-2020_Knowledge.txt,161,https://openalex.org/W2100317423,https://doi.org/10.1039/c2ce25893e,2012,Temperature induced reversible structural and magnetic changes in a crystal of tetrachlorosemiquinone anion radical
snapshot_1,Topic_anion_engineering_2011-2020_Knowledge.txt,162,https://openalex.org/W2102005699,https://doi.org/10.1074/jbc.m111.316729,2012,"LHCBM1 and LHCBM2/7 Polypeptides, Components of Major LHCII Complex, Have Distinct Functional Roles in Photosynthetic Antenna System of Chlamydomonas reinhardtii"
snapshot_1,Topic_anion_engineering_2011-2020_Knowledge.txt,163,https://openalex.org/W2594603313,https://doi.org/10.1002/adfm.201605583,2017,Terahertz Phonon Mode Engineering of Highly Efficient Organic Terahertz Generators
snapshot_1,Topic_anion_engineering_2011-2020_Knowledge.txt,164,https://openalex.org/W2003154813,https://doi.org/10.1007/s12274-014-0441-z,2014,Presentation matters: Identity of gold nanocluster capping agent governs intracellular uptake and cell metabolism
snapshot_1,Topic_anion_engineering_2011-2020_Knowledge.txt,165,https://openalex.org/W2945042564,https://doi.org/10.1002/aenm.201803754,2019,"Polyelemental, Multicomponent Perovskite Semiconductor Libraries through Combinatorial Screening"
snapshot_1,Topic_anion_engineering_2011-2020_Knowledge.txt,166,https://openalex.org/W2675980929,https://doi.org/10.1021/jacs.7b03856,2017,Citric Acid Modulated Growth of Oriented Lead Perovskite Crystals for Efficient Solar Cells
snapshot_1,Topic_anion_engineering_2011-2020_Knowledge.txt,167,https://openalex.org/W2890614505,https://doi.org/10.1021/acs.chemmater.8b03444,2018,Telluride-Based Atomically Thin Layers of Ternary Two-Dimensional Transition Metal Dichalcogenide Alloys
snapshot_1,Topic_anion_engineering_2011-2020_Knowledge.txt,168,https://openalex.org/W2041493424,https://doi.org/10.1155/2012/217037,2012,"Reactive Oxygen Species, Oxidative Damage, and Antioxidative Defense Mechanism in Plants under Stressful Conditions"
snapshot_1,Topic_anion_engineering_2011-2020_Knowledge.txt,169,https://openalex.org/W2027687039,https://doi.org/10.1021/cg300649e,2012,Cu<sup>II</sup> Coordination Polymers Capable of Gelation and Selective SO<sub>4</sub><sup>–2</sup> Separation
snapshot_1,Topic_anion_engineering_2011-2020_Knowledge.txt,170,https://openalex.org/W2912018790,https://doi.org/10.1021/jacs.8b08488,2019,Drastically Reduced Ion Mobility in a Nanopore Due to Enhanced Pairing and Collisions between Dehydrated Ions
snapshot_1,Topic_anion_engineering_2011-2020_Knowledge.txt,171,https://openalex.org/W2341536789,https://doi.org/10.1021/acs.cgd.5b00628,2015,Hydrogen Bond Hierarchy: Persistent Phenol···Chloride Hydrogen Bonds in the Presence of Carboxylic Acid Moieties
snapshot_1,Topic_anion_engineering_2011-2020_Knowledge.txt,172,https://openalex.org/W2332976160,https://doi.org/10.1021/je301183r,2013,Thermal Conductivity of [C<sub>4</sub>mim][(CF<sub>3</sub>SO<sub>2</sub>)<sub>2</sub>N] and [C<sub>2</sub>mim][EtSO<sub>4</sub>] and Their IoNanofluids with Carbon Nanotubes: Experiment and Theory
snapshot_1,Topic_anion_engineering_2011-2020_Knowledge.txt,173,https://openalex.org/W2105492502,https://doi.org/10.1002/jbm.a.35081,2014,Evaluation of the<i>in vitro</i>and<i>in vivo</i>biocompatibility of carrageenan-based hydrogels
snapshot_1,Topic_anion_engineering_2011-2020_Knowledge.txt,174,https://openalex.org/W2317896886,https://doi.org/10.1021/ie400529h,2013,Ionic Liquids as Additives for Extraction of Saponins and Polyphenols from Mate (Ilex paraguariensis) and Tea (Camellia sinensis)
snapshot_1,Topic_anion_engineering_2011-2020_Knowledge.txt,175,https://openalex.org/W2094650374,https://doi.org/10.1002/asia.201403392,2015,"Crystal Engineering with the New Linker Tolanedisulfonic Acid (H <sub>2</sub> TDS): Helical Chains in Zn(TDS)(DMA) <sub>3</sub> , Linear Chains in Zn(TDS)(NMP) <sub>3</sub> , and Complex Anions in [HDMA] <sub>2</sub> [Zn(TDS) <sub>2</sub> (DMA) <sub>3</sub> ](DMA) <sub>2</sub>"
snapshot_1,Topic_anion_engineering_2011-2020_Knowledge.txt,176,https://openalex.org/W2024708633,https://doi.org/10.1021/jp111593x,2011,Chemically Modulating the Photophysics of the GFP Chromophore
snapshot_1,Topic_anion_engineering_2011-2020_Knowledge.txt,177,https://openalex.org/W2111552259,https://doi.org/10.1002/cssc.201300941,2013,Engineering the TiO<sub>2</sub>–Graphene Interface to Enhance Photocatalytic H<sub>2</sub> Production
snapshot_1,Topic_anion_engineering_2011-2020_Knowledge.txt,178,https://openalex.org/W2979397404,https://doi.org/10.1002/anie.201910603,2019,"Ion‐Specific Assembly of Strong, Tough, and Stiff Biofibers"
snapshot_1,Topic_anion_engineering_2011-2020_Knowledge.txt,179,https://openalex.org/W3085018162,https://doi.org/10.1002/aelm.202000604,2020,Small Molecule Modulator at the Interface for Efficient Perovskite Solar Cells with High Short‐Circuit Current Density and Hysteresis Free
snapshot_1,Topic_anion_engineering_2011-2020_Knowledge.txt,180,https://openalex.org/W1824897516,https://doi.org/10.1002/apj.1812,2014,Effects of acid treatments on bamboo cellulose nanocrystals
snapshot_1,Topic_anion_engineering_2011-2020_Knowledge.txt,181,https://openalex.org/W2999460877,https://doi.org/10.1002/adfm.201909738,2020,Engineering of the Electron Transport Layer/Perovskite Interface in Solar Cells Designed on TiO<sub>2</sub> Rutile Nanorods
snapshot_1,Topic_anion_engineering_2011-2020_Knowledge.txt,182,https://openalex.org/W2548677820,https://doi.org/10.1002/chem.201604065,2016,"Defect Engineering, Electronic Structure, and Catalytic Properties of Perovskite Oxide La<sub>0.5</sub>Sr<sub>0.5</sub>CoO<sub>3−<i>δ</i></sub>"
snapshot_1,Topic_anion_engineering_2011-2020_Knowledge.txt,183,https://openalex.org/W2967285703,https://doi.org/10.1002/anie.201907929,2019,Conformational Re‐engineering of Porphyrins as Receptors with Switchable N−H⋅⋅⋅X‐Type Binding Modes
snapshot_1,Topic_anion_engineering_2011-2020_Knowledge.txt,184,https://openalex.org/W1483718075,https://doi.org/10.5772/52595,2013,Tribological Properties of Ionic Liquids
snapshot_1,Topic_anion_engineering_2011-2020_Knowledge.txt,185,https://openalex.org/W2788518890,https://doi.org/10.1063/1.5011378,2018,Alloying effects on superionic conductivity in lithium indium halides for all-solid-state batteries
snapshot_1,Topic_anion_engineering_2011-2020_Knowledge.txt,186,https://openalex.org/W2014069313,https://doi.org/10.1016/j.apt.2014.06.004,2014,Effects of monovalent anions and cations on drainage and lifetime of foam films at different interface approach speeds
snapshot_1,Topic_anion_engineering_2011-2020_Knowledge.txt,187,https://openalex.org/W2334734575,https://doi.org/10.1021/cb3002792,2012,Catalytic Mechanisms and Biocatalytic Applications of Aspartate and Methylaspartate Ammonia Lyases
snapshot_1,Topic_anion_engineering_2011-2020_Knowledge.txt,188,https://openalex.org/W2564763458,https://doi.org/10.1021/acs.chemmater.6b04360,2016,Strain-Enhanced Oxygen Dynamics and Redox Reversibility in Topotactic SrCoO<sub>3-δ</sub> (0 &lt; δ ≤ 0.5)
snapshot_1,Topic_anion_engineering_2011-2020_Knowledge.txt,189,https://openalex.org/W2913742967,https://doi.org/10.3390/genes10020142,2019,Overexpression of StDREB2 Transcription Factor Enhances Drought Stress Tolerance in Cotton (Gossypium barbadense L.)
snapshot_1,Topic_anion_engineering_2011-2020_Knowledge.txt,190,https://openalex.org/W3094545767,https://doi.org/10.1021/acsami.0c14595,2020,Compositional Engineering Study of Lead-Free Hybrid Perovskites for Solar Cell Applications
snapshot_1,Topic_anion_engineering_2011-2020_Knowledge.txt,191,https://openalex.org/W2129953476,https://doi.org/10.1080/00319104.2014.880114,2014,Thermochemical investigations of solute transfer into ionic liquid solvents: updated Abraham model equation coefficients for solute activity coefficient and partition coefficient predictions
snapshot_1,Topic_anion_engineering_2011-2020_Knowledge.txt,192,https://openalex.org/W2963689478,https://doi.org/10.1021/acs.jpclett.9b02530,2019,Designing Two-Dimensional Properties in Three-Dimensional Halide Perovskites via Orbital Engineering
snapshot_1,Topic_anion_engineering_2011-2020_Knowledge.txt,193,https://openalex.org/W2947793085,https://doi.org/10.1021/acssuschemeng.9b00752,2019,How To Engineer Ionic Liquids Resistant Enzymes: Insights from Combined Molecular Dynamics and Directed Evolution Study
snapshot_1,Topic_anion_engineering_2011-2020_Knowledge.txt,194,https://openalex.org/W2261135145,https://doi.org/10.1038/ncomms9485,2015,Entropy-stabilized oxides
snapshot_1,Topic_anion_engineering_2011-2020_Knowledge.txt,195,https://openalex.org/W2003870591,https://doi.org/10.1021/cr3003455,2012,Epihalohydrins in Organic Synthesis
snapshot_1,Topic_anion_engineering_2011-2020_Knowledge.txt,196,https://openalex.org/W2169697412,https://doi.org/10.1002/asia.201500565,2015,Nanomembrane Canister Architectures for the Visualization and Filtration of Oxyanion Toxins with One‐Step Processing
snapshot_1,Topic_anion_engineering_2011-2020_Knowledge.txt,197,https://openalex.org/W2324095370,https://doi.org/10.1021/cs500978x,2014,NMR-Guided Rational Engineering of an Ionic-Liquid-Tolerant Lipase
snapshot_1,Topic_anion_engineering_2011-2020_Knowledge.txt,198,https://openalex.org/W3009722102,https://doi.org/10.1039/c9cs00607a,2020,A review on fundamentals for designing oxygen evolution electrocatalysts
snapshot_1,Topic_anion_engineering_2011-2020_Knowledge.txt,199,https://openalex.org/W2768566603,https://doi.org/10.1096/fj.201700767r,2017,Organic anion‐transporting polypeptide 1B3 as a dual reporter gene for fluorescence and magnetic resonance imaging
snapshot_1,Topic_anion_engineering_2011-2020_Knowledge.txt,200,https://openalex.org/W2279789322,https://doi.org/10.1002/open.201500222,2016,"Core‐Substituted Naphthalenediimides: LUMO Levels Revisited, in Comparison with Preylenediimides with Sulfur Redox Switches in the Core"
snapshot_1,Topic_anion_engineering_2011-2020_Knowledge.txt,201,https://openalex.org/W3088971689,https://doi.org/10.1021/acs.cgd.0c00623,2020,Trace Quantity Detection of H<sub>2</sub>PO<sub>4</sub><sup>–</sup> by Fluorescent Metal–Organic Framework (F-MOF) and Bioimaging Study
snapshot_1,Topic_anion_engineering_2011-2020_Knowledge.txt,202,https://openalex.org/W2043103313,https://doi.org/10.1111/1574-6976.12028,2013,"The rhizosphere microbiome: significance of plant beneficial, plant pathogenic, and human pathogenic microorganisms"
snapshot_1,Topic_anion_engineering_2011-2020_Knowledge.txt,203,https://openalex.org/W2067670322,https://doi.org/10.1155/2013/162750,2013,Chemistry and Biological Activities of Flavonoids: An Overview
snapshot_1,Topic_anion_engineering_2011-2020_Knowledge.txt,204,https://openalex.org/W2953997005,https://doi.org/10.1039/c9tb00629j,2019,Self-assembly of mitochondria-specific peptide amphiphiles amplifying lung cancer cell death through targeting the VDAC1–hexokinase-II complex
snapshot_1,Topic_anion_engineering_2011-2020_Knowledge.txt,205,https://openalex.org/W2908607110,https://doi.org/10.1039/c8nr08014c,2019,"Stable, color-tunable 2D SCN-based perovskites: revealing the critical influence of an asymmetric pseudo-halide on constituent ions"
snapshot_1,Topic_anion_engineering_2011-2020_Knowledge.txt,206,https://openalex.org/W4255726012,https://doi.org/10.1002/ange.201805520,2018,Preferential Cation Vacancies in Perovskite Hydroxide for the Oxygen Evolution Reaction
snapshot_1,Topic_anion_engineering_2011-2020_Knowledge.txt,207,https://openalex.org/W2011834341,https://doi.org/10.1088/0953-8984/27/9/095501,2015,"Theoretical understanding on band engineering of Mn-doped lead chalcogenides PbX (X = Te, Se, S)"
snapshot_1,Topic_anion_engineering_2011-2020_Knowledge.txt,208,https://openalex.org/W2047529562,https://doi.org/10.2147/ijn.s73557,2015,Titanium dioxide nanoparticles enhance production of superoxide anion and alter the antioxidant system in human osteoblast cells
snapshot_1,Topic_anion_engineering_2011-2020_Knowledge.txt,209,https://openalex.org/W2052506094,https://doi.org/10.1107/s2052520613027170,2013,"Spin-coupling in dimers of 2,3-dicyano-5,6-dichlorosemiquinone radical anions in the crystalline state"
snapshot_1,Topic_anion_engineering_2011-2020_Knowledge.txt,210,https://openalex.org/W2160250719,https://doi.org/10.1039/c3ce40743h,2013,"Insight into the connecting roles of interaction synthons and water clusters within different transition metal coordination compounds of pyridine-2,5-dicarboxylic acid: experimental and theoretical studies"
snapshot_1,Topic_anion_engineering_2011-2020_Knowledge.txt,211,https://openalex.org/W3039721418,https://doi.org/10.1063/5.0013217,2020,"Quasi-one-dimensional Sb2(S,Se)3 alloys as bandgap-tunable and defect-tolerant photocatalytic semiconductors"
snapshot_1,Topic_anion_engineering_2011-2020_Knowledge.txt,212,https://openalex.org/W3010310260,https://doi.org/10.1016/j.apsusc.2020.145972,2020,Role of anionic vacancy for active hydrogen evolution in WTe2
snapshot_1,Topic_anion_engineering_2011-2020_Knowledge.txt,213,https://openalex.org/W1997081201,https://doi.org/10.1007/s10295-011-0985-9,2011,Engineering Saccharomyces cerevisiae to produce feruloyl esterase for the release of ferulic acid from switchgrass
snapshot_1,Topic_anion_engineering_2011-2020_Knowledge.txt,214,https://openalex.org/W2739190224,https://doi.org/10.1002/ente.201700409,2017,"Hydrogen Generation on Metal/Mesoporous Oxides: The Effects of Hierarchical Structure, Doping, and Co‐catalysts"
snapshot_1,Topic_anion_engineering_2011-2020_Knowledge.txt,215,https://openalex.org/W1982684830,https://doi.org/10.1021/cg501210t,2014,Isostructural Co-crystals Derived from Molecules with Different Supramolecular Topologies
snapshot_1,Topic_anion_engineering_2011-2020_Knowledge.txt,216,https://openalex.org/W2793952002,https://doi.org/10.1002/asia.201800092,2018,Multi‐Anion Intercalated Layered Double Hydroxide Nanosheet‐Assembled Hollow Nanoprisms with Improved Pseudocapacitive and Electrocatalytic Properties
snapshot_1,Topic_anion_engineering_2011-2020_Knowledge.txt,217,https://openalex.org/W2256849424,https://doi.org/10.1103/physrevb.93.205202,2016,"Configuration dependence of band-gap narrowing and localization in dilute<mml:math xmlns:mml=""http://www.w3.org/1998/Math/MathML""><mml:mrow><mml:msub><mml:mi>GaAs</mml:mi><mml:mrow><mml:mn>1</mml:mn><mml:mo>−</mml:mo><mml:mi>x</mml:mi></mml:mrow></mml:msub><mml:msub><mml:mi>Bi</mml:mi><mml:mi>x</mml:mi></mml:msub></mml:mrow></mml:math>alloys"
snapshot_1,Topic_anion_engineering_2011-2020_Knowledge.txt,218,https://openalex.org/W3028499025,https://doi.org/10.1021/acs.analchem.0c01238,2020,Oxygen Vacancy-Enhanced Electrochemiluminescence Sensing Strategy Using Luminol Thermally Encapsulated in Apoferritin as a Transducer for Biomarker Immunoassay
snapshot_1,Topic_anion_engineering_2011-2020_Knowledge.txt,219,https://openalex.org/W2145513890,https://doi.org/10.1039/c4tc02178a,2014,Mixed valence radical cations and intermolecular complexes derived from indenofluorene-extended tetrathiafulvalenes
snapshot_1,Topic_anion_engineering_2011-2020_Knowledge.txt,220,https://openalex.org/W3036305793,https://doi.org/10.1039/d0nr03685d,2020,Electronic structural regulation of CoP nanorods by the tunable incorporation of oxygen for enhanced electrocatalytic activity during the hydrogen evolution reaction
snapshot_1,Topic_anion_engineering_2011-2020_Knowledge.txt,221,https://openalex.org/W2127485269,https://doi.org/10.1039/c4ce01268b,2014,Substrate-induced anion rearrangement in epitaxial thin films of LaSrCoO<sub>4−x</sub>H<sub>x</sub>
snapshot_1,Topic_anion_engineering_2011-2020_Knowledge.txt,222,https://openalex.org/W2906327155,https://doi.org/10.1021/acs.cgd.8b01864,2018,Organic Selenocyanates as Halide Receptors: From Chelation to One-Dimensional Systems
snapshot_1,Topic_anion_engineering_2011-2020_Knowledge.txt,223,https://openalex.org/W2162677524,https://doi.org/10.1039/c3ee44164d,2014,Pseudocapacitive oxide materials for high-rate electrochemical energy storage
snapshot_1,Topic_anion_engineering_2011-2020_Knowledge.txt,224,https://openalex.org/W2068893614,https://doi.org/10.12989/gae.2014.7.2.183,2014,Assessing the anion type effect on the hydro-mechanical properties of smectite from macro and micro-structure aspects
snapshot_1,Topic_anion_engineering_2011-2020_Knowledge.txt,225,https://openalex.org/W3034075132,https://doi.org/10.1021/acs.jpclett.0c01141,2020,Water Layering Affects Hydroxide Diffusion in Functionalized Nanoconfined Environments
snapshot_1,Topic_anion_engineering_2011-2020_Knowledge.txt,226,https://openalex.org/W2287253829,https://doi.org/10.1039/c5ce02093j,2016,Crystal engineering of a hybrid metal–organic host framework and its single-crystal-to-single-crystal guest exchange using second sphere coordination
snapshot_1,Topic_anion_engineering_2011-2020_Knowledge.txt,227,https://openalex.org/W2120053074,https://doi.org/10.1088/1468-6996/13/5/053003,2012,Revisiting some chalcogenides for thermoelectricity
snapshot_1,Topic_anion_engineering_2011-2020_Knowledge.txt,228,https://openalex.org/W3140561268,https://doi.org/10.30919/esee8c320,2019,Update on Recent Designing Strategies of Transition Metal-Based Layered Double Hydroxides Bifunctional electrocatalysts
snapshot_1,Topic_anion_engineering_2011-2020_Knowledge.txt,229,https://openalex.org/W2799381013,https://doi.org/10.3390/cryst8050182,2018,"Growth of Metal Halide Perovskite, from Nanocrystal to Micron-Scale Crystal: A Review"
snapshot_1,Topic_anion_engineering_2011-2020_Knowledge.txt,230,https://openalex.org/W2231561568,https://doi.org/10.1002/jcp.25303,2016,Mesenchymal Stem Cells Ageing: Targeting the “Purinome” to Promote Osteogenic Differentiation and Bone Repair
snapshot_1,Topic_anion_engineering_2011-2020_Knowledge.txt,231,https://openalex.org/W2911252931,https://doi.org/10.1039/c8bm01483c,2019,Phthalocyanine functionalized poly(glycidyl methacrylate) nano-assemblies for photodynamic inactivation of bacteria
snapshot_1,Topic_anion_engineering_2011-2020_Knowledge.txt,232,https://openalex.org/W2625053275,https://doi.org/10.1021/acs.chemmater.7b01699,2017,Redox Interfaces for Electrochemically Controlled Protein–Surface Interactions: Bioseparations and Heterogeneous Enzyme Catalysis
snapshot_1,Topic_anion_engineering_2011-2020_Knowledge.txt,233,https://openalex.org/W1999291665,https://doi.org/10.1088/1742-6596/439/1/012002,2013,Synthesis and Characterization of Processable Polyaniline Salts
snapshot_1,Topic_anion_engineering_2011-2020_Knowledge.txt,234,https://openalex.org/W2980846990,https://doi.org/10.3390/app9204393,2019,A Review on Improving the Quality of Perovskite Films in Perovskite Solar Cells via the Weak Forces Induced by Additives
snapshot_1,Topic_anion_engineering_2011-2020_Knowledge.txt,235,https://openalex.org/W3080199697,https://doi.org/10.1021/acssuschemeng.0c04773,2020,Boosting Hydrogen Evolution Reaction Activities of Three-Dimensional Flower-like Tungsten Carbonitride via Anion Regulation
snapshot_1,Topic_anion_engineering_2011-2020_Knowledge.txt,236,https://openalex.org/W2234779018,https://doi.org/10.1021/acs.jpcc.5b12137,2015,Electrolyte Engineering toward Efficient Hydrogen Production Electrocatalysis with Oxygen-Crossover Regulation under Densely Buffered Near-Neutral pH Conditions
snapshot_1,Topic_anion_engineering_2011-2020_Knowledge.txt,237,https://openalex.org/W2887139913,https://doi.org/10.1021/acssuschemeng.8b03140,2018,<i>In-Situ</i> Noble Fabrication of Bi<sub>2</sub>S<sub>3</sub>/BiVO<sub>4</sub> Hybrid Nanostructure through a Photoelectrochemical Transformation Process for Solar Hydrogen Production
snapshot_1,Topic_anion_engineering_2011-2020_Knowledge.txt,238,https://openalex.org/W2971763914,https://doi.org/10.1021/acsnano.9b04224,2019,Present and Future of Surface-Enhanced Raman Scattering
snapshot_1,Topic_anion_engineering_2011-2020_Knowledge.txt,239,https://openalex.org/W2013148539,https://doi.org/10.3389/fpls.2014.00086,2014,Response of plants to water stress
snapshot_1,Topic_anion_engineering_2011-2020_Knowledge.txt,240,https://openalex.org/W2901262254,https://doi.org/10.1021/acs.biochem.8b00928,2018,"Discovery and Characterization of a Naturally Occurring, Turn-On Yellow Fluorescent Protein Sensor for Chloride"
snapshot_1,Topic_anion_engineering_2011-2020_Knowledge.txt,241,https://openalex.org/W2325429999,https://doi.org/10.9790/5736-0313845,2012,"Langmuir, Freundlich, Temkin and Dubinin–Radushkevich Isotherms Studies of Equilibrium Sorption of Zn 2+ Unto Phosphoric Acid Modified Rice Husk"
snapshot_1,Topic_anion_engineering_2011-2020_Knowledge.txt,242,https://openalex.org/W2159727241,https://doi.org/10.2478/intox-2014-0009,2014,"Toxicity, mechanism and health effects of some heavy metals"
snapshot_1,Topic_anion_engineering_2011-2020_Knowledge.txt,243,https://openalex.org/W3042416272,https://doi.org/10.11648/j.ajetm.20200502.12,2020,Review on the Application of Food Nanotechnology in Food Processing
snapshot_1,Topic_anion_engineering_2011-2020_Knowledge.txt,244,https://openalex.org/W1600116626,https://doi.org/10.5772/51897,2013,New Generations of Ionic Liquids Applied to Enzymatic Biocatalysis
snapshot_1,Topic_anion_engineering_2011-2020_Knowledge.txt,245,https://openalex.org/W2313274246,https://doi.org/10.1021/jf104845j,2011,"Enzymatic Modification of a Model Homogalacturonan with the Thermally Tolerant Pectin Methylesterase from Citrus: 1. Nanostructural Characterization, Enzyme Mode of Action, and Effect of pH"
snapshot_1,Topic_anion_engineering_2011-2020_Knowledge.txt,246,https://openalex.org/W4236516612,https://doi.org/10.1002/anie.202012547,2020,Reshaping the Cathodic Catalyst Layer for Anion Exchange Membrane Fuel Cells: From Heterogeneous Catalysis to Homogeneous Catalysis
snapshot_1,Topic_anion_engineering_2011-2020_Knowledge.txt,247,https://openalex.org/W2166219224,https://doi.org/10.1039/c2gc36364j,2012,Deconstruction of lignocellulosic biomass with ionic liquids
snapshot_1,Topic_anion_engineering_2011-2020_Knowledge.txt,248,https://openalex.org/W3015244070,https://doi.org/10.1021/acs.jpcb.0c01796,2020,Tracing Local Nanostructure of the Aqueous Solutions of the Biocompatible [Cho][Gly] Ionic Liquid: Importance of Hydrogen Bond Attraction between Like-Charged Ions
snapshot_1,Topic_anion_engineering_2011-2020_Knowledge.txt,249,https://openalex.org/W2100100522,https://doi.org/10.1039/c4ee01303d,2014,Anion-exchange membranes in electrochemical energy systems
snapshot_1,Topic_anion_engineering_2011-2020_Knowledge.txt,250,https://openalex.org/W2805423929,https://doi.org/10.1021/acs.organomet.8b00215,2018,Controlling Structure and Reactivity in Cationic Solid-State Molecular Organometallic Systems Using Anion Templating
snapshot_1,Topic_anion_engineering_2011-2020_Knowledge.txt,251,https://openalex.org/W2794668103,https://doi.org/10.1021/acs.jpcc.8b00811,2018,New Types of CZTS Σ3 {112} Grain Boundaries: Algorithms to Passivation
snapshot_1,Topic_anion_engineering_2011-2020_Knowledge.txt,252,https://openalex.org/W2990116636,https://doi.org/10.1021/acsami.9b17236,2019,Multiresponsive Supramolecular Luminescent Hydrogels Based on a Nucleoside/Lanthanide Complex
snapshot_1,Topic_anion_engineering_2011-2020_Knowledge.txt,253,https://openalex.org/W2983029164,https://doi.org/10.1021/acs.jpcc.9b09806,2019,Crystal Engineering of Bi <sub>2</sub> WO <sub>6</sub> to Polar Aurivillius-Phase Oxyhalides
snapshot_1,Topic_anion_engineering_2011-2020_Knowledge.txt,254,https://openalex.org/W3158468949,https://doi.org/10.31635/ccschem.020.202000558,2020,Anionic Tuning of Zeolite Crystallization
snapshot_1,Topic_anion_engineering_2011-2020_Knowledge.txt,255,https://openalex.org/W3096804495,https://doi.org/10.1021/acsaem.0c00791,2020,Atomistic and Electronic Origin of Phase Instability of Metal Halide Perovskites
snapshot_1,Topic_anion_engineering_2011-2020_Knowledge.txt,256,https://openalex.org/W2905021539,https://doi.org/10.1021/acs.cgd.8b01463,2018,"Crystal Growth, Structural Phase Transitions, and Optical Gap Evolution of CH<sub>3</sub>NH<sub>3</sub>Pb(Br<sub>1–<i>x</i></sub>Cl<sub><i>x</i></sub>)<sub>3</sub> Perovskites"
snapshot_1,Topic_anion_engineering_2011-2020_Knowledge.txt,257,https://openalex.org/W2136262294,https://doi.org/10.1039/c1ce05520h,2011,"The novel metalloligand [Fe(bppd)3] (bppd = 1,3-bis(4-pyridyl)-1,3-propanedionate) for the crystal engineering of heterometallic coordination networks with different silver salts. Anionic control of the structures"
snapshot_1,Topic_anion_engineering_2011-2020_Knowledge.txt,258,https://openalex.org/W2991753041,https://doi.org/10.1002/adhm.201901307,2019,RETRACTED: A Tumor Microenvironment‐Responsive Biodegradable Mesoporous Nanosystem for Anti‐Inflammation and Cancer Theranostics
snapshot_1,Topic_anion_engineering_2011-2020_Knowledge.txt,259,https://openalex.org/W3092381300,https://doi.org/10.1021/acsami.0c13060,2020,Alkali Halide Boost of Carbon Nitride for Photocatalytic H<sub>2</sub> Evolution in Seawater
snapshot_1,Topic_anion_engineering_2011-2020_Knowledge.txt,260,https://openalex.org/W2912395536,https://doi.org/10.1021/acs.jpcc.8b10978,2019,Dispersed Solid Conductors: Fast Interfacial Li-Ion Dynamics in Nanostructured LiF and LiF:γ-Al<sub>2</sub>O<sub>3</sub> Composites
snapshot_1,Topic_anion_engineering_2011-2020_Knowledge.txt,261,https://openalex.org/W2322257547,https://doi.org/10.1021/ic3021113,2013,Influence of Halogen Bonding Interaction on Supramolecular Assembly of Coordination Compounds; Head-to-Tail N···X Synthon Repetitivity
snapshot_1,Topic_anion_engineering_2011-2020_Knowledge.txt,262,https://openalex.org/W2080164141,https://doi.org/10.1371/journal.pone.0089580,2014,Transcriptomic Analysis of Carboxylic Acid Challenge in Escherichia coli: Beyond Membrane Damage
snapshot_1,Topic_anion_engineering_2011-2020_Knowledge.txt,263,https://openalex.org/W3041511736,https://doi.org/10.1021/acsami.0c09968,2020,"Functionalized PFN-X (X = Cl, Br, or I) for Balanced Charge Carriers of Highly Efficient Blue Light-Emitting Diodes"
snapshot_1,Topic_anion_engineering_2011-2020_Knowledge.txt,264,https://openalex.org/W1788255451,https://doi.org/10.1039/c5cp01979f,2015,Nanodusty plasma chemistry: a mechanistic and variational transition state theory study of the initial steps of silyl anion–silane and silylene anion–silane polymerization reactions
snapshot_1,Topic_anion_engineering_2011-2020_Knowledge.txt,265,https://openalex.org/W3008810994,https://doi.org/10.1021/acsami.9b21122,2020,"In Situ Synthesis of Defect-Engineered MOFs as a Photoregenerable Catalytic Adsorbent: Understanding the Effect of LML, Adsorption Behavior, and Photoreaction Process"
snapshot_1,Topic_anion_engineering_2011-2020_Knowledge.txt,266,https://openalex.org/W2154493298,https://doi.org/10.1002/cjce.20573,2011,Zeta potential study of natural‐ and acid‐activated sepiolites in electrolyte solutions
snapshot_1,Topic_anion_engineering_2011-2020_Knowledge.txt,267,https://openalex.org/W2751743037,https://doi.org/10.1021/acs.chemrev.7b00203,2017,Role of Biocatalysis in Sustainable Chemistry
snapshot_1,Topic_anion_engineering_2011-2020_Knowledge.txt,268,https://openalex.org/W2009375244,https://doi.org/10.1002/asia.201403212,2015,Ion and Molecular Recognition Using Aryl–Ethynyl Scaffolding
snapshot_1,Topic_anion_engineering_2011-2020_Knowledge.txt,269,https://openalex.org/W2791608517,https://doi.org/10.1039/c8cp00264a,2018,Correlations between gaseous and liquid phase chemistries induced by cold atmospheric plasmas in a physiological buffer
snapshot_1,Topic_anion_engineering_2011-2020_Knowledge.txt,270,https://openalex.org/W1998974581,https://doi.org/10.1080/08927022.2013.875172,2014,Interfacial layering and orientation ordering of ionic liquid around single-walled carbon nanotube: a molecular dynamics study
snapshot_1,Topic_anion_engineering_2011-2020_Knowledge.txt,271,https://openalex.org/W2903426819,https://doi.org/10.1103/physrevmaterials.3.024205,2019,Computational design of flexible electrides with nontrivial band topology
snapshot_1,Topic_anion_engineering_2011-2020_Knowledge.txt,272,https://openalex.org/W2932771478,https://doi.org/10.3390/inorganics7040048,2019,Stabilization of Supramolecular Networks of Polyiodides with Protonated Small Tetra-azacyclophanes
snapshot_1,Topic_anion_engineering_2011-2020_Knowledge.txt,273,https://openalex.org/W3085613002,https://doi.org/10.1002/anie.202010462,2020,Strong<i>σ</i>‐Hole Activation on Icosahedral Carborane Derivatives for a Directional Halide Recognition
snapshot_1,Topic_anion_engineering_2011-2020_Knowledge.txt,274,https://openalex.org/W2940344002,https://doi.org/10.1063/1.5087246,2019,Pushing the limit of Cs incorporation into FAPbBr3 perovskite to enhance solar cells performances
snapshot_1,Topic_anion_engineering_2011-2020_Knowledge.txt,275,https://openalex.org/W2895430781,https://doi.org/10.1152/physrev.00050.2017,2018,Blood-Brain Barrier: From Physiology to Disease and Back
snapshot_1,Topic_anion_engineering_2011-2020_Knowledge.txt,276,https://openalex.org/W2472685724,https://doi.org/10.1002/anie.201603298,2016,Self‐Templating and In Situ Assembly of a Cubic Cluster‐of‐Clusters Architecture Based on a {Mo<sub>24</sub>Fe<sub>12</sub>} Inorganic Macrocycle
snapshot_1,Topic_anion_engineering_2011-2020_Knowledge.txt,277,https://openalex.org/W2752162758,https://doi.org/10.1002/adom.201700545,2017,Single‐Mode Distributed Feedback Laser Operation in Solution‐Processed Halide Perovskite Alloy System
snapshot_1,Topic_anion_engineering_2011-2020_Knowledge.txt,278,https://openalex.org/W3027599052,https://doi.org/10.1063/5.0005137,2020,Ideal design of air electrode—A step closer toward robust rechargeable Zn–air battery
snapshot_1,Topic_anion_engineering_2011-2020_Knowledge.txt,279,https://openalex.org/W2905796810,https://doi.org/10.1021/acsomega.8b02877,2018,[((<i>R</i>)-C<sub>8</sub>H<sub>12</sub>N)<sub>4</sub>][Bi<sub>2</sub>Br<sub>10</sub>] and [((<i>S</i>)-C<sub>8</sub>H<sub>12</sub>N)<sub>4</sub>][Bi<sub>2</sub>Br<sub>10</sub>]: Chiral Hybrid Bismuth Bromides Templated by Chiral Organic Cations
snapshot_1,Topic_anion_engineering_2011-2020_Knowledge.txt,280,https://openalex.org/W3037872693,https://doi.org/10.5599/admet.843,2020,Solubility and ADMET profiles of short oligomers of lactic acid
snapshot_1,Topic_anion_engineering_2011-2020_Knowledge.txt,281,https://openalex.org/W1922730584,https://doi.org/10.1007/s40726-015-0015-z,2015,Advanced Oxidation Processes (AOPs) in Wastewater Treatment
snapshot_1,Topic_anion_engineering_2011-2020_Knowledge.txt,282,https://openalex.org/W2009125835,https://doi.org/10.1021/cg201017r,2011,"Exploitation of the Menshutkin Reaction for the Controlled Assembly of Halogen Bonded Architectures Incorporating 1,2-Diiodotetrafluorobenzene and 1,3,5-Triiodotrifluorobenzene"
snapshot_1,Topic_anion_engineering_2011-2020_Knowledge.txt,283,https://openalex.org/W2972067683,https://doi.org/10.3389/fbioe.2019.00214,2019,Computational Assessment of the Pharmacological Profiles of Degradation Products of Chitosan
snapshot_1,Topic_anion_engineering_2011-2020_Knowledge.txt,284,https://openalex.org/W2283532026,https://doi.org/10.1039/c5tb02449h,2016,Gradient band gap engineered alloyed quaternary/ternary CdZnSeS/ZnSeS quantum dots: an ultrasensitive fluorescence reporter in a conjugated molecular beacon system for the biosensing of influenza virus RNA
snapshot_1,Topic_anion_engineering_2011-2020_Knowledge.txt,285,https://openalex.org/W2975891656,https://doi.org/10.1021/acsaem.9b01241,2019,zT = 1.1 in CuInTe<sub>2</sub> Solid Solutions Enabled by Rational Defect Engineering
snapshot_1,Topic_anion_engineering_2011-2020_Knowledge.txt,286,https://openalex.org/W3017208891,https://doi.org/10.1021/acs.inorgchem.9b03674,2020,Oxysulfide Ba<sub>5</sub>(VO<sub>2</sub>S<sub>2</sub>)<sub>2</sub>(S<sub>2</sub>)<sub>2</sub> Combining Disulfide Channels and Mixed-Anion Tetrahedra and Its Third-Harmonic-Generation Properties
snapshot_1,Topic_anion_engineering_2011-2020_Knowledge.txt,287,https://openalex.org/W2903882825,https://doi.org/10.1021/acs.cgd.8b01634,2018,Chalcogen Bonds in Crystals of Bis(<i>o</i>-anilinium)diselenide Salts
snapshot_1,Topic_anion_engineering_2011-2020_Knowledge.txt,288,https://openalex.org/W2335706420,https://doi.org/10.1021/acs.cgd.5b00062,2015,Layered 2D Sheetlike Supramolecular Polymers Formed by O–H···Anion Hydrogen Bonds
snapshot_1,Topic_anion_engineering_2011-2020_Knowledge.txt,289,https://openalex.org/W2901977976,https://doi.org/10.1021/acsanm.8b01808,2018,Finding the Optimal Balance between the Pore Size and Pore Chemistry in Hybrid Ultramicroporous Materials for Trace Acetylene Capture
snapshot_1,Topic_anion_engineering_2011-2020_Knowledge.txt,290,https://openalex.org/W4255822636,https://doi.org/10.21203/rs.3.rs-46256/v1,2020,Regulating interfacial chemistry in lithium-ion batteries by a weakly-solvating electrolyte
snapshot_1,Topic_anion_engineering_2011-2020_Knowledge.txt,291,https://openalex.org/W2098553771,https://doi.org/10.1002/asia.201500156,2015,Controllable Synthesis of Bandgap‐Tunable CuS<sub><i>x</i></sub>Se<sub>1−<i>x</i></sub> Nanoplate Alloys
snapshot_1,Topic_anion_engineering_2011-2020_Knowledge.txt,292,https://openalex.org/W2731568958,https://doi.org/10.1107/s205225251700848x,2017,"<i>CrystalExplorer</i>model energies and energy frameworks: extension to metal coordination compounds, organic salts, solvates and open-shell systems"
snapshot_1,Topic_anion_engineering_2011-2020_Knowledge.txt,293,https://openalex.org/W2168258097,https://doi.org/10.1039/c3ee42099j,2013,Energy applications of ionic liquids
snapshot_1,Topic_anion_engineering_2011-2020_Knowledge.txt,294,https://openalex.org/W4249199323,https://doi.org/10.1002/ange.201910603,2019,"Ion‐Specific Assembly of Strong, Tough, and Stiff Biofibers"
snapshot_1,Topic_anion_engineering_2011-2020_Knowledge.txt,295,https://openalex.org/W2897897356,https://doi.org/10.22373/crc.v2i1.3248,2018,Elektroforesis: Analisis Elektronika Terhadap Biokimia Genetika
snapshot_1,Topic_anion_engineering_2011-2020_Knowledge.txt,296,https://openalex.org/W1995157919,https://doi.org/10.1039/c2ra20340e,2012,Chemical treatment technologies for waste-water recycling—an overview
snapshot_1,Topic_anion_engineering_2011-2020_Knowledge.txt,297,https://openalex.org/W2069625048,https://doi.org/10.2174/157341311794480282,2011,Microemulsions and Nanoemulsions for Targeted Drug Delivery to the Brain
snapshot_1,Topic_anion_engineering_2011-2020_Knowledge.txt,298,https://openalex.org/W2793577402,https://doi.org/10.1021/acsami.8b01834,2018,On the Correlation between the Microscopic Structure and Properties of Phosphate-Cross-Linked Chitosan Gels
snapshot_1,Topic_anion_engineering_2011-2020_Knowledge.txt,299,https://openalex.org/W3048875908,https://doi.org/10.1039/d0sc03665j,2020,"Conservation of structural arrangements and 3 : 1 stoichiometry in a series of crystalline conductors of TMTTF, TMTSF, BEDT-TTF, and chiral DM-EDT-TTF with the oxo-bis[pentafluorotantalate(<scp>v</scp>)] dianion"
snapshot_1,Topic_anion_engineering_2011-2020_Knowledge.txt,300,https://openalex.org/W2479707753,https://doi.org/10.1039/c6dt01860b,2016,Second sphere coordination of hybrid metal–organic materials: solid state reactivity
snapshot_1,Topic_anion_engineering_2011-2020_Knowledge.txt,301,https://openalex.org/W1952029253,https://doi.org/10.1002/pssa.201431062,2014,Influence of gate dielectric/channel interface engineering on the stability of amorphous indium gallium zinc oxide thin-film transistors
snapshot_1,Topic_anion_engineering_2011-2020_Knowledge.txt,302,https://openalex.org/W2900756811,https://doi.org/10.1080/20013078.2018.1535750,2018,Minimal information for studies of extracellular vesicles 2018 (MISEV2018): a position statement of the International Society for Extracellular Vesicles and update of the MISEV2014 guidelines
snapshot_1,Topic_anion_engineering_2011-2020_Knowledge.txt,303,https://openalex.org/W3024249104,https://doi.org/10.31635/ccschem.020.202000232,2020,Chemoselective Polymerization of Fully Biorenewable α-Methylene-γ-Butyrolactone Using Organophosphazene/Urea Binary Catalysts Toward Sustainable Polyesters
snapshot_1,Topic_anion_engineering_2011-2020_Knowledge.txt,304,https://openalex.org/W2891225567,https://doi.org/10.1021/acsami.8b11592,2018,Surfaces/Interfaces Modification for Vacancies Enhancing Lithium Storage Capability of Cu<sub>2</sub>O Ultrasmall Nanocrystals
snapshot_1,Topic_anion_engineering_2011-2020_Knowledge.txt,305,https://openalex.org/W2898576133,https://doi.org/10.1007/s10295-018-2091-8,2018,"Triple deletion of <i>clpC</i>, <i>porB</i>, and <i>mepA</i> enhances production of small ubiquitin-like modifier-N-terminal pro-brain natriuretic peptide in <i>Corynebacterium glutamicum</i>"
snapshot_1,Topic_anion_engineering_2011-2020_Knowledge.txt,306,https://openalex.org/W2550773898,https://doi.org/10.1021/acs.chemmater.6b04056,2016,Construction of Electron Transfer Network by Self-Assembly of Self-<i>n</i>-Doped Fullerene Ammonium Iodide
snapshot_1,Topic_anion_engineering_2011-2020_Knowledge.txt,307,https://openalex.org/W1987410264,https://doi.org/10.1080/00986445.2012.756396,2013,REPRESENTATION OF IONIC LIQUID VISCOSITY-TEMPERATURE DATA BY GENERALIZED CORRELATIONS AND AN ARTIFICIAL NEURAL NETWORK (ANN) MODEL
snapshot_1,Topic_anion_engineering_2011-2020_Knowledge.txt,308,https://openalex.org/W2896783057,https://doi.org/10.1107/s2053229618011269,2018,Single-crystal-to-single-crystal transformations triggered by dehydration in polyoxometalate-based compounds
snapshot_1,Topic_anion_engineering_2011-2020_Knowledge.txt,309,https://openalex.org/W3038722767,https://doi.org/10.2494/photopolymer.33.393,2020,Gel Permeation Chromatography Purification Process for Highly Efficient Perovskite Nanocrystal Light-Emitting Devices
snapshot_1,Topic_anion_engineering_2011-2020_Knowledge.txt,310,https://openalex.org/W2520953677,https://doi.org/10.1039/c6nr05742j,2016,Standalone anion- and co-doped titanium dioxide nanotubes for photocatalytic and photoelectrochemical solar-to-fuel conversion
snapshot_1,Topic_anion_engineering_2011-2020_Knowledge.txt,311,https://openalex.org/W4256250440,https://doi.org/10.1002/batt.201900006,2019,"Cation−Solvent, Cation−Anion, and Solvent−Solvent Interactions with Electrolyte Solvation in Lithium batteries"
snapshot_1,Topic_anion_engineering_2011-2020_Knowledge.txt,312,https://openalex.org/W2007935672,https://doi.org/10.1080/10426507.2012.669673,2012,Pharmaceutical Salts of Fluoroquinolone Antibacterial Drugs with Acesulfame Sweetener
snapshot_1,Topic_anion_engineering_2011-2020_Knowledge.txt,313,https://openalex.org/W2899631718,https://doi.org/10.1021/jacs.8b10851,2018,Two-Dimensional Hybrid Halide Perovskites: Principles and Promises
snapshot_1,Topic_anion_engineering_2011-2020_Knowledge.txt,314,https://openalex.org/W1026348989,https://doi.org/10.1038/ncomms8497,2015,Ionic transport in hybrid lead iodide perovskite solar cells
snapshot_1,Topic_anion_engineering_2011-2020_Knowledge.txt,315,https://openalex.org/W2345285898,https://doi.org/10.1021/acs.iecr.6b00375,2016,Separation of 2-Phenylethanol from Water by Liquid–Liquid Extraction with Ionic Liquids: New Experimental Data and Modeling with Modern Thermodynamic Tools
snapshot_1,Topic_anion_engineering_2011-2020_Knowledge.txt,316,https://openalex.org/W2953891612,https://doi.org/10.5772/intechopen.85947,2019,Role of Surfactants in Mineral Processing: An Overview
snapshot_1,Topic_anion_engineering_2011-2020_Knowledge.txt,317,https://openalex.org/W2982237158,https://doi.org/10.1088/1361-6528/ab5074,2019,Highly efficient Mn-doped CsPb(Cl/Br) <sub>3</sub> quantum dots for white light-emitting diodes
snapshot_1,Topic_anion_engineering_2011-2020_Knowledge.txt,318,https://openalex.org/W2994726139,https://doi.org/10.1039/c9dt04313f,2019,"“Old dog, new tricks”: the lone pair effect inducing divergent optical responses in lead cyanurates containing π-bonds"
snapshot_1,Topic_anion_engineering_2011-2020_Knowledge.txt,319,https://openalex.org/W2202126865,https://doi.org/10.1088/1674-1056/21/3/039101,2012,First-principles study of atomic and electronic structures of kaolinite in soft rock
snapshot_1,Topic_anion_engineering_2011-2020_Knowledge.txt,320,https://openalex.org/W1966225721,https://doi.org/10.1089/ees.2010.0307,2011,"Arsenic(III,V) Adsorption on Iron-Oxide-Coated Manganese Sand and Quartz Sand: Comparison of Different Carriers and Adsorption Capacities"
snapshot_1,Topic_anion_engineering_2011-2020_Knowledge.txt,321,https://openalex.org/W3109764586,https://doi.org/10.1002/marc.202000534,2020,Recent Progress in Ionic Coassembly of Cationic Peptides and Anionic Species
snapshot_1,Topic_anion_engineering_2011-2020_Knowledge.txt,322,https://openalex.org/W2782590469,https://doi.org/10.1039/c7cs00566k,2018,"Chemicals from lignin: an interplay of lignocellulose fractionation, depolymerisation, and upgrading"
snapshot_1,Topic_anion_engineering_2011-2020_Knowledge.txt,323,https://openalex.org/W3097207591,https://doi.org/10.1021/acs.jpclett.0c02995,2020,"Hopping in High Concentration Electrolytes - Long Time Bulk and Single-Particle Signatures, Free Energy Barriers, and Structural Insights"
snapshot_1,Topic_anion_engineering_2011-2020_Knowledge.txt,324,https://openalex.org/W2054234092,https://doi.org/10.1021/cg301612g,2013,"Structure-Directing Self-Assembly, Structures and Characterization of Four d<sup>0</sup>-Transition Metal Oxide/Fluoride Compounds Constructed with Imidazole/1-Methylimidazole/1-Vinylimidazole and Copper(II)/Zinc(II)"
snapshot_1,Topic_anion_engineering_2011-2020_Knowledge.txt,325,https://openalex.org/W2345358281,https://doi.org/10.3389/fpls.2016.00571,2016,Abscisic Acid and Abiotic Stress Tolerance in Crop Plants
snapshot_1,Topic_anion_engineering_2011-2020_Knowledge.txt,326,https://openalex.org/W4234722492,https://doi.org/10.1039/c3ra46962j,2014,Plasma and brain pharmacokinetics of previously unexplored lithium salts
snapshot_1,Topic_anion_engineering_2011-2020_Knowledge.txt,327,https://openalex.org/W2317779473,https://doi.org/10.1021/ie4033186,2013,“Sweet-in-Green” Systems Based on Sugars and Ionic Liquids: New Solubility Data and Thermodynamic Analysis
snapshot_1,Topic_anion_engineering_2011-2020_Knowledge.txt,328,https://openalex.org/W2904435412,https://doi.org/10.1002/asia.201801716,2018,Continuously Variable Regulation of the Speed of Bubble‐Propelled Janus Microcapsule Motors Based on Salt‐Responsive Polyelectrolyte Brushes
snapshot_1,Topic_anion_engineering_2011-2020_Knowledge.txt,329,https://openalex.org/W1976113012,https://doi.org/10.1039/c3ta12646c,2013,Designing melt flow of poly(isobutylene)-based ionic liquids
snapshot_1,Topic_anion_engineering_2011-2020_Knowledge.txt,330,https://openalex.org/W2139367650,https://doi.org/10.1146/annurev-arplant-043014-114822,2015,Plant Adaptation to Acid Soils: The Molecular Basis for Crop Aluminum Resistance
snapshot_1,Topic_anion_engineering_2011-2020_Knowledge.txt,331,https://openalex.org/W2441604592,https://doi.org/10.1021/acssensors.6b00325,2016,Online Monitoring of Superoxide Anions Released from Skeletal Muscle Cells Using an Electrochemical Biosensor Based on Thick-Film Nanoporous Gold
snapshot_1,Topic_anion_engineering_2011-2020_Knowledge.txt,332,https://openalex.org/W2055655412,https://doi.org/10.1007/s10800-011-0348-2,2011,Redox flow batteries: a review
snapshot_1,Topic_anion_engineering_2011-2020_Knowledge.txt,333,https://openalex.org/W3085622679,https://doi.org/10.1002/asia.202000860,2020,Regulation of Morphology and Electronic Structure of NiSe<sub>2</sub> by Fe for High Effective Oxygen Evolution Reaction
snapshot_1,Topic_anion_engineering_2011-2020_Knowledge.txt,334,https://openalex.org/W2736841659,https://doi.org/10.3390/inorganics5030048,2017,"Synthesis, Crystal Structures and Magnetic Properties of Composites Incorporating an Fe(II) Spin Crossover Complex and Polyoxometalates"
snapshot_1,Topic_anion_engineering_2011-2020_Knowledge.txt,335,https://openalex.org/W2607391973,https://doi.org/10.1039/c7ce00219j,2017,"Introducing 2-(2-carboxyphenoxy)terephthalic acid as a new versatile building block for design of diverse coordination polymers: synthesis, structural features, luminescence sensing, and magnetism"
snapshot_1,Topic_anion_engineering_2011-2020_Knowledge.txt,336,https://openalex.org/W2902182266,https://doi.org/10.1021/acs.jpcc.8b11224,2019,Mechanosensitive Ion Permeation across Subnanoporous MoS<sub>2</sub> Monolayers
snapshot_1,Topic_anion_engineering_2011-2020_Knowledge.txt,337,https://openalex.org/W1995073405,https://doi.org/10.2166/aqua.2013.122,2013,Assessing UV- and fluorescence-based metrics as disinfection byproduct precursor surrogate parameters in a water body influenced by a heavy rainfall event
snapshot_1,Topic_anion_engineering_2011-2020_Knowledge.txt,338,https://openalex.org/W2607518200,https://doi.org/10.1021/acs.biochem.7b00219,2017,Acyl Carrier Protein Cyanylation Delivers a Ketoacyl Synthase–Carrier Protein Cross-Link
snapshot_1,Topic_anion_engineering_2011-2020_Knowledge.txt,339,https://openalex.org/W2488528762,https://doi.org/10.1088/0963-0252/25/5/053002,2016,Plasma–liquid interactions: a review and roadmap
snapshot_1,Topic_anion_engineering_2011-2020_Knowledge.txt,340,https://openalex.org/W2001772806,https://doi.org/10.3329/jce.v25i0.7233,2011,Spectrophotometric Determination of Toxic Elements (Cadmium) in Aqueous Media
snapshot_1,Topic_anion_engineering_2011-2020_Knowledge.txt,341,https://openalex.org/W2982713212,https://doi.org/10.1021/acs.nanolett.9b03240,2019,Anion Extraction-Induced Polymorph Control of Transition Metal Dichalcogenides
snapshot_1,Topic_anion_engineering_2011-2020_Knowledge.txt,342,https://openalex.org/W2898257166,https://doi.org/10.1039/c8cs00185e,2018,Excited-state intramolecular proton-transfer (ESIPT) based fluorescence sensors and imaging agents
snapshot_1,Topic_anion_engineering_2011-2020_Knowledge.txt,343,https://openalex.org/W1987262360,https://doi.org/10.1039/c4cs00015c,2014,Recent advances in zinc–air batteries
snapshot_1,Topic_anion_engineering_2011-2020_Knowledge.txt,344,https://openalex.org/W2792966282,https://doi.org/10.1021/acsami.7b19791,2018,Improved Thermoelectric Performance in Nonstoichiometric Cu<sub>2+δ</sub>Mn<sub>1−δ</sub>SnSe<sub>4</sub> Quaternary Diamondlike Compounds
snapshot_1,Topic_anion_engineering_2011-2020_Knowledge.txt,345,https://openalex.org/W2944826525,https://doi.org/10.1002/adma.201807166,2019,Electrochemical CO<sub>2</sub> Reduction into Chemical Feedstocks: From Mechanistic Electrocatalysis Models to System Design
snapshot_1,Topic_anion_engineering_2011-2020_Knowledge.txt,346,https://openalex.org/W3111457036,https://doi.org/10.1039/d0cs00620c,2020,Covalent organic frameworks: an ideal platform for designing ordered materials and advanced applications
snapshot_1,Topic_anion_engineering_2011-2020_Knowledge.txt,347,https://openalex.org/W3021102959,https://doi.org/10.3389/fchem.2020.00395,2020,Covalent and Non-covalent Noble Gas Bonding Interactions in XeFn Derivatives (n = 2–6): A Combined Theoretical and ICSD Analysis
snapshot_1,Topic_anion_engineering_2011-2020_Knowledge.txt,348,https://openalex.org/W2042147835,https://doi.org/10.1002/jssc.201100830,2011,Characterization of hexacationic imidazolium ionic liquids as effective and highly stable gas chromatography stationary phases
snapshot_1,Topic_anion_engineering_2011-2020_Knowledge.txt,349,https://openalex.org/W2783953380,https://doi.org/10.1021/acs.cgd.7b01680,2018,Can Melting Point Trends Help Us Develop New Tools To Control the Crystal Packing of Weakly Interacting Ions?
snapshot_1,Topic_anion_engineering_2011-2020_Knowledge.txt,350,https://openalex.org/W2967613071,https://doi.org/10.2166/wst.2019.273,2019,Adsorption removal of Cr(VI) by isomeric FeOOH
snapshot_1,Topic_anion_engineering_2011-2020_Knowledge.txt,351,https://openalex.org/W2151823004,https://doi.org/10.5402/2012/195727,2012,Drug Solubility: Importance and Enhancement Techniques
snapshot_1,Topic_anion_engineering_2011-2020_Knowledge.txt,352,https://openalex.org/W2505574534,https://doi.org/10.1016/j.susmat.2016.06.002,2016,Characteristics and adsorption capacities of low-cost sorbents for wastewater treatment: A review
snapshot_1,Topic_anion_engineering_2011-2020_Knowledge.txt,353,https://openalex.org/W3110913614,https://doi.org/10.1021/acs.langmuir.0c02928,2020,Reversed Anionic Hofmeister Effect in Metal–Phenolic-Based Film Formation
snapshot_1,Topic_anion_engineering_2011-2020_Knowledge.txt,354,https://openalex.org/W3026177779,https://doi.org/10.1039/d0cp01219j,2020,Bi-layering at ionic liquid surfaces: a sum-frequency generation vibrational spectroscopy- and molecular dynamics simulation-based study
snapshot_1,Topic_anion_engineering_2011-2020_Knowledge.txt,355,https://openalex.org/W2616595248,https://doi.org/10.1002/ppap.201700014,2017,Plasma generated RONS in cell culture medium for in vitro studies of eukaryotic cells on Tissue Engineering scaffolds
snapshot_1,Topic_anion_engineering_2011-2020_Knowledge.txt,356,https://openalex.org/W2004906357,https://doi.org/10.1155/2012/132424,2012,"Synthesis of Silica Nanoparticles by Sol‐Gel: Size‐Dependent Properties, Surface Modification, and Applications in Silica‐Polymer Nanocomposites—A Review"
snapshot_1,Topic_anion_engineering_2011-2020_Knowledge.txt,357,https://openalex.org/W2509883496,https://doi.org/10.1038/ncomms12647,2016,Multidimensional materials and device architectures for future hybrid energy storage
snapshot_1,Topic_anion_engineering_2011-2020_Knowledge.txt,358,https://openalex.org/W3021171286,https://doi.org/10.1021/acs.langmuir.0c00694,2020,Relationship between Bulk Physicochemical Properties and Surface Wettability of Hydrogels with Homogeneous Network Structure
snapshot_1,Topic_anion_engineering_2011-2020_Knowledge.txt,359,https://openalex.org/W2166862691,https://doi.org/10.1186/1754-6834-6-16,2013,Bioconversion of lignocellulose: inhibitors and detoxification
snapshot_1,Topic_anion_engineering_2011-2020_Knowledge.txt,360,https://openalex.org/W2566202566,https://doi.org/10.1038/ncomms13907,2017,Ti3C2 MXene co-catalyst on metal sulfide photo-absorbers for enhanced visible-light photocatalytic hydrogen production
snapshot_1,Topic_anion_engineering_2011-2020_Knowledge.txt,361,https://openalex.org/W2071374413,https://doi.org/10.1016/j.crci.2012.04.011,2012,Data selection and estimation of the normal melting temperature of ionic liquids using a method based on homologous cations
snapshot_1,Topic_anion_engineering_2011-2020_Knowledge.txt,362,https://openalex.org/W1877301297,https://doi.org/10.3390/md13085156,2015,Chitosan: An Update on Potential Biomedical and Pharmaceutical Applications
snapshot_1,Topic_anion_engineering_2011-2020_Knowledge.txt,363,https://openalex.org/W2955306802,https://doi.org/10.1021/acs.jpcc.9b03146,2019,Theoretical Prediction of the Strong Solvent Effect on Reduced Ethylene Carbonate Ring-Opening and Its Impact on Solid Electrolyte Interphase Evolution
snapshot_1,Topic_anion_engineering_2011-2020_Knowledge.txt,364,https://openalex.org/W2810844331,https://doi.org/10.1021/acs.cgd.8b00106,2018,Anion Exchange Reaction for Preparing Acesulfame Solid Forms
snapshot_1,Topic_anion_engineering_2011-2020_Knowledge.txt,365,https://openalex.org/W2473502342,https://doi.org/10.1371/journal.pone.0158689,2016,"ATP-Binding Cassette (ABC) Transporters of the Human Respiratory Tract Pathogen, Moraxella catarrhalis: Role in Virulence"
snapshot_1,Topic_anion_engineering_2011-2020_Knowledge.txt,366,https://openalex.org/W2056554121,https://doi.org/10.3389/fpls.2014.00151,2014,Tolerance to drought and salt stress in plants: Unraveling the signaling networks
snapshot_1,Topic_anion_engineering_2011-2020_Knowledge.txt,367,https://openalex.org/W2747068608,https://doi.org/10.1080/16546628.2017.1361779,2017,"Anthocyanidins and anthocyanins: colored pigments as food, pharmaceutical ingredients, and the potential health benefits"
snapshot_1,Topic_anion_engineering_2011-2020_Knowledge.txt,368,https://openalex.org/W2955401842,https://doi.org/10.1021/jacs.9b03950,2019,Molecular and Material Engineering of Photocathodes Derivatized with Polyoxometalate-Supported {Mo<sub>3</sub>S<sub>4</sub>} HER Catalysts
snapshot_1,Topic_anion_engineering_2011-2020_Knowledge.txt,369,https://openalex.org/W2898364362,https://doi.org/10.1093/nar/gky1004,2018,"RCSB Protein Data Bank: biological macromolecular structures enabling research and education in fundamental biology, biomedicine, biotechnology and energy"
snapshot_1,Topic_anion_engineering_2011-2020_Knowledge.txt,370,https://openalex.org/W1922564622,https://doi.org/10.1039/c5gc01451d,2015,Hydrophobic deep eutectic solvents as water-immiscible extractants
snapshot_1,Topic_anion_engineering_2011-2020_Knowledge.txt,371,https://openalex.org/W2396261957,https://doi.org/10.1002/adma.201600669,2016,Perovskite Materials for Light‐Emitting Diodes and Lasers
snapshot_1,Topic_anion_engineering_2011-2020_Knowledge.txt,372,https://openalex.org/W2067936194,https://doi.org/10.1039/c2ra21342g,2012,"Progress in redox flow batteries, remaining challenges and their applications in energy storage"
snapshot_1,Topic_anion_engineering_2011-2020_Knowledge.txt,373,https://openalex.org/W3025095636,https://doi.org/10.1039/d0na00047g,2020,Inter-dependency between surface morphology and sensitive low RH detection: exploration of an intricate mechanism to extend the lower detection limit
snapshot_1,Topic_anion_engineering_2011-2020_Knowledge.txt,374,https://openalex.org/W2143106913,https://doi.org/10.1146/annurev-matsci-070813-113515,2014,Geopolymers and Related Alkali-Activated Materials
snapshot_1,Topic_anion_engineering_2011-2020_Knowledge.txt,375,https://openalex.org/W2892668511,https://doi.org/10.1002/slct.201802242,2018,"Radiolytic Synthesis of Cyanogen Chloride, Cyanamide and Simple Sugar Precursors"
snapshot_1,Topic_anion_engineering_2011-2020_Knowledge.txt,376,https://openalex.org/W1965684364,https://doi.org/10.1039/c3cs60235d,2013,“Green” electronics: biodegradable and biocompatible materials and devices for sustainable future
snapshot_1,Topic_anion_engineering_2011-2020_Knowledge.txt,377,https://openalex.org/W2228435454,https://doi.org/10.1021/acs.cgd.5b01632,2015,"Crystal Engineering of a 4,6-c fsc Platform That Can Serve as a Carbon Dioxide Single-Molecule Trap"
snapshot_1,Topic_anion_engineering_2011-2020_Knowledge.txt,378,https://openalex.org/W2972748280,https://doi.org/10.1039/c9dt03247a,2019,Effect of anion substitution on the structural and transport properties of argyrodites Cu<sub>7</sub>PSe<sub>6−x</sub>S<sub>x</sub>
snapshot_1,Topic_anion_engineering_2011-2020_Knowledge.txt,379,https://openalex.org/W2789705881,https://doi.org/10.1002/adma.201705590,2018,Revisiting the Role of Polysulfides in Lithium–Sulfur Batteries
snapshot_1,Topic_anion_engineering_2011-2020_Knowledge.txt,380,https://openalex.org/W3091766608,https://doi.org/10.48550/arxiv.2009.14350,2020,Precise phase control of large-scale inorganic perovskites via vapor-phase anion-exchange strategy
snapshot_1,Topic_anion_engineering_2011-2020_Knowledge.txt,381,https://openalex.org/W2800238134,https://doi.org/10.1007/s12551-018-0419-2,2018,Ionic liquids: a brief history
snapshot_1,Topic_anion_engineering_2011-2020_Knowledge.txt,382,https://openalex.org/W2053340393,https://doi.org/10.1103/physrevlett.106.046102,2011,Double Layer in Ionic Liquids: Overscreening versus Crowding
snapshot_1,Topic_anion_engineering_2011-2020_Knowledge.txt,383,https://openalex.org/W2501830944,https://doi.org/10.1002/bip.22921,2016,Computational design of model scaffold for anion recognition based on the ‘C<sup>α</sup>NN’ motif
snapshot_1,Topic_anion_engineering_2011-2020_Knowledge.txt,384,https://openalex.org/W2513417361,https://doi.org/10.2147/nsa.s99986,2016,"Synthesis, characterization, applications, and challenges of iron oxide nanoparticles"
snapshot_1,Topic_anion_engineering_2011-2020_Knowledge.txt,385,https://openalex.org/W2155613001,https://doi.org/10.1002/anie.201105033,2011,At the Border of Intermetallic Compounds and Transition‐Metal Oxides: Crystal Intergrowth of the Zintl Phase Cs<sub>4</sub>Ge<sub>9</sub> and Cs<sub>2</sub>WO<sub>4</sub> or Cs<sub>3</sub>VO<sub>4</sub> as well as Nine‐Atom Cluster Relocation in the Solid State
snapshot_1,Topic_anion_engineering_2011-2020_Knowledge.txt,386,https://openalex.org/W2926404237,https://doi.org/10.1039/c9cp00732f,2019,Height-driven structure and thermodynamic properties of confined ionic liquids inside carbon nanochannels from molecular dynamics study
snapshot_1,Topic_anion_engineering_2011-2020_Knowledge.txt,387,https://openalex.org/W2755156077,https://doi.org/10.1101/156422,2017,Anion-conducting channelrhodopsins with tuned spectra and modified kinetics engineered for optogenetic manipulation of behavior
snapshot_1,Topic_anion_engineering_2011-2020_Knowledge.txt,388,https://openalex.org/W1515285325,https://doi.org/10.5772/51812,2013,Modeling of Ionic Liquid Systems: Phase Equilibria and Physical Properties
snapshot_1,Topic_anion_engineering_2011-2020_Knowledge.txt,389,https://openalex.org/W3018978525,https://doi.org/10.1088/2053-1583/ab8d83,2020,Defect passivation and lattice distortion enhance solid-state photoluminescence of two-dimensional perovskites
snapshot_1,Topic_anion_engineering_2011-2020_Knowledge.txt,390,https://openalex.org/W2015590681,https://doi.org/10.4236/gsc.2014.41008,2014,"A Review of Ionic Liquids, Their Limits and Applications"
snapshot_1,Topic_anion_engineering_2011-2020_Knowledge.txt,391,https://openalex.org/W2426393368,https://doi.org/10.2118/177304-pa,2016,"Water/Rock Interaction for Eagle Ford, Marcellus, Green River, and Barnett Shale Samples and Implications for Hydraulic-Fracturing-Fluid Engineering"
snapshot_1,Topic_anion_engineering_2011-2020_Knowledge.txt,392,https://openalex.org/W3049268670,https://doi.org/10.1039/d0sc03925j,2020,Self-assembly of cyclic hexamers of γ-cyclodextrin in a metallosupramolecular framework with<scp>d</scp>-penicillamine
snapshot_1,Topic_anion_engineering_2011-2020_Knowledge.txt,393,https://openalex.org/W2760070297,https://doi.org/10.1021/acssuschemeng.7b02681,2017,Evaluation of Biocompatible Ionic Liquids for Their Application in Phytosterols Bioconversion by <i>Mycobacterium</i> sp. Resting Cells
snapshot_1,Topic_anion_engineering_2011-2020_Knowledge.txt,394,https://openalex.org/W4213373925,https://doi.org/10.1126/sciadv.1602076,2017,"A highly stretchable, transparent, and conductive polymer"
snapshot_1,Topic_anion_engineering_2011-2020_Knowledge.txt,395,https://openalex.org/W2982516344,https://doi.org/10.1021/acs.chemrev.9b00248,2019,Recent Advances in Electrocatalytic Hydrogen Evolution Using Nanoparticles
snapshot_1,Topic_anion_engineering_2011-2020_Knowledge.txt,396,https://openalex.org/W3048132712,https://doi.org/10.31635/ccschem.020.202000374,2020,Visible-Light-Driven Anti-Markovnikov Hydrocarboxylation of Acrylates and Styrenes with CO <sub>2</sub>
snapshot_1,Topic_anion_engineering_2011-2020_Knowledge.txt,397,https://openalex.org/W2518790000,https://doi.org/10.1080/10610278.2016.1227440,2016,Supramolecular architectures and crystal structures of gold(III) compounds with semicarbazones
snapshot_1,Topic_anion_engineering_2011-2020_Knowledge.txt,398,https://openalex.org/W4235883367,https://doi.org/10.2172/1039304,2011,Thermochemical Heat Storage for Concentrated Solar Power: Thermochemical System Reactor Design for Thermal Energy Storage
snapshot_1,Topic_anion_engineering_2011-2020_Knowledge.txt,399,https://openalex.org/W2033440389,https://doi.org/10.1039/c4ce02033b,2014,Controlled synthesis of α-Fe<sub>2</sub>O<sub>3</sub>nanostructures with the assistance of ionic liquid and their distinct photocatalytic performance under visible-light irradiation
snapshot_1,Topic_anion_engineering_2011-2020_Knowledge.txt,400,https://openalex.org/W2910347757,https://doi.org/10.1002/adom.201801495,2019,Fluorinated Organic Electro‐Optic Quinolinium Crystals for THz Wave Generation
snapshot_1,Topic_anion_engineering_2011-2020_Knowledge.txt,401,https://openalex.org/W2507405931,https://doi.org/10.1007/s13201-016-0455-7,2016,Drinking water contamination and treatment techniques
snapshot_1,Topic_anion_engineering_2011-2020_Knowledge.txt,402,https://openalex.org/W2790046040,https://doi.org/10.1152/ajprenal.00021.2018,2018,Functional transport of organic anions and cations in the murine mesonephros
snapshot_1,Topic_anion_engineering_2011-2020_Knowledge.txt,403,https://openalex.org/W2808260231,https://doi.org/10.1039/c8ee01053f,2018,New horizons for inorganic solid state ion conductors
snapshot_1,Topic_anion_engineering_2011-2020_Knowledge.txt,404,https://openalex.org/W2946176820,https://doi.org/10.21595/jme.2020.21384,2020,Development of nitride-sensors for monitoring in control systems
snapshot_1,Topic_anion_engineering_2011-2020_Knowledge.txt,405,https://openalex.org/W2064457780,https://doi.org/10.1038/ncomms7142,2015,Ultrasmooth organic–inorganic perovskite thin-film formation and crystallization for efficient planar heterojunction solar cells
snapshot_1,Topic_anion_engineering_2011-2020_Knowledge.txt,406,https://openalex.org/W2909300313,https://doi.org/10.1039/c8ee03134g,2019,CO <sub>2</sub> reduction on gas-diffusion electrodes and why catalytic performance must be assessed at commercially-relevant conditions
snapshot_1,Topic_anion_engineering_2011-2020_Knowledge.txt,407,https://openalex.org/W2040950369,https://doi.org/10.1002/adma.201400668,2014,Effective Solution‐ and Vacuum‐Processed n‐Doping by Dimers of Benzimidazoline Radicals
snapshot_1,Topic_anion_engineering_2011-2020_Knowledge.txt,408,https://openalex.org/W2586548042,https://doi.org/10.3390/met7020043,2017,Corrosion-Resistant High-Entropy Alloys: A Review
snapshot_1,Topic_anion_engineering_2011-2020_Knowledge.txt,409,https://openalex.org/W2508296626,https://doi.org/10.1073/pnas.1603244113,2016,Peroxidation of polyunsaturated fatty acids by lipoxygenases drives ferroptosis
snapshot_1,Topic_anion_engineering_2011-2020_Knowledge.txt,410,https://openalex.org/W3015867056,https://doi.org/10.1126/science.368.6487.149-f,2020,Engineering perovskites with anions
snapshot_1,Topic_anion_engineering_2011-2020_Knowledge.txt,411,https://openalex.org/W2022046446,https://doi.org/10.2166/aqua.2013.011,2013,"Household survey of installation and treatment efficiency of point-of-use water treatment systems in Hanoi, Vietnam"
snapshot_1,Topic_anion_engineering_2011-2020_Knowledge.txt,412,https://openalex.org/W2008922772,https://doi.org/10.1039/c5sc00961h,2015,An extended Tolerance Factor approach for organic–inorganic perovskites
snapshot_1,Topic_anion_engineering_2011-2020_Knowledge.txt,413,https://openalex.org/W3035836099,https://doi.org/10.31635/ccschem.020.202000285,2020,New Insights into the Ion-Specific Behaviors and Design Strategies for Ion–π Interactions
snapshot_1,Topic_anion_engineering_2011-2020_Knowledge.txt,414,https://openalex.org/W3113694376,https://doi.org/10.1021/acs.chemmater.0c03177,2020,Improving Hydride Conductivity in Layered Perovskites via Crystal Engineering
snapshot_1,Topic_anion_engineering_2011-2020_Knowledge.txt,415,https://openalex.org/W2913840193,https://doi.org/10.3390/ma12030407,2019,Corrosion of Metallic Biomaterials: A Review
snapshot_1,Topic_anion_engineering_2011-2020_Knowledge.txt,416,https://openalex.org/W2306757740,https://doi.org/10.1126/sciadv.1501602,2016,Universal dependence of hydrogen oxidation and evolution reaction activity of platinum-group metals on pH and hydrogen binding energy
snapshot_1,Topic_anion_engineering_2011-2020_Knowledge.txt,417,https://openalex.org/W2010560494,https://doi.org/10.1039/c1cp00040c,2011,Crystallisation kinetics of some archetypal ionic liquids: isothermal and non-isothermal determination of the Avrami exponent
snapshot_1,Topic_anion_engineering_2011-2020_Knowledge.txt,418,https://openalex.org/W3080837504,https://doi.org/10.1021/acs.cgd.0c00346,2020,Self-Assembly and Complexation of Cellulose/Ionic Liquid at High Cellulose Concentration: Anion Dependence
snapshot_1,Topic_anion_engineering_2011-2020_Knowledge.txt,419,https://openalex.org/W2172574721,https://doi.org/10.1002/advs.201500213,2015,A Review of Solid Electrolyte Interphases on Lithium Metal Anode
snapshot_1,Topic_anion_engineering_2011-2020_Knowledge.txt,420,https://openalex.org/W2005106874,https://doi.org/10.1002/ceat.201000199,2011,Cytotoxicity of Plasticizers and Ionic Liquids Using <b><i>Drosophila melanogaster</i></b> S2 Cell Culture
snapshot_1,Topic_anion_engineering_2011-2020_Knowledge.txt,421,https://openalex.org/W3016872879,https://doi.org/10.1101/2020.04.15.043158,2020,"RubyACRs, non-algal anion channelrhodopsins with highly red-shifted absorption"
snapshot_1,Topic_anion_engineering_2011-2020_Knowledge.txt,422,https://openalex.org/W2142145570,https://doi.org/10.1039/c5py00263j,2015,Lignocellulosic biomass: a sustainable platform for the production of bio-based chemicals and polymers
snapshot_1,Topic_anion_engineering_2011-2020_Knowledge.txt,423,https://openalex.org/W2441647337,https://doi.org/10.1002/anie.201510351,2016,"Paving the Way for Lignin Valorisation: Recent Advances in Bioengineering, Biorefining and Catalysis"
snapshot_1,Topic_anion_engineering_2011-2020_Knowledge.txt,424,https://openalex.org/W1970750449,https://doi.org/10.1002/app.40256,2013,Preparation of anion exchange membrane based on homogeneous quaternization of bromomethylated poly(arylene ether sulfone)
snapshot_1,Topic_anion_engineering_2011-2020_Knowledge.txt,425,https://openalex.org/W2943846876,https://doi.org/10.1515/9783110583632,2019,Ionic Liquids
snapshot_1,Topic_anion_engineering_2011-2020_Knowledge.txt,426,https://openalex.org/W3000743283,https://doi.org/10.3390/ijms21020487,2020,Chitosan Derivatives and Their Application in Biomedicine
snapshot_1,Topic_anion_engineering_2011-2020_Knowledge.txt,427,https://openalex.org/W2135999176,https://doi.org/10.1039/c4ee02158d,2014,Pathways to low-cost electrochemical energy storage: a comparison of aqueous and nonaqueous flow batteries
snapshot_1,Topic_anion_engineering_2011-2020_Knowledge.txt,428,https://openalex.org/W2002550723,https://doi.org/10.1134/s1023193511050132,2011,Electrochemical cell with solid oxide electrolyte and oxygen pump thereof
snapshot_1,Topic_anion_engineering_2011-2020_Knowledge.txt,429,https://openalex.org/W2560643839,https://doi.org/10.1021/acs.langmuir.6b03798,2016,Molecular Structure and Dynamics of Ionic Liquids in a Rigid-Rod Polyanion-Based Ion Gel
snapshot_1,Topic_anion_engineering_2011-2020_Knowledge.txt,430,https://openalex.org/W2289629300,https://doi.org/10.1039/c6cs00061d,2016,Molecular imprinting: perspectives and applications
snapshot_1,Topic_anion_engineering_2011-2020_Knowledge.txt,431,https://openalex.org/W2908576955,https://doi.org/10.1039/c8cp07829g,2019,Fine probing the effect of replacing [PF<sub>6</sub>]<sup>−</sup>with [PF<sub>3</sub>(C<sub>2</sub>F<sub>5</sub>)<sub>3</sub>]<sup>−</sup>on the local structure and nanoscale organization of [bmim]<sup>+</sup>-based ionic liquids using MD simulation
snapshot_1,Topic_anion_engineering_2011-2020_Knowledge.txt,432,https://openalex.org/W2989749893,https://doi.org/10.1002/aenm.201903090,2019,New Strategies for Defect Passivation in High‐Efficiency Perovskite Solar Cells
snapshot_1,Topic_anion_engineering_2011-2020_Knowledge.txt,433,https://openalex.org/W2070278096,https://doi.org/10.1039/c4ee03824j,2015,Recent progress and perspective in solution-processed Interfacial materials for efficient and stable polymer and organometal perovskite solar cells
snapshot_1,Topic_anion_engineering_2011-2020_Knowledge.txt,434,https://openalex.org/W2615088057,https://doi.org/10.14279/depositonce-5913,2017,Band gap engineering: the role of anions
snapshot_1,Topic_anion_engineering_2011-2020_Knowledge.txt,435,https://openalex.org/W2416519382,https://doi.org/10.1039/c6cs00124f,2016,Applying low-molecular weight supramolecular gelators in an environmental setting – self-assembled gels as smart materials for pollutant removal
snapshot_1,Topic_anion_engineering_2011-2020_Knowledge.txt,436,https://openalex.org/W3094543231,https://doi.org/10.3389/fchem.2020.591860,2020,IDTI Dyes for Fluoride Anion Chemosensors
snapshot_1,Topic_anion_engineering_2011-2020_Knowledge.txt,437,https://openalex.org/W1600593299,https://doi.org/10.4028/www.scientific.net/amm.773-774.1524,2015,Groundwater Seepage Mapping Using Electrical Resistivity Imaging
snapshot_1,Topic_anion_engineering_2011-2020_Knowledge.txt,438,https://openalex.org/W2671169680,https://doi.org/10.3389/fmicb.2017.01014,2017,"Nanotechnology in Sustainable Agriculture: Recent Developments, Challenges, and Perspectives"
snapshot_1,Topic_anion_engineering_2011-2020_Knowledge.txt,439,https://openalex.org/W2315163314,https://doi.org/10.1021/cg301526f,2012,Air-Stable Cyclohexasulfur as Cocrystal
snapshot_1,Topic_anion_engineering_2011-2020_Knowledge.txt,440,https://openalex.org/W1990692674,https://doi.org/10.1016/j.fob.2013.07.002,2013,The roles of active site residues in the catalytic mechanism of methylaspartate ammonia‐lyase
snapshot_1,Topic_anion_engineering_2011-2020_Knowledge.txt,441,https://openalex.org/W2074980407,https://doi.org/10.3390/md13031133,2015,"Chitin and Chitosan Preparation from Marine Sources. Structure, Properties and Applications"
snapshot_1,Topic_anion_engineering_2011-2020_Knowledge.txt,442,https://openalex.org/W3012812624,https://doi.org/10.1039/c9cp06795g,2020,"Predictive models for the phase behaviour and solution properties of weak electrolytes: nitric, sulphuric, and carbonic acids"
snapshot_1,Topic_anion_engineering_2011-2020_Knowledge.txt,443,https://openalex.org/W3010584010,https://doi.org/10.1039/c9se01240k,2020,Green hydrogen from anion exchange membrane water electrolysis: a review of recent developments in critical materials and operating conditions
snapshot_1,Topic_anion_engineering_2011-2020_Knowledge.txt,444,https://openalex.org/W2143744325,https://doi.org/10.5923/j.ajee.20120203.03,2012,"Gibbs Free Energies, Enthalpies and Entropies of Transfer for Reference Ions Ph&lt;SUB&gt;4&lt;/SUB&gt; As&lt;SUP&gt;+&lt;/SUP&gt; and Ph&lt;SUB&gt;4&lt;/SUB&gt; B&lt;SUP&gt;-&lt;/SUP&gt; in Mixed DMFA-H&lt;SUB&gt;2&lt;/SUB&gt;O Solvents at Different Temperatures"
snapshot_1,Topic_anion_engineering_2011-2020_Knowledge.txt,445,https://openalex.org/W2463801883,https://doi.org/10.1039/c5cs00878f,2016,"Covalent organic frameworks based on Schiff-base chemistry: synthesis, properties and potential applications"
snapshot_1,Topic_anion_engineering_2011-2020_Knowledge.txt,446,https://openalex.org/W2170889100,https://doi.org/10.1007/s12010-013-0269-0,2013,State of the Art for the Biosorption Process—a Review
snapshot_1,Topic_anion_engineering_2011-2020_Knowledge.txt,447,https://openalex.org/W2585180500,https://doi.org/10.1016/j.jare.2017.01.005,2017,A review on polymeric hydrogel membranes for wound dressing applications: PVA-based hydrogel dressings
snapshot_1,Topic_anion_engineering_2011-2020_Knowledge.txt,448,https://openalex.org/W2138193175,https://doi.org/10.1199/tab.0166,2013,Abscisic Acid Synthesis and Response
snapshot_1,Topic_anion_engineering_2011-2020_Knowledge.txt,449,https://openalex.org/W2258517646,https://doi.org/10.1073/pnas.1600789113,2016,Lasing in robust cesium lead halide perovskite nanowires
snapshot_1,Topic_anion_engineering_2011-2020_Knowledge.txt,450,https://openalex.org/W2564817054,https://doi.org/10.1021/acsami.6b12489,2016,Ionic Liquids as Lubricant Additives: A Review
snapshot_1,Topic_anion_engineering_2011-2020_Knowledge.txt,451,https://openalex.org/W2736888421,https://doi.org/10.15405/epsbs.2017.07.02.69,2017,Use of Ion Exchange Filters in Wastewater Treatment
snapshot_1,Topic_anion_engineering_2011-2020_Knowledge.txt,452,https://openalex.org/W2951283025,https://doi.org/10.1039/c9dt01953g,2019,“Like–like” tetrel bonding interactions between Sn centres: a combined<i>ab initio</i>and CSD study
snapshot_1,Topic_anion_engineering_2011-2020_Knowledge.txt,453,https://openalex.org/W2784681531,https://doi.org/10.1021/acs.iecr.7b03514,2018,General Techno-Economic Analysis of CO<sub>2</sub> Electrolysis Systems
snapshot_1,Topic_anion_engineering_2011-2020_Knowledge.txt,454,https://openalex.org/W2128745431,https://doi.org/10.3390/lubricants1010003,2013,A Review of Ionic Liquid Lubricants
snapshot_1,Topic_anion_engineering_2011-2020_Knowledge.txt,455,https://openalex.org/W2010715772,https://doi.org/10.4061/2011/787532,2011,Chemical and Physicochemical Pretreatment of Lignocellulosic Biomass: A Review
snapshot_1,Topic_anion_engineering_2011-2020_Knowledge.txt,456,https://openalex.org/W2278970271,https://doi.org/10.1038/npjcompumats.2015.10,2015,The Open Quantum Materials Database (OQMD): assessing the accuracy of DFT formation energies
snapshot_1,Topic_anion_engineering_2011-2020_Knowledge.txt,457,https://openalex.org/W3014059193,https://doi.org/10.1021/acssuschemeng.0c01383,2020,Tailored Crafting of Core–Shell Cobalt-Hydroxides@Polyfluoroaniline Nanostructures with Strongly Coupled Interfaces and Improved Hydrophilicity to Enable Efficient Oxygen Evolution
snapshot_1,Topic_anion_engineering_2011-2020_Knowledge.txt,458,https://openalex.org/W3057382073,https://doi.org/10.1021/acs.cgd.0c01041,2020,Organoferroelasticity Mediated by Water of Crystallization
snapshot_1,Topic_anion_engineering_2011-2020_Knowledge.txt,459,https://openalex.org/W2333985033,https://doi.org/10.1080/19420889.2014.1000710,2015,Production and removal of superoxide anion radical by artificial metalloenzymes and redox-active metals
snapshot_1,Topic_anion_engineering_2011-2020_Knowledge.txt,460,https://openalex.org/W2896578268,https://doi.org/10.1039/c8cs00325d,2018,The peculiar effect of water on ionic liquids and deep eutectic solvents
snapshot_1,Topic_anion_engineering_2011-2020_Knowledge.txt,461,https://openalex.org/W2738629485,https://doi.org/10.1021/jacs.7b06765,2017,Promoter Effects of Alkali Metal Cations on the Electrochemical Reduction of Carbon Dioxide
snapshot_1,Topic_anion_engineering_2011-2020_Knowledge.txt,462,https://openalex.org/W2995400468,https://doi.org/10.1038/s41467-019-13648-7,2019,Design principles of ion selective nanostructured membranes for the extraction of lithium ions
snapshot_1,Topic_anion_engineering_2011-2020_Knowledge.txt,463,https://openalex.org/W2301129450,https://doi.org/10.1146/annurev-physchem-040215-112222,2016,Charge-Carrier Dynamics in Organic-Inorganic Metal Halide Perovskites
snapshot_1,Topic_anion_engineering_2011-2020_Knowledge.txt,464,https://openalex.org/W1526755650,https://doi.org/10.1111/j.1365-2125.2012.04425.x,2012,Bioavailability of bioactive food compounds: a challenging journey to bioefficacy
snapshot_1,Topic_anion_engineering_2011-2020_Knowledge.txt,465,https://openalex.org/W2000237980,https://doi.org/10.2147/nsa.s19419,2011,Titanium dioxide and zinc oxide nanoparticles in sunscreens: focus on their safety and effectiveness
snapshot_1,Topic_anion_engineering_2011-2020_Knowledge.txt,466,https://openalex.org/W2805883367,https://doi.org/10.1002/sia.6468,2018,"Preparation, intercalation, and characterization of nanostructured (Zn, Al) layered double hydroxides (LDHs)"
snapshot_1,Topic_anion_engineering_2011-2020_Knowledge.txt,467,https://openalex.org/W2580747886,https://doi.org/10.1107/s2053229617000559,2017,"Hydrogen-bonded assemblies in the molecular crystals of 2,2′-thiodiacetic acid with ethylenediamine and<i>o</i>-phenylenediamine"
snapshot_1,Topic_anion_engineering_2011-2020_Knowledge.txt,468,https://openalex.org/W1906455749,https://doi.org/10.1039/c5ee00519a,2015,Water desalination via capacitive deionization: what is it and what can we expect from it?
snapshot_1,Topic_anion_engineering_2011-2020_Knowledge.txt,469,https://openalex.org/W2299486699,https://doi.org/10.1149/06917.0403ecst,2015,New Polymer Structures for Anion Exchange Membranes
snapshot_1,Topic_anion_engineering_2011-2020_Knowledge.txt,470,https://openalex.org/W2801305065,https://doi.org/10.1002/anie.201712732,2018,Modern Electrochemical Aspects for the Synthesis of Value‐Added Organic Products
snapshot_1,Topic_anion_engineering_2011-2020_Knowledge.txt,471,https://openalex.org/W3084514041,https://doi.org/10.31635/ccschem.020.202000436,2020,A Nonlinear Optical Switchable Sulfate of Ultrawide Bandgap
snapshot_1,Topic_anion_engineering_2011-2020_Knowledge.txt,472,https://openalex.org/W2984074512,https://doi.org/10.1016/j.pmatsci.2019.100616,2019,Progress in understanding structure and transport properties of PEDOT-based materials: A critical review
snapshot_1,Topic_anion_engineering_2011-2020_Knowledge.txt,473,https://openalex.org/W2245473517,N/A,2014,Importance of Reactive Oxygen Species in Plants-Pathogens Interactions
snapshot_1,Topic_anion_engineering_2011-2020_Knowledge.txt,474,https://openalex.org/W2024755553,https://doi.org/10.1155/2012/380217,2011,Green Inhibitors for Corrosion Protection of Metals and Alloys: An Overview
snapshot_1,Topic_anion_engineering_2011-2020_Knowledge.txt,475,https://openalex.org/W2727482182,https://doi.org/10.1007/s40259-017-0234-5,2017,Adeno-Associated Virus (AAV) as a Vector for Gene Therapy
snapshot_1,Topic_anion_engineering_2011-2020_Knowledge.txt,476,https://openalex.org/W2298105020,https://doi.org/10.1039/c6ee00377j,2016,Effect of interlayer anions on [NiFe]-LDH nanosheet water oxidation activity
snapshot_1,Topic_anion_engineering_2011-2020_Knowledge.txt,477,https://openalex.org/W2115374632,https://doi.org/10.1002/anie.201409740,2014,Self‐Regulation Mechanism for Charged Point Defects in Hybrid Halide Perovskites
snapshot_1,Topic_anion_engineering_2011-2020_Knowledge.txt,478,https://openalex.org/W2124956928,https://doi.org/10.3389/fpls.2013.00138,2013,Open or Close the Gate – Stomata Action Under the Control of Phytohormones in Drought Stress Conditions
snapshot_1,Topic_anion_engineering_2011-2020_Knowledge.txt,479,https://openalex.org/W2796293482,https://doi.org/10.1021/acs.inorgchem.7b03161,2018,Unmasking the Mechanism of Structural Para- to Ferroelectric Phase Transition in (NH<sub>4</sub>)<sub>2</sub>SO<sub>4</sub>
snapshot_1,Topic_anion_engineering_2011-2020_Knowledge.txt,480,https://openalex.org/W1970592634,https://doi.org/10.1073/pnas.1217215110,2013,Two-dimensional NMR spectroscopy reveals cation-triggered backbone degradation in polysulfone-based anion exchange membranes
snapshot_1,Topic_anion_engineering_2011-2020_Knowledge.txt,481,https://openalex.org/W2051394400,https://doi.org/10.1039/c3nr02176a,2013,Supramolecular self-assemblies as functional nanomaterials
snapshot_1,Topic_anion_engineering_2011-2020_Knowledge.txt,482,https://openalex.org/W2186736649,https://doi.org/10.3109/14756366.2015.1122001,2015,How many carbonic anhydrase inhibition mechanisms exist?
snapshot_1,Topic_anion_engineering_2011-2020_Knowledge.txt,483,https://openalex.org/W2589212456,https://doi.org/10.1021/acsnano.7b00116,2017,Dismantling the “Red Wall” of Colloidal Perovskites: Highly Luminescent Formamidinium and Formamidinium–Cesium Lead Iodide Nanocrystals
snapshot_1,Topic_anion_engineering_2011-2020_Knowledge.txt,484,https://openalex.org/W3094084527,https://doi.org/10.31635/ccschem.020.202000489,2020,A Molecular Crystal Shows Multiple Correlated Magnetic and Ferroelectric Switchings
snapshot_1,Topic_anion_engineering_2011-2020_Knowledge.txt,485,https://openalex.org/W2903709198,https://doi.org/10.3389/fenrg.2018.00141,2018,Recent Trends in the Pretreatment of Lignocellulosic Biomass for Value-Added Products
snapshot_1,Topic_anion_engineering_2011-2020_Knowledge.txt,486,https://openalex.org/W2000815209,https://doi.org/10.1002/qua.24481,2013,Jaguar: A high‐performance quantum chemistry software program with strengths in life and materials sciences
snapshot_1,Topic_anion_engineering_2011-2020_Knowledge.txt,487,https://openalex.org/W2894386124,https://doi.org/10.1002/ep.12968,2018,Cr(VI) adsorption from aqueous solution and its reactions behavior on the surfaces of granular Fe–Mn binary oxides
snapshot_1,Topic_anion_engineering_2011-2020_Knowledge.txt,488,https://openalex.org/W2980984131,https://doi.org/10.1039/c9cc06429j,2019,Unorthodox crystalline drug salts <i>via</i> the reaction of amine-containing drugs with CO<sub>2</sub>
snapshot_1,Topic_anion_engineering_2011-2020_Knowledge.txt,489,https://openalex.org/W2908708255,https://doi.org/10.3390/ph12010011,2019,The Therapeutic Potential of Naringenin: A Review of Clinical Trials
snapshot_1,Topic_anion_engineering_2011-2020_Knowledge.txt,490,https://openalex.org/W2035556759,https://doi.org/10.3390/ijms14059643,2013,"Physiological, Biochemical, and Molecular Mechanisms of Heat Stress Tolerance in Plants"
snapshot_1,Topic_anion_engineering_2011-2020_Knowledge.txt,491,https://openalex.org/W1923680886,https://doi.org/10.1002/aenm.201500985,2015,A Review of Phosphide‐Based Materials for Electrocatalytic Hydrogen Evolution
snapshot_1,Topic_anion_engineering_2011-2020_Knowledge.txt,492,https://openalex.org/W2025220165,https://doi.org/10.5458/jag.jag.jag-2010_025,2011,Starch Properties of Transgenic Sweetpotato Plants Modified by RNA Interference of the Starch Synthase II Gene
snapshot_1,Topic_anion_engineering_2011-2020_Knowledge.txt,493,https://openalex.org/W2552667437,https://doi.org/10.1088/0964-1726/25/12/125033,2016,Polypyrrole membranes as scaffolds for biomolecule immobilization
snapshot_1,Topic_anion_engineering_2011-2020_Knowledge.txt,494,https://openalex.org/W2073796299,https://doi.org/10.3892/ijmm.2014.2017,2014,"Expression, identification and biological effects of the novel recombination protein, PACAP38-NtA, with high bioactivity"
snapshot_1,Topic_anion_engineering_2011-2020_Knowledge.txt,495,https://openalex.org/W2130523806,https://doi.org/10.1107/s2052520615016297,2015,Comprehensive derivation of bond-valence parameters for ion pairs involving oxygen
snapshot_1,Topic_anion_engineering_2011-2020_Knowledge.txt,496,https://openalex.org/W2148155489,https://doi.org/10.1093/ijlct/cts049,2012,Produced water treatment technologies
snapshot_1,Topic_anion_engineering_2011-2020_Knowledge.txt,497,https://openalex.org/W2765226908,https://doi.org/10.1021/acs.jpcc.7b06189,2017,Modifying Specific Li-Sites of LiNH<sub>2</sub> by Na: Study of Multication Hydride Li<sub>3</sub>Na(NH<sub>2</sub>)<sub>4</sub> in Electrochemical Applications
snapshot_1,Topic_anion_engineering_2011-2020_Knowledge.txt,498,https://openalex.org/W2189000696,https://doi.org/10.1021/acs.chemrev.5b00370,2015,Light-Driven Heterogeneous Reduction of Carbon Dioxide: Photocatalysts and Photoelectrodes
snapshot_1,Topic_anion_engineering_2011-2020_Knowledge.txt,499,https://openalex.org/W2109973022,https://doi.org/10.1039/c4ee03749a,2015,"Polyoxometalate-functionalized nanocarbon materials for energy conversion, energy storage and sensor systems"
snapshot_1,Topic_anion_engineering_2011-2020_Knowledge.txt,500,https://openalex.org/W2998519396,https://doi.org/10.2298/apt1950236l,2019,Electrobaromembrane apparatuses: Classification and particular application for wastewater treatment
snapshot_2,Topic_metal_sulfoselenide_anodes_2011-2020_Knowledge.txt,1,https://openalex.org/W2612413761,https://doi.org/10.1002/aenm.201700381,2017,Ultrathin High Surface Area Nickel Boride (Ni<i><sub>x</sub></i>B) Nanosheets as Highly Efficient Electrocatalyst for Oxygen Evolution
snapshot_2,Topic_metal_sulfoselenide_anodes_2011-2020_Knowledge.txt,2,https://openalex.org/W3021370429,https://doi.org/10.1007/s40820-020-00442-0,2020,A Superaerophobic Bimetallic Selenides Heterostructure for Efficient Industrial-Level Oxygen Evolution at Ultra-High Current Densities
snapshot_2,Topic_metal_sulfoselenide_anodes_2011-2020_Knowledge.txt,3,https://openalex.org/W2982302998,https://doi.org/10.3389/fchem.2019.00716,2019,Synthesis of Mo2C and W2C Nanoparticle Electrocatalysts for the Efficient Hydrogen Evolution Reaction in Alkali and Acid Electrolytes
snapshot_2,Topic_metal_sulfoselenide_anodes_2011-2020_Knowledge.txt,4,https://openalex.org/W2899031455,https://doi.org/10.3390/catal8110551,2018,Layered Ternary and Quaternary Transition Metal Chalcogenide Based Catalysts for Water Splitting
snapshot_2,Topic_metal_sulfoselenide_anodes_2011-2020_Knowledge.txt,5,https://openalex.org/W3020926949,https://doi.org/10.1002/chem.202001289,2020,Enhancing the CO<sub>2</sub> Electroreduction of Fe/Ni‐Pentlandite Catalysts by S/Se Exchange
snapshot_2,Topic_metal_sulfoselenide_anodes_2011-2020_Knowledge.txt,6,https://openalex.org/W3092190999,https://doi.org/10.1002/smll.202004047,2020,"Non‐Equilibrium Synthesis of Highly Active Nanostructured, Oxygen‐Incorporated Amorphous Molybdenum Sulfide HER Electrocatalyst"
snapshot_2,Topic_metal_sulfoselenide_anodes_2011-2020_Knowledge.txt,7,https://openalex.org/W2790163454,https://doi.org/10.1002/admi.201701604,2018,MoS<sub>0.5</sub>Se<sub>1.5</sub> Embedded in 2D Porous Carbon Sheets Boost Lithium Storage Performance as an Anode Material
snapshot_2,Topic_metal_sulfoselenide_anodes_2011-2020_Knowledge.txt,8,https://openalex.org/W1995389455,https://doi.org/10.1155/2012/502481,2012,High‐Sensitive Sensor of Dopamine Based on Photoluminescence Quenching of Hierarchical CdS Spherical Aggregates
snapshot_2,Topic_metal_sulfoselenide_anodes_2011-2020_Knowledge.txt,9,https://openalex.org/W2981926610,https://doi.org/10.3390/nano9111525,2019,Reactivity and Chemical Sintering of Carey Lea Silver Nanoparticles
snapshot_2,Topic_metal_sulfoselenide_anodes_2011-2020_Knowledge.txt,10,https://openalex.org/W4252308332,https://doi.org/10.3133/pp1802q,2017,Selenium
snapshot_2,Topic_metal_sulfoselenide_anodes_2011-2020_Knowledge.txt,11,https://openalex.org/W2742450380,https://doi.org/10.1007/s13204-017-0579-6,2017,Hydrothermal–electrochemical growth of heterogeneous ZnO: Co films
snapshot_2,Topic_metal_sulfoselenide_anodes_2011-2020_Knowledge.txt,12,https://openalex.org/W2793978303,https://doi.org/10.5772/intechopen.71014,2018,E-ALD: Tailoring the Optoeletronic Properties of Metal Chalcogenides on Ag Single Crystals
snapshot_2,Topic_metal_sulfoselenide_anodes_2011-2020_Knowledge.txt,13,https://openalex.org/W2556708582,https://doi.org/10.5479/si.19492367.5,2016,The Noninvasive Analysis of Painted Surfaces: Scientific Impact and Conservation Practice
snapshot_2,Topic_metal_sulfoselenide_anodes_2011-2020_Knowledge.txt,14,https://openalex.org/W4256145467,https://doi.org/10.26434/chemrxiv.12380726,2020,"Industry-applicable, efficient hydrogen evolution reaction through an interface-activated bimetallic electrode with seawater photolysis in alkaline media"
snapshot_2,Topic_metal_sulfoselenide_anodes_2011-2020_Knowledge.txt,15,https://openalex.org/W2885934662,https://doi.org/10.30880/jst.2018.10.02.009,2018,Structural and Optical Properties of Nickel Sulfoselenide (NiSSe) Thin Film for Photoelectrochemical Applications
snapshot_2,Topic_metal_sulfoselenide_anodes_2011-2020_Knowledge.txt,16,https://openalex.org/W2883053378,N/A,2018,Photoelectrochemical Studies on Non-Noble Metal Based Catalysts towards Tandem Solar Water Splitting
snapshot_2,Topic_metal_sulfoselenide_anodes_2011-2020_Knowledge.txt,17,https://openalex.org/W4412250355,N/A,2016,"Portable X-ray Fluorescence and Infrared Fluorescence Imaging Studies of Cadmium Yellow Alteration in Paintings by Edward Munch and Henri matisse in Oslo, Copenhagen, and San Francisco"
snapshot_2,Topic_metal_sulfoselenide_anodes_2011-2020_Knowledge.txt,18,https://openalex.org/W2775815076,https://doi.org/10.32657/10356/72864,2017,Study on electrochemical water splitting : designing efficient oxygen evolution reaction catalysts and Exploring Scientific Issues in activity evaluation of hydrogen evolution reaction
snapshot_2,Topic_metal_sulfoselenide_anodes_2011-2020_Knowledge.txt,19,https://openalex.org/W4386792484,https://doi.org/10.58837/chula.the.2019.331,2019,Preparation and photocatalytic efficiency of graphitic carbon nitride/silver-titanium dioxide composite
snapshot_2,Topic_metal_sulfoselenide_anodes_2011-2020_Knowledge.txt,20,https://openalex.org/W2971956624,https://doi.org/10.25904/1912/1085,2019,Advanced Hierarchically 2D and 3D Nanostructured Materials for Electrochemical Clean Energy Conversion
snapshot_2,Topic_metal_sulfoselenide_anodes_2011-2020_Knowledge.txt,21,https://openalex.org/W2982635699,https://doi.org/10.32657/10356/105623,2019,Novel earth-abundant and highly efficient electrocatalysts for hydrogen and oxygen production
snapshot_2,Topic_metal_sulfoselenide_anodes_2011-2020_Knowledge.txt,22,https://openalex.org/W2584657884,https://doi.org/10.32657/10356/69485,2017,The relations between Van Der Waals and covalent forces in layered crystals
snapshot_2,Topic_metal_sulfoselenide_anodes_2011-2020_Knowledge.txt,23,https://openalex.org/W3100876599,https://doi.org/10.4995/thesis/10251/154334,2020,Elaboration and characterization by electrochemical technique CZTS thin layers for photovoltaic application
snapshot_2,Topic_metal_sulfoselenide_anodes_2011-2020_Knowledge.txt,24,https://openalex.org/W3082749766,N/A,2011,Étude électro-optique de l'interface n-alcanethiols GaAs(001) les phénomènes de surface et les applications en bio-détection à base de photoluminescence
snapshot_2,Topic_metal_sulfoselenide_anodes_2011-2020_Knowledge.txt,25,https://openalex.org/W2937834091,https://doi.org/10.17580/gzh.2019.03.08,2019,Raw materials base of Preсambrian rare metals in Karelia: Current conditions and development prospects
