source_snapshot,source_file,local_id,openalex_id,doi,year,title
snapshot_1,Topic_metal_sulfide_anodes_2009-2018_Knowledge.txt,1,https://openalex.org/W2567505432,https://doi.org/10.1002/aenm.201601424,2016,A Review on Design Strategies for Carbon Based Metal Oxides and Sulfides Nanocomposites for High Performance Li and Na Ion Battery Anodes
snapshot_1,Topic_metal_sulfide_anodes_2009-2018_Knowledge.txt,2,https://openalex.org/W2790835819,https://doi.org/10.1039/c8ta00901e,2018,Rocksalt-type metal sulfide anodes for high-rate sodium storage
snapshot_1,Topic_metal_sulfide_anodes_2009-2018_Knowledge.txt,3,https://openalex.org/W2744410694,https://doi.org/10.1002/adfm.201702046,2017,General Synthesis of Dual Carbon‐Confined Metal Sulfides Quantum Dots Toward High‐Performance Anodes for Sodium‐Ion Batteries
snapshot_1,Topic_metal_sulfide_anodes_2009-2018_Knowledge.txt,4,https://openalex.org/W2399748782,https://doi.org/10.1039/c6ta03210a,2016,Germanium sulfide nanosheet: a universal anode material for alkali metal ion batteries
snapshot_1,Topic_metal_sulfide_anodes_2009-2018_Knowledge.txt,5,https://openalex.org/W2781777157,https://doi.org/10.1021/acs.chemmater.7b04976,2018,Ternary Transition Metal Sulfides Embedded in Graphene Nanosheets as Both the Anode and Cathode for High-Performance Asymmetric Supercapacitors
snapshot_1,Topic_metal_sulfide_anodes_2009-2018_Knowledge.txt,6,https://openalex.org/W2603442821,https://doi.org/10.1039/c6cs00776g,2017,Sodium-ion batteries: present and future
snapshot_1,Topic_metal_sulfide_anodes_2009-2018_Knowledge.txt,7,https://openalex.org/W2793204661,https://doi.org/10.1021/acsami.7b19037,2018,New Insights into the Interphase between the Na Metal Anode and Sulfide Solid-State Electrolytes: A Joint Experimental and Computational Study
snapshot_1,Topic_metal_sulfide_anodes_2009-2018_Knowledge.txt,8,https://openalex.org/W2808157621,https://doi.org/10.1039/c8ta03444c,2018,Dual carbon-protected metal sulfides and their application to sodium-ion battery anodes
snapshot_1,Topic_metal_sulfide_anodes_2009-2018_Knowledge.txt,9,https://openalex.org/W2071792132,https://doi.org/10.1039/c0ee00699h,2011,Recent developments in nanostructured anode materials for rechargeable lithium-ion batteries
snapshot_1,Topic_metal_sulfide_anodes_2009-2018_Knowledge.txt,10,https://openalex.org/W2901233235,https://doi.org/10.1021/acsami.8b14839,2018,Metal–Organic Framework Template-Directed Fabrication of Well-Aligned Pentagon-like Hollow Transition-Metal Sulfides as the Anode and Cathode for High-Performance Asymmetric Supercapacitors
snapshot_1,Topic_metal_sulfide_anodes_2009-2018_Knowledge.txt,11,https://openalex.org/W2585917535,https://doi.org/10.1002/adma.201601759,2017,Nanostructured Metal Oxides and Sulfides for Lithium–Sulfur Batteries
snapshot_1,Topic_metal_sulfide_anodes_2009-2018_Knowledge.txt,12,https://openalex.org/W2175384199,https://doi.org/10.1039/c5cc06957b,2015,A general approach to fabricate free-standing metal sulfide@carbon nanofiber networks as lithium ion battery anodes
snapshot_1,Topic_metal_sulfide_anodes_2009-2018_Knowledge.txt,13,https://openalex.org/W2605231915,https://doi.org/10.1039/c7ta01088e,2017,"Multicomponent (Mo, Ni) metal sulfide and selenide microspheres with empty nanovoids as anode materials for Na-ion batteries"
snapshot_1,Topic_metal_sulfide_anodes_2009-2018_Knowledge.txt,14,https://openalex.org/W1958947896,https://doi.org/10.1039/c5cc04289e,2015,High capacity and exceptional cycling stability of ternary metal sulfide nanorods as Li ion battery anodes
snapshot_1,Topic_metal_sulfide_anodes_2009-2018_Knowledge.txt,15,https://openalex.org/W2534928601,https://doi.org/10.1021/acscatal.6b02479,2016,"Recent Trends and Perspectives in Electrochemical Water Splitting with an Emphasis on Sulfide, Selenide, and Phosphide Catalysts of Fe, Co, and Ni: A Review"
snapshot_1,Topic_metal_sulfide_anodes_2009-2018_Knowledge.txt,16,https://openalex.org/W2476116270,https://doi.org/10.1039/c5cs00410a,2016,Designing high-energy lithium–sulfur batteries
snapshot_1,Topic_metal_sulfide_anodes_2009-2018_Knowledge.txt,17,https://openalex.org/W2752883475,https://doi.org/10.1039/c7cc06192g,2017,"One-pot synthesis of multicomponent (Mo, Co) metal sulfide/carbon nanoboxes as anode materials for improving Na-ion storage"
snapshot_1,Topic_metal_sulfide_anodes_2009-2018_Knowledge.txt,18,https://openalex.org/W2604150433,https://doi.org/10.1126/sciadv.1601659,2017,"Toward garnet electrolyte–based Li metal batteries: An ultrathin, highly effective, artificial solid-state electrolyte/metallic Li interface"
snapshot_1,Topic_metal_sulfide_anodes_2009-2018_Knowledge.txt,19,https://openalex.org/W2089705033,https://doi.org/10.1002/adfm.201404078,2015,MoS<sub>2</sub>/Graphene Composite Anodes with Enhanced Performance for Sodium‐Ion Batteries: The Role of the Two‐Dimensional Heterointerface
snapshot_1,Topic_metal_sulfide_anodes_2009-2018_Knowledge.txt,20,https://openalex.org/W2547559399,https://doi.org/10.1002/aenm.201601329,2016,The Application of Metal Sulfides in Sodium Ion Batteries
snapshot_1,Topic_metal_sulfide_anodes_2009-2018_Knowledge.txt,21,https://openalex.org/W2259521218,https://doi.org/10.1002/adma.201504412,2016,Self‐Supported Nanotube Arrays of Sulfur‐Doped TiO<sub>2</sub> Enabling Ultrastable and Robust Sodium Storage
snapshot_1,Topic_metal_sulfide_anodes_2009-2018_Knowledge.txt,22,https://openalex.org/W2681411897,https://doi.org/10.1002/adma.201700606,2017,Advances and Challenges in Metal Sulfides/Selenides for Next‐Generation Rechargeable Sodium‐Ion Batteries
snapshot_1,Topic_metal_sulfide_anodes_2009-2018_Knowledge.txt,23,https://openalex.org/W2794379033,https://doi.org/10.1080/21663831.2018.1447520,2018,General approach for preparing sandwich-structured metal sulfide@reduced graphene oxide as highly reversible Li-ion battery anode
snapshot_1,Topic_metal_sulfide_anodes_2009-2018_Knowledge.txt,24,https://openalex.org/W2784532118,https://doi.org/10.1021/acs.accounts.7b00487,2018,Understanding Conversion-Type Electrodes for Lithium Rechargeable Batteries
snapshot_1,Topic_metal_sulfide_anodes_2009-2018_Knowledge.txt,25,https://openalex.org/W2770690140,https://doi.org/10.1021/acsnano.7b07132,2017,Cobalt Sulfide Quantum Dot Embedded N/S-Doped Carbon Nanosheets with Superior Reversibility and Rate Capability for Sodium-Ion Batteries
snapshot_1,Topic_metal_sulfide_anodes_2009-2018_Knowledge.txt,26,https://openalex.org/W2594535137,https://doi.org/10.1002/advs.201600517,2017,Strategies Based on Nitride Materials Chemistry to Stabilize Li Metal Anode
snapshot_1,Topic_metal_sulfide_anodes_2009-2018_Knowledge.txt,27,https://openalex.org/W2416274046,https://doi.org/10.1021/acs.accounts.5b00114,2015,Tin and Tin Compounds for Sodium Ion Battery Anodes: Phase Transformations and Performance
snapshot_1,Topic_metal_sulfide_anodes_2009-2018_Knowledge.txt,28,https://openalex.org/W2895175849,https://doi.org/10.1002/celc.201801254,2018,Strain Redistribution in Metal‐Sulfide‐Composite Anode for Enhancing Volumetric Lithium Storage
snapshot_1,Topic_metal_sulfide_anodes_2009-2018_Knowledge.txt,29,https://openalex.org/W2556737969,https://doi.org/10.1002/anie.201610301,2016,Double‐Helix Structure in Carrageenan–Metal Hydrogels: A General Approach to Porous Metal Sulfides/Carbon Aerogels with Excellent Sodium‐Ion Storage
snapshot_1,Topic_metal_sulfide_anodes_2009-2018_Knowledge.txt,30,https://openalex.org/W2797444850,https://doi.org/10.3390/met8040252,2018,Chemical Dealloying Synthesis of CuS Nanowire-on-Nanoplate Network as Anode Materials for Li-Ion Batteries
snapshot_1,Topic_metal_sulfide_anodes_2009-2018_Knowledge.txt,31,https://openalex.org/W2765164073,https://doi.org/10.1002/adma.201704681,2017,Oxygen Vacancies Dominated NiS<sub>2</sub>/CoS<sub>2</sub> Interface Porous Nanowires for Portable Zn–Air Batteries Driven Water Splitting Devices
snapshot_1,Topic_metal_sulfide_anodes_2009-2018_Knowledge.txt,32,https://openalex.org/W2573377826,https://doi.org/10.1126/science.aad4998,2017,Combining theory and experiment in electrocatalysis: Insights into materials design
snapshot_1,Topic_metal_sulfide_anodes_2009-2018_Knowledge.txt,33,https://openalex.org/W2884356808,https://doi.org/10.1149/08513.0275ecst,2018,Metal Sulfide/Carbon Composite Fibers as Anode Materials for Lithium Ion Batteries
snapshot_1,Topic_metal_sulfide_anodes_2009-2018_Knowledge.txt,34,https://openalex.org/W2902951594,https://doi.org/10.1002/ente.201800889,2018,Synthesis of Metal–Organic Sulfides as Anode Materials for Lithium‐Ion Batteries at Room Temperature
snapshot_1,Topic_metal_sulfide_anodes_2009-2018_Knowledge.txt,35,https://openalex.org/W2413949272,https://doi.org/10.1021/acsami.5b06385,2015,Vanadium Sulfide on Reduced Graphene Oxide Layer as a Promising Anode for Sodium Ion Battery
snapshot_1,Topic_metal_sulfide_anodes_2009-2018_Knowledge.txt,36,https://openalex.org/W2329970688,https://doi.org/10.1021/acs.chemmater.5b04940,2016,Bulk-Type All Solid-State Batteries with 5 V Class LiNi<sub>0.5</sub>Mn<sub>1.5</sub>O<sub>4</sub> Cathode and Li<sub>10</sub>GeP<sub>2</sub>S<sub>12</sub> Solid Electrolyte
snapshot_1,Topic_metal_sulfide_anodes_2009-2018_Knowledge.txt,37,https://openalex.org/W2753090655,https://doi.org/10.1002/adfm.201703390,2017,In Situ Construction of 3D Interconnected FeS@Fe<sub>3</sub>C@Graphitic Carbon Networks for High‐Performance Sodium‐Ion Batteries
snapshot_1,Topic_metal_sulfide_anodes_2009-2018_Knowledge.txt,38,https://openalex.org/W2313163500,https://doi.org/10.1002/celc.201600139,2016,Atomic Layer Deposition of Li<sub><i>x</i></sub>Al<sub><i>y</i></sub>S Solid‐State Electrolytes for Stabilizing Lithium‐Metal Anodes
snapshot_1,Topic_metal_sulfide_anodes_2009-2018_Knowledge.txt,39,https://openalex.org/W2324518336,https://doi.org/10.1021/acs.nanolett.5b00112,2015,Slurryless Li<sub>2</sub>S/Reduced Graphene Oxide Cathode Paper for High-Performance Lithium Sulfur Battery
snapshot_1,Topic_metal_sulfide_anodes_2009-2018_Knowledge.txt,40,https://openalex.org/W2106565671,https://doi.org/10.1002/smll.201403579,2015,Facile Synthesis of Ultrasmall CoS<sub>2</sub>Nanoparticles within Thin N-Doped Porous Carbon Shell for High Performance Lithium-Ion Batteries
snapshot_1,Topic_metal_sulfide_anodes_2009-2018_Knowledge.txt,41,https://openalex.org/W2254126286,https://doi.org/10.1021/acs.chemmater.5b04588,2016,Performance Enhancement and Mechanistic Studies of Room-Temperature Sodium–Sulfur Batteries with a Carbon-Coated Functional Nafion Separator and a Na<sub>2</sub>S/Activated Carbon Nanofiber Cathode
snapshot_1,Topic_metal_sulfide_anodes_2009-2018_Knowledge.txt,42,https://openalex.org/W2805800499,https://doi.org/10.1002/aenm.201800930,2018,CuS Microspheres with Tunable Interlayer Space and Micropore as a High‐Rate and Long‐Life Anode for Sodium‐Ion Batteries
snapshot_1,Topic_metal_sulfide_anodes_2009-2018_Knowledge.txt,43,https://openalex.org/W2772872046,https://doi.org/10.1002/smll.201702648,2017,Metal–Organic Framework‐Derived Materials for Sodium Energy Storage
snapshot_1,Topic_metal_sulfide_anodes_2009-2018_Knowledge.txt,44,https://openalex.org/W2331624691,https://doi.org/10.1021/am4057166,2014,A Lithium-Ion Sulfur Battery Based on a Carbon-Coated Lithium-Sulfide Cathode and an Electrodeposited Silicon-Based Anode
snapshot_1,Topic_metal_sulfide_anodes_2009-2018_Knowledge.txt,45,https://openalex.org/W2620386377,https://doi.org/10.1002/aenm.201700180,2017,Carbon Coated Bimetallic Sulfide Hollow Nanocubes as Advanced Sodium Ion Battery Anode
snapshot_1,Topic_metal_sulfide_anodes_2009-2018_Knowledge.txt,46,https://openalex.org/W2622166976,https://doi.org/10.1021/acsnano.7b03321,2017,ZnS-Sb<sub>2</sub>S<sub>3</sub>@C Core-Double Shell Polyhedron Structure Derived from Metal–Organic Framework as Anodes for High Performance Sodium Ion Batteries
snapshot_1,Topic_metal_sulfide_anodes_2009-2018_Knowledge.txt,47,https://openalex.org/W2507243616,https://doi.org/10.1021/acsami.6b07300,2016,Controllable Preparation of Square Nickel Chalcogenide (NiS and NiSe<sub>2</sub>) Nanoplates for Superior Li/Na Ion Storage Properties
snapshot_1,Topic_metal_sulfide_anodes_2009-2018_Knowledge.txt,48,https://openalex.org/W2058584740,https://doi.org/10.1039/c4nr02999b,2014,Graphene-based nanocomposite anodes for lithium-ion batteries
snapshot_1,Topic_metal_sulfide_anodes_2009-2018_Knowledge.txt,49,https://openalex.org/W2535464862,https://doi.org/10.1021/acs.nanolett.6b03448,2016,High-Energy All-Solid-State Lithium Batteries with Ultralong Cycle Life
snapshot_1,Topic_metal_sulfide_anodes_2009-2018_Knowledge.txt,50,https://openalex.org/W1766593087,https://doi.org/10.13016/m2gd2w,2015,Metal Sulfides for High Performance Lithium Ion and Sodium Ion Battery Anodes
snapshot_1,Topic_metal_sulfide_anodes_2009-2018_Knowledge.txt,51,https://openalex.org/W2899760516,https://doi.org/10.1021/acsnano.8b07319,2018,Mechanistic Origin of the High Performance of Yolk@Shell Bi<sub>2</sub>S<sub>3</sub>@N-Doped Carbon Nanowire Electrodes
snapshot_1,Topic_metal_sulfide_anodes_2009-2018_Knowledge.txt,52,https://openalex.org/W2134853496,https://doi.org/10.1039/c4nr00303a,2014,Hierarchical MoS <sub>2</sub> nanosheet/active carbon fiber cloth as a binder-free and free-standing anode for lithium-ion batteries
snapshot_1,Topic_metal_sulfide_anodes_2009-2018_Knowledge.txt,53,https://openalex.org/W1968672459,https://doi.org/10.1063/1.3683523,2012,Mechanism for resistive switching in an oxide-based electrochemical metallization memory
snapshot_1,Topic_metal_sulfide_anodes_2009-2018_Knowledge.txt,54,https://openalex.org/W2322001877,https://doi.org/10.1002/adfm.201505074,2016,Effect of the Anion Activity on the Stability of Li Metal Anodes in Lithium‐Sulfur Batteries
snapshot_1,Topic_metal_sulfide_anodes_2009-2018_Knowledge.txt,55,https://openalex.org/W2771984022,N/A,2017,Metal Sulfides as Anode for Lithium Ion and Sodium Ion Battery
snapshot_1,Topic_metal_sulfide_anodes_2009-2018_Knowledge.txt,56,https://openalex.org/W2095750601,https://doi.org/10.1002/aenm.201200267,2012,Solid State Enabled Reversible Four Electron Storage
snapshot_1,Topic_metal_sulfide_anodes_2009-2018_Knowledge.txt,57,https://openalex.org/W2886983906,https://doi.org/10.1002/eem2.12009,2018,Nanostructured Anode Materials for Non‐aqueous Lithium Ion Hybrid Capacitors
snapshot_1,Topic_metal_sulfide_anodes_2009-2018_Knowledge.txt,58,https://openalex.org/W2792698588,https://doi.org/10.1002/smll.201704517,2018,Mesoporous Hollow Sb/ZnS@C Core–Shell Heterostructures as Anodes for High‐Performance Sodium‐Ion Batteries
snapshot_1,Topic_metal_sulfide_anodes_2009-2018_Knowledge.txt,59,https://openalex.org/W2152203113,https://doi.org/10.1039/c5ra15108b,2015,ZnS nanoparticles embedded in porous carbon matrices as anode materials for lithium ion batteries
snapshot_1,Topic_metal_sulfide_anodes_2009-2018_Knowledge.txt,60,https://openalex.org/W1856596099,https://doi.org/10.1002/admi.201500467,2015,Flexible Electrospun Carbon Nanofiber@NiS Core/Sheath Hybrid Membranes as Binder‐Free Anodes for Highly Reversible Lithium Storage
snapshot_1,Topic_metal_sulfide_anodes_2009-2018_Knowledge.txt,61,https://openalex.org/W2200133427,https://doi.org/10.1002/aenm.201501355,2015,"High‐Performance Lithium‐Sulfur Batteries with a Self‐Supported, 3D Li<sub>2</sub>S‐Doped Graphene Aerogel Cathodes"
snapshot_1,Topic_metal_sulfide_anodes_2009-2018_Knowledge.txt,62,https://openalex.org/W2884030435,https://doi.org/10.1002/aenm.201801452,2018,Reliable and General Route to Inverse Opal Structured Nanohybrids of Carbon‐Confined Transition Metal Sulfides Quantum Dots for High‐Performance Sodium Storage
snapshot_1,Topic_metal_sulfide_anodes_2009-2018_Knowledge.txt,63,https://openalex.org/W2149271881,https://doi.org/10.1021/nn404601h,2013,<i>In Situ</i> Formed Lithium Sulfide/Microporous Carbon Cathodes for Lithium-Ion Batteries
snapshot_1,Topic_metal_sulfide_anodes_2009-2018_Knowledge.txt,64,https://openalex.org/W2790706681,https://doi.org/10.1021/acsnano.8b00118,2018,Unusual Na<sup>+</sup> Ion Intercalation/Deintercalation in Metal-Rich Cu<sub>1.8</sub>S for Na-Ion Batteries
snapshot_1,Topic_metal_sulfide_anodes_2009-2018_Knowledge.txt,65,https://openalex.org/W2054179366,https://doi.org/10.1039/c5nr00398a,2015,Pyrite (FeS<sub>2</sub>) nanocrystals as inexpensive high-performance lithium-ion cathode and sodium-ion anode materials
snapshot_1,Topic_metal_sulfide_anodes_2009-2018_Knowledge.txt,66,https://openalex.org/W2792285372,https://doi.org/10.1002/adfm.201800154,2018,"Toward High Performance Lithium–Sulfur Batteries Based on Li<sub>2</sub>S Cathodes and Beyond: Status, Challenges, and Perspectives"
snapshot_1,Topic_metal_sulfide_anodes_2009-2018_Knowledge.txt,67,https://openalex.org/W2786658823,https://doi.org/10.1039/c7nr09424h,2018,Phase and composition controlled synthesis of cobalt sulfide hollow nanospheres for electrocatalytic water splitting
snapshot_1,Topic_metal_sulfide_anodes_2009-2018_Knowledge.txt,68,https://openalex.org/W2889284776,https://doi.org/10.1039/c8ta06995f,2018,<i>In situ</i> formation of NaTi<sub>2</sub>(PO<sub>4</sub>)<sub>3</sub> cubes on Ti<sub>3</sub>C<sub>2</sub> MXene for dual-mode sodium storage
snapshot_1,Topic_metal_sulfide_anodes_2009-2018_Knowledge.txt,69,https://openalex.org/W2485230496,https://doi.org/10.1039/c6sc02716d,2016,Greigite Fe<sub>3</sub>S<sub>4</sub> as a new anode material for high-performance sodium-ion batteries
snapshot_1,Topic_metal_sulfide_anodes_2009-2018_Knowledge.txt,70,https://openalex.org/W2098961116,https://doi.org/10.1039/c3ta14562j,2014,One-step synthesis of Ni3S2 nanoparticles wrapped with in situ generated nitrogen-self-doped graphene sheets with highly improved electrochemical properties in Li-ion batteries
snapshot_1,Topic_metal_sulfide_anodes_2009-2018_Knowledge.txt,71,https://openalex.org/W2229521904,https://doi.org/10.1039/c5cp07541f,2016,NiCo<sub>2</sub>S<sub>4</sub> nanotube arrays grown on flexible nitrogen-doped carbon foams as three-dimensional binder-free integrated anodes for high-performance lithium-ion batteries
snapshot_1,Topic_metal_sulfide_anodes_2009-2018_Knowledge.txt,72,https://openalex.org/W1122611613,https://doi.org/10.1021/acsami.5b05509,2015,One-Dimensional Rod-Like Sb<sub>2</sub>S<sub>3</sub>-Based Anode for High-Performance Sodium-Ion Batteries
snapshot_1,Topic_metal_sulfide_anodes_2009-2018_Knowledge.txt,73,https://openalex.org/W2386449273,https://doi.org/10.1021/acsami.5b11803,2016,Li<sub>2</sub>S Film Formation on Lithium Anode Surface of Li–S batteries
snapshot_1,Topic_metal_sulfide_anodes_2009-2018_Knowledge.txt,74,https://openalex.org/W2905476207,https://doi.org/10.1088/1361-6463/aaf7e2,2018,Recent progress for all solid state battery using sulfide and oxide solid electrolytes
snapshot_1,Topic_metal_sulfide_anodes_2009-2018_Knowledge.txt,75,https://openalex.org/W2883064411,https://doi.org/10.1002/advs.201800613,2018,Conductivity and Pseudocapacitance Optimization of Bimetallic Antimony–Indium Sulfide Anodes for Sodium‐Ion Batteries with Favorable Kinetics
snapshot_1,Topic_metal_sulfide_anodes_2009-2018_Knowledge.txt,76,https://openalex.org/W2889253119,https://doi.org/10.1002/smll.201802716,2018,SnS<sub>2</sub> Nanosheets Coating on Nanohollow Cubic CoS<sub>2</sub>/C for Ultralong Life and High Rate Capability Half/Full Sodium‐Ion Batteries
snapshot_1,Topic_metal_sulfide_anodes_2009-2018_Knowledge.txt,77,https://openalex.org/W2329945713,https://doi.org/10.1021/jp108283z,2011,Electrodeposition and Growth Mechanism of Copper Sulfide Nanowires
snapshot_1,Topic_metal_sulfide_anodes_2009-2018_Knowledge.txt,78,https://openalex.org/W2790905261,https://doi.org/10.1002/anie.201712907,2018,Fluoroethylene Carbonate Enabling a Robust LiF‐rich Solid Electrolyte Interphase to Enhance the Stability of the MoS<sub>2</sub> Anode for Lithium‐Ion Storage
snapshot_1,Topic_metal_sulfide_anodes_2009-2018_Knowledge.txt,79,https://openalex.org/W2551201640,https://doi.org/10.1002/aenm.201601602,2016,"Amorphous MoS<sub>3</sub> Infiltrated with Carbon Nanotubes as an Advanced Anode Material of Sodium‐Ion Batteries with Large Gravimetric, Areal, and Volumetric Capacities"
snapshot_1,Topic_metal_sulfide_anodes_2009-2018_Knowledge.txt,80,https://openalex.org/W2125168006,https://doi.org/10.1002/anie.201410890,2014,Liquid‐Phase Epitaxial Growth of Two‐Dimensional Semiconductor Hetero‐nanostructures
snapshot_1,Topic_metal_sulfide_anodes_2009-2018_Knowledge.txt,81,https://openalex.org/W2787926068,https://doi.org/10.1021/acsami.7b19138,2018,Controllable Electrochemical Synthesis of Copper Sulfides as Sodium-Ion Battery Anodes with Superior Rate Capability and Ultralong Cycle Life
snapshot_1,Topic_metal_sulfide_anodes_2009-2018_Knowledge.txt,82,https://openalex.org/W2886152964,https://doi.org/10.1021/acsami.8b08237,2018,Fe<sub>7</sub>S<sub>8</sub> Nanoparticles Anchored on Nitrogen-Doped Graphene Nanosheets as Anode Materials for High-Performance Sodium-Ion Batteries
snapshot_1,Topic_metal_sulfide_anodes_2009-2018_Knowledge.txt,83,https://openalex.org/W2802435364,https://doi.org/10.1021/acsami.8b03059,2018,Highly Porous FeS/Carbon Fibers Derived from Fe-Carrageenan Biomass: High-capacity and Durable Anodes for Sodium-Ion Batteries
snapshot_1,Topic_metal_sulfide_anodes_2009-2018_Knowledge.txt,84,https://openalex.org/W1991543397,https://doi.org/10.1002/adfm.201401002,2014,Gallium Sulfide–Single‐Walled Carbon Nanotube Composites: High‐Performance Anodes for Lithium‐Ion Batteries
snapshot_1,Topic_metal_sulfide_anodes_2009-2018_Knowledge.txt,85,https://openalex.org/W2474247763,https://doi.org/10.1002/chem.201601478,2016,Nitrogen‐Doped Carbon Embedded MoS<sub>2</sub> Microspheres as Advanced Anodes for Lithium‐ and Sodium‐Ion Batteries
snapshot_1,Topic_metal_sulfide_anodes_2009-2018_Knowledge.txt,86,https://openalex.org/W1561170361,https://doi.org/10.1179/17535557a15y.000000007,2015,Nanowire interwoven NiCo<sub>2</sub>S<sub>4</sub>nanowall arrays as promising anodes for lithium ion batteries
snapshot_1,Topic_metal_sulfide_anodes_2009-2018_Knowledge.txt,87,https://openalex.org/W2404133518,https://doi.org/10.1021/acsami.6b01003,2016,In Situ Fabrication of CoS and NiS Nanomaterials Anchored on Reduced Graphene Oxide for Reversible Lithium Storage
snapshot_1,Topic_metal_sulfide_anodes_2009-2018_Knowledge.txt,88,https://openalex.org/W2064769551,https://doi.org/10.1039/c4nr01553c,2014,Pre-lithiation of onion-like carbon/MoS<sub>2</sub>nano-urchin anodes for high-performance rechargeable lithium ion batteries
snapshot_1,Topic_metal_sulfide_anodes_2009-2018_Knowledge.txt,89,https://openalex.org/W2763770968,https://doi.org/10.1021/acsami.7b11192,2017,Amorphous Phosphorus-Incorporated Cobalt Molybdenum Sulfide on Carbon Cloth: An Efficient and Stable Electrocatalyst for Enhanced Overall Water Splitting over Entire pH Values
snapshot_1,Topic_metal_sulfide_anodes_2009-2018_Knowledge.txt,90,https://openalex.org/W2317928902,https://doi.org/10.1021/am4056084,2014,In Situ Transmission Electron Microscopy Observation of Electrochemical Behavior of CoS<sub>2</sub> in Lithium-Ion Battery
snapshot_1,Topic_metal_sulfide_anodes_2009-2018_Knowledge.txt,91,https://openalex.org/W2788043195,https://doi.org/10.1021/acssuschemeng.7b04663,2018,"Traditional NiCo<sub>2</sub>S<sub>4</sub> Phase with Porous Nanosheets Array Topology on Carbon Cloth: A Flexible, Versatile and Fabulous Electrocatalyst for Overall Water and Urea Electrolysis"
snapshot_1,Topic_metal_sulfide_anodes_2009-2018_Knowledge.txt,92,https://openalex.org/W2149493517,https://doi.org/10.1149/2.086309jes,2013,An All-Solid-State Li-Ion Battery with a Pre-Lithiated Si-Ti-Ni Alloy Anode
snapshot_1,Topic_metal_sulfide_anodes_2009-2018_Knowledge.txt,93,https://openalex.org/W2064956099,https://doi.org/10.1021/la104755a,2011,Physical and Chemical Analysis of Elemental Sulfur Formation during Galena Surface Oxidation
snapshot_1,Topic_metal_sulfide_anodes_2009-2018_Knowledge.txt,94,https://openalex.org/W2593720910,https://doi.org/10.1007/s10832-017-0071-4,2017,Ion dynamics in solid electrolytes for lithium batteries
snapshot_1,Topic_metal_sulfide_anodes_2009-2018_Knowledge.txt,95,https://openalex.org/W2483412758,https://doi.org/10.1002/celc.201600183,2016,NiCo<sub>2</sub>S<sub>4</sub> Nanosheets Grown on 3D Networks of Nitrogen‐Doped Graphene/Carbon Nanotubes: Advanced Anode Materials for Lithium‐Ion Batteries
snapshot_1,Topic_metal_sulfide_anodes_2009-2018_Knowledge.txt,96,https://openalex.org/W2793031537,https://doi.org/10.1021/acsami.8b00632,2018,In Situ Synthesis of CuCo<sub>2</sub>S<sub>4</sub>@N/S-Doped Graphene Composites with Pseudocapacitive Properties for High-Performance Lithium-Ion Batteries
snapshot_1,Topic_metal_sulfide_anodes_2009-2018_Knowledge.txt,97,https://openalex.org/W2889421387,https://doi.org/10.1021/acsami.8b11244,2018,LiI-Doped Sulfide Solid Electrolyte: Enabling a High-Capacity Slurry-Cast Electrode by Low-Temperature Post-Sintering for Practical All-Solid-State Lithium Batteries
snapshot_1,Topic_metal_sulfide_anodes_2009-2018_Knowledge.txt,98,https://openalex.org/W2753232665,https://doi.org/10.1039/c7nr06044k,2017,Scalable synthesis of SnS<sub>2</sub>/S-doped graphene composites for superior Li/Na-ion batteries
snapshot_1,Topic_metal_sulfide_anodes_2009-2018_Knowledge.txt,99,https://openalex.org/W2781103706,https://doi.org/10.1002/advs.201700772,2017,Hollow TiO<sub>2</sub>@Co<sub>9</sub>S<sub>8</sub> Core–Branch Arrays as Bifunctional Electrocatalysts for Efficient Oxygen/Hydrogen Production
snapshot_1,Topic_metal_sulfide_anodes_2009-2018_Knowledge.txt,100,https://openalex.org/W2081217929,https://doi.org/10.1039/c4ta04995k,2014,Origin of non-SEI related coulombic efficiency loss in carbons tested against Na and Li
snapshot_1,Topic_metal_sulfide_anodes_2009-2018_Knowledge.txt,101,https://openalex.org/W2516878498,https://doi.org/10.1007/s12274-016-1198-3,2016,Stabilizing nickel sulfide nanoparticles with an ultrathin carbon layer for improved cycling performance in sodium ion batteries
snapshot_1,Topic_metal_sulfide_anodes_2009-2018_Knowledge.txt,102,https://openalex.org/W2763882779,https://doi.org/10.1021/acssuschemeng.7b01692,2017,Conversion Reaction of Copper Sulfide Based Nanohybrids for Sodium-Ion Batteries
snapshot_1,Topic_metal_sulfide_anodes_2009-2018_Knowledge.txt,103,https://openalex.org/W2185661410,https://doi.org/10.1039/c5ra19116e,2015,Recovery of solid sulfur from hydrogen sulfide gas by an electrochemical membrane cell
snapshot_1,Topic_metal_sulfide_anodes_2009-2018_Knowledge.txt,104,https://openalex.org/W1901595504,https://doi.org/10.1039/c5nr03334a,2015,Facile synthesis of 3D few-layered MoS<sub>2</sub>coated TiO<sub>2</sub>nanosheet core–shell nanostructures for stable and high-performance lithium-ion batteries
snapshot_1,Topic_metal_sulfide_anodes_2009-2018_Knowledge.txt,105,https://openalex.org/W2605348060,https://doi.org/10.1002/chem.201700881,2017,In Situ Formation of Co<sub>9</sub>S<sub>8</sub>/N‐C Hollow Nanospheres by Pyrolysis and Sulfurization of ZIF‐67 for High‐Performance Lithium‐Ion Batteries
snapshot_1,Topic_metal_sulfide_anodes_2009-2018_Knowledge.txt,106,https://openalex.org/W2883647225,https://doi.org/10.1021/acsami.8b05688,2018,One-Dimensional Integrated MnS@Carbon Nanoreactors Hybrid: An Alternative Anode for Full-Cell Li-Ion and Na-Ion Batteries
snapshot_1,Topic_metal_sulfide_anodes_2009-2018_Knowledge.txt,107,https://openalex.org/W2076040170,https://doi.org/10.1038/srep04673,2014,In situ catalytic growth of large-area multilayered graphene/MoS2 heterostructures
snapshot_1,Topic_metal_sulfide_anodes_2009-2018_Knowledge.txt,108,https://openalex.org/W2041061554,https://doi.org/10.1039/c4nr01184h,2014,Designing nitrogen-enriched echinus-like carbon capsules for highly efficient oxygen reduction reaction and lithium ion storage
snapshot_1,Topic_metal_sulfide_anodes_2009-2018_Knowledge.txt,109,https://openalex.org/W2064809419,https://doi.org/10.1039/c3cp53154f,2013,Facile one-pot synthesis of spherical zinc sulfide–carbon nanocomposite powders with superior electrochemical properties as anode materials for Li-ion batteries
snapshot_1,Topic_metal_sulfide_anodes_2009-2018_Knowledge.txt,110,https://openalex.org/W2570166109,https://doi.org/10.1016/j.mattod.2016.10.002,2017,Recent development of two-dimensional transition metal dichalcogenides and their applications
snapshot_1,Topic_metal_sulfide_anodes_2009-2018_Knowledge.txt,111,https://openalex.org/W1991119355,https://doi.org/10.1039/c5nr00012b,2015,Synergetic compositional and morphological effects for improved Na<sup>+</sup>storage properties of Ni<sub>3</sub>Co<sub>6</sub>S<sub>8</sub>-reduced graphene oxide composite powders
snapshot_1,Topic_metal_sulfide_anodes_2009-2018_Knowledge.txt,112,https://openalex.org/W2401920616,https://doi.org/10.1021/acsami.5b06615,2015,Li<sub>2</sub>S Nanocrystals Confined in Free-Standing Carbon Paper for High Performance Lithium–Sulfur Batteries
snapshot_1,Topic_metal_sulfide_anodes_2009-2018_Knowledge.txt,113,https://openalex.org/W2052309069,https://doi.org/10.1515/revac-2013-0008,2013,Electrochemical detection of sulfide
snapshot_1,Topic_metal_sulfide_anodes_2009-2018_Knowledge.txt,114,https://openalex.org/W2224224563,https://doi.org/10.1002/chem.201504399,2016,Coated/Sandwiched rGO/CoS<sub><i>x</i></sub> Composites Derived from Metal–Organic Frameworks/GO as Advanced Anode Materials for Lithium‐Ion Batteries
snapshot_1,Topic_metal_sulfide_anodes_2009-2018_Knowledge.txt,115,https://openalex.org/W2258176273,https://doi.org/10.1021/acs.jpcc.5b09078,2016,"Comparison of Storage Mechanisms in RuO<sub>2</sub>, SnO<sub>2</sub>, and SnS<sub>2</sub>for Lithium-Ion Battery Anode Materials"
snapshot_1,Topic_metal_sulfide_anodes_2009-2018_Knowledge.txt,116,https://openalex.org/W2323737584,https://doi.org/10.1515/corrrev-2015-0055,2016,Corrosion characteristics of sulfate-reducing bacteria (SRB) and the role of molecular biology in SRB studies: an overview
snapshot_1,Topic_metal_sulfide_anodes_2009-2018_Knowledge.txt,117,https://openalex.org/W2731998112,https://doi.org/10.1021/acs.accounts.7b00086,2017,Self-Assembled Framework Formed During Lithiation of SnS<sub>2</sub> Nanoplates Revealed by in Situ Electron Microscopy
snapshot_1,Topic_metal_sulfide_anodes_2009-2018_Knowledge.txt,118,https://openalex.org/W2523383466,https://doi.org/10.1021/acs.chemmater.6b02607,2016,Structural Evolution of Electrochemically Lithiated MoS<sub>2</sub> Nanosheets and the Role of Carbon Additive in Li-Ion Batteries
snapshot_1,Topic_metal_sulfide_anodes_2009-2018_Knowledge.txt,119,https://openalex.org/W2890951075,https://doi.org/10.1039/c8nr05652h,2018,N-Rich carbon-coated Co<sub>3</sub>S<sub>4</sub> ultrafine nanocrystals derived from ZIF-67 as an advanced anode for sodium-ion batteries
snapshot_1,Topic_metal_sulfide_anodes_2009-2018_Knowledge.txt,120,https://openalex.org/W2898963475,https://doi.org/10.1021/acsami.8b13805,2018,Boosting Sodium-Ion Storage by Encapsulating NiS (CoS) Hollow Nanoparticles into Carbonaceous Fibers
snapshot_1,Topic_metal_sulfide_anodes_2009-2018_Knowledge.txt,121,https://openalex.org/W2326708010,https://doi.org/10.1021/nn405254n,2013,<i>In Situ</i> Transmission Electron Microscopy Investigation of the Electrochemical Lithiation–Delithiation of Individual Co<sub>9</sub>S<sub>8</sub>/Co-Filled Carbon Nanotubes
snapshot_1,Topic_metal_sulfide_anodes_2009-2018_Knowledge.txt,122,https://openalex.org/W2898591924,https://doi.org/10.1021/acsami.8b15731,2018,Fully Controllable Design and Fabrication of Three-Dimensional Lattice Supercapacitors
snapshot_1,Topic_metal_sulfide_anodes_2009-2018_Knowledge.txt,123,https://openalex.org/W2317554865,https://doi.org/10.1021/am404746k,2014,Single-Crystal γ-MnS Nanowires Conformally Coated with Carbon
snapshot_1,Topic_metal_sulfide_anodes_2009-2018_Knowledge.txt,124,https://openalex.org/W2282522169,https://doi.org/10.2533/chimia.2015.724,2015,Evaluation of Metal Phosphide Nanocrystals as Anode Materials for Na-ion Batteries
snapshot_1,Topic_metal_sulfide_anodes_2009-2018_Knowledge.txt,125,https://openalex.org/W2889214790,https://doi.org/10.1021/acsami.8b11984,2018,Double-Morphology CoS<sub>2</sub> Anchored on N-Doped Multichannel Carbon Nanofibers as High-Performance Anode Materials for Na-Ion Batteries
snapshot_1,Topic_metal_sulfide_anodes_2009-2018_Knowledge.txt,126,https://openalex.org/W2765823073,https://doi.org/10.1021/acs.nanolett.7b03831,2017,Freeze-Dried Sulfur–Graphene Oxide–Carbon Nanotube Nanocomposite for High Sulfur-Loading Lithium/Sulfur Cells
snapshot_1,Topic_metal_sulfide_anodes_2009-2018_Knowledge.txt,127,https://openalex.org/W2735747889,https://doi.org/10.1002/smll.201701677,2017,Enabling Flexible Heterostructures for Li‐Ion Battery Anodes Based on Nanotube and Liquid‐Phase Exfoliated 2D Gallium Chalcogenide Nanosheet Colloidal Solutions
snapshot_1,Topic_metal_sulfide_anodes_2009-2018_Knowledge.txt,128,https://openalex.org/W2558656189,https://doi.org/10.1021/acsami.6b09907,2016,Electrochemical Behavior of Anode-Respiring Bacteria on Doped Carbon Electrodes
snapshot_1,Topic_metal_sulfide_anodes_2009-2018_Knowledge.txt,129,https://openalex.org/W2049338259,https://doi.org/10.1021/om800850c,2009,"Synthesis, Characterization, and Electrochemistry of Compounds Containing 1-Diphenylphosphino-1′-(di-<i>tert</i>-butylphosphino)ferrocene (dppdtbpf)"
snapshot_1,Topic_metal_sulfide_anodes_2009-2018_Knowledge.txt,130,https://openalex.org/W2502827419,https://doi.org/10.1039/c6nr03571j,2016,Two dimensional layered Co<sub>0.85</sub>Se nanosheets as a high-capacity anode for lithium-ion batteries
snapshot_1,Topic_metal_sulfide_anodes_2009-2018_Knowledge.txt,131,https://openalex.org/W2618173986,https://doi.org/10.1007/s12274-017-1535-1,2017,Yolk–shell-structured (Fe0.5Ni0.5)9S8 solid-solution powders: Synthesis and application as anode materials for Na-ion batteries
snapshot_1,Topic_metal_sulfide_anodes_2009-2018_Knowledge.txt,132,https://openalex.org/W2014306576,https://doi.org/10.1039/c2nr32174b,2012,Facile and rapid synthesis of RGO–In2S3 composites with enhanced cyclability and high capacity for lithium storage
snapshot_1,Topic_metal_sulfide_anodes_2009-2018_Knowledge.txt,133,https://openalex.org/W2128520334,https://doi.org/10.1039/c3ra22405h,2013,Facile synthesis of FeS2 nanocrystals and their magnetic and electrochemical properties
snapshot_1,Topic_metal_sulfide_anodes_2009-2018_Knowledge.txt,134,https://openalex.org/W4245887072,https://doi.org/10.1002/ange.201610301,2016,Double‐Helix Structure in Carrageenan–Metal Hydrogels: A General Approach to Porous Metal Sulfides/Carbon Aerogels with Excellent Sodium‐Ion Storage
snapshot_1,Topic_metal_sulfide_anodes_2009-2018_Knowledge.txt,135,https://openalex.org/W2784969851,https://doi.org/10.1021/acsami.7b18571,2018,Electrochemical Investigation of Natural Ore Molybdenite (MoS<sub>2</sub>) as a First-Hand Anode for Lithium Storages
snapshot_1,Topic_metal_sulfide_anodes_2009-2018_Knowledge.txt,136,https://openalex.org/W2803525246,https://doi.org/10.1080/10667857.2018.1470959,2018,Rational synthesis of MoS<sub>2</sub> nanosheet arrays on carbon fibres for sodium ion storage
snapshot_1,Topic_metal_sulfide_anodes_2009-2018_Knowledge.txt,137,https://openalex.org/W2791596493,https://doi.org/10.1039/c8nr00068a,2018,"High-temperature solvent-free sulfidation of MoO<sub>3</sub>confined in a polypyrrole shell: MoS<sub>2</sub>nanosheets encapsulated in a nitrogen, sulfur dual-doped carbon nanoprism for efficient lithium storage"
snapshot_1,Topic_metal_sulfide_anodes_2009-2018_Knowledge.txt,138,https://openalex.org/W2594565882,https://doi.org/10.1021/acs.jpcc.7b01922,2017,In Situ NMR Observation of the Temporal Speciation of Lithium Sulfur Batteries during Electrochemical Cycling
snapshot_1,Topic_metal_sulfide_anodes_2009-2018_Knowledge.txt,139,https://openalex.org/W953985103,https://doi.org/10.2147/rie.s65118,2015,Microwave-assisted synthesis of graphene nanocomposites: recent developments on lithium-ion batteries
snapshot_1,Topic_metal_sulfide_anodes_2009-2018_Knowledge.txt,140,https://openalex.org/W2575735654,https://doi.org/10.1073/pnas.1615837114,2017,Catalytic oxidation of Li <sub>2</sub> S on the surface of metal sulfides for Li−S batteries
snapshot_1,Topic_metal_sulfide_anodes_2009-2018_Knowledge.txt,141,https://openalex.org/W2903947106,https://doi.org/10.1002/aenm.201803251,2018,Frogspawn‐Coral‐Like Hollow Sodium Sulfide Nanostructured Cathode for High‐Rate Performance Sodium–Sulfur Batteries
snapshot_1,Topic_metal_sulfide_anodes_2009-2018_Knowledge.txt,142,https://openalex.org/W2006553433,https://doi.org/10.1038/ncomms7694,2015,Formation of nickel cobalt sulfide ball-in-ball hollow spheres with enhanced electrochemical pseudocapacitive properties
snapshot_1,Topic_metal_sulfide_anodes_2009-2018_Knowledge.txt,143,https://openalex.org/W2097501638,https://doi.org/10.1002/aenm.201501102,2015,Understanding the Lithium Sulfur Battery System at Relevant Scales
snapshot_1,Topic_metal_sulfide_anodes_2009-2018_Knowledge.txt,144,https://openalex.org/W2326232602,https://doi.org/10.1038/ncomms11203,2016,Balancing surface adsorption and diffusion of lithium-polysulfides on nonconductive oxides for lithium–sulfur battery design
snapshot_1,Topic_metal_sulfide_anodes_2009-2018_Knowledge.txt,145,https://openalex.org/W2903237789,https://doi.org/10.1021/acsami.8b16428,2018,Molecular-Level CuS@S Hybrid Nanosheets Constructed by Mineral Chemistry for Energy Storage Systems
snapshot_1,Topic_metal_sulfide_anodes_2009-2018_Knowledge.txt,146,https://openalex.org/W2208117364,https://doi.org/10.5006/1692,2015,Modeling Localized Corrosion of Corrosion-Resistant Alloys in Oil and Gas Production Environments: Part I. Repassivation Potential
snapshot_1,Topic_metal_sulfide_anodes_2009-2018_Knowledge.txt,147,https://openalex.org/W2362448175,https://doi.org/10.3389/fenrg.2016.00018,2016,The Electrochemical Characteristics and Applicability of an Amorphous Sulfide-Based Solid Ion Conductor for the Next-Generation Solid-State Lithium Secondary Batteries
snapshot_1,Topic_metal_sulfide_anodes_2009-2018_Knowledge.txt,148,https://openalex.org/W4246138855,https://doi.org/10.1149/2.0041701jes,2016,Interaction of FeS<sub>2</sub>and Sulfur in Li-S Battery System
snapshot_1,Topic_metal_sulfide_anodes_2009-2018_Knowledge.txt,149,https://openalex.org/W2766997131,https://doi.org/10.1021/acsami.7b13239,2017,Micro-Intertexture Carbon-Free Iron Sulfides as Advanced High Tap Density Anodes for Rechargeable Batteries
snapshot_1,Topic_metal_sulfide_anodes_2009-2018_Knowledge.txt,150,https://openalex.org/W2129439489,https://doi.org/10.1039/c2ee03230a,2012,Synthesis of organic–inorganic hybrids by miniemulsion polymerization and their application for electrochemical energy storage
snapshot_1,Topic_metal_sulfide_anodes_2009-2018_Knowledge.txt,151,https://openalex.org/W2890836717,https://doi.org/10.1002/solr.201800161,2018,Tunable Transformation Between SnS and SnO<sub>x</sub> Nanostructures via Facile Anodization and Their Photoelectrochemical and Photocatalytic Performance
snapshot_1,Topic_metal_sulfide_anodes_2009-2018_Knowledge.txt,152,https://openalex.org/W2129218974,https://doi.org/10.1002/asia.200900217,2010,Multianalyte Electrochemical Biosensor Based on Aptamer‐ and Nanoparticle‐Integrated Bio‐Barcode Amplification
snapshot_1,Topic_metal_sulfide_anodes_2009-2018_Knowledge.txt,153,https://openalex.org/W2734742144,https://doi.org/10.1002/aenm.201701122,2017,An Effective Lithium Sulfide Encapsulation Strategy for Stable Lithium–Sulfur Batteries
snapshot_1,Topic_metal_sulfide_anodes_2009-2018_Knowledge.txt,154,https://openalex.org/W2120661428,https://doi.org/10.1039/c4nr02480j,2014,An experimental and computational study to understand the lithium storage mechanism in molybdenum disulfide
snapshot_1,Topic_metal_sulfide_anodes_2009-2018_Knowledge.txt,155,https://openalex.org/W2668221079,https://doi.org/10.1039/c6cs00306k,2017,Photoelectrochemical devices for solar water splitting – materials and challenges
snapshot_1,Topic_metal_sulfide_anodes_2009-2018_Knowledge.txt,156,https://openalex.org/W2260914718,https://doi.org/10.1002/aenm.201501590,2016,Electrochemical Stability of Li<sub>10</sub>GeP<sub>2</sub>S<sub>12</sub> and Li<sub>7</sub>La<sub>3</sub>Zr<sub>2</sub>O<sub>12</sub> Solid Electrolytes
snapshot_1,Topic_metal_sulfide_anodes_2009-2018_Knowledge.txt,157,https://openalex.org/W2806793579,https://doi.org/10.1021/acsami.8b06166,2018,"Porous Co<sub>9</sub>S<sub>8</sub>/Nitrogen, Sulfur-Doped Carbon@Mo<sub>2</sub>C Dual Catalyst for Efficient Water Splitting"
snapshot_1,Topic_metal_sulfide_anodes_2009-2018_Knowledge.txt,158,https://openalex.org/W2161346221,https://doi.org/10.1039/c1ee01970h,2011,Recent developments of molybdenum and tungsten sulfides as hydrogen evolution catalysts
snapshot_1,Topic_metal_sulfide_anodes_2009-2018_Knowledge.txt,159,https://openalex.org/W2793967588,https://doi.org/10.1002/anie.201711060,2018,Electrifying Organic Synthesis
snapshot_1,Topic_metal_sulfide_anodes_2009-2018_Knowledge.txt,160,https://openalex.org/W2808260231,https://doi.org/10.1039/c8ee01053f,2018,New horizons for inorganic solid state ion conductors
snapshot_1,Topic_metal_sulfide_anodes_2009-2018_Knowledge.txt,161,https://openalex.org/W2765300606,https://doi.org/10.1021/acsami.7b13763,2017,Interlayer-Expanded Metal Sulfides on Graphene Triggered by a Molecularly Self-Promoting Process for Enhanced Lithium Ion Storage
snapshot_1,Topic_metal_sulfide_anodes_2009-2018_Knowledge.txt,162,https://openalex.org/W2897212391,https://doi.org/10.1002/celc.201801289,2018,ZnS Nanotubes/Carbon Cloth as a Reversible and High‐Capacity Anode Material for Lithium‐Ion Batteries
snapshot_1,Topic_metal_sulfide_anodes_2009-2018_Knowledge.txt,163,https://openalex.org/W2770628586,https://doi.org/10.1021/acsami.7b13622,2017,Solid-Solution Sulfides Derived from Tunable Layered Double Hydroxide Precursors/Graphene Aerogel for Pseudocapacitors and Sodium-Ion Batteries
snapshot_1,Topic_metal_sulfide_anodes_2009-2018_Knowledge.txt,164,https://openalex.org/W2907714181,https://doi.org/10.1002/celc.201801772,2018,Single‐Phase Cu<sub>3</sub>SnS<sub>4</sub> Nanoparticles for Robust High Capacity Lithium‐Ion Battery Anodes
snapshot_1,Topic_metal_sulfide_anodes_2009-2018_Knowledge.txt,165,https://openalex.org/W2789985546,https://doi.org/10.48550/arxiv.1803.04317,2018,A Brief Review of Current Lithium Ion Battery Technology and Potential Solid State Battery Technologies
snapshot_1,Topic_metal_sulfide_anodes_2009-2018_Knowledge.txt,166,https://openalex.org/W2557058931,https://doi.org/10.1021/acsami.6b11389,2016,Triple-Confined Well-Dispersed Biactive NiCo<sub>2</sub>S<sub>4</sub>/Ni<sub>0.96</sub>S on Graphene Aerogel for High-Efficiency Lithium Storage
snapshot_1,Topic_metal_sulfide_anodes_2009-2018_Knowledge.txt,167,https://openalex.org/W2768448464,https://doi.org/10.1002/smll.201702605,2017,Enhancing the Sequential Conversion‐Alloying Reaction of Mixed Sn–S Hybrid Anode for Efficient Sodium Storage by a Carbon Healed Graphene Oxide
snapshot_1,Topic_metal_sulfide_anodes_2009-2018_Knowledge.txt,168,https://openalex.org/W2805570693,https://doi.org/10.1002/batt.201800024,2018,"Atomic and Molecular Layer Deposition for Superior Lithium‐Sulfur Batteries: Strategies, Performance, and Mechanisms"
snapshot_1,Topic_metal_sulfide_anodes_2009-2018_Knowledge.txt,169,https://openalex.org/W2778557963,https://doi.org/10.1021/acsami.7b14527,2017,Mercaptopropionic Acid-Capped Wurtzite Cu<sub>9</sub>Sn<sub>2</sub>Se<sub>9</sub> Nanocrystals as High-Performance Anode Materials for Lithium-Ion Batteries
snapshot_1,Topic_metal_sulfide_anodes_2009-2018_Knowledge.txt,170,https://openalex.org/W2795902647,https://doi.org/10.1149/2.1131805jes,2018,"Symmetric Lithium Sulfide – Sulfur Cells: A Method to Study Degradation Mechanisms of Cathode, Separator and Electrolyte Concepts for Lithium-Sulfur Batteries"
snapshot_1,Topic_metal_sulfide_anodes_2009-2018_Knowledge.txt,171,https://openalex.org/W1987363187,https://doi.org/10.1002/adfm.201301025,2013,Quaternary Diamond‐Like Chalcogenidometalate Networks as Efficient Anode Material in Lithium‐Ion Batteries
snapshot_1,Topic_metal_sulfide_anodes_2009-2018_Knowledge.txt,172,https://openalex.org/W2606213815,https://doi.org/10.1002/chem.201701391,2017,One‐Step Fabrication of Monolithic Electrodes Comprising Co<sub>9</sub>S<sub>8</sub> Particles Supported on Cobalt Foam for Efficient and Durable Oxygen Evolution Reaction
snapshot_1,Topic_metal_sulfide_anodes_2009-2018_Knowledge.txt,173,https://openalex.org/W2742328466,https://doi.org/10.1126/science.aan2255,2017,Direct atomic-level insight into the active sites of a high-performance PGM-free ORR catalyst
snapshot_1,Topic_metal_sulfide_anodes_2009-2018_Knowledge.txt,174,https://openalex.org/W2792582517,https://doi.org/10.1149/2.0351803jes,2018,Urchin-Like Nanorods of Binary NiCoS Supported on Nickel Foam for Electrocatalytic Overall Water Splitting
snapshot_1,Topic_metal_sulfide_anodes_2009-2018_Knowledge.txt,175,https://openalex.org/W4241231916,https://doi.org/10.1002/ange.201712907,2018,Fluoroethylene Carbonate Enabling a Robust LiF‐rich Solid Electrolyte Interphase to Enhance the Stability of the MoS<sub>2</sub> Anode for Lithium‐Ion Storage
snapshot_1,Topic_metal_sulfide_anodes_2009-2018_Knowledge.txt,176,https://openalex.org/W2809502094,https://doi.org/10.1126/sciadv.aas9820,2018,Materials for lithium-ion battery safety
snapshot_1,Topic_metal_sulfide_anodes_2009-2018_Knowledge.txt,177,https://openalex.org/W2896191258,https://doi.org/10.1002/adma.201805023,2018,Ultrastable Graphene‐Encapsulated 3 nm Nanoparticles by In Situ Chemical Vapor Deposition
snapshot_1,Topic_metal_sulfide_anodes_2009-2018_Knowledge.txt,178,https://openalex.org/W2802846582,https://doi.org/10.1002/ejic.201800204,2018,Engineering Zn<sub>0.33</sub>Co<sub>0.67</sub>S Hollow Microspheres with Enhanced Electrochemical Performance for Lithium and Sodium Ion Batteries
snapshot_1,Topic_metal_sulfide_anodes_2009-2018_Knowledge.txt,179,https://openalex.org/W2789290052,https://doi.org/10.1088/1361-6528/aab120,2018,Facile synthesis of nickel-doped Co<sub>9</sub>S<sub>8</sub> hollow nanoparticles with large surface-controlled pseudocapacitive and fast sodium storage
snapshot_1,Topic_metal_sulfide_anodes_2009-2018_Knowledge.txt,180,https://openalex.org/W1989121075,https://doi.org/10.1038/ncomms6682,2015,A highly efficient polysulfide mediator for lithium–sulfur batteries
snapshot_1,Topic_metal_sulfide_anodes_2009-2018_Knowledge.txt,181,https://openalex.org/W2904766184,https://doi.org/10.1002/asia.201801425,2018,Hierarchical Nanotubes Constructed by Co<sub>9</sub>S<sub>8</sub>/MoS<sub>2</sub> Ultrathin Nanosheets Wrapped with Reduced Graphene Oxide for Advanced Lithium Storage
snapshot_1,Topic_metal_sulfide_anodes_2009-2018_Knowledge.txt,182,https://openalex.org/W2889625325,https://doi.org/10.1002/adfm.201804589,2018,Lithium–Sulfur Batteries: Co‐Existence of Challenges and Opportunities
snapshot_1,Topic_metal_sulfide_anodes_2009-2018_Knowledge.txt,183,https://openalex.org/W2102242969,https://doi.org/10.5006/1.3693695,2012,Analysis of Pit Stability in Type 316L Stainless Steel Exposed to H<sub>2</sub>S-Saturated Dilute Chloride Solutions Above the Critical Pitting Temperature
snapshot_1,Topic_metal_sulfide_anodes_2009-2018_Knowledge.txt,184,https://openalex.org/W353281201,https://doi.org/10.1007/s11434-011-4476-1,2011,A review of TiO2 nanoparticles
snapshot_1,Topic_metal_sulfide_anodes_2009-2018_Knowledge.txt,185,https://openalex.org/W2777144593,https://doi.org/10.1002/adma.201705871,2017,Next‐Generation Batteries
snapshot_1,Topic_metal_sulfide_anodes_2009-2018_Knowledge.txt,186,https://openalex.org/W2010764629,https://doi.org/10.1038/ncomms7929,2015,Na+ intercalation pseudocapacitance in graphene-coupled titanium oxide enabling ultra-fast sodium storage and long-term cycling
snapshot_1,Topic_metal_sulfide_anodes_2009-2018_Knowledge.txt,187,https://openalex.org/W2158508516,https://doi.org/10.3390/ma3042260,2010,Quantum Dots and Their Multimodal Applications: A Review
snapshot_1,Topic_metal_sulfide_anodes_2009-2018_Knowledge.txt,188,https://openalex.org/W2889296013,https://doi.org/10.1021/acs.jpcc.8b04241,2018,Photocatalytic CO<sub>2</sub> Reduction Using a Pristine Cu<sub>2</sub>ZnSnS<sub>4</sub> Film Electrode under Visible Light Irradiation
snapshot_1,Topic_metal_sulfide_anodes_2009-2018_Knowledge.txt,189,https://openalex.org/W2737378308,https://doi.org/10.1002/adma.201701169,2017,Protected Lithium‐Metal Anodes in Batteries: From Liquid to Solid
snapshot_1,Topic_metal_sulfide_anodes_2009-2018_Knowledge.txt,190,https://openalex.org/W4243773794,https://doi.org/10.1002/ange.201410890,2014,Liquid‐Phase Epitaxial Growth of Two‐Dimensional Semiconductor Hetero‐nanostructures
snapshot_1,Topic_metal_sulfide_anodes_2009-2018_Knowledge.txt,191,https://openalex.org/W2317037326,https://doi.org/10.1166/jnn.2010.2655,2010,Synthesis of Single Crystal Metal Sulfide Nanowires and Nanowire Arrays by Chemical Precipitation in Templates
snapshot_1,Topic_metal_sulfide_anodes_2009-2018_Knowledge.txt,192,https://openalex.org/W1873185258,https://doi.org/10.1039/c5cp05004a,2015,Impact electrochemistry: colloidal metal sulfide detection by cathodic particle coulometry
snapshot_1,Topic_metal_sulfide_anodes_2009-2018_Knowledge.txt,193,https://openalex.org/W2619010848,https://doi.org/10.1039/c7ee01047h,2017,Electrocatalysis of polysulfide conversion by sulfur-deficient MoS<sub>2</sub> nanoflakes for lithium–sulfur batteries
snapshot_1,Topic_metal_sulfide_anodes_2009-2018_Knowledge.txt,194,https://openalex.org/W2189000696,https://doi.org/10.1021/acs.chemrev.5b00370,2015,Light-Driven Heterogeneous Reduction of Carbon Dioxide: Photocatalysts and Photoelectrodes
snapshot_1,Topic_metal_sulfide_anodes_2009-2018_Knowledge.txt,195,https://openalex.org/W1567199935,https://doi.org/10.5772/29132,2012,New Developments in Solid Electrolytes for Thin-Film Lithium Batteries
snapshot_1,Topic_metal_sulfide_anodes_2009-2018_Knowledge.txt,196,https://openalex.org/W2902966062,https://doi.org/10.3389/fmicb.2018.02945,2018,A Novel Inorganic Sulfur Compound Metabolizing Ferroplasma-Like Population Is Suggested to Mediate Extracellular Electron Transfer
snapshot_1,Topic_metal_sulfide_anodes_2009-2018_Knowledge.txt,197,https://openalex.org/W2598995799,https://doi.org/10.1039/c7cp00509a,2017,In situ template synthesis of hollow nanospheres assembled from NiCo<sub>2</sub>S<sub>4</sub>@C ultrathin nanosheets with high electrochemical activities for lithium storage and ORR catalysis
snapshot_1,Topic_metal_sulfide_anodes_2009-2018_Knowledge.txt,198,https://openalex.org/W1890282811,https://doi.org/10.1002/adfm.201501478,2015,In Situ Formation of Conductive Metal Sulfide Domain in Metal Oxide Matrix: An Efficient Way to Improve the Electrochemical Activity of Semiconducting Metal Oxide
snapshot_1,Topic_metal_sulfide_anodes_2009-2018_Knowledge.txt,199,https://openalex.org/W2622248414,https://doi.org/10.1149/2.1571707jes,2017,Review—Practical Challenges Hindering the Development of Solid State Li Ion Batteries
snapshot_1,Topic_metal_sulfide_anodes_2009-2018_Knowledge.txt,200,https://openalex.org/W2612232399,https://doi.org/10.1002/aenm.201700537,2017,A Shell‐Shaped Carbon Architecture with High‐Loading Capability for Lithium Sulfide Cathodes
snapshot_1,Topic_metal_sulfide_anodes_2009-2018_Knowledge.txt,201,https://openalex.org/W2745464750,https://doi.org/10.1039/c6cs00752j,2017,Counter electrodes in dye-sensitized solar cells
snapshot_1,Topic_metal_sulfide_anodes_2009-2018_Knowledge.txt,202,https://openalex.org/W2592267057,https://doi.org/10.1038/ncomms14264,2017,Low-crystalline iron oxide hydroxide nanoparticle anode for high-performance supercapacitors
snapshot_1,Topic_metal_sulfide_anodes_2009-2018_Knowledge.txt,203,https://openalex.org/W2782570852,https://doi.org/10.1039/c7ra12617d,2018,Three-dimensional macroporous graphene monoliths with entrapped MoS<sub>2</sub>nanoflakes from single-step synthesis for high-performance sodium-ion batteries
snapshot_1,Topic_metal_sulfide_anodes_2009-2018_Knowledge.txt,204,https://openalex.org/W2380691906,https://doi.org/10.1134/s2070205115040255,2015,Kinetics of dissolution of hydrogenated carbon steel in electrolytes with pH close to neutral
snapshot_1,Topic_metal_sulfide_anodes_2009-2018_Knowledge.txt,205,https://openalex.org/W2157202716,https://doi.org/10.1039/c4cs00141a,2014,"Heteroatom-doped graphene materials: syntheses, properties and applications"
snapshot_1,Topic_metal_sulfide_anodes_2009-2018_Knowledge.txt,206,https://openalex.org/W2533140760,https://doi.org/10.1002/ente.201600393,2016,A Dual‐Carbon Phase‐Modified and Nanostructured Nickel Sulfide Anode for Sodium‐Ion Batteries
snapshot_1,Topic_metal_sulfide_anodes_2009-2018_Knowledge.txt,207,https://openalex.org/W2414107837,https://doi.org/10.1039/c6cs00173d,2016,The rise of organic electrode materials for energy storage
snapshot_1,Topic_metal_sulfide_anodes_2009-2018_Knowledge.txt,208,https://openalex.org/W2744496034,https://doi.org/10.1039/c7cs00139h,2017,A review of flexible lithium–sulfur and analogous alkali metal–chalcogen rechargeable batteries
snapshot_1,Topic_metal_sulfide_anodes_2009-2018_Knowledge.txt,209,https://openalex.org/W2103884570,https://doi.org/10.1002/ese3.95,2015,"Li‐ion batteries: basics, progress, and challenges"
snapshot_1,Topic_metal_sulfide_anodes_2009-2018_Knowledge.txt,210,https://openalex.org/W2885199538,https://doi.org/10.1149/2.1371810jes,2018,One-Step Electrochemical Preparation of Lead Powders and Sulfur Nanoparticles from Solid Lead Sulfide in Deep Eutectic Solvents without SO<sub>2</sub>Gas
snapshot_1,Topic_metal_sulfide_anodes_2009-2018_Knowledge.txt,211,https://openalex.org/W2341914402,https://doi.org/10.1021/acsnano.5b05157,2015,Anti-MoS<sub>2</sub> Nanostructures: Tl<sub>2</sub>S and Its Electrochemical and Electronic Properties
snapshot_1,Topic_metal_sulfide_anodes_2009-2018_Knowledge.txt,212,https://openalex.org/W2889623623,https://doi.org/10.1002/advs.201801021,2018,TiS<sub>2</sub> as an Advanced Conversion Electrode for Sodium‐Ion Batteries with Ultra‐High Capacity and Long‐Cycle Life
snapshot_1,Topic_metal_sulfide_anodes_2009-2018_Knowledge.txt,213,https://openalex.org/W2770589351,https://doi.org/10.1039/c7nr07359c,2017,<i>In situ</i> carbon encapsulation of vertical MoS<sub>2</sub> arrays with SnO<sub>2</sub> for durable high rate lithium storage: dominant pseudocapacitive behavior
snapshot_1,Topic_metal_sulfide_anodes_2009-2018_Knowledge.txt,214,https://openalex.org/W2218635931,https://doi.org/10.1039/c5mh00260e,2015,The evolution of ‘sol–gel’ chemistry as a technique for materials synthesis
snapshot_1,Topic_metal_sulfide_anodes_2009-2018_Knowledge.txt,215,https://openalex.org/W2789705881,https://doi.org/10.1002/adma.201705590,2018,Revisiting the Role of Polysulfides in Lithium–Sulfur Batteries
snapshot_1,Topic_metal_sulfide_anodes_2009-2018_Knowledge.txt,216,https://openalex.org/W1965606768,https://doi.org/10.1021/nn506223h,2015,Prospects of Nanoscience with Nanocrystals
snapshot_1,Topic_metal_sulfide_anodes_2009-2018_Knowledge.txt,217,https://openalex.org/W2465112285,https://doi.org/10.3390/molecules21070900,2016,Photocatalytic Water Splitting—The Untamed Dream: A Review of Recent Advances
snapshot_1,Topic_metal_sulfide_anodes_2009-2018_Knowledge.txt,218,https://openalex.org/W2086867934,https://doi.org/10.1039/c1ra00839k,2011,Bioelectrochemical systems (BES) for sustainable energy production and product recovery from organic wastes and industrial wastewaters
snapshot_1,Topic_metal_sulfide_anodes_2009-2018_Knowledge.txt,219,https://openalex.org/W1939350197,N/A,2011,Electrochemistry of FeSO4-Na2S2 O3 and CuSO4-Na2S2O 3 Systems for Template-Assisted Nanowire Synthesis
snapshot_1,Topic_metal_sulfide_anodes_2009-2018_Knowledge.txt,220,https://openalex.org/W2905742006,https://doi.org/10.1126/sciadv.aau9245,2018,Fluorinated solid electrolyte interphase enables highly reversible solid-state Li metal battery
snapshot_1,Topic_metal_sulfide_anodes_2009-2018_Knowledge.txt,221,https://openalex.org/W2753349180,https://doi.org/10.1039/c7cc06729a,2017,Mild synthesis of monodisperse tin nanocrystals and tin chalcogenide hollow nanostructures
snapshot_1,Topic_metal_sulfide_anodes_2009-2018_Knowledge.txt,222,https://openalex.org/W2077693842,https://doi.org/10.1002/elan.200804390,2009,Electrochemical Investigation of Metal Sulfides at Mercury Electrodes Using Thiourea as a Source of Sulfide Ion
snapshot_1,Topic_metal_sulfide_anodes_2009-2018_Knowledge.txt,223,https://openalex.org/W1602823229,https://doi.org/10.1149/2.0061511jes,2015,Prevention of Sulfur Poisoning and Performance Recovery of Sulfur-Poisoned-Anode Electrode by Shifting Anode Electrode Potential
snapshot_1,Topic_metal_sulfide_anodes_2009-2018_Knowledge.txt,224,https://openalex.org/W2342701378,https://doi.org/10.1021/acs.chemmater.6b01275,2016,Ion-Exchange and Cation Solvation Reactions in Ti<sub>3</sub>C<sub>2</sub> MXene
snapshot_1,Topic_metal_sulfide_anodes_2009-2018_Knowledge.txt,225,https://openalex.org/W2899983355,https://doi.org/10.1007/s40820-018-0229-x,2018,Heterostructured Electrocatalysts for Hydrogen Evolution Reaction Under Alkaline Conditions
snapshot_1,Topic_metal_sulfide_anodes_2009-2018_Knowledge.txt,226,https://openalex.org/W2808363512,https://doi.org/10.1039/c7cs00619e,2018,Electrochemical strategies for C–H functionalization and C–N bond formation
snapshot_1,Topic_metal_sulfide_anodes_2009-2018_Knowledge.txt,227,https://openalex.org/W2188213095,N/A,2013,Experimental Study of Factors Affecting Corrosion in Gas Wells Using Potantio Acetate and Galvan Acetate Tests
snapshot_1,Topic_metal_sulfide_anodes_2009-2018_Knowledge.txt,228,https://openalex.org/W2886199627,https://doi.org/10.1021/acsaem.8b00919,2018,"Double-Layer N,S-Codoped Carbon Protection of MnS Nanoparticles Enabling Ultralong-Life and High-Rate Lithium Ion Storage"
snapshot_1,Topic_metal_sulfide_anodes_2009-2018_Knowledge.txt,229,https://openalex.org/W2767183005,https://doi.org/10.1149/2.0091801jes,2017,Operando Spectromicroscopy of Sulfur Species in Lithium-Sulfur Batteries
snapshot_1,Topic_metal_sulfide_anodes_2009-2018_Knowledge.txt,230,https://openalex.org/W2616203056,https://doi.org/10.1149/07701.0065ecst,2017,Slurry-Processed Glass-Ceramic LI <sub>2</sub> S-P <sub>2</sub> S <sub>5</sub> -LiI Electrolyte for All-Solid-State Li-Ion Batteries
snapshot_1,Topic_metal_sulfide_anodes_2009-2018_Knowledge.txt,231,https://openalex.org/W2110358935,https://doi.org/10.3791/52705,2015,Making Record-efficiency SnS Solar Cells by Thermal Evaporation and Atomic Layer Deposition
snapshot_1,Topic_metal_sulfide_anodes_2009-2018_Knowledge.txt,232,https://openalex.org/W2800286744,https://doi.org/10.1039/c8ra01554f,2018,An electrochemical anodization strategy towards high-activity porous MoS<sub>2</sub> electrodes for the hydrogen evolution reaction
snapshot_1,Topic_metal_sulfide_anodes_2009-2018_Knowledge.txt,233,https://openalex.org/W2216081842,https://doi.org/10.1039/c5ee03440j,2015,Vertically oriented cobalt selenide/NiFe layered-double-hydroxide nanosheets supported on exfoliated graphene foil: an efficient 3D electrode for overall water splitting
snapshot_1,Topic_metal_sulfide_anodes_2009-2018_Knowledge.txt,234,https://openalex.org/W2808814933,https://doi.org/10.1038/s41467-018-04888-0,2018,Systematic design of superaerophobic nanotube-array electrode comprised of transition-metal sulfides for overall water splitting
snapshot_1,Topic_metal_sulfide_anodes_2009-2018_Knowledge.txt,235,https://openalex.org/W2805857153,https://doi.org/10.1038/s41467-018-02889-7,2018,Boosting lithium storage in covalent organic framework via activation of 14-electron redox chemistry
snapshot_1,Topic_metal_sulfide_anodes_2009-2018_Knowledge.txt,236,https://openalex.org/W2044503539,https://doi.org/10.1039/c2ra20839c,2012,Addressing the terawatt challenge: scalability in the supply of chemical elements for renewable energy
snapshot_1,Topic_metal_sulfide_anodes_2009-2018_Knowledge.txt,237,https://openalex.org/W2053654950,https://doi.org/10.1073/pnas.1117592109,2012,Microbial interspecies electron transfer via electric currents through conductive minerals
snapshot_1,Topic_metal_sulfide_anodes_2009-2018_Knowledge.txt,238,https://openalex.org/W2067201584,https://doi.org/10.1039/c2ra22351a,2012,Recent advances in electrochemical glucose biosensors: a review
snapshot_1,Topic_metal_sulfide_anodes_2009-2018_Knowledge.txt,239,https://openalex.org/W2262464189,https://doi.org/10.1038/ncomms8149,2015,Wearable red–green–blue quantum dot light-emitting diode array using high-resolution intaglio transfer printing
snapshot_1,Topic_metal_sulfide_anodes_2009-2018_Knowledge.txt,240,https://openalex.org/W2776959763,https://doi.org/10.3133/pp1802o,2017,Rare-earth elements
snapshot_1,Topic_metal_sulfide_anodes_2009-2018_Knowledge.txt,241,https://openalex.org/W2902256955,https://doi.org/10.1039/c8ee03252a,2018,Freestanding 1T MoS<sub>2</sub>/graphene heterostructures as a highly efficient electrocatalyst for lithium polysulfides in Li–S batteries
snapshot_1,Topic_metal_sulfide_anodes_2009-2018_Knowledge.txt,242,https://openalex.org/W2046980296,https://doi.org/10.1002/ep.10597,2011,Copper removal from diluted cyanide wastewater by electrolysis
snapshot_1,Topic_metal_sulfide_anodes_2009-2018_Knowledge.txt,243,https://openalex.org/W2570189725,https://doi.org/10.3389/fmicb.2016.02106,2017,"Resource Recovery from Wastewater by Biological Technologies: Opportunities, Challenges, and Prospects"
snapshot_1,Topic_metal_sulfide_anodes_2009-2018_Knowledge.txt,244,https://openalex.org/W2773352941,https://doi.org/10.1002/aenm.201702384,2017,Recent Progress and Perspective in Electrode Materials for K‐Ion Batteries
snapshot_1,Topic_metal_sulfide_anodes_2009-2018_Knowledge.txt,245,https://openalex.org/W2161098663,https://doi.org/10.1109/tnano.2011.2165965,2011,Nanoparticle-Based Biobarcoded DNA Sensor for the Rapid Detection of pagA Gene of Bacillus Anthracis
snapshot_1,Topic_metal_sulfide_anodes_2009-2018_Knowledge.txt,246,https://openalex.org/W2046102090,https://doi.org/10.1371/journal.pone.0101298,2014,Life Cycle Assessment of Metals: A Scientific Synthesis
snapshot_1,Topic_metal_sulfide_anodes_2009-2018_Knowledge.txt,247,https://openalex.org/W2269584172,https://doi.org/10.2172/1050993,2012,Accelerated corrosion of stainless steel in thiocyanate-containing solutions
snapshot_1,Topic_metal_sulfide_anodes_2009-2018_Knowledge.txt,248,https://openalex.org/W2811423998,https://doi.org/10.1038/s41467-018-05019-5,2018,Corrosion engineering towards efficient oxygen evolution electrodes with stable catalytic activity for over 6000 hours
snapshot_1,Topic_metal_sulfide_anodes_2009-2018_Knowledge.txt,249,https://openalex.org/W1941185308,https://doi.org/10.1038/ncomms8992,2015,Molecular metal–Nx centres in porous carbon for electrocatalytic hydrogen evolution
snapshot_1,Topic_metal_sulfide_anodes_2009-2018_Knowledge.txt,250,https://openalex.org/W2803833520,https://doi.org/10.1002/advs.201800064,2018,Recent Progress on Layered Double Hydroxides and Their Derivatives for Electrocatalytic Water Splitting
snapshot_1,Topic_metal_sulfide_anodes_2009-2018_Knowledge.txt,251,https://openalex.org/W2058252944,https://doi.org/10.1021/cm4021518,2013,Will Solar-Driven Water-Splitting Devices See the Light of Day?
snapshot_1,Topic_metal_sulfide_anodes_2009-2018_Knowledge.txt,252,https://openalex.org/W2326753855,https://doi.org/10.1021/ac5039863,2014,Electrochemical Sensors and Biosensors Based on Nanomaterials and Nanostructures
snapshot_1,Topic_metal_sulfide_anodes_2009-2018_Knowledge.txt,253,https://openalex.org/W2612413761,https://doi.org/10.1002/aenm.201700381,2017,Ultrathin High Surface Area Nickel Boride (Ni<i><sub>x</sub></i>B) Nanosheets as Highly Efficient Electrocatalyst for Oxygen Evolution
snapshot_1,Topic_metal_sulfide_anodes_2009-2018_Knowledge.txt,254,https://openalex.org/W2508563296,https://doi.org/10.1039/c6ee02364a,2016,Rational designs and engineering of hollow micro-/nanostructures as sulfur hosts for advanced lithium–sulfur batteries
snapshot_1,Topic_metal_sulfide_anodes_2009-2018_Knowledge.txt,255,https://openalex.org/W2560701263,https://doi.org/10.1002/advs.201600289,2016,MoS<sub>2</sub>‐Based Nanocomposites for Electrochemical Energy Storage
snapshot_1,Topic_metal_sulfide_anodes_2009-2018_Knowledge.txt,256,https://openalex.org/W2607825147,https://doi.org/10.1039/c7ee00534b,2017,Compatibility issues between electrodes and electrolytes in solid-state batteries
snapshot_1,Topic_metal_sulfide_anodes_2009-2018_Knowledge.txt,257,https://openalex.org/W2146790204,https://doi.org/10.1002/sia.5816,2015,XPS analysis of the interface between AA2024‐T3/CF‐PPS friction spot joints
snapshot_1,Topic_metal_sulfide_anodes_2009-2018_Knowledge.txt,258,https://openalex.org/W2575797756,https://doi.org/10.1002/advs.201600337,2017,Recent Progress in Energy‐Driven Water Splitting
snapshot_1,Topic_metal_sulfide_anodes_2009-2018_Knowledge.txt,259,https://openalex.org/W2338176142,https://doi.org/10.1016/j.synthmet.2016.04.003,2016,A comparison of copper indium sulfide-polymer nanocomposite solar cells in inverted and regular device architecture
snapshot_1,Topic_metal_sulfide_anodes_2009-2018_Knowledge.txt,260,https://openalex.org/W2085684783,https://doi.org/10.1088/0957-4484/25/44/445704,2014,Vertically aligned cobalt oxide nanowires on graphene networks for high-performance lithium storage
snapshot_1,Topic_metal_sulfide_anodes_2009-2018_Knowledge.txt,261,https://openalex.org/W2507405931,https://doi.org/10.1007/s13201-016-0455-7,2016,Drinking water contamination and treatment techniques
snapshot_1,Topic_metal_sulfide_anodes_2009-2018_Knowledge.txt,262,https://openalex.org/W2735944262,https://doi.org/10.1002/aenm.201700544,2017,Design of Efficient Bifunctional Oxygen Reduction/Evolution Electrocatalyst: Recent Advances and Perspectives
snapshot_1,Topic_metal_sulfide_anodes_2009-2018_Knowledge.txt,263,https://openalex.org/W2806113364,https://doi.org/10.1021/acssuschemeng.8b00847,2018,Light-Driven Photocatalytic Hydrogen Evolution on Spindle-like MoS<sub><i>x</i></sub> Nanostructures Grown on Poly-Salicylic Acid Synthesized through Bipolar Electrochemistry
snapshot_1,Topic_metal_sulfide_anodes_2009-2018_Knowledge.txt,264,https://openalex.org/W2260420489,https://doi.org/10.1038/ncomms9850,2015,Pie-like electrode design for high-energy density lithium–sulfur batteries
snapshot_1,Topic_metal_sulfide_anodes_2009-2018_Knowledge.txt,265,https://openalex.org/W2588261270,https://doi.org/10.1002/advs.201600445,2017,Advanced Micro/Nanostructures for Lithium Metal Anodes
snapshot_1,Topic_metal_sulfide_anodes_2009-2018_Knowledge.txt,266,https://openalex.org/W2787667840,https://doi.org/10.1039/c7cs00464h,2018,Ionic liquids and derived materials for lithium and sodium batteries
snapshot_1,Topic_metal_sulfide_anodes_2009-2018_Knowledge.txt,267,https://openalex.org/W2077266128,https://doi.org/10.1002/adma.201305929,2014,"25th Anniversary Article: Semiconductor Nanowires – Synthesis, Characterization, and Applications"
snapshot_1,Topic_metal_sulfide_anodes_2009-2018_Knowledge.txt,268,https://openalex.org/W1832004054,https://doi.org/10.1186/s40201-015-0233-8,2015,Heavy metals removal from aqueous environments by electrocoagulation process– a systematic review
snapshot_1,Topic_metal_sulfide_anodes_2009-2018_Knowledge.txt,269,https://openalex.org/W2110900580,https://doi.org/10.3103/s1067821210020057,2010,Electrochemical oxidation of nickel sulfide metallic alloys
snapshot_1,Topic_metal_sulfide_anodes_2009-2018_Knowledge.txt,270,https://openalex.org/W2110239901,https://doi.org/10.1039/c5ee01215e,2015,"Lithium salts for advanced lithium batteries: Li–metal, Li–O<sub>2</sub>, and Li–S"
snapshot_1,Topic_metal_sulfide_anodes_2009-2018_Knowledge.txt,271,https://openalex.org/W2604866384,https://doi.org/10.3389/fmicb.2017.00643,2017,An Overview of Electron Acceptors in Microbial Fuel Cells
snapshot_1,Topic_metal_sulfide_anodes_2009-2018_Knowledge.txt,272,https://openalex.org/W2693635098,https://doi.org/10.5006/c2014-3744,2014,Modeling Localized Corrosion of Corrosion-Resistant Alloys in Oil and Gas Production Environments
snapshot_1,Topic_metal_sulfide_anodes_2009-2018_Knowledge.txt,273,https://openalex.org/W2518275817,https://doi.org/10.1149/ma2016-02/5/735,2016,Metal Sulfide Nanofiber Anodes for High Capacity Sodium Rechargeable Batteries
snapshot_1,Topic_metal_sulfide_anodes_2009-2018_Knowledge.txt,274,https://openalex.org/W2304936795,https://doi.org/10.14288/1.0078695,2010,The high temperature electrochemical behavior of carbon steel in alkaline sulfide solutions
snapshot_1,Topic_metal_sulfide_anodes_2009-2018_Knowledge.txt,275,https://openalex.org/W2794435994,https://doi.org/10.1002/adma.201704561,2018,Clay‐Inspired MXene‐Based Electrochemical Devices and Photo‐Electrocatalyst: State‐of‐the‐Art Progresses and Challenges
snapshot_1,Topic_metal_sulfide_anodes_2009-2018_Knowledge.txt,276,https://openalex.org/W2345709749,https://doi.org/10.1039/c6mh00093b,2016,Oxygen reduction reaction catalysts used in microbial fuel cells for energy-efficient wastewater treatment: a review
snapshot_1,Topic_metal_sulfide_anodes_2009-2018_Knowledge.txt,277,https://openalex.org/W2891396998,https://doi.org/10.1038/s41467-018-06126-z,2018,Lithiophilic-lithiophobic gradient interfacial layer for a highly stable lithium metal anode
snapshot_1,Topic_metal_sulfide_anodes_2009-2018_Knowledge.txt,278,https://openalex.org/W2296880544,https://doi.org/10.1021/acs.chemrev.5b00197,2015,CO<sub>2</sub> Hydrogenation to Formate and Methanol as an Alternative to Photo- and Electrochemical CO<sub>2</sub> Reduction
snapshot_1,Topic_metal_sulfide_anodes_2009-2018_Knowledge.txt,279,https://openalex.org/W2787153680,https://doi.org/10.1039/c7cs00505a,2018,Towards flexible solid-state supercapacitors for smart and wearable electronics
snapshot_1,Topic_metal_sulfide_anodes_2009-2018_Knowledge.txt,280,https://openalex.org/W2739545865,https://doi.org/10.1002/asia.201700722,2017,Cobalt–Manganese Mixed‐Sulfide Nanocages Encapsulated by Reduced Graphene Oxide: In Situ Sacrificial Template Synthesis and Superior Lithium Storage Properties
snapshot_1,Topic_metal_sulfide_anodes_2009-2018_Knowledge.txt,281,https://openalex.org/W2563361866,https://doi.org/10.1002/advs.201600380,2016,One‐Dimensional Earth‐Abundant Nanomaterials for Water‐Splitting Electrocatalysts
snapshot_1,Topic_metal_sulfide_anodes_2009-2018_Knowledge.txt,282,https://openalex.org/W2351672095,N/A,2015,Research development of selenium resource and its extraction technology
snapshot_1,Topic_metal_sulfide_anodes_2009-2018_Knowledge.txt,283,https://openalex.org/W2124695091,https://doi.org/10.1039/c3ee43825b,2014,A review of cermet-based spectrally selective solar absorbers
snapshot_1,Topic_metal_sulfide_anodes_2009-2018_Knowledge.txt,284,https://openalex.org/W2461361326,N/A,2011,Effect of pre-exposure of sulfur and iron sulfide on H2S corrosion at different temperatures
snapshot_1,Topic_metal_sulfide_anodes_2009-2018_Knowledge.txt,285,https://openalex.org/W2080751034,https://doi.org/10.3762/bjnano.5.143,2014,"Magnesium batteries: Current state of the art, issues and future perspectives"
snapshot_1,Topic_metal_sulfide_anodes_2009-2018_Knowledge.txt,286,https://openalex.org/W2042088726,https://doi.org/10.4028/www.scientific.net/amr.1010-1012.1594,2014,Characteristics Research and Selective Leaching of Anode Slime with High Content of Copper and Stannum
snapshot_1,Topic_metal_sulfide_anodes_2009-2018_Knowledge.txt,287,https://openalex.org/W2157671049,https://doi.org/10.1039/c1ra00260k,2011,Graphene–inorganic nanocomposites
snapshot_1,Topic_metal_sulfide_anodes_2009-2018_Knowledge.txt,288,https://openalex.org/W2087813165,https://doi.org/10.1038/ncomms7786,2015,Self-templated chemically stable hollow spherical covalent organic framework
snapshot_1,Topic_metal_sulfide_anodes_2009-2018_Knowledge.txt,289,https://openalex.org/W2800829505,https://doi.org/10.3390/nano8040256,2018,"Recent Advances in Metal Chalcogenides (MX; X = S, Se) Nanostructures for Electrochemical Supercapacitor Applications: A Brief Review"
snapshot_1,Topic_metal_sulfide_anodes_2009-2018_Knowledge.txt,290,https://openalex.org/W2809012081,https://doi.org/10.1039/c8ee00893k,2018,Vertical Co<sub>9</sub>S<sub>8</sub> hollow nanowall arrays grown on a Celgard separator as a multifunctional polysulfide barrier for high-performance Li–S batteries
snapshot_1,Topic_metal_sulfide_anodes_2009-2018_Knowledge.txt,291,https://openalex.org/W2907875557,https://doi.org/10.1002/smll.201870187,2018,Sodium‐Ion Batteries: SnS<sub>2</sub> Nanosheets Coating on Nanohollow Cubic CoS<sub>2</sub>/C for Ultralong Life and High Rate Capability Half/Full Sodium‐Ion Batteries (Small 41/2018)
snapshot_1,Topic_metal_sulfide_anodes_2009-2018_Knowledge.txt,292,https://openalex.org/W2088342359,https://doi.org/10.1371/journal.pone.0107942,2014,"Substrate Selection for Fundamental Studies of Electrocatalysts and Photoelectrodes: Inert Potential Windows in Acidic, Neutral, and Basic Electrolyte"
snapshot_1,Topic_metal_sulfide_anodes_2009-2018_Knowledge.txt,293,https://openalex.org/W2294033738,https://doi.org/10.3389/fbioe.2016.00004,2016,"Carbonate Precipitation through Microbial Activities in Natural Environment, and Their Potential in Biotechnology: A Review"
snapshot_1,Topic_metal_sulfide_anodes_2009-2018_Knowledge.txt,294,https://openalex.org/W2903697882,https://doi.org/10.3389/fchem.2018.00616,2018,Interfaces Between Cathode and Electrolyte in Solid State Lithium Batteries: Challenges and Perspectives
snapshot_1,Topic_metal_sulfide_anodes_2009-2018_Knowledge.txt,295,https://openalex.org/W2895948418,https://doi.org/10.3390/nano8100810,2018,Surface Modification of Magnetic Iron Oxide Nanoparticles
snapshot_1,Topic_metal_sulfide_anodes_2009-2018_Knowledge.txt,296,https://openalex.org/W2021952696,https://doi.org/10.1002/elan.200804461,2009,New Electrocatalytic Reactions at a Mercury Electrode in the Presence of Homocysteine or Cysteine and Cobalt or Nickel Ions
snapshot_1,Topic_metal_sulfide_anodes_2009-2018_Knowledge.txt,297,https://openalex.org/W2795036045,https://doi.org/10.1002/aenm.201703496,2018,Bismuth Microparticles as Advanced Anodes for Potassium‐Ion Battery
snapshot_1,Topic_metal_sulfide_anodes_2009-2018_Knowledge.txt,298,https://openalex.org/W2902753526,https://doi.org/10.1126/sciadv.aau8131,2018,Solid electrolyte interphases for high-energy aqueous aluminum electrochemical cells
snapshot_1,Topic_metal_sulfide_anodes_2009-2018_Knowledge.txt,299,https://openalex.org/W2009902849,https://doi.org/10.1038/ismej.2014.169,2014,The dual role of microbes in corrosion
snapshot_1,Topic_metal_sulfide_anodes_2009-2018_Knowledge.txt,300,https://openalex.org/W2161867954,https://doi.org/10.3389/fchem.2014.00079,2014,Emerging electrochemical energy conversion and storage technologies
snapshot_1,Topic_metal_sulfide_anodes_2009-2018_Knowledge.txt,301,https://openalex.org/W2793963249,https://doi.org/10.1021/acsnano.8b00498,2018,Systematic Bandgap Engineering of Graphene Quantum Dots and Applications for Photocatalytic Water Splitting and CO<sub>2</sub> Reduction
snapshot_1,Topic_metal_sulfide_anodes_2009-2018_Knowledge.txt,302,https://openalex.org/W2338864311,https://doi.org/10.1002/anie.201601673,2016,Synthesis of Highly Uniform Molybdenum–Glycerate Spheres and Their Conversion into Hierarchical MoS<sub>2</sub> Hollow Nanospheres for Lithium‐Ion Batteries
snapshot_1,Topic_metal_sulfide_anodes_2009-2018_Knowledge.txt,303,https://openalex.org/W1529571442,https://doi.org/10.11648/j.ajop.20150305.17,2015,Types of Solar Cells and Application
snapshot_1,Topic_metal_sulfide_anodes_2009-2018_Knowledge.txt,304,https://openalex.org/W2149157108,https://doi.org/10.1039/c3cs60159e,2013,"Salt melt synthesis of ceramics, semiconductors and carbon nanostructures"
snapshot_1,Topic_metal_sulfide_anodes_2009-2018_Knowledge.txt,305,https://openalex.org/W2593425684,https://doi.org/10.1039/c6cs00918b,2017,Strategies for stable water splitting via protected photoelectrodes
snapshot_1,Topic_metal_sulfide_anodes_2009-2018_Knowledge.txt,306,https://openalex.org/W2167815070,https://doi.org/10.1038/am.2014.78,2014,Scalable self-growth of Ni@NiO core-shell electrode with ultrahigh capacitance and super-long cyclic stability for supercapacitors
snapshot_1,Topic_metal_sulfide_anodes_2009-2018_Knowledge.txt,307,https://openalex.org/W2598599598,https://doi.org/10.1149/2.0551706jes,2017,On The Corrosion and Metastable Pitting Characteristics of 316L Stainless Steel Produced by Selective Laser Melting
snapshot_1,Topic_metal_sulfide_anodes_2009-2018_Knowledge.txt,308,https://openalex.org/W2086176981,https://doi.org/10.3390/resources3010152,2014,Metal Extraction Processes for Electronic Waste and Existing Industrial Routes: A Review and Australian Perspective
snapshot_1,Topic_metal_sulfide_anodes_2009-2018_Knowledge.txt,309,https://openalex.org/W2782030865,https://doi.org/10.1149/2.0161802jes,2018,Electrodeposition of Elemental Sulfur from Dimethyl Sulfoxide (DMSO)
snapshot_1,Topic_metal_sulfide_anodes_2009-2018_Knowledge.txt,310,https://openalex.org/W2523390464,https://doi.org/10.1002/advs.201600152,2016,One‐dimensional TiO<sub>2</sub> Nanotube Photocatalysts for Solar Water Splitting
snapshot_1,Topic_metal_sulfide_anodes_2009-2018_Knowledge.txt,311,https://openalex.org/W2945071685,N/A,2014,Achieving inert graphite anode and high efficiency for electrolysis of solid metal oxides and metal sulfides in molten chlorides
snapshot_1,Topic_metal_sulfide_anodes_2009-2018_Knowledge.txt,312,https://openalex.org/W2327877047,https://doi.org/10.1021/ma402254h,2014,Ion Transport by Nanochannels in Ion-Containing Aromatic Copolymers
snapshot_1,Topic_metal_sulfide_anodes_2009-2018_Knowledge.txt,313,https://openalex.org/W2004683913,https://doi.org/10.3762/bjnano.6.105,2015,From lithium to sodium: cell chemistry of room temperature sodium–air and sodium–sulfur batteries
snapshot_1,Topic_metal_sulfide_anodes_2009-2018_Knowledge.txt,314,https://openalex.org/W2587889034,https://doi.org/10.1038/ncomms14482,2017,Wafer-scale two-dimensional semiconductors from printed oxide skin of liquid metals
snapshot_1,Topic_metal_sulfide_anodes_2009-2018_Knowledge.txt,315,https://openalex.org/W2148451232,https://doi.org/10.1038/srep02671,2013,"A low cost, all-organic Na-ion Battery Based on Polymeric Cathode and Anode"
snapshot_1,Topic_metal_sulfide_anodes_2009-2018_Knowledge.txt,316,https://openalex.org/W2330515363,https://doi.org/10.1039/c6cs00136j,2016,Graphene and its electrochemistry – an update
snapshot_1,Topic_metal_sulfide_anodes_2009-2018_Knowledge.txt,317,https://openalex.org/W2593326986,https://doi.org/10.1039/c7ta03199h,2017,"Modeling of internal mechanical failure of all-solid-state batteries during electrochemical cycling, and implications for battery design"
snapshot_1,Topic_metal_sulfide_anodes_2009-2018_Knowledge.txt,318,https://openalex.org/W2897624039,https://doi.org/10.17073/0021-3438-2018-5-16-22,2018,ELECTROLYSIS OF GRANULATED COPPER-NICKEL MATTE
snapshot_1,Topic_metal_sulfide_anodes_2009-2018_Knowledge.txt,319,https://openalex.org/W2062586402,https://doi.org/10.1149/2.069211jes,2012,"Effects of Thiocyanate on Anodic Dissolution of Iron, Chromium, Nickel and Type 304 Stainless Steel"
snapshot_1,Topic_metal_sulfide_anodes_2009-2018_Knowledge.txt,320,https://openalex.org/W1582344722,https://doi.org/10.1002/9783527639496.ch14,2011,Solid Oxide Fuel Cells
snapshot_1,Topic_metal_sulfide_anodes_2009-2018_Knowledge.txt,321,https://openalex.org/W1980348046,https://doi.org/10.4028/www.scientific.net/ddf.326-328.383,2012,Effect of Structure on the Electrochemical Oxidation Rate of Copper and Nickel Sulfides
snapshot_1,Topic_metal_sulfide_anodes_2009-2018_Knowledge.txt,322,https://openalex.org/W2744740698,N/A,2012,Bioelectrical corrosion of iron by lithotrophic sulfate-reducing bacteria
snapshot_1,Topic_metal_sulfide_anodes_2009-2018_Knowledge.txt,323,https://openalex.org/W2024048721,https://doi.org/10.3389/fenrg.2014.00025,2014,Recent Advances in Inorganic Solid Electrolytes for Lithium Batteries
snapshot_1,Topic_metal_sulfide_anodes_2009-2018_Knowledge.txt,324,https://openalex.org/W2029682325,https://doi.org/10.1038/ncomms7152,2015,A dendrite-suppressing composite ion conductor from aramid nanofibres
snapshot_1,Topic_metal_sulfide_anodes_2009-2018_Knowledge.txt,325,https://openalex.org/W2781678624,https://doi.org/10.1186/s13568-017-0531-x,2018,Methanogens: biochemical background and biotechnological applications
snapshot_1,Topic_metal_sulfide_anodes_2009-2018_Knowledge.txt,326,https://openalex.org/W2533416009,https://doi.org/10.1038/ncomms13216,2016,Ultrasmall and phase-pure W2C nanoparticles for efficient electrocatalytic and photoelectrochemical hydrogen evolution
snapshot_1,Topic_metal_sulfide_anodes_2009-2018_Knowledge.txt,327,https://openalex.org/W2054627728,https://doi.org/10.1021/jz501030x,2014,New Insights into the Mechanism of Visible Light Photocatalysis
snapshot_1,Topic_metal_sulfide_anodes_2009-2018_Knowledge.txt,328,https://openalex.org/W2773331710,https://doi.org/10.1002/advs.201700375,2017,Electrochemically Synthesis of Nickel Cobalt Sulfide for High‐Performance Flexible Asymmetric Supercapacitors
snapshot_1,Topic_metal_sulfide_anodes_2009-2018_Knowledge.txt,329,https://openalex.org/W2624747150,https://doi.org/10.1039/c7cc03998k,2017,Nanocrystalline SnS<sub>2</sub>coated onto reduced graphene oxide: demonstrating the feasibility of a non-graphitic anode with sulfide chemistry for potassium-ion batteries
snapshot_1,Topic_metal_sulfide_anodes_2009-2018_Knowledge.txt,330,https://openalex.org/W2268273300,https://doi.org/10.1039/c6mh00016a,2016,Principles and implementations of electrolysis systems for water splitting
snapshot_1,Topic_metal_sulfide_anodes_2009-2018_Knowledge.txt,331,https://openalex.org/W2340990410,https://doi.org/10.1038/ncomms11296,2016,Scalable salt-templated synthesis of two-dimensional transition metal oxides
snapshot_1,Topic_metal_sulfide_anodes_2009-2018_Knowledge.txt,332,https://openalex.org/W2150948549,https://doi.org/10.3390/nano3030524,2013,Current Trends in Sensors Based on Conducting Polymer Nanomaterials
snapshot_1,Topic_metal_sulfide_anodes_2009-2018_Knowledge.txt,333,https://openalex.org/W1975554713,https://doi.org/10.1007/s13320-011-0051-2,2012,Review of surface plasmon resonance and localized surface plasmon resonance sensor
snapshot_1,Topic_metal_sulfide_anodes_2009-2018_Knowledge.txt,334,https://openalex.org/W2472608541,https://doi.org/10.1021/acsenergylett.6b00194,2016,Sparingly Solvating Electrolytes for High Energy Density Lithium–Sulfur Batteries
snapshot_1,Topic_metal_sulfide_anodes_2009-2018_Knowledge.txt,335,https://openalex.org/W2607368603,https://doi.org/10.3139/146.111493,2017,"Effect of acetic acid on corrosion behavior of AISI 201, 304 and 430 stainless steels"
snapshot_1,Topic_metal_sulfide_anodes_2009-2018_Knowledge.txt,336,https://openalex.org/W2237668177,https://doi.org/10.1021/acsami.5b11492,2016,Self-Assembly-Induced Alternately Stacked Single-Layer MoS<sub>2</sub> and N-doped Graphene: A Novel van der Waals Heterostructure for Lithium-Ion Batteries
snapshot_1,Topic_metal_sulfide_anodes_2009-2018_Knowledge.txt,337,https://openalex.org/W2111339135,https://doi.org/10.1098/rsif.2012.0984,2013,From natural to artificial photosynthesis
snapshot_1,Topic_metal_sulfide_anodes_2009-2018_Knowledge.txt,338,https://openalex.org/W2757460734,https://doi.org/10.1002/smll.201701931,2017,First‐Row Transition Metal Based Catalysts for the Oxygen Evolution Reaction under Alkaline Conditions: Basic Principles and Recent Advances
snapshot_1,Topic_metal_sulfide_anodes_2009-2018_Knowledge.txt,339,https://openalex.org/W1982529844,https://doi.org/10.1155/2013/690627,2013,Hydrogen Production Technologies: Current State and Future Developments
snapshot_1,Topic_metal_sulfide_anodes_2009-2018_Knowledge.txt,340,https://openalex.org/W2899723692,https://doi.org/10.3390/polym10111237,2018,Development of the PEO Based Solid Polymer Electrolytes for All-Solid State Lithium Ion Batteries
snapshot_1,Topic_metal_sulfide_anodes_2009-2018_Knowledge.txt,341,https://openalex.org/W2297406575,https://doi.org/10.2172/1111421,2013,Photoelectrochemical Hydrogen Production (Final Report)
snapshot_1,Topic_metal_sulfide_anodes_2009-2018_Knowledge.txt,342,https://openalex.org/W2326604655,https://doi.org/10.1021/nl504764m,2015,High Performance Pseudocapacitor Based on 2D Layered Metal Chalcogenide Nanocrystals
snapshot_1,Topic_metal_sulfide_anodes_2009-2018_Knowledge.txt,343,https://openalex.org/W2751920297,https://doi.org/10.1038/s41467-017-00575-8,2017,Self-supporting sulfur cathodes enabled by two-dimensional carbon yolk-shell nanosheets for high-energy-density lithium-sulfur batteries
snapshot_1,Topic_metal_sulfide_anodes_2009-2018_Knowledge.txt,344,https://openalex.org/W2827321432,https://doi.org/10.1002/9783527342631.ch4,2018,Flexible Sodium Ion Batteries: From Materials to Devices
snapshot_1,Topic_metal_sulfide_anodes_2009-2018_Knowledge.txt,345,https://openalex.org/W2509924951,https://doi.org/10.1186/s40643-016-0116-6,2016,Microbial fuel cell: a green approach for the utilization of waste for the generation of bioelectricity
snapshot_1,Topic_metal_sulfide_anodes_2009-2018_Knowledge.txt,346,https://openalex.org/W2890865634,https://doi.org/10.1016/j.scriptamat.2018.09.017,2018,Excellent mechanical and corrosion properties of austenitic stainless steel with a unique crystallographic lamellar microstructure via selective laser melting
snapshot_1,Topic_metal_sulfide_anodes_2009-2018_Knowledge.txt,347,https://openalex.org/W2613038737,https://doi.org/10.1038/ncomms15377,2017,Amorphous nickel-cobalt complexes hybridized with 1T-phase molybdenum disulfide via hydrazine-induced phase transformation for water splitting
snapshot_1,Topic_metal_sulfide_anodes_2009-2018_Knowledge.txt,348,https://openalex.org/W2037127065,https://doi.org/10.2147/nsa.s39406,2014,Nanotechnology in agri-food production: an overview
snapshot_1,Topic_metal_sulfide_anodes_2009-2018_Knowledge.txt,349,https://openalex.org/W2787436741,https://doi.org/10.3390/batteries4010004,2018,"Pre-Lithiation Strategies for Rechargeable Energy Storage Technologies: Concepts, Promises and Challenges"
snapshot_1,Topic_metal_sulfide_anodes_2009-2018_Knowledge.txt,350,https://openalex.org/W2108952693,https://doi.org/10.3390/ma5040661,2012,Transparent Conducting Oxides—An Up-To-Date Overview
snapshot_1,Topic_metal_sulfide_anodes_2009-2018_Knowledge.txt,351,https://openalex.org/W2389989484,N/A,2012,[Investigation on mechanism of pyrite oxidation in acidic solutions].
snapshot_1,Topic_metal_sulfide_anodes_2009-2018_Knowledge.txt,352,https://openalex.org/W2583338198,https://doi.org/10.1155/2017/1905968,2017,Pencil Graphite Electrodes: A Versatile Tool in Electroanalysis
snapshot_1,Topic_metal_sulfide_anodes_2009-2018_Knowledge.txt,353,https://openalex.org/W2519932146,https://doi.org/10.1039/c6ee02002j,2016,Ni-based bimetallic heterogeneous catalysts for energy and environmental applications
snapshot_1,Topic_metal_sulfide_anodes_2009-2018_Knowledge.txt,354,https://openalex.org/W2605982023,https://doi.org/10.1038/ncomms14643,2017,Light-assisted delithiation of lithium iron phosphate nanocrystals towards photo-rechargeable lithium ion batteries
snapshot_1,Topic_metal_sulfide_anodes_2009-2018_Knowledge.txt,355,https://openalex.org/W2097156402,https://doi.org/10.1039/c5nr06718a,2015,Recent advances in transition-metal dichalcogenide based nanomaterials for water splitting
snapshot_1,Topic_metal_sulfide_anodes_2009-2018_Knowledge.txt,356,https://openalex.org/W1995019017,https://doi.org/10.1039/c4nr00024b,2014,Solution synthesis of metal oxides for electrochemical energy storage applications
snapshot_1,Topic_metal_sulfide_anodes_2009-2018_Knowledge.txt,357,https://openalex.org/W2057297363,https://doi.org/10.1149/2.0441504jes,2015,All Solid-State Lithium–Sulfur Battery Using a Glass-Type P<sub>2</sub>S<sub>5</sub>–Li<sub>2</sub>S Electrolyte: Benefits on Anode Kinetics
snapshot_1,Topic_metal_sulfide_anodes_2009-2018_Knowledge.txt,358,https://openalex.org/W2538065224,https://doi.org/10.1021/acs.chemmater.6b03335,2016,"Guidelines for Exfoliation, Characterization and Processing of Layered Materials Produced by Liquid Exfoliation"
snapshot_1,Topic_metal_sulfide_anodes_2009-2018_Knowledge.txt,359,https://openalex.org/W2791904612,https://doi.org/10.1002/adfm.201704443,2018,Honeycomb‐Like Spherical Cathode Host Constructed from Hollow Metallic and Polar Co<sub>9</sub>S<sub>8</sub> Tubules for Advanced Lithium–Sulfur Batteries
snapshot_1,Topic_metal_sulfide_anodes_2009-2018_Knowledge.txt,360,https://openalex.org/W2864373609,https://doi.org/10.1021/acsomega.8b00482,2018,Facile Method to Prepare for the Ni<sub>2</sub>P Nanostructures with Controlled Crystallinity and Morphology as Anode Materials of Lithium-Ion Batteries
snapshot_1,Topic_metal_sulfide_anodes_2009-2018_Knowledge.txt,361,https://openalex.org/W2271796547,https://doi.org/10.1038/ncomms9304,2015,A porous proton-relaying metal-organic framework material that accelerates electrochemical hydrogen evolution
snapshot_1,Topic_metal_sulfide_anodes_2009-2018_Knowledge.txt,362,https://openalex.org/W2507198627,https://doi.org/10.1021/acs.chemmater.6b02648,2016,Data-Driven First-Principles Methods for the Study and Design of Alkali Superionic Conductors
snapshot_1,Topic_metal_sulfide_anodes_2009-2018_Knowledge.txt,363,https://openalex.org/W2506098969,https://doi.org/10.15406/jnmr.2015.02.00042,2015,Study of Composition and Morphology of Cadmium Oxide (CdO) Nanoparticles for Eliminating Cancer Cells
snapshot_1,Topic_metal_sulfide_anodes_2009-2018_Knowledge.txt,364,https://openalex.org/W2156865913,https://doi.org/10.3389/fmicb.2012.00204,2012,Feedback Interactions between Trace Metal Nutrients and Phytoplankton in the Ocean
snapshot_1,Topic_metal_sulfide_anodes_2009-2018_Knowledge.txt,365,https://openalex.org/W2515623107,https://doi.org/10.1002/ese3.128,2016,MoS<sub>2</sub> as a co‐catalyst for photocatalytic hydrogen production from water
snapshot_1,Topic_metal_sulfide_anodes_2009-2018_Knowledge.txt,366,https://openalex.org/W2580166624,https://doi.org/10.1002/aenm.201602011,2017,Compliant Yet Brittle Mechanical Behavior of Li<sub>2</sub>S–P<sub>2</sub>S<sub>5</sub> Lithium‐Ion‐Conducting Solid Electrolyte
snapshot_1,Topic_metal_sulfide_anodes_2009-2018_Knowledge.txt,367,https://openalex.org/W2021694444,https://doi.org/10.1039/c4cs00143e,2014,Single-molecule electronics: from chemical design to functional devices
snapshot_1,Topic_metal_sulfide_anodes_2009-2018_Knowledge.txt,368,https://openalex.org/W2733290666,https://doi.org/10.1038/ncomms15888,2017,Sodium vanadium titanium phosphate electrode for symmetric sodium-ion batteries with high power and long lifespan
snapshot_1,Topic_metal_sulfide_anodes_2009-2018_Knowledge.txt,369,https://openalex.org/W2774293935,https://doi.org/10.1021/acsnano.7b04646,2017,High-Performance Transition Metal Phosphide Alloy Catalyst for Oxygen Evolution Reaction
snapshot_1,Topic_metal_sulfide_anodes_2009-2018_Knowledge.txt,370,https://openalex.org/W2884183441,https://doi.org/10.1007/s40820-018-0218-0,2018,Metal–Organic Framework-Based Sensors for Environmental Contaminant Sensing
snapshot_1,Topic_metal_sulfide_anodes_2009-2018_Knowledge.txt,371,https://openalex.org/W272009413,N/A,2010,Fundamental electrochemical behaviour of pentlandite
snapshot_1,Topic_metal_sulfide_anodes_2009-2018_Knowledge.txt,372,https://openalex.org/W2539355162,https://doi.org/10.1038/srep35158,2016,Cu2O/CuO Bilayered Composite as a High-Efficiency Photocathode for Photoelectrochemical Hydrogen Evolution Reaction
snapshot_1,Topic_metal_sulfide_anodes_2009-2018_Knowledge.txt,373,https://openalex.org/W2606946454,https://doi.org/10.1007/s40831-017-0128-2,2017,Solvometallurgy: An Emerging Branch of Extractive Metallurgy
snapshot_1,Topic_metal_sulfide_anodes_2009-2018_Knowledge.txt,374,https://openalex.org/W2735943101,https://doi.org/10.1002/aenm.201700530,2017,Advanced Porous Carbon Materials for High‐Efficient Lithium Metal Anodes
snapshot_1,Topic_metal_sulfide_anodes_2009-2018_Knowledge.txt,375,https://openalex.org/W2389561781,N/A,2012,EXPERIMENTAL RESEARCH ON SULFIDE VOLATILIZATION PROCESS OF TIN AND ANTIMONY SEPARATION IN TIN ANODE MUD
snapshot_1,Topic_metal_sulfide_anodes_2009-2018_Knowledge.txt,376,https://openalex.org/W2062143714,https://doi.org/10.1038/srep02007,2013,TiO2 modified FeS Nanostructures with Enhanced Electrochemical Performance for Lithium-Ion Batteries
snapshot_1,Topic_metal_sulfide_anodes_2009-2018_Knowledge.txt,377,https://openalex.org/W2901590263,https://doi.org/10.1038/s42004-018-0086-z,2018,Cobalt doping of tin disulfide/reduced graphene oxide nanocomposites for enhanced pseudocapacitive sodium-ion storage
snapshot_1,Topic_metal_sulfide_anodes_2009-2018_Knowledge.txt,378,https://openalex.org/W1979323697,https://doi.org/10.1007/s12274-014-0601-1,2014,Microporous bamboo biochar for lithium-sulfur batteries
snapshot_1,Topic_metal_sulfide_anodes_2009-2018_Knowledge.txt,379,https://openalex.org/W2078119797,https://doi.org/10.3390/catal3010036,2013,"Brookite, the Least Known TiO2 Photocatalyst"
snapshot_1,Topic_metal_sulfide_anodes_2009-2018_Knowledge.txt,380,https://openalex.org/W2621334637,https://doi.org/10.1021/acsami.7b04161,2017,Titanium Sulfides as Intercalation-Type Cathode Materials for Rechargeable Aluminum Batteries
snapshot_1,Topic_metal_sulfide_anodes_2009-2018_Knowledge.txt,381,https://openalex.org/W2517708724,https://doi.org/10.1038/srep32049,2016,"One-step Solution Processing of Ag, Au and Pd@MXene Hybrids for SERS"
snapshot_1,Topic_metal_sulfide_anodes_2009-2018_Knowledge.txt,382,https://openalex.org/W1800610964,https://doi.org/10.1039/c5cs00307e,2015,Multifunctional metal–organic frameworks: from academia to industrial applications
snapshot_1,Topic_metal_sulfide_anodes_2009-2018_Knowledge.txt,383,https://openalex.org/W2584863852,https://doi.org/10.1039/c7ta00282c,2017,Cathode materials for rechargeable aluminum batteries: current status and progress
snapshot_1,Topic_metal_sulfide_anodes_2009-2018_Knowledge.txt,384,https://openalex.org/W2166106470,https://doi.org/10.1007/s40243-015-0063-8,2015,Electrode materials for microbial fuel cells: nanomaterial approach
snapshot_1,Topic_metal_sulfide_anodes_2009-2018_Knowledge.txt,385,https://openalex.org/W2074553389,https://doi.org/10.1007/s11581-014-1140-1,2014,A review of mixed-potential type zirconia-based gas sensors
snapshot_1,Topic_metal_sulfide_anodes_2009-2018_Knowledge.txt,386,https://openalex.org/W3004613196,https://doi.org/10.20964/2017.06.27,2017,Corrosion Mechanism of Steels in MDEA Solution and Material Selection of the Desulfurizing Equipment
snapshot_1,Topic_metal_sulfide_anodes_2009-2018_Knowledge.txt,387,https://openalex.org/W2775729696,https://doi.org/10.1002/smll.201701986,2017,Chemical Immobilization Effect on Lithium Polysulfides for Lithium–Sulfur Batteries
snapshot_1,Topic_metal_sulfide_anodes_2009-2018_Knowledge.txt,388,https://openalex.org/W4286855073,https://doi.org/10.3791/52705-v,2015,Making Record-efficiency SnS Solar Cells by Thermal Evaporation and Atomic Layer Deposition
snapshot_1,Topic_metal_sulfide_anodes_2009-2018_Knowledge.txt,389,https://openalex.org/W2571503343,https://doi.org/10.1093/nsr/nww098,2017,Progress and directions in low-cost redox-flow batteries for large-scale energy storage
snapshot_1,Topic_metal_sulfide_anodes_2009-2018_Knowledge.txt,390,https://openalex.org/W2626950123,https://doi.org/10.3390/met7060222,2017,A Review of Thiosulfate Leaching of Gold: Focus on Thiosulfate Consumption and Gold Recovery from Pregnant Solution
snapshot_1,Topic_metal_sulfide_anodes_2009-2018_Knowledge.txt,391,https://openalex.org/W2607124037,https://doi.org/10.3390/ma10040406,2017,Marine Atmospheric Corrosion of Carbon Steel: A Review
snapshot_1,Topic_metal_sulfide_anodes_2009-2018_Knowledge.txt,392,https://openalex.org/W2012835318,https://doi.org/10.1073/pnas.1209829109,2012,Long-range electron transport in <i>Geobacter sulfurreducens</i> biofilms is redox gradient-driven
snapshot_1,Topic_metal_sulfide_anodes_2009-2018_Knowledge.txt,393,https://openalex.org/W2802593435,https://doi.org/10.1038/s42004-018-0026-y,2018,Porous amorphous silicon film anodes for high-capacity and stable all-solid-state lithium batteries
snapshot_1,Topic_metal_sulfide_anodes_2009-2018_Knowledge.txt,394,https://openalex.org/W2522973911,https://doi.org/10.1039/c6ee02346k,2016,Leveraging valuable synergies by combining alloying and conversion for lithium-ion anodes
snapshot_1,Topic_metal_sulfide_anodes_2009-2018_Knowledge.txt,395,https://openalex.org/W2472772094,https://doi.org/10.3389/fenrg.2016.00025,2016,Development of Sulfide Solid Electrolytes and Interface Formation Processes for Bulk-Type All-Solid-State Li and Na Batteries
snapshot_1,Topic_metal_sulfide_anodes_2009-2018_Knowledge.txt,396,https://openalex.org/W2745916776,https://doi.org/10.1002/aenm.201700826,2017,Macroscopic‐Scale Three‐Dimensional Carbon Nanofiber Architectures for Electrochemical Energy Storage Devices
snapshot_1,Topic_metal_sulfide_anodes_2009-2018_Knowledge.txt,397,https://openalex.org/W2734835383,https://doi.org/10.1021/acsami.7b05326,2017,Improvement of the Cathode Electrolyte Interphase on P2-Na<sub>2/3</sub>Ni<sub>1/3</sub>Mn<sub>2/3</sub>O<sub>2</sub> by Atomic Layer Deposition
snapshot_1,Topic_metal_sulfide_anodes_2009-2018_Knowledge.txt,398,https://openalex.org/W2054211043,https://doi.org/10.1021/jp5054452,2014,"CoP as an Acid-Stable Active Electrocatalyst for the Hydrogen-Evolution Reaction: Electrochemical Synthesis, Interfacial Characterization and Performance Evaluation"
snapshot_1,Topic_metal_sulfide_anodes_2009-2018_Knowledge.txt,399,https://openalex.org/W2573718679,https://doi.org/10.1039/c6nh00224b,2017,Cobalt oxide and N-doped carbon nanosheets derived from a single two-dimensional metal–organic framework precursor and their application in flexible asymmetric supercapacitors
snapshot_1,Topic_metal_sulfide_anodes_2009-2018_Knowledge.txt,400,https://openalex.org/W2045756932,https://doi.org/10.1038/ncomms7230,2015,Stable silicon-ionic liquid interface for next-generation lithium-ion batteries
snapshot_1,Topic_metal_sulfide_anodes_2009-2018_Knowledge.txt,401,https://openalex.org/W2017411116,https://doi.org/10.3390/en8010172,2014,A Numerical and Graphical Review of Energy Storage Technologies
snapshot_1,Topic_metal_sulfide_anodes_2009-2018_Knowledge.txt,402,https://openalex.org/W2791380345,https://doi.org/10.1002/aenm.201702403,2018,"Challenges in Developing Electrodes, Electrolytes, and Diagnostics Tools to Understand and Advance Sodium‐Ion Batteries"
snapshot_1,Topic_metal_sulfide_anodes_2009-2018_Knowledge.txt,403,https://openalex.org/W2907793881,https://doi.org/10.1002/eem2.12021,2018,Revisiting Scientific Issues for Industrial Applications of Lithium–Sulfur Batteries
snapshot_1,Topic_metal_sulfide_anodes_2009-2018_Knowledge.txt,404,https://openalex.org/W2020329456,https://doi.org/10.1002/aenm.201400897,2014,High‐Performance Li/Dissolved Polysulfide Batteries with an Advanced Cathode Structure and High Sulfur Content
snapshot_1,Topic_metal_sulfide_anodes_2009-2018_Knowledge.txt,405,https://openalex.org/W2282305870,https://doi.org/10.1186/s13068-016-0426-0,2016,Extracellular electron transfer from cathode to microbes: application for biofuel production
snapshot_1,Topic_metal_sulfide_anodes_2009-2018_Knowledge.txt,406,https://openalex.org/W2605156379,https://doi.org/10.5006/c2015-05562,2015,Localized Corrosion of Corrosion-Resistant Alloys in Environments Containing Hydrogen Sulfide
snapshot_1,Topic_metal_sulfide_anodes_2009-2018_Knowledge.txt,407,https://openalex.org/W2891470794,https://doi.org/10.13016/m22n4zn1x,2018,Atomistic Modeling of Solid Interfaces in All-solid-state Li-ion Batteries
snapshot_1,Topic_metal_sulfide_anodes_2009-2018_Knowledge.txt,408,https://openalex.org/W2613109635,https://doi.org/10.1021/acs.chemmater.7b00852,2017,Mechanism of Zn Insertion into Nanostructured δ-MnO<sub>2</sub>: A Nonaqueous Rechargeable Zn Metal Battery
snapshot_1,Topic_metal_sulfide_anodes_2009-2018_Knowledge.txt,409,https://openalex.org/W2020046447,https://doi.org/10.1038/srep08151,2015,One-step hydrothermal synthesis of graphene decorated V2O5 nanobelts for enhanced electrochemical energy storage
snapshot_1,Topic_metal_sulfide_anodes_2009-2018_Knowledge.txt,410,https://openalex.org/W2766836967,https://doi.org/10.1038/s41467-017-01248-2,2017,Conversion of invisible metal-organic frameworks to luminescent perovskite nanocrystals for confidential information encryption and decryption
snapshot_1,Topic_metal_sulfide_anodes_2009-2018_Knowledge.txt,411,https://openalex.org/W4245318672,https://doi.org/10.1038/srep08763,2015,Electrocatalysis of Lithium Polysulfides: Current Collectors as Electrodes in Li/S Battery Configuration
snapshot_1,Topic_metal_sulfide_anodes_2009-2018_Knowledge.txt,412,https://openalex.org/W2035852131,https://doi.org/10.3390/w3020495,2011,Electrocoagulation in Wastewater Treatment
snapshot_1,Topic_metal_sulfide_anodes_2009-2018_Knowledge.txt,413,https://openalex.org/W2956802333,N/A,2014,Pre-lithiation of onion-like carbon/MoS2 nano-urchin anodes for high-performance rechargeable lithium ion batteries
snapshot_1,Topic_metal_sulfide_anodes_2009-2018_Knowledge.txt,414,https://openalex.org/W1973454512,https://doi.org/10.1002/pc.20920,2009,Fabrication of polycrystalline silver nanowires via reversed micelle with amphiphilic diblock copolymer and aluminum oxide template at controlled temperature
snapshot_1,Topic_metal_sulfide_anodes_2009-2018_Knowledge.txt,415,https://openalex.org/W2189487445,https://doi.org/10.1039/c5ee02575c,2015,Photoinduced charge transfer processes in solar photocatalysis based on modified TiO<sub>2</sub>
snapshot_1,Topic_metal_sulfide_anodes_2009-2018_Knowledge.txt,416,https://openalex.org/W2219374902,https://doi.org/10.1039/c5nr04383b,2015,Performance study of magnesium–sulfur battery using a graphene based sulfur composite cathode electrode and a non-nucleophilic Mg electrolyte
snapshot_1,Topic_metal_sulfide_anodes_2009-2018_Knowledge.txt,417,https://openalex.org/W2275577830,https://doi.org/10.1021/acsnano.5b06538,2016,Heterogeneous WS<sub><i>x</i></sub>/WO<sub>3</sub> Thorn-Bush Nanofiber Electrodes for Sodium-Ion Batteries
snapshot_1,Topic_metal_sulfide_anodes_2009-2018_Knowledge.txt,418,https://openalex.org/W2403020202,https://doi.org/10.1039/c6cs00257a,2016,π-Conjugated phospholes and their incorporation into devices: components with a great deal of potential
snapshot_1,Topic_metal_sulfide_anodes_2009-2018_Knowledge.txt,419,https://openalex.org/W2788289359,https://doi.org/10.1007/s41918-018-0002-3,2018,A Review of Carbon-Composited Materials as Air-Electrode Bifunctional Electrocatalysts for Metal–Air Batteries
snapshot_1,Topic_metal_sulfide_anodes_2009-2018_Knowledge.txt,420,https://openalex.org/W2066115290,https://doi.org/10.1073/pnas.1305403110,2013,Surface chemistry allows for abiotic precipitation of dolomite at low temperature
snapshot_1,Topic_metal_sulfide_anodes_2009-2018_Knowledge.txt,421,https://openalex.org/W2902916285,https://doi.org/10.1002/adma.201802822,2018,Nonlithium Metal–Sulfur Batteries: Steps Toward a Leap
snapshot_1,Topic_metal_sulfide_anodes_2009-2018_Knowledge.txt,422,https://openalex.org/W2899421183,https://doi.org/10.1002/eem2.12012,2018,A Review of Advanced Energy Materials for Magnesium–Sulfur Batteries
snapshot_1,Topic_metal_sulfide_anodes_2009-2018_Knowledge.txt,423,https://openalex.org/W2566150112,https://doi.org/10.1039/c6ee03629e,2017,Engineering stepped edge surface structures of MoS<sub>2</sub>sheet stacks to accelerate the hydrogen evolution reaction
snapshot_1,Topic_metal_sulfide_anodes_2009-2018_Knowledge.txt,424,https://openalex.org/W2895886309,https://doi.org/10.1002/advs.201800763,2018,CoSe<sub>2</sub> Nanoparticles Encapsulated by N‐Doped Carbon Framework Intertwined with Carbon Nanotubes: High‐Performance Dual‐Role Anode Materials for Both Li‐ and Na‐Ion Batteries
snapshot_1,Topic_metal_sulfide_anodes_2009-2018_Knowledge.txt,425,https://openalex.org/W2884224590,https://doi.org/10.1039/c8cs00336j,2018,Hollow nanoparticles as emerging electrocatalysts for renewable energy conversion reactions
snapshot_1,Topic_metal_sulfide_anodes_2009-2018_Knowledge.txt,426,https://openalex.org/W2014138290,https://doi.org/10.3389/fmicb.2012.00372,2012,"Nitric oxide and nitrous oxide turnover in natural and engineered microbial communities: biological pathways, chemical reactions, and novel technologies"
snapshot_1,Topic_metal_sulfide_anodes_2009-2018_Knowledge.txt,427,https://openalex.org/W2026330605,https://doi.org/10.4028/www.scientific.net/amr.476-478.170,2012,Study on Non-Metallic Inclusion in 82B Steel Continuous Casting Billet
snapshot_1,Topic_metal_sulfide_anodes_2009-2018_Knowledge.txt,428,https://openalex.org/W2294453881,https://doi.org/10.1039/c6ta00265j,2016,Rational design of silicon-based composites for high-energy storage devices
snapshot_1,Topic_metal_sulfide_anodes_2009-2018_Knowledge.txt,429,https://openalex.org/W2295808175,https://doi.org/10.1021/acs.chemmater.5b03656,2015,Role of Na<sup>+</sup> Interstitials and Dopants in Enhancing the Na<sup>+</sup> Conductivity of the Cubic Na<sub>3</sub>PS<sub>4</sub> Superionic Conductor
snapshot_1,Topic_metal_sulfide_anodes_2009-2018_Knowledge.txt,430,https://openalex.org/W2333618737,https://doi.org/10.1038/srep23699,2016,Graphitic Carbon-Coated FeSe2 Hollow Nanosphere-Decorated Reduced Graphene Oxide Hybrid Nanofibers as an Efficient Anode Material for Sodium Ion Batteries
snapshot_1,Topic_metal_sulfide_anodes_2009-2018_Knowledge.txt,431,https://openalex.org/W2793513249,https://doi.org/10.1002/aenm.201702781,2018,Insights into the Na<sup>+</sup> Storage Mechanism of Phosphorus‐Functionalized Hard Carbon as Ultrahigh Capacity Anodes
snapshot_1,Topic_metal_sulfide_anodes_2009-2018_Knowledge.txt,432,https://openalex.org/W2143855882,https://doi.org/10.7150/thno.11802,2015,Smart MoS<sub>2</sub>/Fe<sub>3</sub>O<sub>4</sub> Nanotheranostic for Magnetically Targeted Photothermal Therapy Guided by Magnetic Resonance/Photoacoustic Imaging
snapshot_1,Topic_metal_sulfide_anodes_2009-2018_Knowledge.txt,433,https://openalex.org/W1590730390,https://doi.org/10.2172/980801,2010,Engineering Database of Liquid Salt Thermophysical and Thermochemical Properties
snapshot_1,Topic_metal_sulfide_anodes_2009-2018_Knowledge.txt,434,https://openalex.org/W2575505363,https://doi.org/10.1002/advs.201600371,2017,Recent Progress in Metal‐Organic Frameworks for Applications in Electrocatalytic and Photocatalytic Water Splitting
snapshot_1,Topic_metal_sulfide_anodes_2009-2018_Knowledge.txt,435,https://openalex.org/W2887085295,https://doi.org/10.1002/advs.201800733,2018,High‐Performance Flexible Quasi‐Solid‐State Supercapacitors Realized by Molybdenum Dioxide@Nitrogen‐Doped Carbon and Copper Cobalt Sulfide Tubular Nanostructures
snapshot_1,Topic_metal_sulfide_anodes_2009-2018_Knowledge.txt,436,https://openalex.org/W2781527448,https://doi.org/10.1002/adma.201704337,2018,Boosting Sodium Storage in TiO<sub>2</sub> Nanotube Arrays through Surface Phosphorylation
snapshot_1,Topic_metal_sulfide_anodes_2009-2018_Knowledge.txt,437,https://openalex.org/W2148819278,https://doi.org/10.1039/c4nr06609j,2014,Three-dimensional graphene-based composites for energy applications
snapshot_1,Topic_metal_sulfide_anodes_2009-2018_Knowledge.txt,438,https://openalex.org/W2291774548,https://doi.org/10.1002/aenm.201501937,2016,Mesoporous MoS<sub>2</sub> as a Transition Metal Dichalcogenide Exhibiting Pseudocapacitive Li and Na‐Ion Charge Storage
snapshot_1,Topic_metal_sulfide_anodes_2009-2018_Knowledge.txt,439,https://openalex.org/W2070692689,https://doi.org/10.1038/ismej.2014.19,2014,Electric coupling between distant nitrate reduction and sulfide oxidation in marine sediment
snapshot_1,Topic_metal_sulfide_anodes_2009-2018_Knowledge.txt,440,https://openalex.org/W2899577146,https://doi.org/10.1021/acsami.8b17387,2018,Morphology-Controlled Discharge Profile and Reversible Cu Extrusion and Dissolution in Biomimetic CuS
snapshot_1,Topic_metal_sulfide_anodes_2009-2018_Knowledge.txt,441,https://openalex.org/W2591143090,https://doi.org/10.1039/c7qm00007c,2017,Metal organic frameworks as precursors for the manufacture of advanced catalytic materials
snapshot_1,Topic_metal_sulfide_anodes_2009-2018_Knowledge.txt,442,https://openalex.org/W2048745156,https://doi.org/10.3390/molecules14104284,2009,Sonoelectrochemical Synthesis of Nanoparticles
snapshot_1,Topic_metal_sulfide_anodes_2009-2018_Knowledge.txt,443,https://openalex.org/W2603236387,https://doi.org/10.1021/acs.chemmater.7b00034,2017,Evolution at the Solid Electrolyte/Gold Electrode Interface during Lithium Deposition and Stripping
snapshot_1,Topic_metal_sulfide_anodes_2009-2018_Knowledge.txt,444,https://openalex.org/W4211104360,https://doi.org/10.1515/kom-2017-0013,2017,"Corrosion problems and solutions in oil, gas, refining and petrochemical industry"
snapshot_1,Topic_metal_sulfide_anodes_2009-2018_Knowledge.txt,445,https://openalex.org/W2753279140,https://doi.org/10.1038/s41467-017-00656-8,2017,In situ wrapping of the cathode material in lithium-sulfur batteries
snapshot_1,Topic_metal_sulfide_anodes_2009-2018_Knowledge.txt,446,https://openalex.org/W2754569864,https://doi.org/10.1002/smll.201701649,2017,Layer Structured Materials for Advanced Energy Storage and Conversion
snapshot_1,Topic_metal_sulfide_anodes_2009-2018_Knowledge.txt,447,https://openalex.org/W2481959316,https://doi.org/10.5772/57010,2014,Developments in Corrosion Protection
snapshot_1,Topic_metal_sulfide_anodes_2009-2018_Knowledge.txt,448,https://openalex.org/W1873323908,https://doi.org/10.1039/c4cs00379a,2015,Recent developments in carbon nanomaterial sensors
snapshot_1,Topic_metal_sulfide_anodes_2009-2018_Knowledge.txt,449,https://openalex.org/W2047683432,https://doi.org/10.1038/srep06627,2014,Surface Engineered Doping of Hematite Nanorod Arrays for Improved Photoelectrochemical Water Splitting
snapshot_1,Topic_metal_sulfide_anodes_2009-2018_Knowledge.txt,450,https://openalex.org/W1928053355,https://doi.org/10.1039/c5ee01601k,2015,Stainless steel made to rust: a robust water-splitting catalyst with benchmark characteristics
snapshot_1,Topic_metal_sulfide_anodes_2009-2018_Knowledge.txt,451,https://openalex.org/W2552520795,https://doi.org/10.1039/c6ee02641a,2016,Self-polymerized dopamine as an organic cathode for Li- and Na-ion batteries
snapshot_1,Topic_metal_sulfide_anodes_2009-2018_Knowledge.txt,452,https://openalex.org/W2896785383,https://doi.org/10.1039/c8ta07220e,2018,Metal-based nanostructured materials for advanced lithium–sulfur batteries
snapshot_1,Topic_metal_sulfide_anodes_2009-2018_Knowledge.txt,453,https://openalex.org/W1962114168,https://doi.org/10.1155/2015/790173,2015,Recent Developments in Environmental Photocatalytic Degradation of Organic Pollutants: The Case of Titanium Dioxide Nanoparticles—A Review
snapshot_1,Topic_metal_sulfide_anodes_2009-2018_Knowledge.txt,454,https://openalex.org/W2588090787,https://doi.org/10.3389/fenvs.2017.00007,2017,Biogas Management: Advanced Utilization for Production of Renewable Energy and Added-value Chemicals
snapshot_1,Topic_metal_sulfide_anodes_2009-2018_Knowledge.txt,455,https://openalex.org/W2118004223,https://doi.org/10.1038/srep07054,2014,Phase-controlled synthesis of α-NiS nanoparticles confined in carbon nanorods for High Performance Supercapacitors
snapshot_1,Topic_metal_sulfide_anodes_2009-2018_Knowledge.txt,456,https://openalex.org/W2527445572,https://doi.org/10.1021/acs.accounts.6b00363,2016,Computational Exploration of the Li-Electrode|Electrolyte Interface in the Presence of a Nanometer Thick Solid-Electrolyte Interphase Layer
snapshot_1,Topic_metal_sulfide_anodes_2009-2018_Knowledge.txt,457,https://openalex.org/W2054913219,https://doi.org/10.4236/gsc.2013.32013,2013,Recent Applications of Electrocoagulation in Treatment of Water and Wastewater—A Review
snapshot_1,Topic_metal_sulfide_anodes_2009-2018_Knowledge.txt,458,https://openalex.org/W2152408857,https://doi.org/10.3389/fmicb.2015.00201,2015,Electrifying microbes for the production of chemicals
snapshot_1,Topic_metal_sulfide_anodes_2009-2018_Knowledge.txt,459,https://openalex.org/W2346045416,https://doi.org/10.1111/1751-7915.12340,2016,Microbial extracellular electron transfer and its relevance to iron corrosion
snapshot_1,Topic_metal_sulfide_anodes_2009-2018_Knowledge.txt,460,https://openalex.org/W2287448044,https://doi.org/10.1021/acs.jpcc.5b08254,2015,Reactivity at the Lithium–Metal Anode Surface of Lithium–Sulfur Batteries
snapshot_1,Topic_metal_sulfide_anodes_2009-2018_Knowledge.txt,461,https://openalex.org/W2592553327,https://doi.org/10.1039/c7gc00014f,2017,Green chemistry and polymers made from sulfur
snapshot_1,Topic_metal_sulfide_anodes_2009-2018_Knowledge.txt,462,https://openalex.org/W2898005515,https://doi.org/10.1007/s40145-018-0275-3,2018,Carbon dioxide adsorption of two-dimensional carbide MXenes
snapshot_1,Topic_metal_sulfide_anodes_2009-2018_Knowledge.txt,463,https://openalex.org/W2802620039,https://doi.org/10.1038/s41467-018-03114-1,2018,Probing electrochemical reactions in organic cathode materials via in operando infrared spectroscopy
snapshot_1,Topic_metal_sulfide_anodes_2009-2018_Knowledge.txt,464,https://openalex.org/W2599228926,https://doi.org/10.1021/acs.chemmater.7b00805,2017,Nanoscale Solid State Batteries Enabled by Thermal Atomic Layer Deposition of a Lithium Polyphosphazene Solid State Electrolyte
snapshot_1,Topic_metal_sulfide_anodes_2009-2018_Knowledge.txt,465,https://openalex.org/W2293027586,https://doi.org/10.1007/s40726-016-0028-2,2016,Natural Arsenic in Global Groundwaters: Distribution and Geochemical Triggers for Mobilization
snapshot_1,Topic_metal_sulfide_anodes_2009-2018_Knowledge.txt,466,https://openalex.org/W2036263885,https://doi.org/10.3390/ma7020662,2014,Novel Corrosion Inhibitor for Mild Steel in HCl
snapshot_1,Topic_metal_sulfide_anodes_2009-2018_Knowledge.txt,467,https://openalex.org/W2318843870,https://doi.org/10.1149/06501.0051ecst,2015,Use of the Blacksea Water Containing Hydrogen Sulfide (H<sub>2</sub>s) as a Fuel Cell Fuel
snapshot_1,Topic_metal_sulfide_anodes_2009-2018_Knowledge.txt,468,https://openalex.org/W2804632909,https://doi.org/10.1149/ma2018-01/20/1299,2018,Anode Materials for Sulfide Oxidation in Alkaline Wastewater: An Activity and Stability Performance Comparison
snapshot_1,Topic_metal_sulfide_anodes_2009-2018_Knowledge.txt,469,https://openalex.org/W2794182951,https://doi.org/10.3390/ma11020287,2018,Chemical Sensing Applications of ZnO Nanomaterials
snapshot_1,Topic_metal_sulfide_anodes_2009-2018_Knowledge.txt,470,https://openalex.org/W2082459763,https://doi.org/10.1134/s1070363214030190,2014,"Oxidative properties of [1,2-b]selenophenes and 4H-selenochromenes and their interaction with hydrogen sulfide"
snapshot_1,Topic_metal_sulfide_anodes_2009-2018_Knowledge.txt,471,https://openalex.org/W2326370981,https://doi.org/10.1038/srep23338,2016,First Introduction of NiSe2 to Anode Material for Sodium-Ion Batteries: A Hybrid of Graphene-Wrapped NiSe2/C Porous Nanofiber
snapshot_1,Topic_metal_sulfide_anodes_2009-2018_Knowledge.txt,472,https://openalex.org/W2582777463,https://doi.org/10.1002/aenm.201602380,2017,Functionalized Boron Nitride Nanosheets/Graphene Interlayer for Fast and Long‐Life Lithium–Sulfur Batteries
snapshot_1,Topic_metal_sulfide_anodes_2009-2018_Knowledge.txt,473,https://openalex.org/W2088487620,https://doi.org/10.1038/ncomms3887,2013,An integrated approach to realizing high-performance liquid-junction quantum dot sensitized solar cells
snapshot_1,Topic_metal_sulfide_anodes_2009-2018_Knowledge.txt,474,https://openalex.org/W2181596384,N/A,2016,Biocorrosion of 1018 steel in sulfide rich marine environments: a correlation between strain and corrosion using electron backscatter diffraction
snapshot_1,Topic_metal_sulfide_anodes_2009-2018_Knowledge.txt,475,https://openalex.org/W2732358463,https://doi.org/10.1007/s10832-017-0091-0,2017,Relevance of solid electrolytes for lithium-based batteries: A realistic view
snapshot_1,Topic_metal_sulfide_anodes_2009-2018_Knowledge.txt,476,https://openalex.org/W2618590689,https://doi.org/10.1016/j.apmt.2017.05.003,2017,From two-dimensional materials to their heterostructures: An electrochemist's perspective
snapshot_1,Topic_metal_sulfide_anodes_2009-2018_Knowledge.txt,477,https://openalex.org/W2801904697,https://doi.org/10.1039/c8cs00094h,2018,Novel structured transition metal dichalcogenide nanosheets
snapshot_1,Topic_metal_sulfide_anodes_2009-2018_Knowledge.txt,478,https://openalex.org/W2079653074,https://doi.org/10.1038/ncomms7824,2015,Enhancing grain boundary ionic conductivity in mixed ionic–electronic conductors
snapshot_1,Topic_metal_sulfide_anodes_2009-2018_Knowledge.txt,479,https://openalex.org/W2799504839,https://doi.org/10.1002/eem2.12003,2018,A Perspective on Energy Densities of Rechargeable Li‐S Batteries and Alternative Sulfur‐Based Cathode Materials
snapshot_1,Topic_metal_sulfide_anodes_2009-2018_Knowledge.txt,480,https://openalex.org/W2577096574,https://doi.org/10.1039/c6cs00571c,2017,Vacancies in functional materials for clean energy storage and harvesting: the perfect imperfection
snapshot_1,Topic_metal_sulfide_anodes_2009-2018_Knowledge.txt,481,https://openalex.org/W2119897142,https://doi.org/10.3390/en7074588,2014,Understanding of Sulfurized Polyacrylonitrile for Superior Performance Lithium/Sulfur Battery
snapshot_1,Topic_metal_sulfide_anodes_2009-2018_Knowledge.txt,482,https://openalex.org/W2419634176,https://doi.org/10.17580/tsm.2016.05.04,2016,Improvement of hydrometallurgical processing of sulfide copper-nickel middlings
snapshot_1,Topic_metal_sulfide_anodes_2009-2018_Knowledge.txt,483,https://openalex.org/W2897745846,https://doi.org/10.1149/ma2018-02/5/321,2018,Anode Configuration of Li Metal for Lithium Sulfide Full Cell for High Energy Li-S Battery
snapshot_1,Topic_metal_sulfide_anodes_2009-2018_Knowledge.txt,484,https://openalex.org/W2560441666,https://doi.org/10.1038/srep38620,2016,Enhanced cycling stability of NiCo2S4@NiO core-shell nanowire arrays for all-solid-state asymmetric supercapacitors
snapshot_1,Topic_metal_sulfide_anodes_2009-2018_Knowledge.txt,485,https://openalex.org/W2054613065,https://doi.org/10.1038/srep05639,2014,Single Source Precursor-based Solvothermal Synthesis of Heteroatom-doped Graphene and Its Energy Storage and Conversion Applications
snapshot_1,Topic_metal_sulfide_anodes_2009-2018_Knowledge.txt,486,https://openalex.org/W2107209084,https://doi.org/10.1073/pnas.1119806109,2012,X-ray crystallographic and computational studies of the O <sub>2</sub> -tolerant [NiFe]-hydrogenase 1 from <i>Escherichia coli</i>
snapshot_1,Topic_metal_sulfide_anodes_2009-2018_Knowledge.txt,487,https://openalex.org/W2943267567,N/A,2017,Insight into the surface structure of iron (-nickel) sulfides in aqueous environments for CO2 reduction applications using in-situ spectroelectrochemistry
snapshot_1,Topic_metal_sulfide_anodes_2009-2018_Knowledge.txt,488,https://openalex.org/W2410529002,https://doi.org/10.1038/srep21171,2016,Synthesis and characterization of vertically standing MoS2 nanosheets
snapshot_1,Topic_metal_sulfide_anodes_2009-2018_Knowledge.txt,489,https://openalex.org/W1740585651,https://doi.org/10.1264/jsme2.me15028,2015,Biotechnological Aspects of Microbial Extracellular Electron Transfer
snapshot_1,Topic_metal_sulfide_anodes_2009-2018_Knowledge.txt,490,https://openalex.org/W2128742521,https://doi.org/10.3390/s91008158,2009,Semiconducting Metal Oxide Based Sensors for Selective Gas Pollutant Detection
snapshot_1,Topic_metal_sulfide_anodes_2009-2018_Knowledge.txt,491,https://openalex.org/W2784246232,https://doi.org/10.7150/thno.22573,2018,Black Phosphorus and its Biomedical Applications
snapshot_1,Topic_metal_sulfide_anodes_2009-2018_Knowledge.txt,492,https://openalex.org/W2382946056,https://doi.org/10.1021/acs.nanolett.6b00577,2016,Safe and Durable High-Temperature Lithium–Sulfur Batteries via Molecular Layer Deposited Coating
snapshot_1,Topic_metal_sulfide_anodes_2009-2018_Knowledge.txt,493,https://openalex.org/W2227934907,https://doi.org/10.3844/ajassp.2015.982.992,2015,Research of the Interacting Process of Copper-Base Alloys with Leaching Solutions under the Action of Different Physicochemical Factors
snapshot_1,Topic_metal_sulfide_anodes_2009-2018_Knowledge.txt,494,https://openalex.org/W2738220200,https://doi.org/10.1038/s41598-017-07102-1,2017,Construction of porous CuCo2S4 nanorod arrays via anion exchange for high-performance asymmetric supercapacitor
snapshot_1,Topic_metal_sulfide_anodes_2009-2018_Knowledge.txt,495,https://openalex.org/W1971121414,https://doi.org/10.1038/ismej.2014.41,2014,Natural occurrence of microbial sulphur oxidation by long-range electron transport in the seafloor
snapshot_1,Topic_metal_sulfide_anodes_2009-2018_Knowledge.txt,496,https://openalex.org/W2095116039,https://doi.org/10.3390/en20200377,2009,Direct Utilization of Liquid Fuels in SOFC for Portable Applications: Challenges for the Selection of Alternative Anodes
snapshot_1,Topic_metal_sulfide_anodes_2009-2018_Knowledge.txt,497,https://openalex.org/W2890882564,https://doi.org/10.1021/acsnano.8b05514,2018,MoS<sub>2</sub> Quantum Dot/Graphene Hybrids for Advanced Interface Engineering of a CH<sub>3</sub>NH<sub>3</sub>PbI<sub>3</sub> Perovskite Solar Cell with an Efficiency of over 20%
snapshot_1,Topic_metal_sulfide_anodes_2009-2018_Knowledge.txt,498,https://openalex.org/W2029514712,https://doi.org/10.1039/c4cc02021a,2014,"Ionic liquids for energy, materials, and medicine"
snapshot_1,Topic_metal_sulfide_anodes_2009-2018_Knowledge.txt,499,https://openalex.org/W2910239917,N/A,2018,Synthesis and Characterization of Transition Metal Oxide and Dichalcogenide Nanomaterials for Energy and Environmental Applications
snapshot_1,Topic_metal_sulfide_anodes_2009-2018_Knowledge.txt,500,https://openalex.org/W2772969497,https://doi.org/10.1002/adma.201704313,2017,Thermodynamics and Kinetics of Sulfur Cathode during Discharge in MgTFSI<sub>2</sub>–DME Electrolyte
snapshot_2,Topic_template_synthesis_2009-2018_Knowledge.txt,1,https://openalex.org/W2093732885,https://doi.org/10.1039/c2cs35369e,2012,Templated synthesis of nanostructured materials
snapshot_2,Topic_template_synthesis_2009-2018_Knowledge.txt,2,https://openalex.org/W2328583773,https://doi.org/10.1021/cr500002z,2014,Porous Anodic Aluminum Oxide: Anodization and Templated Synthesis of Functional Nanostructures
snapshot_2,Topic_template_synthesis_2009-2018_Knowledge.txt,3,https://openalex.org/W2130758864,https://doi.org/10.1246/bcsj.20150143,2015,Templated Synthesis for Nanoarchitectured Porous Materials
snapshot_2,Topic_template_synthesis_2009-2018_Knowledge.txt,4,https://openalex.org/W2117755495,https://doi.org/10.1039/b804243h,2009,"Active metal template synthesis of rotaxanes, catenanes and molecular shuttles"
snapshot_2,Topic_template_synthesis_2009-2018_Knowledge.txt,5,https://openalex.org/W2127542536,https://doi.org/10.1002/anie.201200710,2012,Macroscopic‐Scale Template Synthesis of Robust Carbonaceous Nanofiber Hydrogels and Aerogels and Their Applications
snapshot_2,Topic_template_synthesis_2009-2018_Knowledge.txt,6,https://openalex.org/W1978477068,https://doi.org/10.1021/ja5084128,2014,Nanowire-Directed Templating Synthesis of Metal–Organic Framework Nanofibers and Their Derived Porous Doped Carbon Nanofibers for Enhanced Electrocatalysis
snapshot_2,Topic_template_synthesis_2009-2018_Knowledge.txt,7,https://openalex.org/W2583896832,https://doi.org/10.1021/acsnano.6b08534,2017,Salt-Templated Synthesis of 2D Metallic MoN and Other Nitrides
snapshot_2,Topic_template_synthesis_2009-2018_Knowledge.txt,8,https://openalex.org/W2142447890,https://doi.org/10.1039/c2cs35229j,2012,Template synthesis of molecular knots
snapshot_2,Topic_template_synthesis_2009-2018_Knowledge.txt,9,https://openalex.org/W2076707420,https://doi.org/10.3390/ijms11072636,2010,Conducting Polymer Nanostructures: Template Synthesis and Applications in Energy Storage
snapshot_2,Topic_template_synthesis_2009-2018_Knowledge.txt,10,https://openalex.org/W2340990410,https://doi.org/10.1038/ncomms11296,2016,Scalable salt-templated synthesis of two-dimensional transition metal oxides
snapshot_2,Topic_template_synthesis_2009-2018_Knowledge.txt,11,https://openalex.org/W2557979230,https://doi.org/10.1002/anie.201610413,2016,Self‐Templating Synthesis of Hollow Co<sub>3</sub>O<sub>4</sub> Microtube Arrays for Highly Efficient Water Electrolysis
snapshot_2,Topic_template_synthesis_2009-2018_Knowledge.txt,12,https://openalex.org/W2834766065,https://doi.org/10.1021/acs.accounts.8b00119,2018,Electrochemical Deposition: An Advanced Approach for Templated Synthesis of Nanoporous Metal Architectures
snapshot_2,Topic_template_synthesis_2009-2018_Knowledge.txt,13,https://openalex.org/W2078448123,https://doi.org/10.1039/c3nr34006f,2013,Self-templating synthesis of hollow mesoporous silica and their applications in catalysis and drug delivery
snapshot_2,Topic_template_synthesis_2009-2018_Knowledge.txt,14,https://openalex.org/W4246352911,https://doi.org/10.1021/ja209647d,2011,Templated Synthesis of Metal Nanorods in Silica Nanotubes
snapshot_2,Topic_template_synthesis_2009-2018_Knowledge.txt,15,https://openalex.org/W2313143982,https://doi.org/10.1021/am405858v,2014,MOF-Templated Synthesis of Porous Co<sub>3</sub>O<sub>4</sub>Concave Nanocubes with High Specific Surface Area and Their Gas Sensing Properties
snapshot_2,Topic_template_synthesis_2009-2018_Knowledge.txt,16,https://openalex.org/W2090219828,https://doi.org/10.1002/smll.201301770,2013,Size‐Controlled Soft‐Template Synthesis of Carbon Nanodots toward Versatile Photoactive Materials
snapshot_2,Topic_template_synthesis_2009-2018_Knowledge.txt,17,https://openalex.org/W2331255865,https://doi.org/10.1021/ja412606t,2014,Template Synthesis of Gold Nanoparticles with an Organic Molecular Cage
snapshot_2,Topic_template_synthesis_2009-2018_Knowledge.txt,18,https://openalex.org/W2141261934,https://doi.org/10.1002/anie.200902791,2009,Large‐Scale Soft Colloidal Template Synthesis of 1.4 nm Thick CdSe Nanosheets
snapshot_2,Topic_template_synthesis_2009-2018_Knowledge.txt,19,https://openalex.org/W2036241067,https://doi.org/10.1039/c2cc00001f,2012,Soft-templating synthesis of mesoporous graphitic carbon nitride with enhanced photocatalytic H2 evolution under visible light
snapshot_2,Topic_template_synthesis_2009-2018_Knowledge.txt,20,https://openalex.org/W2168239627,https://doi.org/10.1021/ar300264n,2012,Expanding the Scope of the Anion Templated Synthesis of Interlocked Structures
snapshot_2,Topic_template_synthesis_2009-2018_Knowledge.txt,21,https://openalex.org/W2560089974,https://doi.org/10.1021/acs.accounts.6b00527,2016,Template Synthesis of Noble Metal Nanocrystals with Unusual Crystal Structures and Their Catalytic Applications
snapshot_2,Topic_template_synthesis_2009-2018_Knowledge.txt,22,https://openalex.org/W1992416192,https://doi.org/10.1002/adma.200903879,2010,Soft Template Synthesis of Yolk/Silica Shell particles
snapshot_2,Topic_template_synthesis_2009-2018_Knowledge.txt,23,https://openalex.org/W2121750568,https://doi.org/10.1039/c3nr04390h,2013,Amino acid assisted templating synthesis of hierarchical zeolitic imidazolate framework-8 for efficient arsenate removal
snapshot_2,Topic_template_synthesis_2009-2018_Knowledge.txt,24,https://openalex.org/W2142804831,https://doi.org/10.1021/nn2045714,2012,Controlled Soft-Template Synthesis of Ultrathin C@FeS Nanosheets with High-Li-Storage Performance
snapshot_2,Topic_template_synthesis_2009-2018_Knowledge.txt,25,https://openalex.org/W2334842819,https://doi.org/10.1021/ja500984k,2014,Carbon Nanotube-Templated Synthesis of Covalent Porphyrin Network for Oxygen Reduction Reaction
snapshot_2,Topic_template_synthesis_2009-2018_Knowledge.txt,26,https://openalex.org/W2512042513,https://doi.org/10.1021/jacs.6b05901,2016,Templated Synthesis of Uniform Perovskite Nanowire Arrays
snapshot_2,Topic_template_synthesis_2009-2018_Knowledge.txt,27,https://openalex.org/W2091765998,https://doi.org/10.1002/adma.201200330,2012,Metal‐Organic Framework Templated Synthesis of Fe<sub>2</sub>O<sub>3</sub>/TiO<sub>2</sub> Nanocomposite for Hydrogen Production
snapshot_2,Topic_template_synthesis_2009-2018_Knowledge.txt,28,https://openalex.org/W1979420747,https://doi.org/10.1021/am200896d,2011,Natural Tubule Clay Template Synthesis of Silver Nanorods for Antibacterial Composite Coating
snapshot_2,Topic_template_synthesis_2009-2018_Knowledge.txt,29,https://openalex.org/W2027365329,https://doi.org/10.1021/ja809493h,2009,Efficient Asymmetric Transfer Hydrogenation of Ketones Catalyzed by an Iron Complex Containing a P−N−N−P Tetradentate Ligand Formed by Template Synthesis
snapshot_2,Topic_template_synthesis_2009-2018_Knowledge.txt,30,https://openalex.org/W2081631950,https://doi.org/10.1021/ja9070317,2009,Active Metal Template Synthesis of [2]Catenanes
snapshot_2,Topic_template_synthesis_2009-2018_Knowledge.txt,31,https://openalex.org/W2327142354,https://doi.org/10.1021/ja209643b,2011,"Templated Synthesis, Postsynthetic Metal Exchange, and Properties of a Porphyrin-Encapsulating Metal–Organic Material"
snapshot_2,Topic_template_synthesis_2009-2018_Knowledge.txt,32,https://openalex.org/W2612049948,https://doi.org/10.1002/anie.201702162,2017,MOF‐Templated Synthesis of Ultrasmall Photoluminescent Carbon‐Nanodot Arrays for Optical Applications
snapshot_2,Topic_template_synthesis_2009-2018_Knowledge.txt,33,https://openalex.org/W2093430853,https://doi.org/10.1021/jp105146c,2010,Template Synthesis of Tubular Ruthenium Oxides for Supercapacitor Applications
snapshot_2,Topic_template_synthesis_2009-2018_Knowledge.txt,34,https://openalex.org/W2789300669,https://doi.org/10.1002/anie.201713240,2018,Template Synthesis of Three‐Dimensional Hexakisimidazolium Cages
snapshot_2,Topic_template_synthesis_2009-2018_Knowledge.txt,35,https://openalex.org/W2102428754,https://doi.org/10.1039/c4ta02167c,2014,KOH self-templating synthesis of three-dimensional hierarchical porous carbon materials for high performance supercapacitors
snapshot_2,Topic_template_synthesis_2009-2018_Knowledge.txt,36,https://openalex.org/W2125091892,https://doi.org/10.1002/chem.200902799,2010,Chemical‐Template Synthesis of Micro/Nanoscale Magnesium Silicate Hollow Spheres for Waste‐Water Treatment
snapshot_2,Topic_template_synthesis_2009-2018_Knowledge.txt,37,https://openalex.org/W2148318147,https://doi.org/10.1002/anie.201105012,2011,Active‐Metal Template Synthesis of a Molecular Trefoil Knot
snapshot_2,Topic_template_synthesis_2009-2018_Knowledge.txt,38,https://openalex.org/W2475870746,https://doi.org/10.1002/adma.201603036,2016,Dual‐Template Synthesis of 2D Mesoporous Polypyrrole Nanosheets with Controlled Pore Size
snapshot_2,Topic_template_synthesis_2009-2018_Knowledge.txt,39,https://openalex.org/W2051243812,https://doi.org/10.1016/j.polymer.2012.01.028,2012,"Tailored polymer-based nanorods and nanotubes by ""template synthesis"": From preparation to applications"
snapshot_2,Topic_template_synthesis_2009-2018_Knowledge.txt,40,https://openalex.org/W2129637771,https://doi.org/10.1002/anie.201410668,2015,Scalable Template Synthesis of Resorcinol–Formaldehyde/Graphene Oxide Composite Aerogels with Tunable Densities and Mechanical Properties
snapshot_2,Topic_template_synthesis_2009-2018_Knowledge.txt,41,https://openalex.org/W2794616195,https://doi.org/10.1002/adma.201800548,2018,Diatomite‐Templated Synthesis of Freestanding 3D Graphdiyne for Energy Storage and Catalysis Application
snapshot_2,Topic_template_synthesis_2009-2018_Knowledge.txt,42,https://openalex.org/W2507311360,https://doi.org/10.1039/c6cc05699g,2016,Self-templating synthesis of hollow spheres of MOFs and their derived nanostructures
snapshot_2,Topic_template_synthesis_2009-2018_Knowledge.txt,43,https://openalex.org/W2067841092,https://doi.org/10.1021/ja208229d,2011,Templated Synthesis of Glycoluril Hexamer and Monofunctionalized Cucurbit[6]uril Derivatives
snapshot_2,Topic_template_synthesis_2009-2018_Knowledge.txt,44,https://openalex.org/W2080718451,https://doi.org/10.1021/am506933r,2014,In Situ DNA-Templated Synthesis of Silver Nanoclusters for Ultrasensitive and Label-Free Electrochemical Detection of MicroRNA
snapshot_2,Topic_template_synthesis_2009-2018_Knowledge.txt,45,https://openalex.org/W2071568051,https://doi.org/10.1021/nn202556b,2012,Templated Synthesis of Amphiphilic Nanoparticles at the Liquid–Liquid Interface
snapshot_2,Topic_template_synthesis_2009-2018_Knowledge.txt,46,https://openalex.org/W2765757731,https://doi.org/10.1039/c7ta07566a,2017,Salt-templated synthesis of defect-rich MoN nanosheets for boosted hydrogen evolution reaction
snapshot_2,Topic_template_synthesis_2009-2018_Knowledge.txt,47,https://openalex.org/W2025299569,https://doi.org/10.1021/cr1004452,2011,Templated Techniques for the Synthesis and Assembly of Plasmonic Nanostructures
snapshot_2,Topic_template_synthesis_2009-2018_Knowledge.txt,48,https://openalex.org/W2286363886,https://doi.org/10.1021/jacs.5b04726,2015,Goldberg Active Template Synthesis of a [2]Rotaxane Ligand for Asymmetric Transition-Metal Catalysis
snapshot_2,Topic_template_synthesis_2009-2018_Knowledge.txt,49,https://openalex.org/W2791704168,https://doi.org/10.1021/jacs.8b01602,2018,Efficient Multicomponent Active Template Synthesis of Catenanes
snapshot_2,Topic_template_synthesis_2009-2018_Knowledge.txt,50,https://openalex.org/W2037399836,https://doi.org/10.1039/c3nr06870f,2014,"Size-tunable fabrication of multifunctional Bi2O3 porous nanospheres for photocatalysis, bacteria inactivation and template-synthesis"
snapshot_2,Topic_template_synthesis_2009-2018_Knowledge.txt,51,https://openalex.org/W1993730136,https://doi.org/10.1002/adma.201002395,2010,Templating Synthesis of Preloaded Doxorubicin in Hollow Mesoporous Silica Nanospheres for Biomedical Applications
snapshot_2,Topic_template_synthesis_2009-2018_Knowledge.txt,52,https://openalex.org/W2142015846,https://doi.org/10.1039/c2an35954e,2012,Metal–organic framework templated synthesis of Co3O4 nanoparticles for direct glucose and H2O2 detection
snapshot_2,Topic_template_synthesis_2009-2018_Knowledge.txt,53,https://openalex.org/W2111278390,https://doi.org/10.1039/b921157h,2010,Hard template synthesis of crystalline mesoporous anatase TiO2 for photocatalytic hydrogen evolution
snapshot_2,Topic_template_synthesis_2009-2018_Knowledge.txt,54,https://openalex.org/W2777509575,https://doi.org/10.1021/acsnano.7b05832,2017,<i>In Situ</i> Self-Template Synthesis of Fe–N-Doped Double-Shelled Hollow Carbon Microspheres for Oxygen Reduction Reaction
snapshot_2,Topic_template_synthesis_2009-2018_Knowledge.txt,55,https://openalex.org/W2755034651,https://doi.org/10.1021/acs.accounts.7b00280,2017,The Evolution of DNA-Templated Synthesis as a Tool for Materials Discovery
snapshot_2,Topic_template_synthesis_2009-2018_Knowledge.txt,56,https://openalex.org/W2075634362,https://doi.org/10.1039/b915548a,2009,Sulfate anion templated synthesis of a triply interlocked capsule
snapshot_2,Topic_template_synthesis_2009-2018_Knowledge.txt,57,https://openalex.org/W2123732518,https://doi.org/10.1002/anie.201403655,2014,"Copper‐Based Ternary and Quaternary Semiconductor Nanoplates: Templated Synthesis, Characterization, and Photoelectrochemical Properties"
snapshot_2,Topic_template_synthesis_2009-2018_Knowledge.txt,58,https://openalex.org/W2023730362,https://doi.org/10.1039/c5ta00455a,2015,MOF-directed templating synthesis of a porous multicomponent dodecahedron with hollow interiors for enhanced lithium-ion battery anodes
snapshot_2,Topic_template_synthesis_2009-2018_Knowledge.txt,59,https://openalex.org/W2046274764,https://doi.org/10.1021/cm901361m,2009,Template Synthesis of Porous Polypyrrole in 3D Coordination Nanochannels
snapshot_2,Topic_template_synthesis_2009-2018_Knowledge.txt,60,https://openalex.org/W2088608896,https://doi.org/10.1021/ja506886p,2014,Lanthanide Template Synthesis of a Molecular Trefoil Knot
snapshot_2,Topic_template_synthesis_2009-2018_Knowledge.txt,61,https://openalex.org/W2327174717,https://doi.org/10.1021/cm401119d,2014,Dual Template Synthesis of Meso- and Microporous MFI Zeolite Nanosheet Assemblies with Tailored Activity in Catalytic Reactions
snapshot_2,Topic_template_synthesis_2009-2018_Knowledge.txt,62,https://openalex.org/W1976401196,https://doi.org/10.1039/c2cc33994c,2012,Dual template synthesis of a highly mesoporous SSZ-13 zeolite with improved stability in the methanol-to-olefins reaction
snapshot_2,Topic_template_synthesis_2009-2018_Knowledge.txt,63,https://openalex.org/W2036768242,https://doi.org/10.1021/ja809627j,2009,Getting Harder: Cobalt(III)-Template Synthesis of Catenanes and Rotaxanes
snapshot_2,Topic_template_synthesis_2009-2018_Knowledge.txt,64,https://openalex.org/W1973678235,https://doi.org/10.1002/adma.200802309,2009,Dual Templating Synthesis of Mesoporous Titanium Nitride Microspheres
snapshot_2,Topic_template_synthesis_2009-2018_Knowledge.txt,65,https://openalex.org/W2330947555,https://doi.org/10.1039/c6ta01314g,2016,Self-templating synthesis of nitrogen-decorated hierarchical porous carbon from shrimp shell for supercapacitors
snapshot_2,Topic_template_synthesis_2009-2018_Knowledge.txt,66,https://openalex.org/W2413755501,https://doi.org/10.1002/anie.201603197,2016,General Self‐Template Synthesis of Transition‐Metal Oxide and Chalcogenide Mesoporous Nanotubes with Enhanced Electrochemical Performances
snapshot_2,Topic_template_synthesis_2009-2018_Knowledge.txt,67,https://openalex.org/W2028109844,https://doi.org/10.1021/ja409936r,2013,Multistep DNA-Templated Synthesis Using a Universal Template
snapshot_2,Topic_template_synthesis_2009-2018_Knowledge.txt,68,https://openalex.org/W2185203870,https://doi.org/10.1021/jacs.5b07069,2015,Lanthanide Template Synthesis of Trefoil Knots of Single Handedness
snapshot_2,Topic_template_synthesis_2009-2018_Knowledge.txt,69,https://openalex.org/W2767881159,https://doi.org/10.1039/c7sc03148c,2017,Cage-templated synthesis of highly stable palladium nanoparticles and their catalytic activities in Suzuki–Miyaura coupling
snapshot_2,Topic_template_synthesis_2009-2018_Knowledge.txt,70,https://openalex.org/W2134197461,https://doi.org/10.1002/anie.201506822,2015,Direct Dual‐Template Synthesis of MWW Zeolite Monolayers
snapshot_2,Topic_template_synthesis_2009-2018_Knowledge.txt,71,https://openalex.org/W2905084188,https://doi.org/10.1039/c8ta10959a,2018,Self-templated synthesis of hierarchical mesoporous SnO<sub>2</sub> nanosheets for selective CO<sub>2</sub> reduction
snapshot_2,Topic_template_synthesis_2009-2018_Knowledge.txt,72,https://openalex.org/W2167815825,https://doi.org/10.1002/anie.201309836,2014,Templated Synthesis of Nitrogen‐Enriched Nanoporous Carbon Materials from Porogenic Organic Precursors Prepared by ATRP
snapshot_2,Topic_template_synthesis_2009-2018_Knowledge.txt,73,https://openalex.org/W2033061076,https://doi.org/10.1002/anie.201405131,2014,Nitrite‐Templated Synthesis of Lanthanide‐Containing [2]Rotaxanes for Anion Sensing
snapshot_2,Topic_template_synthesis_2009-2018_Knowledge.txt,74,https://openalex.org/W2308735475,https://doi.org/10.1021/acs.accounts.5b00485,2016,Templated Synthesis of Single-Walled Carbon Nanotubes with Specific Structure
snapshot_2,Topic_template_synthesis_2009-2018_Knowledge.txt,75,https://openalex.org/W2106783758,https://doi.org/10.1039/c2nr30089c,2012,Template synthesis of SnO2/α-Fe2O3 nanotube array for 3D lithium ion battery anode with large areal capacity
snapshot_2,Topic_template_synthesis_2009-2018_Knowledge.txt,76,https://openalex.org/W2806882524,https://doi.org/10.1039/c8ee00673c,2018,SiO<sub>2</sub>-protected shell mediated templating synthesis of Fe–N-doped carbon nanofibers and their enhanced oxygen reduction reaction performance
snapshot_2,Topic_template_synthesis_2009-2018_Knowledge.txt,77,https://openalex.org/W2129611540,https://doi.org/10.1039/c0sc00279h,2010,Ligand-assisted nickel-catalysed sp3–sp3 homocoupling of unactivated alkyl bromides and its application to the active template synthesis of rotaxanes
snapshot_2,Topic_template_synthesis_2009-2018_Knowledge.txt,78,https://openalex.org/W2118374943,https://doi.org/10.1039/c2jm15342d,2012,Templating synthesis of ZnO hollow nanospheres loaded with Au nanoparticles and their enhanced gas sensing properties
snapshot_2,Topic_template_synthesis_2009-2018_Knowledge.txt,79,https://openalex.org/W2042748825,https://doi.org/10.1039/b9nr00192a,2009,Small organic molecule templating synthesis of organic–inorganic hybrid materials: their nanostructures and properties
snapshot_2,Topic_template_synthesis_2009-2018_Knowledge.txt,80,https://openalex.org/W2793903077,https://doi.org/10.1039/c8ta00587g,2018,Self-templating synthesis of silicon nanorods from natural sepiolite for high-performance lithium-ion battery anodes
snapshot_2,Topic_template_synthesis_2009-2018_Knowledge.txt,81,https://openalex.org/W2129333859,https://doi.org/10.1039/c4ta00703d,2014,Templating synthesis of hollow CuO polyhedron and its application for nonenzymatic glucose detection
snapshot_2,Topic_template_synthesis_2009-2018_Knowledge.txt,82,https://openalex.org/W2795341501,https://doi.org/10.1021/acsami.8b03028,2018,Template Synthesis of an Ultrathin β-Graphdiyne-Like Film Using the Eglinton Coupling Reaction
snapshot_2,Topic_template_synthesis_2009-2018_Knowledge.txt,83,https://openalex.org/W2029557954,https://doi.org/10.1021/cm102556h,2010,Template Synthesis of Carbonaceous Tubular Nanostructures with Tunable Surface Properties
snapshot_2,Topic_template_synthesis_2009-2018_Knowledge.txt,84,https://openalex.org/W2561382721,https://doi.org/10.1134/s1063783416120167,2016,Template synthesis of monodisperse carbon nanodots
snapshot_2,Topic_template_synthesis_2009-2018_Knowledge.txt,85,https://openalex.org/W1989385316,https://doi.org/10.1021/ja101121j,2010,An Unusual Nickel−Copper-Mediated Alkyne Homocoupling Reaction for the Active-Template Synthesis of [2]Rotaxanes
snapshot_2,Topic_template_synthesis_2009-2018_Knowledge.txt,86,https://openalex.org/W2115262479,https://doi.org/10.1002/anie.201204792,2012,Self‐Templated Synthesis of Single‐Crystal and Single‐Domain Ferroelectric Nanoplates
snapshot_2,Topic_template_synthesis_2009-2018_Knowledge.txt,87,https://openalex.org/W2583367296,https://doi.org/10.1039/c7ce00212b,2017,Template synthesis and photochromism of a layered zinc diphosphonate
snapshot_2,Topic_template_synthesis_2009-2018_Knowledge.txt,88,https://openalex.org/W1973477352,https://doi.org/10.1021/jp9036028,2009,Soft-Template Synthesis and Characterization of ZnO<sub>2</sub> and ZnO Hollow Spheres
snapshot_2,Topic_template_synthesis_2009-2018_Knowledge.txt,89,https://openalex.org/W2094964964,https://doi.org/10.1002/adma.201102900,2011,Virus‐Templated Synthesis of ZnO Nanostructures and Formation of Field‐Effect Transistors
snapshot_2,Topic_template_synthesis_2009-2018_Knowledge.txt,90,https://openalex.org/W2317616085,https://doi.org/10.1021/am400254n,2013,Template Synthesis of Single-Crystal-Like Porous SrTiO<sub>3</sub>Nanocube Assemblies and Their Enhanced Photocatalytic Hydrogen Evolution
snapshot_2,Topic_template_synthesis_2009-2018_Knowledge.txt,91,https://openalex.org/W2021345532,https://doi.org/10.3389/fchem.2014.00104,2014,Hard template synthesis of metal nanowires
snapshot_2,Topic_template_synthesis_2009-2018_Knowledge.txt,92,https://openalex.org/W2286925445,https://doi.org/10.1021/acsami.5b07941,2015,Template Synthesis of Shape-Tailorable NiS<sub>2</sub> Hollow Prisms as High-Performance Supercapacitor Materials
snapshot_2,Topic_template_synthesis_2009-2018_Knowledge.txt,93,https://openalex.org/W2075900135,https://doi.org/10.1021/ja201361t,2011,A Sequential Strand-Displacement Strategy Enables Efficient Six-Step DNA-Templated Synthesis
snapshot_2,Topic_template_synthesis_2009-2018_Knowledge.txt,94,https://openalex.org/W2766219345,https://doi.org/10.1002/admt.201700206,2017,All‐Printed Solid‐State Microsupercapacitors Derived from Self‐Template Synthesis of Ag@PPy Nanocomposites
snapshot_2,Topic_template_synthesis_2009-2018_Knowledge.txt,95,https://openalex.org/W2767971567,https://doi.org/10.1039/c7ra08798e,2017,Template synthesis of hierarchical porous metal–organic frameworks with tunable porosity
snapshot_2,Topic_template_synthesis_2009-2018_Knowledge.txt,96,https://openalex.org/W2581557749,https://doi.org/10.1021/acs.chemmater.6b03570,2017,Facile Soft-Templated Synthesis of High-Surface Area and Highly Porous Carbon Nitrides
snapshot_2,Topic_template_synthesis_2009-2018_Knowledge.txt,97,https://openalex.org/W2155694669,https://doi.org/10.1002/anie.201000291,2010,DNA‐Templated Synthesis of Trimethine Cyanine Dyes: A Versatile Fluorogenic Reaction for Sensing G‐Quadruplex Formation
snapshot_2,Topic_template_synthesis_2009-2018_Knowledge.txt,98,https://openalex.org/W2735422460,https://doi.org/10.1021/acsami.7b07877,2017,Double Soft-Template Synthesis of Nitrogen/Sulfur-Codoped Hierarchically Porous Carbon Materials Derived from Protic Ionic Liquid for Supercapacitor
snapshot_2,Topic_template_synthesis_2009-2018_Knowledge.txt,99,https://openalex.org/W2027101112,https://doi.org/10.1021/ja1017442,2010,"Templated Synthesis of DNA Nanotubes with Controlled, Predetermined Lengths"
snapshot_2,Topic_template_synthesis_2009-2018_Knowledge.txt,100,https://openalex.org/W1997577877,https://doi.org/10.1039/c3cc45404e,2013,Lanthanide cation-templated synthesis of rotaxanes
snapshot_2,Topic_template_synthesis_2009-2018_Knowledge.txt,101,https://openalex.org/W2105925408,https://doi.org/10.1002/adma.201104153,2012,Graphene Oxide‐Templated Synthesis of Ultrathin or Tadpole‐Shaped Au Nanowires with Alternating <i>hcp</i> and <i>fcc</i> Domains
snapshot_2,Topic_template_synthesis_2009-2018_Knowledge.txt,102,https://openalex.org/W2092093542,https://doi.org/10.1021/ja101029u,2010,Diels−Alder Active-Template Synthesis of Rotaxanes and Metal-Ion-Switchable Molecular Shuttles
snapshot_2,Topic_template_synthesis_2009-2018_Knowledge.txt,103,https://openalex.org/W2024771300,https://doi.org/10.1088/0957-4484/22/27/275502,2011,The sol–gel template synthesis of porous TiO<sub>2</sub>for a high performance humidity sensor
snapshot_2,Topic_template_synthesis_2009-2018_Knowledge.txt,104,https://openalex.org/W2500176663,https://doi.org/10.1021/acsami.6b06387,2016,Sacrificial Template Synthesis and Properties of 3D Hollow-Silicon Nano- and Microstructures
snapshot_2,Topic_template_synthesis_2009-2018_Knowledge.txt,105,https://openalex.org/W2165254873,https://doi.org/10.1039/c0ce00860e,2011,Dimensional caging of polyiodides: cation-templated synthesis using bipyridinium salts
snapshot_2,Topic_template_synthesis_2009-2018_Knowledge.txt,106,https://openalex.org/W2345889682,https://doi.org/10.1002/adma.201601371,2016,Metal‐Organic Framework Templated Synthesis of Copper Azide as the Primary Explosive with Low Electrostatic Sensitivity and Excellent Initiation Ability
snapshot_2,Topic_template_synthesis_2009-2018_Knowledge.txt,107,https://openalex.org/W2340366672,https://doi.org/10.1021/acs.analchem.5b02614,2015,Near-Infrared Dual-Emission Quantum Dots–Gold Nanoclusters Nanohybrid via Co-Template Synthesis for Ratiometric Fluorescent Detection and Bioimaging of Ascorbic Acid In Vitro and In Vivo
snapshot_2,Topic_template_synthesis_2009-2018_Knowledge.txt,108,https://openalex.org/W2512695012,https://doi.org/10.1021/acs.chemmater.5b01971,2015,Template Synthesis of CuInS<sub>2</sub> Nanocrystals from In<sub>2</sub>S<sub>3</sub> Nanoplates and Their Application as Counter Electrodes in Dye-Sensitized Solar Cells
snapshot_2,Topic_template_synthesis_2009-2018_Knowledge.txt,109,https://openalex.org/W2301894172,https://doi.org/10.1021/acssuschemeng.5b01020,2015,Facile Template Synthesis of Microfibrillated Cellulose/Polypyrrole/Silver Nanoparticles Hybrid Aerogels with Electrical Conductive and Pressure Responsive Properties
snapshot_2,Topic_template_synthesis_2009-2018_Knowledge.txt,110,https://openalex.org/W4241661857,https://doi.org/10.1002/ange.201200710,2012,Macroscopic‐Scale Template Synthesis of Robust Carbonaceous Nanofiber Hydrogels and Aerogels and Their Applications
snapshot_2,Topic_template_synthesis_2009-2018_Knowledge.txt,111,https://openalex.org/W2908137600,https://doi.org/10.30544/400,2018,Hard Template Synthesis of Nanomaterials Based on Mesoporous Silica
snapshot_2,Topic_template_synthesis_2009-2018_Knowledge.txt,112,https://openalex.org/W2886384836,https://doi.org/10.1021/acsami.8b08455,2018,Self-Templating Synthesis of Cobalt Hexacyanoferrate Hollow Structures with Superior Performance for Na-Ion Hybrid Supercapacitors
snapshot_2,Topic_template_synthesis_2009-2018_Knowledge.txt,113,https://openalex.org/W2011207369,https://doi.org/10.1007/s12274-012-0283-5,2012,Facile carbonaceous microsphere templated synthesis of Co3O4 hollow spheres and their electrochemical performance in supercapacitors
snapshot_2,Topic_template_synthesis_2009-2018_Knowledge.txt,114,https://openalex.org/W2515061344,https://doi.org/10.1039/c6ta05687c,2016,Chelation-assisted soft-template synthesis of ordered mesoporous zinc oxides for low concentration gas sensing
snapshot_2,Topic_template_synthesis_2009-2018_Knowledge.txt,115,https://openalex.org/W2887033369,https://doi.org/10.1039/c8ta05853a,2018,NaCl-templated synthesis of hierarchical porous carbon with extremely large specific surface area and improved graphitization degree for high energy density lithium ion capacitors
snapshot_2,Topic_template_synthesis_2009-2018_Knowledge.txt,116,https://openalex.org/W2066009887,https://doi.org/10.1021/la804030h,2009,Template Synthesis and Adsorption Properties of Hierarchically Porous Zirconium Titanium Oxides
snapshot_2,Topic_template_synthesis_2009-2018_Knowledge.txt,117,https://openalex.org/W2016899821,https://doi.org/10.1039/b915706a,2010,Template synthesis of ordered arrays of mesoporous titania spheres
snapshot_2,Topic_template_synthesis_2009-2018_Knowledge.txt,118,https://openalex.org/W2082795520,https://doi.org/10.1002/chem.201403714,2014,"Vernier‐Templated Synthesis, Crystal Structure, and Supramolecular Chemistry of a 12‐Porphyrin Nanoring"
snapshot_2,Topic_template_synthesis_2009-2018_Knowledge.txt,119,https://openalex.org/W2301556065,https://doi.org/10.1021/acsami.5b12164,2016,Self-Templated Synthesis of Mesoporous Carbon from Carbon Tetrachloride Precursor for Supercapacitor Electrodes
snapshot_2,Topic_template_synthesis_2009-2018_Knowledge.txt,120,https://openalex.org/W2049163657,https://doi.org/10.1021/jp908681p,2009,Templated Synthesis of Aluminum Nanoparticles - A New Route to Stable Energetic Materials
snapshot_2,Topic_template_synthesis_2009-2018_Knowledge.txt,121,https://openalex.org/W2081577010,https://doi.org/10.1039/c2ta00622g,2012,Template synthesis of hollow fusiform RuO<sub>2</sub>·xH<sub>2</sub>O nanostructure and its supercapacitor performance
snapshot_2,Topic_template_synthesis_2009-2018_Knowledge.txt,122,https://openalex.org/W2001905719,https://doi.org/10.1021/cm901371r,2009,Design of Amphiphilic ABC Triblock Copolymer for Templating Synthesis of Large-Pore Ordered Mesoporous Carbons with Tunable Pore Wall Thickness
snapshot_2,Topic_template_synthesis_2009-2018_Knowledge.txt,123,https://openalex.org/W2023429566,https://doi.org/10.1002/adfm.201002701,2011,Templating Synthesis of SnO<sub>2</sub> Nanotubes Loaded with Ag<sub>2</sub>O Nanoparticles and Their Enhanced Gas Sensing Properties
snapshot_2,Topic_template_synthesis_2009-2018_Knowledge.txt,124,https://openalex.org/W2325506817,https://doi.org/10.1021/am401550p,2013,Bioinspired Templating Synthesis of Metal–Polymer Hybrid Nanostructures within 3D Electrospun Nanofibers
snapshot_2,Topic_template_synthesis_2009-2018_Knowledge.txt,125,https://openalex.org/W2534344316,https://doi.org/10.1021/acs.chemmater.6b03733,2016,Amphiphilic Block Copolymer Templated Synthesis of Mesoporous Indium Oxides with Nanosheet-Assembled Pore Walls
snapshot_2,Topic_template_synthesis_2009-2018_Knowledge.txt,126,https://openalex.org/W2898612976,https://doi.org/10.1002/adfm.201806144,2018,Self‐Template Synthesis of Mesoporous Metal Oxide Spheres with Metal‐Mediated Inner Architectures and Superior Sensing Performance
snapshot_2,Topic_template_synthesis_2009-2018_Knowledge.txt,127,https://openalex.org/W2744256564,https://doi.org/10.1021/acsami.7b07658,2017,Nonsacrificial Template Synthesis of Magnetic-Based Yolk–Shell Nanostructures for the Removal of Acetaminophen in Fenton-like Systems
snapshot_2,Topic_template_synthesis_2009-2018_Knowledge.txt,128,https://openalex.org/W2176250702,https://doi.org/10.1002/chem.201504236,2015,Active‐Metal Template Synthesis of a Halogen‐Bonding Rotaxane for Anion Recognition
snapshot_2,Topic_template_synthesis_2009-2018_Knowledge.txt,129,https://openalex.org/W2082777545,https://doi.org/10.1021/am3022366,2013,Ferritin-Templated Synthesis and Self-Assembly of Pt Nanoparticles on a Monolithic Porous Graphene Network for Electrocatalysis in Fuel Cells
snapshot_2,Topic_template_synthesis_2009-2018_Knowledge.txt,130,https://openalex.org/W1979214818,https://doi.org/10.1039/c0jm03061a,2010,Eggshell membrane-templated synthesis of highly crystalline perovskite ceramics for solid oxidefuelcells
snapshot_2,Topic_template_synthesis_2009-2018_Knowledge.txt,131,https://openalex.org/W2619458729,https://doi.org/10.1002/smll.201700632,2017,Thermally Stable Metal-Organic Framework-Templated Synthesis of Hierarchically Porous Metal Sulfides: Enhanced Photocatalytic Hydrogen Production
snapshot_2,Topic_template_synthesis_2009-2018_Knowledge.txt,132,https://openalex.org/W2008436647,https://doi.org/10.1021/cm802481v,2009,Polymer Templated Synthesis of AgCN and Ag Nanowires
snapshot_2,Topic_template_synthesis_2009-2018_Knowledge.txt,133,https://openalex.org/W2102458009,https://doi.org/10.1021/ja904712t,2009,Templated Synthesis of Peptide Nucleic Acids via Sequence-Selective Base-Filling Reactions
snapshot_2,Topic_template_synthesis_2009-2018_Knowledge.txt,134,https://openalex.org/W2057544419,https://doi.org/10.1021/nn5072446,2015,"Metal-Organic Framework Templated Synthesis of Ultrathin, Well-Aligned Metallic Nanowires"
snapshot_2,Topic_template_synthesis_2009-2018_Knowledge.txt,135,https://openalex.org/W2024818189,https://doi.org/10.1039/c3cc45683h,2013,Bubble template synthesis of Sn2Nb2O7 hollow spheres for enhanced visible-light-driven photocatalytic hydrogen production
snapshot_2,Topic_template_synthesis_2009-2018_Knowledge.txt,136,https://openalex.org/W2581157871,https://doi.org/10.1039/c6ta10718d,2017,Template synthesis of CoSe<sub>2</sub>/Co<sub>3</sub>Se<sub>4</sub> nanotubes: tuning of their crystal structures for photovoltaics and hydrogen evolution in alkaline medium
snapshot_2,Topic_template_synthesis_2009-2018_Knowledge.txt,137,https://openalex.org/W2058262022,https://doi.org/10.1039/c1jm12384j,2011,Templating synthesis of uniform Bi2Te3 nanowires with high aspect ratio in triethylene glycol (TEG) and their thermoelectric performance
snapshot_2,Topic_template_synthesis_2009-2018_Knowledge.txt,138,https://openalex.org/W2108377106,https://doi.org/10.1039/b924097g,2010,Precursor template synthesis of three-dimensional mesoporous ZnO hierarchical structures and their photocatalytic properties
snapshot_2,Topic_template_synthesis_2009-2018_Knowledge.txt,139,https://openalex.org/W2082868359,https://doi.org/10.1039/c0jm03734f,2011,Single-crystalline ZnSn(OH)6 hollow cubes via self-templated synthesis at room temperature and their photocatalytic properties
snapshot_2,Topic_template_synthesis_2009-2018_Knowledge.txt,140,https://openalex.org/W2322045606,https://doi.org/10.1021/am200168w,2011,Self-Templating Synthesis of SnO<sub>2</sub>–Carbon Hybrid Hollow Spheres for Superior Reversible Lithium Ion Storage
snapshot_2,Topic_template_synthesis_2009-2018_Knowledge.txt,141,https://openalex.org/W2560542713,https://doi.org/10.1002/anie.201610291,2016,Anodized Aluminum Oxide Templated Synthesis of Metal–Organic Frameworks Used as Membrane Reactors
snapshot_2,Topic_template_synthesis_2009-2018_Knowledge.txt,142,https://openalex.org/W2544173173,https://doi.org/10.1039/c6gc02437h,2016,Fluoride-free and low concentration template synthesis of hierarchical Sn-Beta zeolites: efficient catalysts for conversion of glucose to alkyl lactate
snapshot_2,Topic_template_synthesis_2009-2018_Knowledge.txt,143,https://openalex.org/W2330183715,https://doi.org/10.1021/ma2027337,2012,One-Pot Emulsion-Templated Synthesis of an Elastomer-Filled Hydrogel Framework
snapshot_2,Topic_template_synthesis_2009-2018_Knowledge.txt,144,https://openalex.org/W2039975457,https://doi.org/10.1021/la3046274,2013,Modeling Self-Assembly of Silica/Surfactant Mesostructures in the Templated Synthesis of Nanoporous Solids
snapshot_2,Topic_template_synthesis_2009-2018_Knowledge.txt,145,https://openalex.org/W2612953166,https://doi.org/10.1039/c7ta02768k,2017,Self-template synthesis of hierarchical CoMoS<sub>3</sub> nanotubes constructed of ultrathin nanosheets for robust water electrolysis
snapshot_2,Topic_template_synthesis_2009-2018_Knowledge.txt,146,https://openalex.org/W2890756122,https://doi.org/10.1021/acssuschemeng.8b02255,2018,Self-Templated Synthesis of Hierarchically Porous N-Doped Carbon Derived from Biomass for Supercapacitors
snapshot_2,Topic_template_synthesis_2009-2018_Knowledge.txt,147,https://openalex.org/W2001602846,https://doi.org/10.1039/c4ee00517a,2014,Functional materials derived from open framework templates/precursors: synthesis and applications
snapshot_2,Topic_template_synthesis_2009-2018_Knowledge.txt,148,https://openalex.org/W2331515250,https://doi.org/10.1021/acsami.6b02209,2016,Graphene-Templated Synthesis of Magnetic Metal Organic Framework Nanocomposites for Selective Enrichment of Biomolecules
snapshot_2,Topic_template_synthesis_2009-2018_Knowledge.txt,149,https://openalex.org/W1824223649,https://doi.org/10.1039/c5gc01348h,2015,Carboxymethyl cellulose-templated synthesis of hierarchically structured metal oxides
snapshot_2,Topic_template_synthesis_2009-2018_Knowledge.txt,150,https://openalex.org/W2145879471,https://doi.org/10.1002/adfm.200801831,2009,Block‐Copolymer‐Templated Synthesis of Electroactive RuO<sub>2</sub>‐Based Mesoporous Thin Films
snapshot_2,Topic_template_synthesis_2009-2018_Knowledge.txt,151,https://openalex.org/W2106781187,https://doi.org/10.1039/c4sc02502d,2014,Hierarchically porous organic polymers: highly enhanced gas uptake and transport through templated synthesis
snapshot_2,Topic_template_synthesis_2009-2018_Knowledge.txt,152,https://openalex.org/W2790825199,https://doi.org/10.1002/chem.201705960,2018,Anisotropic Colloids: From Non‐Templated to Patchy Templated Synthesis
snapshot_2,Topic_template_synthesis_2009-2018_Knowledge.txt,153,https://openalex.org/W2408063018,https://doi.org/10.1021/acsami.5b06153,2015,Highly Dispersed Ultrafine Pt Nanoparticles on Reduced Graphene Oxide Nanosheets: In Situ Sacrificial Template Synthesis and Superior Electrocatalytic Performance for Methanol Oxidation
snapshot_2,Topic_template_synthesis_2009-2018_Knowledge.txt,154,https://openalex.org/W2904843381,https://doi.org/10.1038/s41467-018-07793-8,2018,Templated synthesis of cubic crystalline single networks having large open-space lattices by polymer cubosomes
snapshot_2,Topic_template_synthesis_2009-2018_Knowledge.txt,155,https://openalex.org/W1987507912,https://doi.org/10.1021/nn102666k,2011,Facile Preparation of Organic Nanoparticles by Interfacial Cross-Linking of Reverse Micelles and Template Synthesis of Subnanometer Au−Pt Nanoparticles
snapshot_2,Topic_template_synthesis_2009-2018_Knowledge.txt,156,https://openalex.org/W4253145107,https://doi.org/10.1002/ange.201105012,2011,Active‐Metal Template Synthesis of a Molecular Trefoil Knot
snapshot_2,Topic_template_synthesis_2009-2018_Knowledge.txt,157,https://openalex.org/W2075545723,https://doi.org/10.1149/1.3139024,2009,Electrochemical Template Synthesis of Ordered Lead Dioxide Nanowires
snapshot_2,Topic_template_synthesis_2009-2018_Knowledge.txt,158,https://openalex.org/W2119274430,https://doi.org/10.1002/smll.201201064,2012,Polydopamine Spheres as Active Templates for Convenient Synthesis of Various Nanostructures
snapshot_2,Topic_template_synthesis_2009-2018_Knowledge.txt,159,https://openalex.org/W2013229008,https://doi.org/10.1039/c1cc13867g,2011,"One-step-impregnation hard templating synthesis of high-surface-area nanostructured mixed metal oxides (NiFe2O4, CuFe2O4 and Cu/CeO2)"
snapshot_2,Topic_template_synthesis_2009-2018_Knowledge.txt,160,https://openalex.org/W1991188873,https://doi.org/10.1039/c4cs00075g,2014,Template-directed synthesis of metal–organic materials
snapshot_2,Topic_template_synthesis_2009-2018_Knowledge.txt,161,https://openalex.org/W2050641073,https://doi.org/10.1039/c4ta00829d,2014,Soft-template synthesis of 3D porous graphene foams with tunable architectures for lithium–O<sub>2</sub> batteries and oil adsorption applications
snapshot_2,Topic_template_synthesis_2009-2018_Knowledge.txt,162,https://openalex.org/W2190719949,https://doi.org/10.1039/c5an02059j,2015,Zeolitic imidazole framework templated synthesis of nanoporous carbon as a novel fiber coating for solid-phase microextraction
snapshot_2,Topic_template_synthesis_2009-2018_Knowledge.txt,163,https://openalex.org/W4210806767,https://doi.org/10.1002/ange.200902791,2009,Large‐Scale Soft Colloidal Template Synthesis of 1.4 nm Thick CdSe Nanosheets
snapshot_2,Topic_template_synthesis_2009-2018_Knowledge.txt,164,https://openalex.org/W1988869248,https://doi.org/10.3103/s1068375509030016,2009,On limiting rate of dimensional electrodeposition at meso- and nanomaterial manufacturing by template synthesis
snapshot_2,Topic_template_synthesis_2009-2018_Knowledge.txt,165,https://openalex.org/W1991221939,https://doi.org/10.1039/c3tc30678j,2013,Peptide-templated synthesis of wavelength-tunable fluorescent gold nanoparticles
snapshot_2,Topic_template_synthesis_2009-2018_Knowledge.txt,166,https://openalex.org/W2090485890,https://doi.org/10.1021/am201756m,2012,Sodium Chloride Template Synthesis of Cubic Tin Dioxide Hollow Particles for Lithium Ion Battery Applications
snapshot_2,Topic_template_synthesis_2009-2018_Knowledge.txt,167,https://openalex.org/W2082337695,https://doi.org/10.1002/adfm.201202397,2013,Solid‐Phase Synthesis of Molecularly Imprinted Polymer Nanoparticles with a Reusable Template–“Plastic Antibodies”
snapshot_2,Topic_template_synthesis_2009-2018_Knowledge.txt,168,https://openalex.org/W2113479357,https://doi.org/10.1039/c1jm10878f,2011,Iridium(iii)–surfactant complex immobilized in mesoporous silica via templated synthesis: a new route to optical materials
snapshot_2,Topic_template_synthesis_2009-2018_Knowledge.txt,169,https://openalex.org/W2369758740,https://doi.org/10.1021/acsami.5b11360,2016,Template Synthesis of Nanostructured Polymeric Membranes by Inkjet Printing
snapshot_2,Topic_template_synthesis_2009-2018_Knowledge.txt,170,https://openalex.org/W2566527158,https://doi.org/10.1039/c6cc08888k,2016,Self-templated synthesis of uniform nanoporous CuCo<sub>2</sub>O<sub>4</sub> double-shelled hollow microspheres for high-performance asymmetric supercapacitors
snapshot_2,Topic_template_synthesis_2009-2018_Knowledge.txt,171,https://openalex.org/W2150714858,https://doi.org/10.1002/aenm.201000096,2011,A Self‐Template Strategy for the Synthesis of Mesoporous Carbon Nanofibers as Advanced Supercapacitor Electrodes
snapshot_2,Topic_template_synthesis_2009-2018_Knowledge.txt,172,https://openalex.org/W2785784596,https://doi.org/10.1039/c7cc08962g,2018,A self-template synthesis of defect-rich WS<sub>2</sub> as a highly efficient electrocatalyst for the hydrogen evolution reaction
snapshot_2,Topic_template_synthesis_2009-2018_Knowledge.txt,173,https://openalex.org/W2261090288,https://doi.org/10.1039/c5nr09210h,2016,"Copper(<scp>ii</scp>) tungstate nanoflake array films: sacrificial template synthesis, hydrogen treatment, and their application as photoanodes in solar water splitting"
snapshot_2,Topic_template_synthesis_2009-2018_Knowledge.txt,174,https://openalex.org/W2321902727,https://doi.org/10.1021/ja205167e,2011,En Route to a Molecular Sheaf: Active Metal Template Synthesis of a [3]Rotaxane with Two Axles Threaded through One Ring
snapshot_2,Topic_template_synthesis_2009-2018_Knowledge.txt,175,https://openalex.org/W2278816204,https://doi.org/10.1039/c6cc00011h,2016,A metal–organic framework-templated synthesis of γ-Fe<sub>2</sub>O<sub>3</sub> nanoparticles encapsulated in porous carbon for efficient and chemoselective hydrogenation of nitro compounds
snapshot_2,Topic_template_synthesis_2009-2018_Knowledge.txt,176,https://openalex.org/W2133923160,https://doi.org/10.1039/c4tc00090k,2014,Soft-template synthesis of nitrogen-doped carbon nanodots: tunable visible-light photoluminescence and phosphor-based light-emitting diodes
snapshot_2,Topic_template_synthesis_2009-2018_Knowledge.txt,177,https://openalex.org/W2321007901,https://doi.org/10.1021/cm5026798,2014,Block Copolymer Templated Synthesis of Core–Shell PtAu Bimetallic Nanocatalysts for the Methanol Oxidation Reaction
snapshot_2,Topic_template_synthesis_2009-2018_Knowledge.txt,178,https://openalex.org/W2151535919,https://doi.org/10.1039/c2cc31006f,2012,Soft-templating synthesis of mesoporous magnetic CuFe2O4 thin films with ordered 3D honeycomb structure and partially inverted nanocrystalline spinel domains
snapshot_2,Topic_template_synthesis_2009-2018_Knowledge.txt,179,https://openalex.org/W2883912206,https://doi.org/10.1021/acsami.8b08555,2018,Keratin-Templated Synthesis of Metallic Oxide Nanoparticles as MRI Contrast Agents and Drug Carriers
snapshot_2,Topic_template_synthesis_2009-2018_Knowledge.txt,180,https://openalex.org/W2045901679,https://doi.org/10.1021/jp910842f,2010,Escherichia coli Bacteria-Templated Synthesis of Nanoporous Cadmium Sulfide Hollow Microrods for Efficient Photocatalytic Hydrogen Production
snapshot_2,Topic_template_synthesis_2009-2018_Knowledge.txt,181,https://openalex.org/W2346777421,https://doi.org/10.1021/acsami.5b03396,2015,Self-Template Synthesis of Porous Perovskite Titanate Solid and Hollow Submicrospheres for Photocatalytic Oxygen Evolution and Mesoscopic Solar Cells
snapshot_2,Topic_template_synthesis_2009-2018_Knowledge.txt,182,https://openalex.org/W2171673419,https://doi.org/10.1007/s12274-014-0571-3,2014,Templated synthesis of TiO2 nanotube macrostructures and their photocatalytic properties
snapshot_2,Topic_template_synthesis_2009-2018_Knowledge.txt,183,https://openalex.org/W2075124775,https://doi.org/10.1177/0885328212437065,2012,"Hydroxyapatite nanorods: Soft-template synthesis, characterization and preliminary <i>in vitro</i> tests"
snapshot_2,Topic_template_synthesis_2009-2018_Knowledge.txt,184,https://openalex.org/W2117723439,https://doi.org/10.1002/anie.201007741,2011,Chloride Anion Templated Synthesis and Crystal Structure of a Handcuff Catenane
snapshot_2,Topic_template_synthesis_2009-2018_Knowledge.txt,185,https://openalex.org/W2000328827,https://doi.org/10.1039/c002170a,2010,Complementary double helix formation through template synthesis
snapshot_2,Topic_template_synthesis_2009-2018_Knowledge.txt,186,https://openalex.org/W2163743159,https://doi.org/10.1039/c0jm00671h,2010,Template synthesis of ordered mesoporous organic polymeric materials using hydrophobic silylated KIT-6 mesoporous silica
snapshot_2,Topic_template_synthesis_2009-2018_Knowledge.txt,187,https://openalex.org/W2803241623,https://doi.org/10.1039/c8tc01402g,2018,Facile lotus-leaf-templated synthesis and enhanced xylene gas sensing properties of Ag-LaFeO<sub>3</sub> nanoparticles
snapshot_2,Topic_template_synthesis_2009-2018_Knowledge.txt,188,https://openalex.org/W2786995887,https://doi.org/10.1039/c7nr08985f,2018,<i>In situ</i> self-sacrificed template synthesis of vanadium nitride/nitrogen-doped graphene nanocomposites for electrochemical capacitors
snapshot_2,Topic_template_synthesis_2009-2018_Knowledge.txt,189,https://openalex.org/W2189104082,https://doi.org/10.1039/c5cc09308b,2015,Enantiopure anion templated synthesis of a zeolitic metal–organic framework
snapshot_2,Topic_template_synthesis_2009-2018_Knowledge.txt,190,https://openalex.org/W2135423325,https://doi.org/10.1093/nar/gku1027,2014,Mycobacterium smegmatis DinB2 misincorporates deoxyribonucleotides and ribonucleotides during templated synthesis and lesion bypass
snapshot_2,Topic_template_synthesis_2009-2018_Knowledge.txt,191,https://openalex.org/W1988186144,https://doi.org/10.1039/c4gc00269e,2014,Catalyst-free soft-template synthesis of ordered mesoporous carbon tailored using phloroglucinol/glyoxylic acid environmentally friendly precursors
snapshot_2,Topic_template_synthesis_2009-2018_Knowledge.txt,192,https://openalex.org/W2056886206,https://doi.org/10.1039/c3ta11856h,2013,Self-degradable template synthesis of polyaniline nanotubes and their high performance in the detection of dopamine
snapshot_2,Topic_template_synthesis_2009-2018_Knowledge.txt,193,https://openalex.org/W2568019123,https://doi.org/10.1039/c6ra25950b,2017,A self-template synthesis of porous ZnCo<sub>2</sub>O<sub>4</sub> microspheres for high-performance quasi-solid-state asymmetric supercapacitors
snapshot_2,Topic_template_synthesis_2009-2018_Knowledge.txt,194,https://openalex.org/W2166900680,https://doi.org/10.1002/anie.201504904,2015,Template Synthesis of Linear‐Chain Nanodiamonds Inside Carbon Nanotubes from Bridgehead‐Halogenated Diamantane Precursors
snapshot_2,Topic_template_synthesis_2009-2018_Knowledge.txt,195,https://openalex.org/W2082921286,https://doi.org/10.1002/marc.201200757,2013,Reactive Template Synthesis of Polypyrrole Nanotubes for Fabricating Metal/Conducting Polymer Nanocomposites
snapshot_2,Topic_template_synthesis_2009-2018_Knowledge.txt,196,https://openalex.org/W2340143619,https://doi.org/10.1021/acs.chemmater.6b00348,2016,Multiscale Model for the Templated Synthesis of Mesoporous Silica: The Essential Role of Silica Oligomers
snapshot_2,Topic_template_synthesis_2009-2018_Knowledge.txt,197,https://openalex.org/W2046354459,https://doi.org/10.1039/c2ce06752h,2012,Template synthesis of Cu2−xSe nanoboxes and their gas sensing properties
snapshot_2,Topic_template_synthesis_2009-2018_Knowledge.txt,198,https://openalex.org/W2092454354,https://doi.org/10.1039/c0ce00635a,2011,"Fabrication of three dimensional CeO2 hierarchical structures: Precursor template synthesis, formation mechanism and properties"
snapshot_2,Topic_template_synthesis_2009-2018_Knowledge.txt,199,https://openalex.org/W2435058961,https://doi.org/10.1002/ejic.201600419,2016,Template Synthesis of Alkyl‐Substituted Metal Isocorroles
snapshot_2,Topic_template_synthesis_2009-2018_Knowledge.txt,200,https://openalex.org/W4231297696,https://doi.org/10.1002/ange.201610413,2016,Self‐Templating Synthesis of Hollow Co<sub>3</sub>O<sub>4</sub> Microtube Arrays for Highly Efficient Water Electrolysis
snapshot_2,Topic_template_synthesis_2009-2018_Knowledge.txt,201,https://openalex.org/W2105405626,https://doi.org/10.1039/b901130g,2009,Tobacco mosaic virus templated synthesis of one dimensional inorganic–polymer hybrid fibres
snapshot_2,Topic_template_synthesis_2009-2018_Knowledge.txt,202,https://openalex.org/W2575033304,https://doi.org/10.1002/smll.201603437,2017,Self‐Templated Synthesis of Co‐ and N‐Doped Carbon Microtubes Composed of Hollow Nanospheres and Nanotubes for Efficient Oxygen Reduction Reaction
snapshot_2,Topic_template_synthesis_2009-2018_Knowledge.txt,203,https://openalex.org/W2069913867,https://doi.org/10.1088/0957-4484/20/36/365302,2009,DNA-templated synthesis of ZnO thin layers and nanowires
snapshot_2,Topic_template_synthesis_2009-2018_Knowledge.txt,204,https://openalex.org/W2016674209,https://doi.org/10.1039/c0cc04474a,2010,Fullerene-templated synthesis of a cyclic porphyrin trimer using olefin metathesis
snapshot_2,Topic_template_synthesis_2009-2018_Knowledge.txt,205,https://openalex.org/W2805325651,https://doi.org/10.1039/c8qi00256h,2018,Template synthesis of nitrogen-doped carbon nanocages–encapsulated carbon nanobubbles as catalyst for activation of peroxymonosulfate
snapshot_2,Topic_template_synthesis_2009-2018_Knowledge.txt,206,https://openalex.org/W2753326566,https://doi.org/10.1039/c7ta05946a,2017,A three-dimensional hierarchically porous Mo<sub>2</sub>C architecture: salt-template synthesis of a robust electrocatalyst and anode material towards the hydrogen evolution reaction and lithium storage
snapshot_2,Topic_template_synthesis_2009-2018_Knowledge.txt,207,https://openalex.org/W2281638315,https://doi.org/10.1039/c5dt04260g,2016,Metal–organic gel templated synthesis of magnetic porous carbon for highly efficient removal of organic dyes
snapshot_2,Topic_template_synthesis_2009-2018_Knowledge.txt,208,https://openalex.org/W2889465575,https://doi.org/10.1021/acs.accounts.8b00313,2018,Template-Directed Synthesis of Molecular Nanorings and Cages
snapshot_2,Topic_template_synthesis_2009-2018_Knowledge.txt,209,https://openalex.org/W1997155563,https://doi.org/10.1021/ja2058617,2011,Shape- and Size-Controlled Synthesis in Hard Templates: Sophisticated Chemical Reduction for Mesoporous Monocrystalline Platinum Nanoparticles
snapshot_2,Topic_template_synthesis_2009-2018_Knowledge.txt,210,https://openalex.org/W2554643813,https://doi.org/10.1002/chem.201604813,2016,"Hydroxyapatite Nanowires@Metal–Organic Framework Core/Shell Nanofibers: Templated Synthesis, Peroxidase‐Like Activity, and Derived Flexible Recyclable Test Paper"
snapshot_2,Topic_template_synthesis_2009-2018_Knowledge.txt,211,https://openalex.org/W4231237280,https://doi.org/10.1002/ange.201007741,2011,Chloride Anion Templated Synthesis and Crystal Structure of a Handcuff Catenane
snapshot_2,Topic_template_synthesis_2009-2018_Knowledge.txt,212,https://openalex.org/W2599982422,https://doi.org/10.1039/c7dt00355b,2017,"Self-template synthesis of hollow ellipsoid Ni–Mn sulfides for supercapacitors, electrocatalytic oxidation of glucose and water treatment"
snapshot_2,Topic_template_synthesis_2009-2018_Knowledge.txt,213,https://openalex.org/W2046407697,https://doi.org/10.1002/chem.201406570,2015,Smart Soft‐Templating Synthesis of Hollow Mesoporous Bioactive Glass Spheres
snapshot_2,Topic_template_synthesis_2009-2018_Knowledge.txt,214,https://openalex.org/W2160144505,https://doi.org/10.1002/chem.201406022,2015,Recycling Nanowire Templates for Multiplex Templating Synthesis: A Green and Sustainable Strategy
snapshot_2,Topic_template_synthesis_2009-2018_Knowledge.txt,215,https://openalex.org/W2035665359,https://doi.org/10.1039/c3ay40088c,2013,Double-strand DNA-templated synthesis of copper nanoclusters as novel fluorescence probe for label-free detection of biothiols
snapshot_2,Topic_template_synthesis_2009-2018_Knowledge.txt,216,https://openalex.org/W2015683187,https://doi.org/10.1088/0957-4484/24/24/245601,2013,Cross-linked lysozyme crystal templated synthesis of Au nanoparticles as high-performance recyclable catalysts
snapshot_2,Topic_template_synthesis_2009-2018_Knowledge.txt,217,https://openalex.org/W2112647714,https://doi.org/10.1039/c4ta01692k,2014,One-step dual template synthesis of hybrid lamellar-bulk MFI zeolite
snapshot_2,Topic_template_synthesis_2009-2018_Knowledge.txt,218,https://openalex.org/W2162856048,https://doi.org/10.1039/c5ta05092h,2015,Polymer-templated synthesis of hollow Pd–CeO<sub>2</sub>nanocomposite spheres and their catalytic activity and thermal stability
snapshot_2,Topic_template_synthesis_2009-2018_Knowledge.txt,219,https://openalex.org/W2080251692,https://doi.org/10.1007/bf03353767,2014,Polyetheramide Templated Synthesis of Monodisperse Mn3O4 Nanoparticles with Controlled Size and Study of the Electrochemical Properties
snapshot_2,Topic_template_synthesis_2009-2018_Knowledge.txt,220,https://openalex.org/W2131425423,https://doi.org/10.1039/c5ra03433g,2015,Template synthesis of carbon self-doped g-C<sub>3</sub>N<sub>4</sub> with enhanced visible to near-infrared absorption and photocatalytic performance
snapshot_2,Topic_template_synthesis_2009-2018_Knowledge.txt,221,https://openalex.org/W2080286557,https://doi.org/10.1039/c2ta00536k,2012,Self-templated synthesis of microporous CoO nanoparticles with highly enhanced performance for both photocatalysis and lithium-ion batteries
snapshot_2,Topic_template_synthesis_2009-2018_Knowledge.txt,222,https://openalex.org/W1981880891,https://doi.org/10.1039/c1nr10624d,2011,Self-templated synthesis and thermal conductivity investigation for ultrathin perovskite oxide nanowires
snapshot_2,Topic_template_synthesis_2009-2018_Knowledge.txt,223,https://openalex.org/W2617322064,https://doi.org/10.1021/acs.langmuir.7b00647,2017,Self-Template Synthesis of Ag–Pt Hollow Nanospheres as Electrocatalyst for Methanol Oxidation Reaction
snapshot_2,Topic_template_synthesis_2009-2018_Knowledge.txt,224,https://openalex.org/W2786359086,https://doi.org/10.1039/c8cc00275d,2018,Templated synthesis of atomically-thin Ag nanocrystal catalysts in the interstitial space of a layered silicate
snapshot_2,Topic_template_synthesis_2009-2018_Knowledge.txt,225,https://openalex.org/W2890209657,https://doi.org/10.1021/acsami.8b14121,2018,Liquid Crystal-Templated Synthesis of Mesoporous Membranes with Predetermined Pore Alignment
snapshot_2,Topic_template_synthesis_2009-2018_Knowledge.txt,226,https://openalex.org/W2788448357,https://doi.org/10.1039/c8nr00405f,2018,Template synthesis of graphitic hollow carbon nanoballs as supports for SnO<sub>x</sub>nanoparticles towards enhanced lithium storage performance
snapshot_2,Topic_template_synthesis_2009-2018_Knowledge.txt,227,https://openalex.org/W2117413861,https://doi.org/10.1002/asia.201500287,2015,Soft‐Templating Synthesis of <i>N</i>‐Doped Mesoporous Carbon Nanospheres for Enhanced Oxygen Reduction Reaction
snapshot_2,Topic_template_synthesis_2009-2018_Knowledge.txt,228,https://openalex.org/W2116319400,https://doi.org/10.1039/c4cc03380a,2014,A DNA-templated synthesis of encoded small molecules by DNA self-assembly
snapshot_2,Topic_template_synthesis_2009-2018_Knowledge.txt,229,https://openalex.org/W2069552434,https://doi.org/10.3390/nano4030628,2014,Templated Synthesis of Magnetic Nanoparticles through the Self-Assembly of Polymers and Surfactants
snapshot_2,Topic_template_synthesis_2009-2018_Knowledge.txt,230,https://openalex.org/W2950192285,https://doi.org/10.1021/jo100408p,2010,"Palladium-Catalyzed Domino C−C/C−N Coupling Using a Norbornene Template: Synthesis of Substituted Benzomorpholines, Phenoxazines, and Dihydrodibenzoxazepines"
snapshot_2,Topic_template_synthesis_2009-2018_Knowledge.txt,231,https://openalex.org/W2089644153,https://doi.org/10.1126/science.1241888,2013,Nonenzymatic Template-Directed RNA Synthesis Inside Model Protocells
snapshot_2,Topic_template_synthesis_2009-2018_Knowledge.txt,232,https://openalex.org/W2128289517,https://doi.org/10.1002/anie.201002721,2010,Multistep DNA‐Templated Reactions for the Synthesis of Functional Sequence Controlled Oligomers
snapshot_2,Topic_template_synthesis_2009-2018_Knowledge.txt,233,https://openalex.org/W2054433914,https://doi.org/10.1021/cr900034e,2009,Fischer Carbene Complexes in Organic Synthesis: Metal-Assisted and Metal-Templated Reactions
snapshot_2,Topic_template_synthesis_2009-2018_Knowledge.txt,234,https://openalex.org/W1987240364,https://doi.org/10.1039/c0jm01027h,2010,Non-sacrificial template synthesis of Cr2O3–C hierarchical core/shell nanospheres and their application as anode materials in lithium-ion batteries
snapshot_2,Topic_template_synthesis_2009-2018_Knowledge.txt,235,https://openalex.org/W2030166234,https://doi.org/10.1039/c2ra21982d,2012,Soft-template synthesis of sulfonated mesoporous carbon with high catalytic activity for biodiesel production
snapshot_2,Topic_template_synthesis_2009-2018_Knowledge.txt,236,https://openalex.org/W2119247128,https://doi.org/10.1002/chem.201405469,2014,Chitosan‐Templated Synthesis of Few‐Layers Boron Nitride and its Unforeseen Activity as a Fenton Catalyst
snapshot_2,Topic_template_synthesis_2009-2018_Knowledge.txt,237,https://openalex.org/W2411853908,https://doi.org/10.1021/acsami.5b05834,2015,<i>In Situ</i> Self-Sacrificed Template Synthesis of Fe-N/G Catalysts for Enhanced Oxygen Reduction
snapshot_2,Topic_template_synthesis_2009-2018_Knowledge.txt,238,https://openalex.org/W2104974560,https://doi.org/10.1039/c2cc36756d,2012,Self-assembly of well-defined ferrocenetriblock copolymers and their template synthesis of ordered iron oxide nanoparticles
snapshot_2,Topic_template_synthesis_2009-2018_Knowledge.txt,239,https://openalex.org/W2022462224,https://doi.org/10.1021/ja402694f,2013,Template-Free Synthesis of Hierarchical Porous Metal–Organic Frameworks
snapshot_2,Topic_template_synthesis_2009-2018_Knowledge.txt,240,https://openalex.org/W1987747726,https://doi.org/10.1080/17458080903055666,2009,Synthesis and characterisation of selenium nanowires using template synthesis
snapshot_2,Topic_template_synthesis_2009-2018_Knowledge.txt,241,https://openalex.org/W2064220417,https://doi.org/10.1039/c1jm12879e,2011,CO2-assisted template synthesis of porous hollow bi-phase γ-/α-Fe2O3 nanoparticles with high sensor property
snapshot_2,Topic_template_synthesis_2009-2018_Knowledge.txt,242,https://openalex.org/W2110772808,https://doi.org/10.1002/anie.200906583,2009,Ion‐ and Liquid‐Assisted Grinding: Improved Mechanochemical Synthesis of Metal–Organic Frameworks Reveals Salt Inclusion and Anion Templating
snapshot_2,Topic_template_synthesis_2009-2018_Knowledge.txt,243,https://openalex.org/W2329424462,https://doi.org/10.1021/cm202577g,2011,Surfactant-Templated Synthesis of Ordered Silicas with Closed Cylindrical Mesopores
snapshot_2,Topic_template_synthesis_2009-2018_Knowledge.txt,244,https://openalex.org/W2398360760,https://doi.org/10.1007/s12274-014-0577-x,2014,ZnO-nanotaper array sacrificial templated synthesis of noble-metal building-block assembled nanotube arrays as 3D SERS-substrates
snapshot_2,Topic_template_synthesis_2009-2018_Knowledge.txt,245,https://openalex.org/W2788029532,https://doi.org/10.1039/c7cc09620h,2018,Polymer tube nanoreactors <i>via</i> DNA-origami templated synthesis
snapshot_2,Topic_template_synthesis_2009-2018_Knowledge.txt,246,https://openalex.org/W1984185439,https://doi.org/10.1039/c2nr11893a,2012,CdS/CdSe quantum dot co-sensitized graphene nanocomposites via polymer brush templated synthesis for potential photovoltaic applications
snapshot_2,Topic_template_synthesis_2009-2018_Knowledge.txt,247,https://openalex.org/W2054737505,https://doi.org/10.1142/s0219581x11007466,2011,"TEMPLATE SYNTHESIS OF NICKEL, COBALT, AND NICKEL HEXACYANOFERRATE NANODOT, NANOROD, AND NANOTUBE ARRAYS"
snapshot_2,Topic_template_synthesis_2009-2018_Knowledge.txt,248,https://openalex.org/W2010378133,https://doi.org/10.1021/om800964n,2009,"Template Synthesis of Ruthenium Complexes with Saturated and Benzannulated NH,NH-Stabilized N-Heterocyclic Carbene Ligands"
snapshot_2,Topic_template_synthesis_2009-2018_Knowledge.txt,249,https://openalex.org/W1988256655,https://doi.org/10.1021/ic301382r,2012,Caging Peroxide: Anion-Templated Synthesis and Characterization of a Rare-Earth Cluster
snapshot_2,Topic_template_synthesis_2009-2018_Knowledge.txt,250,https://openalex.org/W2132290345,https://doi.org/10.1002/anie.201106885,2011,Templated Dynamic Synthesis of a [3]Catenane
snapshot_2,Topic_template_synthesis_2009-2018_Knowledge.txt,251,https://openalex.org/W2612400668,https://doi.org/10.1021/acsami.7b02176,2017,Metal-Organic Framework Template Synthesis of NiCo<sub>2</sub>S<sub>4</sub>@C Encapsulated in Hollow Nitrogen-Doped Carbon Cubes with Enhanced Electrochemical Performance for Lithium Storage
snapshot_2,Topic_template_synthesis_2009-2018_Knowledge.txt,252,https://openalex.org/W2890777833,https://doi.org/10.1039/c8tc02720j,2018,Templated synthesis of a 1D Ag nanohybrid in the solid state and its organized network for strain-sensing applications
snapshot_2,Topic_template_synthesis_2009-2018_Knowledge.txt,253,https://openalex.org/W2330286188,https://doi.org/10.1021/nn500497k,2014,Template-Assisted Low Temperature Synthesis of Functionalized Graphene for Ultrahigh Volumetric Performance Supercapacitors
snapshot_2,Topic_template_synthesis_2009-2018_Knowledge.txt,254,https://openalex.org/W2901066943,https://doi.org/10.1002/er.4288,2018,Soft‐template synthesis of high surface area mesoporous titanium dioxide for dye‐sensitized solar cells
snapshot_2,Topic_template_synthesis_2009-2018_Knowledge.txt,255,https://openalex.org/W2016661051,https://doi.org/10.1039/c4ra13732a,2014,Templated synthesis of nitrogen-doped graphene-like carbon materials using spent montmorillonite
snapshot_2,Topic_template_synthesis_2009-2018_Knowledge.txt,256,https://openalex.org/W2156528973,https://doi.org/10.1002/anie.201310679,2014,Mesoporous Prussian Blue Analogues: Template‐Free Synthesis and Sodium‐Ion Battery Applications
snapshot_2,Topic_template_synthesis_2009-2018_Knowledge.txt,257,https://openalex.org/W1965016497,https://doi.org/10.1039/c2cc33757f,2012,Dual templated synthesis of silver acetylide cluster-encapsulated supramolecular boxes
snapshot_2,Topic_template_synthesis_2009-2018_Knowledge.txt,258,https://openalex.org/W2802277066,https://doi.org/10.1021/acsanm.8b00103,2018,Copolymer-Templated Synthesis of Nitrogen-Doped Mesoporous Carbons for Enhanced Adsorption of Hexavalent Chromium and Uranium
snapshot_2,Topic_template_synthesis_2009-2018_Knowledge.txt,259,https://openalex.org/W2098757671,https://doi.org/10.1039/c2cc31855e,2012,Templated synthesis of a large and flexible covalent porphyrinic cage bearing orthogonal recognition sites
snapshot_2,Topic_template_synthesis_2009-2018_Knowledge.txt,260,https://openalex.org/W2625076772,https://doi.org/10.2528/pierc17030606,2017,TEMPLATE SYNTHESIS AND MAGNETIC CHARACTERIZATION OF FENI NANOTUBES
snapshot_2,Topic_template_synthesis_2009-2018_Knowledge.txt,261,https://openalex.org/W2620187176,https://doi.org/10.1039/c7ta03005c,2017,"Self-growth-templating synthesis of 3D N,P,Co-doped mesoporous carbon frameworks for efficient bifunctional oxygen and carbon dioxide electroreduction"
snapshot_2,Topic_template_synthesis_2009-2018_Knowledge.txt,262,https://openalex.org/W2151162196,https://doi.org/10.1002/smll.200900523,2009,Silica‐Templated Synthesis of Ordered Mesoporous Tungsten Carbide/Graphitic Carbon Composites with Nanocrystalline Walls and High Surface Areas via a Temperature‐Programmed Carburization Route
snapshot_2,Topic_template_synthesis_2009-2018_Knowledge.txt,263,https://openalex.org/W2016664694,https://doi.org/10.1039/c4nj00756e,2014,Template synthesis of the hierarchically structured MFI zeolite with nanosheet frameworks and tailored structure
snapshot_2,Topic_template_synthesis_2009-2018_Knowledge.txt,264,https://openalex.org/W2610243807,https://doi.org/10.15587/1729-4061.2017.97371,2017,The electrochemical cathodic template synthesis of nickel hydroxide thin films for electrochromic devices: role of temperature
snapshot_2,Topic_template_synthesis_2009-2018_Knowledge.txt,265,https://openalex.org/W1993873166,https://doi.org/10.1021/ja101759w,2010,Templated Synthesis of Cyclic [4]Rotaxanes Consisting of Two Stiff Rods Threaded through Two Bis-macrocycles with a Large and Rigid Central Plate as Spacer
snapshot_2,Topic_template_synthesis_2009-2018_Knowledge.txt,266,https://openalex.org/W2150942689,https://doi.org/10.1039/c2jm30565h,2012,Emulsion template synthesis of all conducting polymer aerogels with superb adsorption capacity and enhanced electrochemical capacitance
snapshot_2,Topic_template_synthesis_2009-2018_Knowledge.txt,267,https://openalex.org/W1987904230,https://doi.org/10.1021/bm9006979,2009,Synthesis of Silver Nanoparticles Templated by TEMPO-Mediated Oxidized Bacterial Cellulose Nanofibers
snapshot_2,Topic_template_synthesis_2009-2018_Knowledge.txt,268,https://openalex.org/W2031705566,https://doi.org/10.1039/c1cc11819f,2011,Template synthesis of ordered macroporous hydroxyapatite bioceramics
snapshot_2,Topic_template_synthesis_2009-2018_Knowledge.txt,269,https://openalex.org/W1989026962,https://doi.org/10.1021/la904439p,2010,Natural Biopolymers: Novel Templates for the Synthesis of Nanostructures
snapshot_2,Topic_template_synthesis_2009-2018_Knowledge.txt,270,https://openalex.org/W2790616655,https://doi.org/10.1021/acssuschemeng.7b04192,2018,Graphene Oxide-Templated Synthesis of Hydroxyapatite Nanowhiskers To Improve the Mechanical and Osteoblastic Performance of Poly(lactic acid) for Bone Tissue Regeneration
snapshot_2,Topic_template_synthesis_2009-2018_Knowledge.txt,271,https://openalex.org/W2326291970,https://doi.org/10.1021/la2014122,2011,Polyelectrolyte-Templated Synthesis of Bimetallic Nanoparticles
snapshot_2,Topic_template_synthesis_2009-2018_Knowledge.txt,272,https://openalex.org/W2605129103,https://doi.org/10.1021/acssuschemeng.7b00341,2017,Cellulose Nanocrystal-Templated Synthesis of Mesoporous TiO<sub>2</sub> with Dominantly Exposed (001) Facets for Efficient Catalysis
snapshot_2,Topic_template_synthesis_2009-2018_Knowledge.txt,273,https://openalex.org/W2883407869,https://doi.org/10.1039/c8nr03743d,2018,Metal–organic framework-templated synthesis of sulfur-doped core–sheath nanoarrays and nanoporous carbon for flexible all-solid-state asymmetric supercapacitors
snapshot_2,Topic_template_synthesis_2009-2018_Knowledge.txt,274,https://openalex.org/W2019719526,https://doi.org/10.1021/la4024986,2013,Self-Assembly of Peptide-Amphiphile Forming Helical Nanofibers and in Situ Template Synthesis of Uniform Mesoporous Single Wall Silica Nanotubes
snapshot_2,Topic_template_synthesis_2009-2018_Knowledge.txt,275,https://openalex.org/W2132989914,https://doi.org/10.1039/c4cc03077j,2014,CuAAC “click” active-template synthesis of functionalised [2]rotaxanes using small exo-substituted macrocycles: how small is too small?
snapshot_2,Topic_template_synthesis_2009-2018_Knowledge.txt,276,https://openalex.org/W2115213383,https://doi.org/10.1039/c5ra13492g,2015,Single-micelle-templated synthesis of hollow silica nanospheres with tunable pore structures
snapshot_2,Topic_template_synthesis_2009-2018_Knowledge.txt,277,https://openalex.org/W2115972223,https://doi.org/10.1039/b902681a,2009,Synthesis of hollow silica nanospheres with a microemulsion as the template
snapshot_2,Topic_template_synthesis_2009-2018_Knowledge.txt,278,https://openalex.org/W2023475426,https://doi.org/10.1002/marc.201100732,2012,"Cobaltocenium‐Containing Block Copolymers: Ring‐Opening Metathesis Polymerization, Self‐Assembly and Precursors for Template Synthesis of Inorganic Nanoparticles"
snapshot_2,Topic_template_synthesis_2009-2018_Knowledge.txt,279,https://openalex.org/W2320260111,https://doi.org/10.1021/om100841j,2010,Phosphine-Tethered Carbene Ligands: Template Synthesis and Reactivity of Cyclic and Acyclic Functionalized Carbenes
snapshot_2,Topic_template_synthesis_2009-2018_Knowledge.txt,280,https://openalex.org/W2170846353,https://doi.org/10.1039/b9nj00486f,2009,Introduction of useful peripheral functional groups on [2]catenanes by combining Cu(i) template synthesis with “click” chemistry
snapshot_2,Topic_template_synthesis_2009-2018_Knowledge.txt,281,https://openalex.org/W2895308882,https://doi.org/10.1021/acsami.8b14071,2018,"Soft-Templated Synthesis of Lightweight, Elastic, and Conductive Nanotube Aerogels"
snapshot_2,Topic_template_synthesis_2009-2018_Knowledge.txt,282,https://openalex.org/W2757425117,https://doi.org/10.1039/c7ta06458f,2017,Block copolymer templated synthesis of PtIr bimetallic nanocatalysts for the formic acid oxidation reaction
snapshot_2,Topic_template_synthesis_2009-2018_Knowledge.txt,283,https://openalex.org/W1789674756,https://doi.org/10.1039/c5ta06869j,2015,Bubble-template-assisted synthesis of hollow fullerene-like MoS<sub>2</sub> nanocages as a lithium ion battery anode material
snapshot_2,Topic_template_synthesis_2009-2018_Knowledge.txt,284,https://openalex.org/W2102371491,https://doi.org/10.1039/b902465d,2009,Three silver iodides with zero and one-dimensional hybrid structures directed by conjugated organic templates: synthesis and theoretical study
snapshot_2,Topic_template_synthesis_2009-2018_Knowledge.txt,285,https://openalex.org/W2092781556,https://doi.org/10.1021/jp9117858,2010,Tailoring Adsorption and Framework Properties of Mesoporous Polymeric Composites and Carbons by Addition of Organosilanes during Soft-Templating Synthesis
snapshot_2,Topic_template_synthesis_2009-2018_Knowledge.txt,286,https://openalex.org/W2346030527,https://doi.org/10.1021/acs.chemrev.5b00731,2016,"Synthesis, Properties, and Applications of Hollow Micro-/Nanostructures"
snapshot_2,Topic_template_synthesis_2009-2018_Knowledge.txt,287,https://openalex.org/W2763628700,https://doi.org/10.1021/acsami.7b13359,2017,Mixed-Metal–Organic Framework Self-Template Synthesis of Porous Hybrid Oxyphosphides for Efficient Oxygen Evolution Reaction
snapshot_2,Topic_template_synthesis_2009-2018_Knowledge.txt,288,https://openalex.org/W1552418177,https://doi.org/10.1088/1674-1056/23/8/088105,2014,Templated synthesis of highly ordered mesoporous cobalt ferrite and its microwave absorption properties
snapshot_2,Topic_template_synthesis_2009-2018_Knowledge.txt,289,https://openalex.org/W2089619997,https://doi.org/10.1039/c5ra04571a,2015,Template synthesis of NiO ultrathin nanosheets using polystyrene nanospheres and their electrochromic properties
snapshot_2,Topic_template_synthesis_2009-2018_Knowledge.txt,290,https://openalex.org/W2061891886,https://doi.org/10.1021/jp8112683,2009,Ice-Templating Synthesis of Polyaniline Microflakes Stacked by One-Dimensional Nanofibers
snapshot_2,Topic_template_synthesis_2009-2018_Knowledge.txt,291,https://openalex.org/W2324266220,https://doi.org/10.1021/jp400806k,2013,Sacrificial Template Synthesis and Photothermal Conversion Enhancements of Hierarchical and Hollow CuInS<sub>2</sub> Microspheres
snapshot_2,Topic_template_synthesis_2009-2018_Knowledge.txt,292,https://openalex.org/W1995283917,https://doi.org/10.1039/c3ce40829a,2013,Dihalogen-templated synthesis of dodecanuclear silver dichalcogenophosphate clusters
snapshot_2,Topic_template_synthesis_2009-2018_Knowledge.txt,293,https://openalex.org/W4234060650,https://doi.org/10.1002/ange.201403655,2014,"Copper‐Based Ternary and Quaternary Semiconductor Nanoplates: Templated Synthesis, Characterization, and Photoelectrochemical Properties"
snapshot_2,Topic_template_synthesis_2009-2018_Knowledge.txt,294,https://openalex.org/W2756882646,https://doi.org/10.1039/c7nj02804k,2017,Preparation of hollow mesoporous silica nanospheres: controllable template synthesis and their application in drug delivery
snapshot_2,Topic_template_synthesis_2009-2018_Knowledge.txt,295,https://openalex.org/W2036758008,https://doi.org/10.1039/c4ra08199d,2014,Polyethyleneimine templated synthesis of hierarchical SAPO-34 zeolites with uniform mesopores
snapshot_2,Topic_template_synthesis_2009-2018_Knowledge.txt,296,https://openalex.org/W2051285048,https://doi.org/10.1002/app.36637,2012,Cellulose‐nanowhisker‐templated synthesis of titanium dioxide/cellulose nanomaterials with promising photocatalytic abilities
snapshot_2,Topic_template_synthesis_2009-2018_Knowledge.txt,297,https://openalex.org/W2412809769,https://doi.org/10.1021/jacs.6b04941,2016,Template Synthesis of Decaphyrin without <i>Meso</i>-Bridges: Cyclo[10]pyrrole
snapshot_2,Topic_template_synthesis_2009-2018_Knowledge.txt,298,https://openalex.org/W2318442208,https://doi.org/10.1021/ol200532t,2011,Resorcinol-Templated Synthesis of a Cofacial Terpyridine in Crystalline π-Stacked Columns
snapshot_2,Topic_template_synthesis_2009-2018_Knowledge.txt,299,https://openalex.org/W1970263353,https://doi.org/10.1039/b918126a,2009,Template synthesis of nanoparticle arrays of CdS in transparent layered double hydroxide films
snapshot_2,Topic_template_synthesis_2009-2018_Knowledge.txt,300,https://openalex.org/W2008222812,https://doi.org/10.1002/marc.201000318,2010,"DNA‐Templated Synthesis of Cationic Poly(3,4‐ethylenedioxythiophene) Derivative for Supercapacitor Electrodes"
snapshot_2,Topic_template_synthesis_2009-2018_Knowledge.txt,301,https://openalex.org/W2753745002,https://doi.org/10.1021/acssuschemeng.7b01189,2017,Template Synthesis of Nitrogen-Doped Carbon Nanosheets for High-Performance Supercapacitors Improved by Redox Additives
snapshot_2,Topic_template_synthesis_2009-2018_Knowledge.txt,302,https://openalex.org/W1980976652,https://doi.org/10.1021/jp104120y,2010,"Molecular Modeling, Multinuclear NMR, and Diffraction Studies in the Templated Synthesis and Characterization of the Aluminophosphate Molecular Sieve STA-2"
snapshot_2,Topic_template_synthesis_2009-2018_Knowledge.txt,303,https://openalex.org/W2970339974,N/A,2017,Electrochemical template synthesis of advanced Ni(OH)2/PVA films for electrochromic devices
snapshot_2,Topic_template_synthesis_2009-2018_Knowledge.txt,304,https://openalex.org/W2319582506,https://doi.org/10.1021/ar300272m,2013,"Multiplex Templating Process in One-Dimensional Nanoscale: Controllable Synthesis, Macroscopic Assemblies, and Applications"
snapshot_2,Topic_template_synthesis_2009-2018_Knowledge.txt,305,https://openalex.org/W2078637149,https://doi.org/10.1021/nl4046747,2014,Synthesis of Extended Graphdiyne Wires by Vicinal Surface Templating
snapshot_2,Topic_template_synthesis_2009-2018_Knowledge.txt,306,https://openalex.org/W1997994513,https://doi.org/10.1021/cm203697w,2012,A Facile and Template-Free Hydrothermal Synthesis of Mn<sub>3</sub>O<sub>4</sub> Nanorods on Graphene Sheets for Supercapacitor Electrodes with Long Cycle Stability
snapshot_2,Topic_template_synthesis_2009-2018_Knowledge.txt,307,https://openalex.org/W2091597188,https://doi.org/10.1039/c2dt11949h,2012,Novel access to carbodiphosphoranes in the coordination sphere of group 10 metals: template synthesis and protonation of PCP pincer carbodiphosphorane complexes of C(dppm)2
snapshot_2,Topic_template_synthesis_2009-2018_Knowledge.txt,308,https://openalex.org/W2010674116,https://doi.org/10.1021/la903246v,2010,In-Situ Template Synthesis of a Polymer/Semiconductor Nanohybrid Using Amphiphilic Conducting Block Copolymers
snapshot_2,Topic_template_synthesis_2009-2018_Knowledge.txt,309,https://openalex.org/W2020044132,https://doi.org/10.1039/c4sc01438c,2014,"Active-template synthesis of “click” [2]rotaxane ligands: self-assembly of mechanically interlocked metallo-supramolecular dimers, macrocycles and oligomers"
snapshot_2,Topic_template_synthesis_2009-2018_Knowledge.txt,310,https://openalex.org/W2811162544,https://doi.org/10.1039/c8cc04029j,2018,Hard-template synthesis of micro-mesoporous organic frameworks with controlled hierarchicity
snapshot_2,Topic_template_synthesis_2009-2018_Knowledge.txt,311,https://openalex.org/W2318404137,https://doi.org/10.1021/ja411586h,2014,A Sustainable Template for Mesoporous Zeolite Synthesis
snapshot_2,Topic_template_synthesis_2009-2018_Knowledge.txt,312,https://openalex.org/W2775004492,https://doi.org/10.1021/acssuschemeng.7b03228,2017,"Rape Pollen-Templated Synthesis of C,N Self-Doped Hierarchical TiO<sub>2</sub> for Selective Hydrogenation of 1,3-Butadiene"
snapshot_2,Topic_template_synthesis_2009-2018_Knowledge.txt,313,https://openalex.org/W2045416391,https://doi.org/10.1088/0268-1242/27/5/055017,2012,Template synthesis and photovoltaic application of CdS nanotube arrays
snapshot_2,Topic_template_synthesis_2009-2018_Knowledge.txt,314,https://openalex.org/W2756237732,https://doi.org/10.1080/21663831.2017.1376720,2017,Microfluidics-mediated self-template synthesis of anisotropic hollow ellipsoidal mesoporous silica nanomaterials
snapshot_2,Topic_template_synthesis_2009-2018_Knowledge.txt,315,https://openalex.org/W1909585812,https://doi.org/10.1039/c5ta05594f,2015,Self-template synthesis of hollow shell-controlled Li<sub>3</sub>VO<sub>4</sub>as a high-performance anode for lithium-ion batteries
snapshot_2,Topic_template_synthesis_2009-2018_Knowledge.txt,316,https://openalex.org/W2124785838,https://doi.org/10.1261/rna.052696.115,2015,Poly(U) RNA-templated synthesis of AppA
snapshot_2,Topic_template_synthesis_2009-2018_Knowledge.txt,317,https://openalex.org/W2529916912,https://doi.org/10.1021/acsenergylett.6b00398,2016,Sulfur-Mediated Self-Templating Synthesis of Tapered C-PAN/g-C<sub>3</sub>N<sub>4</sub> Composite Nanotubes toward Efficient Photocatalytic H<sub>2</sub> Evolution
snapshot_2,Topic_template_synthesis_2009-2018_Knowledge.txt,318,https://openalex.org/W2079370783,https://doi.org/10.2118/130639-pa,2011,Silica-Templated Synthesis of Novel Zinc-DTPMP Nanomaterials: Their Transport in Carbonate and Sandstone Media During Scale Inhibition
snapshot_2,Topic_template_synthesis_2009-2018_Knowledge.txt,319,https://openalex.org/W2060550598,https://doi.org/10.1039/c2ce25375e,2012,Fluoride-free self-templated synthesis of hollow TiO2 nanostructures for hydrogen evolution
snapshot_2,Topic_template_synthesis_2009-2018_Knowledge.txt,320,https://openalex.org/W2081901718,https://doi.org/10.1039/c3cc44175j,2013,A new family of fluidic precursors for the self-templated synthesis of hierarchical nanoporous carbons
snapshot_2,Topic_template_synthesis_2009-2018_Knowledge.txt,321,https://openalex.org/W1881167664,https://doi.org/10.1002/chem.201502721,2015,Chloride‐Anion‐Templated Synthesis of a Strapped‐Porphyrin‐Containing Catenane Host System
snapshot_2,Topic_template_synthesis_2009-2018_Knowledge.txt,322,https://openalex.org/W2099557496,https://doi.org/10.1021/jp906407n,2009,"Template Synthesis of Hierarchical Bi<sub>2</sub>E<sub>3</sub> (E = S, Se, Te) Core−Shell Microspheres and Their Electrochemical and Photoresponsive Properties"
snapshot_2,Topic_template_synthesis_2009-2018_Knowledge.txt,323,https://openalex.org/W4243440307,https://doi.org/10.1002/ange.201702162,2017,MOF‐Templated Synthesis of Ultrasmall Photoluminescent Carbon‐Nanodot Arrays for Optical Applications
snapshot_2,Topic_template_synthesis_2009-2018_Knowledge.txt,324,https://openalex.org/W2044365060,https://doi.org/10.1039/c0cc05414c,2011,Seed-directed synthesis of zeolites with enhanced performance in the absence of organic templates
snapshot_2,Topic_template_synthesis_2009-2018_Knowledge.txt,325,https://openalex.org/W2889685800,https://doi.org/10.1039/c8cc06994h,2018,Templated synthesis of spherical RNA nanoparticles with gene silencing activity
snapshot_2,Topic_template_synthesis_2009-2018_Knowledge.txt,326,https://openalex.org/W2405363823,https://doi.org/10.1002/adfm.201600907,2016,"Unique Necklace‐Like Phenol Formaldehyde Resin Nanofibers: Scalable Templating Synthesis, Casting Films, and Their Superhydrophobic Property"
snapshot_2,Topic_template_synthesis_2009-2018_Knowledge.txt,327,https://openalex.org/W2050104092,https://doi.org/10.1039/c2cc35522a,2012,Dynamic covalent templated-synthesis of [c2]daisy chains
snapshot_2,Topic_template_synthesis_2009-2018_Knowledge.txt,328,https://openalex.org/W2077062112,https://doi.org/10.1088/0957-4484/23/49/495601,2012,Self-sacrificial templating synthesis of porous quaternary Cu–Fe–Sn–S semiconductor nanotubes via microwave irradiation
snapshot_2,Topic_template_synthesis_2009-2018_Knowledge.txt,329,https://openalex.org/W2518201702,https://doi.org/10.1039/c6ce01272h,2016,"A stimuli-responsive Au(<scp>i</scp>) complex based on an aminomethylphosphine template: synthesis, crystalline phases and luminescence properties"
snapshot_2,Topic_template_synthesis_2009-2018_Knowledge.txt,330,https://openalex.org/W2579903666,https://doi.org/10.1002/celc.201600830,2017,Reactive Template Synthesis of Inorganic/Organic VO<sub>2</sub>@Polyaniline Coaxial Nanobelts for High‐Performance Supercapacitors
snapshot_2,Topic_template_synthesis_2009-2018_Knowledge.txt,331,https://openalex.org/W2137382643,https://doi.org/10.1039/c3cc46312e,2013,Dual-templating synthesis of three-dimensionally ordered macroporous La0.6Sr0.4MnO3-supported Ag nanoparticles: controllable alignments and super performance for the catalytic combustion of methane
snapshot_2,Topic_template_synthesis_2009-2018_Knowledge.txt,332,https://openalex.org/W2037529742,https://doi.org/10.1039/c1cc11224d,2011,Sodium and barium cation-templated synthesis and cation-induced molecular pirouetting of a pyridine N-oxide containing [2]rotaxane
snapshot_2,Topic_template_synthesis_2009-2018_Knowledge.txt,333,https://openalex.org/W2565283955,https://doi.org/10.1021/acsami.6b13597,2016,A General Silica-Templating Synthesis of Alkaline Mesoporous Carbon Catalysts for Highly Efficient H<sub>2</sub>S Oxidation at Room Temperature
snapshot_2,Topic_template_synthesis_2009-2018_Knowledge.txt,334,https://openalex.org/W2090259549,https://doi.org/10.1039/c1jm12460a,2011,Size-controlled template synthesis of metal-free germanium nanowires
snapshot_2,Topic_template_synthesis_2009-2018_Knowledge.txt,335,https://openalex.org/W2163052209,https://doi.org/10.1002/cssc.200900284,2010,Facile One‐Pot Synthesis of Nanoporous Carbon Nitride Solids by Using Soft Templates
snapshot_2,Topic_template_synthesis_2009-2018_Knowledge.txt,336,https://openalex.org/W2113601111,https://doi.org/10.1002/asia.201500467,2015,Copper(II)‐Mediated Self‐Assembly of Hairpin Peptides and Templated Synthesis of CuS Nanowires
snapshot_2,Topic_template_synthesis_2009-2018_Knowledge.txt,337,https://openalex.org/W2772871874,https://doi.org/10.1002/asia.201701582,2017,Self‐Template Synthesis of Hybrid Porous Co<sub>3</sub>O<sub>4</sub>–CeO<sub>2</sub> Hollow Polyhedrons for High‐Performance Supercapacitors
snapshot_2,Topic_template_synthesis_2009-2018_Knowledge.txt,338,https://openalex.org/W2773434120,https://doi.org/10.1021/acs.jpcc.7b07131,2017,Theoretical and Practical Approach of Soft Template Synthesis for the Preparation of MnO<sub>2</sub> Supercapacitor Electrode
snapshot_2,Topic_template_synthesis_2009-2018_Knowledge.txt,339,https://openalex.org/W2094545728,https://doi.org/10.1134/s2070050412040150,2013,Template synthesis of 3D-structured macroporous oxides and hierarchical zeolites
snapshot_2,Topic_template_synthesis_2009-2018_Knowledge.txt,340,https://openalex.org/W2269323211,https://doi.org/10.1002/anie.201509381,2015,Templated Atom‐Precise Galvanic Synthesis and Structure Elucidation of a [Ag<sub>24</sub>Au(SR)<sub>18</sub>]<sup>−</sup> Nanocluster
snapshot_2,Topic_template_synthesis_2009-2018_Knowledge.txt,341,https://openalex.org/W2081068330,https://doi.org/10.1002/adma.200904391,2010,Controlled Synthesis of One‐Dimensional Inorganic Nanostructures Using Pre‐Existing One‐Dimensional Nanostructures as Templates
snapshot_2,Topic_template_synthesis_2009-2018_Knowledge.txt,342,https://openalex.org/W2796111956,https://doi.org/10.1021/acs.langmuir.8b00548,2018,Templating Synthesis of Mesoporous Fe<sub>3</sub>C-Encapsulated Fe–N-Doped Carbon Hollow Nanospindles for Electrocatalysis
snapshot_2,Topic_template_synthesis_2009-2018_Knowledge.txt,343,https://openalex.org/W2322915106,https://doi.org/10.1166/jnn.2009.1299,2009,Ordered Arrays of Magnetic Polymer-Based Nanorods by Template Synthesis
snapshot_2,Topic_template_synthesis_2009-2018_Knowledge.txt,344,https://openalex.org/W343594453,https://doi.org/10.14723/tmrsj.34.333,2009,Template Synthesis for Stimuli-Responsive Angle Independent Structural Colored Smart Materials
snapshot_2,Topic_template_synthesis_2009-2018_Knowledge.txt,345,https://openalex.org/W2592529963,https://doi.org/10.1021/acs.inorgchem.7b00362,2017,Octadentate Zirconium(IV)-Loaded Macrocycles with Varied Stoichiometry Assembled From Hydroxamic Acid Monomers using Metal-Templated Synthesis
snapshot_2,Topic_template_synthesis_2009-2018_Knowledge.txt,346,https://openalex.org/W1993804453,https://doi.org/10.1039/c4ra13410a,2015,Bio-templated synthesis of hierarchically ordered macro-mesoporous anatase titanium dioxide flakes with high photocatalytic activity
snapshot_2,Topic_template_synthesis_2009-2018_Knowledge.txt,347,https://openalex.org/W2109805735,https://doi.org/10.1039/c4cc03200d,2014,Nitrate anion templated synthesis of a [2]catenane for nitrate recognition in organic–aqueous solvent media
snapshot_2,Topic_template_synthesis_2009-2018_Knowledge.txt,348,https://openalex.org/W2845493742,https://doi.org/10.1039/c8ra03672a,2018,The self-template synthesis of highly efficient hollow structure Fe/N/C electrocatalysts with Fe–N coordination for the oxygen reduction reaction
snapshot_2,Topic_template_synthesis_2009-2018_Knowledge.txt,349,https://openalex.org/W1977644148,https://doi.org/10.1039/c0cc03511d,2010,Dual templating synthesis of hierarchical porous silica materials with three orders of length scale
snapshot_2,Topic_template_synthesis_2009-2018_Knowledge.txt,350,https://openalex.org/W2099563945,https://doi.org/10.1002/anie.201201288,2012,Incarceration of (PdO)<sub><i>n</i></sub> and Pd<sub><i>n</i></sub> Clusters by Cage‐Templated Synthesis of Hollow Silica Nanoparticles
snapshot_2,Topic_template_synthesis_2009-2018_Knowledge.txt,351,https://openalex.org/W2147459829,https://doi.org/10.1002/pola.26204,2012,Photoresponsive water‐dispersible polyaniline nanoparticles through template synthesis with copolymer micelle containing coumarin groups
snapshot_2,Topic_template_synthesis_2009-2018_Knowledge.txt,352,https://openalex.org/W4238239136,https://doi.org/10.1002/ange.201410668,2015,Scalable Template Synthesis of Resorcinol–Formaldehyde/Graphene Oxide Composite Aerogels with Tunable Densities and Mechanical Properties
snapshot_2,Topic_template_synthesis_2009-2018_Knowledge.txt,353,https://openalex.org/W2180249341,https://doi.org/10.1039/c5cc09314g,2015,The templated synthesis of a unique type of tetra-nuclear uranyl-mediated two-fold interpenetrating uranyl–organic framework
snapshot_2,Topic_template_synthesis_2009-2018_Knowledge.txt,354,https://openalex.org/W2788923223,https://doi.org/10.1021/acsami.8b00986,2018,Self-Template Synthesis of Co–Se–S–O Hierarchical Nanotubes as Efficient Electrocatalysts for Oxygen Evolution under Alkaline and Neutral Conditions
snapshot_2,Topic_template_synthesis_2009-2018_Knowledge.txt,355,https://openalex.org/W2897489592,https://doi.org/10.1039/c8ta08514e,2018,Mussel-inspired polydopamine chemistry to modulate template synthesis of 1D metal–organic framework superstructures
snapshot_2,Topic_template_synthesis_2009-2018_Knowledge.txt,356,https://openalex.org/W1971060024,https://doi.org/10.1002/pola.27176,2014,"Soft template synthesis of donor–acceptor conjugated polymer nanoparticles: Structural effects, stability, and photothermal studies"
snapshot_2,Topic_template_synthesis_2009-2018_Knowledge.txt,357,https://openalex.org/W2118352686,https://doi.org/10.1071/ch09253,2009,"Copper(i) Templated Synthesis of a 2,2'-Bipyridine Derived 2-Catenane: Synthetic, Modelling, and X-ray Studies*"
snapshot_2,Topic_template_synthesis_2009-2018_Knowledge.txt,358,https://openalex.org/W1963540887,https://doi.org/10.1039/c2sc20129a,2012,Templated synthesis of nylon nucleic acids and characterization by nuclease digestion
snapshot_2,Topic_template_synthesis_2009-2018_Knowledge.txt,359,https://openalex.org/W4237541574,https://doi.org/10.1002/ange.201603197,2016,General Self‐Template Synthesis of Transition‐Metal Oxide and Chalcogenide Mesoporous Nanotubes with Enhanced Electrochemical Performances
snapshot_2,Topic_template_synthesis_2009-2018_Knowledge.txt,360,https://openalex.org/W2514380859,https://doi.org/10.1039/c6ra15590a,2016,Different Co-based MOFs templated synthesis of Co<sub>3</sub>O<sub>4</sub>nanoparticles to degrade RhB by activation of oxone
snapshot_2,Topic_template_synthesis_2009-2018_Knowledge.txt,361,https://openalex.org/W1887690991,https://doi.org/10.1039/c5nr02343b,2015,Template synthesis of hollow MoS<sub>2</sub>–carbon nanocomposites using microporous organic polymers and their lithium storage properties
snapshot_2,Topic_template_synthesis_2009-2018_Knowledge.txt,362,https://openalex.org/W1829868624,https://doi.org/10.1039/c5cc07830j,2015,A template-free solvent-mediated synthesis of high surface area boron nitride nanosheets for aerobic oxidative desulfurization
snapshot_2,Topic_template_synthesis_2009-2018_Knowledge.txt,363,https://openalex.org/W2163324408,https://doi.org/10.1186/1556-276x-9-99,2014,DNA-templated synthesis of PtAu bimetallic nanoparticle/graphene nanocomposites and their application in glucose biosensor
snapshot_2,Topic_template_synthesis_2009-2018_Knowledge.txt,364,https://openalex.org/W2064524301,https://doi.org/10.1002/pat.1379,2009,"Electrical properties of isolated poly(3,4‐ethylenedioxythiophene) nanowires prepared by template synthesis"
snapshot_2,Topic_template_synthesis_2009-2018_Knowledge.txt,365,https://openalex.org/W2059759061,https://doi.org/10.1021/ja903092k,2009,Scalable Synthesis of Few-Layer Graphene Ribbons with Controlled Morphologies by a Template Method and Their Applications in Nanoelectromechanical Switches
snapshot_2,Topic_template_synthesis_2009-2018_Knowledge.txt,366,https://openalex.org/W4252054231,https://doi.org/10.1002/ange.201309836,2014,Templated Synthesis of Nitrogen‐Enriched Nanoporous Carbon Materials from Porogenic Organic Precursors Prepared by ATRP
snapshot_2,Topic_template_synthesis_2009-2018_Knowledge.txt,367,https://openalex.org/W2568162567,https://doi.org/10.1039/c6cc09701d,2017,Modular construction of single-component polymer nanocapsules through a one-step surfactant-free microemulsion templated synthesis
snapshot_2,Topic_template_synthesis_2009-2018_Knowledge.txt,368,https://openalex.org/W2788394651,https://doi.org/10.1039/c8cc01057a,2018,Fe<sub>3</sub>C nanoparticles encapsulated in highly crystalline porous graphite: salt-template synthesis and enhanced electrocatalytic oxygen evolution activity and stability
snapshot_2,Topic_template_synthesis_2009-2018_Knowledge.txt,369,https://openalex.org/W2898776171,https://doi.org/10.1039/c8ta09077g,2018,Iodide-mediated templating synthesis of highly porous rhodium nanospheres for enhanced dehydrogenation of ammonia borane
snapshot_2,Topic_template_synthesis_2009-2018_Knowledge.txt,370,https://openalex.org/W1983660514,https://doi.org/10.1039/c1cc12469b,2011,Designed copper–amine complex as an efficient template for one-pot synthesis of Cu-SSZ-13 zeolite with excellent activity for selective catalytic reduction of NOx by NH3
snapshot_2,Topic_template_synthesis_2009-2018_Knowledge.txt,371,https://openalex.org/W2040320642,https://doi.org/10.1021/ja107405x,2010,Synthesis of Nanocrystals with Variable High-Index Pd Facets through the Controlled Heteroepitaxial Growth of Trisoctahedral Au Templates
snapshot_2,Topic_template_synthesis_2009-2018_Knowledge.txt,372,https://openalex.org/W2145678069,https://doi.org/10.3762/bjoc.6.14,2010,Templated versus non-templated synthesis of benzo-21-crown-7 and the influence of substituents on its complexing properties
snapshot_2,Topic_template_synthesis_2009-2018_Knowledge.txt,373,https://openalex.org/W2795570505,https://doi.org/10.1021/acsami.8b02612,2018,Synthesis of Ultrathin Graphdiyne Film Using a Surface Template
snapshot_2,Topic_template_synthesis_2009-2018_Knowledge.txt,374,https://openalex.org/W4241340883,https://doi.org/10.1002/ange.201000291,2010,DNA‐Templated Synthesis of Trimethine Cyanine Dyes: A Versatile Fluorogenic Reaction for Sensing G‐Quadruplex Formation
snapshot_2,Topic_template_synthesis_2009-2018_Knowledge.txt,375,https://openalex.org/W2903981638,https://doi.org/10.1002/slct.201802940,2018,Soft‐templating Synthesis of Mesoporous Metal–Organic Frameworks with Enhanced Toluene Adsorption Capacity
snapshot_2,Topic_template_synthesis_2009-2018_Knowledge.txt,376,https://openalex.org/W2292386775,https://doi.org/10.1038/srep20637,2016,Vacuum template synthesis of multifunctional nanotubes with tailored nanostructured walls
snapshot_2,Topic_template_synthesis_2009-2018_Knowledge.txt,377,https://openalex.org/W2138622739,https://doi.org/10.1039/c2ra21753h,2012,Bio-template synthesis of spirulina/TiO2 composite with enhanced photocatalytic performance
snapshot_2,Topic_template_synthesis_2009-2018_Knowledge.txt,378,https://openalex.org/W4231610296,https://doi.org/10.1002/ange.201405131,2014,Nitrite‐Templated Synthesis of Lanthanide‐Containing [2]Rotaxanes for Anion Sensing
snapshot_2,Topic_template_synthesis_2009-2018_Knowledge.txt,379,https://openalex.org/W2606244459,https://doi.org/10.1134/s1063783417040266,2017,Structure and physical properties of iron nanotubes obtained by template synthesis
snapshot_2,Topic_template_synthesis_2009-2018_Knowledge.txt,380,https://openalex.org/W2794586099,https://doi.org/10.1039/c8ta01390j,2018,Self-templating synthesis of double-wall shelled vanadium oxide hollow microspheres for high-performance lithium ion batteries
snapshot_2,Topic_template_synthesis_2009-2018_Knowledge.txt,381,https://openalex.org/W2525664380,https://doi.org/10.1021/acssuschemeng.6b01716,2016,Metal–Organic Framework-Templated Synthesis of Bifunctional N-Doped TiO<sub>2</sub>–Carbon Nanotablets via Solid-State Thermolysis
snapshot_2,Topic_template_synthesis_2009-2018_Knowledge.txt,382,https://openalex.org/W2892785609,https://doi.org/10.1002/chem.201804514,2018,Peptide‐Templated Synthesis of TiO<sub>2</sub> Nanofibers with Tunable Photocatalytic Activity
snapshot_2,Topic_template_synthesis_2009-2018_Knowledge.txt,383,https://openalex.org/W2074270289,https://doi.org/10.1134/s0036023611020057,2011,Calculation of geometric parameters of macrocyclic metal chelates formed by template synthesis in tertiary systems M(II) ion-ethanedithioamide-formaldehyde-ammonia
snapshot_2,Topic_template_synthesis_2009-2018_Knowledge.txt,384,https://openalex.org/W2590247127,https://doi.org/10.1039/c7ra00829e,2017,Peptide-templated synthesis of branched MnO<sub>2</sub>nanowires with improved electrochemical performances
snapshot_2,Topic_template_synthesis_2009-2018_Knowledge.txt,385,https://openalex.org/W2325230246,https://doi.org/10.2174/157341309789378168,2009,Template Synthesis of Nanostructured Carbonaceous Materials for Application in Electrochemical Devices
snapshot_2,Topic_template_synthesis_2009-2018_Knowledge.txt,386,https://openalex.org/W2062948899,https://doi.org/10.1039/c2jm34891h,2012,A luminescent steroid-based organogel: ON–OFF photoswitching by dopant interplay and templated synthesis of fluorescent nanoparticles
snapshot_2,Topic_template_synthesis_2009-2018_Knowledge.txt,387,https://openalex.org/W2082948612,https://doi.org/10.1039/c3ce41243a,2013,NiCo2S4 porous nanotubes synthesis via sacrificial templates: high-performance electrode materials of supercapacitors
snapshot_2,Topic_template_synthesis_2009-2018_Knowledge.txt,388,https://openalex.org/W2088194514,https://doi.org/10.1134/s1070363209060152,2009,On the possibility of template synthesis in the ternary system of vanadium(IV)-dithiooxamide-formaldehyde
snapshot_2,Topic_template_synthesis_2009-2018_Knowledge.txt,389,https://openalex.org/W2054043153,https://doi.org/10.1021/ic901945c,2009,"Template Synthesis of Iron(II) Complexes Containing Tridentate P−N−S, P−N−P, P−N−N, and Tetradentate P−N−N−P Ligands"
snapshot_2,Topic_template_synthesis_2009-2018_Knowledge.txt,390,https://openalex.org/W1996893881,https://doi.org/10.1002/adfm.201402768,2014,ZnO Hard Templating for Synthesis of Hierarchical Porous Carbons with Tailored Porosity and High Performance in Lithium‐Sulfur Battery
snapshot_2,Topic_template_synthesis_2009-2018_Knowledge.txt,391,https://openalex.org/W2048622063,https://doi.org/10.2217/nnm.10.110,2010,Fabrication of Biodegradable Nano Test Tubes by Template Synthesis
snapshot_2,Topic_template_synthesis_2009-2018_Knowledge.txt,392,https://openalex.org/W2577903234,https://doi.org/10.1039/c6nr09439b,2017,Graphene and its derivatives as versatile templates for materials synthesis and functional applications
snapshot_2,Topic_template_synthesis_2009-2018_Knowledge.txt,393,https://openalex.org/W1973811393,https://doi.org/10.1002/app.37572,2012,Grafting polymer brushes on graphene oxide for controlling surface charge states and templated synthesis of metal nanoparticles
snapshot_2,Topic_template_synthesis_2009-2018_Knowledge.txt,394,https://openalex.org/W2765757449,https://doi.org/10.1039/c7ta06247h,2017,Eutectic-directed self-templating synthesis of PtNi nanoporous nanowires with superior electrocatalytic performance towards the oxygen reduction reaction: experiment and DFT calculation
snapshot_2,Topic_template_synthesis_2009-2018_Knowledge.txt,395,https://openalex.org/W2043645384,https://doi.org/10.1039/c3tc31867b,2013,"A room temperature, templated synthesis of lanthanide trifluoride nanoparticles and their unusual self-assembly"
snapshot_2,Topic_template_synthesis_2009-2018_Knowledge.txt,396,https://openalex.org/W2080453136,https://doi.org/10.1039/c4nr02982h,2014,Gold nanorod-templated synthesis of polymetallic hollow nanostructures with enhanced electrocatalytic performance
snapshot_2,Topic_template_synthesis_2009-2018_Knowledge.txt,397,https://openalex.org/W2082987982,https://doi.org/10.1002/adfm.201200823,2012,"Hybrid Templated Synthesis of Crack‐Free, Organized Mesoporous TiO<sub>2</sub> Electrodes for High Efficiency Solid‐State Dye‐Sensitized Solar Cells"
snapshot_2,Topic_template_synthesis_2009-2018_Knowledge.txt,398,https://openalex.org/W2763524003,https://doi.org/10.1021/acs.langmuir.7b03035,2017,Self-Templated Synthesis of Porous Ni(OH)<sub>2</sub> Nanocube and Its High Electrochemical Performance for Supercapacitor
snapshot_2,Topic_template_synthesis_2009-2018_Knowledge.txt,399,https://openalex.org/W1802622351,https://doi.org/10.1039/c5ta06372h,2015,Dual-template synthesis of ordered mesoporous carbon/Fe<sub>2</sub>O<sub>3</sub>nanowires: high porosity and structural stability for supercapacitors
snapshot_2,Topic_template_synthesis_2009-2018_Knowledge.txt,400,https://openalex.org/W2734588833,https://doi.org/10.1002/chem.201702553,2017,CuAAC in a Distal Pocket: Metal Active‐Template Synthesis of Strapped‐Porphyrin [2]Rotaxanes
snapshot_2,Topic_template_synthesis_2009-2018_Knowledge.txt,401,https://openalex.org/W2620213360,https://doi.org/10.1039/c7ob01040k,2017,Active metal template synthesis of a neutral indolocarbazole-containing [2]rotaxane host system for selective oxoanion recognition
snapshot_2,Topic_template_synthesis_2009-2018_Knowledge.txt,402,https://openalex.org/W2023246350,https://doi.org/10.1007/s13404-012-0049-6,2012,Synthesis of DNA-templated fluorescent gold nanoclusters
snapshot_2,Topic_template_synthesis_2009-2018_Knowledge.txt,403,https://openalex.org/W2121230626,https://doi.org/10.1002/anie.201411956,2015,Self‐Template‐Directed Synthesis of Porous Perovskite Nanowires at Room Temperature for High‐Performance Visible‐Light Photodetectors
snapshot_2,Topic_template_synthesis_2009-2018_Knowledge.txt,404,https://openalex.org/W2460186774,https://doi.org/10.1039/c6ra11268d,2016,Hollow CeO<sub>2</sub>dodecahedrons: one-step template synthesis and enhanced catalytic performance
snapshot_2,Topic_template_synthesis_2009-2018_Knowledge.txt,405,https://openalex.org/W4214546557,https://doi.org/10.1002/ange.201204792,2012,Self‐Templated Synthesis of Single‐Crystal and Single‐Domain Ferroelectric Nanoplates
snapshot_2,Topic_template_synthesis_2009-2018_Knowledge.txt,406,https://openalex.org/W2124995968,https://doi.org/10.1039/c3ra45428b,2013,β-MnO2 sacrificial template synthesis of Li1.2Ni0.13Co0.13Mn0.54O2 for lithium ion battery cathodes
snapshot_2,Topic_template_synthesis_2009-2018_Knowledge.txt,407,https://openalex.org/W2036079024,https://doi.org/10.1039/c3ta15330d,2014,Anodic alumina-templated synthesis of mesostructured silica membranes – current status and challenges
snapshot_2,Topic_template_synthesis_2009-2018_Knowledge.txt,408,https://openalex.org/W2581372601,https://doi.org/10.1039/c6tc05349a,2017,Template-directed synthesis of a luminescent Tb-MOF material for highly selective Fe<sup>3+</sup> and Al<sup>3+</sup> ion detection and VOC vapor sensing
snapshot_2,Topic_template_synthesis_2009-2018_Knowledge.txt,409,https://openalex.org/W2463707278,https://doi.org/10.1002/advs.201600162,2016,Self‐Templated Synthesis of Ultrathin Nanosheets Constructed TiO<sub>2</sub> Hollow Spheres with High Electrochemical Properties
snapshot_2,Topic_template_synthesis_2009-2018_Knowledge.txt,410,https://openalex.org/W2787554021,https://doi.org/10.1007/s12274-018-2003-2,2018,Template-free large-scale synthesis of g-C3N4 microtubes for enhanced visible light-driven photocatalytic H2 production
snapshot_2,Topic_template_synthesis_2009-2018_Knowledge.txt,411,https://openalex.org/W2134367198,https://doi.org/10.1039/c0dt01724h,2011,Iron(ii) template synthesis of benzannulated triphospha- and triarsamacrocycles
snapshot_2,Topic_template_synthesis_2009-2018_Knowledge.txt,412,https://openalex.org/W4235304121,https://doi.org/10.1002/ange.201610291,2016,Anodized Aluminum Oxide Templated Synthesis of Metal–Organic Frameworks Used as Membrane Reactors
snapshot_2,Topic_template_synthesis_2009-2018_Knowledge.txt,413,https://openalex.org/W1870365070,https://doi.org/10.1039/c5ta01108f,2015,Synthesis of porous Cu<sub>2</sub>O/CuO cages using Cu-based metal–organic frameworks as templates and their gas-sensing properties
snapshot_2,Topic_template_synthesis_2009-2018_Knowledge.txt,414,https://openalex.org/W2003321032,https://doi.org/10.1021/la204694c,2012,Template Synthesis of Subnanometer Gold Clusters in Interfacially Cross-Linked Reverse Micelles Mediated by Confined Counterions
snapshot_2,Topic_template_synthesis_2009-2018_Knowledge.txt,415,https://openalex.org/W2767726182,https://doi.org/10.3390/molecules22111943,2017,Soft-Template Synthesis of Mesoporous Anatase TiO2 Nanospheres and Its Enhanced Photoactivity
snapshot_2,Topic_template_synthesis_2009-2018_Knowledge.txt,416,https://openalex.org/W2556060812,https://doi.org/10.1016/j.arabjc.2016.10.014,2016,"Molecular structure design and soft template synthesis of aza-, oxaaza- and thiaazamacrocyclic metal chelates in the gelatin matrix"
snapshot_2,Topic_template_synthesis_2009-2018_Knowledge.txt,417,https://openalex.org/W2027108372,https://doi.org/10.1021/nn2003234,2011,A Route to Nanoscopic Materials <i>via</i> Sequential Infiltration Synthesis on Block Copolymer Templates
snapshot_2,Topic_template_synthesis_2009-2018_Knowledge.txt,418,https://openalex.org/W2164513761,https://doi.org/10.1002/aenm.201100654,2012,Template‐Directed Synthesis of Pillared‐Porous Carbon Nanosheet Architectures: High‐Performance Electrode Materials for Supercapacitors
snapshot_2,Topic_template_synthesis_2009-2018_Knowledge.txt,419,https://openalex.org/W2131896906,https://doi.org/10.1002/smll.200902001,2010,Reduced Graphene Oxide‐Templated Photochemical Synthesis and in situ Assembly of Au Nanodots to Orderly Patterned Au Nanodot Chains
snapshot_2,Topic_template_synthesis_2009-2018_Knowledge.txt,420,https://openalex.org/W2798165076,https://doi.org/10.1039/c8cc00415c,2018,Self-templated synthesis of heavily nitrogen-doped hollow carbon spheres
snapshot_2,Topic_template_synthesis_2009-2018_Knowledge.txt,421,https://openalex.org/W2142902915,https://doi.org/10.1002/ejic.201101363,2012,"Heterometallic, Hybrid, Heavy Main‐Group Iodometallates Containing Lanthanide Complexes: Template Synthesis, Structures, Thermal, Optical, Luminescent and Magnetic Properties"
snapshot_2,Topic_template_synthesis_2009-2018_Knowledge.txt,422,https://openalex.org/W2233877194,https://doi.org/10.1039/c5ra26277a,2016,Micelle-templated synthesis of Pt hollow nanospheres for catalytic hydrogen evolution
snapshot_2,Topic_template_synthesis_2009-2018_Knowledge.txt,423,https://openalex.org/W2056169643,https://doi.org/10.1021/ma9009643,2009,Self-Assembly of Heteroarms Core−Shell Polymeric Nanoparticles (HCPNs) and Templated Synthesis of Gold Nanoparticles within HCPNs and the Superparticles
snapshot_2,Topic_template_synthesis_2009-2018_Knowledge.txt,424,https://openalex.org/W2610428321,https://doi.org/10.1186/s11671-017-2094-9,2017,Self-templated Synthesis of Nickel Silicate Hydroxide/Reduced Graphene Oxide Composite Hollow Microspheres as Highly Stable Supercapacitor Electrode Material
snapshot_2,Topic_template_synthesis_2009-2018_Knowledge.txt,425,https://openalex.org/W2026048394,https://doi.org/10.1088/0957-4484/25/16/165701,2014,Nano-hard template synthesis of pure mesoporous NiO and its application for streptavidin protein immobilization
snapshot_2,Topic_template_synthesis_2009-2018_Knowledge.txt,426,https://openalex.org/W2891109949,https://doi.org/10.1002/celc.201801050,2018,Self‐Sacrificial Template Synthesis of a Nitrogen‐Doped Microstructured Carbon Tube as Electrocatalyst for Oxygen Reduction
snapshot_2,Topic_template_synthesis_2009-2018_Knowledge.txt,427,https://openalex.org/W2330919554,https://doi.org/10.1021/la5021675,2014,Polymer and Surfactant-Templated Synthesis of Hollow and Porous ZnS Nano- and Microspheres in a Spray Pyrolysis Reactor
snapshot_2,Topic_template_synthesis_2009-2018_Knowledge.txt,428,https://openalex.org/W2331907968,https://doi.org/10.1021/cm202891p,2011,Synthesis of Ultrathin Silicon Nanosheets by Using Graphene Oxide as Template
snapshot_2,Topic_template_synthesis_2009-2018_Knowledge.txt,429,https://openalex.org/W2107630927,https://doi.org/10.1002/chem.201403992,2014,One‐Pot Self‐Templating Synthesis of Pt Hollow Nanostructures and Their Catalytic Properties for CO Oxidation
snapshot_2,Topic_template_synthesis_2009-2018_Knowledge.txt,430,https://openalex.org/W1975579873,https://doi.org/10.1021/nn500367q,2014,"Green Electrochemical Template Synthesis of CoPt Nanoparticles with Tunable Size, Composition, and Magnetism from Microemulsions Using an Ionic Liquid (bmimPF<sub>6</sub>)"
snapshot_2,Topic_template_synthesis_2009-2018_Knowledge.txt,431,https://openalex.org/W2727943397,https://doi.org/10.1039/c7nj01755c,2017,FeOOH-Templated synthesis of hollow porous platinum nanotubes as superior electrocatalysts towards methanol electrooxidation
snapshot_2,Topic_template_synthesis_2009-2018_Knowledge.txt,432,https://openalex.org/W2147312825,https://doi.org/10.1039/b924366f,2010,Template-free synthesis of hierarchical spindle-like γ-Al2O3 materials and their adsorption affinity towards organic and inorganic pollutants in water
snapshot_2,Topic_template_synthesis_2009-2018_Knowledge.txt,433,https://openalex.org/W2151566471,https://doi.org/10.1002/cctc.201500728,2015,An Eco‐friendly Soft Template Synthesis of Mesostructured Silica‐Carbon Nanocomposites for Acid Catalysis
snapshot_2,Topic_template_synthesis_2009-2018_Knowledge.txt,434,https://openalex.org/W2622222651,https://doi.org/10.1021/acssuschemeng.7b00759,2017,Template Synthesis of 2D Carbon Nanosheets: Improving Energy Density of Supercapacitors by Dual Redox Additives Anthraquinone-2-sulfonic Acid Sodium and KI
snapshot_2,Topic_template_synthesis_2009-2018_Knowledge.txt,435,https://openalex.org/W2225906744,https://doi.org/10.1039/c5ra25935e,2016,Soft-templated synthesis of Mn<sub>3</sub>O<sub>4</sub> microdandelions for the degradation of alizarin red under visible light irradiation
snapshot_2,Topic_template_synthesis_2009-2018_Knowledge.txt,436,https://openalex.org/W2618403079,https://doi.org/10.1039/c7nj00128b,2017,Ice-templating synthesis of macroporous noble metal/3D-graphene nanocomposites: their fluorescence lifetimes and catalytic study
snapshot_2,Topic_template_synthesis_2009-2018_Knowledge.txt,437,https://openalex.org/W1967631973,https://doi.org/10.1039/c1nr11001b,2011,Soft plasma processing of organic nanowires: a route for the fabrication of 1D organic heterostructures and the template synthesis of inorganic 1D nanostructures
snapshot_2,Topic_template_synthesis_2009-2018_Knowledge.txt,438,https://openalex.org/W2321490256,https://doi.org/10.1021/cm200411p,2011,Template-Free Synthesis of a Highly Porous Benzimidazole-Linked Polymer for CO<sub>2</sub> Capture and H<sub>2</sub> Storage
snapshot_2,Topic_template_synthesis_2009-2018_Knowledge.txt,439,https://openalex.org/W2077315625,https://doi.org/10.1002/aenm.201100340,2011,Template‐Free Synthesis of Interconnected Hollow Carbon Nanospheres for High‐Performance Anode Material in Lithium‐Ion Batteries
snapshot_2,Topic_template_synthesis_2009-2018_Knowledge.txt,440,https://openalex.org/W2097244644,https://doi.org/10.1002/masy.200900006,2010,Block Copolymer‐Templated Synthesis and Organization of Semiconductor Nanocrystals
snapshot_2,Topic_template_synthesis_2009-2018_Knowledge.txt,441,https://openalex.org/W2084413113,https://doi.org/10.1021/jp409878a,2013,Templated Synthesis and Chemical Behavior of Nickel Nanoparticles within High Aspect Ratio Silica Capsules
snapshot_2,Topic_template_synthesis_2009-2018_Knowledge.txt,442,https://openalex.org/W2083161790,https://doi.org/10.1002/asia.201000877,2011,Unsymmetrical Polymeric Ladderphanes by Sequential Polymerization: A New Approach for the Template Synthesis of Polymers with Well‐Defined Chain Length and Narrow Polydispersity
snapshot_2,Topic_template_synthesis_2009-2018_Knowledge.txt,443,https://openalex.org/W2608211071,https://doi.org/10.1039/c7ra03063k,2017,Polydopamine nanotubes-templated synthesis of TiO<sub>2</sub>and its photocatalytic performance under visible light
snapshot_2,Topic_template_synthesis_2009-2018_Knowledge.txt,444,https://openalex.org/W2889872574,https://doi.org/10.1021/jacs.8b08244,2018,Concave–Convex π–π Template Approach Enables the Synthesis of [10]Cycloparaphenylene–Fullerene [2]Rotaxanes
snapshot_2,Topic_template_synthesis_2009-2018_Knowledge.txt,445,https://openalex.org/W2809346519,https://doi.org/10.1021/acs.cgd.8b00308,2018,Anion Templated Synthesis of Silver(I)-Ethynide Dithiophosphate Clusters
snapshot_2,Topic_template_synthesis_2009-2018_Knowledge.txt,446,https://openalex.org/W2604148101,https://doi.org/10.1039/c7dt00842b,2017,Self-template synthesis of CdS/NiS<sub>x</sub> heterostructured nanohybrids for efficient photocatalytic hydrogen evolution
snapshot_2,Topic_template_synthesis_2009-2018_Knowledge.txt,447,https://openalex.org/W2042174079,https://doi.org/10.1134/s1087659614010180,2014,Template synthesis of CMK-3 nanostructured carbon material and study of its properties
snapshot_2,Topic_template_synthesis_2009-2018_Knowledge.txt,448,https://openalex.org/W2062200157,https://doi.org/10.1021/ja208256u,2011,Template-Directed Synthesis of Nets Based upon Octahemioctahedral Cages That Encapsulate Catalytically Active Metalloporphyrins
snapshot_2,Topic_template_synthesis_2009-2018_Knowledge.txt,449,https://openalex.org/W2128840959,https://doi.org/10.1039/c2dt32446f,2012,Surfactant-free sacrificial template synthesis of submicrometer-sized YVO4:Eu3+ hierarchical hollow spheres with tunable textual parameters and luminescent properties
snapshot_2,Topic_template_synthesis_2009-2018_Knowledge.txt,450,https://openalex.org/W2320182117,https://doi.org/10.1021/om5006947,2014,Template Synthesis of Tetracarbene Platinum(II) Complexes with Five- and Six-Membered-Ring N-Heterocyclic Carbenes
snapshot_2,Topic_template_synthesis_2009-2018_Knowledge.txt,451,https://openalex.org/W2782988128,https://doi.org/10.1021/acs.orglett.7b03786,2018,Cyclic Peptoids as Topological Templates: Synthesis via Central to Conformational Chirality Induction
snapshot_2,Topic_template_synthesis_2009-2018_Knowledge.txt,452,https://openalex.org/W1743745654,https://doi.org/10.1039/c5nj01890k,2015,Templating synthesis of metal oxides by an incipient wetness impregnation route and their activities for CO oxidation
snapshot_2,Topic_template_synthesis_2009-2018_Knowledge.txt,453,https://openalex.org/W2092849955,https://doi.org/10.1039/c4nr07272c,2015,High-yield nanosized (Si)AlPO-41 using ethanol polarity equalization and co-templating synthesis approach
snapshot_2,Topic_template_synthesis_2009-2018_Knowledge.txt,454,https://openalex.org/W2788966724,https://doi.org/10.1039/c7ta10427h,2018,Templated synthesis of atomically thin platy hematite nanoparticles within a layered silicate exhibiting efficient photocatalytic activity
snapshot_2,Topic_template_synthesis_2009-2018_Knowledge.txt,455,https://openalex.org/W2418610866,https://doi.org/10.1039/c6ra06554f,2016,Microwave-assisted single-surfactant templating synthesis of mesoporous zeolites
snapshot_2,Topic_template_synthesis_2009-2018_Knowledge.txt,456,https://openalex.org/W2401598998,https://doi.org/10.1002/slct.201600406,2016,Co–templating Synthesis of Bimodal Mesoporous Silica for Potential Drug Carrier
snapshot_2,Topic_template_synthesis_2009-2018_Knowledge.txt,457,https://openalex.org/W2796593375,https://doi.org/10.1039/c8nr01095a,2018,Functional integration and self-template synthesis of hollow core–shell carbon mesoporous spheres/Fe<sub>3</sub>O<sub>4</sub>/nitrogen-doped graphene to enhance catalytic activity in DSSCs
snapshot_2,Topic_template_synthesis_2009-2018_Knowledge.txt,458,https://openalex.org/W4235814808,https://doi.org/10.1002/ange.201506822,2015,Direct Dual‐Template Synthesis of MWW Zeolite Monolayers
snapshot_2,Topic_template_synthesis_2009-2018_Knowledge.txt,459,https://openalex.org/W2132358819,https://doi.org/10.1002/chem.201300506,2013,"Oxime Side‐Chain Cross‐Links in an α‐Helical Coiled‐Coil Protein: Structure, Thermodynamics, and Folding‐Templated Synthesis of Bicyclic Species"
snapshot_2,Topic_template_synthesis_2009-2018_Knowledge.txt,460,https://openalex.org/W2076268931,https://doi.org/10.1002/chem.200900204,2009,One‐Pot Template‐Free Synthesis of Monodisperse Zinc Sulfide Hollow Spheres and Their Photocatalytic Properties
snapshot_2,Topic_template_synthesis_2009-2018_Knowledge.txt,461,https://openalex.org/W2261993599,https://doi.org/10.1039/c5ce02488a,2016,Templated synthesis of diluted magnetic semiconductors using transition metal ion-doped metal–organic frameworks: the case of Co-doped ZnO
snapshot_2,Topic_template_synthesis_2009-2018_Knowledge.txt,462,https://openalex.org/W2347045206,https://doi.org/10.1039/c6nj00085a,2016,Boron templated synthesis of a BODIPY analogue from a phthalocyanine precursor
snapshot_2,Topic_template_synthesis_2009-2018_Knowledge.txt,463,https://openalex.org/W2318122707,https://doi.org/10.1021/cg500436g,2014,"Organic Cation Templated Synthesis of Three Zinc–2,5-Thiophenedicarboxylate Frameworks for Selective Gas Sorption"
snapshot_2,Topic_template_synthesis_2009-2018_Knowledge.txt,464,https://openalex.org/W2070944635,https://doi.org/10.1039/c4ta06478j,2015,Biosourced mesoporous carbon with embedded palladium nanoparticles by a one pot soft-template synthesis: application to Suzuki reactions
snapshot_2,Topic_template_synthesis_2009-2018_Knowledge.txt,465,https://openalex.org/W2014770273,https://doi.org/10.1039/c2jm31680c,2012,Template synthesis of ultra-thin and short carbon nanotubes with two open ends
snapshot_2,Topic_template_synthesis_2009-2018_Knowledge.txt,466,https://openalex.org/W2163787629,https://doi.org/10.2306/scienceasia1513-1874.2012.38.301,2012,Sol-gel template synthesis and photocatalytic behaviour of anatase titania nanoparticles
snapshot_2,Topic_template_synthesis_2009-2018_Knowledge.txt,467,https://openalex.org/W2151147061,https://doi.org/10.1002/smll.201100579,2011,"Templated Synthesis of Shape‐Controlled, Ordered TiO<sub>2</sub> Cage Structures"
snapshot_2,Topic_template_synthesis_2009-2018_Knowledge.txt,468,https://openalex.org/W1817150762,https://doi.org/10.1039/c5ta03091a,2015,Modified template synthesis and electrochemical performance of a Co<sub>3</sub>O<sub>4</sub>/mesoporous cathode for lithium–oxygen batteries
snapshot_2,Topic_template_synthesis_2009-2018_Knowledge.txt,469,https://openalex.org/W2041951157,https://doi.org/10.1039/c2jm32351f,2012,Facile template-free synthesis of ultralayered mesoporous nickel cobaltite nanowires towards high-performance electrochemical capacitors
snapshot_2,Topic_template_synthesis_2009-2018_Knowledge.txt,470,https://openalex.org/W2605905126,https://doi.org/10.2174/1568026616666161222110859,2017,Template Synthesis of Tubular Nanostructures for Loading Biologically Active Molecules
snapshot_2,Topic_template_synthesis_2009-2018_Knowledge.txt,471,https://openalex.org/W2408673467,https://doi.org/10.1039/c6nr01663d,2016,Long-chain amine-templated synthesis of gallium sulfide and gallium selenide nanotubes
snapshot_2,Topic_template_synthesis_2009-2018_Knowledge.txt,472,https://openalex.org/W1969172182,https://doi.org/10.1039/c1jm12037a,2011,Facile secondary-template synthesis of polyaniline microtube array for enhancing glucose biosensitivity
snapshot_2,Topic_template_synthesis_2009-2018_Knowledge.txt,473,https://openalex.org/W2065571571,https://doi.org/10.1016/j.mencom.2014.03.021,2014,Promising macromolecular nanoobjects for the template synthesis of network copolymers with mesoporous structures
snapshot_2,Topic_template_synthesis_2009-2018_Knowledge.txt,474,https://openalex.org/W2129705961,https://doi.org/10.1002/smll.200901815,2009,Morphology‐Controlled Synthesis of SnO<sub>2</sub> Nanotubes by Using 1D Silica Mesostructures as Sacrificial Templates and Their Applications in Lithium‐Ion Batteries
snapshot_2,Topic_template_synthesis_2009-2018_Knowledge.txt,475,https://openalex.org/W2064351149,https://doi.org/10.1039/c4cc00304g,2014,Cu2O-templated strategy for synthesis of definable hollow architectures
snapshot_2,Topic_template_synthesis_2009-2018_Knowledge.txt,476,https://openalex.org/W2037536354,https://doi.org/10.1021/om900725e,2009,"Template Synthesis of Donor-Functionalized NX-Carbenes (X = P, Si)"
snapshot_2,Topic_template_synthesis_2009-2018_Knowledge.txt,477,https://openalex.org/W2793757399,https://doi.org/10.2174/1573413714666180308145336,2018,"Nanoporous Anodic Aluminum Oxide (NAAO) for Catalytic, Biosensing and Template Synthesis Applications (A Review)"
snapshot_2,Topic_template_synthesis_2009-2018_Knowledge.txt,478,https://openalex.org/W2140275715,https://doi.org/10.1002/ejic.201100268,2011,New Insights in the Formation of Combined Zeolitic/Mesoporous Materials by using a One‐Pot Templating Synthesis
snapshot_2,Topic_template_synthesis_2009-2018_Knowledge.txt,479,https://openalex.org/W2502089726,https://doi.org/10.1039/c6nr03557d,2016,Asymmetric silica encapsulation toward colloidal Janus nanoparticles: a concave nanoreactor for template-synthesis of an electocatalytic hollow Pt nanodendrite
snapshot_2,Topic_template_synthesis_2009-2018_Knowledge.txt,480,https://openalex.org/W2598995799,https://doi.org/10.1039/c7cp00509a,2017,In situ template synthesis of hollow nanospheres assembled from NiCo<sub>2</sub>S<sub>4</sub>@C ultrathin nanosheets with high electrochemical activities for lithium storage and ORR catalysis
snapshot_2,Topic_template_synthesis_2009-2018_Knowledge.txt,481,https://openalex.org/W2166414534,https://doi.org/10.1002/anie.201000818,2010,"Facile, Template‐Free Synthesis of Stimuli‐Responsive Polymer Nanocapsules for Targeted Drug Delivery"
snapshot_2,Topic_template_synthesis_2009-2018_Knowledge.txt,482,https://openalex.org/W2150948549,https://doi.org/10.3390/nano3030524,2013,Current Trends in Sensors Based on Conducting Polymer Nanomaterials
snapshot_2,Topic_template_synthesis_2009-2018_Knowledge.txt,483,https://openalex.org/W2895552070,https://doi.org/10.1016/j.mencom.2018.09.011,2018,Template synthesis of methylammonium lead iodide in the matrix of anodic titanium dioxide via the direct conversion of electrodeposited elemental lead
snapshot_2,Topic_template_synthesis_2009-2018_Knowledge.txt,484,https://openalex.org/W1984024401,https://doi.org/10.1134/s0036023614010100,2013,On template synthesis in the ternary system Ni(II)-thiosemicarbazide-diacetyl
snapshot_2,Topic_template_synthesis_2009-2018_Knowledge.txt,485,https://openalex.org/W2560269955,https://doi.org/10.1021/acs.inorgchem.6b02558,2016,Re(CO)<sub>3</sub>-Templated Synthesis of Semihemiporphyrazines
snapshot_2,Topic_template_synthesis_2009-2018_Knowledge.txt,486,https://openalex.org/W1981595610,https://doi.org/10.1134/s1070427213050091,2013,A porous carbon material prepared by template synthesis using Aerosil
snapshot_2,Topic_template_synthesis_2009-2018_Knowledge.txt,487,https://openalex.org/W2108429176,https://doi.org/10.1002/aenm.201301525,2013,One‐Step Template‐Free Synthesis of Highly Porous Boron Nitride Microsponges for Hydrogen Storage
snapshot_2,Topic_template_synthesis_2009-2018_Knowledge.txt,488,https://openalex.org/W2736710641,https://doi.org/10.1039/c7ob01642e,2017,Efficient active-template synthesis of calix[6]arene-based oriented pseudorotaxanes and rotaxanes
snapshot_2,Topic_template_synthesis_2009-2018_Knowledge.txt,489,https://openalex.org/W2790287542,https://doi.org/10.1002/anie.201800619,2018,Aqueous‐Phase Synthesis of Mesoporous Zr‐Based MOFs Templated by Amphoteric Surfactants
snapshot_2,Topic_template_synthesis_2009-2018_Knowledge.txt,490,https://openalex.org/W2125008684,https://doi.org/10.1002/smll.201301338,2013,“Dual‐Template” Synthesis of One‐Dimensional Conductive Nanoparticle Superstructures from Coordination Metal–Peptide Polymer Crystals
snapshot_2,Topic_template_synthesis_2009-2018_Knowledge.txt,491,https://openalex.org/W2008698655,https://doi.org/10.1246/cl.2012.53,2011,Template Synthesis of Nanoporous Carbons through Iodine Stabilization of Carboxymethylcellulose Sodium
snapshot_2,Topic_template_synthesis_2009-2018_Knowledge.txt,492,https://openalex.org/W2150710507,https://doi.org/10.1002/anie.201311309,2014,Two‐Dimensional CuSe Nanosheets with Microscale Lateral Size: Synthesis and Template‐Assisted Phase Transformation
snapshot_2,Topic_template_synthesis_2009-2018_Knowledge.txt,493,https://openalex.org/W2553476573,https://doi.org/10.1039/c6tb02308h,2016,Protein/peptide-templated biomimetic synthesis of inorganic nanoparticles for biomedical applications
snapshot_2,Topic_template_synthesis_2009-2018_Knowledge.txt,494,https://openalex.org/W2806215751,https://doi.org/10.1002/celc.201800575,2018,Carbon Monoxide‐Templated Synthesis of Coral‐Like Clean PtPd Nanochains as Efficient Oxygen Reduction Catalyst
snapshot_2,Topic_template_synthesis_2009-2018_Knowledge.txt,495,https://openalex.org/W2554099909,https://doi.org/10.1039/c6ra24524b,2016,Multi-template synthesis of hierarchically porous carbon spheres with potential application in supercapacitors
snapshot_2,Topic_template_synthesis_2009-2018_Knowledge.txt,496,https://openalex.org/W2761305322,https://doi.org/10.1002/celc.201700867,2017,Templated Synthesis of Nickel−Iron Layered Double Hydroxide for Enhanced Electrocatalytic Water Oxidation: Towards the Development of Non‐Precious‐Metal Catalysts
snapshot_2,Topic_template_synthesis_2009-2018_Knowledge.txt,497,https://openalex.org/W2011654152,https://doi.org/10.1039/c3cc40760h,2013,Template-free synthesis of Ta3N5 nanorod arrays for efficient photoelectrochemical water splitting
snapshot_2,Topic_template_synthesis_2009-2018_Knowledge.txt,498,https://openalex.org/W2756445378,https://doi.org/10.1002/asia.201701150,2017,Silver Thiolate Nano‐sized Molecular Clusters and Their Supramolecular Covalent Frameworks: An Approach Toward Pre‐templated Synthesis
snapshot_2,Topic_template_synthesis_2009-2018_Knowledge.txt,499,https://openalex.org/W2085281294,https://doi.org/10.1039/c2cc33797e,2012,Template-free synthesis of mesoporous N-doped SrTiO3 perovskite with high visible-light-driven photocatalytic activity
snapshot_2,Topic_template_synthesis_2009-2018_Knowledge.txt,500,https://openalex.org/W2588503500,https://doi.org/10.1134/s1061933x17010148,2017,Template synthesis of mesoporous silicas with the use of nanocrystalline cellulose
