source_snapshot,source_file,local_id,openalex_id,doi,year,title
snapshot_1,Topic_porous_carbon_2009-2018_Knowledge.txt,1,https://openalex.org/W2083559042,https://doi.org/10.1021/nn302147s,2012,Synthesis of Nitrogen-Doped Porous Carbon Nanofibers as an Efficient Electrode Material for Supercapacitors
snapshot_1,Topic_porous_carbon_2009-2018_Knowledge.txt,2,https://openalex.org/W2055738871,https://doi.org/10.1039/c0ee00784f,2011,Sustainable porous carbons with a superior performance for CO2 capture
snapshot_1,Topic_porous_carbon_2009-2018_Knowledge.txt,3,https://openalex.org/W2607231338,https://doi.org/10.1002/anie.201702473,2017,Isolated Single Iron Atoms Anchored on N‐Doped Porous Carbon as an Efficient Electrocatalyst for the Oxygen Reduction Reaction
snapshot_1,Topic_porous_carbon_2009-2018_Knowledge.txt,4,https://openalex.org/W2078641611,https://doi.org/10.1039/c4ee01075b,2014,Hierarchically porous carbon derived from polymers and biomass: effect of interconnected pores on energy applications
snapshot_1,Topic_porous_carbon_2009-2018_Knowledge.txt,5,https://openalex.org/W2029859756,https://doi.org/10.1039/c3ee41638k,2013,Synthesis of functionalized 3D hierarchical porous carbon for high-performance supercapacitors
snapshot_1,Topic_porous_carbon_2009-2018_Knowledge.txt,6,https://openalex.org/W2125659316,https://doi.org/10.1039/c2ta00028h,2012,Nitrogen-containing porous carbons: synthesis and application
snapshot_1,Topic_porous_carbon_2009-2018_Knowledge.txt,7,https://openalex.org/W1826607494,https://doi.org/10.1002/adma.201503816,2015,Carbon Quantum Dots and Their Derivative 3D Porous Carbon Frameworks for Sodium‐Ion Batteries with Ultralong Cycle Life
snapshot_1,Topic_porous_carbon_2009-2018_Knowledge.txt,8,https://openalex.org/W1872001489,https://doi.org/10.1002/adma.201502315,2015,From Bimetallic Metal‐Organic Framework to Porous Carbon: High Surface Area and Multicomponent Active Dopants for Excellent Electrocatalysis
snapshot_1,Topic_porous_carbon_2009-2018_Knowledge.txt,9,https://openalex.org/W1984807959,https://doi.org/10.1002/adma.201104634,2012,Nitrogen‐Doped Porous Carbon Nanofiber Webs as Anodes for Lithium Ion Batteries with a Superhigh Capacity and Rate Capability
snapshot_1,Topic_porous_carbon_2009-2018_Knowledge.txt,10,https://openalex.org/W2070821099,https://doi.org/10.1002/adfm.201100291,2011,N‐Doped Polypyrrole‐Based Porous Carbons for CO<sub>2</sub> Capture
snapshot_1,Topic_porous_carbon_2009-2018_Knowledge.txt,11,https://openalex.org/W2061132599,https://doi.org/10.1021/cm202554j,2012,MOF-Derived Hierarchically Porous Carbon with Exceptional Porosity and Hydrogen Storage Capacity
snapshot_1,Topic_porous_carbon_2009-2018_Knowledge.txt,12,https://openalex.org/W1982805474,https://doi.org/10.1021/ja8083225,2009,High Hydrogen Storage Capacity of Porous Carbons Prepared by Using Activated Carbon
snapshot_1,Topic_porous_carbon_2009-2018_Knowledge.txt,13,https://openalex.org/W2134968882,https://doi.org/10.1039/c1ee02256c,2011,Porous carbon nanofiber–sulfur composite electrodes for lithium/sulfur cells
snapshot_1,Topic_porous_carbon_2009-2018_Knowledge.txt,14,https://openalex.org/W2032428300,https://doi.org/10.1039/c4gc02185a,2014,Biomass-derived porous carbon materials with sulfur and nitrogen dual-doping for energy storage
snapshot_1,Topic_porous_carbon_2009-2018_Knowledge.txt,15,https://openalex.org/W2123001562,https://doi.org/10.1039/c4nr03574g,2014,Hierarchical porous carbon aerogel derived from bagasse for high performance supercapacitor electrode
snapshot_1,Topic_porous_carbon_2009-2018_Knowledge.txt,16,https://openalex.org/W2049648774,https://doi.org/10.1039/c3ta10583k,2013,Porous carbon-based materials for hydrogen storage: advancement and challenges
snapshot_1,Topic_porous_carbon_2009-2018_Knowledge.txt,17,https://openalex.org/W2209933873,https://doi.org/10.1039/c5cs00670h,2015,Highly efficient nonprecious metal catalysts towards oxygen reduction reaction based on three-dimensional porous carbon nanostructures
snapshot_1,Topic_porous_carbon_2009-2018_Knowledge.txt,18,https://openalex.org/W2127423008,https://doi.org/10.1039/c3ee42209g,2013,Direct prediction of the desalination performance of porous carbon electrodes for capacitive deionization
snapshot_1,Topic_porous_carbon_2009-2018_Knowledge.txt,19,https://openalex.org/W2086576075,https://doi.org/10.1039/c3ee42799d,2013,ZIF-derived in situ nitrogen-doped porous carbons as efficient metal-free electrocatalysts for oxygen reduction reaction
snapshot_1,Topic_porous_carbon_2009-2018_Knowledge.txt,20,https://openalex.org/W2025283862,https://doi.org/10.1002/anie.201408990,2014,ZIF‐8 Derived Graphene‐Based Nitrogen‐Doped Porous Carbon Sheets as Highly Efficient and Durable Oxygen Reduction Electrocatalysts
snapshot_1,Topic_porous_carbon_2009-2018_Knowledge.txt,21,https://openalex.org/W2775857236,https://doi.org/10.1002/adfm.201704537,2017,"Recent Progress in MOF‐Derived, Heteroatom‐Doped Porous Carbons as Highly Efficient Electrocatalysts for Oxygen Reduction Reaction in Fuel Cells"
snapshot_1,Topic_porous_carbon_2009-2018_Knowledge.txt,22,https://openalex.org/W2136363517,https://doi.org/10.1002/aenm.201200346,2012,Electrochemical Performance of Porous Carbon/Tin Composite Anodes for Sodium‐Ion and Lithium‐Ion Batteries
snapshot_1,Topic_porous_carbon_2009-2018_Knowledge.txt,23,https://openalex.org/W2131397468,https://doi.org/10.1039/b9nr00207c,2010,Templated nanoscale porous carbons
snapshot_1,Topic_porous_carbon_2009-2018_Knowledge.txt,24,https://openalex.org/W1941185308,https://doi.org/10.1038/ncomms8992,2015,Molecular metal–Nx centres in porous carbon for electrocatalytic hydrogen evolution
snapshot_1,Topic_porous_carbon_2009-2018_Knowledge.txt,25,https://openalex.org/W2334213029,https://doi.org/10.1021/jp300050u,2012,Microwave Absorption Enhancement of Porous Carbon Fibers Compared with Carbon Nanofibers
snapshot_1,Topic_porous_carbon_2009-2018_Knowledge.txt,26,https://openalex.org/W2179645426,https://doi.org/10.1039/c5ta09043a,2015,Hierarchical porous carbon microtubes derived from willow catkins for supercapacitor applications
snapshot_1,Topic_porous_carbon_2009-2018_Knowledge.txt,27,https://openalex.org/W1955805973,https://doi.org/10.1002/adma.201501452,2015,Two‐Dimensional Porous Carbon: Synthesis and Ion‐Transport Properties
snapshot_1,Topic_porous_carbon_2009-2018_Knowledge.txt,28,https://openalex.org/W2090005769,https://doi.org/10.1002/cssc.201200680,2012,"Nitrogen‐Doped Porous Carbon Nanosheets as Low‐Cost, High‐Performance Anode Material for Sodium‐Ion Batteries"
snapshot_1,Topic_porous_carbon_2009-2018_Knowledge.txt,29,https://openalex.org/W2132326360,https://doi.org/10.1002/adfm.201403657,2014,An Advanced Nitrogen‐Doped Graphene/Cobalt‐Embedded Porous Carbon Polyhedron Hybrid for Efficient Catalysis of Oxygen Reduction and Water Splitting
snapshot_1,Topic_porous_carbon_2009-2018_Knowledge.txt,30,https://openalex.org/W2128782953,https://doi.org/10.1039/c3nr05374a,2013,Nitrogen doped porous carbon fibres as anode materials for sodium ion batteries with excellent rate performance
snapshot_1,Topic_porous_carbon_2009-2018_Knowledge.txt,31,https://openalex.org/W2128705258,https://doi.org/10.1002/adma.200903765,2010,Rapid Synthesis of Nitrogen‐Doped Porous Carbon Monolith for CO<sub>2</sub> Capture
snapshot_1,Topic_porous_carbon_2009-2018_Knowledge.txt,32,https://openalex.org/W2132060293,https://doi.org/10.1039/c4nr00348a,2014,Highly graphitized nitrogen-doped porous carbon nanopolyhedra derived from ZIF-8 nanocrystals as efficient electrocatalysts for oxygen reduction reactions
snapshot_1,Topic_porous_carbon_2009-2018_Knowledge.txt,33,https://openalex.org/W2094314521,https://doi.org/10.1039/c4cs00071d,2014,"Porous carbon spheres and monoliths: morphology control, pore size tuning and their applications as Li-ion battery anode materials"
snapshot_1,Topic_porous_carbon_2009-2018_Knowledge.txt,34,https://openalex.org/W2588185995,https://doi.org/10.1002/advs.201600408,2017,Recent Breakthroughs in Supercapacitors Boosted by Nitrogen‐Rich Porous Carbon Materials
snapshot_1,Topic_porous_carbon_2009-2018_Knowledge.txt,35,https://openalex.org/W2610495789,https://doi.org/10.1039/c7nr02628e,2017,Lightweight and efficient microwave absorbing materials based on walnut shell-derived nano-porous carbon
snapshot_1,Topic_porous_carbon_2009-2018_Knowledge.txt,36,https://openalex.org/W2799921393,https://doi.org/10.1002/anie.201803262,2018,From Metal–Organic Frameworks to Single‐Atom Fe Implanted N‐doped Porous Carbons: Efficient Oxygen Reduction in Both Alkaline and Acidic Media
snapshot_1,Topic_porous_carbon_2009-2018_Knowledge.txt,37,https://openalex.org/W2121180786,https://doi.org/10.1002/anie.201502396,2015,High‐Yield Electrosynthesis of Hydrogen Peroxide from Oxygen Reduction by Hierarchically Porous Carbon
snapshot_1,Topic_porous_carbon_2009-2018_Knowledge.txt,38,https://openalex.org/W2400204526,https://doi.org/10.1021/acssuschemeng.6b00388,2016,"Effects of Cellulose, Hemicellulose, and Lignin on the Structure and Morphology of Porous Carbons"
snapshot_1,Topic_porous_carbon_2009-2018_Knowledge.txt,39,https://openalex.org/W2612839758,https://doi.org/10.1002/aenm.201700283,2017,Porous Carbon Composites for Next Generation Rechargeable Lithium Batteries
snapshot_1,Topic_porous_carbon_2009-2018_Knowledge.txt,40,https://openalex.org/W2317422767,https://doi.org/10.1021/nl403631h,2013,Ultrasmall Sn Nanoparticles Embedded in Nitrogen-Doped Porous Carbon As High-Performance Anode for Lithium-Ion Batteries
snapshot_1,Topic_porous_carbon_2009-2018_Knowledge.txt,41,https://openalex.org/W2064944782,https://doi.org/10.1002/adma.201304962,2014,Controlling SEI Formation on SnSb‐Porous Carbon Nanofibers for Improved Na Ion Storage
snapshot_1,Topic_porous_carbon_2009-2018_Knowledge.txt,42,https://openalex.org/W1996766403,https://doi.org/10.1002/adma.201401848,2014,Fe–N Decorated Hybrids of CNTs Grown on Hierarchically Porous Carbon for High‐Performance Oxygen Reduction
snapshot_1,Topic_porous_carbon_2009-2018_Knowledge.txt,43,https://openalex.org/W2779296589,https://doi.org/10.1039/c7nr07158b,2017,Synthesis of garlic skin-derived 3D hierarchical porous carbon for high-performance supercapacitors
snapshot_1,Topic_porous_carbon_2009-2018_Knowledge.txt,44,https://openalex.org/W2121095538,https://doi.org/10.1002/adma.201500783,2015,In‐Situ Formation of Hollow Hybrids Composed of Cobalt Sulfides Embedded within Porous Carbon Polyhedra/Carbon Nanotubes for High‐Performance Lithium‐Ion Batteries
snapshot_1,Topic_porous_carbon_2009-2018_Knowledge.txt,45,https://openalex.org/W2809416657,https://doi.org/10.1002/anie.201804958,2018,Efficient Oxygen Reduction Reaction (ORR) Catalysts Based on Single Iron Atoms Dispersed on a Hierarchically Structured Porous Carbon Framework
snapshot_1,Topic_porous_carbon_2009-2018_Knowledge.txt,46,https://openalex.org/W2794048050,https://doi.org/10.1021/acsami.7b17264,2018,Hierarchically Porous Carbons Derived from Biomasses with Excellent Microwave Absorption Performance
snapshot_1,Topic_porous_carbon_2009-2018_Knowledge.txt,47,https://openalex.org/W2567491100,https://doi.org/10.1039/c6ee03265f,2017,"Texturing in situ: N,S-enriched hierarchically porous carbon as a highly active reversible oxygen electrocatalyst"
snapshot_1,Topic_porous_carbon_2009-2018_Knowledge.txt,48,https://openalex.org/W2791634755,https://doi.org/10.1002/adma.201706054,2018,Scalable 2D Hierarchical Porous Carbon Nanosheets for Flexible Supercapacitors with Ultrahigh Energy Density
snapshot_1,Topic_porous_carbon_2009-2018_Knowledge.txt,49,https://openalex.org/W2022558116,https://doi.org/10.1002/adfm.201303296,2014,Nanoarchitectured Graphene/CNT@Porous Carbon with Extraordinary Electrical Conductivity and Interconnected Micro/Mesopores for Lithium‐Sulfur Batteries
snapshot_1,Topic_porous_carbon_2009-2018_Knowledge.txt,50,https://openalex.org/W2346795724,https://doi.org/10.1002/adma.201600398,2016,Nitrogen‐Doped Porous Carbon Nanosheets Templated from g‐C<sub>3</sub>N<sub>4</sub> as Metal‐Free Electrocatalysts for Efficient Oxygen Reduction Reaction
snapshot_1,Topic_porous_carbon_2009-2018_Knowledge.txt,51,https://openalex.org/W1989998796,https://doi.org/10.1039/c3ta10876g,2013,Functionalization of porous carbons for catalytic applications
snapshot_1,Topic_porous_carbon_2009-2018_Knowledge.txt,52,https://openalex.org/W2771247036,https://doi.org/10.1039/c7ta07579k,2017,A green and scalable route to yield porous carbon sheets from biomass for supercapacitors with high capacity
snapshot_1,Topic_porous_carbon_2009-2018_Knowledge.txt,53,https://openalex.org/W2905933671,https://doi.org/10.1002/anie.201813494,2018,Metal–Organic‐Framework‐Derived Hollow N‐Doped Porous Carbon with Ultrahigh Concentrations of Single Zn Atoms for Efficient Carbon Dioxide Conversion
snapshot_1,Topic_porous_carbon_2009-2018_Knowledge.txt,54,https://openalex.org/W2897308931,https://doi.org/10.1002/aenm.201802386,2018,Facile Fabrication of Nitrogen‐Doped Porous Carbon as Superior Anode Material for Potassium‐Ion Batteries
snapshot_1,Topic_porous_carbon_2009-2018_Knowledge.txt,55,https://openalex.org/W1998941305,https://doi.org/10.1021/am403222u,2013,Adsorption and Desorption of Methylene Blue on Porous Carbon Monoliths and Nanocrystalline Cellulose
snapshot_1,Topic_porous_carbon_2009-2018_Knowledge.txt,56,https://openalex.org/W2329520817,https://doi.org/10.1021/am302077c,2012,Promising Porous Carbon Derived from Celtuce Leaves with Outstanding Supercapacitance and CO<sub>2</sub> Capture Performance
snapshot_1,Topic_porous_carbon_2009-2018_Knowledge.txt,57,https://openalex.org/W2306700834,https://doi.org/10.1002/aenm.201502539,2016,From Hollow Carbon Spheres to N‐Doped Hollow Porous Carbon Bowls: Rational Design of Hollow Carbon Host for Li‐S Batteries
snapshot_1,Topic_porous_carbon_2009-2018_Knowledge.txt,58,https://openalex.org/W2715759922,https://doi.org/10.1016/j.mattod.2017.06.002,2017,Toward a molecular design of porous carbon materials
snapshot_1,Topic_porous_carbon_2009-2018_Knowledge.txt,59,https://openalex.org/W2062505233,https://doi.org/10.1039/c4nr04541f,2014,A honeycomb-like porous carbon derived from pomelo peel for use in high-performance supercapacitors
snapshot_1,Topic_porous_carbon_2009-2018_Knowledge.txt,60,https://openalex.org/W2009413662,https://doi.org/10.1002/adma.201302569,2013,N‐Doped Graphene Natively Grown on Hierarchical Ordered Porous Carbon for Enhanced Oxygen Reduction
snapshot_1,Topic_porous_carbon_2009-2018_Knowledge.txt,61,https://openalex.org/W2096953482,https://doi.org/10.1002/aenm.201301584,2014,A Sandwich‐Like Hierarchically Porous Carbon/Graphene Composite as a High‐Performance Anode Material for Sodium‐Ion Batteries
snapshot_1,Topic_porous_carbon_2009-2018_Knowledge.txt,62,https://openalex.org/W2327228520,https://doi.org/10.1021/nn501284q,2014,Sulfur-Infiltrated Graphene-Based Layered Porous Carbon Cathodes for High-Performance Lithium–Sulfur Batteries
snapshot_1,Topic_porous_carbon_2009-2018_Knowledge.txt,63,https://openalex.org/W2071245550,https://doi.org/10.1039/c1ee01219c,2011,High “C” rate Li-S cathodes: sulfur imbibed bimodal porous carbons
snapshot_1,Topic_porous_carbon_2009-2018_Knowledge.txt,64,https://openalex.org/W2079054933,https://doi.org/10.1021/ja311550t,2013,Preparation and Exceptional Lithium Anodic Performance of Porous Carbon-Coated ZnO Quantum Dots Derived from a Metal–Organic Framework
snapshot_1,Topic_porous_carbon_2009-2018_Knowledge.txt,65,https://openalex.org/W2238210223,https://doi.org/10.1002/adma.201505131,2016,Nitrogen‐Doped Porous Carbon Superstructures Derived from Hierarchical Assembly of Polyimide Nanosheets
snapshot_1,Topic_porous_carbon_2009-2018_Knowledge.txt,66,https://openalex.org/W1943762537,https://doi.org/10.1039/c5gc00523j,2015,Inspired by bread leavening: one-pot synthesis of hierarchically porous carbon for supercapacitors
snapshot_1,Topic_porous_carbon_2009-2018_Knowledge.txt,67,https://openalex.org/W1924373783,https://doi.org/10.1002/cctc.201500081,2015,Biomass‐Derived Porous Carbon Materials: Synthesis and Catalytic Applications
snapshot_1,Topic_porous_carbon_2009-2018_Knowledge.txt,68,https://openalex.org/W1982339938,https://doi.org/10.1021/am5081919,2015,Hierarchically Porous Carbon Nanosheets from Waste Coffee Grounds for Supercapacitors
snapshot_1,Topic_porous_carbon_2009-2018_Knowledge.txt,69,https://openalex.org/W2055787212,https://doi.org/10.1039/c2jm32759g,2012,Sustainable nitrogen-doped porous carbon with high surface areas prepared from gelatin for supercapacitors
snapshot_1,Topic_porous_carbon_2009-2018_Knowledge.txt,70,https://openalex.org/W2135487064,https://doi.org/10.1039/c3ee42918k,2013,Exceptional CO<sub>2</sub>capture in a hierarchically porous carbon with simultaneous high surface area and pore volume
snapshot_1,Topic_porous_carbon_2009-2018_Knowledge.txt,71,https://openalex.org/W2169534642,https://doi.org/10.1002/adma.201401191,2014,Encapsulating MWNTs into Hollow Porous Carbon Nanotubes: A Tube‐in‐Tube Carbon Nanostructure for High‐Performance Lithium‐Sulfur Batteries
snapshot_1,Topic_porous_carbon_2009-2018_Knowledge.txt,72,https://openalex.org/W2781713722,https://doi.org/10.1021/acscatal.7b02165,2018,Facile Ammonia Synthesis from Electrocatalytic N<sub>2</sub> Reduction under Ambient Conditions on N-Doped Porous Carbon
snapshot_1,Topic_porous_carbon_2009-2018_Knowledge.txt,73,https://openalex.org/W2604946387,https://doi.org/10.1002/adfm.201700551,2017,All‐Printed Porous Carbon Film for Electricity Generation from Evaporation‐Driven Water Flow
snapshot_1,Topic_porous_carbon_2009-2018_Knowledge.txt,74,https://openalex.org/W2095159023,https://doi.org/10.1039/c3ta11849e,2013,Phosphorus-doped porous carbons as efficient electrocatalysts for oxygen reduction
snapshot_1,Topic_porous_carbon_2009-2018_Knowledge.txt,75,https://openalex.org/W2018504900,https://doi.org/10.1039/c3cc48112c,2013,From assembled metal–organic framework nanoparticles to hierarchically porous carbon for electrochemical energy storage
snapshot_1,Topic_porous_carbon_2009-2018_Knowledge.txt,76,https://openalex.org/W2223123938,https://doi.org/10.1021/acssuschemeng.5b01425,2016,Enhanced CO<sub>2</sub> Capture Capacity of Nitrogen-Doped Biomass-Derived Porous Carbons
snapshot_1,Topic_porous_carbon_2009-2018_Knowledge.txt,77,https://openalex.org/W2083292503,https://doi.org/10.1021/am500339x,2014,In Situ One-Step Synthesis of Hierarchical Nitrogen-Doped Porous Carbon for High-Performance Supercapacitors
snapshot_1,Topic_porous_carbon_2009-2018_Knowledge.txt,78,https://openalex.org/W1972552024,https://doi.org/10.1039/c0ee00505c,2011,Pig bone derived hierarchical porous carbon and its enhanced cycling performance of lithium–sulfur batteries
snapshot_1,Topic_porous_carbon_2009-2018_Knowledge.txt,79,https://openalex.org/W2891704648,https://doi.org/10.1002/chem.201803153,2018,Porous Carbon Hosts for Lithium–Sulfur Batteries
snapshot_1,Topic_porous_carbon_2009-2018_Knowledge.txt,80,https://openalex.org/W1988456951,https://doi.org/10.1039/c2jm30923h,2012,Nitrogen modification of highly porous carbon for improved supercapacitor performance
snapshot_1,Topic_porous_carbon_2009-2018_Knowledge.txt,81,https://openalex.org/W2884750191,https://doi.org/10.1002/adma.201802310,2018,"One‐Step Construction of N,P‐Codoped Porous Carbon Sheets/CoP Hybrids with Enhanced Lithium and Potassium Storage"
snapshot_1,Topic_porous_carbon_2009-2018_Knowledge.txt,82,https://openalex.org/W1976499791,https://doi.org/10.1021/am401423b,2013,Assessment of the Role of Micropore Size and N-Doping in CO<sub>2</sub> Capture by Porous Carbons
snapshot_1,Topic_porous_carbon_2009-2018_Knowledge.txt,83,https://openalex.org/W1967482867,https://doi.org/10.1007/s12274-010-0023-7,2010,Facile synthesis of porous carbon nitride spheres with hierarchical three-dimensional mesostructures for CO2 capture
snapshot_1,Topic_porous_carbon_2009-2018_Knowledge.txt,84,https://openalex.org/W2275052379,https://doi.org/10.1021/acsnano.5b07054,2016,P-Doped Porous Carbon as Metal Free Catalysts for Selective Aerobic Oxidation with an Unexpected Mechanism
snapshot_1,Topic_porous_carbon_2009-2018_Knowledge.txt,85,https://openalex.org/W2596482822,https://doi.org/10.1021/acsnano.7b00365,2017,Molybdenum Carbide-Embedded Nitrogen-Doped Porous Carbon Nanosheets as Electrocatalysts for Water Splitting in Alkaline Media
snapshot_1,Topic_porous_carbon_2009-2018_Knowledge.txt,86,https://openalex.org/W2106034803,https://doi.org/10.1021/cm5001895,2014,Nitrogen Enriched Porous Carbon Spheres: Attractive Materials for Supercapacitor Electrodes and CO<sub>2</sub> Adsorption
snapshot_1,Topic_porous_carbon_2009-2018_Knowledge.txt,87,https://openalex.org/W2083059975,https://doi.org/10.1021/jp809473e,2009,Synthesis and Electrochemical Performance of Sulfur/Highly Porous Carbon Composites
snapshot_1,Topic_porous_carbon_2009-2018_Knowledge.txt,88,https://openalex.org/W2043376492,https://doi.org/10.1039/c2jm32139d,2012,Fungi-based porous carbons for CO2 adsorption and separation
snapshot_1,Topic_porous_carbon_2009-2018_Knowledge.txt,89,https://openalex.org/W2092892270,https://doi.org/10.1021/ja203857g,2011,Structurally Designed Synthesis of Mechanically Stable Poly(benzoxazine-co-resol)-Based Porous Carbon Monoliths and Their Application as High-Performance CO<sub>2</sub> Capture Sorbents
snapshot_1,Topic_porous_carbon_2009-2018_Knowledge.txt,90,https://openalex.org/W2735943101,https://doi.org/10.1002/aenm.201700530,2017,Advanced Porous Carbon Materials for High‐Efficient Lithium Metal Anodes
snapshot_1,Topic_porous_carbon_2009-2018_Knowledge.txt,91,https://openalex.org/W2324459621,https://doi.org/10.1039/c6nr01863g,2016,A wormhole-like porous carbon/magnetic particles composite as an efficient broadband electromagnetic wave absorber
snapshot_1,Topic_porous_carbon_2009-2018_Knowledge.txt,92,https://openalex.org/W2760904242,https://doi.org/10.1021/acscatal.7b02335,2017,Metal/Porous Carbon Composites for Heterogeneous Catalysis: Old Catalysts with Improved Performance Promoted by N-Doping
snapshot_1,Topic_porous_carbon_2009-2018_Knowledge.txt,93,https://openalex.org/W2606534706,https://doi.org/10.1039/c7gc00506g,2017,Enzymatic hydrolysis lignin derived hierarchical porous carbon for supercapacitors in ionic liquids with high power and energy densities
snapshot_1,Topic_porous_carbon_2009-2018_Knowledge.txt,94,https://openalex.org/W2139655182,https://doi.org/10.1002/aenm.201401761,2014,A Layered‐Nanospace‐Confinement Strategy for the Synthesis of Two‐Dimensional Porous Carbon Nanosheets for High‐Rate Performance Supercapacitors
snapshot_1,Topic_porous_carbon_2009-2018_Knowledge.txt,95,https://openalex.org/W2120003234,https://doi.org/10.1039/c3ta01637d,2013,Facile synthesis of nitrogen-doped porous carbon for supercapacitors
snapshot_1,Topic_porous_carbon_2009-2018_Knowledge.txt,96,https://openalex.org/W2345429874,https://doi.org/10.1002/anie.201602708,2016,Induced Potential in Porous Carbon Films through Water Vapor Absorption
snapshot_1,Topic_porous_carbon_2009-2018_Knowledge.txt,97,https://openalex.org/W2808488707,https://doi.org/10.1016/j.nanoen.2018.06.037,2018,Potassium compound-assistant synthesis of multi-heteroatom doped ultrathin porous carbon nanosheets for high performance supercapacitors
snapshot_1,Topic_porous_carbon_2009-2018_Knowledge.txt,98,https://openalex.org/W2888696131,https://doi.org/10.1039/c8ee01841c,2018,Efficient alkaline hydrogen evolution on atomically dispersed Ni–N<sub>x</sub> Species anchored porous carbon with embedded Ni nanoparticles by accelerating water dissociation kinetics
snapshot_1,Topic_porous_carbon_2009-2018_Knowledge.txt,99,https://openalex.org/W2285050444,https://doi.org/10.1021/acsnano.5b04821,2015,“Egg-Box”-Assisted Fabrication of Porous Carbon with Small Mesopores for High-Rate Electric Double Layer Capacitors
snapshot_1,Topic_porous_carbon_2009-2018_Knowledge.txt,100,https://openalex.org/W2318705370,https://doi.org/10.1021/ef3009234,2012,Coconut-Shell-Based Porous Carbons with a Tunable Micro/Mesopore Ratio for High-Performance Supercapacitors
snapshot_1,Topic_porous_carbon_2009-2018_Knowledge.txt,101,https://openalex.org/W253870322,https://doi.org/10.1016/j.carbon.2015.05.040,2015,Facile synthesis of functionalized porous carbon with three-dimensional interconnected pore structure for high volumetric performance supercapacitors
snapshot_1,Topic_porous_carbon_2009-2018_Knowledge.txt,102,https://openalex.org/W1996893881,https://doi.org/10.1002/adfm.201402768,2014,ZnO Hard Templating for Synthesis of Hierarchical Porous Carbons with Tailored Porosity and High Performance in Lithium‐Sulfur Battery
snapshot_1,Topic_porous_carbon_2009-2018_Knowledge.txt,103,https://openalex.org/W2116373644,https://doi.org/10.1039/c5ta04721h,2015,Facile self-templating large scale preparation of biomass-derived 3D hierarchical porous carbon for advanced supercapacitors
snapshot_1,Topic_porous_carbon_2009-2018_Knowledge.txt,104,https://openalex.org/W2121354233,https://doi.org/10.1039/c3ta11114h,2013,Advanced porous carbon electrodes for electrochemical capacitors
snapshot_1,Topic_porous_carbon_2009-2018_Knowledge.txt,105,https://openalex.org/W2162829714,https://doi.org/10.1039/c4ee02281e,2014,A metal–organic framework route to in situ encapsulation of Co@Co<sub>3</sub>O<sub>4</sub>@C core@bishell nanoparticles into a highly ordered porous carbon matrix for oxygen reduction
snapshot_1,Topic_porous_carbon_2009-2018_Knowledge.txt,106,https://openalex.org/W2087009623,https://doi.org/10.1088/0957-4484/20/15/155705,2009,Fabrication of porous carbon nanofibers and their application as anode materials for rechargeable lithium-ion batteries
snapshot_1,Topic_porous_carbon_2009-2018_Knowledge.txt,107,https://openalex.org/W4235941586,https://doi.org/10.1002/ange.201702473,2017,Isolated Single Iron Atoms Anchored on N‐Doped Porous Carbon as an Efficient Electrocatalyst for the Oxygen Reduction Reaction
snapshot_1,Topic_porous_carbon_2009-2018_Knowledge.txt,108,https://openalex.org/W2164513761,https://doi.org/10.1002/aenm.201100654,2012,Template‐Directed Synthesis of Pillared‐Porous Carbon Nanosheet Architectures: High‐Performance Electrode Materials for Supercapacitors
snapshot_1,Topic_porous_carbon_2009-2018_Knowledge.txt,109,https://openalex.org/W2042731428,https://doi.org/10.1039/c4ta00475b,2014,ZIF-derived porous carbon: a promising supercapacitor electrode material
snapshot_1,Topic_porous_carbon_2009-2018_Knowledge.txt,110,https://openalex.org/W2164475159,https://doi.org/10.1039/c5nr00013k,2015,Biomass-derived nitrogen self-doped porous carbon as effective metal-free catalysts for oxygen reduction reaction
snapshot_1,Topic_porous_carbon_2009-2018_Knowledge.txt,111,https://openalex.org/W2057933992,https://doi.org/10.1039/c3ta14445c,2013,Development of MnO<sub>2</sub>/porous carbon microspheres with a partially graphitic structure for high performance supercapacitor electrodes
snapshot_1,Topic_porous_carbon_2009-2018_Knowledge.txt,112,https://openalex.org/W2750064323,https://doi.org/10.1021/acsami.7b07746,2017,Popcorn-Derived Porous Carbon Flakes with an Ultrahigh Specific Surface Area for Superior Performance Supercapacitors
snapshot_1,Topic_porous_carbon_2009-2018_Knowledge.txt,113,https://openalex.org/W2196989200,https://doi.org/10.1021/acsami.5b06107,2015,Highly Flexible Freestanding Porous Carbon Nanofibers for Electrodes Materials of High-Performance All-Carbon Supercapacitors
snapshot_1,Topic_porous_carbon_2009-2018_Knowledge.txt,114,https://openalex.org/W2525700210,https://doi.org/10.1039/c6sc03356c,2016,A one-dimensional porous carbon-supported Ni/Mo<sub>2</sub>C dual catalyst for efficient water splitting
snapshot_1,Topic_porous_carbon_2009-2018_Knowledge.txt,115,https://openalex.org/W2791671788,https://doi.org/10.1002/adma.201706895,2018,Superhierarchical Cobalt‐Embedded Nitrogen‐Doped Porous Carbon Nanosheets as Two‐in‐One Hosts for High‐Performance Lithium–Sulfur Batteries
snapshot_1,Topic_porous_carbon_2009-2018_Knowledge.txt,116,https://openalex.org/W2329389425,https://doi.org/10.1021/am506815f,2014,Oxygen-Rich Hierarchical Porous Carbon Derived from Artemia Cyst Shells with Superior Electrochemical Performance
snapshot_1,Topic_porous_carbon_2009-2018_Knowledge.txt,117,https://openalex.org/W2296411049,https://doi.org/10.1039/c6ta01821a,2016,"N, O-codoped hierarchical porous carbons derived from algae for high-capacity supercapacitors and battery anodes"
snapshot_1,Topic_porous_carbon_2009-2018_Knowledge.txt,118,https://openalex.org/W2155676979,https://doi.org/10.1039/c2sm07448f,2012,Recent progress in soft-templating of porous carbon materials
snapshot_1,Topic_porous_carbon_2009-2018_Knowledge.txt,119,https://openalex.org/W1964729006,https://doi.org/10.1039/c2cc36234a,2012,Ionothermal synthesis of sulfur-doped porous carbons hybridized with graphene as superior anode materials for lithium-ion batteries
snapshot_1,Topic_porous_carbon_2009-2018_Knowledge.txt,120,https://openalex.org/W2783868804,https://doi.org/10.1002/adfm.201706391,2018,Confining Sulfur in Integrated Composite Scaffold with Highly Porous Carbon Fibers/Vanadium Nitride Arrays for High‐Performance Lithium–Sulfur Batteries
snapshot_1,Topic_porous_carbon_2009-2018_Knowledge.txt,121,https://openalex.org/W2087771000,https://doi.org/10.1002/adfm.201200403,2012,"Graphene Oxide Gel‐Derived, Free‐Standing, Hierarchically Porous Carbon for High‐Capacity and High‐Rate Rechargeable Li‐O<sub>2</sub> Batteries"
snapshot_1,Topic_porous_carbon_2009-2018_Knowledge.txt,122,https://openalex.org/W1975138940,https://doi.org/10.1021/cm901542w,2009,Pt Nanoparticles Supported on Nitrogen-Doped Porous Carbon Nanospheres as an Electrocatalyst for Fuel Cells
snapshot_1,Topic_porous_carbon_2009-2018_Knowledge.txt,123,https://openalex.org/W2878693950,https://doi.org/10.1002/aenm.201801257,2018,Recent Development of Zeolitic Imidazolate Frameworks (ZIFs) Derived Porous Carbon Based Materials as Electrocatalysts
snapshot_1,Topic_porous_carbon_2009-2018_Knowledge.txt,124,https://openalex.org/W2312421087,https://doi.org/10.1021/nl501383g,2014,Hierarchical Porous Carbon by Ultrasonic Spray Pyrolysis Yields Stable Cycling in Lithium–Sulfur Battery
snapshot_1,Topic_porous_carbon_2009-2018_Knowledge.txt,125,https://openalex.org/W2290690253,https://doi.org/10.1021/acsami.6b01748,2016,Nitrogen- and Sulfur-Codoped Hierarchically Porous Carbon for Adsorptive and Oxidative Removal of Pharmaceutical Contaminants
snapshot_1,Topic_porous_carbon_2009-2018_Knowledge.txt,126,https://openalex.org/W2503509001,https://doi.org/10.1021/acsami.6b04189,2016,"Cu,N-codoped Hierarchical Porous Carbons as Electrocatalysts for Oxygen Reduction Reaction"
snapshot_1,Topic_porous_carbon_2009-2018_Knowledge.txt,127,https://openalex.org/W2789661203,https://doi.org/10.1002/adma.201705789,2018,Ultrathin Hierarchical Porous Carbon Nanosheets for High‐Performance Supercapacitors and Redox Electrolyte Energy Storage
snapshot_1,Topic_porous_carbon_2009-2018_Knowledge.txt,128,https://openalex.org/W2326496751,https://doi.org/10.1021/am500576p,2014,Preparation and Characterization of Magnetic Porous Carbon Microspheres for Removal of Methylene Blue by a Heterogeneous Fenton Reaction
snapshot_1,Topic_porous_carbon_2009-2018_Knowledge.txt,129,https://openalex.org/W2142374638,https://doi.org/10.1039/b911528e,2009,Naturally inspired nitrogen doped porous carbon
snapshot_1,Topic_porous_carbon_2009-2018_Knowledge.txt,130,https://openalex.org/W2143816299,https://doi.org/10.1039/c0ce00295j,2011,Improved visible-light photocatalytic activity of porous carbon self-doped ZnO nanosheet-assembled flowers
snapshot_1,Topic_porous_carbon_2009-2018_Knowledge.txt,131,https://openalex.org/W2772251759,https://doi.org/10.1002/anie.201710150,2017,Nanosized Metal Phosphides Embedded in Nitrogen‐Doped Porous Carbon Nanofibers for Enhanced Hydrogen Evolution at All pH Values
snapshot_1,Topic_porous_carbon_2009-2018_Knowledge.txt,132,https://openalex.org/W2104339367,https://doi.org/10.1002/cssc.201403486,2015,3 D Hierarchical Porous Carbon for Supercapacitors Prepared from Lignin through a Facile Template‐Free Method
snapshot_1,Topic_porous_carbon_2009-2018_Knowledge.txt,133,https://openalex.org/W2049541689,https://doi.org/10.1021/ja9015765,2009,"Storage of Hydrogen, Methane, and Carbon Dioxide in Highly Porous Covalent Organic Frameworks for Clean Energy Applications"
snapshot_1,Topic_porous_carbon_2009-2018_Knowledge.txt,134,https://openalex.org/W2038330416,https://doi.org/10.1002/adma.201305040,2014,Graphene Coupled Schiff‐base Porous Polymers: Towards Nitrogen‐enriched Porous Carbon Nanosheets with Ultrahigh Electrochemical Capacity
snapshot_1,Topic_porous_carbon_2009-2018_Knowledge.txt,135,https://openalex.org/W2287332534,https://doi.org/10.1021/acsami.5b11558,2016,Biomass-Swelling Assisted Synthesis of Hierarchical Porous Carbon Fibers for Supercapacitor Electrodes
snapshot_1,Topic_porous_carbon_2009-2018_Knowledge.txt,136,https://openalex.org/W2025856268,https://doi.org/10.1021/cm503845q,2014,Oriented and Interlinked Porous Carbon Nanosheets with an Extraordinary Capacitive Performance
snapshot_1,Topic_porous_carbon_2009-2018_Knowledge.txt,137,https://openalex.org/W2322304577,https://doi.org/10.1021/am403175q,2013,"Hollow, Spherical Nitrogen-Rich Porous Carbon Shells Obtained from a Porous Organic Framework for the Supercapacitor"
snapshot_1,Topic_porous_carbon_2009-2018_Knowledge.txt,138,https://openalex.org/W2736230196,https://doi.org/10.1002/adma.201702268,2017,Ultra‐High Pyridinic N‐Doped Porous Carbon Monolith Enabling High‐Capacity K‐Ion Battery Anodes for Both Half‐Cell and Full‐Cell Applications
snapshot_1,Topic_porous_carbon_2009-2018_Knowledge.txt,139,https://openalex.org/W2077505384,https://doi.org/10.1002/aenm.201400500,2014,Interconnected Frameworks with a Sandwiched Porous Carbon Layer/Graphene Hybrids for Supercapacitors with High Gravimetric and Volumetric Performances
snapshot_1,Topic_porous_carbon_2009-2018_Knowledge.txt,140,https://openalex.org/W2069349107,https://doi.org/10.1039/c2jm33798c,2012,"MOF derived porous carbon–Fe3O4 nanocomposite as a high performance, recyclable environmental superadsorbent"
snapshot_1,Topic_porous_carbon_2009-2018_Knowledge.txt,141,https://openalex.org/W2791823481,https://doi.org/10.1002/adfm.201707592,2018,Metal–Organic Frameworks (MOFs)‐Derived Nitrogen‐Doped Porous Carbon Anchored on Graphene with Multifunctional Effects for Lithium–Sulfur Batteries
snapshot_1,Topic_porous_carbon_2009-2018_Knowledge.txt,142,https://openalex.org/W1806807028,https://doi.org/10.1039/c5ra12406a,2015,Preparing high surface area porous carbon from biomass by carbonization in a molten salt medium
snapshot_1,Topic_porous_carbon_2009-2018_Knowledge.txt,143,https://openalex.org/W2012849618,https://doi.org/10.1039/c5ta00867k,2015,Graphitized hierarchical porous carbon nanospheres: simultaneous activation/graphitization and superior supercapacitance performance
snapshot_1,Topic_porous_carbon_2009-2018_Knowledge.txt,144,https://openalex.org/W2892959475,https://doi.org/10.1021/acssuschemeng.8b04227,2018,Asphaltene-Based Porous Carbon Nanosheet as Electrode for Supercapacitor
snapshot_1,Topic_porous_carbon_2009-2018_Knowledge.txt,145,https://openalex.org/W1761667483,https://doi.org/10.1039/c5cc03999a,2015,Metal–organic framework-derived porous carbon polyhedra for highly efficient capacitive deionization
snapshot_1,Topic_porous_carbon_2009-2018_Knowledge.txt,146,https://openalex.org/W2899951300,https://doi.org/10.1039/c8nr07560c,2018,Tailoring porous carbon spheres for supercapacitors
snapshot_1,Topic_porous_carbon_2009-2018_Knowledge.txt,147,https://openalex.org/W2325896284,https://doi.org/10.1021/jp5009626,2014,Anthraquinone on Porous Carbon Nanotubes with Improved Supercapacitor Performance
snapshot_1,Topic_porous_carbon_2009-2018_Knowledge.txt,148,https://openalex.org/W2511586762,https://doi.org/10.1021/jacs.6b06736,2016,Catalytically Active Bimetallic Nanoparticles Supported on Porous Carbon Capsules Derived From Metal–Organic Framework Composites
snapshot_1,Topic_porous_carbon_2009-2018_Knowledge.txt,149,https://openalex.org/W2778748326,https://doi.org/10.1021/acsenergylett.7b01188,2017,Synergetic Contribution of Boron and Fe–N<sub><i>x</i></sub> Species in Porous Carbons toward Efficient Electrocatalysts for Oxygen Reduction Reaction
snapshot_1,Topic_porous_carbon_2009-2018_Knowledge.txt,150,https://openalex.org/W2037170881,https://doi.org/10.1039/c2cc33439a,2012,Porous carbon materials with a controllable surface area synthesized from metal–organic frameworks
snapshot_1,Topic_porous_carbon_2009-2018_Knowledge.txt,151,https://openalex.org/W2152060892,https://doi.org/10.1039/c0jm02044c,2010,Fast ion transport and high capacitance of polystyrene-based hierarchical porous carbon electrode material for supercapacitors
snapshot_1,Topic_porous_carbon_2009-2018_Knowledge.txt,152,https://openalex.org/W2106565671,https://doi.org/10.1002/smll.201403579,2015,Facile Synthesis of Ultrasmall CoS<sub>2</sub>Nanoparticles within Thin N-Doped Porous Carbon Shell for High Performance Lithium-Ion Batteries
snapshot_1,Topic_porous_carbon_2009-2018_Knowledge.txt,153,https://openalex.org/W2318556979,https://doi.org/10.1021/acscatal.5b00117,2015,Embedding Pt Nanocrystals in N-Doped Porous Carbon/Carbon Nanotubes toward Highly Stable Electrocatalysts for the Oxygen Reduction Reaction
snapshot_1,Topic_porous_carbon_2009-2018_Knowledge.txt,154,https://openalex.org/W2489983328,https://doi.org/10.1002/aenm.201601111,2016,A Novel Sustainable Flour Derived Hierarchical Nitrogen‐Doped Porous Carbon/Polyaniline Electrode for Advanced Asymmetric Supercapacitors
snapshot_1,Topic_porous_carbon_2009-2018_Knowledge.txt,155,https://openalex.org/W2040139952,https://doi.org/10.1039/c3ee41906a,2013,Porous carbon nanosheets with precisely tunable thickness and selective CO2 adsorption properties
snapshot_1,Topic_porous_carbon_2009-2018_Knowledge.txt,156,https://openalex.org/W2736931244,https://doi.org/10.1016/j.mattod.2017.04.026,2017,Design and preparation of porous carbons from conjugated polymer precursors
snapshot_1,Topic_porous_carbon_2009-2018_Knowledge.txt,157,https://openalex.org/W2086682020,https://doi.org/10.1002/aenm.201401377,2014,A Flexible Porous Carbon Nanofibers‐Selenium Cathode with Superior Electrochemical Performance for Both Li‐Se and Na‐Se Batteries
snapshot_1,Topic_porous_carbon_2009-2018_Knowledge.txt,158,https://openalex.org/W2411309461,https://doi.org/10.1021/acsami.5b06698,2015,Oxygen- and Nitrogen-Enriched 3D Porous Carbon for Supercapacitors of High Volumetric Capacity
snapshot_1,Topic_porous_carbon_2009-2018_Knowledge.txt,159,https://openalex.org/W2099828387,https://doi.org/10.1002/chem.201202127,2012,Encapsulating Sulfur into Hierarchically Ordered Porous Carbon as a High‐Performance Cathode for Lithium–Sulfur Batteries
snapshot_1,Topic_porous_carbon_2009-2018_Knowledge.txt,160,https://openalex.org/W2792682530,https://doi.org/10.1002/aenm.201702695,2018,"High Volumetric Capacitance, Ultralong Life Supercapacitors Enabled by Waxberry‐Derived Hierarchical Porous Carbon Materials"
snapshot_1,Topic_porous_carbon_2009-2018_Knowledge.txt,161,https://openalex.org/W2884009915,https://doi.org/10.1021/acssuschemeng.8b01798,2018,Nitrogen-Doped Hierarchical Porous Carbon from Wheat Straw for Supercapacitors
snapshot_1,Topic_porous_carbon_2009-2018_Knowledge.txt,162,https://openalex.org/W2070842180,https://doi.org/10.1021/nl500548a,2014,Carbon-Coated Na<sub>3</sub>V<sub>2</sub>(PO<sub>4</sub>)<sub>3</sub> Embedded in Porous Carbon Matrix: An Ultrafast Na-Storage Cathode with the Potential of Outperforming Li Cathodes
snapshot_1,Topic_porous_carbon_2009-2018_Knowledge.txt,163,https://openalex.org/W2737395945,https://doi.org/10.1039/c7gc01434a,2017,Facile and sustainable synthesis of sodium lignosulfonate derived hierarchical porous carbons for supercapacitors with high volumetric energy densities
snapshot_1,Topic_porous_carbon_2009-2018_Knowledge.txt,164,https://openalex.org/W2322934746,https://doi.org/10.1021/ja406120e,2013,Ion Dynamics in Porous Carbon Electrodes in Supercapacitors Using in Situ Infrared Spectroelectrochemistry
snapshot_1,Topic_porous_carbon_2009-2018_Knowledge.txt,165,https://openalex.org/W2124376199,https://doi.org/10.1002/smll.201202071,2013,Electrospun Silicon Nanoparticle/Porous Carbon Hybrid Nanofibers for Lithium‐Ion Batteries
snapshot_1,Topic_porous_carbon_2009-2018_Knowledge.txt,166,https://openalex.org/W2800553673,https://doi.org/10.1002/asia.201800553,2018,Recent Advances in Porous Carbon Materials for Electrochemical Energy Storage
snapshot_1,Topic_porous_carbon_2009-2018_Knowledge.txt,167,https://openalex.org/W2551662038,https://doi.org/10.1021/acsami.6b11162,2016,Soybean Root-Derived Hierarchical Porous Carbon as Electrode Material for High-Performance Supercapacitors in Ionic Liquids
snapshot_1,Topic_porous_carbon_2009-2018_Knowledge.txt,168,https://openalex.org/W1991412867,https://doi.org/10.1039/c4ta02075h,2014,Lithium–tellurium batteries based on tellurium/porous carbon composite
snapshot_1,Topic_porous_carbon_2009-2018_Knowledge.txt,169,https://openalex.org/W2899038269,https://doi.org/10.1021/acs.nanolett.8b03845,2018,"Bacterial-Derived, Compressible, and Hierarchical Porous Carbon for High-Performance Potassium-Ion Batteries"
snapshot_1,Topic_porous_carbon_2009-2018_Knowledge.txt,170,https://openalex.org/W2101013211,https://doi.org/10.1039/c3ta12683h,2013,Three-dimensional graphene-based hierarchically porous carbon composites prepared by a dual-template strategy for capacitive deionization
snapshot_1,Topic_porous_carbon_2009-2018_Knowledge.txt,171,https://openalex.org/W2464406117,https://doi.org/10.1039/c6cc05244d,2016,Cobalt nanoparticle-embedded carbon nanotube/porous carbon hybrid derived from MOF-encapsulated Co<sub>3</sub>O<sub>4</sub> for oxygen electrocatalysis
snapshot_1,Topic_porous_carbon_2009-2018_Knowledge.txt,172,https://openalex.org/W2801234988,https://doi.org/10.1021/acsami.8b01541,2018,Confined Molybdenum Phosphide in P-Doped Porous Carbon as Efficient Electrocatalysts for Hydrogen Evolution
snapshot_1,Topic_porous_carbon_2009-2018_Knowledge.txt,173,https://openalex.org/W2037429215,https://doi.org/10.1039/c3ta00004d,2013,Sulfur embedded in metal organic framework-derived hierarchically porous carbon nanoplates for high performance lithium–sulfur battery
snapshot_1,Topic_porous_carbon_2009-2018_Knowledge.txt,174,https://openalex.org/W1999125000,https://doi.org/10.1039/c5ta01360g,2015,Porous carbon sphere anodes for enhanced lithium-ion storage
snapshot_1,Topic_porous_carbon_2009-2018_Knowledge.txt,175,https://openalex.org/W2560290323,https://doi.org/10.1021/acs.energyfuels.6b01829,2016,Biomass-Derived Activated Porous Carbon from Rice Straw for a High-Energy Symmetric Supercapacitor in Aqueous and Non-aqueous Electrolytes
snapshot_1,Topic_porous_carbon_2009-2018_Knowledge.txt,176,https://openalex.org/W2605234346,https://doi.org/10.1021/acsami.7b03368,2017,Flexible and Binder-Free Hierarchical Porous Carbon Film for Supercapacitor Electrodes Derived from MOFs/CNT
snapshot_1,Topic_porous_carbon_2009-2018_Knowledge.txt,177,https://openalex.org/W2377773960,https://doi.org/10.1021/acs.chemmater.5b02336,2015,Functional Groups and Pore Size Distribution Do Matter to Hierarchically Porous Carbons as High-Rate-Performance Supercapacitors
snapshot_1,Topic_porous_carbon_2009-2018_Knowledge.txt,178,https://openalex.org/W2274989890,https://doi.org/10.1002/adma.201506111,2016,Rational Design of Si/SiO<sub>2</sub>@Hierarchical Porous Carbon Spheres as Efficient Polysulfide Reservoirs for High‐Performance Li–S Battery
snapshot_1,Topic_porous_carbon_2009-2018_Knowledge.txt,179,https://openalex.org/W2039806886,https://doi.org/10.1038/srep05130,2014,Heteroatoms ternary-doped porous carbons derived from MOFs as metal-free electrocatalysts for oxygen reduction reaction
snapshot_1,Topic_porous_carbon_2009-2018_Knowledge.txt,180,https://openalex.org/W2771473781,https://doi.org/10.1002/aenm.201702381,2017,3D Porous Carbon Sheets with Multidirectional Ion Pathways for Fast and Durable Lithium–Sulfur Batteries
snapshot_1,Topic_porous_carbon_2009-2018_Knowledge.txt,181,https://openalex.org/W2314325192,https://doi.org/10.1039/c6cy00544f,2016,Nitrogen-doped porous carbon materials: promising catalysts or catalyst supports for heterogeneous hydrogenation and oxidation
snapshot_1,Topic_porous_carbon_2009-2018_Knowledge.txt,182,https://openalex.org/W2020335937,https://doi.org/10.1039/c3ta13149a,2013,A general and facile synthesis strategy towards highly porous carbons: carbonization of organic salts
snapshot_1,Topic_porous_carbon_2009-2018_Knowledge.txt,183,https://openalex.org/W2556327414,https://doi.org/10.1002/adma.201603115,2016,Stretchable Porous Carbon Nanotube‐Elastomer Hybrid Nanocomposite for Harvesting Mechanical Energy
snapshot_1,Topic_porous_carbon_2009-2018_Knowledge.txt,184,https://openalex.org/W2332834924,https://doi.org/10.1021/cm504435m,2015,Exceptional Gas Adsorption Properties by Nitrogen-Doped Porous Carbons Derived from Benzimidazole-Linked Polymers
snapshot_1,Topic_porous_carbon_2009-2018_Knowledge.txt,185,https://openalex.org/W2385684188,https://doi.org/10.1021/acs.chemmater.6b01261,2016,Hierarchically Porous Carbon Monoliths Comprising Ordered Mesoporous Nanorod Assemblies for High-Voltage Aqueous Supercapacitors
snapshot_1,Topic_porous_carbon_2009-2018_Knowledge.txt,186,https://openalex.org/W2109887648,https://doi.org/10.1039/c5nr07429k,2015,"Cobalt sulfide/N,S codoped porous carbon core–shell nanocomposites as superior bifunctional electrocatalysts for oxygen reduction and evolution reactions"
snapshot_1,Topic_porous_carbon_2009-2018_Knowledge.txt,187,https://openalex.org/W2749273463,https://doi.org/10.1039/c7ta04264g,2017,High rate and long cycle life porous carbon nanofiber paper anodes for potassium-ion batteries
snapshot_1,Topic_porous_carbon_2009-2018_Knowledge.txt,188,https://openalex.org/W2903279628,https://doi.org/10.1021/acscatal.8b03444,2018,Fast Dehydrogenation of Formic Acid over Palladium Nanoparticles Immobilized in Nitrogen-Doped Hierarchically Porous Carbon
snapshot_1,Topic_porous_carbon_2009-2018_Knowledge.txt,189,https://openalex.org/W2887737197,https://doi.org/10.1021/acssuschemeng.8b02089,2018,Carbonized Design of Hierarchical Porous Carbon/Fe<sub>3</sub>O<sub>4</sub>@Fe Derived from Loofah Sponge to Achieve Tunable High-Performance Microwave Absorption
snapshot_1,Topic_porous_carbon_2009-2018_Knowledge.txt,190,https://openalex.org/W2047543492,https://doi.org/10.1021/cm2020077,2011,Ordered Carbohydrate-Derived Porous Carbons
snapshot_1,Topic_porous_carbon_2009-2018_Knowledge.txt,191,https://openalex.org/W2329311582,https://doi.org/10.1021/am400020n,2013,Enhanced Electrochemical Performance of ZnO-Loaded/Porous Carbon Composite as Anode Materials for Lithium Ion Batteries
snapshot_1,Topic_porous_carbon_2009-2018_Knowledge.txt,192,https://openalex.org/W2800356477,https://doi.org/10.1021/acsnano.8b01502,2018,Assembly of Hollow Carbon Nanospheres on Graphene Nanosheets and Creation of Iron–Nitrogen-Doped Porous Carbon for Oxygen Reduction
snapshot_1,Topic_porous_carbon_2009-2018_Knowledge.txt,193,https://openalex.org/W2619270461,https://doi.org/10.1039/c7ta02113e,2017,Biomass based nitrogen-doped structure-tunable versatile porous carbon materials
snapshot_1,Topic_porous_carbon_2009-2018_Knowledge.txt,194,https://openalex.org/W2793513800,https://doi.org/10.1002/aenm.201702481,2018,Thermal–Electric Nanogenerator Based on the Electrokinetic Effect in Porous Carbon Film
snapshot_1,Topic_porous_carbon_2009-2018_Knowledge.txt,195,https://openalex.org/W2329955902,https://doi.org/10.1021/acssuschemeng.5b00153,2015,Role of Hydrochar Properties on the Porosity of Hydrochar-based Porous Carbon for Their Sustainable Application
snapshot_1,Topic_porous_carbon_2009-2018_Knowledge.txt,196,https://openalex.org/W2468834684,https://doi.org/10.1007/s12274-016-1173-z,2016,Hierarchically porous carbon foams for electric double layer capacitors
snapshot_1,Topic_porous_carbon_2009-2018_Knowledge.txt,197,https://openalex.org/W2150215104,https://doi.org/10.1039/c2jm31910a,2012,Hierarchical porous carbon nanosheets and their favorable high-rate performance in lithium ion batteries
snapshot_1,Topic_porous_carbon_2009-2018_Knowledge.txt,198,https://openalex.org/W2017724468,https://doi.org/10.1039/c4ta06614f,2015,Nitrogen-rich porous carbon derived from biomass as a high performance anode material for lithium ion batteries
snapshot_1,Topic_porous_carbon_2009-2018_Knowledge.txt,199,https://openalex.org/W2315715737,https://doi.org/10.1021/am504564q,2014,Nitrogen-Enriched Hierarchically Porous Carbons Prepared from Polybenzoxazine for High-Performance Supercapacitors
snapshot_1,Topic_porous_carbon_2009-2018_Knowledge.txt,200,https://openalex.org/W2790245974,https://doi.org/10.1002/anie.201712221,2018,MoP Nanoparticles Supported on Indium‐Doped Porous Carbon: Outstanding Catalysts for Highly Efficient CO<sub>2</sub> Electroreduction
snapshot_1,Topic_porous_carbon_2009-2018_Knowledge.txt,201,https://openalex.org/W2200354978,https://doi.org/10.1021/acssuschemeng.5b00926,2015,Promising Nitrogen-Rich Porous Carbons Derived from One-Step Calcium Chloride Activation of Biomass-Based Waste for High Performance Supercapacitors
snapshot_1,Topic_porous_carbon_2009-2018_Knowledge.txt,202,https://openalex.org/W2085637982,https://doi.org/10.1039/c5nr00528k,2015,MOF-derived ultrafine MnO nanocrystals embedded in a porous carbon matrix as high-performance anodes for lithium-ion batteries
snapshot_1,Topic_porous_carbon_2009-2018_Knowledge.txt,203,https://openalex.org/W2902409265,https://doi.org/10.1002/adma.201805134,2018,Fungi‐Enabled Synthesis of Ultrahigh‐Surface‐Area Porous Carbon
snapshot_1,Topic_porous_carbon_2009-2018_Knowledge.txt,204,https://openalex.org/W2016259612,https://doi.org/10.1038/srep01935,2013,Facile preparation of hierarchically porous carbons from metal-organic gels and their application in energy storage
snapshot_1,Topic_porous_carbon_2009-2018_Knowledge.txt,205,https://openalex.org/W1998344256,https://doi.org/10.1002/adma.201500727,2015,Heterometal‐Embedded Organic Conjugate Frameworks from Alternating Monomeric Iron and Cobalt Metalloporphyrins and Their Application in Design of Porous Carbon Catalysts
snapshot_1,Topic_porous_carbon_2009-2018_Knowledge.txt,206,https://openalex.org/W2761594627,https://doi.org/10.1002/anie.201708843,2017,Electrostatic‐Assisted Liquefaction of Porous Carbons
snapshot_1,Topic_porous_carbon_2009-2018_Knowledge.txt,207,https://openalex.org/W2271277358,https://doi.org/10.1021/acs.chemmater.5b02708,2015,Structural Evolution from Metal–Organic Framework to Hybrids of Nitrogen-Doped Porous Carbon and Carbon Nanotubes for Enhanced Oxygen Reduction Activity
snapshot_1,Topic_porous_carbon_2009-2018_Knowledge.txt,208,https://openalex.org/W2159177858,https://doi.org/10.1039/c0jm00382d,2010,A fish scale based hierarchical lamellar porous carbon material obtained using a natural template for high performance electrochemical capacitors
snapshot_1,Topic_porous_carbon_2009-2018_Knowledge.txt,209,https://openalex.org/W2051792419,https://doi.org/10.1039/c3ta13616g,2013,Nanostructured silicon/porous carbon spherical composite as a high capacity anode for Li-ion batteries
snapshot_1,Topic_porous_carbon_2009-2018_Knowledge.txt,210,https://openalex.org/W2100254981,https://doi.org/10.1039/c3nr05022j,2013,Free-standing and binder-free sodium-ion electrodes with ultralong cycle life and high rate performance based on porous carbon nanofibers
snapshot_1,Topic_porous_carbon_2009-2018_Knowledge.txt,211,https://openalex.org/W2164920930,https://doi.org/10.1002/anie.201409439,2014,"Unusual Ultra‐Hydrophilic, Porous Carbon Cuboids for Atmospheric‐Water Capture"
snapshot_1,Topic_porous_carbon_2009-2018_Knowledge.txt,212,https://openalex.org/W2884163446,https://doi.org/10.1039/c8ta04080j,2018,Surface modification of biomass-derived hard carbon by grafting porous carbon nanosheets for high-performance supercapacitors
snapshot_1,Topic_porous_carbon_2009-2018_Knowledge.txt,213,https://openalex.org/W2049475487,https://doi.org/10.1039/c4ta06022a,2014,N-doped porous carbon capsules with tunable porosity for high-performance supercapacitors
snapshot_1,Topic_porous_carbon_2009-2018_Knowledge.txt,214,https://openalex.org/W2761903167,https://doi.org/10.1002/smll.201702616,2017,Polyhedral‐Like NiMn‐Layered Double Hydroxide/Porous Carbon as Electrode for Enhanced Electrochemical Performance Supercapacitors
snapshot_1,Topic_porous_carbon_2009-2018_Knowledge.txt,215,https://openalex.org/W2271792463,https://doi.org/10.1039/c6ta00015k,2016,Flexible solid-state supercapacitors based on freestanding nitrogen-doped porous carbon nanofibers derived from electrospun polyacrylonitrile@polyaniline nanofibers
snapshot_1,Topic_porous_carbon_2009-2018_Knowledge.txt,216,https://openalex.org/W2609581779,https://doi.org/10.1002/adma.201606534,2017,“Wiring” Fe‐N<sub><i>x</i></sub>‐Embedded Porous Carbon Framework onto 1D Nanotubes for Efficient Oxygen Reduction Reaction in Alkaline and Acidic Media
snapshot_1,Topic_porous_carbon_2009-2018_Knowledge.txt,217,https://openalex.org/W1993599413,https://doi.org/10.1002/adfm.201300464,2013,Large‐Area Flexible Core–Shell Graphene/Porous Carbon Woven Fabric Films for Fiber Supercapacitor Electrodes
snapshot_1,Topic_porous_carbon_2009-2018_Knowledge.txt,218,https://openalex.org/W2086442694,https://doi.org/10.1039/c3ta14281g,2013,Large scale production of biomass-derived N-doped porous carbon spheres for oxygen reduction and supercapacitors
snapshot_1,Topic_porous_carbon_2009-2018_Knowledge.txt,219,https://openalex.org/W2102428754,https://doi.org/10.1039/c4ta02167c,2014,KOH self-templating synthesis of three-dimensional hierarchical porous carbon materials for high performance supercapacitors
snapshot_1,Topic_porous_carbon_2009-2018_Knowledge.txt,220,https://openalex.org/W1611238005,https://doi.org/10.1002/smll.201500859,2015,Condiment‐Derived 3D Architecture Porous Carbon for Electrochemical Supercapacitors
snapshot_1,Topic_porous_carbon_2009-2018_Knowledge.txt,221,https://openalex.org/W2593241364,https://doi.org/10.1021/acscatal.7b00053,2017,Tandem Nitrogen Functionalization of Porous Carbon: Toward Immobilizing Highly Active Palladium Nanoclusters for Dehydrogenation of Formic Acid
snapshot_1,Topic_porous_carbon_2009-2018_Knowledge.txt,222,https://openalex.org/W2330947555,https://doi.org/10.1039/c6ta01314g,2016,Self-templating synthesis of nitrogen-decorated hierarchical porous carbon from shrimp shell for supercapacitors
snapshot_1,Topic_porous_carbon_2009-2018_Knowledge.txt,223,https://openalex.org/W2020962073,https://doi.org/10.1039/c4ra14820g,2015,Sulfur-doped porous carbon nanosheets as an advanced electrode material for supercapacitors
snapshot_1,Topic_porous_carbon_2009-2018_Knowledge.txt,224,https://openalex.org/W2609677455,https://doi.org/10.1002/smll.201604290,2017,Biomass Derived N-Doped Porous Carbon Supported Single Fe Atoms as Superior Electrocatalysts for Oxygen Reduction
snapshot_1,Topic_porous_carbon_2009-2018_Knowledge.txt,225,https://openalex.org/W2746158405,https://doi.org/10.1021/jacs.7b04783,2017,On-Surface Synthesis of Porous Carbon Nanoribbons from Polymer Chains
snapshot_1,Topic_porous_carbon_2009-2018_Knowledge.txt,226,https://openalex.org/W1964032148,https://doi.org/10.1039/c2jm35138b,2012,Three-dimensional hierarchical porous carbon with a bimodal pore arrangement for capacitive deionization
snapshot_1,Topic_porous_carbon_2009-2018_Knowledge.txt,227,https://openalex.org/W2401714117,https://doi.org/10.1039/c6ta02673g,2016,Molten salt synthesis of nitrogen doped porous carbon: a new preparation methodology for high-volumetric capacitance electrode materials
snapshot_1,Topic_porous_carbon_2009-2018_Knowledge.txt,228,https://openalex.org/W2904784458,https://doi.org/10.1039/c8cc09256g,2018,Electrochemical nitrogen reduction to ammonia at ambient conditions on nitrogen and phosphorus co-doped porous carbon
snapshot_1,Topic_porous_carbon_2009-2018_Knowledge.txt,229,https://openalex.org/W2765128298,https://doi.org/10.1039/c7tc03784h,2017,Metal organic framework-derived CoZn alloy/N-doped porous carbon nanocomposites: tunable surface area and electromagnetic wave absorption properties
snapshot_1,Topic_porous_carbon_2009-2018_Knowledge.txt,230,https://openalex.org/W1953114679,https://doi.org/10.1002/cctc.201500368,2015,Porous Carbon Supports: Recent Advances with Various Morphologies and Compositions
snapshot_1,Topic_porous_carbon_2009-2018_Knowledge.txt,231,https://openalex.org/W2903658309,https://doi.org/10.1039/c8en01231h,2018,Enhanced heterogeneous activation of peroxymonosulfate by Co and N codoped porous carbon for degradation of organic pollutants: the synergism between Co and N
snapshot_1,Topic_porous_carbon_2009-2018_Knowledge.txt,232,https://openalex.org/W2091183167,https://doi.org/10.1039/c5cc01588j,2015,Conversion of a metal–organic framework to N-doped porous carbon incorporating Co and CoO nanoparticles: direct oxidation of alcohols to esters
snapshot_1,Topic_porous_carbon_2009-2018_Knowledge.txt,233,https://openalex.org/W2467878261,https://doi.org/10.1021/acsami.6b04548,2016,Highly Porous Carbon Derived from MOF-5 as a Support of ORR Electrocatalysts for Fuel Cells
snapshot_1,Topic_porous_carbon_2009-2018_Knowledge.txt,234,https://openalex.org/W2736591784,https://doi.org/10.1039/c7ta05646j,2017,Revitalizing carbon supercapacitor electrodes with hierarchical porous structures
snapshot_1,Topic_porous_carbon_2009-2018_Knowledge.txt,235,https://openalex.org/W1979853986,https://doi.org/10.1039/c4ta01387e,2014,High surface area porous carbons produced by steam activation of graphene aerogels
snapshot_1,Topic_porous_carbon_2009-2018_Knowledge.txt,236,https://openalex.org/W2735391544,https://doi.org/10.1021/acs.est.7b01629,2017,Starch Derived Porous Carbon Nanosheets for High-Performance Photovoltaic Capacitive Deionization
snapshot_1,Topic_porous_carbon_2009-2018_Knowledge.txt,237,https://openalex.org/W2771722787,https://doi.org/10.1039/c7nr06805k,2017,3D interconnected porous carbon nanosheets/carbon nanotubes as a polysulfide reservoir for high performance lithium–sulfur batteries
snapshot_1,Topic_porous_carbon_2009-2018_Knowledge.txt,238,https://openalex.org/W2565410192,https://doi.org/10.1002/adma.201603414,2016,Incorporating Pyrrolic and Pyridinic Nitrogen into a Porous Carbon made from C<sub>60</sub> Molecules to Obtain Superior Energy Storage
snapshot_1,Topic_porous_carbon_2009-2018_Knowledge.txt,239,https://openalex.org/W2509117568,https://doi.org/10.1038/am.2016.132,2016,In situ anchoring of Co9S8 nanoparticles on N and S co-doped porous carbon tube as bifunctional oxygen electrocatalysts
snapshot_1,Topic_porous_carbon_2009-2018_Knowledge.txt,240,https://openalex.org/W2601639600,https://doi.org/10.1002/anie.201700686,2017,Strings of Porous Carbon Polyhedrons as Self‐Standing Cathode Host for High‐Energy‐Density Lithium–Sulfur Batteries
snapshot_1,Topic_porous_carbon_2009-2018_Knowledge.txt,241,https://openalex.org/W2166620274,https://doi.org/10.1002/smll.201401922,2014,High‐Performance Asymmetric Supercapacitors Based on Multilayer MnO<sub>2</sub>/Graphene Oxide Nanoflakes and Hierarchical Porous Carbon with Enhanced Cycling Stability
snapshot_1,Topic_porous_carbon_2009-2018_Knowledge.txt,242,https://openalex.org/W2617310227,https://doi.org/10.1002/adma.201700707,2017,2D Porous Carbons prepared from Layered Organic–Inorganic Hybrids and their Use as Oxygen‐Reduction Electrocatalysts
snapshot_1,Topic_porous_carbon_2009-2018_Knowledge.txt,243,https://openalex.org/W2753997524,https://doi.org/10.1002/aenm.201701642,2017,Surface‐Modified Porous Carbon Nitride Composites as Highly Efficient Electrocatalyst for Zn‐Air Batteries
snapshot_1,Topic_porous_carbon_2009-2018_Knowledge.txt,244,https://openalex.org/W2163187674,https://doi.org/10.1002/chem.201304561,2014,Nitrogen and Phosphorus Dual‐Doped Hierarchical Porous Carbon Foams as Efficient Metal‐Free Electrocatalysts for Oxygen Reduction Reactions
snapshot_1,Topic_porous_carbon_2009-2018_Knowledge.txt,245,https://openalex.org/W2802905478,https://doi.org/10.1021/acssuschemeng.7b04459,2018,Starch-Derived Hierarchical Porous Carbon with Controlled Porosity for High Performance Supercapacitors
snapshot_1,Topic_porous_carbon_2009-2018_Knowledge.txt,246,https://openalex.org/W2800796099,https://doi.org/10.1039/c8ta02416b,2018,Ternary doped porous carbon nanofibers with excellent ORR and OER performance for zinc–air batteries
snapshot_1,Topic_porous_carbon_2009-2018_Knowledge.txt,247,https://openalex.org/W2078887966,https://doi.org/10.1039/c4nr05341a,2014,Porous carbon nitride nanosheets for enhanced photocatalytic activities
snapshot_1,Topic_porous_carbon_2009-2018_Knowledge.txt,248,https://openalex.org/W2328384932,https://doi.org/10.1021/am506176e,2014,Influence of Porous Texture and Surface Chemistry on the CO<sub>2</sub> Adsorption Capacity of Porous Carbons: Acidic and Basic Site Interactions
snapshot_1,Topic_porous_carbon_2009-2018_Knowledge.txt,249,https://openalex.org/W2460420847,https://doi.org/10.1039/c6ta02570f,2016,Construction of nitrogen-doped porous carbon buildings using interconnected ultra-small carbon nanosheets for ultra-high rate supercapacitors
snapshot_1,Topic_porous_carbon_2009-2018_Knowledge.txt,250,https://openalex.org/W2130007934,https://doi.org/10.1039/c3ee40549d,2013,A facile approach for the synthesis of monolithic hierarchical porous carbons – high performance materials for amine based CO2 capture and supercapacitor electrode
snapshot_1,Topic_porous_carbon_2009-2018_Knowledge.txt,251,https://openalex.org/W2332031999,https://doi.org/10.1021/jp410385s,2014,Functionalized N-Doped Porous Carbon Nanofiber Webs for a Lithium–Sulfur Battery with High Capacity and Rate Performance
snapshot_1,Topic_porous_carbon_2009-2018_Knowledge.txt,252,https://openalex.org/W2474539519,https://doi.org/10.1002/adfm.201602158,2016,Sulfur‐Enriched Conjugated Polymer Nanosheet Derived Sulfur and Nitrogen co‐Doped Porous Carbon Nanosheets as Electrocatalysts for Oxygen Reduction Reaction and Zinc–Air Battery
snapshot_1,Topic_porous_carbon_2009-2018_Knowledge.txt,253,https://openalex.org/W2168175046,https://doi.org/10.1002/anie.201101891,2011,Development and Evaluation of Porous Materials for Carbon Dioxide Separation and Capture
snapshot_1,Topic_porous_carbon_2009-2018_Knowledge.txt,254,https://openalex.org/W2335650612,https://doi.org/10.1021/jp502387x,2014,Ring Current Effects: Factors Affecting the NMR Chemical Shift of Molecules Adsorbed on Porous Carbons
snapshot_1,Topic_porous_carbon_2009-2018_Knowledge.txt,255,https://openalex.org/W2792610991,https://doi.org/10.1002/smll.201703950,2018,Green Synthesis of Hierarchically Porous Carbon Nanotubes as Advanced Materials for High‐Efficient Energy Storage
snapshot_1,Topic_porous_carbon_2009-2018_Knowledge.txt,256,https://openalex.org/W2497066672,https://doi.org/10.1021/acsami.6b02223,2016,Porous Carbon-Supported Gold Nanoparticles for Oxygen Reduction Reaction: Effects of Nanoparticle Size
snapshot_1,Topic_porous_carbon_2009-2018_Knowledge.txt,257,https://openalex.org/W2770298983,https://doi.org/10.1002/anie.201711669,2017,A General Synthesis of Porous Carbon Nitride Films with Tunable Surface Area and Photophysical Properties
snapshot_1,Topic_porous_carbon_2009-2018_Knowledge.txt,258,https://openalex.org/W2136090831,https://doi.org/10.1002/anie.201003163,2010,Ionic Liquids as Versatile Precursors for Functionalized Porous Carbon and Carbon–Oxide Composite Materials by Confined Carbonization
snapshot_1,Topic_porous_carbon_2009-2018_Knowledge.txt,259,https://openalex.org/W2596515488,https://doi.org/10.1021/acs.energyfuels.7b00633,2017,Efficient CO<sub>2</sub> Capture by Porous Carbons Derived from Coconut Shell
snapshot_1,Topic_porous_carbon_2009-2018_Knowledge.txt,260,https://openalex.org/W2792555838,https://doi.org/10.1002/celc.201800086,2018,Recent Advances on Non‐precious Metal Porous Carbon‐based Electrocatalysts for Oxygen Reduction Reaction
snapshot_1,Topic_porous_carbon_2009-2018_Knowledge.txt,261,https://openalex.org/W2346448047,https://doi.org/10.1002/aenm.201600134,2016,Design Principles for Optimum Performance of Porous Carbons in Lithium–Sulfur Batteries
snapshot_1,Topic_porous_carbon_2009-2018_Knowledge.txt,262,https://openalex.org/W2151397163,https://doi.org/10.1002/cssc.201400049,2014,Seaweed‐Derived Heteroatom‐Doped Highly Porous Carbon as an Electrocatalyst for the Oxygen Reduction Reaction
snapshot_1,Topic_porous_carbon_2009-2018_Knowledge.txt,263,https://openalex.org/W2540359139,https://doi.org/10.1002/adfm.201603937,2016,Heteroatom (N or N‐S)‐Doping Induced Layered and Honeycomb Microstructures of Porous Carbons for CO<sub>2</sub> Capture and Energy Applications
snapshot_1,Topic_porous_carbon_2009-2018_Knowledge.txt,264,https://openalex.org/W2066004007,https://doi.org/10.1039/c4cc09065a,2015,MOFs-derived copper sulfides embedded within porous carbon octahedra for electrochemical capacitor applications
snapshot_1,Topic_porous_carbon_2009-2018_Knowledge.txt,265,https://openalex.org/W2803833412,https://doi.org/10.1002/aenm.201800569,2018,2D Zn‐Hexamine Coordination Frameworks and Their Derived N‐Rich Porous Carbon Nanosheets for Ultrafast Sodium Storage
snapshot_1,Topic_porous_carbon_2009-2018_Knowledge.txt,266,https://openalex.org/W2726839737,https://doi.org/10.1021/acsami.7b05798,2017,Confining Sulfur in N-Doped Porous Carbon Microspheres Derived from Microalgaes for Advanced Lithium–Sulfur Batteries
snapshot_1,Topic_porous_carbon_2009-2018_Knowledge.txt,267,https://openalex.org/W2319629253,https://doi.org/10.1021/am406053s,2014,Nitrogen-Doped Porous Carbon/Co<sub>3</sub>O<sub>4</sub> Nanocomposites as Anode Materials for Lithium-Ion Batteries
snapshot_1,Topic_porous_carbon_2009-2018_Knowledge.txt,268,https://openalex.org/W1934577814,https://doi.org/10.1002/smll.201502297,2015,Strongly Coupled 3D Hybrids of N‐doped Porous Carbon Nanosheet/CoNi Alloy‐Encapsulated Carbon Nanotubes for Enhanced Electrocatalysis
snapshot_1,Topic_porous_carbon_2009-2018_Knowledge.txt,269,https://openalex.org/W2401589442,https://doi.org/10.1021/acsami.6b02774,2016,Interconnected Hierarchical Porous Carbon from Lignin-Derived Byproducts of Bioethanol Production for Ultra-High Performance Supercapacitors
snapshot_1,Topic_porous_carbon_2009-2018_Knowledge.txt,270,https://openalex.org/W2747417516,https://doi.org/10.1021/acsami.7b10138,2017,Cobalt Nanoparticles Encapsulated in Porous Carbons Derived from Core–Shell ZIF67@ZIF8 as Efficient Electrocatalysts for Oxygen Evolution Reaction
snapshot_1,Topic_porous_carbon_2009-2018_Knowledge.txt,271,https://openalex.org/W2886249127,https://doi.org/10.1002/cssc.201801583,2018,"Structure, Activity, and Faradaic Efficiency of Nitrogen‐Doped Porous Carbon Catalysts for Direct Electrochemical Hydrogen Peroxide Production"
snapshot_1,Topic_porous_carbon_2009-2018_Knowledge.txt,272,https://openalex.org/W2331986941,https://doi.org/10.1021/cs501010x,2014,Thiolate-Mediated Selectivity Control in Aerobic Alcohol Oxidation by Porous Carbon-Supported Au<sub>25</sub> Clusters
snapshot_1,Topic_porous_carbon_2009-2018_Knowledge.txt,273,https://openalex.org/W2443206006,https://doi.org/10.1039/c6ta02420c,2016,Nitrogen-doped porous carbon derived from a bimetallic metal–organic framework as highly efficient electrodes for flow-through deionization capacitors
snapshot_1,Topic_porous_carbon_2009-2018_Knowledge.txt,274,https://openalex.org/W2738858711,https://doi.org/10.1039/c7gc01681f,2017,Highly porous graphitic biomass carbon as advanced electrode materials for supercapacitors
snapshot_1,Topic_porous_carbon_2009-2018_Knowledge.txt,275,https://openalex.org/W2791783747,https://doi.org/10.1039/c8nr01244j,2018,Porous-carbon-based Mo<sub>2</sub>C nanocomposites as excellent microwave absorber: a new exploration
snapshot_1,Topic_porous_carbon_2009-2018_Knowledge.txt,276,https://openalex.org/W2073453272,https://doi.org/10.1021/cg401122u,2013,Porous Carbons from Nonporous MOFs: Influence of Ligand Characteristics on Intrinsic Properties of End Carbon
snapshot_1,Topic_porous_carbon_2009-2018_Knowledge.txt,277,https://openalex.org/W2133719430,https://doi.org/10.1002/anie.201100637,2011,Porous Hollow Carbon@Sulfur Composites for High‐Power Lithium–Sulfur Batteries
snapshot_1,Topic_porous_carbon_2009-2018_Knowledge.txt,278,https://openalex.org/W2473563782,https://doi.org/10.1021/acsami.5b04132,2015,Honeycomb-like Porous Carbon–Cobalt Oxide Nanocomposite for High-Performance Enzymeless Glucose Sensor and Supercapacitor Applications
snapshot_1,Topic_porous_carbon_2009-2018_Knowledge.txt,279,https://openalex.org/W2395768475,https://doi.org/10.1039/c6cc03149h,2016,A MOF-derived Co–CoO@N-doped porous carbon for efficient tandem catalysis: dehydrogenation of ammonia borane and hydrogenation of nitro compounds
snapshot_1,Topic_porous_carbon_2009-2018_Knowledge.txt,280,https://openalex.org/W2058930892,https://doi.org/10.1039/c2jm33091a,2012,Novel porous carbon materials with ultrahigh nitrogen contents for selective CO2 capture
snapshot_1,Topic_porous_carbon_2009-2018_Knowledge.txt,281,https://openalex.org/W2318394663,https://doi.org/10.1021/am508858x,2014,Asphalt-Derived High Surface Area Activated Porous Carbons for Carbon Dioxide Capture
snapshot_1,Topic_porous_carbon_2009-2018_Knowledge.txt,282,https://openalex.org/W2767930063,https://doi.org/10.1039/c7ta08046h,2017,Ultrahigh-surface-area hierarchical porous carbon from chitosan: acetic acid mediated efficient synthesis and its application in superior supercapacitors
snapshot_1,Topic_porous_carbon_2009-2018_Knowledge.txt,283,https://openalex.org/W2499711050,https://doi.org/10.1002/adfm.201601897,2016,High Sulfur Loading in Hierarchical Porous Carbon Rods Constructed by Vertically Oriented Porous Graphene‐Like Nanosheets for Li‐S Batteries
snapshot_1,Topic_porous_carbon_2009-2018_Knowledge.txt,284,https://openalex.org/W2613842777,https://doi.org/10.1021/acsami.7b02490,2017,Fine Co Nanoparticles Encapsulated in a N-Doped Porous Carbon Matrix with Superficial N-Doped Porous Carbon Nanofibers for Efficient Oxygen Reduction
snapshot_1,Topic_porous_carbon_2009-2018_Knowledge.txt,285,https://openalex.org/W2801587473,https://doi.org/10.1002/smll.201800423,2018,ZIF‐8/ZIF‐67‐Derived Co‐N<i><sub>x</sub></i>‐Embedded 1D Porous Carbon Nanofibers with Graphitic Carbon‐Encased Co Nanoparticles as an Efficient Bifunctional Electrocatalyst
snapshot_1,Topic_porous_carbon_2009-2018_Knowledge.txt,286,https://openalex.org/W2322493368,https://doi.org/10.1021/nl401833p,2013,Synthesis of Porous Carbon Supported Palladium Nanoparticle Catalysts by Atomic Layer Deposition: Application for Rechargeable Lithium–O<sub>2</sub> Battery
snapshot_1,Topic_porous_carbon_2009-2018_Knowledge.txt,287,https://openalex.org/W2764084612,https://doi.org/10.1039/c7ta07010a,2017,"Enabling high-volumetric-energy-density supercapacitors: designing open, low-tortuosity heteroatom-doped porous carbon-tube bundle electrodes"
snapshot_1,Topic_porous_carbon_2009-2018_Knowledge.txt,288,https://openalex.org/W2050267852,https://doi.org/10.1039/c2ee23621d,2012,In situ fabrication of porous-carbon-supported α-MnO2 nanorods at room temperature: application for rechargeable Li–O2 batteries
snapshot_1,Topic_porous_carbon_2009-2018_Knowledge.txt,289,https://openalex.org/W2087523422,https://doi.org/10.1002/aic.14525,2014,MOF‐derived porous carbon for adsorptive desulfurization
snapshot_1,Topic_porous_carbon_2009-2018_Knowledge.txt,290,https://openalex.org/W1967433683,https://doi.org/10.1002/cssc.201100618,2012,Three‐Dimensional Hierarchically Ordered Porous Carbons with Partially Graphitic Nanostructures for Electrochemical Capacitive Energy Storage
snapshot_1,Topic_porous_carbon_2009-2018_Knowledge.txt,291,https://openalex.org/W2591209749,https://doi.org/10.1039/c7ta00339k,2017,Bimetallic metal–organic framework derived porous carbon nanostructures for high performance membrane capacitive desalination
snapshot_1,Topic_porous_carbon_2009-2018_Knowledge.txt,292,https://openalex.org/W2024095550,https://doi.org/10.1039/c3ra44305a,2014,Fabrication of porous carbon spheres for high-performance electrochemical capacitors
snapshot_1,Topic_porous_carbon_2009-2018_Knowledge.txt,293,https://openalex.org/W1415307873,https://doi.org/10.1021/jacs.5b04500,2015,Self-Assembly of Metal Phenolic Mesocrystals and Morphosynthetic Transformation toward Hierarchically Porous Carbons
snapshot_1,Topic_porous_carbon_2009-2018_Knowledge.txt,294,https://openalex.org/W2742966892,https://doi.org/10.1039/c7ta04406b,2017,Highly porous carbon nanofibers co-doped with fluorine and nitrogen for outstanding supercapacitor performance
snapshot_1,Topic_porous_carbon_2009-2018_Knowledge.txt,295,https://openalex.org/W2229247939,https://doi.org/10.1063/1.4939265,2016,Piezoresistive behavior of porous carbon nanotube-thermoplastic polyurethane conductive nanocomposites with ultrahigh compressibility
snapshot_1,Topic_porous_carbon_2009-2018_Knowledge.txt,296,https://openalex.org/W2593472765,https://doi.org/10.1021/acsami.7b00859,2017,Nitrogen-Doped Porous Carbons from Ionic Liquids@MOF: Remarkable Adsorbents for Both Aqueous and Nonaqueous Media
snapshot_1,Topic_porous_carbon_2009-2018_Knowledge.txt,297,https://openalex.org/W2331526851,https://doi.org/10.1002/aenm.201502518,2016,3D Vertically Aligned and Interconnected Porous Carbon Nanosheets as Sulfur Immobilizers for High Performance Lithium‐Sulfur Batteries
snapshot_1,Topic_porous_carbon_2009-2018_Knowledge.txt,298,https://openalex.org/W2603510367,https://doi.org/10.1039/c7ta00162b,2017,Cation exchanged MOF-derived nitrogen-doped porous carbons for CO<sub>2</sub>capture and supercapacitor electrode materials
snapshot_1,Topic_porous_carbon_2009-2018_Knowledge.txt,299,https://openalex.org/W2607550961,https://doi.org/10.1002/aenm.201700220,2017,Ultrafine Metal Nanoparticles/N‐Doped Porous Carbon Hybrids Coated on Carbon Fibers as Flexible and Binder‐Free Water Splitting Catalysts
snapshot_1,Topic_porous_carbon_2009-2018_Knowledge.txt,300,https://openalex.org/W2770003657,https://doi.org/10.1039/c7ta08171e,2017,Direct synthesis of 3D hierarchically porous carbon/Sn composites <i>via in situ</i> generated NaCl crystals as templates for potassium-ion batteries anode
snapshot_1,Topic_porous_carbon_2009-2018_Knowledge.txt,301,https://openalex.org/W1649758964,https://doi.org/10.1002/adfm.201501390,2015,Metal‐Phosphide‐Containing Porous Carbons Derived from an Ionic‐Polymer Framework and Applied as Highly Efficient Electrochemical Catalysts for Water Splitting
snapshot_1,Topic_porous_carbon_2009-2018_Knowledge.txt,302,https://openalex.org/W2125163649,https://doi.org/10.1002/celc.201402022,2014,A Hybrid Supercapacitor based on Porous Carbon and the Metal‐Organic Framework MIL‐100(Fe)
snapshot_1,Topic_porous_carbon_2009-2018_Knowledge.txt,303,https://openalex.org/W2167744038,https://doi.org/10.1039/c3tb20215a,2013,"Simultaneous electrochemical detection of ascorbic acid, dopamine and uric acid based on nitrogen doped porous carbon nanopolyhedra"
snapshot_1,Topic_porous_carbon_2009-2018_Knowledge.txt,304,https://openalex.org/W2741309591,https://doi.org/10.1021/acs.chemmater.7b02218,2017,One-Pot Synthesis of Biomass-Based Hierarchical Porous Carbons with a Large Porosity Development
snapshot_1,Topic_porous_carbon_2009-2018_Knowledge.txt,305,https://openalex.org/W2102789935,https://doi.org/10.1039/c4ra15111a,2015,Hierarchical porous carbon based on the self-templating structure of rice husk for high-performance supercapacitors
snapshot_1,Topic_porous_carbon_2009-2018_Knowledge.txt,306,https://openalex.org/W2080134524,https://doi.org/10.1002/smll.201401286,2014,Core–Shell Structure of Hierarchical Quasi‐Hollow MoS<sub>2</sub> Microspheres Encapsulated Porous Carbon as Stable Anode for Li‐Ion Batteries
snapshot_1,Topic_porous_carbon_2009-2018_Knowledge.txt,307,https://openalex.org/W2061857716,https://doi.org/10.1039/c2ee23127a,2012,Ionic liquid C<sub>16</sub>mimBF<sub>4</sub>assisted synthesis of poly(benzoxazine-co-resol)-based hierarchically porous carbons with superior performance in supercapacitors
snapshot_1,Topic_porous_carbon_2009-2018_Knowledge.txt,308,https://openalex.org/W2288907960,https://doi.org/10.1002/celc.201500516,2016,Engineering the Morphology of Carbon Materials: 2D Porous Carbon Nanosheets for High‐Performance Supercapacitors
snapshot_1,Topic_porous_carbon_2009-2018_Knowledge.txt,309,https://openalex.org/W2088518295,https://doi.org/10.1002/adfm.201002094,2011,Carbide‐Derived Carbons – From Porous Networks to Nanotubes and Graphene
snapshot_1,Topic_porous_carbon_2009-2018_Knowledge.txt,310,https://openalex.org/W2086147304,https://doi.org/10.1039/c1jm13450g,2011,Bottom-up in situ formation of Fe3O4 nanocrystals in a porous carbon foam for lithium-ion battery anodes
snapshot_1,Topic_porous_carbon_2009-2018_Knowledge.txt,311,https://openalex.org/W2004457045,https://doi.org/10.1039/c4ta00570h,2014,High-performance all solid-state micro-supercapacitor based on patterned photoresist-derived porous carbon electrodes and an ionogel electrolyte
snapshot_1,Topic_porous_carbon_2009-2018_Knowledge.txt,312,https://openalex.org/W2313293941,https://doi.org/10.1021/jp506999k,2014,Effect of Pore Morphology on the Dielectric Properties of Porous Carbons for Microwave Absorption Applications
snapshot_1,Topic_porous_carbon_2009-2018_Knowledge.txt,313,https://openalex.org/W2314513281,https://doi.org/10.1021/ie4038104,2014,Efficient and Durable Visible Light Photocatalytic Performance of Porous Carbon Nitride Nanosheets for Air Purification
snapshot_1,Topic_porous_carbon_2009-2018_Knowledge.txt,314,https://openalex.org/W2038717756,https://doi.org/10.1039/c5nr00081e,2015,"Boric acid-mediated B,N-codoped chitosan-derived porous carbons with a high surface area and greatly improved supercapacitor performance"
snapshot_1,Topic_porous_carbon_2009-2018_Knowledge.txt,315,https://openalex.org/W2009471357,https://doi.org/10.1021/am503069j,2014,Novel Hierarchically Porous Carbon Materials Obtained from Natural Biopolymer as Host Matrixes for Lithium–Sulfur Battery Applications
snapshot_1,Topic_porous_carbon_2009-2018_Knowledge.txt,316,https://openalex.org/W2894843548,https://doi.org/10.1021/acssuschemeng.8b03763,2018,Rational Synthesis of Highly Porous Carbon from Waste Bagasse for Advanced Supercapacitor Application
snapshot_1,Topic_porous_carbon_2009-2018_Knowledge.txt,317,https://openalex.org/W2100443332,https://doi.org/10.1002/chem.201200957,2012,Control of Porosity by Using Isoreticular Zeolitic Imidazolate Frameworks (IRZIFs) as a Template for Porous Carbon Synthesis
snapshot_1,Topic_porous_carbon_2009-2018_Knowledge.txt,318,https://openalex.org/W2789668490,https://doi.org/10.1021/acs.iecr.7b04533,2018,Synthesis of Triazine-Based Porous Organic Polymers Derived N-Enriched Porous Carbons for CO<sub>2</sub> Capture
snapshot_1,Topic_porous_carbon_2009-2018_Knowledge.txt,319,https://openalex.org/W2026458613,https://doi.org/10.1039/c4ta04010d,2014,Metal organic framework derived magnetic porous carbon composite supported gold and palladium nanoparticles as highly efficient and recyclable catalysts for reduction of 4-nitrophenol and hydrodechlorination of 4-chlorophenol
snapshot_1,Topic_porous_carbon_2009-2018_Knowledge.txt,320,https://openalex.org/W2512245512,https://doi.org/10.1039/c6ta07047g,2016,"Facile synthesis of nitrogen-doped, hierarchical porous carbons with a high surface area: the activation effect of a nano-ZnO template"
snapshot_1,Topic_porous_carbon_2009-2018_Knowledge.txt,321,https://openalex.org/W1970572145,https://doi.org/10.1021/jp901968v,2009,Porous Carbon Nanofibers Derived from Conducting Polymer: Synthesis and Application in Lithium-Ion Batteries with High-Rate Capability
snapshot_1,Topic_porous_carbon_2009-2018_Knowledge.txt,322,https://openalex.org/W2089132742,https://doi.org/10.1021/am4038728,2013,Hierarchically Porous Carbon Encapsulating Sulfur as a Superior Cathode Material for High Performance Lithium–Sulfur Batteries
snapshot_1,Topic_porous_carbon_2009-2018_Knowledge.txt,323,https://openalex.org/W2479443548,https://doi.org/10.1021/acs.langmuir.6b01953,2016,Popcorn-Derived Porous Carbon for Energy Storage and CO<sub>2</sub>Capture
snapshot_1,Topic_porous_carbon_2009-2018_Knowledge.txt,324,https://openalex.org/W2797427506,https://doi.org/10.1002/er.4058,2018,Lignin-derived heteroatom-doped porous carbons for supercapacitor and CO<sub>2</sub> capture applications
snapshot_1,Topic_porous_carbon_2009-2018_Knowledge.txt,325,https://openalex.org/W2291310265,https://doi.org/10.1021/acs.est.5b03147,2015,Efficient Mineralization of Perfluorooctanoate by Electro-Fenton with H<sub>2</sub>O<sub>2</sub> Electro-generated on Hierarchically Porous Carbon
snapshot_1,Topic_porous_carbon_2009-2018_Knowledge.txt,326,https://openalex.org/W2176188785,https://doi.org/10.1039/c5gc02397a,2015,Cotton derived porous carbon via an MgO template method for high performance lithium ion battery anodes
snapshot_1,Topic_porous_carbon_2009-2018_Knowledge.txt,327,https://openalex.org/W2796010600,https://doi.org/10.1039/c8ta01078a,2018,Nitrogen-doped porous carbon: highly efficient trifunctional electrocatalyst for oxygen reversible catalysis and nitrogen reduction reaction
snapshot_1,Topic_porous_carbon_2009-2018_Knowledge.txt,328,https://openalex.org/W2807953938,https://doi.org/10.1002/anie.201805924,2018,A 3D Organically Synthesized Porous Carbon Material for Lithium‐Ion Batteries
snapshot_1,Topic_porous_carbon_2009-2018_Knowledge.txt,329,https://openalex.org/W2323969498,https://doi.org/10.1021/am503716k,2014,Enhancing the Li Storage Capacity and Initial Coulombic Efficiency for Porous Carbons by Sulfur Doping
snapshot_1,Topic_porous_carbon_2009-2018_Knowledge.txt,330,https://openalex.org/W2093214835,https://doi.org/10.1021/nn506394r,2015,Hierarchical Porous Nitrogen-Doped Carbon Nanosheets Derived from Silk for Ultrahigh-Capacity Battery Anodes and Supercapacitors
snapshot_1,Topic_porous_carbon_2009-2018_Knowledge.txt,331,https://openalex.org/W2793785098,https://doi.org/10.1021/acssuschemeng.7b04922,2018,"N,P,S-Codoped Hierarchically Porous Carbon Spheres with Well-Balanced Gravimetric/Volumetric Capacitance for Supercapacitors"
snapshot_1,Topic_porous_carbon_2009-2018_Knowledge.txt,332,https://openalex.org/W2076641613,https://doi.org/10.1002/asia.201300147,2013,Functional Zeolitic‐Imidazolate‐Framework‐Templated Porous Carbon Materials for CO<sub>2</sub> Capture and Enhanced Capacitors
snapshot_1,Topic_porous_carbon_2009-2018_Knowledge.txt,333,https://openalex.org/W2781743800,https://doi.org/10.1021/acsami.7b16859,2018,Multifunctional Sensor Based on Porous Carbon Derived from Metal–Organic Frameworks for Real Time Health Monitoring
snapshot_1,Topic_porous_carbon_2009-2018_Knowledge.txt,334,https://openalex.org/W2412888087,https://doi.org/10.1021/acsami.6b02952,2016,Direct Laser Writing of Porous-Carbon/Silver Nanocomposite for Flexible Electronics
snapshot_1,Topic_porous_carbon_2009-2018_Knowledge.txt,335,https://openalex.org/W2321998262,https://doi.org/10.1021/am508864c,2015,Hierarchical Porous Carbon Materials with High Capacitance Derived from Schiff-Base Networks
snapshot_1,Topic_porous_carbon_2009-2018_Knowledge.txt,336,https://openalex.org/W2048407205,https://doi.org/10.1021/ja5082553,2014,Metal–Organic Framework Derived Hybrid Co<sub>3</sub>O<sub>4</sub>-Carbon Porous Nanowire Arrays as Reversible Oxygen Evolution Electrodes
snapshot_1,Topic_porous_carbon_2009-2018_Knowledge.txt,337,https://openalex.org/W2027882371,https://doi.org/10.1021/la1019873,2010,Ordered Multimodal Porous Carbon as Highly Efficient Counter Electrodes in Dye-Sensitized and Quantum-Dot Solar Cells
snapshot_1,Topic_porous_carbon_2009-2018_Knowledge.txt,338,https://openalex.org/W2805473452,https://doi.org/10.1039/c8ta02341g,2018,A general strategy to synthesize high-level N-doped porous carbons <i>via</i> Schiff-base chemistry for supercapacitors
snapshot_1,Topic_porous_carbon_2009-2018_Knowledge.txt,339,https://openalex.org/W4240695373,https://doi.org/10.1002/ange.201502396,2015,High‐Yield Electrosynthesis of Hydrogen Peroxide from Oxygen Reduction by Hierarchically Porous Carbon
snapshot_1,Topic_porous_carbon_2009-2018_Knowledge.txt,340,https://openalex.org/W2789442486,https://doi.org/10.1039/c8ta00557e,2018,Design of pomegranate-like clusters with NiS<sub>2</sub> nanoparticles anchored on nitrogen-doped porous carbon for improved sodium ion storage performance
snapshot_1,Topic_porous_carbon_2009-2018_Knowledge.txt,341,https://openalex.org/W2517187684,https://doi.org/10.1039/c6ta06337c,2016,Multi-heteroatom self-doped porous carbon derived from swim bladders for large capacitance supercapacitors
snapshot_1,Topic_porous_carbon_2009-2018_Knowledge.txt,342,https://openalex.org/W2790171749,https://doi.org/10.3390/nano8040181,2018,Converting Corncob to Activated Porous Carbon for Supercapacitor Application
snapshot_1,Topic_porous_carbon_2009-2018_Knowledge.txt,343,https://openalex.org/W2769564377,https://doi.org/10.1039/c7ta09055b,2017,Biowaste-derived 3D honeycomb-like porous carbon with binary-heteroatom doping for high-performance flexible solid-state supercapacitors
snapshot_1,Topic_porous_carbon_2009-2018_Knowledge.txt,344,https://openalex.org/W2145630766,https://doi.org/10.1002/celc.201500090,2015,Flexible Fiber Supercapacitor Using Biowaste‐Derived Porous Carbon
snapshot_1,Topic_porous_carbon_2009-2018_Knowledge.txt,345,https://openalex.org/W2138492785,https://doi.org/10.1039/c2jm30448a,2012,Sponge-like porous carbon/tin composite anode materials for lithium ion batteries
snapshot_1,Topic_porous_carbon_2009-2018_Knowledge.txt,346,https://openalex.org/W1956682015,https://doi.org/10.1039/c5ra05688h,2015,A hierarchical porous carbon material from a loofah sponge network for high performance supercapacitors
snapshot_1,Topic_porous_carbon_2009-2018_Knowledge.txt,347,https://openalex.org/W2802813307,https://doi.org/10.1039/c8ta02385a,2018,From a ZIF-8 polyhedron to three-dimensional nitrogen doped hierarchical porous carbon: an efficient electrocatalyst for the oxygen reduction reaction
snapshot_1,Topic_porous_carbon_2009-2018_Knowledge.txt,348,https://openalex.org/W1882009634,https://doi.org/10.1039/c5ta01036e,2015,Enhancement of capacitive deionization capacity of hierarchical porous carbon
snapshot_1,Topic_porous_carbon_2009-2018_Knowledge.txt,349,https://openalex.org/W2160262076,https://doi.org/10.1039/b917960g,2009,Template-free fabrication of hierarchical porous carbon by constructing carbonyl crosslinking bridges between polystyrene chains
snapshot_1,Topic_porous_carbon_2009-2018_Knowledge.txt,350,https://openalex.org/W2318175080,https://doi.org/10.1021/cm1019684,2010,Resorcinol-Based Deep Eutectic Solvents as Both Carbonaceous Precursors and Templating Agents in the Synthesis of Hierarchical Porous Carbon Monoliths
snapshot_1,Topic_porous_carbon_2009-2018_Knowledge.txt,351,https://openalex.org/W2034082163,https://doi.org/10.1039/c4cc01914h,2014,One-pot synthesis of magnetic particle-embedded porous carbon composites from metal–organic frameworks and their sorption properties
snapshot_1,Topic_porous_carbon_2009-2018_Knowledge.txt,352,https://openalex.org/W2769166227,https://doi.org/10.1021/acsami.7b10856,2017,Nitrogen-Doped Porous Carbon-ZnO Nanopolyhedra Derived from ZIF-8: New Materials for Photoelectrochemical Biosensors
snapshot_1,Topic_porous_carbon_2009-2018_Knowledge.txt,353,https://openalex.org/W2801199566,https://doi.org/10.1002/smll.201800563,2018,Defective N/S‐Codoped 3D Cheese‐Like Porous Carbon Nanomaterial toward Efficient Oxygen Reduction and Zn–Air Batteries
snapshot_1,Topic_porous_carbon_2009-2018_Knowledge.txt,354,https://openalex.org/W2187458220,https://doi.org/10.1039/c5gc02530c,2015,Palladium nanoparticles stabilized with N-doped porous carbons derived from metal–organic frameworks for selective catalysis in biofuel upgrade: the role of catalyst wettability
snapshot_1,Topic_porous_carbon_2009-2018_Knowledge.txt,355,https://openalex.org/W2742947059,https://doi.org/10.1039/c7ta05880b,2017,A facile template approach to nitrogen-doped hierarchical porous carbon nanospheres from polydopamine for high-performance supercapacitors
snapshot_1,Topic_porous_carbon_2009-2018_Knowledge.txt,356,https://openalex.org/W2559786876,https://doi.org/10.1039/c6ta08169j,2016,Rich sulfur doped porous carbon materials derived from ginkgo leaves for multiple electrochemical energy storage devices
snapshot_1,Topic_porous_carbon_2009-2018_Knowledge.txt,357,https://openalex.org/W2025566943,https://doi.org/10.1002/aenm.201401309,2014,Alveoli‐Inspired Facile Transport Structure of N‐Doped Porous Carbon for Electrochemical Energy Applications
snapshot_1,Topic_porous_carbon_2009-2018_Knowledge.txt,358,https://openalex.org/W2891038434,https://doi.org/10.1021/acssuschemeng.8b02299,2018,Natural Biomass-Derived Hierarchical Porous Carbon Synthesized by an <i>in Situ</i> Hard Template Coupled with NaOH Activation for Ultrahigh Rate Supercapacitors
snapshot_1,Topic_porous_carbon_2009-2018_Knowledge.txt,359,https://openalex.org/W2615097453,https://doi.org/10.1021/acsami.7b02306,2017,Hierarchical Porous Carbon Doped with Iron/Nitrogen/Sulfur for Efficient Oxygen Reduction Reaction
snapshot_1,Topic_porous_carbon_2009-2018_Knowledge.txt,360,https://openalex.org/W2562296119,https://doi.org/10.1002/chem.201605019,2016,Nitrogen‐Doped Porous Carbon Nanosheets from Eco‐Friendly Eucalyptus Leaves as High Performance Electrode Materials for Supercapacitors and Lithium Ion Batteries
snapshot_1,Topic_porous_carbon_2009-2018_Knowledge.txt,361,https://openalex.org/W2052319966,https://doi.org/10.1126/science.1200770,2011,Carbon-Based Supercapacitors Produced by Activation of Graphene
snapshot_1,Topic_porous_carbon_2009-2018_Knowledge.txt,362,https://openalex.org/W2548508888,https://doi.org/10.1021/acsami.6b11188,2016,Porous Carbon Paper as Interlayer to Stabilize the Lithium Anode for Lithium–Sulfur Battery
snapshot_1,Topic_porous_carbon_2009-2018_Knowledge.txt,363,https://openalex.org/W2022860824,https://doi.org/10.1021/la3048938,2013,"Adsorption of Carbon Dioxide, Methane, and Their Mixtures in Porous Carbons: Effect of Surface Chemistry, Water Content, and Pore Disorder"
snapshot_1,Topic_porous_carbon_2009-2018_Knowledge.txt,364,https://openalex.org/W2212139662,https://doi.org/10.1021/acsami.5b05790,2015,Nitrogen-Doped Porous Carbons As Electrode Materials for High-Performance Supercapacitor and Dye-Sensitized Solar Cell
snapshot_1,Topic_porous_carbon_2009-2018_Knowledge.txt,365,https://openalex.org/W2905220546,https://doi.org/10.30919/es8d666,2018,Adsorption Removal of Pollutant Dyes in Wastewater by Nitrogen-doped Porous Carbons Derived from Natural Leaves
snapshot_1,Topic_porous_carbon_2009-2018_Knowledge.txt,366,https://openalex.org/W2531760077,https://doi.org/10.1021/acsami.6b06979,2016,Graphene Oxide Sheathed ZIF-8 Microcrystals: Engineered Precursors of Nitrogen-Doped Porous Carbon for Efficient Oxygen Reduction Reaction (ORR) Electrocatalysis
snapshot_1,Topic_porous_carbon_2009-2018_Knowledge.txt,367,https://openalex.org/W2735422460,https://doi.org/10.1021/acsami.7b07877,2017,Double Soft-Template Synthesis of Nitrogen/Sulfur-Codoped Hierarchically Porous Carbon Materials Derived from Protic Ionic Liquid for Supercapacitor
snapshot_1,Topic_porous_carbon_2009-2018_Knowledge.txt,368,https://openalex.org/W2794142164,https://doi.org/10.1021/acsami.8b00190,2018,Free-Standing Porous Carbon Nanofiber/Carbon Nanotube Film as Sulfur Immobilizer with High Areal Capacity for Lithium–Sulfur Battery
snapshot_1,Topic_porous_carbon_2009-2018_Knowledge.txt,369,https://openalex.org/W2006267793,https://doi.org/10.1021/cm1002274,2010,Facile Synthesis of Hierarchically Ordered Porous Carbon via <i>in Situ</i> Self-Assembly of Colloidal Polymer and Silica Spheres and Its Use as a Catalyst Support
snapshot_1,Topic_porous_carbon_2009-2018_Knowledge.txt,370,https://openalex.org/W1966089134,https://doi.org/10.1039/c4ta03868a,2014,Nitrogen-enriched electrospun porous carbon nanofiber networks as high-performance free-standing electrode materials
snapshot_1,Topic_porous_carbon_2009-2018_Knowledge.txt,371,https://openalex.org/W1987155348,https://doi.org/10.1039/c5ta01209k,2015,Nitrogen and sulfur co-doped porous carbon derived from human hair as highly efficient metal-free electrocatalysts for hydrogen evolution reactions
snapshot_1,Topic_porous_carbon_2009-2018_Knowledge.txt,372,https://openalex.org/W1986648229,https://doi.org/10.1038/srep02524,2013,Porous Carbon Nanoparticle Networks with Tunable Absorbability
snapshot_1,Topic_porous_carbon_2009-2018_Knowledge.txt,373,https://openalex.org/W2303102916,https://doi.org/10.1002/adfm.201505226,2016,Radially Aligned Porous Carbon Nanotube Arrays on Carbon Fibers: A Hierarchical 3D Carbon Nanostructure for High‐Performance Capacitive Energy Storage
snapshot_1,Topic_porous_carbon_2009-2018_Knowledge.txt,374,https://openalex.org/W2717252967,https://doi.org/10.1021/acssuschemeng.7b01315,2017,Facile Synthesis of Highly Porous Carbon from Rice Husk
snapshot_1,Topic_porous_carbon_2009-2018_Knowledge.txt,375,https://openalex.org/W2300514410,https://doi.org/10.1039/c6ta00618c,2016,Metal–organic framework-engaged formation of a hierarchical hybrid with carbon nanotube inserted porous carbon polyhedra for highly efficient capacitive deionization
snapshot_1,Topic_porous_carbon_2009-2018_Knowledge.txt,376,https://openalex.org/W2901909391,https://doi.org/10.1021/acssuschemeng.8b04907,2018,Lightweight and Efficient Microwave-Absorbing Materials Based on Loofah-Sponge-Derived Hierarchically Porous Carbons
snapshot_1,Topic_porous_carbon_2009-2018_Knowledge.txt,377,https://openalex.org/W2156748880,https://doi.org/10.1039/c4nr02498b,2014,Free-standing porous carbon nanofibers–sulfur composite for flexible Li–S battery cathode
snapshot_1,Topic_porous_carbon_2009-2018_Knowledge.txt,378,https://openalex.org/W2317440625,https://doi.org/10.1021/la104469u,2011,Deformation of Porous Carbons upon Adsorption
snapshot_1,Topic_porous_carbon_2009-2018_Knowledge.txt,379,https://openalex.org/W2261287522,https://doi.org/10.1002/chem.201504672,2016,Biomass‐Derived Porous Carbon with Micropores and Small Mesopores for High‐Performance Lithium–Sulfur Batteries
snapshot_1,Topic_porous_carbon_2009-2018_Knowledge.txt,380,https://openalex.org/W2782042154,https://doi.org/10.1002/advs.201700733,2018,Molybdenum Carbide Nanoparticles Coated into the Graphene Wrapping N‐Doped Porous Carbon Microspheres for Highly Efficient Electrocatalytic Hydrogen Evolution Both in Acidic and Alkaline Media
snapshot_1,Topic_porous_carbon_2009-2018_Knowledge.txt,381,https://openalex.org/W2125898386,https://doi.org/10.1002/adfm.201303080,2013,3D Interconnected Porous Carbon Aerogels as Sulfur Immobilizers for Sulfur Impregnation for Lithium‐Sulfur Batteries with High Rate Capability and Cycling Stability
snapshot_1,Topic_porous_carbon_2009-2018_Knowledge.txt,382,https://openalex.org/W2396117887,https://doi.org/10.1002/aenm.201502491,2016,Tunable Polyaniline‐Based Porous Carbon with Ultrahigh Surface Area for CO<sub>2</sub> Capture at Elevated Pressure
snapshot_1,Topic_porous_carbon_2009-2018_Knowledge.txt,383,https://openalex.org/W2147773553,https://doi.org/10.1039/c2ta00104g,2012,Bifunctional HNO3 catalytic synthesis of N-doped porous carbons for CO<sub>2</sub>capture
snapshot_1,Topic_porous_carbon_2009-2018_Knowledge.txt,384,https://openalex.org/W1975489599,https://doi.org/10.1039/c3ta10501f,2013,Synthesis of hierarchical porous carbons for supercapacitors from coal tar pitch with nano-Fe2O3 as template and activation agent coupled with KOH activation
snapshot_1,Topic_porous_carbon_2009-2018_Knowledge.txt,385,https://openalex.org/W2895882429,https://doi.org/10.1002/adma.201805234,2018,CNT Interwoven Nitrogen and Oxygen Dual‐Doped Porous Carbon Nanosheets as Free‐Standing Electrodes for High‐Performance Na‐Se and K‐Se Flexible Batteries
snapshot_1,Topic_porous_carbon_2009-2018_Knowledge.txt,386,https://openalex.org/W2753156256,https://doi.org/10.1039/c7ta06180c,2017,ZnS nanoparticles decorated on nitrogen-doped porous carbon polyhedra: a promising anode material for lithium-ion and sodium-ion batteries
snapshot_1,Topic_porous_carbon_2009-2018_Knowledge.txt,387,https://openalex.org/W2259964533,https://doi.org/10.1021/jp501742x,2014,Facile Synthesis of Highly Electrocapacitive Nitrogen-Doped Graphitic Porous Carbons
snapshot_1,Topic_porous_carbon_2009-2018_Knowledge.txt,388,https://openalex.org/W2074480012,https://doi.org/10.1039/c0jm01387k,2010,Ordered multimodal porous carbon with hierarchical nanostructure for high Li storage capacity and good cycling performance
snapshot_1,Topic_porous_carbon_2009-2018_Knowledge.txt,389,https://openalex.org/W2599573559,https://doi.org/10.1039/c7tc00987a,2017,Rice husk-based hierarchically porous carbon and magnetic particles composites for highly efficient electromagnetic wave attenuation
snapshot_1,Topic_porous_carbon_2009-2018_Knowledge.txt,390,https://openalex.org/W2884130610,https://doi.org/10.1002/adfm.201802167,2018,Scale‐Up Biomass Pathway to Cobalt Single‐Site Catalysts Anchored on N‐Doped Porous Carbon Nanobelt with Ultrahigh Surface Area
snapshot_1,Topic_porous_carbon_2009-2018_Knowledge.txt,391,https://openalex.org/W4253455913,https://doi.org/10.1002/ange.201804958,2018,Efficient Oxygen Reduction Reaction (ORR) Catalysts Based on Single Iron Atoms Dispersed on a Hierarchically Structured Porous Carbon Framework
snapshot_1,Topic_porous_carbon_2009-2018_Knowledge.txt,392,https://openalex.org/W2779278463,https://doi.org/10.1021/acs.iecr.7b03879,2017,Hierarchically Porous Carbon Materials for CO<sub>2</sub> Capture: The Role of Pore Structure
snapshot_1,Topic_porous_carbon_2009-2018_Knowledge.txt,393,https://openalex.org/W2614534366,https://doi.org/10.1039/c7ta03639f,2017,Biomass-derived hierarchical porous carbons: boosting the energy density of supercapacitors <i>via</i> an ionothermal approach
snapshot_1,Topic_porous_carbon_2009-2018_Knowledge.txt,394,https://openalex.org/W2321443461,https://doi.org/10.1021/nn501124h,2014,Direct Synthesis of Highly Porous Interconnected Carbon Nanosheets and Their Application as High-Performance Supercapacitors
snapshot_1,Topic_porous_carbon_2009-2018_Knowledge.txt,395,https://openalex.org/W2152203113,https://doi.org/10.1039/c5ra15108b,2015,ZnS nanoparticles embedded in porous carbon matrices as anode materials for lithium ion batteries
snapshot_1,Topic_porous_carbon_2009-2018_Knowledge.txt,396,https://openalex.org/W2092100253,https://doi.org/10.1002/cssc.201301408,2014,Electrochemical Performance of Hierarchical Porous Carbon Materials Obtained from the Infiltration of Lignin into Zeolite Templates
snapshot_1,Topic_porous_carbon_2009-2018_Knowledge.txt,397,https://openalex.org/W1794316515,https://doi.org/10.1039/c5ta07252b,2015,Nitrogen-enriched porous carbon nanorods templated by cellulose nanocrystals as high performance supercapacitor electrodes
snapshot_1,Topic_porous_carbon_2009-2018_Knowledge.txt,398,https://openalex.org/W2329917303,https://doi.org/10.1021/sc500221s,2014,Nitrogen-Doped Hierarchical Porous Carbon Nanowhisker Ensembles on Carbon Nanofiber for High-Performance Supercapacitors
snapshot_1,Topic_porous_carbon_2009-2018_Knowledge.txt,399,https://openalex.org/W2461697252,https://doi.org/10.1021/acsnano.5b03400,2015,Selective and Regenerative Carbon Dioxide Capture by Highly Polarizing Porous Carbon Nitride
snapshot_1,Topic_porous_carbon_2009-2018_Knowledge.txt,400,https://openalex.org/W2060048753,https://doi.org/10.1039/c3ta14684g,2014,A novel activating strategy to achieve highly porous carbon monoliths for CO<sub>2</sub> capture
snapshot_1,Topic_porous_carbon_2009-2018_Knowledge.txt,401,https://openalex.org/W1989755911,https://doi.org/10.1039/c3ta10906b,2013,Optimization of the characterization of porous carbons for supercapacitors
snapshot_1,Topic_porous_carbon_2009-2018_Knowledge.txt,402,https://openalex.org/W2320664981,https://doi.org/10.1039/c6ta01945e,2016,Nitrogen-doped porous carbon nanosheets derived from poly(ionic liquid)s: hierarchical pore structures for efficient CO<sub>2</sub>capture and dye removal
snapshot_1,Topic_porous_carbon_2009-2018_Knowledge.txt,403,https://openalex.org/W2093391744,https://doi.org/10.1039/c2jm32036c,2012,Porous carbon-modified MnO disks prepared by a microwave-polyol process and their superior lithium-ion storage properties
snapshot_1,Topic_porous_carbon_2009-2018_Knowledge.txt,404,https://openalex.org/W2508077497,https://doi.org/10.1039/c6ta06251b,2016,A cost-effective synthesis of heteroatom-doped porous carbons as efficient CO<sub>2</sub> sorbents
snapshot_1,Topic_porous_carbon_2009-2018_Knowledge.txt,405,https://openalex.org/W2803565115,https://doi.org/10.1039/c8ta02838a,2018,Large-scale synthesis of porous carbon <i>via</i> one-step CuCl<sub>2</sub> activation of rape pollen for high-performance supercapacitors
snapshot_1,Topic_porous_carbon_2009-2018_Knowledge.txt,406,https://openalex.org/W2252420044,https://doi.org/10.1021/acsami.5b04338,2015,Carbon-Confined SnO<sub>2</sub>-Electrodeposited Porous Carbon Nanofiber Composite as High-Capacity Sodium-Ion Battery Anode Material
snapshot_1,Topic_porous_carbon_2009-2018_Knowledge.txt,407,https://openalex.org/W2070278424,https://doi.org/10.1039/c4ta00538d,2014,Rational design of graphene/porous carbon aerogels for high-performance flexible all-solid-state supercapacitors
snapshot_1,Topic_porous_carbon_2009-2018_Knowledge.txt,408,https://openalex.org/W1735681021,https://doi.org/10.1039/c5ta04646g,2015,Soluble salt self-assembly-assisted synthesis of three-dimensional hierarchical porous carbon networks for supercapacitors
snapshot_1,Topic_porous_carbon_2009-2018_Knowledge.txt,409,https://openalex.org/W2884931692,https://doi.org/10.1002/advs.201800829,2018,Encapsulation of CoS<i><sub>x</sub></i> Nanocrystals into N/S Co‐Doped Honeycomb‐Like 3D Porous Carbon for High‐Performance Lithium Storage
snapshot_1,Topic_porous_carbon_2009-2018_Knowledge.txt,410,https://openalex.org/W2562932657,https://doi.org/10.1002/aenm.201601979,2016,1D Co‐ and N‐Doped Hierarchically Porous Carbon Nanotubes Derived from Bimetallic Metal Organic Framework for Efficient Oxygen and Tri‐iodide Reduction Reactions
snapshot_1,Topic_porous_carbon_2009-2018_Knowledge.txt,411,https://openalex.org/W2097712198,https://doi.org/10.1039/c3ta12328f,2013,Gelatin-derived nitrogen-doped porous carbon via a dual-template carbonization method for high performance supercapacitors
snapshot_1,Topic_porous_carbon_2009-2018_Knowledge.txt,412,https://openalex.org/W2299420551,https://doi.org/10.1039/c6ee00100a,2016,Carbon coated porous nickel phosphides nanoplates for highly efficient oxygen evolution reaction
snapshot_1,Topic_porous_carbon_2009-2018_Knowledge.txt,413,https://openalex.org/W2791571742,https://doi.org/10.1002/cssc.201800202,2018,Biowaste‐Derived Hierarchical Porous Carbon Nanosheets for Ultrahigh Power Density Supercapacitors
snapshot_1,Topic_porous_carbon_2009-2018_Knowledge.txt,414,https://openalex.org/W2886411269,https://doi.org/10.1007/s12274-018-2149-y,2018,Porphyrin-like Fe-N4 sites with sulfur adjustment on hierarchical porous carbon for different rate-determining steps in oxygen reduction reaction
snapshot_1,Topic_porous_carbon_2009-2018_Knowledge.txt,415,https://openalex.org/W2889087964,https://doi.org/10.1021/acsami.8b09541,2018,Hierarchical 3D Reduced Graphene Porous-Carbon-Based PCMs for Superior Thermal Energy Storage Performance
snapshot_1,Topic_porous_carbon_2009-2018_Knowledge.txt,416,https://openalex.org/W2605689408,https://doi.org/10.1039/c7ta01526g,2017,CNT-threaded N-doped porous carbon film as binder-free electrode for high-capacity supercapacitor and Li–S battery
snapshot_1,Topic_porous_carbon_2009-2018_Knowledge.txt,417,https://openalex.org/W2754733032,https://doi.org/10.1021/acsami.7b10593,2017,Fabrication of Hierarchical Porous Carbon Nanoflakes for High-Performance Supercapacitors
snapshot_1,Topic_porous_carbon_2009-2018_Knowledge.txt,418,https://openalex.org/W2046712073,https://doi.org/10.1021/ja5053736,2014,Exceptionally High Glucose Current on a Hierarchically Structured Porous Carbon Electrode with “Wired” Flavin Adenine Dinucleotide-Dependent Glucose Dehydrogenase
snapshot_1,Topic_porous_carbon_2009-2018_Knowledge.txt,419,https://openalex.org/W2165781932,https://doi.org/10.1039/b905755b,2009,Porous carbon nanofibers loaded with manganese oxide particles: Formation mechanism and electrochemical performance as energy-storage materials
snapshot_1,Topic_porous_carbon_2009-2018_Knowledge.txt,420,https://openalex.org/W2303454169,https://doi.org/10.1039/c5ra25685b,2016,Preparation and thermal properties of shape-stabilized composite phase change materials based on polyethylene glycol and porous carbon prepared from potato
snapshot_1,Topic_porous_carbon_2009-2018_Knowledge.txt,421,https://openalex.org/W2180052557,https://doi.org/10.1039/c5ta08591h,2015,Nitrogen-doped porous carbon derived from residuary shaddock peel: a promising and sustainable anode for high energy density asymmetric supercapacitors
snapshot_1,Topic_porous_carbon_2009-2018_Knowledge.txt,422,https://openalex.org/W2166697677,https://doi.org/10.1002/adfm.201501956,2015,A New Salt‐Baked Approach for Confining Selenium in Metal Complex‐Derived Porous Carbon with Superior Lithium Storage Properties
snapshot_1,Topic_porous_carbon_2009-2018_Knowledge.txt,423,https://openalex.org/W2342811566,https://doi.org/10.1002/asia.201600303,2016,Pumpkin‐Derived Porous Carbon for Supercapacitors with High Performance
snapshot_1,Topic_porous_carbon_2009-2018_Knowledge.txt,424,https://openalex.org/W2908116715,https://doi.org/10.1039/c8cc08391f,2018,Enhanced electrochemical performance and high voltage window for supercapacitor based on multi-heteroatom modified porous carbon materials
snapshot_1,Topic_porous_carbon_2009-2018_Knowledge.txt,425,https://openalex.org/W2741781390,https://doi.org/10.1021/acssuschemeng.7b01306,2017,Low Temperature CO<sub>2</sub> Methanation: ZIF-67-Derived Co-Based Porous Carbon Catalysts with Controlled Crystal Morphology and Size
snapshot_1,Topic_porous_carbon_2009-2018_Knowledge.txt,426,https://openalex.org/W2075526644,https://doi.org/10.1039/c2cc34616h,2012,Gold nanoparticles encapsulated in porous carbon
snapshot_1,Topic_porous_carbon_2009-2018_Knowledge.txt,427,https://openalex.org/W2092556094,https://doi.org/10.1080/21622515.2013.804589,2013,Elemental mercury adsorption on sulfur-impregnated porous carbon – A review
snapshot_1,Topic_porous_carbon_2009-2018_Knowledge.txt,428,https://openalex.org/W2887468279,https://doi.org/10.1021/acsami.8b05891,2018,Distinctive Construction of Chitin-Derived Hierarchically Porous Carbon Microspheres/Polyaniline for High-Rate Supercapacitors
snapshot_1,Topic_porous_carbon_2009-2018_Knowledge.txt,429,https://openalex.org/W1955076611,https://doi.org/10.1039/c5nr02711j,2015,Electrospun porous carbon nanofiber@MoS<sub>2</sub>core/sheath fiber membranes as highly flexible and binder-free anodes for lithium-ion batteries
snapshot_1,Topic_porous_carbon_2009-2018_Knowledge.txt,430,https://openalex.org/W1981942993,https://doi.org/10.1039/c2nr33183g,2013,Carbon-coated LiFePO4–porous carbon composites as cathode materials for lithium ion batteries
snapshot_1,Topic_porous_carbon_2009-2018_Knowledge.txt,431,https://openalex.org/W2574309185,https://doi.org/10.1002/smll.201602984,2017,"Sulfur‐Immobilized, Activated Porous Carbon Nanotube Composite Based Cathodes for Lithium–Sulfur Batteries"
snapshot_1,Topic_porous_carbon_2009-2018_Knowledge.txt,432,https://openalex.org/W2736090419,https://doi.org/10.1002/cssc.201700864,2017,Metal–Organic Framework‐Derived FeCo‐N‐Doped Hollow Porous Carbon Nanocubes for Electrocatalysis in Acidic and Alkaline Media
snapshot_1,Topic_porous_carbon_2009-2018_Knowledge.txt,433,https://openalex.org/W2903281440,https://doi.org/10.1039/c8ta08816k,2018,An ultra-high energy density flexible asymmetric supercapacitor based on hierarchical fabric decorated with 2D bimetallic oxide nanosheets and MOF-derived porous carbon polyhedra
snapshot_1,Topic_porous_carbon_2009-2018_Knowledge.txt,434,https://openalex.org/W2492588295,https://doi.org/10.1039/c6ta04578b,2016,Graphene/nitrogen-doped porous carbon sandwiches for the metal-free oxygen reduction reaction: conductivity versus active sites
snapshot_1,Topic_porous_carbon_2009-2018_Knowledge.txt,435,https://openalex.org/W2793534865,https://doi.org/10.1002/smll.201703739,2018,Co Nanoparticles Confined in 3D Nitrogen‐Doped Porous Carbon Foams as Bifunctional Electrocatalysts for Long‐Life Rechargeable Zn–Air Batteries
snapshot_1,Topic_porous_carbon_2009-2018_Knowledge.txt,436,https://openalex.org/W2888216369,https://doi.org/10.1002/batt.201800067,2018,Multiscale Porous Carbon Nanomaterials for Applications in Advanced Rechargeable Batteries
snapshot_1,Topic_porous_carbon_2009-2018_Knowledge.txt,437,https://openalex.org/W2072070193,https://doi.org/10.1021/sc500603h,2014,Sustainable Conversion of Mixed Plastics into Porous Carbon Nanosheets with High Performances in Uptake of Carbon Dioxide and Storage of Hydrogen
snapshot_1,Topic_porous_carbon_2009-2018_Knowledge.txt,438,https://openalex.org/W2297192478,https://doi.org/10.1021/acssuschemeng.5b01587,2016,Cellulose Framework Directed Construction of Hierarchically Porous Carbons Offering High-Performance Capacitive Deionization of Brackish Water
snapshot_1,Topic_porous_carbon_2009-2018_Knowledge.txt,439,https://openalex.org/W2734407022,https://doi.org/10.1039/c7ta02966g,2017,Template-free preparation of layer-stacked hierarchical porous carbons from coal tar pitch for high performance all-solid-state supercapacitors
snapshot_1,Topic_porous_carbon_2009-2018_Knowledge.txt,440,https://openalex.org/W2122671267,https://doi.org/10.1002/cssc.201403267,2015,Superior Capacitive Performance of Hydrochar‐Based Porous Carbons in Aqueous Electrolytes
snapshot_1,Topic_porous_carbon_2009-2018_Knowledge.txt,441,https://openalex.org/W2883766997,https://doi.org/10.1021/acssuschemeng.8b01435,2018,Synthesis of Boron and Nitrogen Codoped Porous Carbon Foam for High Performance Supercapacitors
snapshot_1,Topic_porous_carbon_2009-2018_Knowledge.txt,442,https://openalex.org/W2035206741,https://doi.org/10.1126/science.1241488,2013,Cation Intercalation and High Volumetric Capacitance of Two-Dimensional Titanium Carbide
snapshot_1,Topic_porous_carbon_2009-2018_Knowledge.txt,443,https://openalex.org/W2901050144,https://doi.org/10.1021/acssuschemeng.8b04382,2018,Lignin-Derived Porous Carbon Loaded with La(OH)<sub>3</sub> Nanorods for Highly Efficient Removal of Phosphate
snapshot_1,Topic_porous_carbon_2009-2018_Knowledge.txt,444,https://openalex.org/W2621039874,https://doi.org/10.1039/c7nr01545c,2017,Silicon anodes protected by a nitrogen-doped porous carbon shell for high-performance lithium-ion batteries
snapshot_1,Topic_porous_carbon_2009-2018_Knowledge.txt,445,https://openalex.org/W2900121824,https://doi.org/10.1021/acsnano.8b07526,2018,All-Poly(ionic liquid) Membrane-Derived Porous Carbon Membranes: Scalable Synthesis and Application for Photothermal Conversion in Seawater Desalination
snapshot_1,Topic_porous_carbon_2009-2018_Knowledge.txt,446,https://openalex.org/W2620592376,https://doi.org/10.1021/acsami.7b05345,2017,Control Synthesis of Tubular Hyper-Cross-Linked Polymers for Highly Porous Carbon Nanotubes
snapshot_1,Topic_porous_carbon_2009-2018_Knowledge.txt,447,https://openalex.org/W2087992721,https://doi.org/10.5714/cl.2013.14.3.180,2013,Comparative studies of porous carbon nanofibers by various activation methods
snapshot_1,Topic_porous_carbon_2009-2018_Knowledge.txt,448,https://openalex.org/W2165848404,https://doi.org/10.1021/am504367t,2014,Nitrogen-Doped Porous Carbon Derived from Metal–Organic Gel for Electrochemical Analysis of Heavy-Metal Ion
snapshot_1,Topic_porous_carbon_2009-2018_Knowledge.txt,449,https://openalex.org/W2230373744,https://doi.org/10.1039/c5cp06970j,2016,Shrimp-shell derived carbon nanodots as carbon and nitrogen sources to fabricate three-dimensional N-doped porous carbon electrocatalysts for the oxygen reduction reaction
snapshot_1,Topic_porous_carbon_2009-2018_Knowledge.txt,450,https://openalex.org/W2804888185,https://doi.org/10.1039/c8ta02353k,2018,Tunable porous carbon spheres for high-performance rechargeable batteries
snapshot_1,Topic_porous_carbon_2009-2018_Knowledge.txt,451,https://openalex.org/W2439679587,https://doi.org/10.1021/acsami.6b04060,2016,Selenium Embedded in Metal–Organic Framework Derived Hollow Hierarchical Porous Carbon Spheres for Advanced Lithium–Selenium Batteries
snapshot_1,Topic_porous_carbon_2009-2018_Knowledge.txt,452,https://openalex.org/W2514124650,https://doi.org/10.1039/c6cc05911b,2016,Hierarchical porous carbon materials prepared using nano-ZnO as a template and activation agent for ultrahigh power supercapacitors
snapshot_1,Topic_porous_carbon_2009-2018_Knowledge.txt,453,https://openalex.org/W2127905082,https://doi.org/10.1002/anie.201403946,2014,Graphitic Carbon Nitride Nanosheet–Carbon Nanotube Three‐Dimensional Porous Composites as High‐Performance Oxygen Evolution Electrocatalysts
snapshot_1,Topic_porous_carbon_2009-2018_Knowledge.txt,454,https://openalex.org/W2315673049,https://doi.org/10.1021/nn505658u,2015,Free-Standing Porous Carbon Nanofiber/Ultrathin Graphite Hybrid for Flexible Solid-State Supercapacitors
snapshot_1,Topic_porous_carbon_2009-2018_Knowledge.txt,455,https://openalex.org/W2081836354,https://doi.org/10.1039/c4ta05118a,2014,Converting real-world mixed waste plastics into porous carbon nanosheets with excellent performance in the adsorption of an organic dye from wastewater
snapshot_1,Topic_porous_carbon_2009-2018_Knowledge.txt,456,https://openalex.org/W2753078735,https://doi.org/10.1002/aenm.201701416,2017,Metal–Organic Framework Templated Porous Carbon‐Metal Oxide/Reduced Graphene Oxide as Superior Support of Bimetallic Nanoparticles for Efficient Hydrogen Generation from Formic Acid
snapshot_1,Topic_porous_carbon_2009-2018_Knowledge.txt,457,https://openalex.org/W2790383894,https://doi.org/10.1021/acsami.7b17893,2018,Defect Sites-Rich Porous Carbon with Pseudocapacitive Behaviors as an Ultrafast and Long-Term Cycling Anode for Sodium-Ion Batteries
snapshot_1,Topic_porous_carbon_2009-2018_Knowledge.txt,458,https://openalex.org/W2901510016,https://doi.org/10.1021/acsami.8b16642,2018,Confining Redox Electrolytes in Functionalized Porous Carbon with Improved Energy Density for Supercapacitors
snapshot_1,Topic_porous_carbon_2009-2018_Knowledge.txt,459,https://openalex.org/W2028808882,https://doi.org/10.1002/cssc.201000035,2010,Preparation and Li Storage Properties of Hierarchical Porous Carbon Fibers Derived from Alginic Acid
snapshot_1,Topic_porous_carbon_2009-2018_Knowledge.txt,460,https://openalex.org/W1978477068,https://doi.org/10.1021/ja5084128,2014,Nanowire-Directed Templating Synthesis of Metal–Organic Framework Nanofibers and Their Derived Porous Doped Carbon Nanofibers for Enhanced Electrocatalysis
snapshot_1,Topic_porous_carbon_2009-2018_Knowledge.txt,461,https://openalex.org/W2330591227,https://doi.org/10.1021/am503378n,2014,Mesoporous CoO Nanocubes @ Continuous 3D Porous Carbon Skeleton of Rose-Based Electrode for High-Performance Supercapacitor
snapshot_1,Topic_porous_carbon_2009-2018_Knowledge.txt,462,https://openalex.org/W2810720147,https://doi.org/10.1021/acssuschemeng.8b01811,2018,Flexible Synthetic Strategies for Lignin-Derived Hierarchically Porous Carbon Materials
snapshot_1,Topic_porous_carbon_2009-2018_Knowledge.txt,463,https://openalex.org/W2151808076,https://doi.org/10.1039/c4nr05878j,2014,Micro-sized porous carbon spheres with ultra-high rate capability for lithium storage
snapshot_1,Topic_porous_carbon_2009-2018_Knowledge.txt,464,https://openalex.org/W2612755981,https://doi.org/10.1016/j.ensm.2017.05.007,2017,MnO2 nanograsses on porous carbon cloth for flexible solid-state asymmetric supercapacitors with high energy density
snapshot_1,Topic_porous_carbon_2009-2018_Knowledge.txt,465,https://openalex.org/W2567769682,https://doi.org/10.1002/aenm.201602078,2017,In Situ TEM Study of Volume Expansion in Porous Carbon Nanofiber/Sulfur Cathodes with Exceptional High‐Rate Performance
snapshot_1,Topic_porous_carbon_2009-2018_Knowledge.txt,466,https://openalex.org/W2567943333,https://doi.org/10.1002/adsu.201600011,2017,Highly Porous Carbon with Graphene Nanoplatelet Microstructure Derived from Biomass Waste for High‐Performance Supercapacitors in Universal Electrolyte
snapshot_1,Topic_porous_carbon_2009-2018_Knowledge.txt,467,https://openalex.org/W2426999183,https://doi.org/10.1039/c6ta03826c,2016,Interconnected honeycomb-like porous carbon derived from plane tree fluff for high performance supercapacitors
snapshot_1,Topic_porous_carbon_2009-2018_Knowledge.txt,468,https://openalex.org/W2332248382,https://doi.org/10.1021/nn4048759,2013,"Solution-Based Carbohydrate Synthesis of Individual Solid, Hollow, and Porous Carbon Nanospheres Using Spray Pyrolysis"
snapshot_1,Topic_porous_carbon_2009-2018_Knowledge.txt,469,https://openalex.org/W2091190358,https://doi.org/10.1155/2013/620346,2012,Highly Porous Carbon Materials from Biomass by Chemical and Carbonization Method: A Comparison Study
snapshot_1,Topic_porous_carbon_2009-2018_Knowledge.txt,470,https://openalex.org/W4206037537,https://doi.org/10.1002/ange.201708843,2017,Electrostatic‐Assisted Liquefaction of Porous Carbons
snapshot_1,Topic_porous_carbon_2009-2018_Knowledge.txt,471,https://openalex.org/W2508160535,https://doi.org/10.1039/c6ta06164h,2016,Biological cell derived N-doped hollow porous carbon microspheres for lithium–sulfur batteries
snapshot_1,Topic_porous_carbon_2009-2018_Knowledge.txt,472,https://openalex.org/W2901753320,https://doi.org/10.1039/c8nr06986g,2018,Boosting the energy storage densities of supercapacitors by incorporating N-doped graphene quantum dots into cubic porous carbon
snapshot_1,Topic_porous_carbon_2009-2018_Knowledge.txt,473,https://openalex.org/W2233133225,https://doi.org/10.1021/acscatal.5b02302,2016,Core–Shell Nanocomposites Based on Gold Nanoparticle@Zinc–Iron-Embedded Porous Carbons Derived from Metal–Organic Frameworks as Efficient Dual Catalysts for Oxygen Reduction and Hydrogen Evolution Reactions
snapshot_1,Topic_porous_carbon_2009-2018_Knowledge.txt,474,https://openalex.org/W2729476522,https://doi.org/10.1007/s12274-017-1615-2,2017,"Metal-organic framework-derived, Zn-doped porous carbon polyhedra with enhanced activity as bifunctional catalysts for rechargeable zinc-air batteries"
snapshot_1,Topic_porous_carbon_2009-2018_Knowledge.txt,475,https://openalex.org/W1907343386,https://doi.org/10.1039/c5ta02702k,2015,Nitrogen- and oxygen-enriched 3D hierarchical porous carbon fibers: synthesis and superior supercapacity
snapshot_1,Topic_porous_carbon_2009-2018_Knowledge.txt,476,https://openalex.org/W1997410725,https://doi.org/10.1021/jp2083659,2011,Atomic Layer Deposition Preparation of Pd Nanoparticles on a Porous Carbon Support for Alcohol Oxidation
snapshot_1,Topic_porous_carbon_2009-2018_Knowledge.txt,477,https://openalex.org/W1948598631,https://doi.org/10.1039/c5ta05324b,2015,A carbon sandwich electrode with graphene filling coated by N-doped porous carbon layers for lithium–sulfur batteries
snapshot_1,Topic_porous_carbon_2009-2018_Knowledge.txt,478,https://openalex.org/W2108233636,https://doi.org/10.1039/c0cp02205e,2010,"Adsorption, structure and dynamics of benzene in ordered and disordered porous carbons"
snapshot_1,Topic_porous_carbon_2009-2018_Knowledge.txt,479,https://openalex.org/W2263597778,https://doi.org/10.1021/acssuschemeng.5b01474,2016,Three-Dimensional Macroporous Carbon/Fe<sub>3</sub>O<sub>4</sub>-Doped Porous Carbon Nanorods for High-Performance Supercapacitor
snapshot_1,Topic_porous_carbon_2009-2018_Knowledge.txt,480,https://openalex.org/W2900382976,https://doi.org/10.1002/adma.201803124,2018,Crumpled Ir Nanosheets Fully Covered on Porous Carbon Nanofibers for Long‐Life Rechargeable Lithium–CO<sub>2</sub> Batteries
snapshot_1,Topic_porous_carbon_2009-2018_Knowledge.txt,481,https://openalex.org/W2907075458,https://doi.org/10.1016/j.cej.2018.12.167,2018,Fabrication of porous carbons from mesitylene for highly efficient CO2 capture: A rational choice improving the carbon loop
snapshot_1,Topic_porous_carbon_2009-2018_Knowledge.txt,482,https://openalex.org/W2168670679,https://doi.org/10.1039/c5ta01611h,2015,Heteroatom-doped hierarchical porous carbons as high-performance metal-free oxygen reduction electrocatalysts
snapshot_1,Topic_porous_carbon_2009-2018_Knowledge.txt,483,https://openalex.org/W2755027786,https://doi.org/10.1021/acsami.7b11371,2017,Nitrogen and Fluorine-Codoped Porous Carbons as Efficient Metal-Free Electrocatalysts for Oxygen Reduction Reaction in Fuel Cells
snapshot_1,Topic_porous_carbon_2009-2018_Knowledge.txt,484,https://openalex.org/W2767001182,https://doi.org/10.1021/acsami.7b13799,2017,Coffee Waste-Derived Hierarchical Porous Carbon as a Highly Active and Durable Electrocatalyst for Electrochemical Energy Applications
snapshot_1,Topic_porous_carbon_2009-2018_Knowledge.txt,485,https://openalex.org/W2682854665,https://doi.org/10.1021/acscatal.7b01786,2017,Highly Stable Porous-Carbon-Coated Ni Catalysts for the Reductive Amination of Levulinic Acid via an Unconventional Pathway
snapshot_1,Topic_porous_carbon_2009-2018_Knowledge.txt,486,https://openalex.org/W2274707205,https://doi.org/10.15376/biores.11.2.3561-3574,2016,Characterization of Lignocellulosic Biomass as Raw Material for the Production of Porous Carbon-based Materials
snapshot_1,Topic_porous_carbon_2009-2018_Knowledge.txt,487,https://openalex.org/W2112118881,https://doi.org/10.1088/0022-3727/47/49/495307,2014,High performance supercapacitor using catalysis free porous carbon nanoparticles
snapshot_1,Topic_porous_carbon_2009-2018_Knowledge.txt,488,https://openalex.org/W2060539518,https://doi.org/10.1039/c4cc04378b,2014,Catalyst free silica templated porous carbon nanoparticles from bio-waste materials
snapshot_1,Topic_porous_carbon_2009-2018_Knowledge.txt,489,https://openalex.org/W2533806697,https://doi.org/10.1039/c6ta07305k,2016,Fabrication of nitrogen-doped porous carbons for highly efficient CO<sub>2</sub> capture: rational choice of a polymer precursor
snapshot_1,Topic_porous_carbon_2009-2018_Knowledge.txt,490,https://openalex.org/W2604538143,https://doi.org/10.1002/adma.201606816,2017,Hierarchical Porous Carbon Spheres for High‐Performance Na–O<sub>2</sub> Batteries
snapshot_1,Topic_porous_carbon_2009-2018_Knowledge.txt,491,https://openalex.org/W2744970546,https://doi.org/10.1039/c7ta03990e,2017,Magnetic Fe–Co crystal doped hierarchical porous carbon fibers for removal of organic pollutants
snapshot_1,Topic_porous_carbon_2009-2018_Knowledge.txt,492,https://openalex.org/W2178101691,https://doi.org/10.1039/c5ta08109b,2015,Graphene-directed two-dimensional porous carbon frameworks for high-performance lithium–sulfur battery cathodes
snapshot_1,Topic_porous_carbon_2009-2018_Knowledge.txt,493,https://openalex.org/W2301832275,https://doi.org/10.1039/c6ta01060a,2016,1-D oriented cross-linking hierarchical porous carbon fibers as a sulfur immobilizer for high performance lithium–sulfur batteries
snapshot_1,Topic_porous_carbon_2009-2018_Knowledge.txt,494,https://openalex.org/W2804784783,https://doi.org/10.1039/c8nr02288g,2018,"High performance capacitive deionization using modified ZIF-8-derived, N-doped porous carbon with improved conductivity"
snapshot_1,Topic_porous_carbon_2009-2018_Knowledge.txt,495,https://openalex.org/W2883803654,https://doi.org/10.1039/c8ta04425b,2018,Tuning ZnSe/CoSe in MOF-derived N-doped porous carbon/CNTs for high-performance lithium storage
snapshot_1,Topic_porous_carbon_2009-2018_Knowledge.txt,496,https://openalex.org/W2562076183,https://doi.org/10.1039/c6cy02130a,2016,Fe/Fe<sub>3</sub>C@N-doped porous carbon hybrids derived from nano-scale MOFs: robust and enhanced heterogeneous catalyst for peroxymonosulfate activation
snapshot_1,Topic_porous_carbon_2009-2018_Knowledge.txt,497,https://openalex.org/W1965680074,https://doi.org/10.1039/c4ta02563f,2014,Confining selenium in nitrogen-containing hierarchical porous carbon for high-rate rechargeable lithium–selenium batteries
snapshot_1,Topic_porous_carbon_2009-2018_Knowledge.txt,498,https://openalex.org/W2581557749,https://doi.org/10.1021/acs.chemmater.6b03570,2017,Facile Soft-Templated Synthesis of High-Surface Area and Highly Porous Carbon Nitrides
snapshot_1,Topic_porous_carbon_2009-2018_Knowledge.txt,499,https://openalex.org/W2317389450,https://doi.org/10.1021/acsami.5b01388,2015,Nitrogen-Enriched Porous Carbon Coating for Manganese Oxide Nanostructures toward High-Performance Lithium-Ion Batteries
snapshot_1,Topic_porous_carbon_2009-2018_Knowledge.txt,500,https://openalex.org/W2063055346,https://doi.org/10.1039/c4nr07409b,2015,Synthesis of polybenzoxazine based nitrogen-rich porous carbons for carbon dioxide capture
snapshot_2,Topic_selenium_cathodes_2009-2018_Knowledge.txt,1,https://openalex.org/W2017537704,https://doi.org/10.1002/aenm.201400981,2014,Micro‐ and Mesoporous Carbide‐Derived Carbon–Selenium Cathodes for High‐Performance Lithium Selenium Batteries
snapshot_2,Topic_selenium_cathodes_2009-2018_Knowledge.txt,2,https://openalex.org/W2086682020,https://doi.org/10.1002/aenm.201401377,2014,A Flexible Porous Carbon Nanofibers‐Selenium Cathode with Superior Electrochemical Performance for Both Li‐Se and Na‐Se Batteries
snapshot_2,Topic_selenium_cathodes_2009-2018_Knowledge.txt,3,https://openalex.org/W2778533433,https://doi.org/10.1002/smll.201703252,2017,A Freestanding and Long‐Life Sodium–Selenium Cathode by Encapsulation of Selenium into Microporous Multichannel Carbon Nanofibers
snapshot_2,Topic_selenium_cathodes_2009-2018_Knowledge.txt,4,https://openalex.org/W2606576554,https://doi.org/10.1039/c7ta01564j,2017,A high performance lithium–selenium battery using a microporous carbon confined selenium cathode and a compatible electrolyte
snapshot_2,Topic_selenium_cathodes_2009-2018_Knowledge.txt,5,https://openalex.org/W2036138450,https://doi.org/10.1002/anie.201303147,2013,An Advanced Selenium–Carbon Cathode for Rechargeable Lithium–Selenium Batteries
snapshot_2,Topic_selenium_cathodes_2009-2018_Knowledge.txt,6,https://openalex.org/W2589692750,https://doi.org/10.1021/acsami.6b16708,2017,Graphitic Nanocarbon–Selenium Cathode with Favorable Rate Capability for Li–Se Batteries
snapshot_2,Topic_selenium_cathodes_2009-2018_Knowledge.txt,7,https://openalex.org/W1991233467,https://doi.org/10.1002/adfm.201402815,2014,A Free‐Standing and Ultralong‐Life Lithium‐Selenium Battery Cathode Enabled by 3D Mesoporous Carbon/Graphene Hierarchical Architecture
snapshot_2,Topic_selenium_cathodes_2009-2018_Knowledge.txt,8,https://openalex.org/W1983476501,https://doi.org/10.1039/c4ta04467c,2014,Stabilization of selenium cathodes via in situ formation of protective solid electrolyte layer
snapshot_2,Topic_selenium_cathodes_2009-2018_Knowledge.txt,9,https://openalex.org/W2805318464,https://doi.org/10.1126/sciadv.aat1687,2018,A pyrolyzed polyacrylonitrile/selenium disulfide composite cathode with remarkable lithium and sodium storage performances
snapshot_2,Topic_selenium_cathodes_2009-2018_Knowledge.txt,10,https://openalex.org/W1974467567,https://doi.org/10.1039/c3cc46943c,2013,Nanoporous selenium as a cathode material for rechargeable lithium–selenium batteries
snapshot_2,Topic_selenium_cathodes_2009-2018_Knowledge.txt,11,https://openalex.org/W2583727708,https://doi.org/10.1021/acsenergylett.6b00642,2017,"Selenium and Selenium–Sulfur Chemistry for Rechargeable Lithium Batteries: Interplay of Cathode Structures, Electrolytes, and Interfaces"
snapshot_2,Topic_selenium_cathodes_2009-2018_Knowledge.txt,12,https://openalex.org/W2526392387,https://doi.org/10.1039/c6ee02274j,2016,Exceptional energy and new insight with a sodium–selenium battery based on a carbon nanosheet cathode and a pseudographite anode
snapshot_2,Topic_selenium_cathodes_2009-2018_Knowledge.txt,13,https://openalex.org/W2726836529,https://doi.org/10.1002/adma.201701294,2017,Selenium‐Doped Cathodes for Lithium–Organosulfur Batteries with Greatly Improved Volumetric Capacity and Coulombic Efficiency
snapshot_2,Topic_selenium_cathodes_2009-2018_Knowledge.txt,14,https://openalex.org/W2134707818,https://doi.org/10.1039/c4ta03141e,2014,A selenium-confined microporous carbon cathode for ultrastable lithium–selenium batteries
snapshot_2,Topic_selenium_cathodes_2009-2018_Knowledge.txt,15,https://openalex.org/W2338176327,https://doi.org/10.1021/acs.jpcc.5b09553,2015,Strongly Bonded Selenium/Microporous Carbon Nanofibers Composite as a High-Performance Cathode for Lithium–Selenium Batteries
snapshot_2,Topic_selenium_cathodes_2009-2018_Knowledge.txt,16,https://openalex.org/W2770383925,https://doi.org/10.1002/aenm.201701918,2017,Selenium Impregnated Monolithic Carbons as Free‐Standing Cathodes for High Volumetric Energy Lithium and Sodium Metal Batteries
snapshot_2,Topic_selenium_cathodes_2009-2018_Knowledge.txt,17,https://openalex.org/W2022969092,https://doi.org/10.1039/c2nr31858j,2012,Metal-free selenium doped carbon nanotube/graphene networks as a synergistically improved cathode catalyst for oxygen reduction reaction
snapshot_2,Topic_selenium_cathodes_2009-2018_Knowledge.txt,18,https://openalex.org/W2017461810,https://doi.org/10.1149/2.0451414jes,2014,Selenium Encapsulated into Interconnected Polymer-Derived Porous Carbon Nanofiber Webs as Cathode Materials for Lithium-Selenium Batteries
snapshot_2,Topic_selenium_cathodes_2009-2018_Knowledge.txt,19,https://openalex.org/W2095165550,https://doi.org/10.1039/c4nr03705g,2014,Selenium/interconnected porous hollow carbon bubbles composites as the cathodes of Li–Se batteries with high performance
snapshot_2,Topic_selenium_cathodes_2009-2018_Knowledge.txt,20,https://openalex.org/W2768361305,https://doi.org/10.1002/celc.201700882,2017,Hybrid Sulfur−Selenium Co‐polymers as Cathodic Materials for Lithium Batteries
snapshot_2,Topic_selenium_cathodes_2009-2018_Knowledge.txt,21,https://openalex.org/W2772067689,https://doi.org/10.1002/chem.201704079,2017,A Self‐Repairing Cathode Material for Lithium–Selenium Batteries: Se−C Chemically Bonded Selenium–Graphene Composite
snapshot_2,Topic_selenium_cathodes_2009-2018_Knowledge.txt,22,https://openalex.org/W4241088358,https://doi.org/10.1002/ange.201303147,2013,An Advanced Selenium–Carbon Cathode for Rechargeable Lithium–Selenium Batteries
snapshot_2,Topic_selenium_cathodes_2009-2018_Knowledge.txt,23,https://openalex.org/W2808862897,https://doi.org/10.1039/c8qm00177d,2018,Selenium embedded in MOF-derived N-doped microporous carbon polyhedrons as a high performance cathode for sodium–selenium batteries
snapshot_2,Topic_selenium_cathodes_2009-2018_Knowledge.txt,24,https://openalex.org/W2788846481,https://doi.org/10.1039/c8se00017d,2018,The evolution of selenium cathodes: from infusion melts to particle synthesis
snapshot_2,Topic_selenium_cathodes_2009-2018_Knowledge.txt,25,https://openalex.org/W2767939878,https://doi.org/10.1021/acsami.7b14380,2017,Selenium Encapsulated into Metal–Organic Frameworks Derived N-Doped Porous Carbon Polyhedrons as Cathode for Na–Se Batteries
snapshot_2,Topic_selenium_cathodes_2009-2018_Knowledge.txt,26,https://openalex.org/W2756443016,https://doi.org/10.1002/anie.201708105,2017,A Freestanding Selenium Disulfide Cathode Based on Cobalt Disulfide‐Decorated Multichannel Carbon Fibers with Enhanced Lithium Storage Performance
snapshot_2,Topic_selenium_cathodes_2009-2018_Knowledge.txt,27,https://openalex.org/W2044937995,https://doi.org/10.3390/s131013744,2013,Development of an Amorphous Selenium-Based Photodetector Driven by a Diamond Cold Cathode
snapshot_2,Topic_selenium_cathodes_2009-2018_Knowledge.txt,28,https://openalex.org/W2164574286,https://doi.org/10.1039/c5nr00903k,2015,"MOF-derived, N-doped, hierarchically porous carbon sponges as immobilizers to confine selenium as cathodes for Li–Se batteries with superior storage capacity and perfect cycling stability"
snapshot_2,Topic_selenium_cathodes_2009-2018_Knowledge.txt,29,https://openalex.org/W2905920363,https://doi.org/10.1021/acs.jpcc.8b10598,2018,ZIF-67@Se@MnO<sub>2</sub>: A Novel Co-MOF-Based Composite Cathode for Lithium–Selenium Batteries
snapshot_2,Topic_selenium_cathodes_2009-2018_Knowledge.txt,30,https://openalex.org/W2298478731,https://doi.org/10.1039/c6cc00638h,2016,One-step microwave synthesized core–shell structured selenium@carbon spheres as cathode materials for rechargeable lithium batteries
snapshot_2,Topic_selenium_cathodes_2009-2018_Knowledge.txt,31,https://openalex.org/W2134052632,https://doi.org/10.1039/c4ra14945a,2015,A selenium@polypyrrole hollow sphere cathode for rechargeable lithium batteries
snapshot_2,Topic_selenium_cathodes_2009-2018_Knowledge.txt,32,https://openalex.org/W2766805870,https://doi.org/10.1007/s12274-017-1870-2,2017,Polyaniline-coated selenium/carbon composites encapsulated in graphene as efficient cathodes for Li-Se batteries
snapshot_2,Topic_selenium_cathodes_2009-2018_Knowledge.txt,33,https://openalex.org/W2536711059,https://doi.org/10.1021/acs.analchem.6b02807,2016,"Ultratrace Determination of Tin, Germanium, and Selenium by Hydride Generation Coupled with a Novel Solution-Cathode Glow Discharge-Atomic Emission Spectrometry Method"
snapshot_2,Topic_selenium_cathodes_2009-2018_Knowledge.txt,34,https://openalex.org/W2125988242,https://doi.org/10.1039/c5ra19000b,2015,A selenium-confined porous carbon cathode from silk cocoons for Li–Se battery applications
snapshot_2,Topic_selenium_cathodes_2009-2018_Knowledge.txt,35,https://openalex.org/W2767713088,https://doi.org/10.1002/aenm.201701953,2017,"Long Cycle Life, Low Self‐Discharge Sodium–Selenium Batteries with High Selenium Loading and Suppressed Polyselenide Shuttling"
snapshot_2,Topic_selenium_cathodes_2009-2018_Knowledge.txt,36,https://openalex.org/W2891970992,https://doi.org/10.1002/adfm.201805018,2018,3D Selenium Sulfide@Carbon Nanotube Array as Long‐Life and High‐Rate Cathode Material for Lithium Storage
snapshot_2,Topic_selenium_cathodes_2009-2018_Knowledge.txt,37,https://openalex.org/W2885152356,https://doi.org/10.1039/c8ta04772c,2018,A conductive selenized polyacrylonitrile cathode in nucleophilic Mg<sup>2+</sup>/Li<sup>+</sup> hybrid electrolytes for magnesium–selenium batteries
snapshot_2,Topic_selenium_cathodes_2009-2018_Knowledge.txt,38,https://openalex.org/W2041365550,https://doi.org/10.1002/anie.201204108,2012,A Selenium‐Based Cathode for a High‐Voltage Tandem Photoelectrochemical Solar Cell
snapshot_2,Topic_selenium_cathodes_2009-2018_Knowledge.txt,39,https://openalex.org/W2565971668,https://doi.org/10.1021/acs.jpcc.6b11017,2016,Pressure-Induced Capillary Encapsulation Protocol for Ultrahigh Loading of Sulfur and Selenium Inside Carbon Nanotubes: Application as High Performance Cathode in Li–S/Se Rechargeable Batteries
snapshot_2,Topic_selenium_cathodes_2009-2018_Knowledge.txt,40,https://openalex.org/W2822955797,https://doi.org/10.1021/acsnano.8b04114,2018,Vapor-Infiltration Approach toward Selenium/Reduced Graphene Oxide Composites Enabling Stable and High-Capacity Sodium Storage
snapshot_2,Topic_selenium_cathodes_2009-2018_Knowledge.txt,41,https://openalex.org/W1975541076,https://doi.org/10.1039/c4ta02545h,2014,From red selenium to cuprous selenide: a novel and facile route to a high performance metal selenide cathode for sensitized solar cells
snapshot_2,Topic_selenium_cathodes_2009-2018_Knowledge.txt,42,https://openalex.org/W1988712613,https://doi.org/10.1149/1.3258662,2009,Selenium: A Nonprecious Metal Cathode Catalyst for Oxygen Reduction
snapshot_2,Topic_selenium_cathodes_2009-2018_Knowledge.txt,43,https://openalex.org/W1965680074,https://doi.org/10.1039/c4ta02563f,2014,Confining selenium in nitrogen-containing hierarchical porous carbon for high-rate rechargeable lithium–selenium batteries
snapshot_2,Topic_selenium_cathodes_2009-2018_Knowledge.txt,44,https://openalex.org/W2313386836,https://doi.org/10.1021/ja211766q,2012,A New Class of Lithium and Sodium Rechargeable Batteries Based on Selenium and Selenium–Sulfur as a Positive Electrode
snapshot_2,Topic_selenium_cathodes_2009-2018_Knowledge.txt,45,https://openalex.org/W2315937395,https://doi.org/10.1021/la403178j,2013,Cathodic Electrodeposition of Amorphous Elemental Selenium from an Air- and Water-Stable Ionic Liquid
snapshot_2,Topic_selenium_cathodes_2009-2018_Knowledge.txt,46,https://openalex.org/W4250624280,https://doi.org/10.1002/ange.201708105,2017,A Freestanding Selenium Disulfide Cathode Based on Cobalt Disulfide‐Decorated Multichannel Carbon Fibers with Enhanced Lithium Storage Performance
snapshot_2,Topic_selenium_cathodes_2009-2018_Knowledge.txt,47,https://openalex.org/W2345440595,https://doi.org/10.1039/c6ra07837k,2016,Facile synthesis of selenium/potassium tartrate derived porous carbon composite as an advanced Li–Se battery cathode
snapshot_2,Topic_selenium_cathodes_2009-2018_Knowledge.txt,48,https://openalex.org/W2080891030,https://doi.org/10.1021/nn403108w,2013,Selenium@Mesoporous Carbon Composite with Superior Lithium and Sodium Storage Capacity
snapshot_2,Topic_selenium_cathodes_2009-2018_Knowledge.txt,49,https://openalex.org/W2769968375,https://doi.org/10.1002/anie.201709176,2017,Mesoporous Carbon@Titanium Nitride Hollow Spheres as an Efficient SeS<sub>2</sub> Host for Advanced Li–SeS<sub>2</sub> Batteries
snapshot_2,Topic_selenium_cathodes_2009-2018_Knowledge.txt,50,https://openalex.org/W4237715968,https://doi.org/10.1002/ange.201204108,2012,A Selenium‐Based Cathode for a High‐Voltage Tandem Photoelectrochemical Solar Cell
snapshot_2,Topic_selenium_cathodes_2009-2018_Knowledge.txt,51,https://openalex.org/W2571765347,https://doi.org/10.1002/aenm.201602055,2017,Novel Design Concepts of Efficient Mg‐Ion Electrolytes toward High‐Performance Magnesium–Selenium and Magnesium–Sulfur Batteries
snapshot_2,Topic_selenium_cathodes_2009-2018_Knowledge.txt,52,https://openalex.org/W2166697677,https://doi.org/10.1002/adfm.201501956,2015,A New Salt‐Baked Approach for Confining Selenium in Metal Complex‐Derived Porous Carbon with Superior Lithium Storage Properties
snapshot_2,Topic_selenium_cathodes_2009-2018_Knowledge.txt,53,https://openalex.org/W2060323826,https://doi.org/10.11113/jt.v44.368,2012,Analysis Of Selenium Species Using Cathodic Stripping Voltammetry
snapshot_2,Topic_selenium_cathodes_2009-2018_Knowledge.txt,54,https://openalex.org/W2804316306,https://doi.org/10.1039/c8sc01054d,2018,Rechargeable aluminum–selenium batteries with high capacity
snapshot_2,Topic_selenium_cathodes_2009-2018_Knowledge.txt,55,https://openalex.org/W3020104325,N/A,2018,ZIF-67@Se@MnO₂: A Novel Co-MOF-Based Composite Cathode for Lithium–Selenium Batteries
snapshot_2,Topic_selenium_cathodes_2009-2018_Knowledge.txt,56,https://openalex.org/W2608098722,https://doi.org/10.1002/aenm.201700281,2017,An Improved Li–SeS<sub>2</sub> Battery with High Energy Density and Long Cycle Life
snapshot_2,Topic_selenium_cathodes_2009-2018_Knowledge.txt,57,https://openalex.org/W2135353596,https://doi.org/10.1002/adfm.201303909,2014,Carbonized Polyacrylonitrile‐Stabilized SeS<sub>x</sub> Cathodes for Long Cycle Life and High Power Density Lithium Ion Batteries
snapshot_2,Topic_selenium_cathodes_2009-2018_Knowledge.txt,58,https://openalex.org/W2508405787,https://doi.org/10.1021/acsnano.6b02315,2016,Heteroatomic Se<sub><i>n</i></sub>S<sub>8–<i>n</i></sub> Molecules Confined in Nitrogen-Doped Mesoporous Carbons as Reversible Cathode Materials for High-Performance Lithium Batteries
snapshot_2,Topic_selenium_cathodes_2009-2018_Knowledge.txt,59,https://openalex.org/W2900940509,https://doi.org/10.1002/aenm.201802235,2018,Solid‐State Lithium/Selenium–Sulfur Chemistry Enabled via a Robust Solid‐Electrolyte Interphase
snapshot_2,Topic_selenium_cathodes_2009-2018_Knowledge.txt,60,https://openalex.org/W2337325577,https://doi.org/10.1021/acsenergylett.6b00015,2016,Three-Dimensional Hierarchical Graphene-CNT@Se: A Highly Efficient Freestanding Cathode for Li–Se Batteries
snapshot_2,Topic_selenium_cathodes_2009-2018_Knowledge.txt,61,https://openalex.org/W19646579,https://doi.org/10.13140/rg.2.1.1867.3769,2015,Convergence theory and applications of the factorized distribution algorithm
snapshot_2,Topic_selenium_cathodes_2009-2018_Knowledge.txt,62,https://openalex.org/W2508117335,https://doi.org/10.1021/acs.chemmater.5b02753,2015,"Amorphous, Crystalline and Crystalline/Amorphous Selenium Nanowires and Their Different (De)Lithiation Mechanisms"
snapshot_2,Topic_selenium_cathodes_2009-2018_Knowledge.txt,63,https://openalex.org/W2752712512,https://doi.org/10.1002/adma.201770240,2017,Batteries: Selenium‐Doped Cathodes for Lithium–Organosulfur Batteries with Greatly Improved Volumetric Capacity and Coulombic Efficiency (Adv. Mater. 33/2017)
snapshot_2,Topic_selenium_cathodes_2009-2018_Knowledge.txt,64,https://openalex.org/W2468229891,https://doi.org/10.1021/acs.nanolett.6b01819,2016,The Electrochemistry with Lithium versus Sodium of Selenium Confined To Slit Micropores in Carbon
snapshot_2,Topic_selenium_cathodes_2009-2018_Knowledge.txt,65,https://openalex.org/W2081393855,https://doi.org/10.1039/c4ra10967h,2014,A novel type of one-dimensional organic selenium-containing fiber with superior performance for lithium–selenium and sodium–selenium batteries
snapshot_2,Topic_selenium_cathodes_2009-2018_Knowledge.txt,66,https://openalex.org/W2001762523,https://doi.org/10.1039/c4ta02017k,2014,Advanced Se–C nanocomposites: a bifunctional electrode material for both Li–Se and Li-ion batteries
snapshot_2,Topic_selenium_cathodes_2009-2018_Knowledge.txt,67,https://openalex.org/W2067921005,https://doi.org/10.1039/c4ta06624c,2015,Selenium in nitrogen-doped microporous carbon spheres for high-performance lithium–selenium batteries
snapshot_2,Topic_selenium_cathodes_2009-2018_Knowledge.txt,68,https://openalex.org/W2177279173,https://doi.org/10.1139/cjp-2013-0648,2014,High sensitivity photodetector made of amorphous selenium and diamond cold cathode
snapshot_2,Topic_selenium_cathodes_2009-2018_Knowledge.txt,69,https://openalex.org/W2783065657,https://doi.org/10.1002/adfm.201706609,2018,Vacuum Calcination Induced Conversion of Selenium/Carbon Wires to Tubes for High‐Performance Sodium–Selenium Batteries
snapshot_2,Topic_selenium_cathodes_2009-2018_Knowledge.txt,70,https://openalex.org/W2580165782,N/A,2016,Design and modification of cathode materials for high-performance lithium-sulfur and lithium-selenium batteries
snapshot_2,Topic_selenium_cathodes_2009-2018_Knowledge.txt,71,https://openalex.org/W2735733385,https://doi.org/10.1021/acsami.7b04321,2017,High-Performance Li–Se Batteries Enabled by Selenium Storage in Bottom-Up Synthesized Nitrogen-Doped Carbon Scaffolds
snapshot_2,Topic_selenium_cathodes_2009-2018_Knowledge.txt,72,https://openalex.org/W2260420489,https://doi.org/10.1038/ncomms9850,2015,Pie-like electrode design for high-energy density lithium–sulfur batteries
snapshot_2,Topic_selenium_cathodes_2009-2018_Knowledge.txt,73,https://openalex.org/W2769170381,https://doi.org/10.1002/adfm.201701718,2017,Self‐Established Rapid Magnesiation/De‐Magnesiation Pathways in Binary Selenium–Copper Mixtures with Significantly Enhanced Mg‐Ion Storage Reversibility
snapshot_2,Topic_selenium_cathodes_2009-2018_Knowledge.txt,74,https://openalex.org/W2744496034,https://doi.org/10.1039/c7cs00139h,2017,A review of flexible lithium–sulfur and analogous alkali metal–chalcogen rechargeable batteries
snapshot_2,Topic_selenium_cathodes_2009-2018_Knowledge.txt,75,https://openalex.org/W2298405797,https://doi.org/10.1149/ma2016-03/2/789,2016,Unraveling the Capacity Fading of Selenium-Based Cathodes in Ether-Based Electrolytes By in-Situ X-Ray Absorption Near Edge Spectroscopy
snapshot_2,Topic_selenium_cathodes_2009-2018_Knowledge.txt,76,https://openalex.org/W2901779534,https://doi.org/10.1109/ivnc.2018.8520023,2018,Response time of amorphous selenium based photodetector driven by diamond cold cathode
snapshot_2,Topic_selenium_cathodes_2009-2018_Knowledge.txt,77,https://openalex.org/W1818443603,https://doi.org/10.1039/c5ta04510j,2015,A conductive selenized polyacrylonitrile cathode material for re-chargeable lithium batteries with long cycle life
snapshot_2,Topic_selenium_cathodes_2009-2018_Knowledge.txt,78,https://openalex.org/W1838085187,https://doi.org/10.1039/c5ra14979g,2015,High performance mesoporous C@Se composite cathodes derived from Ni-based MOFs for Li–Se batteries
snapshot_2,Topic_selenium_cathodes_2009-2018_Knowledge.txt,79,https://openalex.org/W2337623161,https://doi.org/10.13016/m2m70n,2015,Organic Anodes and Sulfur/Selenium Cathodes for Advanced Li and Na Batteries
snapshot_2,Topic_selenium_cathodes_2009-2018_Knowledge.txt,80,https://openalex.org/W4211074643,https://doi.org/10.1039/c3ra40678d,2013,Selenium electrochemistry
snapshot_2,Topic_selenium_cathodes_2009-2018_Knowledge.txt,81,https://openalex.org/W2782427592,https://doi.org/10.1021/acsami.7b14506,2018,Self-Supported Ternary Ni–S–Se Nanorod Arrays as Highly Active Electrocatalyst for Hydrogen Generation in Both Acidic and Basic Media: Experimental Investigation and DFT Calculation
snapshot_2,Topic_selenium_cathodes_2009-2018_Knowledge.txt,82,https://openalex.org/W2886168905,https://doi.org/10.1021/acsami.8b09062,2018,"Controlled Synthesis of Sulfur-Rich Polymeric Selenium Sulfides as Promising Electrode Materials for Long-Life, High-Rate Lithium Metal Batteries"
snapshot_2,Topic_selenium_cathodes_2009-2018_Knowledge.txt,83,https://openalex.org/W2605450351,https://doi.org/10.1039/c6ra28463a,2017,Hollow selenium encapsulated into 3D graphene hydrogels for lithium–selenium batteries with high rate performance and cycling stability
snapshot_2,Topic_selenium_cathodes_2009-2018_Knowledge.txt,84,https://openalex.org/W2212437771,https://doi.org/10.1021/jacs.5b10774,2016,Isolation of Hypervalent Group-16 Radicals and Their Application in Organic-Radical Batteries
snapshot_2,Topic_selenium_cathodes_2009-2018_Knowledge.txt,85,https://openalex.org/W2800824570,https://doi.org/10.1021/acsami.8b03104,2018,Metal-Organic-Framework-Derived N-Doped Hierarchically Porous Carbon Polyhedrons Anchored on Crumpled Graphene Balls as Efficient Selenium Hosts for High-Performance Lithium–Selenium Batteries
snapshot_2,Topic_selenium_cathodes_2009-2018_Knowledge.txt,86,https://openalex.org/W2131449268,https://doi.org/10.1149/1.3274126,2010,Fabrication and Photoelectrochemical Behavior of Ordered CIGS Nanowire Arrays for Application in Solar Cells
snapshot_2,Topic_selenium_cathodes_2009-2018_Knowledge.txt,87,https://openalex.org/W2315900117,https://doi.org/10.1515/amm-2015-0009,2015,The Voltammetric Analysis of Selenium Electrodeposition from H2SeO3 Solution on Gold Electrode
snapshot_2,Topic_selenium_cathodes_2009-2018_Knowledge.txt,88,https://openalex.org/W2807292416,https://doi.org/10.1002/adfm.201801791,2018,Phenyl Selenosulfides as Cathode Materials for Rechargeable Lithium Batteries
snapshot_2,Topic_selenium_cathodes_2009-2018_Knowledge.txt,89,https://openalex.org/W2270669981,https://doi.org/10.1038/ncomms9058,2015,Accommodating lithium into 3D current collectors with a submicron skeleton towards long-life lithium metal anodes
snapshot_2,Topic_selenium_cathodes_2009-2018_Knowledge.txt,90,https://openalex.org/W4233757696,https://doi.org/10.1002/ange.201709176,2017,Mesoporous Carbon@Titanium Nitride Hollow Spheres as an Efficient SeS<sub>2</sub> Host for Advanced Li–SeS<sub>2</sub> Batteries
snapshot_2,Topic_selenium_cathodes_2009-2018_Knowledge.txt,91,https://openalex.org/W2897773370,https://doi.org/10.1002/adfm.201870310,2018,Lithium Storage: 3D Selenium Sulfide@Carbon Nanotube Array as Long‐Life and High‐Rate Cathode Material for Lithium Storage (Adv. Funct. Mater. 43/2018)
snapshot_2,Topic_selenium_cathodes_2009-2018_Knowledge.txt,92,https://openalex.org/W2131814640,https://doi.org/10.1186/1475-2859-9-52,2010,Aerobic biogenesis of selenium nanospheres by Bacillus cereus isolated from coalmine soil
snapshot_2,Topic_selenium_cathodes_2009-2018_Knowledge.txt,93,https://openalex.org/W2510860787,https://doi.org/10.1007/s12274-016-1243-2,2016,Encapsulation of selenium sulfide in double-layered hollow carbon spheres as advanced electrode material for lithium storage
snapshot_2,Topic_selenium_cathodes_2009-2018_Knowledge.txt,94,https://openalex.org/W2784368621,https://doi.org/10.1021/acs.inorgchem.7b03001,2018,Polyselenide Anchoring Using Transition-Metal Disulfides for Enhanced Lithium–Selenium Batteries
snapshot_2,Topic_selenium_cathodes_2009-2018_Knowledge.txt,95,https://openalex.org/W2784330703,https://doi.org/10.1002/chem.201800147,2018,"Cobaltocenylidene: A Mesoionic Metalloceno Carbene, Stabilized in a Gold(III) Complex"
snapshot_2,Topic_selenium_cathodes_2009-2018_Knowledge.txt,96,https://openalex.org/W2620962968,https://doi.org/10.1515/chem-2017-0013,2017,Recent Microextraction Techniques for Determination and Chemical Speciation of Selenium
snapshot_2,Topic_selenium_cathodes_2009-2018_Knowledge.txt,97,https://openalex.org/W2883816218,https://doi.org/10.1049/mnl.2018.5154,2018,"Hierarchical porous N,O Co‐doped carbon/Se composite derived from hydrothermal treated chitosan as Li–Se battery cathode"
snapshot_2,Topic_selenium_cathodes_2009-2018_Knowledge.txt,98,https://openalex.org/W2325027889,https://doi.org/10.1021/jp103340t,2010,Direct Accessing the Nanostructure of Carbon Supported Ru−Se Based Catalysts by ASAXS
snapshot_2,Topic_selenium_cathodes_2009-2018_Knowledge.txt,99,https://openalex.org/W1924483080,https://doi.org/10.1002/pssa.201330148,2013,The effect of tuning and origin of tolerance to organics of platinum catalytic centers modified by selenium
snapshot_2,Topic_selenium_cathodes_2009-2018_Knowledge.txt,100,https://openalex.org/W2329272378,https://doi.org/10.1021/cg4017849,2014,Photocorrosion-Assisted Transformation of Metal Selenide Nanocrystals into Crystalline Selenium Nanowires
snapshot_2,Topic_selenium_cathodes_2009-2018_Knowledge.txt,101,https://openalex.org/W2427181345,https://doi.org/10.1021/acsami.6b02378,2016,Multifunctional Nitrogen-Doped Loofah Sponge Carbon Blocking Layer for High-Performance Rechargeable Lithium Batteries
snapshot_2,Topic_selenium_cathodes_2009-2018_Knowledge.txt,102,https://openalex.org/W2078626024,https://doi.org/10.1039/b912552c,2010,Nanostructured Pt-alloy electrocatalysts for PEM fuel cell oxygen reduction reaction
snapshot_2,Topic_selenium_cathodes_2009-2018_Knowledge.txt,103,https://openalex.org/W2409778000,https://doi.org/10.1021/acs.chemmater.5b01231,2015,First-Principles Study of Molybdenum Chalcogenide Halide Nanowires for Mg-Ion Battery Cathode Application
snapshot_2,Topic_selenium_cathodes_2009-2018_Knowledge.txt,104,https://openalex.org/W2791056295,https://doi.org/10.5599/jese.490,2018,Electrochemical behaviour of selenite ions in tartaric electrolytes
snapshot_2,Topic_selenium_cathodes_2009-2018_Knowledge.txt,105,https://openalex.org/W2010653870,https://doi.org/10.2478/s11532-009-0066-3,2009,Miniaturization of flow-through generation cells for electrochemical hydride generation in AAS
snapshot_2,Topic_selenium_cathodes_2009-2018_Knowledge.txt,106,https://openalex.org/W2026945131,https://doi.org/10.1002/pssa.200881243,2009,"Se activity and its effect on Cu(In,Ga)Se<sub>2</sub>photovoltaic thin films"
snapshot_2,Topic_selenium_cathodes_2009-2018_Knowledge.txt,107,https://openalex.org/W1830220629,https://doi.org/10.24297/jac.v7i3.2373,2011,Electrochemical Behavior of Selenium as Part of Composite Electrode in Sulfuric Acid Medium
snapshot_2,Topic_selenium_cathodes_2009-2018_Knowledge.txt,108,https://openalex.org/W2333341304,https://doi.org/10.4172/2157-7439.1000194,2014,Improved Extraction of Intracellular Biogenic Selenium Nanoparticles and their Specificity for Cancer Chemoprevention
snapshot_2,Topic_selenium_cathodes_2009-2018_Knowledge.txt,109,https://openalex.org/W2895058300,https://doi.org/10.1021/acsaem.8b01382,2018,Poly(carbazole)-Coated Selenium@Conical Carbon Nanofibers Hybrid for Lithium–Selenium Batteries with Enhanced Lifespan
snapshot_2,Topic_selenium_cathodes_2009-2018_Knowledge.txt,110,https://openalex.org/W4237175076,https://doi.org/10.33961/jecst.2013.4.4.140,2013,Electrodeposition of Cu2Se Semiconductor Thin Film on Se-Modified Polycrystalline Au Electrode
snapshot_2,Topic_selenium_cathodes_2009-2018_Knowledge.txt,111,https://openalex.org/W2158508516,https://doi.org/10.3390/ma3042260,2010,Quantum Dots and Their Multimodal Applications: A Review
snapshot_2,Topic_selenium_cathodes_2009-2018_Knowledge.txt,112,https://openalex.org/W2414107837,https://doi.org/10.1039/c6cs00173d,2016,The rise of organic electrode materials for energy storage
snapshot_2,Topic_selenium_cathodes_2009-2018_Knowledge.txt,113,https://openalex.org/W1784388288,https://doi.org/10.1149/2.0341508jes,2015,Simultaneous Production of Electrolytic Metallic Manganese and Electrolytic Manganese Dioxide in an AMI 7001S Anion Exchange Membrane Electrochemical Reactor
snapshot_2,Topic_selenium_cathodes_2009-2018_Knowledge.txt,114,https://openalex.org/W1506303392,https://doi.org/10.1149/2.0451509jes,2015,"Electrodeposition of Copper, Selenium, Indium, and Gallium on Molybdenum/Surface Oxides: Unary, Binary, Ternary and Quaternary Compositions"
snapshot_2,Topic_selenium_cathodes_2009-2018_Knowledge.txt,115,https://openalex.org/W2609646580,https://doi.org/10.1007/s12598-017-0910-0,2017,Hierarchical porous carbon derived from animal bone as matric to encapsulated selenium for high performance Li–Se battery
snapshot_2,Topic_selenium_cathodes_2009-2018_Knowledge.txt,116,https://openalex.org/W2781550496,https://doi.org/10.20964/2018.02.17,2018,The effects of Zn2+ and Polyacrylamide (PAM) on the Electrodeposition of Manganese from Non-Selenium Sulfate Solutions
snapshot_2,Topic_selenium_cathodes_2009-2018_Knowledge.txt,117,https://openalex.org/W2071150527,https://doi.org/10.1021/ic9014509,2010,"A New Hexanuclear Iron−Selenium Nitrosyl Cluster: Primary Exploration of the Preparation Methods, Structure, and Spectroscopic and Electrochemical Properties"
snapshot_2,Topic_selenium_cathodes_2009-2018_Knowledge.txt,118,https://openalex.org/W2186443718,https://doi.org/10.1002/9780470682531.pat0571,2011,Electrochemistry of Organic Selenium and Tellurium Compounds
snapshot_2,Topic_selenium_cathodes_2009-2018_Knowledge.txt,119,https://openalex.org/W2338338911,https://doi.org/10.4028/www.scientific.net/kem.682.189,2016,Electrochemical Deposition of Selenium on Copper
snapshot_2,Topic_selenium_cathodes_2009-2018_Knowledge.txt,120,https://openalex.org/W2260385106,https://doi.org/10.1149/ma2014-02/2/106,2014,Micro- and Mesoporous Carbon - Selenium Composite Cathode for Lithium / Selenium Battery
snapshot_2,Topic_selenium_cathodes_2009-2018_Knowledge.txt,121,https://openalex.org/W2560025033,https://doi.org/10.1017/s1431927616004980,2016,Kinetics of Sodium and Selenium Reactions in Sodium Ion Batteries
snapshot_2,Topic_selenium_cathodes_2009-2018_Knowledge.txt,122,https://openalex.org/W1966559571,https://doi.org/10.4028/www.scientific.net/amr.68.69,2009,Electrochemical Deposition and Characterization of Cd-Fe-Se Thin Films
snapshot_2,Topic_selenium_cathodes_2009-2018_Knowledge.txt,123,https://openalex.org/W2509924951,https://doi.org/10.1186/s40643-016-0116-6,2016,Microbial fuel cell: a green approach for the utilization of waste for the generation of bioelectricity
snapshot_2,Topic_selenium_cathodes_2009-2018_Knowledge.txt,124,https://openalex.org/W2903081064,https://doi.org/10.1021/acssuschemeng.8b04395,2018,"Smart Merit Combination of Sulfur, Selenium and Electrode Engineering To Build Better Sustainable Li-Storage Batteries"
snapshot_2,Topic_selenium_cathodes_2009-2018_Knowledge.txt,125,https://openalex.org/W2401798190,https://doi.org/10.1149/ma2015-01/2/521,2015,Encapsulation of Selenium in Graphene Micro-Ball As a Cathode Material for Lithium-Selenium Secondary Battery Applications
snapshot_2,Topic_selenium_cathodes_2009-2018_Knowledge.txt,126,https://openalex.org/W2607128977,https://doi.org/10.6060/tcct.2017603.5436,2017,ELECTROLYTIC SEPARATION OF SELENIUM FROM LEAD ADMIXTURES
snapshot_2,Topic_selenium_cathodes_2009-2018_Knowledge.txt,127,https://openalex.org/W2167516410,https://doi.org/10.5229/jecst.2013.4.4.140,2013,Electrodeposition of Cu<sub>2</sub>Se Semiconductor Thin Film on Se-Modified Polycrystalline Au Electrode
snapshot_2,Topic_selenium_cathodes_2009-2018_Knowledge.txt,128,https://openalex.org/W884740928,https://doi.org/10.1021/es506149d,2015,Selective Enrichment Establishes a Stable Performing Community for Microbial Electrosynthesis of Acetate from CO<sub>2</sub>
snapshot_2,Topic_selenium_cathodes_2009-2018_Knowledge.txt,129,https://openalex.org/W2808363512,https://doi.org/10.1039/c7cs00619e,2018,Electrochemical strategies for C–H functionalization and C–N bond formation
snapshot_2,Topic_selenium_cathodes_2009-2018_Knowledge.txt,130,https://openalex.org/W2346930168,N/A,2016,Different Cathode Architectures for Lithium-Selenium Batteries
snapshot_2,Topic_selenium_cathodes_2009-2018_Knowledge.txt,131,https://openalex.org/W2781678624,https://doi.org/10.1186/s13568-017-0531-x,2018,Methanogens: biochemical background and biotechnological applications
snapshot_2,Topic_selenium_cathodes_2009-2018_Knowledge.txt,132,https://openalex.org/W2906962965,https://doi.org/10.1016/j.mtener.2018.12.004,2018,Emerging opportunities for black phosphorus in energy applications
snapshot_2,Topic_selenium_cathodes_2009-2018_Knowledge.txt,133,https://openalex.org/W2149524701,https://doi.org/10.1038/srep01401,2013,An Aqueous Rechargeable Lithium Battery Using Coated Li Metal as Anode
snapshot_2,Topic_selenium_cathodes_2009-2018_Knowledge.txt,134,https://openalex.org/W1966517756,https://doi.org/10.1155/2014/359316,2014,Bacteria in Nanoparticle Synthesis: Current Status and Future Prospects
snapshot_2,Topic_selenium_cathodes_2009-2018_Knowledge.txt,135,https://openalex.org/W2012560801,https://doi.org/10.1039/c4ta00458b,2014,Ultrathin S-doped MoSe<sub>2</sub>nanosheets for efficient hydrogen evolution
snapshot_2,Topic_selenium_cathodes_2009-2018_Knowledge.txt,136,https://openalex.org/W2784532118,https://doi.org/10.1021/acs.accounts.7b00487,2018,Understanding Conversion-Type Electrodes for Lithium Rechargeable Batteries
snapshot_2,Topic_selenium_cathodes_2009-2018_Knowledge.txt,137,https://openalex.org/W2949191509,https://doi.org/10.1002/chin.201344015,2013,ChemInform Abstract: An Advanced Selenium—Carbon Cathode for Rechargeable Lithium—Selenium Batteries.
snapshot_2,Topic_selenium_cathodes_2009-2018_Knowledge.txt,138,https://openalex.org/W2607825147,https://doi.org/10.1039/c7ee00534b,2017,Compatibility issues between electrodes and electrolytes in solid-state batteries
snapshot_2,Topic_selenium_cathodes_2009-2018_Knowledge.txt,139,https://openalex.org/W2753312755,https://doi.org/10.1116/1.4998940,2017,Review Article: Tracing the recorded history of thin-film sputter deposition: From the 1800s to 2017
snapshot_2,Topic_selenium_cathodes_2009-2018_Knowledge.txt,140,https://openalex.org/W2884558494,https://doi.org/10.1038/s41467-018-05301-6,2018,High sensitivity organic inorganic hybrid X-ray detectors with direct transduction and broadband response
snapshot_2,Topic_selenium_cathodes_2009-2018_Knowledge.txt,141,https://openalex.org/W2346209736,https://doi.org/10.1149/ma2016-03/2/986,2016,Reaction Mechanism and Dynamics of Selenium As Cathode for High Energy Density Lithium-Ion Battery
snapshot_2,Topic_selenium_cathodes_2009-2018_Knowledge.txt,142,https://openalex.org/W2793093147,https://doi.org/10.1149/ma2018-01/3/301,2018,Polymeric Selenium Sulfides As Promising Cathode Materials for High-Energy Lithium Batteries
snapshot_2,Topic_selenium_cathodes_2009-2018_Knowledge.txt,143,https://openalex.org/W2943103192,https://doi.org/10.1002/celc.201701297,2017,Cover Feature: Hybrid Sulfur−Selenium Co‐polymers as Cathodic Materials for Lithium Batteries (ChemElectroChem 2/2018)
snapshot_2,Topic_selenium_cathodes_2009-2018_Knowledge.txt,144,https://openalex.org/W2899132095,N/A,2018,Sulfur and Selenium Composites as Cathodes for HighPerformance Rechargeable Li-S and Li-Se Batteries
snapshot_2,Topic_selenium_cathodes_2009-2018_Knowledge.txt,145,https://openalex.org/W2745464750,https://doi.org/10.1039/c6cs00752j,2017,Counter electrodes in dye-sensitized solar cells
snapshot_2,Topic_selenium_cathodes_2009-2018_Knowledge.txt,146,https://openalex.org/W2161115018,https://doi.org/10.1186/2052-336x-12-36,2014,Electronic waste – an emerging threat to the environment of urban India
snapshot_2,Topic_selenium_cathodes_2009-2018_Knowledge.txt,147,https://openalex.org/W2734741546,https://doi.org/10.1149/ma2017-02/5/476,2017,Exceptional Energy and New Insight with Sodium – Selenium Battery Based on Carbon Nanosheet Cathode and Pseudographite Anode
snapshot_2,Topic_selenium_cathodes_2009-2018_Knowledge.txt,148,https://openalex.org/W2086176981,https://doi.org/10.3390/resources3010152,2014,Metal Extraction Processes for Electronic Waste and Existing Industrial Routes: A Review and Australian Perspective
snapshot_2,Topic_selenium_cathodes_2009-2018_Knowledge.txt,149,https://openalex.org/W2579915998,N/A,2015,Serum concentration of selenium among healthy adult in the west of Algeria
snapshot_2,Topic_selenium_cathodes_2009-2018_Knowledge.txt,150,https://openalex.org/W2329607579,https://doi.org/10.14288/1.0078655,2009,Minor element behavior in the INCO CRED process
snapshot_2,Topic_selenium_cathodes_2009-2018_Knowledge.txt,151,https://openalex.org/W2745916776,https://doi.org/10.1002/aenm.201700826,2017,Macroscopic‐Scale Three‐Dimensional Carbon Nanofiber Architectures for Electrochemical Energy Storage Devices
snapshot_2,Topic_selenium_cathodes_2009-2018_Knowledge.txt,152,https://openalex.org/W2810303881,https://doi.org/10.1149/ma2018-01/3/386,2018,Selenium Impregnated Monolithic Carbons as Free-Standing Cathodes for High Volumetric Energy Lithium and Sodium Metal Batteries
snapshot_2,Topic_selenium_cathodes_2009-2018_Knowledge.txt,153,https://openalex.org/W2811786797,https://doi.org/10.17580/tsm.2018.06.06,2018,Development and indtroduction of technical solutions to bring the quality of polar division cathode copper to conformity with London Metal Exchange standard
snapshot_2,Topic_selenium_cathodes_2009-2018_Knowledge.txt,154,https://openalex.org/W1904504745,https://doi.org/10.1109/tsipn.2015.2448520,2015,Joint Optimization of Radio and Computational Resources for Multicell Mobile-Edge Computing
snapshot_2,Topic_selenium_cathodes_2009-2018_Knowledge.txt,155,https://openalex.org/W230617320,https://doi.org/10.17221/113/2010-pse,2010,Selenium biofortification and antioxidant activity in lettuce plants fed with selenate and selenite
snapshot_2,Topic_selenium_cathodes_2009-2018_Knowledge.txt,156,https://openalex.org/W1981124143,https://doi.org/10.1118/1.3694667,2012,High resolution stationary digital breast tomosynthesis using distributed carbon nanotube x‐ray source array
snapshot_2,Topic_selenium_cathodes_2009-2018_Knowledge.txt,157,https://openalex.org/W4246046614,https://doi.org/10.1149/ma2010-03/1/496,2010,Selenium Nanorod-Polypyrrole Nanocomposite: A New Cathode Material for Lithium-Ion Battery
snapshot_2,Topic_selenium_cathodes_2009-2018_Knowledge.txt,158,https://openalex.org/W2016345434,https://doi.org/10.1109/inec.2013.6466040,2013,Development of a high sensitivity photodetector using amorphous selenium and diamond cold cathode
snapshot_2,Topic_selenium_cathodes_2009-2018_Knowledge.txt,159,https://openalex.org/W2026174404,https://doi.org/10.1103/physrevb.82.155463,2010,First-principles study of formation of Se submonolayer structures on Ru surfaces
snapshot_2,Topic_selenium_cathodes_2009-2018_Knowledge.txt,160,https://openalex.org/W2794170481,https://doi.org/10.1002/anie.201713417,2018,Reversible Redox Chemistry of Azo Compounds for Sodium‐Ion Batteries
snapshot_2,Topic_selenium_cathodes_2009-2018_Knowledge.txt,161,https://openalex.org/W2316231412,https://doi.org/10.5796/electrochemistry.77.801,2009,Generation of Selenonium Ylides from Selenonium Salts by Electrochemical Reduction and their Reactions
snapshot_2,Topic_selenium_cathodes_2009-2018_Knowledge.txt,162,https://openalex.org/W2431039770,https://doi.org/10.1007/s00217-015-2580-1,2015,Phenolic composition and antioxidant properties of Pleurotus ostreatus and Pleurotus eryngii enriched with selenium and zinc
snapshot_2,Topic_selenium_cathodes_2009-2018_Knowledge.txt,163,https://openalex.org/W2085055821,https://doi.org/10.1039/b910206j,2009,"Boron-doped diamond electrode: synthesis, characterization, functionalization and analytical applications"
snapshot_2,Topic_selenium_cathodes_2009-2018_Knowledge.txt,164,https://openalex.org/W1843319742,N/A,2011,Ultraviolet photodetector using a-Se anode and diamond cold cathode
snapshot_2,Topic_selenium_cathodes_2009-2018_Knowledge.txt,165,https://openalex.org/W2900555409,https://doi.org/10.1149/ma2018-02/5/341,2018,The Selenium-Sulfide Infiltrated Carbon Cathodes for Lithium-Sulfur Batteries: Effects of Carbon Framework Structure and Dopants on the Electrochemical Performances
snapshot_2,Topic_selenium_cathodes_2009-2018_Knowledge.txt,166,https://openalex.org/W2003335879,https://doi.org/10.3390/ijms150813849,2014,Antibacterial Surface Treatment for Orthopaedic Implants
snapshot_2,Topic_selenium_cathodes_2009-2018_Knowledge.txt,167,https://openalex.org/W2047724213,https://doi.org/10.1117/12.844809,2010,Amorphous selenium lateral Frisch photodetector and photomultiplier for high performance medical x-ray and gamma-ray imaging applications
snapshot_2,Topic_selenium_cathodes_2009-2018_Knowledge.txt,168,https://openalex.org/W2415383868,https://doi.org/10.1038/srep12486,2015,Rechargeable magnesium-ion battery based on a TiSe2-cathode with d-p orbital hybridized electronic structure
snapshot_2,Topic_selenium_cathodes_2009-2018_Knowledge.txt,169,https://openalex.org/W2112152274,https://doi.org/10.1039/c4en00059e,2014,Environmental science and engineering applications of nanocellulose-based nanocomposites
snapshot_2,Topic_selenium_cathodes_2009-2018_Knowledge.txt,170,https://openalex.org/W1996371855,https://doi.org/10.1109/ivnc.2013.6624739,2013,Amorphous selenium (a-Se) based wide wave-range photodetector driven by diamond cold cathode
snapshot_2,Topic_selenium_cathodes_2009-2018_Knowledge.txt,171,https://openalex.org/W2759728677,https://doi.org/10.1109/ivnc.2017.8051611,2017,Characterization of amorphous selenium based photoconductor for a high-sensitivity photodetector driven by diamond cold cathode
snapshot_2,Topic_selenium_cathodes_2009-2018_Knowledge.txt,172,https://openalex.org/W2885934662,https://doi.org/10.30880/jst.2018.10.02.009,2018,Structural and Optical Properties of Nickel Sulfoselenide (NiSSe) Thin Film for Photoelectrochemical Applications
snapshot_2,Topic_selenium_cathodes_2009-2018_Knowledge.txt,173,https://openalex.org/W1740585651,https://doi.org/10.1264/jsme2.me15028,2015,Biotechnological Aspects of Microbial Extracellular Electron Transfer
snapshot_2,Topic_selenium_cathodes_2009-2018_Knowledge.txt,174,https://openalex.org/W2104188986,https://doi.org/10.1155/2014/727496,2014,Titanium Dioxide as a Catalyst Support in Heterogeneous Catalysis
snapshot_2,Topic_selenium_cathodes_2009-2018_Knowledge.txt,175,https://openalex.org/W2298753026,https://doi.org/10.1021/acs.chemmater.5b04013,2015,Computational and Experimental Investigations of Na-Ion Conduction in Cubic Na<sub>3</sub>PSe<sub>4</sub>
snapshot_2,Topic_selenium_cathodes_2009-2018_Knowledge.txt,176,https://openalex.org/W2117655655,https://doi.org/10.3389/fchem.2014.00019,2014,Electrochemical sensors and devices for heavy metals assay in water: the French groups' contribution
snapshot_2,Topic_selenium_cathodes_2009-2018_Knowledge.txt,177,https://openalex.org/W2800829505,https://doi.org/10.3390/nano8040256,2018,"Recent Advances in Metal Chalcogenides (MX; X = S, Se) Nanostructures for Electrochemical Supercapacitor Applications: A Brief Review"
snapshot_2,Topic_selenium_cathodes_2009-2018_Knowledge.txt,178,https://openalex.org/W2890200713,https://doi.org/10.1039/c8ra06484a,2018,<i>In situ</i> reactive coating of metallic and selenophilic Ag<sub>2</sub>Se on Se/C cathode materials for high performance Li–Se batteries
snapshot_2,Topic_selenium_cathodes_2009-2018_Knowledge.txt,179,https://openalex.org/W1974288475,https://doi.org/10.1289/ehp.1002452,2010,Developmental Neurotoxicants in E-Waste: An Emerging Health Concern
snapshot_2,Topic_selenium_cathodes_2009-2018_Knowledge.txt,180,https://openalex.org/W2762921792,https://doi.org/10.1039/c7ta06971e,2017,"Recent advances in ternary two-dimensional materials: synthesis, properties and applications"
snapshot_2,Topic_selenium_cathodes_2009-2018_Knowledge.txt,181,https://openalex.org/W2404252981,https://doi.org/10.1038/am.2016.61,2016,Graphene quantum dots: structural integrity and oxygen functional groups for high sulfur/sulfide utilization in lithium sulfur batteries
snapshot_2,Topic_selenium_cathodes_2009-2018_Knowledge.txt,182,https://openalex.org/W2082823718,https://doi.org/10.3389/fpls.2013.00478,2013,Implications of the lack of desiccation tolerance in recalcitrant seeds
snapshot_2,Topic_selenium_cathodes_2009-2018_Knowledge.txt,183,https://openalex.org/W2884036488,https://doi.org/10.1063/1.5020511,2018,Plasma physics of liquids—A focused review
snapshot_2,Topic_selenium_cathodes_2009-2018_Knowledge.txt,184,https://openalex.org/W2333618737,https://doi.org/10.1038/srep23699,2016,Graphitic Carbon-Coated FeSe2 Hollow Nanosphere-Decorated Reduced Graphene Oxide Hybrid Nanofibers as an Efficient Anode Material for Sodium Ion Batteries
snapshot_2,Topic_selenium_cathodes_2009-2018_Knowledge.txt,185,https://openalex.org/W2024842404,https://doi.org/10.1118/1.3213520,2009,Design and characterization of a spatially distributed multibeam field emission x‐ray source for stationary digital breast tomosynthesis
snapshot_2,Topic_selenium_cathodes_2009-2018_Knowledge.txt,186,https://openalex.org/W2290210705,https://doi.org/10.4314/tjpr.v15i2.29,2016,Main Analytical Techniques Used for Elemental Analysis in Various Matrices
snapshot_2,Topic_selenium_cathodes_2009-2018_Knowledge.txt,187,https://openalex.org/W2780609546,https://doi.org/10.3390/app8010022,2017,Facile Synthesis of Two-Dimensional Porous MgCo2O4 Nanosheets as Anode for Lithium-Ion Batteries
snapshot_2,Topic_selenium_cathodes_2009-2018_Knowledge.txt,188,https://openalex.org/W2727854213,https://doi.org/10.3390/en10070860,2017,Site-Dependent Environmental Impacts of Industrial Hydrogen Production by Alkaline Water Electrolysis
snapshot_2,Topic_selenium_cathodes_2009-2018_Knowledge.txt,189,https://openalex.org/W2098419397,https://doi.org/10.5402/2012/827645,2012,Monitoring of Heavy Metal Content in Fruits and Vegetables Collected from Production and Market Sites in the Misurata Area of Libya
snapshot_2,Topic_selenium_cathodes_2009-2018_Knowledge.txt,190,https://openalex.org/W2033952333,https://doi.org/10.1371/journal.pone.0083060,2013,"Assessing Plasma Levels of Selenium, Copper, Iron and Zinc in Patients of Parkinson’s Disease"
snapshot_2,Topic_selenium_cathodes_2009-2018_Knowledge.txt,191,https://openalex.org/W2031270748,https://doi.org/10.1155/2013/805284,2012,Mineral Composition of Four Edible Mushrooms
snapshot_2,Topic_selenium_cathodes_2009-2018_Knowledge.txt,192,https://openalex.org/W2321107010,https://doi.org/10.1149/1.3422511,2010,Cathodic Deposition of ZnSe on Copper Substrates
snapshot_2,Topic_selenium_cathodes_2009-2018_Knowledge.txt,193,https://openalex.org/W1569731142,https://doi.org/10.3390/catal5031079,2015,Microwave Synthesis of High Activity FeSe2/C Catalyst toward Oxygen Reduction Reaction
snapshot_2,Topic_selenium_cathodes_2009-2018_Knowledge.txt,194,https://openalex.org/W2187046942,https://doi.org/10.25103/jestr.031.32,2010,E-waste: Environmental Problems and Current Management
snapshot_2,Topic_selenium_cathodes_2009-2018_Knowledge.txt,195,https://openalex.org/W2584283542,https://doi.org/10.1038/ncomms14224,2017,Self-surface charge exfoliation and electrostatically coordinated 2D hetero-layered hybrids
snapshot_2,Topic_selenium_cathodes_2009-2018_Knowledge.txt,196,https://openalex.org/W2132434677,https://doi.org/10.5194/soil-1-35-2015,2015,"The past, present, and future of soils and human health studies"
snapshot_2,Topic_selenium_cathodes_2009-2018_Knowledge.txt,197,https://openalex.org/W2059071822,https://doi.org/10.1590/s1415-52732010000200010,2010,Composição química de nozes e sementes comestíveis e sua relação com a nutrição e saúde
snapshot_2,Topic_selenium_cathodes_2009-2018_Knowledge.txt,198,https://openalex.org/W1994782303,https://doi.org/10.1021/nn502588k,2014,"Highly Flexible, Electrically Driven, Top-Emitting, Quantum Dot Light-Emitting Stickers"
snapshot_2,Topic_selenium_cathodes_2009-2018_Knowledge.txt,199,https://openalex.org/W2119738056,https://doi.org/10.1186/s40580-015-0048-4,2015,"Synthesis, properties and potential applications of two-dimensional transition metal dichalcogenides"
snapshot_2,Topic_selenium_cathodes_2009-2018_Knowledge.txt,200,https://openalex.org/W2147173298,https://doi.org/10.1111/1574-6976.12026,2013,"Antimicrobial strategies centered around reactive oxygen species – bactericidal antibiotics, photodynamic therapy, and beyond"
snapshot_2,Topic_selenium_cathodes_2009-2018_Knowledge.txt,201,https://openalex.org/W2158845561,https://doi.org/10.1039/c4ra11827h,2014,Polypyrrole derivatives for electrochromic applications
snapshot_2,Topic_selenium_cathodes_2009-2018_Knowledge.txt,202,https://openalex.org/W2090274229,https://doi.org/10.1201/9781315136271,2018,A Century of X-rays and Radioactivity in Medicine
snapshot_2,Topic_selenium_cathodes_2009-2018_Knowledge.txt,203,https://openalex.org/W2465112285,https://doi.org/10.3390/molecules21070900,2016,Photocatalytic Water Splitting—The Untamed Dream: A Review of Recent Advances
snapshot_2,Topic_selenium_cathodes_2009-2018_Knowledge.txt,204,https://openalex.org/W2015943724,https://doi.org/10.1155/2012/393160,2011,Facile Synthesis of Colloidal CuO Nanocrystals for Light‐Harvesting Applications
snapshot_2,Topic_selenium_cathodes_2009-2018_Knowledge.txt,205,https://openalex.org/W2104743692,https://doi.org/10.1186/1754-6834-2-7,2009,Controlling accumulation of fermentation inhibitors in biorefinery recycle water using microbial fuel cells
snapshot_2,Topic_selenium_cathodes_2009-2018_Knowledge.txt,206,https://openalex.org/W2592660491,https://doi.org/10.5772/65702,2017,Advance Deposition Techniques for Thin Film and Coating
snapshot_2,Topic_selenium_cathodes_2009-2018_Knowledge.txt,207,https://openalex.org/W2385207738,N/A,2014,Non-selenium Electrodeposition of Metal Manganese Using Ion Membrane Electrolyzer
snapshot_2,Topic_selenium_cathodes_2009-2018_Knowledge.txt,208,https://openalex.org/W2561025280,https://doi.org/10.1038/am.2016.191,2016,Restoration of thermally reduced graphene oxide by atomic-level selenium doping
snapshot_2,Topic_selenium_cathodes_2009-2018_Knowledge.txt,209,https://openalex.org/W2465691616,N/A,2015,Modeling and fault detection of an industrial copper electrowinning process
snapshot_2,Topic_selenium_cathodes_2009-2018_Knowledge.txt,210,https://openalex.org/W638049136,https://doi.org/10.1038/srep10022,2015,Nonvolatile Bio-Memristor Fabricated with Egg Albumen Film
snapshot_2,Topic_selenium_cathodes_2009-2018_Knowledge.txt,211,https://openalex.org/W2885980858,https://doi.org/10.1021/acsnano.8b03572,2018,Colloidal Bismuth Nanocrystals as a Model Anode Material for Rechargeable Mg-Ion Batteries: Atomistic and Mesoscale Insights
snapshot_2,Topic_selenium_cathodes_2009-2018_Knowledge.txt,212,https://openalex.org/W2026090675,https://doi.org/10.1109/tns.2013.2248381,2013,Simulation Study of Plasma Display Panel-Based&lt;newline/&gt; Flat Panel X-Ray Detector
snapshot_2,Topic_selenium_cathodes_2009-2018_Knowledge.txt,213,https://openalex.org/W1887612414,https://doi.org/10.1039/c5cp01841b,2015,Stability and ionic mobility in argyrodite-related lithium-ion solid electrolytes
snapshot_2,Topic_selenium_cathodes_2009-2018_Knowledge.txt,214,https://openalex.org/W2289899172,https://doi.org/10.1038/srep22432,2016,Na-ion Storage Performances of FeSex and Fe2O3 Hollow Nanoparticles-Decorated Reduced Graphene Oxide Balls prepared by Nanoscale Kirkendall Diffusion Process
snapshot_2,Topic_selenium_cathodes_2009-2018_Knowledge.txt,215,https://openalex.org/W2035428425,https://doi.org/10.1155/2014/613173,2014,A Review on Development Prospect of CZTS Based Thin Film Solar Cells
snapshot_2,Topic_selenium_cathodes_2009-2018_Knowledge.txt,216,https://openalex.org/W2223956782,https://doi.org/10.1039/c5gc02625c,2016,A large-scale synthesis of heteroatom (N and S) co-doped hierarchically porous carbon (HPC) derived from polyquaternium for superior oxygen reduction reactivity
snapshot_2,Topic_selenium_cathodes_2009-2018_Knowledge.txt,217,https://openalex.org/W2152004144,https://doi.org/10.1002/adma.200801984,2009,Nanomaterials for Neural Interfaces
snapshot_2,Topic_selenium_cathodes_2009-2018_Knowledge.txt,218,https://openalex.org/W2276552364,https://doi.org/10.1021/acs.analchem.5b03128,2015,Hydride Generation for Headspace Solid-Phase Extraction with CdTe Quantum Dots Immobilized on Paper for Sensitive Visual Detection of Selenium
snapshot_2,Topic_selenium_cathodes_2009-2018_Knowledge.txt,219,https://openalex.org/W2607840508,https://doi.org/10.1039/c7ta01384a,2017,Advances and challenges of nanostructured electrodes for Li–Se batteries
snapshot_2,Topic_selenium_cathodes_2009-2018_Knowledge.txt,220,https://openalex.org/W2492282451,https://doi.org/10.1515/intox-2015-0023,2015,"Effect of chronic exposure to cadmium on serum lipid, lipoprotein and oxidative stress indices in male rats"
snapshot_2,Topic_selenium_cathodes_2009-2018_Knowledge.txt,221,https://openalex.org/W2588804373,https://doi.org/10.1039/c7nr00460e,2017,An efficient ternary CoP<sub>2x</sub>Se<sub>2(1−x)</sub>nanowire array for overall water splitting
snapshot_2,Topic_selenium_cathodes_2009-2018_Knowledge.txt,222,https://openalex.org/W2097367553,https://doi.org/10.1093/hmg/ddr305,2011,Muscle choline kinase beta defect causes mitochondrial dysfunction and increased mitophagy
snapshot_2,Topic_selenium_cathodes_2009-2018_Knowledge.txt,223,https://openalex.org/W2179951883,https://doi.org/10.1080/00380768.2015.1075363,2015,"Concentrations and characteristics of selenium in soil samples from Dashan Region, a selenium-enriched area in China"
snapshot_2,Topic_selenium_cathodes_2009-2018_Knowledge.txt,224,https://openalex.org/W2585165798,https://doi.org/10.1088/1361-6463/aa53d7,2017,Semi-transparent solar cells
snapshot_2,Topic_selenium_cathodes_2009-2018_Knowledge.txt,225,https://openalex.org/W2747791402,https://doi.org/10.1149/2.1131712jes,2017,Application of a Sulfur Cathode in Nucleophilic Electrolytes for Magnesium/Sulfur Batteries
snapshot_2,Topic_selenium_cathodes_2009-2018_Knowledge.txt,226,https://openalex.org/W2884224590,https://doi.org/10.1039/c8cs00336j,2018,Hollow nanoparticles as emerging electrocatalysts for renewable energy conversion reactions
snapshot_2,Topic_selenium_cathodes_2009-2018_Knowledge.txt,227,https://openalex.org/W2510366107,https://doi.org/10.1007/s40789-016-0141-2,2016,Recovery of metals and other beneficial products from coal fly ash: a sustainable approach for fly ash management
snapshot_2,Topic_selenium_cathodes_2009-2018_Knowledge.txt,228,https://openalex.org/W2041061622,https://doi.org/10.1118/1.4892382,2014,Amorphous In–Ga–Zn–O thin‐film transistor active pixel sensor x‐ray imager for digital breast tomosynthesis
snapshot_2,Topic_selenium_cathodes_2009-2018_Knowledge.txt,229,https://openalex.org/W2767007415,https://doi.org/10.3390/recycling2040019,2017,Primary Copper Smelter and Refinery as a Recycling Plant—A System Integrated Approach to Estimate Secondary Raw Material Tolerance
snapshot_2,Topic_selenium_cathodes_2009-2018_Knowledge.txt,230,https://openalex.org/W2592076535,https://doi.org/10.1038/srep43582,2017,Facile Synthesis of Layer Structured GeP3/C with Stable Chemical Bonding for Enhanced Lithium-Ion Storage
snapshot_2,Topic_selenium_cathodes_2009-2018_Knowledge.txt,231,https://openalex.org/W2121081898,https://doi.org/10.1118/1.3121505,2009,An exposure indicator for digital radiography: AAPM Task Group 116 (Executive Summary)
snapshot_2,Topic_selenium_cathodes_2009-2018_Knowledge.txt,232,https://openalex.org/W2591265718,https://doi.org/10.5772/64935,2017,Electrodeposition from Deep Eutectic Solvents
snapshot_2,Topic_selenium_cathodes_2009-2018_Knowledge.txt,233,https://openalex.org/W2808388546,https://doi.org/10.1039/c8ra04407d,2018,A low-cost electrochemical thio- and selenocyanation strategy for electron-rich arenes under catalyst- and oxidant-free conditions
snapshot_2,Topic_selenium_cathodes_2009-2018_Knowledge.txt,234,https://openalex.org/W2904386673,https://doi.org/10.3390/coatings9010001,2018,"Characterization, Bioactivity and Antibacterial Properties of Copper-Based TiO2 Bioceramic Coatings Fabricated on Titanium"
snapshot_2,Topic_selenium_cathodes_2009-2018_Knowledge.txt,235,https://openalex.org/W2601479552,https://doi.org/10.1039/c7gc00334j,2017,Dissolution of pyrite and other Fe–S–As minerals using deep eutectic solvents
snapshot_2,Topic_selenium_cathodes_2009-2018_Knowledge.txt,236,https://openalex.org/W2004619312,https://doi.org/10.1109/nssmic.2012.6551736,2012,Simulation study of plasma display panel with GMD structure for x-ray imaging detector
snapshot_2,Topic_selenium_cathodes_2009-2018_Knowledge.txt,237,https://openalex.org/W1995204248,https://doi.org/10.1155/2011/729651,2011,A New Spectrophotometric Method for Determination of Selenium in Cosmetic and Pharmaceutical Preparations after Preconcentration with Cloud Point Extraction
snapshot_2,Topic_selenium_cathodes_2009-2018_Knowledge.txt,238,https://openalex.org/W4254010145,https://doi.org/10.33961/jecst.2013.4.1.1,2013,Electrochemistry of Gallium
snapshot_2,Topic_selenium_cathodes_2009-2018_Knowledge.txt,239,https://openalex.org/W2136135290,https://doi.org/10.3390/ijms12010476,2011,High Photoelectric Conversion Efficiency of Metal Phthalocyanine/Fullerene Heterojunction Photovoltaic Device
snapshot_2,Topic_selenium_cathodes_2009-2018_Knowledge.txt,240,https://openalex.org/W1979720876,https://doi.org/10.1007/s11434-013-5751-0,2013,Application of chemical vapor generation in ICP-MS: A review
snapshot_2,Topic_selenium_cathodes_2009-2018_Knowledge.txt,241,https://openalex.org/W1979739762,https://doi.org/10.1371/journal.pone.0032988,2012,You Are What You Eat: Within-Subject Increases in Fruit and Vegetable Consumption Confer Beneficial Skin-Color Changes
snapshot_2,Topic_selenium_cathodes_2009-2018_Knowledge.txt,242,https://openalex.org/W4246141226,https://doi.org/10.2298/jmmb0901001h,2009,Recent trends in extractive metallurgy
snapshot_2,Topic_selenium_cathodes_2009-2018_Knowledge.txt,243,https://openalex.org/W2077109440,https://doi.org/10.3390/nu6031251,2014,Selenium Fortification of an Italian Rice Cultivar via Foliar Fertilization with Sodium Selenate and Its Effects on Human Serum Selenium Levels and on Erythrocyte Glutathione Peroxidase Activity
snapshot_2,Topic_selenium_cathodes_2009-2018_Knowledge.txt,244,https://openalex.org/W2739724494,https://doi.org/10.1038/s41598-017-07783-8,2017,Metal oxide nanostructures by a simple hot water treatment
snapshot_2,Topic_selenium_cathodes_2009-2018_Knowledge.txt,245,https://openalex.org/W2807282856,https://doi.org/10.1039/c8sc01801d,2018,"Modulating the oxygen reduction activity of heteroatom-doped carbon catalysts <i>via</i> the triple effect: charge, spin density and ligand effect"
snapshot_2,Topic_selenium_cathodes_2009-2018_Knowledge.txt,246,https://openalex.org/W2293027586,https://doi.org/10.1007/s40726-016-0028-2,2016,Natural Arsenic in Global Groundwaters: Distribution and Geochemical Triggers for Mobilization
snapshot_2,Topic_selenium_cathodes_2009-2018_Knowledge.txt,247,https://openalex.org/W16556452,https://doi.org/10.17221/136/2010-cjfs,2011,Effect of buckwheat flour on microelements and proteins contents in gluten-free bread
snapshot_2,Topic_selenium_cathodes_2009-2018_Knowledge.txt,248,https://openalex.org/W2159599503,https://doi.org/10.7150/ijms.6104,2013,Status of Essential Trace Minerals and Oxidative Stress in Viral Hepatitis C Patients with Nonalcoholic Fatty Liver Disease
snapshot_2,Topic_selenium_cathodes_2009-2018_Knowledge.txt,249,https://openalex.org/W2763463281,https://doi.org/10.3390/ma10101158,2017,Biomass Derived Nitrogen-Doped Highly Porous Carbon Material with a Hierarchical Porous Structure for High-Performance Lithium/Sulfur Batteries
snapshot_2,Topic_selenium_cathodes_2009-2018_Knowledge.txt,250,https://openalex.org/W2618722092,https://doi.org/10.1007/s00217-017-2921-3,2017,Bio-enriched Pleurotus mushrooms for deficiency control and improved antioxidative protection of human platelets?
snapshot_2,Topic_selenium_cathodes_2009-2018_Knowledge.txt,251,https://openalex.org/W2175156715,https://doi.org/10.3390/w7126657,2015,Technologies for Decentralized Fluoride Removal: Testing Metallic Iron-based Filters
snapshot_2,Topic_selenium_cathodes_2009-2018_Knowledge.txt,252,https://openalex.org/W2066800966,https://doi.org/10.4061/2011/684535,2011,An Investigation of Palladium Oxygen Reduction Catalysts for the Direct Methanol Fuel Cell
snapshot_2,Topic_selenium_cathodes_2009-2018_Knowledge.txt,253,https://openalex.org/W2302352505,https://doi.org/10.2147/nsa.s101818,2016,Applications and toxicity of graphene family nanomaterials and their composites
snapshot_2,Topic_selenium_cathodes_2009-2018_Knowledge.txt,254,https://openalex.org/W1986337615,https://doi.org/10.1002/elan.200970017,2010,A Decade with Bismuth‐Based Electrodes in Electroanalysis
snapshot_2,Topic_selenium_cathodes_2009-2018_Knowledge.txt,255,https://openalex.org/W2314708222,https://doi.org/10.1021/nn503458y,2014,"Surface Functionalization of Semiconductor and Oxide Nanocrystals with Small Inorganic Oxoanions (PO<sub>4</sub><sup>3–</sup>, MoO<sub>4</sub><sup>2–</sup>) and Polyoxometalate Ligands"
snapshot_2,Topic_selenium_cathodes_2009-2018_Knowledge.txt,256,https://openalex.org/W2132089826,https://doi.org/10.2147/nsa.s9040,2011,"The design, fabrication, and photocatalytic utility of nanostructured semiconductors: focus on TiO2-based nanostructures"
snapshot_2,Topic_selenium_cathodes_2009-2018_Knowledge.txt,257,https://openalex.org/W2628373425,https://doi.org/10.1088/1361-6641/aa7ade,2017,Atomic layer deposition: an enabling technology for the growth of functional nanoscale semiconductors
snapshot_2,Topic_selenium_cathodes_2009-2018_Knowledge.txt,258,https://openalex.org/W2076765548,https://doi.org/10.1038/srep04063,2014,Few-Layer MoSe2 Possessing High Catalytic Activity towards Iodide/Tri-iodide Redox Shuttles
snapshot_2,Topic_selenium_cathodes_2009-2018_Knowledge.txt,259,https://openalex.org/W2107375034,https://doi.org/10.3390/s91007903,2009,Determination of Diclofenac on a Dysprosium Nanowire- Modified Carbon Paste Electrode Accomplished in a Flow Injection System by Advanced Filtering
snapshot_2,Topic_selenium_cathodes_2009-2018_Knowledge.txt,260,https://openalex.org/W2907891850,https://doi.org/10.30919/es8d668,2018,Pulsed Laser Deposition of NiSe2 Film on Carbon Nanotubes for High-Performance Supercapacitor
snapshot_2,Topic_selenium_cathodes_2009-2018_Knowledge.txt,261,https://openalex.org/W2412234405,https://doi.org/10.3389/fmicb.2016.00694,2016,Gas Fermentation—A Flexible Platform for Commercial Scale Production of Low-Carbon-Fuels and Chemicals from Waste and Renewable Feedstocks
snapshot_2,Topic_selenium_cathodes_2009-2018_Knowledge.txt,262,https://openalex.org/W2090388810,https://doi.org/10.1007/s10535-014-0407-8,2014,Effect of selenium on distribution of macro- and micro-elements to different tissues during wheat ontogeny
snapshot_2,Topic_selenium_cathodes_2009-2018_Knowledge.txt,263,https://openalex.org/W2396331984,https://doi.org/10.1038/srep13214,2015,Fullerene-Structured MoSe2 Hollow Spheres Anchored on Highly Nitrogen-Doped Graphene as a Conductive Catalyst for Photovoltaic Applications
snapshot_2,Topic_selenium_cathodes_2009-2018_Knowledge.txt,264,https://openalex.org/W2190454209,https://doi.org/10.1103/physrevb.94.045105,2016,Computational and experimental investigation for new transition metal selenides and sulfides: The importance of experimental verification for stability
snapshot_2,Topic_selenium_cathodes_2009-2018_Knowledge.txt,265,https://openalex.org/W2049891753,https://doi.org/10.1038/ismej.2011.114,2011,Black reefs: iron-induced phase shifts on coral reefs
snapshot_2,Topic_selenium_cathodes_2009-2018_Knowledge.txt,266,https://openalex.org/W2576354485,https://doi.org/10.1002/fsn3.455,2017,"Nutrient composition, functional, and pasting properties of unripe cooking banana, pigeon pea, and sweetpotato flour blends"
snapshot_2,Topic_selenium_cathodes_2009-2018_Knowledge.txt,267,https://openalex.org/W2001235479,https://doi.org/10.1038/srep03195,2013,Highly Efficient Oxygen Reduction Electrocatalysts based on Winged Carbon Nanotubes
snapshot_2,Topic_selenium_cathodes_2009-2018_Knowledge.txt,268,https://openalex.org/W1976804253,https://doi.org/10.1039/c4dt00539b,2014,[NiFe] hydrogenases: how close do structural and functional mimics approach the active site?
snapshot_2,Topic_selenium_cathodes_2009-2018_Knowledge.txt,269,https://openalex.org/W2121371370,https://doi.org/10.1155/2012/369572,2012,Phytotoxicity by Lead as Heavy Metal Focus on Oxidative Stress
snapshot_2,Topic_selenium_cathodes_2009-2018_Knowledge.txt,270,https://openalex.org/W2346333723,https://doi.org/10.1002/adma.201600278,2016,Layer Engineering of 2D Semiconductor Junctions
snapshot_2,Topic_selenium_cathodes_2009-2018_Knowledge.txt,271,https://openalex.org/W2901614627,https://doi.org/10.3389/fmicb.2018.02817,2018,Biosynthesis of Nanomaterials by Shewanella Species for Application in Lithium Ion Batteries
snapshot_2,Topic_selenium_cathodes_2009-2018_Knowledge.txt,272,https://openalex.org/W1800503520,https://doi.org/10.1039/c5ta05666g,2015,Recent progress in micro-scale energy storage devices and future aspects
snapshot_2,Topic_selenium_cathodes_2009-2018_Knowledge.txt,273,https://openalex.org/W2561465008,https://doi.org/10.3390/catal7010001,2016,The New Graphene Family Materials: Synthesis and Applications in Oxygen Reduction Reaction
snapshot_2,Topic_selenium_cathodes_2009-2018_Knowledge.txt,274,https://openalex.org/W2032942749,https://doi.org/10.3390/nu5041456,2013,Zinc Supplementation Alters Plasma Aluminum and Selenium Status of Patients Undergoing Dialysis: A Pilot Study
snapshot_2,Topic_selenium_cathodes_2009-2018_Knowledge.txt,275,https://openalex.org/W2328389839,https://doi.org/10.1515/revac-2014-0012,2014,Plasma-induced vapor generation technique for analytical atomic spectrometry
snapshot_2,Topic_selenium_cathodes_2009-2018_Knowledge.txt,276,https://openalex.org/W2949695872,https://doi.org/10.1021/cr100295j,2011,Ring Expansion of Cyclobutylmethylcarbenium Ions to Cyclopentane or Cyclopentene Derivatives and Metal-Promoted Analogous Rearrangements
snapshot_2,Topic_selenium_cathodes_2009-2018_Knowledge.txt,277,https://openalex.org/W2754472130,https://doi.org/10.3390/membranes7030054,2017,The Role of Ion Exchange Membranes in Membrane Capacitive Deionisation
snapshot_2,Topic_selenium_cathodes_2009-2018_Knowledge.txt,278,https://openalex.org/W2886630947,https://doi.org/10.1002/adma.201803351,2018,Spontaneous Formation of Noble‐ and Heavy‐Metal‐Free Alloyed Semiconductor Quantum Rods for Efficient Photocatalysis
snapshot_2,Topic_selenium_cathodes_2009-2018_Knowledge.txt,279,https://openalex.org/W1982863651,https://doi.org/10.1155/2013/835371,2013,The Determination of Arsenic Compounds: A Critical Review
snapshot_2,Topic_selenium_cathodes_2009-2018_Knowledge.txt,280,https://openalex.org/W2334168384,https://doi.org/10.1515/revac-2013-0003,2013,Speciation and determination of mercury by various analytical techniques
snapshot_2,Topic_selenium_cathodes_2009-2018_Knowledge.txt,281,https://openalex.org/W2049366238,https://doi.org/10.2147/nsa.s8199,2010,Nanoparticles as biochemical sensors
snapshot_2,Topic_selenium_cathodes_2009-2018_Knowledge.txt,282,https://openalex.org/W2766084293,https://doi.org/10.1021/acs.chemmater.7b02909,2017,Role of Point Defects in Spinel Mg Chalcogenide Conductors
snapshot_2,Topic_selenium_cathodes_2009-2018_Knowledge.txt,283,https://openalex.org/W2106573275,https://doi.org/10.3762/bjoc.6.88,2010,Aromatic and heterocyclic perfluoroalkyl sulfides. Methods of preparation
snapshot_2,Topic_selenium_cathodes_2009-2018_Knowledge.txt,284,https://openalex.org/W2034933865,https://doi.org/10.1093/jxb/ert160,2013,Pattern of iron distribution in maternal and filial tissues in wheat grains with contrasting levels of iron
snapshot_2,Topic_selenium_cathodes_2009-2018_Knowledge.txt,285,https://openalex.org/W1984398397,https://doi.org/10.1038/srep00451,2012,Homogeneous Photosensitization of Complex TiO2 Nanostructures for Efficient Solar Energy Conversion
snapshot_2,Topic_selenium_cathodes_2009-2018_Knowledge.txt,286,https://openalex.org/W2474024067,https://doi.org/10.5772/61332,2016,"The Generation, Composition, Collection, Treatment and Disposal System, and Impact of E-Waste"
snapshot_2,Topic_selenium_cathodes_2009-2018_Knowledge.txt,287,https://openalex.org/W2059506541,https://doi.org/10.3177/jnsv.57.177,2011,Naringenin in Combination with Vitamins C and E Potentially Protects Oxidative Stress-Mediated Hepatic Injury in Cadmium-Intoxicated Rats
snapshot_2,Topic_selenium_cathodes_2009-2018_Knowledge.txt,288,https://openalex.org/W2794347254,https://doi.org/10.1002/2017gb005830,2018,The Role of External Inputs and Internal Cycling in Shaping the Global Ocean Cobalt Distribution: Insights From the First Cobalt Biogeochemical Model
snapshot_2,Topic_selenium_cathodes_2009-2018_Knowledge.txt,289,https://openalex.org/W2095914976,https://doi.org/10.3346/jkms.2012.27.5.532,2012,"Longitudinal Study on Trace Mineral Compositions (Selenium, Zinc, Copper, Manganese) in Korean Human Preterm Milk"
snapshot_2,Topic_selenium_cathodes_2009-2018_Knowledge.txt,290,https://openalex.org/W2895667724,https://doi.org/10.1098/rsos.180925,2018,Fluorine-doped graphene with an outstanding electrocatalytic performance for efficient oxygen reduction reaction in alkaline solution
snapshot_2,Topic_selenium_cathodes_2009-2018_Knowledge.txt,291,https://openalex.org/W1492199623,https://doi.org/10.5772/52025,2013,Determination of Trace Metals in Waste Water and Their Removal Processes
snapshot_2,Topic_selenium_cathodes_2009-2018_Knowledge.txt,292,https://openalex.org/W2161205874,https://doi.org/10.1590/s0103-50532009000400020,2009,Determination and fractionation of barium in Brazil nuts
snapshot_2,Topic_selenium_cathodes_2009-2018_Knowledge.txt,293,https://openalex.org/W2083104093,https://doi.org/10.1007/s11434-012-5497-0,2012,"Recent advances in speciation analysis of mercury, arsenic and selenium"
snapshot_2,Topic_selenium_cathodes_2009-2018_Knowledge.txt,294,https://openalex.org/W2558138207,https://doi.org/10.5194/bg-14-2715-2017,2017,"Coastal sources, sinks and strong organic complexation of dissolved cobalt within the US North Atlantic GEOTRACES transect GA03"
snapshot_2,Topic_selenium_cathodes_2009-2018_Knowledge.txt,295,https://openalex.org/W2738143352,https://doi.org/10.3390/s17081711,2017,Complexation-Based Detection of Nickel(II) at a Graphene-Chelate Probe in the Presence of Cobalt and Zinc by Adsorptive Stripping Voltammetry
snapshot_2,Topic_selenium_cathodes_2009-2018_Knowledge.txt,296,https://openalex.org/W2314606310,https://doi.org/10.7763/ijesd.2010.v1.57,2010,Disposal Methods and Heavy Metals Released from Certain Electrical and Electronic Equipment Wastes in Nigeria: Adoption of Environmental Sound Recycling System
snapshot_2,Topic_selenium_cathodes_2009-2018_Knowledge.txt,297,https://openalex.org/W2887289623,https://doi.org/10.1007/s12161-018-1345-4,2018,Determination of Selenium in Food Samples by High-Resolution Continuum Source Atomic Absorption Spectrometry After Preconcentration on Halloysite Nanotubes Using Ultrasound-Assisted Dispersive Micro Solid-Phase Extraction
snapshot_2,Topic_selenium_cathodes_2009-2018_Knowledge.txt,298,https://openalex.org/W2461642306,https://doi.org/10.5772/61569,2016,A Review of Technology of Metal Recovery from Electronic Waste
snapshot_2,Topic_selenium_cathodes_2009-2018_Knowledge.txt,299,https://openalex.org/W2030342789,https://doi.org/10.1155/2014/975810,2014,Trace Elements Analysis in Drinking Water of Meghalaya by Using Graphite Furnace-Atomic Absorption Spectroscopy and in relation to Environmental and Health Issues
snapshot_2,Topic_selenium_cathodes_2009-2018_Knowledge.txt,300,https://openalex.org/W2468822062,https://doi.org/10.5935/0103-5053.20160052,2016,Solid Phase Extraction to On-Line Preconcentrate Trace Cadmium Using Chemically Modified Nano-Carbon Black with 3-Mercaptopropyltrimethoxysilane
snapshot_2,Topic_selenium_cathodes_2009-2018_Knowledge.txt,301,https://openalex.org/W2011600213,https://doi.org/10.1002/adfm.201303010,2013,High‐Performance Hybrid Solar Cell Made from CdSe/CdTe Nanocrystals Supported on Reduced Graphene Oxide and PCDTBT
snapshot_2,Topic_selenium_cathodes_2009-2018_Knowledge.txt,302,https://openalex.org/W1562100836,https://doi.org/10.3390/ma8062994,2015,The Composites of Graphene Oxide with Metal or Semimetal Nanoparticles and Their Effect on Pathogenic Microorganisms
snapshot_2,Topic_selenium_cathodes_2009-2018_Knowledge.txt,303,https://openalex.org/W2099811253,https://doi.org/10.3390/nano5020755,2015,Multifunctional Carbon Nanostructures for Advanced Energy Storage Applications
snapshot_2,Topic_selenium_cathodes_2009-2018_Knowledge.txt,304,https://openalex.org/W2043979991,https://doi.org/10.1038/am.2013.53,2013,A perspective of mesoscopic solar cells based on metal chalcogenide quantum dots and organometal-halide perovskites
snapshot_2,Topic_selenium_cathodes_2009-2018_Knowledge.txt,305,https://openalex.org/W2899031455,https://doi.org/10.3390/catal8110551,2018,Layered Ternary and Quaternary Transition Metal Chalcogenide Based Catalysts for Water Splitting
snapshot_2,Topic_selenium_cathodes_2009-2018_Knowledge.txt,306,https://openalex.org/W2603522613,https://doi.org/10.3390/su9040503,2017,E-Waste Supply Chain in Mexico: Challenges and Opportunities for Sustainable Management
snapshot_2,Topic_selenium_cathodes_2009-2018_Knowledge.txt,307,https://openalex.org/W2046312051,https://doi.org/10.3390/ijms150712379,2014,Subchronic Toxicity of Copper Oxide Nanoparticles and Its Attenuation with the Help of a Combination of Bioprotectors
snapshot_2,Topic_selenium_cathodes_2009-2018_Knowledge.txt,308,https://openalex.org/W2066886757,https://doi.org/10.4061/2011/568023,2011,Evolution of Principle and Practice of Electrodeposited Thin Film: A Review on Effect of Temperature and Sonication
snapshot_2,Topic_selenium_cathodes_2009-2018_Knowledge.txt,309,https://openalex.org/W2599122563,https://doi.org/10.1021/acsomega.6b00535,2017,Vertically Oriented and Interpenetrating CuSe Nanosheet Films with Open Channels for Flexible All-Solid-State Supercapacitors
snapshot_2,Topic_selenium_cathodes_2009-2018_Knowledge.txt,310,https://openalex.org/W2034935196,https://doi.org/10.1074/jbc.m110.172924,2010,Specificity of Staphyloferrin B Recognition by the SirA Receptor from Staphylococcus aureus
snapshot_2,Topic_selenium_cathodes_2009-2018_Knowledge.txt,311,https://openalex.org/W2794549037,https://doi.org/10.1021/acsenergylett.8b00366,2018,Molecular Engineering for Large Open-Circuit Voltage and Low Energy Loss in Around 10% Non-fullerene Organic Photovoltaics
snapshot_2,Topic_selenium_cathodes_2009-2018_Knowledge.txt,312,https://openalex.org/W2155498858,https://doi.org/10.11613/bm.2014.010,2014,Interference of medical contrast media on laboratory testing
snapshot_2,Topic_selenium_cathodes_2009-2018_Knowledge.txt,313,https://openalex.org/W2560487516,https://doi.org/10.1093/femsec/fiw247,2016,Gaia and her microbiome
snapshot_2,Topic_selenium_cathodes_2009-2018_Knowledge.txt,314,https://openalex.org/W2079551714,https://doi.org/10.1149/2.059112jes,2011,"Incorporation Mechanism of Indium and Gallium during Electrodeposition of Cu(In,Ga)Se2 Thin Film"
snapshot_2,Topic_selenium_cathodes_2009-2018_Knowledge.txt,315,https://openalex.org/W4242262598,https://doi.org/10.33961/jecst.2012.3.1.1,2012,Electrochemical behaviors of Indium
snapshot_2,Topic_selenium_cathodes_2009-2018_Knowledge.txt,316,https://openalex.org/W2888423143,https://doi.org/10.2478/ahr-2018-0007,2018,The effect of sodium selenate application on growth of the fruiting bodies in the first flush of mushroom Pleurotus ostreatus (Jacq.) P. Kumm
snapshot_2,Topic_selenium_cathodes_2009-2018_Knowledge.txt,317,https://openalex.org/W2127527621,https://doi.org/10.3390/s90100219,2009,Determination of Antimony (III) in Real Samples by Anodic Stripping Voltammetry Using a Mercury Film Screen-Printed Electrode
snapshot_2,Topic_selenium_cathodes_2009-2018_Knowledge.txt,318,https://openalex.org/W2168258675,https://doi.org/10.1007/s40243-015-0046-9,2015,Electrochemical stability of the polymer-derived nitrogen-doped carbon: an elusive goal?
snapshot_2,Topic_selenium_cathodes_2009-2018_Knowledge.txt,319,https://openalex.org/W1999990712,https://doi.org/10.2478/s13531-011-0012-y,2011,Microfluidic fuel cell systems
snapshot_2,Topic_selenium_cathodes_2009-2018_Knowledge.txt,320,https://openalex.org/W2552521619,https://doi.org/10.1155/2016/6375962,2016,Synthesis and Applications of Semiconducting Graphene
snapshot_2,Topic_selenium_cathodes_2009-2018_Knowledge.txt,321,https://openalex.org/W2711053845,https://doi.org/10.21577/1984-6835.20170070,2017,Optimization of Analytical Methods Using Response Surface Methodology - Part I: Process Variables
snapshot_2,Topic_selenium_cathodes_2009-2018_Knowledge.txt,322,https://openalex.org/W1598638761,https://doi.org/10.1149/2.0791508jes,2015,A Unifying View of the Constant-Phase-Element and Its Role as an Aging Indicator for Li-Ion Batteries
snapshot_2,Topic_selenium_cathodes_2009-2018_Knowledge.txt,323,https://openalex.org/W2293511151,https://doi.org/10.1103/physrevc.81.064326,2010,"Collectivity at<mml:math xmlns:mml=""http://www.w3.org/1998/Math/MathML"" display=""inline""><mml:mrow><mml:mi>N</mml:mi><mml:mo>=</mml:mo><mml:mn>50</mml:mn></mml:mrow></mml:math>:<mml:math xmlns:mml=""http://www.w3.org/1998/Math/MathML"" display=""inline""><mml:mmultiscripts><mml:mi mathvariant=""normal"">Ge</mml:mi><mml:mprescripts/><mml:none/><mml:mrow><mml:mn>82</mml:mn></mml:mrow></mml:mmultiscripts></mml:math>and<mml:math xmlns:mml=""http://www.w3.org/1998/Math/MathML"" display=""inline""><mml:mmultiscripts><mml:mi mathvariant=""normal"">Se</mml:mi><mml:mprescripts/><mml:none/><mml:mrow><mml:mn>84</mml:mn></mml:mrow></mml:mmultiscripts></mml:math>"
snapshot_2,Topic_selenium_cathodes_2009-2018_Knowledge.txt,324,https://openalex.org/W1832479554,https://doi.org/10.1155/2015/494015,2015,"Investigation of an Electrochemical Method for Separation of Copper, Indium, and Gallium from Pretreated CIGS Solar Cell Waste Materials"
snapshot_2,Topic_selenium_cathodes_2009-2018_Knowledge.txt,325,https://openalex.org/W2078232149,https://doi.org/10.2478/amm-2014-0147,2014,Microgravimetric Studies of Selenium Electrodeposition Onto Different Substrates
snapshot_2,Topic_selenium_cathodes_2009-2018_Knowledge.txt,326,https://openalex.org/W2758602593,https://doi.org/10.1155/2017/8023935,2017,Treatment of the Fluoroquinolone‐Associated Disability: The Pathobiochemical Implications
snapshot_2,Topic_selenium_cathodes_2009-2018_Knowledge.txt,327,https://openalex.org/W2164300330,https://doi.org/10.5923/j.re.20120202.02,2012,"Heavy Metal Concentration of Surface Dust Present in E-Waste Components: The Westminister Electronic Market, Lagos Case Study"
snapshot_2,Topic_selenium_cathodes_2009-2018_Knowledge.txt,328,https://openalex.org/W2318994229,https://doi.org/10.9790/3008-0824043,2013,Analysis of minerals and heavy metals in some spices collected from local market.
snapshot_2,Topic_selenium_cathodes_2009-2018_Knowledge.txt,329,https://openalex.org/W1975569242,https://doi.org/10.3389/fmicb.2012.00416,2012,Microbial Reduction of Chromate in the Presence of Nitrate by Three Nitrate Respiring Organisms
snapshot_2,Topic_selenium_cathodes_2009-2018_Knowledge.txt,330,https://openalex.org/W2063221444,https://doi.org/10.1093/nar/gkq038,2010,Structure and DNA binding activity of the mouse condensin hinge domain highlight common and diverse features of SMC proteins
snapshot_2,Topic_selenium_cathodes_2009-2018_Knowledge.txt,331,https://openalex.org/W2170124148,https://doi.org/10.1117/1.jpe.5.057212,2015,Semi-transparent polymer solar cells
snapshot_2,Topic_selenium_cathodes_2009-2018_Knowledge.txt,332,https://openalex.org/W2767000524,https://doi.org/10.1039/c7dt02666h,2017,"Cobalt, nickel, and iron complexes of 8-hydroxyquinoline-di(2-picolyl)amine for light-driven hydrogen evolution"
snapshot_2,Topic_selenium_cathodes_2009-2018_Knowledge.txt,333,https://openalex.org/W2897994704,https://doi.org/10.3168/jds.2018-14852,2018,Assessment of selenium bioaccumulation in lactic acid bacteria
snapshot_2,Topic_selenium_cathodes_2009-2018_Knowledge.txt,334,https://openalex.org/W2790741391,https://doi.org/10.3390/met8040203,2018,Refining Approaches in the Platinum Group Metal Processing Value Chain—A Review
snapshot_2,Topic_selenium_cathodes_2009-2018_Knowledge.txt,335,https://openalex.org/W2148236315,https://doi.org/10.1093/annhyg/meq032,2010,Characterizing Exposures to Airborne Metals and Nanoparticle Emissions in a Refinery
snapshot_2,Topic_selenium_cathodes_2009-2018_Knowledge.txt,336,https://openalex.org/W2315080526,https://doi.org/10.2741/3737,2010,Nanomaterials for biosensing with electrochemiluminescence (ECL) detection
snapshot_2,Topic_selenium_cathodes_2009-2018_Knowledge.txt,337,https://openalex.org/W2491683286,https://doi.org/10.1007/s11356-016-7222-z,2016,Content of selected elements and low-molecular-weight organic acids in fruiting bodies of edible mushroom Boletus badius (Fr.) Fr. from unpolluted and polluted areas
snapshot_2,Topic_selenium_cathodes_2009-2018_Knowledge.txt,338,https://openalex.org/W2022467049,https://doi.org/10.1074/jbc.m111.310920,2011,Selenoprotein K Binds Multiprotein Complexes and Is Involved in the Regulation of Endoplasmic Reticulum Homeostasis
snapshot_2,Topic_selenium_cathodes_2009-2018_Knowledge.txt,339,https://openalex.org/W2152284328,https://doi.org/10.1155/2011/685935,2011,The Simplest Way to Iodine-Doped Anatase for Photocatalysts Activated by Visible Light
snapshot_2,Topic_selenium_cathodes_2009-2018_Knowledge.txt,340,https://openalex.org/W2788294418,https://doi.org/10.2174/1381612824666180219143900,2018,Antibacterial Coatings Based on Chitosan for Pharmaceutical and Biomedical Applications
snapshot_2,Topic_selenium_cathodes_2009-2018_Knowledge.txt,341,https://openalex.org/W2580892281,https://doi.org/10.1039/c6ra26333j,2017,"Recent studies of the synthesis, functionalization, optoelectronic properties and applications of dibenzophospholes"
snapshot_2,Topic_selenium_cathodes_2009-2018_Knowledge.txt,342,https://openalex.org/W2902716806,https://doi.org/10.3390/polym10121309,2018,MoSe2-GO/rGO Composite Catalyst for Hydrogen Evolution Reaction
snapshot_2,Topic_selenium_cathodes_2009-2018_Knowledge.txt,343,https://openalex.org/W2805517520,https://doi.org/10.1038/s41598-018-26521-2,2018,Excitation and injury of adult ventricular cardiomyocytes by nano- to millisecond electric shocks
snapshot_2,Topic_selenium_cathodes_2009-2018_Knowledge.txt,344,https://openalex.org/W2767993522,https://doi.org/10.1002/mp.12659,2017,Image quality and dose for a multisource cone‐beam <scp>CT</scp> extremity scanner
snapshot_2,Topic_selenium_cathodes_2009-2018_Knowledge.txt,345,https://openalex.org/W2895794757,https://doi.org/10.3390/s18103368,2018,An Electrochemical Cholesterol Biosensor Based on A CdTe/CdSe/ZnSe Quantum Dots—Poly (Propylene Imine) Dendrimer Nanocomposite Immobilisation Layer
snapshot_2,Topic_selenium_cathodes_2009-2018_Knowledge.txt,346,https://openalex.org/W1994881121,https://doi.org/10.5229/jecst.2013.4.1.1,2013,Electrochemistry of Gallium
snapshot_2,Topic_selenium_cathodes_2009-2018_Knowledge.txt,347,https://openalex.org/W2769811401,https://doi.org/10.1039/c7ob02402a,2017,Radical fluorination reactions by thermal and photoinduced methods
snapshot_2,Topic_selenium_cathodes_2009-2018_Knowledge.txt,348,https://openalex.org/W1491627666,https://doi.org/10.4314/ejesm.v8i5.13,2015,A review of current techniques of &lt;in situ&gt; Physico-chemical and biological remediation of heavy metals polluted soil
snapshot_2,Topic_selenium_cathodes_2009-2018_Knowledge.txt,349,https://openalex.org/W1966821184,https://doi.org/10.1186/1741-7015-7-22,2009,Zinc and copper supplementation in acute diarrhea in children: a double-blind randomized controlled trial
snapshot_2,Topic_selenium_cathodes_2009-2018_Knowledge.txt,350,https://openalex.org/W2903823274,https://doi.org/10.3389/fchem.2018.00634,2018,Opportunities and Challenges in the Development of Cathode Materials for Rechargeable Mg Batteries
snapshot_2,Topic_selenium_cathodes_2009-2018_Knowledge.txt,351,https://openalex.org/W2040329668,https://doi.org/10.3762/bjoc.11.18,2015,"Electrochemical selenium- and iodonium-initiated cyclisation of hydroxy-functionalised 1,4-dienes"
snapshot_2,Topic_selenium_cathodes_2009-2018_Knowledge.txt,352,https://openalex.org/W2886903835,https://doi.org/10.3390/bios8030077,2018,Development of MoSe2 Nano-Urchins as a Sensing Platform for a Selective Bio-Capturing of Escherichia coli Shiga Toxin DNA
snapshot_2,Topic_selenium_cathodes_2009-2018_Knowledge.txt,353,https://openalex.org/W2801904697,https://doi.org/10.1039/c8cs00094h,2018,Novel structured transition metal dichalcogenide nanosheets
snapshot_2,Topic_selenium_cathodes_2009-2018_Knowledge.txt,354,https://openalex.org/W2560545464,https://doi.org/10.1007/s00477-016-1366-8,2016,Assessment of the Kraków inhabitants’ health risk caused by the exposure to inhalation of outdoor air contaminants
snapshot_2,Topic_selenium_cathodes_2009-2018_Knowledge.txt,355,https://openalex.org/W2791779454,https://doi.org/10.5772/intechopen.71857,2018,"Pulsed Electrochemical Deposition of CuInSe2 and Cu(In,Ga)Se2 Semiconductor Thin Films"
snapshot_2,Topic_selenium_cathodes_2009-2018_Knowledge.txt,356,https://openalex.org/W2119297298,https://doi.org/10.1155/2014/917024,2014,A Review on Characterizations and Biocompatibility of Functionalized Carbon Nanotubes in Drug Delivery Design
snapshot_2,Topic_selenium_cathodes_2009-2018_Knowledge.txt,357,https://openalex.org/W2810999923,https://doi.org/10.3390/met8070499,2018,An In Vitro Corrosion Study of Open Cell Iron Structures with PEG Coating for Bone Replacement Applications
snapshot_2,Topic_selenium_cathodes_2009-2018_Knowledge.txt,358,https://openalex.org/W2905902914,https://doi.org/10.3390/coatings9010010,2018,Effect of Particle Size on the Corrosion Behaviour of Gold in the Presence of Chloride Impurities: An EFC-ICP-MS Potentiodynamic Study
snapshot_2,Topic_selenium_cathodes_2009-2018_Knowledge.txt,359,https://openalex.org/W2805638272,https://doi.org/10.1039/c8ra02040j,2018,Effect of thiophene S on the enhanced ORR electrocatalytic performance of sulfur-doped graphene quantum dot/reduced graphene oxide nanocomposites
snapshot_2,Topic_selenium_cathodes_2009-2018_Knowledge.txt,360,https://openalex.org/W2131862958,https://doi.org/10.4491/eer.2014.19.1.015,2014,"Adsorption Characteristics of Multi-Metal Ions by Red Mud, Zeolite, Limestone, and Oyster Shell"
snapshot_2,Topic_selenium_cathodes_2009-2018_Knowledge.txt,361,https://openalex.org/W2077718604,https://doi.org/10.3184/003685010x12626410325807,2010,Solar Energy: Principles and Possibilities
snapshot_2,Topic_selenium_cathodes_2009-2018_Knowledge.txt,362,https://openalex.org/W2490674227,https://doi.org/10.1515/nuka-2015-0153,2015,Pyrochemical reprocessing of molten salt fast reactor fuel: focus on the reductive extraction step
snapshot_2,Topic_selenium_cathodes_2009-2018_Knowledge.txt,363,https://openalex.org/W2140955637,https://doi.org/10.1039/c4nj00545g,2014,Multinuclear ruthenium(<scp>ii</scp>) complexes as anticancer agents
snapshot_2,Topic_selenium_cathodes_2009-2018_Knowledge.txt,364,https://openalex.org/W2501815195,https://doi.org/10.5772/64139,2016,Environmental Impact of Processing Electronic Waste – Key Issues and Challenges
snapshot_2,Topic_selenium_cathodes_2009-2018_Knowledge.txt,365,https://openalex.org/W1934801148,https://doi.org/10.4314/jasem.v19i3.17,2015,Evaluation of Pb and Cu contents of selected component parts of waste personal computers
snapshot_2,Topic_selenium_cathodes_2009-2018_Knowledge.txt,366,https://openalex.org/W2162228688,https://doi.org/10.11648/j.sjac.20150301.13,2015,Determination of Some Selected Heavy Metals in Fish and Water Samples from Hawassa and Ziway Lakes
snapshot_2,Topic_selenium_cathodes_2009-2018_Knowledge.txt,367,https://openalex.org/W2893663419,https://doi.org/10.1021/acsaem.8b01357,2018,Route of Irreversible Transformation in Layered Tin Thiophosphite and Enhanced Lithium Storage Performance
snapshot_2,Topic_selenium_cathodes_2009-2018_Knowledge.txt,368,https://openalex.org/W2176120523,https://doi.org/10.1039/c5ra21958b,2015,Small molecular push–pull donors for organic photovoltaics: effect of the heterocyclic π-spacer
snapshot_2,Topic_selenium_cathodes_2009-2018_Knowledge.txt,369,https://openalex.org/W1791735428,https://doi.org/10.1039/c5ra19849f,2015,"Zn(<scp>ii</scp>) complex with 2-quinolinecarboxaldehyde selenosemicarbazone: synthesis, structure, interaction studies with DNA/HSA, molecular docking and caspase-8 and -9 independent apoptose induction"
snapshot_2,Topic_selenium_cathodes_2009-2018_Knowledge.txt,370,https://openalex.org/W2742988044,https://doi.org/10.1021/acs.chemmater.7b02467,2017,Significantly Enhanced Thermoelectric Performance of γ-In<sub>2</sub>Se<sub>3</sub> through Lithiation via Chemical Diffusion
snapshot_2,Topic_selenium_cathodes_2009-2018_Knowledge.txt,371,https://openalex.org/W2769657196,https://doi.org/10.4191/kcers.2017.54.6.03,2017,Development of Colloidal Quantum Dots for Electrically Driven Light-Emitting Devices
snapshot_2,Topic_selenium_cathodes_2009-2018_Knowledge.txt,372,https://openalex.org/W1969317913,https://doi.org/10.1118/1.3116364,2009,Active pixel imagers incorporating pixel‐level amplifiers based on polycrystalline‐silicon thin‐film transistors
snapshot_2,Topic_selenium_cathodes_2009-2018_Knowledge.txt,373,https://openalex.org/W659452994,https://doi.org/10.1007/s13320-015-0253-0,2015,Hydrogen gas sensors based on electrostatically spray deposited nickel oxide thin film structures
snapshot_2,Topic_selenium_cathodes_2009-2018_Knowledge.txt,374,https://openalex.org/W2902537958,https://doi.org/10.1021/acs.chemmater.8b04155,2018,Colloidal Nanocrystals as Heterogeneous Catalysts for Electrochemical CO<sub>2</sub> Conversion
snapshot_2,Topic_selenium_cathodes_2009-2018_Knowledge.txt,375,https://openalex.org/W1667255107,https://doi.org/10.3109/13880209.2015.1057651,2015,Ginger extract modulates Pb-induced hepatic oxidative stress and expression of antioxidant gene transcripts in rat liver
snapshot_2,Topic_selenium_cathodes_2009-2018_Knowledge.txt,376,https://openalex.org/W2335865309,https://doi.org/10.1515/amm-2015-0178,2015,Electrowinning Of Tellurium From Acidic Solutions
snapshot_2,Topic_selenium_cathodes_2009-2018_Knowledge.txt,377,https://openalex.org/W2768064839,https://doi.org/10.1039/c7ra10001a,2017,One-pot hydrothermal synthesis and selective etching method of a porous MoSe<sub>2</sub> sand rose-like structure for electrocatalytic hydrogen evolution reaction
snapshot_2,Topic_selenium_cathodes_2009-2018_Knowledge.txt,378,https://openalex.org/W2014353319,https://doi.org/10.1155/2013/319637,2013,TiO<sub>2</sub>‐Based Photocatalytic Process for Purification of Polluted Water: Bridging Fundamentals to Applications
snapshot_2,Topic_selenium_cathodes_2009-2018_Knowledge.txt,379,https://openalex.org/W2054433048,https://doi.org/10.1039/c3tc31235f,2013,Correlating molecular morphology with optoelectronic function in solar cells based on low band-gap copolymer:fullerene blends
snapshot_2,Topic_selenium_cathodes_2009-2018_Knowledge.txt,380,https://openalex.org/W1549017301,https://doi.org/10.5772/27698,2011,Iron Oxide Nanoparticles
snapshot_2,Topic_selenium_cathodes_2009-2018_Knowledge.txt,381,https://openalex.org/W2003506374,https://doi.org/10.1107/s0909049510011611,2010,Impact of synchrotron radiation on macromolecular crystallography: a personal view
snapshot_2,Topic_selenium_cathodes_2009-2018_Knowledge.txt,382,https://openalex.org/W4252621633,https://doi.org/10.30955/gnj.002589,2018,Applied WEEE pre-treatment methods: Opportunities to maximizing the recovery of critical metals
snapshot_2,Topic_selenium_cathodes_2009-2018_Knowledge.txt,383,https://openalex.org/W2070239727,https://doi.org/10.1039/c4ra16154h,2014,"Breaking bonds with electrons: stepwise and concerted reductive cleavage of C–S, C–Se and Se–CN bonds in phenacylthiocyanates and phenacylselenocyanates"
snapshot_2,Topic_selenium_cathodes_2009-2018_Knowledge.txt,384,https://openalex.org/W2127622915,https://doi.org/10.1039/c4cp01566e,2014,Improved efficiency of bulk heterojunction hybrid solar cells by utilizing CdSe quantum dot–graphene nanocomposites
snapshot_2,Topic_selenium_cathodes_2009-2018_Knowledge.txt,385,https://openalex.org/W2576869542,https://doi.org/10.1088/1361-6641/aa59ee,2017,Review on light management by nanostructures in chalcopyrite solar cells
snapshot_2,Topic_selenium_cathodes_2009-2018_Knowledge.txt,386,https://openalex.org/W1989951845,https://doi.org/10.2147/rmi.s50045,2015,Energy-resolved X-ray detectors: the future of diagnostic imaging
snapshot_2,Topic_selenium_cathodes_2009-2018_Knowledge.txt,387,https://openalex.org/W2119241814,https://doi.org/10.5194/os-5-697-2009,2009,Electrochemical techniques and sensors for ocean research
snapshot_2,Topic_selenium_cathodes_2009-2018_Knowledge.txt,388,https://openalex.org/W2093643095,https://doi.org/10.2147/eect.s37038,2014,"In-depth review of atmospheric mercury: sources, transformations, and potential sinks"
snapshot_2,Topic_selenium_cathodes_2009-2018_Knowledge.txt,389,https://openalex.org/W2167586212,https://doi.org/10.13189/eee.2014.020501,2014,The Use of Manganese Oxide Minerals for the Removal Arsenic and Selenium Anions from Aqueous Solutions
snapshot_2,Topic_selenium_cathodes_2009-2018_Knowledge.txt,390,https://openalex.org/W2902827200,https://doi.org/10.1039/c8na00221e,2018,Ultra-stable pulse generation in ytterbium-doped fiber laser based on black phosphorus
snapshot_2,Topic_selenium_cathodes_2009-2018_Knowledge.txt,391,https://openalex.org/W2805110002,https://doi.org/10.1002/smll.201800749,2018,Liquid‐Phase Exfoliated Indium–Selenide Flakes and Their Application in Hydrogen Evolution Reaction
snapshot_2,Topic_selenium_cathodes_2009-2018_Knowledge.txt,392,https://openalex.org/W2803306040,https://doi.org/10.26508/lsa.201800036,2018,Serine catabolism is essential to maintain mitochondrial respiration in mammalian cells
snapshot_2,Topic_selenium_cathodes_2009-2018_Knowledge.txt,393,https://openalex.org/W2768735498,https://doi.org/10.1039/c7ra11976c,2017,A sustainable approach to separate and recover indium and tin from spent indium–tin oxide targets
snapshot_2,Topic_selenium_cathodes_2009-2018_Knowledge.txt,394,https://openalex.org/W2091799240,https://doi.org/10.3329/dujs.v60i1.10352,2012,Characterization of Electrodeposited Cadmium Selenide Thin Films
snapshot_2,Topic_selenium_cathodes_2009-2018_Knowledge.txt,395,https://openalex.org/W2151114021,https://doi.org/10.1016/j.kjms.2011.05.005,2011,Arsenic speciation in biomedical sciences: Recent advances and applications
snapshot_2,Topic_selenium_cathodes_2009-2018_Knowledge.txt,396,https://openalex.org/W1535898141,https://doi.org/10.1155/2012/758708,2011,Anodic Stripping Voltammetry of Se<sup>4+</sup>on Gold-Modified Boron-Doped Diamond Electrodes
snapshot_2,Topic_selenium_cathodes_2009-2018_Knowledge.txt,397,https://openalex.org/W2088135362,https://doi.org/10.1155/2014/838975,2014,"Synthesis, Characterization, and Photoconductivity Studies on Poly(2-chloroaniline) and Poly(2-chloroaniline)/CuO Nanocomposites"
snapshot_2,Topic_selenium_cathodes_2009-2018_Knowledge.txt,398,https://openalex.org/W2071885064,https://doi.org/10.3329/bjp.v7i1.8414,2012,"Computational selections of terpenes present in the plant Calotropis gigantea as mosquito larvicide’s by blocking the sterol carrying protein, AeSCP-2"
snapshot_2,Topic_selenium_cathodes_2009-2018_Knowledge.txt,399,https://openalex.org/W2214739220,https://doi.org/10.5219/492,2015,Effect of selenium on its content in milk and performance of dairy cows in ecological farming
snapshot_2,Topic_selenium_cathodes_2009-2018_Knowledge.txt,400,https://openalex.org/W2045366932,https://doi.org/10.1063/1.4892773,2014,Metamorphic Ga0.76In0.24As/GaAs0.75Sb0.25 tunnel junctions grown on GaAs substrates
snapshot_2,Topic_selenium_cathodes_2009-2018_Knowledge.txt,401,https://openalex.org/W4245877106,https://doi.org/10.1002/aenm.201570003,2015,Contents: (Adv. Energy Mater. 1/2015)
snapshot_2,Topic_selenium_cathodes_2009-2018_Knowledge.txt,402,https://openalex.org/W2086160046,https://doi.org/10.5229/jecst.2012.3.1.1,2012,Electrochemical behaviors of Indium
snapshot_2,Topic_selenium_cathodes_2009-2018_Knowledge.txt,403,https://openalex.org/W359740767,https://doi.org/10.1039/9781849739344,2013,Basic Chemometric Techniques in Atomic Spectroscopy
snapshot_2,Topic_selenium_cathodes_2009-2018_Knowledge.txt,404,https://openalex.org/W2149273061,https://doi.org/10.1071/en13010,2013,Arsenic binding to organic and inorganic sulfur species during microbial sulfate reduction: a sediment flow-through reactor experiment
snapshot_2,Topic_selenium_cathodes_2009-2018_Knowledge.txt,405,https://openalex.org/W2790976471,https://doi.org/10.4236/jcpt.2018.81003,2018,Production of High Purity Metals: A Review on Zone Refining Process
snapshot_2,Topic_selenium_cathodes_2009-2018_Knowledge.txt,406,https://openalex.org/W1562368812,https://doi.org/10.5772/15500,2011,Ferrate(VI) in the Treatment of Wastewaters: A New Generation Green Chemical
snapshot_2,Topic_selenium_cathodes_2009-2018_Knowledge.txt,407,https://openalex.org/W2907966610,https://doi.org/10.32737/2221-8688-2018-3-331-336,2018,THE EFFECT OF VARIOUS FACTORS ON THE COMPOSITION OF ELECTROLYTIC THIN FILMS Sb-Se
snapshot_2,Topic_selenium_cathodes_2009-2018_Knowledge.txt,408,https://openalex.org/W2293321980,https://doi.org/10.3762/bjnano.7.34,2016,Rigid multipodal platforms for metal surfaces
snapshot_2,Topic_selenium_cathodes_2009-2018_Knowledge.txt,409,https://openalex.org/W2329636685,https://doi.org/10.1021/jf501638k,2014,Analytical Method for the Determination of Trace Toxic Elements in Milk Based on Combining Fe<sub>3</sub>O<sub>4</sub> Nanoparticles Accelerated UV Fenton-like Digestion and Solid Phase Extraction
snapshot_2,Topic_selenium_cathodes_2009-2018_Knowledge.txt,410,https://openalex.org/W2898769555,https://doi.org/10.3390/en11112963,2018,Application of Operando X-ray Diffractometry in Various Aspects of the Investigations of Lithium/Sodium-Ion Batteries
snapshot_2,Topic_selenium_cathodes_2009-2018_Knowledge.txt,411,https://openalex.org/W2898549385,https://doi.org/10.5897/ajest2018.2545,2018,Performance enhancement of Nalgonda technique and pilot testing electrolytic defluoridation system for removing fluoride from drinking water in East Africa
snapshot_2,Topic_selenium_cathodes_2009-2018_Knowledge.txt,412,https://openalex.org/W2808591735,https://doi.org/10.15244/pjoes/80693,2018,Distribution and Accumulation of Seleniumin Plants and Health Risk Assessment froma Selenium-Rich Area in China
snapshot_2,Topic_selenium_cathodes_2009-2018_Knowledge.txt,413,https://openalex.org/W2884829244,https://doi.org/10.5772/intechopen.75531,2018,Arsenic in Water: Determination and Removal
snapshot_2,Topic_selenium_cathodes_2009-2018_Knowledge.txt,414,https://openalex.org/W2157801390,https://doi.org/10.4067/s0717-97072012000400007,2012,CORROSION INHIBITION OF AA6061 AND AA6063 ALLOY IN HYDROCHLORIC ACID MEDIA BY SCHIFF BASE COMPOUNDS
snapshot_2,Topic_selenium_cathodes_2009-2018_Knowledge.txt,415,https://openalex.org/W2157615181,https://doi.org/10.1007/s40097-014-0087-0,2014,Quantum chemical studies on the structural and electronic properties of nickel sulphide and iron sulphide nanoclusters
snapshot_2,Topic_selenium_cathodes_2009-2018_Knowledge.txt,416,https://openalex.org/W2781548601,https://doi.org/10.1007/s13320-017-0460-y,2017,Characterization of polycrystalline nickel cobaltite nanostructures prepared by DC plasma magnetron co-sputtering for gas sensing applications
snapshot_2,Topic_selenium_cathodes_2009-2018_Knowledge.txt,417,https://openalex.org/W2889495953,https://doi.org/10.1109/les.2017.2774800,2017,Securing Hardware Accelerators: A New Challenge for High-Level Synthesis
snapshot_2,Topic_selenium_cathodes_2009-2018_Knowledge.txt,418,https://openalex.org/W2073221633,https://doi.org/10.1007/s10661-014-4125-7,2014,Determination of bismuth in environmental samples by slurry sampling graphite furnace atomic absorption spectrometry using combined chemical modifiers
snapshot_2,Topic_selenium_cathodes_2009-2018_Knowledge.txt,419,https://openalex.org/W1514218110,https://doi.org/10.5772/57314,2014,Eco-Technological Solutions for the Remediation of Polluted Soil and Heavy Metal Recovery
snapshot_2,Topic_selenium_cathodes_2009-2018_Knowledge.txt,420,https://openalex.org/W2185335966,N/A,2013,The Potential Effects of Electromagnetic Field: A Review
snapshot_2,Topic_selenium_cathodes_2009-2018_Knowledge.txt,421,https://openalex.org/W2028380952,https://doi.org/10.1155/2014/912619,2014,Determination of Arsenic in Drinking Water Samples by Electrothermal Atomic Absorption Spectrometry after Preconcentration Using the Biomass of<i>Aspergillus niger</i>Loaded on Activated Charcoal
snapshot_2,Topic_selenium_cathodes_2009-2018_Knowledge.txt,422,https://openalex.org/W2883359950,https://doi.org/10.4191/kcers.2018.55.5.01,2018,An Overview of Self-Grown Nanostructured Electrode Materials in Electrochemical Supercapacitors
snapshot_2,Topic_selenium_cathodes_2009-2018_Knowledge.txt,423,https://openalex.org/W2808303765,https://doi.org/10.3389/fchem.2018.00221,2018,Capacity Increase Investigation of Cu2Se Electrode by Using Electrochemical Impedance Spectroscopy
snapshot_2,Topic_selenium_cathodes_2009-2018_Knowledge.txt,424,https://openalex.org/W2621966147,https://doi.org/10.5772/intechopen.68193,2017,Modified Electrodes for Determining Trace Metal Ions
snapshot_2,Topic_selenium_cathodes_2009-2018_Knowledge.txt,425,https://openalex.org/W2892151753,https://doi.org/10.1021/acs.chemmater.8b02950,2018,"Low-Temperature Tailoring of Copper-Deficient Cu<sub>3–<i>x</i></sub>P—Electric Properties, Phase Transitions, and Performance in Lithium-Ion Batteries"
snapshot_2,Topic_selenium_cathodes_2009-2018_Knowledge.txt,426,https://openalex.org/W2790638997,https://doi.org/10.4236/ajac.2018.93015,2018,Determination of Lead in Water by Linear Sweep Anodic Stripping Voltammetry (LSASV) at Unmodified Carbon Paste Electrode: Optimization of Operating Parameters
snapshot_2,Topic_selenium_cathodes_2009-2018_Knowledge.txt,427,https://openalex.org/W2591332984,https://doi.org/10.1063/1.4976745,2017,Photon-induced selenium migration in TiSe2
snapshot_2,Topic_selenium_cathodes_2009-2018_Knowledge.txt,428,https://openalex.org/W2332231237,https://doi.org/10.9790/0837-1044657,2013,Electronic Waste (E-Waste) Management in India: A Review
snapshot_2,Topic_selenium_cathodes_2009-2018_Knowledge.txt,429,https://openalex.org/W2345431354,https://doi.org/10.3390/molecules21050596,2016,"Fused 1,2,3-Dithiazoles: Convenient Synthesis, Structural Characterization, and Electrochemical Properties"
snapshot_2,Topic_selenium_cathodes_2009-2018_Knowledge.txt,430,https://openalex.org/W2529571004,https://doi.org/10.1155/2016/2752836,2016,Profile of Trace Elements in Selected Medicinal Plants Used for the Treatment of Diabetes in Eritrea
snapshot_2,Topic_selenium_cathodes_2009-2018_Knowledge.txt,431,https://openalex.org/W2021696228,https://doi.org/10.3989/gya.047512,2012,"Evaluation of cadmium, lead, copper, iron and zinc in Turkish dietary vegetable oils and olives using electrothermal and flame atomic absorption spectrometry"
snapshot_2,Topic_selenium_cathodes_2009-2018_Knowledge.txt,432,https://openalex.org/W2484809657,https://doi.org/10.1007/s40097-016-0202-5,2016,Electrochemical synthesis and optical properties of ultra-fine CdSe nanoparticles
snapshot_2,Topic_selenium_cathodes_2009-2018_Knowledge.txt,433,https://openalex.org/W2883240670,https://doi.org/10.4191/kcers.2018.55.4.07,2018,"Conversion-Alloying Anode Materials for Na-ion Batteries: Recent Progress, Challenges, and Perspective for the Future"
snapshot_2,Topic_selenium_cathodes_2009-2018_Knowledge.txt,434,https://openalex.org/W2614794760,https://doi.org/10.1039/c7ra03433d,2017,Solution-processed inorganic copper(<scp>i</scp>) thiocyanate as a hole injection layer for high-performance quantum dot-based light-emitting diodes
snapshot_2,Topic_selenium_cathodes_2009-2018_Knowledge.txt,435,https://openalex.org/W1981104457,https://doi.org/10.4314/ijbcs.v6i1.6,2012,Quality assessment of flour and bread from sweet potato wheat composite flour blends
snapshot_2,Topic_selenium_cathodes_2009-2018_Knowledge.txt,436,https://openalex.org/W2547760154,https://doi.org/10.1186/s13068-016-0634-7,2016,Piezo-tolerant natural gas-producing microbes under accumulating pCO2
snapshot_2,Topic_selenium_cathodes_2009-2018_Knowledge.txt,437,https://openalex.org/W2170263649,https://doi.org/10.1007/s11434-013-5666-9,2013,Recent advances in flow-based sample pretreatment for the determination of metal species by atomic spectrometry
snapshot_2,Topic_selenium_cathodes_2009-2018_Knowledge.txt,438,https://openalex.org/W2043863111,https://doi.org/10.1155/2012/190290,2012,Study of Nanostructured Polymeric Composites Used for Organic Light Emitting Diodes and Organic Solar Cells
snapshot_2,Topic_selenium_cathodes_2009-2018_Knowledge.txt,439,https://openalex.org/W2286953764,https://doi.org/10.5772/61751,2016,Numerical Simulations on Perovskite Photovoltaic Devices
snapshot_2,Topic_selenium_cathodes_2009-2018_Knowledge.txt,440,https://openalex.org/W2289611716,https://doi.org/10.14723/tmrsj.40.383,2015,Effect of composition on the properties of bismuth telluride thin films produced by galvanostatic electrodeposition
snapshot_2,Topic_selenium_cathodes_2009-2018_Knowledge.txt,441,https://openalex.org/W2334266124,https://doi.org/10.1149/ma2014-04/2/410,2014,A Polypyrrole Hollow Sphere@Se Cathode for Rechargeable Lithium Batteries
snapshot_2,Topic_selenium_cathodes_2009-2018_Knowledge.txt,442,https://openalex.org/W2808934043,https://doi.org/10.1016/j.solmat.2018.04.020,2018,Effects of environmental and operational variability on the spectrally selective properties of W/WAlN/WAlON/Al2O3-based solar absorber coating
snapshot_2,Topic_selenium_cathodes_2009-2018_Knowledge.txt,443,https://openalex.org/W2070655578,https://doi.org/10.1017/s1431927611000523,2011,Comprehensive Comparison of Various Techniques for the Analysis of Elemental Distributions in Thin Films
snapshot_2,Topic_selenium_cathodes_2009-2018_Knowledge.txt,444,https://openalex.org/W2512113997,https://doi.org/10.1155/2016/3971579,2016,"Emerging Photovoltaics: Organic, Copper Zinc Tin Sulphide, and Perovskite-Based Solar Cells"
snapshot_2,Topic_selenium_cathodes_2009-2018_Knowledge.txt,445,https://openalex.org/W2571165464,https://doi.org/10.1155/2017/3078105,2017,Determination of Alkyl Esters Content in PDO Extra Virgin Olive Oils from Sicily
snapshot_2,Topic_selenium_cathodes_2009-2018_Knowledge.txt,446,https://openalex.org/W2026167575,https://doi.org/10.1590/s0103-97332009000500006,2009,Annealing time effect on the properties of CuInSe2 grown by electrodeposition using two electrodes system
snapshot_2,Topic_selenium_cathodes_2009-2018_Knowledge.txt,447,https://openalex.org/W2883137302,https://doi.org/10.1039/c8fd00126j,2018,Towards a 3D GeSbTe phase change memory with integrated selector by non-aqueous electrodeposition
snapshot_2,Topic_selenium_cathodes_2009-2018_Knowledge.txt,448,https://openalex.org/W2161525536,https://doi.org/10.3390/s110504512,2011,Design and Fabrication of Vertically-Integrated CMOS Image Sensors
snapshot_2,Topic_selenium_cathodes_2009-2018_Knowledge.txt,449,https://openalex.org/W2259609051,https://doi.org/10.1371/journal.pone.0143029,2015,What the Erythrocytic Nuclear Alteration Frequencies Could Tell Us about Genotoxicity and Macrophage Iron Storage?
snapshot_2,Topic_selenium_cathodes_2009-2018_Knowledge.txt,450,https://openalex.org/W2099911759,https://doi.org/10.1039/c3cc49747j,2014,The taming of oxygen: biocatalytic oxyfunctionalisations
snapshot_2,Topic_selenium_cathodes_2009-2018_Knowledge.txt,451,https://openalex.org/W2163689103,https://doi.org/10.1155/2011/186528,2011,Hydrothermal Synthesis of Sb<sub>2</sub>S<sub>3</sub>Nanorods Using Iodine via Redox Mechanism
snapshot_2,Topic_selenium_cathodes_2009-2018_Knowledge.txt,452,https://openalex.org/W1974949949,https://doi.org/10.3390/life2030229,2012,"Survival of the Fittest: Overcoming Oxidative Stress at the Extremes of Acid, Heat and Metal"
snapshot_2,Topic_selenium_cathodes_2009-2018_Knowledge.txt,453,https://openalex.org/W2079151323,https://doi.org/10.1155/2010/457825,2009,Corrosion Mitigating Effect of <i>Cyamopsis Tetragonaloba</i> Seed Extract on Mild Steel in Acid Medium
snapshot_2,Topic_selenium_cathodes_2009-2018_Knowledge.txt,454,https://openalex.org/W2000040789,https://doi.org/10.2298/jsc130118025b,2013,The influence of substituted aromatic aldehydes on Zn-Mn alloy electrodeposition
snapshot_2,Topic_selenium_cathodes_2009-2018_Knowledge.txt,455,https://openalex.org/W2122636961,https://doi.org/10.1590/s1516-35982012000300022,2012,Effects of dietary mineral bioplex in pregnant and lactating sow diets on piglet performance and physiological characteristics
snapshot_2,Topic_selenium_cathodes_2009-2018_Knowledge.txt,456,https://openalex.org/W2076003119,https://doi.org/10.4236/aces.2014.44043,2014,Electrochemical Separation of Metal Silver from Industrial Wastewater
snapshot_2,Topic_selenium_cathodes_2009-2018_Knowledge.txt,457,https://openalex.org/W2110556311,https://doi.org/10.3390/ma4040716,2011,New Approaches to the Computer Simulation of Amorphous Alloys: A Review
snapshot_2,Topic_selenium_cathodes_2009-2018_Knowledge.txt,458,https://openalex.org/W2043088396,https://doi.org/10.1039/b903607e,2009,Denaturing and non-denaturing microsolution isoelectric focussing to mine the metalloproteome
snapshot_2,Topic_selenium_cathodes_2009-2018_Knowledge.txt,459,https://openalex.org/W2802403131,https://doi.org/10.1371/journal.pone.0195224,2018,Microstructure characterization and corrosion resistance properties of Pb-Sb alloys for lead acid battery spine produced by different casting methods
snapshot_2,Topic_selenium_cathodes_2009-2018_Knowledge.txt,460,https://openalex.org/W2796195419,https://doi.org/10.15587/1729-4061.2018.123929,2018,Electroextraction of heavy metals from wastewater for the protection of natural water bodies from pollution
snapshot_2,Topic_selenium_cathodes_2009-2018_Knowledge.txt,461,https://openalex.org/W2018572020,https://doi.org/10.3952/lithjphys.49209,2009,"Electrical conductivity, electrochemical and optical properties of Cu<sub>7</sub>GeS<sub>5</sub>I-Cu<sub>7</sub>GeSe<sub>5</sub>I superionic solid solutions"
snapshot_2,Topic_selenium_cathodes_2009-2018_Knowledge.txt,462,https://openalex.org/W2785863933,N/A,2017,Critical raw materials and the circular economy
snapshot_2,Topic_selenium_cathodes_2009-2018_Knowledge.txt,463,https://openalex.org/W2523359558,https://doi.org/10.14382/epitoanyag-jsbcm.2016.16,2016,Electrochemical study of selenium (IV) mediated by carbon nanotubes modified glassy carbon electrode in blood medium
snapshot_2,Topic_selenium_cathodes_2009-2018_Knowledge.txt,464,https://openalex.org/W2893954936,https://doi.org/10.1155/2018/3492456,2018,Effect of Dietary Selenium on Protein and Lipid Oxidation and the Antioxidative Potential of Selected Chicken Culinary Parts during Frozen Storage
snapshot_2,Topic_selenium_cathodes_2009-2018_Knowledge.txt,465,https://openalex.org/W2314847084,https://doi.org/10.5005/jp-journals-10024-1406,2013,Estimation of Serum Copper and Zinc Levels in Oral Submucous Fibrosis: An Atomic Absorption Spectroscopic Study
snapshot_2,Topic_selenium_cathodes_2009-2018_Knowledge.txt,466,https://openalex.org/W2606393184,https://doi.org/10.18632/oncotarget.17116,2017,Chronic diabetic states worsen Alzheimer neuropathology and cognitive deficits accompanying disruption of calcium signaling in leptin-deficient APP/PS1 mice
snapshot_2,Topic_selenium_cathodes_2009-2018_Knowledge.txt,467,https://openalex.org/W2049823140,https://doi.org/10.5012/bkcs.2010.31.11.3403,2010,Photoelectrochemical Deposition of SnSe Thin Films on a Se-Modified Polycrystalline Gold Substrate
snapshot_2,Topic_selenium_cathodes_2009-2018_Knowledge.txt,468,https://openalex.org/W2325951638,https://doi.org/10.9790/1684-0212545,2012,Journal And Confrence Paper On (Enviornment) E – Waste Management
snapshot_2,Topic_selenium_cathodes_2009-2018_Knowledge.txt,469,https://openalex.org/W2055427069,https://doi.org/10.4236/ajac.2014.53018,2014,Simple and Rapid Spectrophotometric Determination of Titanium on Etched Aluminum Foils
snapshot_2,Topic_selenium_cathodes_2009-2018_Knowledge.txt,470,https://openalex.org/W2308665770,https://doi.org/10.1371/journal.pone.0151214,2016,Comparative Genomic Analysis of Sulfurospirillum cavolei MES Reconstructed from the Metagenome of an Electrosynthetic Microbiome
snapshot_2,Topic_selenium_cathodes_2009-2018_Knowledge.txt,471,https://openalex.org/W2138572102,https://doi.org/10.1371/journal.pone.0049411,2012,"Intake of Gnetum Africanum and Dacryodes Edulis, Imbalance of Oxidant/Antioxidant Status and Prevalence of Diabetic Retinopathy in Central Africans"
snapshot_2,Topic_selenium_cathodes_2009-2018_Knowledge.txt,472,https://openalex.org/W2905734605,https://doi.org/10.3390/cryst9010010,2018,Reactive Mechanism of Cu2ZnSnSe4 Thin Films Prepared by Reactive Annealing of the Cu/Zn Metal Layer in a SnSex + Se Atmosphere
snapshot_2,Topic_selenium_cathodes_2009-2018_Knowledge.txt,473,https://openalex.org/W2774249088,https://doi.org/10.15407/ubj89.06.022,2017,.Antioxidant activity of melatonin and glutathione interacting with hydroxyl- and superoxide anion radicals
snapshot_2,Topic_selenium_cathodes_2009-2018_Knowledge.txt,474,https://openalex.org/W2087536537,https://doi.org/10.2478/intox-2013-0028,2013,Testicular membrane lipid damage by complex mixture of leachate from municipal battery recycling site as indication of idiopathic male infertility in rat
snapshot_2,Topic_selenium_cathodes_2009-2018_Knowledge.txt,475,https://openalex.org/W2766871752,https://doi.org/10.1039/c7ce01558e,2017,Type I vs. quasi-type II modulation in CdSe@CdS tetrapods: ramifications for noble metal tipping
snapshot_2,Topic_selenium_cathodes_2009-2018_Knowledge.txt,476,https://openalex.org/W2554514149,https://doi.org/10.2306/scienceasia1513-1874.2016.42.275,2016,Determination of inorganic arsenic species by hydride generation–inductively coupled plasma optical emission spectrometry
snapshot_2,Topic_selenium_cathodes_2009-2018_Knowledge.txt,477,https://openalex.org/W2038180852,https://doi.org/10.1117/12.2004062,2013,Applications of laser printing for organic electronics
snapshot_2,Topic_selenium_cathodes_2009-2018_Knowledge.txt,478,https://openalex.org/W2022476150,https://doi.org/10.1007/s11434-013-5881-4,2013,Self-assembly low dimensional inorganic/organic heterojunction nanomaterials
snapshot_2,Topic_selenium_cathodes_2009-2018_Knowledge.txt,479,https://openalex.org/W2148578151,https://doi.org/10.4172/2157-7587.1000147,2013,"Recovery of Cobalt and Copper from Textile, Electroplating and Tannery Effluents Using Electrocoagulation Method"
snapshot_2,Topic_selenium_cathodes_2009-2018_Knowledge.txt,480,https://openalex.org/W2910339625,https://doi.org/10.5599/jese.571,2018,Remediation of clay soil contaminated with lead nitrate using washing-enhanced electrokinetic technique
snapshot_2,Topic_selenium_cathodes_2009-2018_Knowledge.txt,481,https://openalex.org/W2026878029,https://doi.org/10.2298/apt1344001b,2013,Quality and safety of some commercial spices brands
snapshot_2,Topic_selenium_cathodes_2009-2018_Knowledge.txt,482,https://openalex.org/W1977407068,https://doi.org/10.3390/w5031152,2013,Food for Thought: A Critical Overview of Current Practical and Conceptual Challenges in Trace Element Analysis in Natural Waters
snapshot_2,Topic_selenium_cathodes_2009-2018_Knowledge.txt,483,https://openalex.org/W2056954081,https://doi.org/10.1002/ppap.200930414,2009,Can WSeC Coatings Be Competitive to WSC Ones?
snapshot_2,Topic_selenium_cathodes_2009-2018_Knowledge.txt,484,https://openalex.org/W2415094509,https://doi.org/10.1070/rcr4535,2015,Laser-induced copper deposition from aqueous and aqueous–organic solutions: state of the art and prospects of research
snapshot_2,Topic_selenium_cathodes_2009-2018_Knowledge.txt,485,https://openalex.org/W2904544674,https://doi.org/10.30919/esmm5f112,2018,Ultrathin MoSe 2 Nanosheets Coated on Hollow Carbon Spheres as Efficient Hybrid Catalyst for Hydrogen Evolution Reaction
snapshot_2,Topic_selenium_cathodes_2009-2018_Knowledge.txt,486,https://openalex.org/W1972323910,https://doi.org/10.1109/jphot.2014.2337896,2014,Performance Optimization of Organic Solar Cells
snapshot_2,Topic_selenium_cathodes_2009-2018_Knowledge.txt,487,https://openalex.org/W2911136528,N/A,2012,Катодное осаждение кадмия на поверхность поликристаллического р-Se: сопоставление темнового и фотоэлектрохимического процессов
snapshot_2,Topic_selenium_cathodes_2009-2018_Knowledge.txt,488,https://openalex.org/W2232509121,https://doi.org/10.5772/61456,2015,Electrodeposition of Thin Films for Low-cost Solar Cells
snapshot_2,Topic_selenium_cathodes_2009-2018_Knowledge.txt,489,https://openalex.org/W2154701245,https://doi.org/10.1002/rcm.6947,2014,Product ion distributions for the reactions of NO <sup>+</sup> with some physiologically significant volatile organosulfur and organoselenium compounds obtained using a selective reagent ionization time‐of‐flight mass spectrometer
snapshot_2,Topic_selenium_cathodes_2009-2018_Knowledge.txt,490,https://openalex.org/W3150265863,N/A,2015,Research progress on lithium-selenium batteries
snapshot_2,Topic_selenium_cathodes_2009-2018_Knowledge.txt,491,https://openalex.org/W2159911616,https://doi.org/10.2478/v10102-012-0032-3,2012,"Protective role of ceftriaxone plus sulbactam with VRP1034 on oxidative stress, hematological and enzymatic parameters in cadmium toxicity induced rat model"
snapshot_2,Topic_selenium_cathodes_2009-2018_Knowledge.txt,492,https://openalex.org/W2258580699,https://doi.org/10.1021/acs.analchem.5b04095,2016,Atomization of Bismuthane in a Dielectric Barrier Discharge: A Mechanistic Study
snapshot_2,Topic_selenium_cathodes_2009-2018_Knowledge.txt,493,https://openalex.org/W1991911379,https://doi.org/10.5012/jkcs.2012.56.4.401,2012,Study on Corrosion Inhibition Efficiency of Stem Alkaloid Extract of Different Varieties of Holy Basil on Aluminium in HCl Solution
snapshot_2,Topic_selenium_cathodes_2009-2018_Knowledge.txt,494,https://openalex.org/W2020467480,https://doi.org/10.1117/1.3659500,2011,"Cu(In,Ga)Se&lt;sub&gt;2&lt;/sub&gt; thin-film solar cells based on a simple sputtered alloy precursor and a low-cost selenization step"
snapshot_2,Topic_selenium_cathodes_2009-2018_Knowledge.txt,495,https://openalex.org/W2313677249,https://doi.org/10.1007/s40243-016-0072-2,2016,"First principle calculations on structural, electronic and transport properties of Li2TiS3 and Li3NbS4 positive electrode materials"
snapshot_2,Topic_selenium_cathodes_2009-2018_Knowledge.txt,496,https://openalex.org/W2514590135,https://doi.org/10.1038/srep32563,2016,Structural basis for early-onset neurological disorders caused by mutations in human selenocysteine synthase
snapshot_2,Topic_selenium_cathodes_2009-2018_Knowledge.txt,497,https://openalex.org/W1785610756,https://doi.org/10.1039/c5qi00054h,2015,Stable iso-bacteriochlorin mimics from porpholactone: effect of a β-oxazolone moiety on the frontier π-molecular orbitals
snapshot_2,Topic_selenium_cathodes_2009-2018_Knowledge.txt,498,https://openalex.org/W2139876247,https://doi.org/10.1021/pr300548d,2012,High-throughput Isolation and Characterization of Untagged Membrane Protein Complexes: Outer Membrane Complexes of <i>Desulfovibrio vulgaris</i>
snapshot_2,Topic_selenium_cathodes_2009-2018_Knowledge.txt,499,https://openalex.org/W2536713791,https://doi.org/10.5772/63682,2016,Overview of Hazardous Waste Management Status in Malaysia
snapshot_2,Topic_selenium_cathodes_2009-2018_Knowledge.txt,500,https://openalex.org/W2792002638,https://doi.org/10.3390/catal8030113,2018,Waste into Fuel—Catalyst and Process Development for MSW Valorisation
