source_snapshot,source_file,local_id,openalex_id,doi,year,title
snapshot_1,Topic_hollow_carbon_2012-2021_Knowledge.txt,1,https://openalex.org/W2029817687,https://doi.org/10.1021/nl3016957,2012,Sodium Ion Insertion in Hollow Carbon Nanowires for Battery Applications
snapshot_1,Topic_hollow_carbon_2012-2021_Knowledge.txt,2,https://openalex.org/W2130612878,https://doi.org/10.1002/aenm.201100691,2012,Hollow Carbon Nanospheres with Superior Rate Capability for Sodium‐Based Batteries
snapshot_1,Topic_hollow_carbon_2012-2021_Knowledge.txt,3,https://openalex.org/W2117006210,https://doi.org/10.1002/anie.201205292,2012,Confining Sulfur in Double‐Shelled Hollow Carbon Spheres for Lithium–Sulfur Batteries
snapshot_1,Topic_hollow_carbon_2012-2021_Knowledge.txt,4,https://openalex.org/W2306700834,https://doi.org/10.1002/aenm.201502539,2016,From Hollow Carbon Spheres to N‐Doped Hollow Porous Carbon Bowls: Rational Design of Hollow Carbon Host for Li‐S Batteries
snapshot_1,Topic_hollow_carbon_2012-2021_Knowledge.txt,5,https://openalex.org/W2096540568,https://doi.org/10.1002/anie.201506972,2015,Hollow Carbon Nanofibers Filled with MnO<sub>2</sub> Nanosheets as Efficient Sulfur Hosts for Lithium–Sulfur Batteries
snapshot_1,Topic_hollow_carbon_2012-2021_Knowledge.txt,6,https://openalex.org/W2480449561,https://doi.org/10.1039/c6ta03802f,2016,"Hollow carbon spheres, synthesis and applications – a review"
snapshot_1,Topic_hollow_carbon_2012-2021_Knowledge.txt,7,https://openalex.org/W2594912369,https://doi.org/10.1039/c6sc04903f,2017,Hollow carbon nanobubbles: monocrystalline MOF nanobubbles and their pyrolysis
snapshot_1,Topic_hollow_carbon_2012-2021_Knowledge.txt,8,https://openalex.org/W1966167264,https://doi.org/10.1021/ja408421n,2013,Hollow Carbon-Nanotube/Carbon-Nanofiber Hybrid Anodes for Li-Ion Batteries
snapshot_1,Topic_hollow_carbon_2012-2021_Knowledge.txt,9,https://openalex.org/W2981010961,https://doi.org/10.1002/adma.201905622,2019,Atomically Dispersed Binary Co‐Ni Sites in Nitrogen‐Doped Hollow Carbon Nanocubes for Reversible Oxygen Reduction and Evolution
snapshot_1,Topic_hollow_carbon_2012-2021_Knowledge.txt,10,https://openalex.org/W2796351319,https://doi.org/10.1039/c8mh00133b,2018,Metal–organic framework-derived one-dimensional porous or hollow carbon-based nanofibers for energy storage and conversion
snapshot_1,Topic_hollow_carbon_2012-2021_Knowledge.txt,11,https://openalex.org/W2321185616,https://doi.org/10.1021/nl304795g,2013,Amphiphilic Surface Modification of Hollow Carbon Nanofibers for Improved Cycle Life of Lithium Sulfur Batteries
snapshot_1,Topic_hollow_carbon_2012-2021_Knowledge.txt,12,https://openalex.org/W2751803002,https://doi.org/10.1021/jacs.7b07027,2017,Controlling the Compositional Chemistry in Single Nanoparticles for Functional Hollow Carbon Nanospheres
snapshot_1,Topic_hollow_carbon_2012-2021_Knowledge.txt,13,https://openalex.org/W2508669504,https://doi.org/10.1002/anie.201606102,2016,Precise Formation of a Hollow Carbon Nitride Structure with a Janus Surface To Promote Water Splitting by Photoredox Catalysis
snapshot_1,Topic_hollow_carbon_2012-2021_Knowledge.txt,14,https://openalex.org/W2033969345,https://doi.org/10.1039/c3ta15271e,2014,Porous nitrogen-doped hollow carbon spheres derived from polyaniline for high performance supercapacitors
snapshot_1,Topic_hollow_carbon_2012-2021_Knowledge.txt,15,https://openalex.org/W2922418096,https://doi.org/10.1002/aenm.201803900,2019,Hollow Carbon Spheres and Their Hybrid Nanomaterials in Electrochemical Energy Storage
snapshot_1,Topic_hollow_carbon_2012-2021_Knowledge.txt,16,https://openalex.org/W2901584168,https://doi.org/10.1002/aenm.201802158,2018,Superwetting Monolithic Hollow‐Carbon‐Nanotubes Aerogels with Hierarchically Nanoporous Structure for Efficient Solar Steam Generation
snapshot_1,Topic_hollow_carbon_2012-2021_Knowledge.txt,17,https://openalex.org/W2948931778,https://doi.org/10.1002/adma.201900429,2019,Sulfur‐Grafted Hollow Carbon Spheres for Potassium‐Ion Battery Anodes
snapshot_1,Topic_hollow_carbon_2012-2021_Knowledge.txt,18,https://openalex.org/W2955848829,https://doi.org/10.1021/acsami.9b08525,2019,"Core–Shell CoNi@Graphitic Carbon Decorated on B,N-Codoped Hollow Carbon Polyhedrons toward Lightweight and High-Efficiency Microwave Attenuation"
snapshot_1,Topic_hollow_carbon_2012-2021_Knowledge.txt,19,https://openalex.org/W2919762474,https://doi.org/10.1039/c9ta00733d,2019,A flexible solid-state zinc ion hybrid supercapacitor based on co-polymer derived hollow carbon spheres
snapshot_1,Topic_hollow_carbon_2012-2021_Knowledge.txt,20,https://openalex.org/W2922429525,https://doi.org/10.1039/c9ee00536f,2019,Freestanding film made by necklace-like N-doped hollow carbon with hierarchical pores for high-performance potassium-ion storage
snapshot_1,Topic_hollow_carbon_2012-2021_Knowledge.txt,21,https://openalex.org/W3141876128,https://doi.org/10.1002/adma.202008599,2021,Pt Single Atoms Supported on N‐Doped Mesoporous Hollow Carbon Spheres with Enhanced Electrocatalytic H<sub>2</sub>‐Evolution Activity
snapshot_1,Topic_hollow_carbon_2012-2021_Knowledge.txt,22,https://openalex.org/W2032654183,https://doi.org/10.1002/aenm.201402263,2015,Dual‐Confined Flexible Sulfur Cathodes Encapsulated in Nitrogen‐Doped Double‐Shelled Hollow Carbon Spheres and Wrapped with Graphene for Li–S Batteries
snapshot_1,Topic_hollow_carbon_2012-2021_Knowledge.txt,23,https://openalex.org/W2332640839,https://doi.org/10.1021/nl502238b,2014,"Polydopamine-Coated, Nitrogen-Doped, Hollow Carbon–Sulfur Double-Layered Core–Shell Structure for Improving Lithium–Sulfur Batteries"
snapshot_1,Topic_hollow_carbon_2012-2021_Knowledge.txt,24,https://openalex.org/W2341212733,https://doi.org/10.1021/acsami.6b01577,2016,Phosphorus and Nitrogen Dual-Doped Hollow Carbon Dot as a Nanocarrier for Doxorubicin Delivery and Biological Imaging
snapshot_1,Topic_hollow_carbon_2012-2021_Knowledge.txt,25,https://openalex.org/W2049182439,https://doi.org/10.1002/cssc.201100609,2012,Hollow Carbon Nanospheres with a High Rate Capability for Lithium‐Based Batteries
snapshot_1,Topic_hollow_carbon_2012-2021_Knowledge.txt,26,https://openalex.org/W1773775093,https://doi.org/10.1039/c5tc02512e,2015,Achieving hierarchical hollow carbon@Fe@Fe<sub>3</sub>O<sub>4</sub> nanospheres with superior microwave absorption properties and lightweight features
snapshot_1,Topic_hollow_carbon_2012-2021_Knowledge.txt,27,https://openalex.org/W2924563523,https://doi.org/10.1002/aenm.201900036,2019,Heteroatom‐Doped Mesoporous Hollow Carbon Spheres for Fast Sodium Storage with an Ultralong Cycle Life
snapshot_1,Topic_hollow_carbon_2012-2021_Knowledge.txt,28,https://openalex.org/W2803767877,https://doi.org/10.1021/jacs.8b02178,2018,Engineering Hollow Carbon Architecture for High-Performance K-Ion Battery Anode
snapshot_1,Topic_hollow_carbon_2012-2021_Knowledge.txt,29,https://openalex.org/W2735676351,https://doi.org/10.1002/adfm.201702524,2017,A 3D Hybrid of Chemically Coupled Nickel Sulfide and Hollow Carbon Spheres for High Performance Lithium–Sulfur Batteries
snapshot_1,Topic_hollow_carbon_2012-2021_Knowledge.txt,30,https://openalex.org/W2112268475,https://doi.org/10.1002/aenm.201401752,2015,Tailoring Pore Size of Nitrogen‐Doped Hollow Carbon Nanospheres for Confining Sulfur in Lithium–Sulfur Batteries
snapshot_1,Topic_hollow_carbon_2012-2021_Knowledge.txt,31,https://openalex.org/W2115151119,https://doi.org/10.1039/c4ta06411a,2014,Facile preparation of N- and O-doped hollow carbon spheres derived from poly(o-phenylenediamine) for supercapacitors
snapshot_1,Topic_hollow_carbon_2012-2021_Knowledge.txt,32,https://openalex.org/W2948196233,https://doi.org/10.1002/adfm.201903496,2019,Kinetics Enhanced Nitrogen‐Doped Hierarchical Porous Hollow Carbon Spheres Boosting Advanced Potassium‐Ion Hybrid Capacitors
snapshot_1,Topic_hollow_carbon_2012-2021_Knowledge.txt,33,https://openalex.org/W2858055021,https://doi.org/10.1039/c8ta04813d,2018,"N, P, S co-doped hollow carbon polyhedra derived from MOF-based core–shell nanocomposites for capacitive deionization"
snapshot_1,Topic_hollow_carbon_2012-2021_Knowledge.txt,34,https://openalex.org/W2063449534,https://doi.org/10.1039/c3cc46492j,2013,Synthesis of nitrogen-doped hollow carbon nanospheres for CO<sub>2</sub>capture
snapshot_1,Topic_hollow_carbon_2012-2021_Knowledge.txt,35,https://openalex.org/W3092231781,https://doi.org/10.1038/s41467-020-18820-y,2020,High-power lithium–selenium batteries enabled by atomic cobalt electrocatalyst in hollow carbon cathode
snapshot_1,Topic_hollow_carbon_2012-2021_Knowledge.txt,36,https://openalex.org/W4244690434,https://doi.org/10.1002/ange.201205292,2012,Confining Sulfur in Double‐Shelled Hollow Carbon Spheres for Lithium–Sulfur Batteries
snapshot_1,Topic_hollow_carbon_2012-2021_Knowledge.txt,37,https://openalex.org/W2283922116,https://doi.org/10.1021/acsami.5b05035,2015,Controllable Synthesis of Functional Hollow Carbon Nanostructures with Dopamine As Precursor for Supercapacitors
snapshot_1,Topic_hollow_carbon_2012-2021_Knowledge.txt,38,https://openalex.org/W2900208381,https://doi.org/10.1039/c8ta09751h,2018,Chemically activated hollow carbon nanospheres as a high-performance anode material for potassium ion batteries
snapshot_1,Topic_hollow_carbon_2012-2021_Knowledge.txt,39,https://openalex.org/W2800356477,https://doi.org/10.1021/acsnano.8b01502,2018,Assembly of Hollow Carbon Nanospheres on Graphene Nanosheets and Creation of Iron–Nitrogen-Doped Porous Carbon for Oxygen Reduction
snapshot_1,Topic_hollow_carbon_2012-2021_Knowledge.txt,40,https://openalex.org/W2283588039,https://doi.org/10.1002/anie.201600455,2016,"Nitrogen, Phosphorus, and Sulfur Co‐Doped Hollow Carbon Shell as Superior Metal‐Free Catalyst for Selective Oxidation of Aromatic Alkanes"
snapshot_1,Topic_hollow_carbon_2012-2021_Knowledge.txt,41,https://openalex.org/W2079269180,https://doi.org/10.1007/s12274-012-0279-1,2012,Composite of sulfur impregnated in porous hollow carbon spheres as the cathode of Li-S batteries with high performance
snapshot_1,Topic_hollow_carbon_2012-2021_Knowledge.txt,42,https://openalex.org/W2777509575,https://doi.org/10.1021/acsnano.7b05832,2017,<i>In Situ</i> Self-Template Synthesis of Fe–N-Doped Double-Shelled Hollow Carbon Microspheres for Oxygen Reduction Reaction
snapshot_1,Topic_hollow_carbon_2012-2021_Knowledge.txt,43,https://openalex.org/W2054550361,https://doi.org/10.1039/c2cp42231j,2012,Silicon core–hollow carbon shell nanocomposites with tunable buffer voids for high capacity anodes of lithium-ion batteries
snapshot_1,Topic_hollow_carbon_2012-2021_Knowledge.txt,44,https://openalex.org/W2909233265,https://doi.org/10.1021/acs.nanolett.8b04957,2019,Boosting Potassium-Ion Battery Performance by Encapsulating Red Phosphorus in Free-Standing Nitrogen-Doped Porous Hollow Carbon Nanofibers
snapshot_1,Topic_hollow_carbon_2012-2021_Knowledge.txt,45,https://openalex.org/W1980732115,https://doi.org/10.1039/c4nr06011c,2014,Post-annealing reinforced hollow carbon nitride nanospheres for hydrogen photosynthesis
snapshot_1,Topic_hollow_carbon_2012-2021_Knowledge.txt,46,https://openalex.org/W3090532671,https://doi.org/10.1002/smll.202003407,2020,Heterogeneous Interface Induced the Formation of Hierarchically Hollow Carbon Microcubes against Electromagnetic Pollution
snapshot_1,Topic_hollow_carbon_2012-2021_Knowledge.txt,47,https://openalex.org/W2886292280,https://doi.org/10.1002/aenm.201800855,2018,Structural Engineering of Multishelled Hollow Carbon Nanostructures for High‐Performance Na‐Ion Battery Anode
snapshot_1,Topic_hollow_carbon_2012-2021_Knowledge.txt,48,https://openalex.org/W2150856478,https://doi.org/10.1002/aenm.201301761,2014,3D Hyperbranched Hollow Carbon Nanorod Architectures for High‐Performance Lithium‐Sulfur Batteries
snapshot_1,Topic_hollow_carbon_2012-2021_Knowledge.txt,49,https://openalex.org/W2972777422,https://doi.org/10.1002/anie.201909707,2019,Dispersed Nickel Cobalt Oxyphosphide Nanoparticles Confined in Multichannel Hollow Carbon Fibers for Photocatalytic CO<sub>2</sub> Reduction
snapshot_1,Topic_hollow_carbon_2012-2021_Knowledge.txt,50,https://openalex.org/W3037251077,https://doi.org/10.1002/anie.202007297,2020,Hollow Carbon Sphere Nanoreactors Loaded with PdCu Nanoparticles: Void‐Confinement Effects in Liquid‐Phase Hydrogenations
snapshot_1,Topic_hollow_carbon_2012-2021_Knowledge.txt,51,https://openalex.org/W2060611150,https://doi.org/10.1021/ja511560b,2015,Using Hollow Carbon Nanospheres as a Light-Induced Free Radical Generator To Overcome Chemotherapy Resistance
snapshot_1,Topic_hollow_carbon_2012-2021_Knowledge.txt,52,https://openalex.org/W3092186011,https://doi.org/10.1002/smtd.202000751,2020,Modulation of Single Atomic Co and Fe Sites on Hollow Carbon Nanospheres as Oxygen Electrodes for Rechargeable Zn–Air Batteries
snapshot_1,Topic_hollow_carbon_2012-2021_Knowledge.txt,53,https://openalex.org/W2126592682,https://doi.org/10.1007/s12274-015-0773-3,2015,Hollow-in-hollow carbon spheres with hollow foam-like cores for lithium–sulfur batteries
snapshot_1,Topic_hollow_carbon_2012-2021_Knowledge.txt,54,https://openalex.org/W3114383859,https://doi.org/10.1039/d0ta10666f,2020,Design of hollow carbon-based materials derived from metal–organic frameworks for electrocatalysis and electrochemical energy storage
snapshot_1,Topic_hollow_carbon_2012-2021_Knowledge.txt,55,https://openalex.org/W2799850584,https://doi.org/10.1002/advs.201800120,2018,Sub‐50 nm Iron–Nitrogen‐Doped Hollow Carbon Sphere‐Encapsulated Iron Carbide Nanoparticles as Efficient Oxygen Reduction Catalysts
snapshot_1,Topic_hollow_carbon_2012-2021_Knowledge.txt,56,https://openalex.org/W1881745462,https://doi.org/10.1039/c5nr01909e,2015,Porous hollow carbon spheres decorated with molybdenum diselenide nanosheets as anodes for highly reversible lithium and sodium storage
snapshot_1,Topic_hollow_carbon_2012-2021_Knowledge.txt,57,https://openalex.org/W2554953746,https://doi.org/10.1002/smll.201602592,2016,"Hollow Carbon Nanospheres with Tunable Hierarchical Pores for Drug, Gene, and Photothermal Synergistic Treatment"
snapshot_1,Topic_hollow_carbon_2012-2021_Knowledge.txt,58,https://openalex.org/W2944474799,https://doi.org/10.1039/c9ta03128f,2019,Nanoarchitectured metal–organic framework-derived hollow carbon nanofiber filters for advanced oxidation processes
snapshot_1,Topic_hollow_carbon_2012-2021_Knowledge.txt,59,https://openalex.org/W1783377337,https://doi.org/10.1039/c5cc07867a,2015,The function-led design of Z-scheme photocatalytic systems based on hollow carbon nitride semiconductors
snapshot_1,Topic_hollow_carbon_2012-2021_Knowledge.txt,60,https://openalex.org/W2018942930,https://doi.org/10.1002/aenm.201200389,2012,Si‐Encapsulating Hollow Carbon Electrodes via Electroless Etching for Lithium‐Ion Batteries
snapshot_1,Topic_hollow_carbon_2012-2021_Knowledge.txt,61,https://openalex.org/W2793040244,https://doi.org/10.1002/adfm.201707480,2018,Few‐Layer MoSe<sub>2</sub> Nanosheets with Expanded (002) Planes Confined in Hollow Carbon Nanospheres for Ultrahigh‐Performance Na‐Ion Batteries
snapshot_1,Topic_hollow_carbon_2012-2021_Knowledge.txt,62,https://openalex.org/W2102979380,https://doi.org/10.1039/c3nj00576c,2013,Hollow carbon nanofibers as an effective electrode for brackish water desalination using the capacitive deionization process
snapshot_1,Topic_hollow_carbon_2012-2021_Knowledge.txt,63,https://openalex.org/W2144537346,https://doi.org/10.1039/c3ta14881e,2013,A multiple coating route to hollow carbon spheres with foam-like shells and their applications in supercapacitor and confined catalysis
snapshot_1,Topic_hollow_carbon_2012-2021_Knowledge.txt,64,https://openalex.org/W2001920125,https://doi.org/10.1039/c4ta03877k,2014,Multi-shelled hollow carbon nanospheres for lithium–sulfur batteries with superior performances
snapshot_1,Topic_hollow_carbon_2012-2021_Knowledge.txt,65,https://openalex.org/W2320825742,https://doi.org/10.1021/acscatal.5b00530,2015,Efficient Oxygen Electroreduction: Hierarchical Porous Fe–N-doped Hollow Carbon Nanoshells
snapshot_1,Topic_hollow_carbon_2012-2021_Knowledge.txt,66,https://openalex.org/W2079898236,https://doi.org/10.1021/cs5003492,2014,Nitrogen-Doped Hollow Carbon Spheres as a Support for Platinum-Based Electrocatalysts
snapshot_1,Topic_hollow_carbon_2012-2021_Knowledge.txt,67,https://openalex.org/W2482584630,https://doi.org/10.1039/c6ta04592h,2016,Sulfur and nitrogen co-doped hollow carbon spheres for sodium-ion batteries with superior cyclic and rate performance
snapshot_1,Topic_hollow_carbon_2012-2021_Knowledge.txt,68,https://openalex.org/W2763985200,https://doi.org/10.1039/c7ta07488c,2017,Nitrogen–phosphorus co-doped hollow carbon microspheres with hierarchical micro–meso–macroporous shells as efficient electrodes for supercapacitors
snapshot_1,Topic_hollow_carbon_2012-2021_Knowledge.txt,69,https://openalex.org/W2604490483,https://doi.org/10.1021/acsami.6b14840,2017,Nitrogen-Doped Hollow Carbon Nanospheres for High-Performance Li-Ion Batteries
snapshot_1,Topic_hollow_carbon_2012-2021_Knowledge.txt,70,https://openalex.org/W3081795711,https://doi.org/10.1002/aenm.202002271,2020,Dual‐Functional Atomic Zinc Decorated Hollow Carbon Nanoreactors for Kinetically Accelerated Polysulfides Conversion and Dendrite Free Lithium Sulfur Batteries
snapshot_1,Topic_hollow_carbon_2012-2021_Knowledge.txt,71,https://openalex.org/W2963892024,https://doi.org/10.1039/c9ta05205d,2019,Nitrogen-doped hollow carbon nanospheres towards the application of potassium ion storage
snapshot_1,Topic_hollow_carbon_2012-2021_Knowledge.txt,72,https://openalex.org/W1788893536,https://doi.org/10.1021/acs.chemmater.5b01993,2015,Self-Organized Mesostructured Hollow Carbon Nanoparticles via a Surfactant-Free Sequential Heterogeneous Nucleation Pathway
snapshot_1,Topic_hollow_carbon_2012-2021_Knowledge.txt,73,https://openalex.org/W2085208752,https://doi.org/10.1039/c2ta01013e,2012,"Thin-walled, mesoporous and nitrogen-doped hollow carbon spheres using ionic liquids as precursors"
snapshot_1,Topic_hollow_carbon_2012-2021_Knowledge.txt,74,https://openalex.org/W2094610124,https://doi.org/10.1039/c3ta10430c,2013,Magnetic hollow carbon nanospheres for removal of chromium ions
snapshot_1,Topic_hollow_carbon_2012-2021_Knowledge.txt,75,https://openalex.org/W2800582291,https://doi.org/10.1021/acsami.8b01209,2018,Oxygen Vacancy-Determined Highly Efficient Oxygen Reduction in NiCo<sub>2</sub>O<sub>4</sub>/Hollow Carbon Spheres
snapshot_1,Topic_hollow_carbon_2012-2021_Knowledge.txt,76,https://openalex.org/W3122158566,https://doi.org/10.1021/acsnano.0c09898,2021,Three-Dimensional MOFs@MXene Aerogel Composite Derived MXene Threaded Hollow Carbon Confined CoS Nanoparticles toward Advanced Alkali-Ion Batteries
snapshot_1,Topic_hollow_carbon_2012-2021_Knowledge.txt,77,https://openalex.org/W2801971401,https://doi.org/10.1021/acsnano.8b01549,2018,Poly(vinyl alcohol)-Assisted Fabrication of Hollow Carbon Spheres/Reduced Graphene Oxide Nanocomposites for High-Performance Lithium-Ion Battery Anodes
snapshot_1,Topic_hollow_carbon_2012-2021_Knowledge.txt,78,https://openalex.org/W1964612182,https://doi.org/10.1038/srep07659,2015,Hollow carbon nanospheres/silicon/alumina core-shell film as an anode for lithium-ion batteries
snapshot_1,Topic_hollow_carbon_2012-2021_Knowledge.txt,79,https://openalex.org/W2947317345,https://doi.org/10.1021/acssuschemeng.9b01616,2019,Amidoxime-Functionalized Hollow Carbon Spheres for Efficient Removal of Uranium from Wastewater
snapshot_1,Topic_hollow_carbon_2012-2021_Knowledge.txt,80,https://openalex.org/W2907477975,https://doi.org/10.3390/nano9010117,2019,ZIF-8-Derived Hollow Carbon for Efficient Adsorption of Antibiotics
snapshot_1,Topic_hollow_carbon_2012-2021_Knowledge.txt,81,https://openalex.org/W2314061177,https://doi.org/10.1021/cm303513y,2013,Hollow Carbon Nanoparticles of Tunable Size and Wall Thickness by Hydrothermal Treatment of α-Cyclodextrin Templated by F127 Block Copolymers
snapshot_1,Topic_hollow_carbon_2012-2021_Knowledge.txt,82,https://openalex.org/W2554246501,https://doi.org/10.1039/c6ta09424d,2016,Hollow carbon spheres and a hollow carbon sphere/polyvinylpyrrolidone composite as ammonia sensors
snapshot_1,Topic_hollow_carbon_2012-2021_Knowledge.txt,83,https://openalex.org/W2398336974,https://doi.org/10.1002/adfm.201600564,2016,Macroscopic and Mechanically Robust Hollow Carbon Spheres with Superior Oil Adsorption and Light‐to‐Heat Evaporation Properties
snapshot_1,Topic_hollow_carbon_2012-2021_Knowledge.txt,84,https://openalex.org/W2969989849,https://doi.org/10.1039/c9cc06008a,2019,Deep-eutectic-solvent synthesis of N/O self-doped hollow carbon nanorods for efficient energy storage
snapshot_1,Topic_hollow_carbon_2012-2021_Knowledge.txt,85,https://openalex.org/W2800287062,https://doi.org/10.1002/advs.201800177,2018,Bifunctional Nitrogen and Cobalt Codoped Hollow Carbon for Electrochemical Syngas Production
snapshot_1,Topic_hollow_carbon_2012-2021_Knowledge.txt,86,https://openalex.org/W2783148362,https://doi.org/10.1021/jacs.7b12420,2018,Core–Shell ZIF-8@ZIF-67-Derived CoP Nanoparticle-Embedded N-Doped Carbon Nanotube Hollow Polyhedron for Efficient Overall Water Splitting
snapshot_1,Topic_hollow_carbon_2012-2021_Knowledge.txt,87,https://openalex.org/W2065179095,https://doi.org/10.1039/c4ta05982d,2014,Hollow carbon spheres with encapsulated germanium as an anode material for lithium ion batteries
snapshot_1,Topic_hollow_carbon_2012-2021_Knowledge.txt,88,https://openalex.org/W3175281832,https://doi.org/10.1002/anie.202107314,2021,Ruthenium‐Nanoparticle‐Loaded Hollow Carbon Spheres as Nanoreactors for Hydrogenation of Levulinic Acid: Explicitly Recognizing the Void‐Confinement Effect
snapshot_1,Topic_hollow_carbon_2012-2021_Knowledge.txt,89,https://openalex.org/W2771608069,https://doi.org/10.1039/c7se00481h,2017,Hollow carbon microtubes from kapok fiber: structural evolution and energy storage performance
snapshot_1,Topic_hollow_carbon_2012-2021_Knowledge.txt,90,https://openalex.org/W2095165550,https://doi.org/10.1039/c4nr03705g,2014,Selenium/interconnected porous hollow carbon bubbles composites as the cathodes of Li–Se batteries with high performance
snapshot_1,Topic_hollow_carbon_2012-2021_Knowledge.txt,91,https://openalex.org/W3110982665,https://doi.org/10.1002/smll.202004142,2020,Hollow Carbon‐Based Nanoarchitectures Based on ZIF: Inward/Outward Contraction Mechanism and Beyond
snapshot_1,Topic_hollow_carbon_2012-2021_Knowledge.txt,92,https://openalex.org/W2998417925,https://doi.org/10.1021/acsami.9b19977,2020,Advanced Supercapacitors Based on Porous Hollow Carbon Nanofiber Electrodes with High Specific Capacitance and Large Energy Density
snapshot_1,Topic_hollow_carbon_2012-2021_Knowledge.txt,93,https://openalex.org/W2887461000,https://doi.org/10.1002/smll.201802218,2018,A Flexible Sulfur‐Enriched Nitrogen Doped Multichannel Hollow Carbon Nanofibers Film for High Performance Sodium Storage
snapshot_1,Topic_hollow_carbon_2012-2021_Knowledge.txt,94,https://openalex.org/W3174090697,https://doi.org/10.1002/adfm.202101487,2021,"Silicon in Hollow Carbon Nanospheres Assembled Microspheres Cross‐linked with N‐doped Carbon Fibers toward a Binder Free, High Performance, and Flexible Anode for Lithium‐Ion Batteries"
snapshot_1,Topic_hollow_carbon_2012-2021_Knowledge.txt,95,https://openalex.org/W2604823503,https://doi.org/10.1039/c7ee00488e,2017,Designed formation of hollow particle-based nitrogen-doped carbon nanofibers for high-performance supercapacitors
snapshot_1,Topic_hollow_carbon_2012-2021_Knowledge.txt,96,https://openalex.org/W2469180270,https://doi.org/10.1039/c6ta04330e,2016,Template-free fabrication of nitrogen-doped hollow carbon spheres for high-performance supercapacitors based on a scalable homopolymer vesicle
snapshot_1,Topic_hollow_carbon_2012-2021_Knowledge.txt,97,https://openalex.org/W2109330760,https://doi.org/10.1039/c5cc07610b,2015,Nitrogen-doped hollow carbon spheres with large mesoporous shells engineered from diblock copolymer micelles
snapshot_1,Topic_hollow_carbon_2012-2021_Knowledge.txt,98,https://openalex.org/W2736317136,https://doi.org/10.1007/s12274-017-1709-x,2017,Embedding ZnSe nanodots in nitrogen-doped hollow carbon architectures for superior lithium storage
snapshot_1,Topic_hollow_carbon_2012-2021_Knowledge.txt,99,https://openalex.org/W1980936423,https://doi.org/10.1002/adfm.201203732,2013,From Melamine‐Cyanuric Acid Supramolecular Aggregates to Carbon Nitride Hollow Spheres
snapshot_1,Topic_hollow_carbon_2012-2021_Knowledge.txt,100,https://openalex.org/W2323344143,https://doi.org/10.1021/am301873d,2012,Effect of Pores in Hollow Carbon Nanofibers on Their Negative Electrode Properties for a Lithium Rechargeable Battery
snapshot_1,Topic_hollow_carbon_2012-2021_Knowledge.txt,101,https://openalex.org/W3015667990,https://doi.org/10.1021/acsami.9b20433,2020,Ultrathin MoS<sub>2</sub> Nanosheets Encapsulated in Hollow Carbon Spheres: A Case of a Dielectric Absorber with Optimized Impedance for Efficient Microwave Absorption
snapshot_1,Topic_hollow_carbon_2012-2021_Knowledge.txt,102,https://openalex.org/W2967497809,https://doi.org/10.1002/smll.201902688,2019,Boosting the Reversibility of Sodium Metal Anode via Heteroatom‐Doped Hollow Carbon Fibers
snapshot_1,Topic_hollow_carbon_2012-2021_Knowledge.txt,103,https://openalex.org/W2609009958,https://doi.org/10.1002/smll.201700238,2017,Hollow Carbon Nanopolyhedra for Enhanced Electrocatalysis via Confined Hierarchical Porosity
snapshot_1,Topic_hollow_carbon_2012-2021_Knowledge.txt,104,https://openalex.org/W3104786488,https://doi.org/10.1007/s12274-020-3151-8,2020,Fe atoms anchored on defective nitrogen doped hollow carbon spheres as efficient electrocatalysts for oxygen reduction reaction
snapshot_1,Topic_hollow_carbon_2012-2021_Knowledge.txt,105,https://openalex.org/W4248801111,https://doi.org/10.1002/ange.201506972,2015,Hollow Carbon Nanofibers Filled with MnO<sub>2</sub> Nanosheets as Efficient Sulfur Hosts for Lithium–Sulfur Batteries
snapshot_1,Topic_hollow_carbon_2012-2021_Knowledge.txt,106,https://openalex.org/W2136850224,https://doi.org/10.1002/celc.201402359,2014,Ultra‐Thin Hollow Carbon Nanospheres for Pseudocapacitive Sodium‐Ion Storage
snapshot_1,Topic_hollow_carbon_2012-2021_Knowledge.txt,107,https://openalex.org/W2417805814,https://doi.org/10.1039/c6sc01659f,2016,A covalent organic framework-based route to the in situ encapsulation of metal nanoparticles in N-rich hollow carbon spheres
snapshot_1,Topic_hollow_carbon_2012-2021_Knowledge.txt,108,https://openalex.org/W2771604928,https://doi.org/10.1002/cssc.201702010,2017,Hydrogen Evolution Activity of Ruthenium Phosphides Encapsulated in Nitrogen‐ and Phosphorous‐Codoped Hollow Carbon Nanospheres
snapshot_1,Topic_hollow_carbon_2012-2021_Knowledge.txt,109,https://openalex.org/W2518931629,https://doi.org/10.1002/adfm.201603241,2016,Gas Pickering Emulsion Templated Hollow Carbon for High Rate Performance Lithium Sulfur Batteries
snapshot_1,Topic_hollow_carbon_2012-2021_Knowledge.txt,110,https://openalex.org/W2460380714,https://doi.org/10.1002/adma.201600012,2016,"Macroporous Interconnected Hollow Carbon Nanofibers Inspired by Golden‐Toad Eggs toward a Binder‐Free, High‐Rate, and Flexible Electrode"
snapshot_1,Topic_hollow_carbon_2012-2021_Knowledge.txt,111,https://openalex.org/W2511664932,https://doi.org/10.1039/c6cc06230j,2016,Nitrogen-doped hollow carbon spheres with a wrinkled surface: their one-pot carbonization synthesis and supercapacitor properties
snapshot_1,Topic_hollow_carbon_2012-2021_Knowledge.txt,112,https://openalex.org/W2004359414,https://doi.org/10.1039/c4nr01453g,2014,Red-green-blue fluorescent hollow carbon nanoparticles isolated from chromatographic fractions for cellular imaging
snapshot_1,Topic_hollow_carbon_2012-2021_Knowledge.txt,113,https://openalex.org/W3000807169,https://doi.org/10.1039/c9ta08676e,2020,Hierarchical N-doped hollow carbon microspheres as advanced materials for high-performance lithium-ion capacitors
snapshot_1,Topic_hollow_carbon_2012-2021_Knowledge.txt,114,https://openalex.org/W3041019199,https://doi.org/10.1021/acs.nanolett.0c00081,2020,Dual-Shelled Multidoped Hollow Carbon Nanocages with Hierarchical Porosity for High-Performance Oxygen Reduction Reaction in Both Alkaline and Acidic Media
snapshot_1,Topic_hollow_carbon_2012-2021_Knowledge.txt,115,https://openalex.org/W2951155628,https://doi.org/10.1021/acsnano.9b02384,2019,Hollow-Carbon-Templated Few-Layered V<sub>5</sub>S<sub>8</sub> Nanosheets Enabling Ultrafast Potassium Storage and Long-Term Cycling
snapshot_1,Topic_hollow_carbon_2012-2021_Knowledge.txt,116,https://openalex.org/W2143904353,https://doi.org/10.1039/c4nr06321j,2015,Nano electrochemical reactors of Fe<sub>2</sub>O<sub>3</sub>nanoparticles embedded in shells of nitrogen-doped hollow carbon spheres as high-performance anodes for lithium-ion batteries
snapshot_1,Topic_hollow_carbon_2012-2021_Knowledge.txt,117,https://openalex.org/W2149490148,https://doi.org/10.1039/c5nr06279a,2015,A co-sol-emulsion-gel synthesis of tunable and uniform hollow carbon nanospheres with interconnected mesoporous shells
snapshot_1,Topic_hollow_carbon_2012-2021_Knowledge.txt,118,https://openalex.org/W2333223636,https://doi.org/10.1021/nn300400z,2012,"Assembly, Growth, and Catalytic Activity of Gold Nanoparticles in Hollow Carbon Nanofibers"
snapshot_1,Topic_hollow_carbon_2012-2021_Knowledge.txt,119,https://openalex.org/W2984294750,https://doi.org/10.1039/c9qm00675c,2019,Ultrathin MnO<sub>2</sub> nanoflakes grown on N-doped hollow carbon spheres for high-performance aqueous zinc ion batteries
snapshot_1,Topic_hollow_carbon_2012-2021_Knowledge.txt,120,https://openalex.org/W3158241184,https://doi.org/10.1002/adfm.202102812,2021,Hollow Engineering to Co@N‐Doped Carbon Nanocages via Synergistic Protecting‐Etching Strategy for Ultrahigh Microwave Absorption
snapshot_1,Topic_hollow_carbon_2012-2021_Knowledge.txt,121,https://openalex.org/W3195461979,https://doi.org/10.1002/advs.202101438,2021,Encapsulating Cobalt Nanoparticles in Interconnected N‐Doped Hollow Carbon Nanofibers with Enriched CoNC Moiety for Enhanced Oxygen Electrocatalysis in Zn‐Air Batteries
snapshot_1,Topic_hollow_carbon_2012-2021_Knowledge.txt,122,https://openalex.org/W2885766536,https://doi.org/10.1039/c8ta04800b,2018,Entrapping polysulfides by using ultrathin hollow carbon sphere-functionalized separators in high-rate lithium-sulfur batteries
snapshot_1,Topic_hollow_carbon_2012-2021_Knowledge.txt,123,https://openalex.org/W2905536594,https://doi.org/10.1021/acssuschemeng.8b04648,2018,Dandelion Derived Nitrogen-Doped Hollow Carbon Host for Encapsulating Sulfur in Lithium Sulfur Battery
snapshot_1,Topic_hollow_carbon_2012-2021_Knowledge.txt,124,https://openalex.org/W2496554497,https://doi.org/10.1039/c6ta05025e,2016,Formation of N-doped molybdenum carbide confined in hierarchical and hollow carbon nitride microspheres with enhanced sodium storage properties
snapshot_1,Topic_hollow_carbon_2012-2021_Knowledge.txt,125,https://openalex.org/W2440660464,https://doi.org/10.1002/app.43397,2016,Polyimide‐based porous hollow carbon nanofibers for supercapacitor electrode
snapshot_1,Topic_hollow_carbon_2012-2021_Knowledge.txt,126,https://openalex.org/W2780796778,https://doi.org/10.1021/acssuschemeng.7b04634,2017,Revealing the Dynamic Formation Process and Mechanism of Hollow Carbon Spheres: From Bowl to Sphere
snapshot_1,Topic_hollow_carbon_2012-2021_Knowledge.txt,127,https://openalex.org/W2981371076,https://doi.org/10.1002/cey2.16,2019,Rambutan‐like hollow carbon spheres decorated with vacancy‐rich nickel oxide for energy conversion and storage
snapshot_1,Topic_hollow_carbon_2012-2021_Knowledge.txt,128,https://openalex.org/W2615279792,https://doi.org/10.1039/c7ta03606j,2017,Microbubble effect-assisted electrolytic synthesis of hollow carbon spheres from CO<sub>2</sub>
snapshot_1,Topic_hollow_carbon_2012-2021_Knowledge.txt,129,https://openalex.org/W2575961351,https://doi.org/10.1021/acs.langmuir.6b04131,2017,Hollow Carbon Spheres with Abundant Micropores for Enhanced CO<sub>2</sub> Adsorption
snapshot_1,Topic_hollow_carbon_2012-2021_Knowledge.txt,130,https://openalex.org/W3013323907,https://doi.org/10.1021/acsaem.9b02501,2020,Designed Assembly of Porous Cobalt Oxide/Carbon Nanotentacles on Electrospun Hollow Carbon Nanofibers Network for Supercapacitor
snapshot_1,Topic_hollow_carbon_2012-2021_Knowledge.txt,131,https://openalex.org/W2845744181,https://doi.org/10.1021/acsnano.8b02721,2018,Cross-Linking Hollow Carbon Sheet Encapsulated CuP<sub>2</sub> Nanocomposites for High Energy Density Sodium-Ion Batteries
snapshot_1,Topic_hollow_carbon_2012-2021_Knowledge.txt,132,https://openalex.org/W3002179307,https://doi.org/10.1039/c9ta11246d,2020,Phosphorus-doped porous hollow carbon nanorods for high-performance sodium-based dual-ion batteries
snapshot_1,Topic_hollow_carbon_2012-2021_Knowledge.txt,133,https://openalex.org/W3157273305,https://doi.org/10.1021/acsami.1c01137,2021,Controllable Design and Preparation of Hollow Carbon-Based Nanotubes for Asymmetric Supercapacitors and Capacitive Deionization
snapshot_1,Topic_hollow_carbon_2012-2021_Knowledge.txt,134,https://openalex.org/W2060496885,https://doi.org/10.1039/c3ta13306k,2013,A simple SDS-assisted self-assembly method for the synthesis of hollow carbon nanospheres to encapsulate sulfur for advanced lithium–sulfur batteries
snapshot_1,Topic_hollow_carbon_2012-2021_Knowledge.txt,135,https://openalex.org/W2022585167,https://doi.org/10.1039/c3ta13757k,2013,Nitrogen-doped hollow carbon hemispheres as efficient metal-free electrocatalysts for oxygen reduction reaction in alkaline medium
snapshot_1,Topic_hollow_carbon_2012-2021_Knowledge.txt,136,https://openalex.org/W2981028451,https://doi.org/10.1039/c9nr07675a,2019,Hollow carbon nanofibers as high-performance anode materials for sodium-ion batteries
snapshot_1,Topic_hollow_carbon_2012-2021_Knowledge.txt,137,https://openalex.org/W2536514993,https://doi.org/10.1038/ncomms13065,2016,A sulfur host based on titanium monoxide@carbon hollow spheres for advanced lithium–sulfur batteries
snapshot_1,Topic_hollow_carbon_2012-2021_Knowledge.txt,138,https://openalex.org/W2316948047,https://doi.org/10.1021/am502712a,2014,Facile Synthesis of Magnetic Mesoporous Hollow Carbon Microspheres for Rapid Capture of Low-Concentration Peptides
snapshot_1,Topic_hollow_carbon_2012-2021_Knowledge.txt,139,https://openalex.org/W3175288670,https://doi.org/10.1016/j.jma.2021.05.004,2021,"High-loading, ultrafine Ni nanoparticles dispersed on porous hollow carbon nanospheres for fast (de)hydrogenation kinetics of MgH2"
snapshot_1,Topic_hollow_carbon_2012-2021_Knowledge.txt,140,https://openalex.org/W2789088248,https://doi.org/10.1002/smll.201704015,2018,Confined Assembly of Hollow Carbon Spheres in Carbonaceous Nanotube: A Spheres‐in‐Tube Carbon Nanostructure with Hierarchical Porosity for High‐Performance Supercapacitor
snapshot_1,Topic_hollow_carbon_2012-2021_Knowledge.txt,141,https://openalex.org/W2914797044,https://doi.org/10.1002/smll.201804874,2019,Space‐Confined Synthesis of ZIF‐67 Nanoparticles in Hollow Carbon Nanospheres for CO<sub>2</sub> Adsorption
snapshot_1,Topic_hollow_carbon_2012-2021_Knowledge.txt,142,https://openalex.org/W2772299339,https://doi.org/10.1021/acssuschemeng.7b03857,2017,Doping Strategy To Boost the Electromagnetic Wave Attenuation Ability of Hollow Carbon Spheres at Elevated Temperatures
snapshot_1,Topic_hollow_carbon_2012-2021_Knowledge.txt,143,https://openalex.org/W3185083759,https://doi.org/10.1002/smll.202102248,2021,Microstructure‐Dependent Charge/Discharge Behaviors of Hollow Carbon Spheres and its Implication for Sodium Storage Mechanism on Hard Carbon Anodes
snapshot_1,Topic_hollow_carbon_2012-2021_Knowledge.txt,144,https://openalex.org/W2744112744,https://doi.org/10.1007/s12274-017-1737-6,2017,Hollow carbon nanofibers with dynamic adjustable pore sizes and closed ends as hosts for high-rate lithium-sulfur battery cathodes
snapshot_1,Topic_hollow_carbon_2012-2021_Knowledge.txt,145,https://openalex.org/W2005558908,https://doi.org/10.1039/c5ta00958h,2015,Iron and nitrogen co-doped carbon nanotube@hollow carbon fibers derived from plant biomass as efficient catalysts for the oxygen reduction reaction
snapshot_1,Topic_hollow_carbon_2012-2021_Knowledge.txt,146,https://openalex.org/W2913635578,https://doi.org/10.1039/c8ta11785c,2019,g-C<sub>3</sub>N<sub>4</sub> promoted MOF derived hollow carbon nanopolyhedra doped with high density/fraction of single Fe atoms as an ultra-high performance non-precious catalyst towards acidic ORR and PEM fuel cells
snapshot_1,Topic_hollow_carbon_2012-2021_Knowledge.txt,147,https://openalex.org/W2782881647,https://doi.org/10.1039/c7cc09095a,2018,Ultrasmall Sn nanoparticles embedded in spherical hollow carbon for enhanced lithium storage properties
snapshot_1,Topic_hollow_carbon_2012-2021_Knowledge.txt,148,https://openalex.org/W2621054545,https://doi.org/10.1021/acsami.7b02943,2017,Anchoring Iodine to N-Doped Hollow Carbon Fold-Hemisphere: Toward a Fast and Stable Cathode for Rechargeable Lithium–Iodine Batteries
snapshot_1,Topic_hollow_carbon_2012-2021_Knowledge.txt,149,https://openalex.org/W2491008884,https://doi.org/10.1021/acs.nanolett.6b01981,2016,Layer-by-Layer Assembled Architecture of Polyelectrolyte Multilayers and Graphene Sheets on Hollow Carbon Spheres/Sulfur Composite for High-Performance Lithium–Sulfur Batteries
snapshot_1,Topic_hollow_carbon_2012-2021_Knowledge.txt,150,https://openalex.org/W2898948454,https://doi.org/10.1021/acsami.8b16921,2018,N-Doped Hollow Carbon Spheres/Sheets Composite for Electrochemical Capacitor
snapshot_1,Topic_hollow_carbon_2012-2021_Knowledge.txt,151,https://openalex.org/W2317154871,https://doi.org/10.1021/ie402371n,2013,Hollow Carbon Fibers Derived from Natural Cotton as Effective Sorbents for Oil Spill Cleanup
snapshot_1,Topic_hollow_carbon_2012-2021_Knowledge.txt,152,https://openalex.org/W2911724766,https://doi.org/10.1002/adfm.201808222,2019,Combating Biofilm Associated Infection In Vivo: Integration of Quorum Sensing Inhibition and Photodynamic Treatment based on Multidrug Delivered Hollow Carbon Nitride Sphere
snapshot_1,Topic_hollow_carbon_2012-2021_Knowledge.txt,153,https://openalex.org/W2745373614,https://doi.org/10.1039/c7ta05522f,2017,Soft-template assisted synthesis of Fe/N-doped hollow carbon nanospheres as advanced electrocatalysts for the oxygen reduction reaction in microbial fuel cells
snapshot_1,Topic_hollow_carbon_2012-2021_Knowledge.txt,154,https://openalex.org/W2924953840,https://doi.org/10.1007/s12274-019-2335-6,2019,"Encapsulating segment-like antimony nanorod in hollow carbon tube as long-lifespan, high-rate anodes for rechargeable K-ion batteries"
snapshot_1,Topic_hollow_carbon_2012-2021_Knowledge.txt,155,https://openalex.org/W2744985599,https://doi.org/10.1039/c7nr04349j,2017,Dual active nitrogen doped hierarchical porous hollow carbon nanospheres as an oxygen reduction electrocatalyst for zinc–air batteries
snapshot_1,Topic_hollow_carbon_2012-2021_Knowledge.txt,156,https://openalex.org/W2040049188,https://doi.org/10.1039/c3nr00322a,2013,Highly reversible lithium storage in Si (core)–hollow carbon nanofibers (sheath) nanocomposites
snapshot_1,Topic_hollow_carbon_2012-2021_Knowledge.txt,157,https://openalex.org/W2936461910,https://doi.org/10.1021/acsami.9b02060,2019,Carboxymethyl Cellulose Binder Greatly Stabilizes Porous Hollow Carbon Submicrospheres in Capacitive K-Ion Storage
snapshot_1,Topic_hollow_carbon_2012-2021_Knowledge.txt,158,https://openalex.org/W3001254049,https://doi.org/10.1002/adfm.201908755,2020,Controlled Design of Well‐Dispersed Ultrathin MoS<sub>2</sub> Nanosheets inside Hollow Carbon Skeleton: Toward Fast Potassium Storage by Constructing Spacious “Houses” for K Ions
snapshot_1,Topic_hollow_carbon_2012-2021_Knowledge.txt,159,https://openalex.org/W2186601328,https://doi.org/10.1039/c5nr07719b,2015,A graphitic hollow carbon nitride nanosphere as a novel photochemical internalization agent for targeted and stimuli-responsive cancer therapy
snapshot_1,Topic_hollow_carbon_2012-2021_Knowledge.txt,160,https://openalex.org/W2138764146,https://doi.org/10.1039/c2jm30366c,2012,Nitrogen-doped hollow carbon nanoparticles as efficient counter electrodes in quantum dot sensitized solar cells
snapshot_1,Topic_hollow_carbon_2012-2021_Knowledge.txt,161,https://openalex.org/W2902713734,https://doi.org/10.1021/acsami.8b16442,2018,Homologous Hierarchical Porous Hollow Carbon Spheres Anode and Bowls Cathode Enabling High-Energy Sodium-Ion Hybrid Capacitors
snapshot_1,Topic_hollow_carbon_2012-2021_Knowledge.txt,162,https://openalex.org/W2905933671,https://doi.org/10.1002/anie.201813494,2018,Metal–Organic‐Framework‐Derived Hollow N‐Doped Porous Carbon with Ultrahigh Concentrations of Single Zn Atoms for Efficient Carbon Dioxide Conversion
snapshot_1,Topic_hollow_carbon_2012-2021_Knowledge.txt,163,https://openalex.org/W2884067429,https://doi.org/10.1002/adfm.201802575,2018,"Few‐Layered WS<sub>2</sub> Nanoplates Confined in Co, N‐Doped Hollow Carbon Nanocages: Abundant WS<sub>2</sub> Edges for Highly Sensitive Gas Sensors"
snapshot_1,Topic_hollow_carbon_2012-2021_Knowledge.txt,164,https://openalex.org/W2766108631,https://doi.org/10.1021/acssuschemeng.7b01717,2017,Construction of Layered Double Hydroxides/Hollow Carbon Microsphere Composites and Its Applications for Mutual Removal of Pb(II) and Humic Acid from Aqueous Solutions
snapshot_1,Topic_hollow_carbon_2012-2021_Knowledge.txt,165,https://openalex.org/W1995760815,https://doi.org/10.1039/c2jm30781b,2012,Metal-free nitrogen-doped hollow carbon spheres synthesized by thermal treatment of poly(o-phenylenediamine) for oxygen reduction reaction in direct methanol fuel cell applications
snapshot_1,Topic_hollow_carbon_2012-2021_Knowledge.txt,166,https://openalex.org/W2947041352,https://doi.org/10.1039/c9ta00508k,2019,Carbon nanotube-linked hollow carbon nanospheres doped with iron and nitrogen as single-atom catalysts for the oxygen reduction reaction in acidic solutions
snapshot_1,Topic_hollow_carbon_2012-2021_Knowledge.txt,167,https://openalex.org/W2121095538,https://doi.org/10.1002/adma.201500783,2015,In‐Situ Formation of Hollow Hybrids Composed of Cobalt Sulfides Embedded within Porous Carbon Polyhedra/Carbon Nanotubes for High‐Performance Lithium‐Ion Batteries
snapshot_1,Topic_hollow_carbon_2012-2021_Knowledge.txt,168,https://openalex.org/W2123707933,https://doi.org/10.1002/chem.201404686,2014,Sulfur Encapsulated in a TiO<sub>2</sub>‐Anchored Hollow Carbon Nanofiber Hybrid Nanostructure for Lithium–Sulfur Batteries
snapshot_1,Topic_hollow_carbon_2012-2021_Knowledge.txt,169,https://openalex.org/W2315703777,https://doi.org/10.1021/am503774a,2014,"Mussel-Inspired Polydopamine Coated Hollow Carbon Microspheres, a Novel Versatile Filler for Fabrication of High Performance Syntactic Foams"
snapshot_1,Topic_hollow_carbon_2012-2021_Knowledge.txt,170,https://openalex.org/W2887535418,https://doi.org/10.1021/acsami.8b08534,2018,Synthesis of Double-Layer Nitrogen-Doped Microporous Hollow Carbon@MoS<sub>2</sub>/MoO<sub>2</sub> Nanospheres for Supercapacitors
snapshot_1,Topic_hollow_carbon_2012-2021_Knowledge.txt,171,https://openalex.org/W3016331920,https://doi.org/10.1002/smll.201907670,2020,Construction of Bimetallic Selenides Encapsulated in Nitrogen/Sulfur Co‐Doped Hollow Carbon Nanospheres for High‐Performance Sodium/Potassium‐Ion Half/Full Batteries
snapshot_1,Topic_hollow_carbon_2012-2021_Knowledge.txt,172,https://openalex.org/W2335127086,https://doi.org/10.1021/am405375s,2014,One-Step Carbonization Synthesis of Hollow Carbon Nanococoons with Multimodal Pores and Their Enhanced Electrochemical Performance for Supercapacitors
snapshot_1,Topic_hollow_carbon_2012-2021_Knowledge.txt,173,https://openalex.org/W3006767947,https://doi.org/10.1021/acsami.9b22736,2020,Facile Synthesis of Hollow Carbon Nanospheres and Their Potential as Stable Anode Materials in Potassium-Ion Batteries
snapshot_1,Topic_hollow_carbon_2012-2021_Knowledge.txt,174,https://openalex.org/W2799929907,https://doi.org/10.1021/acssuschemeng.7b04842,2018,Biomass-Based Nitrogen-Doped Hollow Carbon Nanospheres Derived Directly from Glucose and Glucosamine: Structural Evolution and Supercapacitor Properties
snapshot_1,Topic_hollow_carbon_2012-2021_Knowledge.txt,175,https://openalex.org/W3087084425,https://doi.org/10.1039/d0ta07010f,2020,Atomic level design of single iron atom embedded mesoporous hollow carbon spheres as multi-effect nanoreactors for advanced lithium–sulfur batteries
snapshot_1,Topic_hollow_carbon_2012-2021_Knowledge.txt,176,https://openalex.org/W2520818855,https://doi.org/10.1039/c6ta06088a,2016,A hollow carbon foam with ultra-high sulfur loading for an integrated cathode of lithium–sulfur batteries
snapshot_1,Topic_hollow_carbon_2012-2021_Knowledge.txt,177,https://openalex.org/W2120816986,https://doi.org/10.1002/cctc.201500195,2015,Synergistic Effect of Nitrogen in Cobalt Nitride and Nitrogen‐Doped Hollow Carbon Spheres for the Oxygen Reduction Reaction
snapshot_1,Topic_hollow_carbon_2012-2021_Knowledge.txt,178,https://openalex.org/W2792542793,https://doi.org/10.1039/c8nr01140k,2018,Light-weight 3D Co–N-doped hollow carbon spheres as efficient electrocatalysts for rechargeable zinc–air batteries
snapshot_1,Topic_hollow_carbon_2012-2021_Knowledge.txt,179,https://openalex.org/W4232434210,https://doi.org/10.1002/ange.201606102,2016,Precise Formation of a Hollow Carbon Nitride Structure with a Janus Surface To Promote Water Splitting by Photoredox Catalysis
snapshot_1,Topic_hollow_carbon_2012-2021_Knowledge.txt,180,https://openalex.org/W2501505189,https://doi.org/10.1039/c6ra17014e,2016,Free standing hollow carbon nanofiber mats for supercapacitor electrodes
snapshot_1,Topic_hollow_carbon_2012-2021_Knowledge.txt,181,https://openalex.org/W2125136515,https://doi.org/10.1039/c2jm31421e,2012,Hollow carbon cage with nanocapsules of graphitic shell/nickel core as an anode material for high rate lithium ion batteries
snapshot_1,Topic_hollow_carbon_2012-2021_Knowledge.txt,182,https://openalex.org/W3090447579,https://doi.org/10.1021/acsestengg.0c00039,2020,Nitrogen-Coordinated Cobalt Embedded in a Hollow Carbon Polyhedron for Superior Catalytic Oxidation of Organic Contaminants with Peroxymonosulfate
snapshot_1,Topic_hollow_carbon_2012-2021_Knowledge.txt,183,https://openalex.org/W3097340616,https://doi.org/10.1021/acsami.0c14521,2020,Ultralow Ru-Induced Bimetal Electrocatalysts with a Ru-Enriched and Mixed-Valence Surface Anchored on a Hollow Carbon Matrix for Oxygen Reduction and Water Splitting
snapshot_1,Topic_hollow_carbon_2012-2021_Knowledge.txt,184,https://openalex.org/W2767948854,https://doi.org/10.1021/jacs.7b10194,2017,Hollow N-Doped Carbon Spheres with Isolated Cobalt Single Atomic Sites: Superior Electrocatalysts for Oxygen Reduction
snapshot_1,Topic_hollow_carbon_2012-2021_Knowledge.txt,185,https://openalex.org/W2798197447,https://doi.org/10.1021/acsami.8b02281,2018,Metal–Organic Framework-Derived Hollow Carbon Nanocubes for Fast Solid-Phase Microextraction of Polycyclic Aromatic Hydrocarbons
snapshot_1,Topic_hollow_carbon_2012-2021_Knowledge.txt,186,https://openalex.org/W2029926233,https://doi.org/10.1039/c5ta00897b,2015,A 3D nanostructure of graphene interconnected with hollow carbon spheres for high performance lithium–sulfur batteries
snapshot_1,Topic_hollow_carbon_2012-2021_Knowledge.txt,187,https://openalex.org/W2524685716,https://doi.org/10.1039/c6nr06716f,2016,In situ formation of nitrogen-doped carbon nanoparticles on hollow carbon spheres as efficient oxygen reduction electrocatalysts
snapshot_1,Topic_hollow_carbon_2012-2021_Knowledge.txt,188,https://openalex.org/W3129643700,https://doi.org/10.1002/smll.202007239,2021,Dual‐Active Sites Engineering of N‐Doped Hollow Carbon Nanocubes Confining Bimetal Alloys as Bifunctional Oxygen Electrocatalysts for Flexible Metal–Air Batteries
snapshot_1,Topic_hollow_carbon_2012-2021_Knowledge.txt,189,https://openalex.org/W3040151613,https://doi.org/10.1039/d0ta05249c,2020,Cobalt nitride nanoparticle coated hollow carbon spheres with nitrogen vacancies as an electrocatalyst for lithium–sulfur batteries
snapshot_1,Topic_hollow_carbon_2012-2021_Knowledge.txt,190,https://openalex.org/W3111117160,https://doi.org/10.1021/acs.accounts.0c00613,2020,"Manipulating Particle Chemistry for Hollow Carbon-based Nanospheres: Synthesis Strategies, Mechanistic Insights, and Electrochemical Applications"
snapshot_1,Topic_hollow_carbon_2012-2021_Knowledge.txt,191,https://openalex.org/W2901618261,https://doi.org/10.1039/c8ta09136f,2018,Hollow carbon shells enhanced by confined ruthenium as cost-efficient and superior catalysts for the alkaline hydrogen evolution reaction
snapshot_1,Topic_hollow_carbon_2012-2021_Knowledge.txt,192,https://openalex.org/W2913244141,https://doi.org/10.1126/sciadv.aav6009,2019,Highly crystalline Ni-doped FeP/carbon hollow nanorods as all-pH efficient and durable hydrogen evolving electrocatalysts
snapshot_1,Topic_hollow_carbon_2012-2021_Knowledge.txt,193,https://openalex.org/W2589405033,https://doi.org/10.1039/c7cc00219j,2017,Facile synthesis of novel bowl-like hollow carbon spheres by the combination of hydrothermal carbonization and soft templating
snapshot_1,Topic_hollow_carbon_2012-2021_Knowledge.txt,194,https://openalex.org/W2914447454,https://doi.org/10.1039/c8ta12349g,2019,Promoting sulfur immobilization by a hierarchical morphology of hollow carbon nanosphere clusters for high-stability Li–S battery
snapshot_1,Topic_hollow_carbon_2012-2021_Knowledge.txt,195,https://openalex.org/W2226442367,https://doi.org/10.1063/1.4938537,2016,Hollow carbon spheres in microwaves: Bio inspired absorbing coating
snapshot_1,Topic_hollow_carbon_2012-2021_Knowledge.txt,196,https://openalex.org/W2905690284,https://doi.org/10.1002/adma.201806312,2018,Atomic Fe Dispersed on N‐Doped Carbon Hollow Nanospheres for High‐Efficiency Electrocatalytic Oxygen Reduction
snapshot_1,Topic_hollow_carbon_2012-2021_Knowledge.txt,197,https://openalex.org/W2567705066,https://doi.org/10.1021/acscatal.6b03102,2016,Effects of Co and Ru Intimacy in Fischer–Tropsch Catalysts Using Hollow Carbon Sphere Supports: Assessment of the Hydrogen Spillover Processes
snapshot_1,Topic_hollow_carbon_2012-2021_Knowledge.txt,198,https://openalex.org/W4200205486,https://doi.org/10.1021/acsnano.1c08866,2021,Adjustable Dimensionality of Microaggregates of Silicon in Hollow Carbon Nanospheres: An Efficient Pathway for High-Performance Lithium-Ion Batteries
snapshot_1,Topic_hollow_carbon_2012-2021_Knowledge.txt,199,https://openalex.org/W3130158064,https://doi.org/10.1021/acssuschemeng.0c08422,2021,Metal-Loaded Hollow Carbon Nanostructures as Nanoreactors: Microenvironment Effects and Prospects for Biomass Hydrogenation Applications
snapshot_1,Topic_hollow_carbon_2012-2021_Knowledge.txt,200,https://openalex.org/W2892010580,https://doi.org/10.1039/c8ta08058e,2018,Sub-5 nm SnO<sub>2</sub> chemically coupled hollow carbon spheres for efficient electrocatalytic CO<sub>2</sub> reduction
snapshot_1,Topic_hollow_carbon_2012-2021_Knowledge.txt,201,https://openalex.org/W2574321793,https://doi.org/10.1021/acsami.6b15826,2017,Carbon Hollow Microspheres with a Designable Mesoporous Shell for High-Performance Electromagnetic Wave Absorption
snapshot_1,Topic_hollow_carbon_2012-2021_Knowledge.txt,202,https://openalex.org/W2984698063,https://doi.org/10.1021/acssuschemeng.9b02126,2019,Ruthenium–Cobalt Nanoalloy Embedded within Hollow Carbon Spheres as a Bifunctionally Robust Catalyst for Hydrogen Generation from Water Splitting and Ammonia Borane Hydrolysis
snapshot_1,Topic_hollow_carbon_2012-2021_Knowledge.txt,203,https://openalex.org/W4250068999,https://doi.org/10.1002/ange.201600455,2016,"Nitrogen, Phosphorus, and Sulfur Co‐Doped Hollow Carbon Shell as Superior Metal‐Free Catalyst for Selective Oxidation of Aromatic Alkanes"
snapshot_1,Topic_hollow_carbon_2012-2021_Knowledge.txt,204,https://openalex.org/W2913339275,https://doi.org/10.1039/c9tb00032a,2019,"High drug-loading system of hollow carbon dots–doxorubicin: preparation, <i>in vitro</i> release and pH-targeted research"
snapshot_1,Topic_hollow_carbon_2012-2021_Knowledge.txt,205,https://openalex.org/W3201300815,https://doi.org/10.1021/acsami.1c10671,2021,CoNi Nanoparticles Supported on N-Doped Bifunctional Hollow Carbon Composites as High-Performance ORR/OER Catalysts for Rechargeable Zn–Air Batteries
snapshot_1,Topic_hollow_carbon_2012-2021_Knowledge.txt,206,https://openalex.org/W3092185287,https://doi.org/10.1016/j.jmrt.2020.09.103,2020,NiCo2S4 on yeast-templated porous hollow carbon spheres for supercapacitors
snapshot_1,Topic_hollow_carbon_2012-2021_Knowledge.txt,207,https://openalex.org/W3035927979,https://doi.org/10.1039/d0nr04346j,2020,Nitrogen-doped hollow carbon nanoflowers from a preformed covalent triazine framework for metal-free bifunctional electrocatalysis
snapshot_1,Topic_hollow_carbon_2012-2021_Knowledge.txt,208,https://openalex.org/W2739826243,https://doi.org/10.1039/c7ta05510b,2017,Ball-milling synthesis of Co<sub>2</sub>P nanoparticles encapsulated in nitrogen doped hollow carbon rods as efficient electrocatalysts
snapshot_1,Topic_hollow_carbon_2012-2021_Knowledge.txt,209,https://openalex.org/W2586589332,https://doi.org/10.1039/c6dt04759a,2017,Facile synthesis of core–shell nanostructured hollow carbon nanospheres@nickel cobalt double hydroxides as high-performance electrode materials for supercapacitors
snapshot_1,Topic_hollow_carbon_2012-2021_Knowledge.txt,210,https://openalex.org/W2899827166,https://doi.org/10.1002/cssc.201802403,2018,Tuning Confined Nanospace for Preparation of N‐doped Hollow Carbon Spheres for High Performance Supercapacitors
snapshot_1,Topic_hollow_carbon_2012-2021_Knowledge.txt,211,https://openalex.org/W2315170169,https://doi.org/10.1021/acsnano.6b00723,2016,Surfactant-Free Assembly of Mesoporous Carbon Hollow Spheres with Large Tunable Pore Sizes
snapshot_1,Topic_hollow_carbon_2012-2021_Knowledge.txt,212,https://openalex.org/W3170960383,https://doi.org/10.1021/acs.jafc.1c01265,2021,Infrared-Light-Responsive Controlled-Release Pesticide Using Hollow Carbon Microspheres@Polyethylene Glycol/α-Cyclodextrin Gel
snapshot_1,Topic_hollow_carbon_2012-2021_Knowledge.txt,213,https://openalex.org/W2591282829,https://doi.org/10.1039/c6ta10609a,2017,Morphology inherence from hollow MOFs to hollow carbon polyhedrons in preparing carbon-based electrocatalysts
snapshot_1,Topic_hollow_carbon_2012-2021_Knowledge.txt,214,https://openalex.org/W2972640493,https://doi.org/10.1007/s12274-019-2512-7,2019,2D nanoplate assembled nitrogen doped hollow carbon sphere decorated with Fe3O4 as an efficient electrocatalyst for oxygen reduction reaction and Zn-air batteries
snapshot_1,Topic_hollow_carbon_2012-2021_Knowledge.txt,215,https://openalex.org/W3193521003,https://doi.org/10.1039/d1ta05752a,2021,Accurate engineering of hexagonal hollow carbon nitride with carbon vacancies: enhanced photocatalytic H<sub>2</sub> evolution and its mechanism
snapshot_1,Topic_hollow_carbon_2012-2021_Knowledge.txt,216,https://openalex.org/W2560174530,https://doi.org/10.1002/cctc.201601364,2016,4‐Nitrophenol Reduction by a Single Platinum Palladium Nanocube Caged within a Nitrogen‐Doped Hollow Carbon Nanosphere
snapshot_1,Topic_hollow_carbon_2012-2021_Knowledge.txt,217,https://openalex.org/W2510860787,https://doi.org/10.1007/s12274-016-1243-2,2016,Encapsulation of selenium sulfide in double-layered hollow carbon spheres as advanced electrode material for lithium storage
snapshot_1,Topic_hollow_carbon_2012-2021_Knowledge.txt,218,https://openalex.org/W2176939426,https://doi.org/10.1039/c5cc07912h,2015,Raspberry-like hollow carbon nanospheres with enhanced matrix-free peptide detection profiles
snapshot_1,Topic_hollow_carbon_2012-2021_Knowledge.txt,219,https://openalex.org/W2560824618,https://doi.org/10.1039/c6cc07360c,2016,Hollow carbon nanospheres using an asymmetric triblock copolymer structure directing agent
snapshot_1,Topic_hollow_carbon_2012-2021_Knowledge.txt,220,https://openalex.org/W2793994391,https://doi.org/10.1002/celc.201800045,2018,Nitrogen and Phosphorus Co‐doped Hollow Carbon Spheres as Efficient Metal‐Free Electrocatalysts for the Oxygen Reduction Reaction
snapshot_1,Topic_hollow_carbon_2012-2021_Knowledge.txt,221,https://openalex.org/W2057354255,https://doi.org/10.1002/anie.201407917,2014,Bowl‐like SnO<sub>2</sub>@Carbon Hollow Particles as an Advanced Anode Material for Lithium‐Ion Batteries
snapshot_1,Topic_hollow_carbon_2012-2021_Knowledge.txt,222,https://openalex.org/W2801930840,https://doi.org/10.1002/chem.201801442,2018,Co@C Nanoparticle Embedded Hierarchically Porous N‐Doped Hollow Carbon for Efficient Oxygen Reduction
snapshot_1,Topic_hollow_carbon_2012-2021_Knowledge.txt,223,https://openalex.org/W2530362270,https://doi.org/10.1021/acsami.6b08946,2016,Synthesis of Dispersible Mesoporous Nitrogen-Doped Hollow Carbon Nanoplates with Uniform Hexagonal Morphologies for Supercapacitors
snapshot_1,Topic_hollow_carbon_2012-2021_Knowledge.txt,224,https://openalex.org/W2804134085,https://doi.org/10.1021/acsami.8b03850,2018,Self-Assembling Hollow Carbon Nanobeads into Double-Shell Microspheres as a Hierarchical Sulfur Host for Sustainable Room-Temperature Sodium–Sulfur Batteries
snapshot_1,Topic_hollow_carbon_2012-2021_Knowledge.txt,225,https://openalex.org/W2315018213,https://doi.org/10.1088/2053-1583/3/2/024001,2016,MoS <sub>2</sub> coated hollow carbon spheres for anodes of lithium ion batteries
snapshot_1,Topic_hollow_carbon_2012-2021_Knowledge.txt,226,https://openalex.org/W2553288417,https://doi.org/10.1021/jacs.6b08685,2016,Achieving High-Performance Room-Temperature Sodium–Sulfur Batteries With S@Interconnected Mesoporous Carbon Hollow Nanospheres
snapshot_1,Topic_hollow_carbon_2012-2021_Knowledge.txt,227,https://openalex.org/W3005769367,https://doi.org/10.1021/acs.analchem.0c00070,2020,Stable and Monochromatic All-Inorganic Halide Perovskite Assisted by Hollow Carbon Nitride Nanosphere for Ratiometric Electrochemiluminescence Bioanalysis
snapshot_1,Topic_hollow_carbon_2012-2021_Knowledge.txt,228,https://openalex.org/W2169534642,https://doi.org/10.1002/adma.201401191,2014,Encapsulating MWNTs into Hollow Porous Carbon Nanotubes: A Tube‐in‐Tube Carbon Nanostructure for High‐Performance Lithium‐Sulfur Batteries
snapshot_1,Topic_hollow_carbon_2012-2021_Knowledge.txt,229,https://openalex.org/W2954464951,https://doi.org/10.1002/smll.201902659,2019,Hollow Carbon Nanobelts Codoped with Nitrogen and Sulfur via a Self‐Templated Method for a High‐Performance Sodium‐Ion Capacitor
snapshot_1,Topic_hollow_carbon_2012-2021_Knowledge.txt,230,https://openalex.org/W3034991428,https://doi.org/10.1039/d0qm00313a,2020,Hollow carbon nanospheres: syntheses and applications for post lithium-ion batteries
snapshot_1,Topic_hollow_carbon_2012-2021_Knowledge.txt,231,https://openalex.org/W3012096760,https://doi.org/10.1021/acsanm.0c00222,2020,Carbon-Covered Hollow Nitrogen-Doped Carbon Nanoparticles and Nitrogen-Doped Carbon-Covered Hollow Carbon Nanoparticles for Oxygen Reduction
snapshot_1,Topic_hollow_carbon_2012-2021_Knowledge.txt,232,https://openalex.org/W2751592554,https://doi.org/10.1007/s12274-017-1800-3,2017,Scalable synthesis of sub-100 nm hollow carbon nanospheres for energy storage applications
snapshot_1,Topic_hollow_carbon_2012-2021_Knowledge.txt,233,https://openalex.org/W2905080964,https://doi.org/10.1021/acsami.8b10845,2018,Pt–C Interfaces Based on Electronegativity-Functionalized Hollow Carbon Spheres for Highly Efficient Hydrogen Evolution
snapshot_1,Topic_hollow_carbon_2012-2021_Knowledge.txt,234,https://openalex.org/W2271981882,https://doi.org/10.1021/jacs.5b08743,2015,Graphitic Carbon Conformal Coating of Mesoporous TiO<sub>2</sub> Hollow Spheres for High-Performance Lithium Ion Battery Anodes
snapshot_1,Topic_hollow_carbon_2012-2021_Knowledge.txt,235,https://openalex.org/W2921812177,https://doi.org/10.1021/acs.analchem.8b04944,2019,In Vivo Measurement of Calcium Ion with Solid-State Ion-Selective Electrode by Using Shelled Hollow Carbon Nanospheres as a Transducing Layer
snapshot_1,Topic_hollow_carbon_2012-2021_Knowledge.txt,236,https://openalex.org/W2913115142,https://doi.org/10.1002/smll.201804786,2019,Recent Advances in Hollow Porous Carbon Materials for Lithium–Sulfur Batteries
snapshot_1,Topic_hollow_carbon_2012-2021_Knowledge.txt,237,https://openalex.org/W3000067237,https://doi.org/10.1021/acsabm.9b01079,2020,One-Pot Synthesis of Fe/N-Doped Hollow Carbon Nanospheres with Multienzyme Mimic Activities against Inflammation
snapshot_1,Topic_hollow_carbon_2012-2021_Knowledge.txt,238,https://openalex.org/W2059456916,https://doi.org/10.1039/c5ay00654f,2015,Sensitive electrochemical determination of rhodamine B based on cyclodextrin-functionalized nanogold/hollow carbon nanospheres
snapshot_1,Topic_hollow_carbon_2012-2021_Knowledge.txt,239,https://openalex.org/W2750652122,https://doi.org/10.1039/c7ta06149h,2017,Hierarchical NiS/N-doped carbon composite hollow spheres with excellent supercapacitor performance
snapshot_1,Topic_hollow_carbon_2012-2021_Knowledge.txt,240,https://openalex.org/W2461554727,https://doi.org/10.1002/smll.201600902,2016,Seeded Synthesis of Monodisperse Core–Shell and Hollow Carbon Spheres
snapshot_1,Topic_hollow_carbon_2012-2021_Knowledge.txt,241,https://openalex.org/W3001489788,https://doi.org/10.1002/smll.201906735,2020,Simultaneously Integrating Single Atomic Cobalt Sites and Co<sub>9</sub>S<sub>8</sub> Nanoparticles into Hollow Carbon Nanotubes as Trifunctional Electrocatalysts for Zn–Air Batteries to Drive Water Splitting
snapshot_1,Topic_hollow_carbon_2012-2021_Knowledge.txt,242,https://openalex.org/W2003964451,https://doi.org/10.1039/c5nr00132c,2015,Si nanoparticles encapsulated in elastic hollow carbon fibres for Li-ion battery anodes with high structural stability
snapshot_1,Topic_hollow_carbon_2012-2021_Knowledge.txt,243,https://openalex.org/W2781502033,https://doi.org/10.1021/acsomega.7b01549,2018,Small Naked Pt Nanoparticles Confined in Mesoporous Shell of Hollow Carbon Spheres for High-Performance Nonenzymatic Sensing of H<sub>2</sub>O<sub>2</sub> and Glucose
snapshot_1,Topic_hollow_carbon_2012-2021_Knowledge.txt,244,https://openalex.org/W2149309861,https://doi.org/10.1002/chem.201500153,2015,MnO<sub>2</sub> Nanosheets Grown on Nitrogen‐Doped Hollow Carbon Shells as a High‐Performance Electrode for Asymmetric Supercapacitors
snapshot_1,Topic_hollow_carbon_2012-2021_Knowledge.txt,245,https://openalex.org/W2077931530,https://doi.org/10.1002/chem.201300357,2013,Facile Synthesis of Transition‐Metal Oxide Nanocrystals Embedded in Hollow Carbon Microspheres for High‐Rate Lithium‐Ion‐Battery Anodes
snapshot_1,Topic_hollow_carbon_2012-2021_Knowledge.txt,246,https://openalex.org/W3040353645,https://doi.org/10.1021/acsami.0c06233,2020,Facile Deflagration Synthesis of Hollow Carbon Nanospheres with Efficient Performance for Solar Water Evaporation
snapshot_1,Topic_hollow_carbon_2012-2021_Knowledge.txt,247,https://openalex.org/W2117244079,https://doi.org/10.1039/c4ra01200c,2014,N-doped porous hollow carbon nanofibers fabricated using electrospun polymer templates and their sodium storage properties
snapshot_1,Topic_hollow_carbon_2012-2021_Knowledge.txt,248,https://openalex.org/W3202290327,https://doi.org/10.1039/d1ta06913f,2021,Surface and interface engineering of hollow carbon sphere-based electrocatalysts for the oxygen reduction reaction
snapshot_1,Topic_hollow_carbon_2012-2021_Knowledge.txt,249,https://openalex.org/W2923850152,https://doi.org/10.1039/c8ta11983j,2019,MOFs-derived Co<sub>9</sub>S<sub>8</sub>-embedded graphene/hollow carbon spheres film with macroporous frameworks for hybrid supercapacitors with superior volumetric energy density
snapshot_1,Topic_hollow_carbon_2012-2021_Knowledge.txt,250,https://openalex.org/W2316801360,https://doi.org/10.1021/am5010199,2014,"Nanostructured (Co, Ni)-Based Compounds Coated on a Highly Conductive Three Dimensional Hollow Carbon Nanorod Array (HCNA) Scaffold for High Performance Pseudocapacitors"
snapshot_1,Topic_hollow_carbon_2012-2021_Knowledge.txt,251,https://openalex.org/W3195824381,https://doi.org/10.1021/acsanm.1c01291,2021,Sprayable Ultrablack Coating Based on Hollow Carbon Nanospheres
snapshot_1,Topic_hollow_carbon_2012-2021_Knowledge.txt,252,https://openalex.org/W2745639241,https://doi.org/10.1021/acsami.7b04489,2017,PtNi Nanocrystals Supported on Hollow Carbon Spheres: Enhancing the Electrocatalytic Performance through High-Temperature Annealing and Electrochemical CO Stripping Treatments
snapshot_1,Topic_hollow_carbon_2012-2021_Knowledge.txt,253,https://openalex.org/W2890474345,https://doi.org/10.1039/c8cc05959d,2018,A mixed-ion strategy to construct CNT-decorated Co/N-doped hollow carbon for enhanced oxygen reduction
snapshot_1,Topic_hollow_carbon_2012-2021_Knowledge.txt,254,https://openalex.org/W2971520626,https://doi.org/10.1002/advs.201900762,2019,Controlled Design of a Robust Hierarchically Porous and Hollow Carbon Fiber Textile for High‐Performance Freestanding Electrodes
snapshot_1,Topic_hollow_carbon_2012-2021_Knowledge.txt,255,https://openalex.org/W3164918314,https://doi.org/10.1021/acsami.1c01222,2021,Enhanced Diffusion Kinetics of Li Ions in Double-Shell Hollow Carbon Fibers
snapshot_1,Topic_hollow_carbon_2012-2021_Knowledge.txt,256,https://openalex.org/W2740406388,https://doi.org/10.1039/c7ta04685e,2017,"Temperature-directed growth of highly pyridinic nitrogen doped, graphitized, ultra-hollow carbon frameworks as an efficient electrocatalyst for the oxygen reduction reaction"
snapshot_1,Topic_hollow_carbon_2012-2021_Knowledge.txt,257,https://openalex.org/W2942850452,https://doi.org/10.1002/smll.201900931,2019,Solution‐Processable Photonic Inks of Mie‐Resonant Hollow Carbon–Silica Nanospheres
snapshot_1,Topic_hollow_carbon_2012-2021_Knowledge.txt,258,https://openalex.org/W3198203382,https://doi.org/10.1021/acsami.1c09107,2021,KOH-Activated Hollow ZIF-8 Derived Porous Carbon: Nanoarchitectured Control for Upgraded Capacitive Deionization and Supercapacitor
snapshot_1,Topic_hollow_carbon_2012-2021_Knowledge.txt,259,https://openalex.org/W4200248628,https://doi.org/10.1016/j.cej.2021.133968,2021,Gold-incorporated porous hollow carbon nanofiber for reversible magnesium-metal batteries
snapshot_1,Topic_hollow_carbon_2012-2021_Knowledge.txt,260,https://openalex.org/W2963577904,https://doi.org/10.1002/adma.201970217,2019,Potassium‐Ion Batteries: Sulfur‐Grafted Hollow Carbon Spheres for Potassium‐Ion Battery Anodes (Adv. Mater. 30/2019)
snapshot_1,Topic_hollow_carbon_2012-2021_Knowledge.txt,261,https://openalex.org/W2886359388,https://doi.org/10.1002/aenm.201801101,2018,General Dimension‐Controlled Synthesis of Hollow Carbon Embedded with Metal Singe Atoms or Core–Shell Nanoparticles for Energy Storage Applications
snapshot_1,Topic_hollow_carbon_2012-2021_Knowledge.txt,262,https://openalex.org/W1865491806,https://doi.org/10.1039/c5nr03484a,2015,Solvothermal synthesis of superhydrophobic hollow carbon nanoparticles from a fluorinated alcohol
snapshot_1,Topic_hollow_carbon_2012-2021_Knowledge.txt,263,https://openalex.org/W2029531257,https://doi.org/10.1039/c2jm32960c,2012,A facile route for nitrogen-doped hollow graphitic carbon spheres with superior performance in supercapacitors
snapshot_1,Topic_hollow_carbon_2012-2021_Knowledge.txt,264,https://openalex.org/W2268497972,https://doi.org/10.1021/acs.jpcc.5b10455,2016,Hollow Carbon Nanospheres with Extremely Small Size as Anode Material in Lithium-Ion Batteries with Outstanding Cycling Stability
snapshot_1,Topic_hollow_carbon_2012-2021_Knowledge.txt,265,https://openalex.org/W2517274577,https://doi.org/10.3762/bjnano.7.114,2016,Mesoporous hollow carbon spheres for lithium–sulfur batteries: distribution of sulfur and electrochemical performance
snapshot_1,Topic_hollow_carbon_2012-2021_Knowledge.txt,266,https://openalex.org/W2970916332,https://doi.org/10.1002/anie.201907189,2019,2D Titania–Carbon Superlattices Vertically Encapsulated in 3D Hollow Carbon Nanospheres Embedded with 0D TiO<sub>2</sub> Quantum Dots for Exceptional Sodium‐Ion Storage
snapshot_1,Topic_hollow_carbon_2012-2021_Knowledge.txt,267,https://openalex.org/W3132178896,https://doi.org/10.1039/d1qm00156f,2021,Rh nanoparticle functionalized heteroatom-doped hollow carbon spheres for efficient electrocatalytic hydrogen evolution
snapshot_1,Topic_hollow_carbon_2012-2021_Knowledge.txt,268,https://openalex.org/W2303753690,https://doi.org/10.1002/smll.201600356,2016,Facile Synthesis of Au or Ag Nanoparticles-Embedded Hollow Carbon Microspheres from Metal-Organic Framework Hybrids and Their Efficient Catalytic Activities
snapshot_1,Topic_hollow_carbon_2012-2021_Knowledge.txt,269,https://openalex.org/W3119101221,https://doi.org/10.1007/s12274-020-3181-2,2021,Tailoring polysulfide trapping and kinetics by engineering hollow carbon bubble nanoreactors for high-energy Li-S pouch cells
snapshot_1,Topic_hollow_carbon_2012-2021_Knowledge.txt,270,https://openalex.org/W3188416759,https://doi.org/10.1002/smll.202101879,2021,Flower‐Like Interlayer‐Expanded MoS<sub>2−</sub><i><sub>x</sub></i> Nanosheets Confined in Hollow Carbon Spheres with High‐Efficiency Electrocatalysis Sites for Advanced Sodium–Sulfur Battery
snapshot_1,Topic_hollow_carbon_2012-2021_Knowledge.txt,271,https://openalex.org/W2122805617,https://doi.org/10.1039/c4ra04383a,2014,Cotton-based hollow carbon fibers with high specific surface area prepared by ammonia etching for supercapacitor application
snapshot_1,Topic_hollow_carbon_2012-2021_Knowledge.txt,272,https://openalex.org/W2330451278,https://doi.org/10.1021/nn5020598,2014,Surface-Specific Deposition of Catalytic Metal Nanocrystals on Hollow Carbon Nanospheres <i>via</i> Galvanic Replacement Reactions of Carbon-Encapsulated MnO Nanoparticles
snapshot_1,Topic_hollow_carbon_2012-2021_Knowledge.txt,273,https://openalex.org/W2005072242,https://doi.org/10.1039/c3ta12921g,2013,A simple method to encapsulate SnSb nanoparticles into hollow carbon nanofibers with superior lithium-ion storage capability
snapshot_1,Topic_hollow_carbon_2012-2021_Knowledge.txt,274,https://openalex.org/W2789533815,https://doi.org/10.1002/celc.201800024,2018,β‐Ni(OH)<sub>2</sub> Nanosheet Arrays Grown on Biomass‐Derived Hollow Carbon Microtubes for High‐Performance Asymmetric Supercapacitors
snapshot_1,Topic_hollow_carbon_2012-2021_Knowledge.txt,275,https://openalex.org/W2755369921,https://doi.org/10.2147/ijn.s142916,2017,Delivery of a chemotherapeutic drug using novel hollow carbon spheres for esophageal cancer treatment
snapshot_1,Topic_hollow_carbon_2012-2021_Knowledge.txt,276,https://openalex.org/W2751363731,https://doi.org/10.1021/acsomega.7b00755,2017,MoS<sub>2</sub> Nanosheets Supported on Hollow Carbon Spheres as Efficient Catalysts for Electrochemical Hydrogen Evolution Reaction
snapshot_1,Topic_hollow_carbon_2012-2021_Knowledge.txt,277,https://openalex.org/W2788448357,https://doi.org/10.1039/c8nr00405f,2018,Template synthesis of graphitic hollow carbon nanoballs as supports for SnO<sub>x</sub>nanoparticles towards enhanced lithium storage performance
snapshot_1,Topic_hollow_carbon_2012-2021_Knowledge.txt,278,https://openalex.org/W2562770519,https://doi.org/10.1039/c6ta10191g,2017,Structure-dependent electrode properties of hollow carbon micro-fibers derived from Platanus fruit and willow catkins for high-performance supercapacitors
snapshot_1,Topic_hollow_carbon_2012-2021_Knowledge.txt,279,https://openalex.org/W2169803015,https://doi.org/10.1039/c3ta15152b,2014,Design of graphene-coated hollow mesoporous carbon spheres as high performance electrodes for capacitive deionization
snapshot_1,Topic_hollow_carbon_2012-2021_Knowledge.txt,280,https://openalex.org/W2514282057,https://doi.org/10.1039/c6ta04278c,2016,Oxygen-mediated formation of MoS<sub>x</sub>-doped hollow carbon dots for visible light-driven photocatalysis
snapshot_1,Topic_hollow_carbon_2012-2021_Knowledge.txt,281,https://openalex.org/W3206940872,https://doi.org/10.1021/acsami.1c14314,2021,Ultra-High Sulfur-Doped Hierarchical Porous Hollow Carbon Sphere Anodes Enabling Unprecedented Durable Potassium-Ion Hybrid Capacitors
snapshot_1,Topic_hollow_carbon_2012-2021_Knowledge.txt,282,https://openalex.org/W2321280636,https://doi.org/10.1021/jp5005117,2014,Confine Sulfur in Polyaniline-Decorated Hollow Carbon Nanofiber Hybrid Nanostructure for Lithium–Sulfur Batteries
snapshot_1,Topic_hollow_carbon_2012-2021_Knowledge.txt,283,https://openalex.org/W2080993341,https://doi.org/10.1002/smll.201402994,2015,General Formation of Tin Nanoparticles Encapsulated in Hollow Carbon Spheres for Enhanced Lithium Storage Capability
snapshot_1,Topic_hollow_carbon_2012-2021_Knowledge.txt,284,https://openalex.org/W2904526975,https://doi.org/10.3390/s18124429,2018,Acetylcholinesterase Biosensor Based On Mesoporous Hollow Carbon Spheres/Core-Shell Magnetic Nanoparticles-Modified Electrode for the Detection of Organophosphorus Pesticides
snapshot_1,Topic_hollow_carbon_2012-2021_Knowledge.txt,285,https://openalex.org/W2789374206,https://doi.org/10.1039/c8ta01296b,2018,1D N-doped hierarchically porous hollow carbon tubes derived from a supramolecular template as metal-free electrocatalysts for a highly efficient oxygen reduction reaction
snapshot_1,Topic_hollow_carbon_2012-2021_Knowledge.txt,286,https://openalex.org/W2991695241,https://doi.org/10.1039/c9ta10808d,2019,Controlling solubility: a chemical approach toward preparing nitrogen-doped hollow carbon nanospheres
snapshot_1,Topic_hollow_carbon_2012-2021_Knowledge.txt,287,https://openalex.org/W2998206401,https://doi.org/10.1002/adma.201901349,2019,Confining Sub‐Nanometer Pt Clusters in Hollow Mesoporous Carbon Spheres for Boosting Hydrogen Evolution Activity
snapshot_1,Topic_hollow_carbon_2012-2021_Knowledge.txt,288,https://openalex.org/W2559774018,https://doi.org/10.1039/c6ta08674h,2016,Uniform nitrogen and sulphur co-doped hollow carbon nanospheres as efficient metal-free electrocatalysts for oxygen reduction
snapshot_1,Topic_hollow_carbon_2012-2021_Knowledge.txt,289,https://openalex.org/W2923698376,https://doi.org/10.1021/acsbiomaterials.8b01520,2019,Enhanced Electrochemical Activity of a Hollow Carbon Sphere/Polyaniline-Based Electrochemical Biosensor for HBV DNA Marker Detection
snapshot_1,Topic_hollow_carbon_2012-2021_Knowledge.txt,290,https://openalex.org/W1849699893,https://doi.org/10.1039/c5ra07909h,2015,Synthesis of B-doped hollow carbon spheres as efficient non-metal catalyst for oxygen reduction reaction
snapshot_1,Topic_hollow_carbon_2012-2021_Knowledge.txt,291,https://openalex.org/W2937452838,https://doi.org/10.1039/c9nr01146c,2019,"<i>In situ</i>construction of hollow carbon spheres with N, Co, and Fe co-doping as electrochemical sensors for simultaneous determination of dihydroxybenzene isomers"
snapshot_1,Topic_hollow_carbon_2012-2021_Knowledge.txt,292,https://openalex.org/W3203019759,https://doi.org/10.1007/s12598-021-01850-w,2021,Intimately coupled WS <sub>2</sub> nanosheets in hierarchical hollow carbon nanospheres as the high‐performance anode material for lithium‐ion storage
snapshot_1,Topic_hollow_carbon_2012-2021_Knowledge.txt,293,https://openalex.org/W2194724345,https://doi.org/10.1039/c5ra18505j,2015,Conversion of polystyrene into porous carbon sheets and hollow carbon shells over different magnesium oxide templates for efficient removal of methylene blue
snapshot_1,Topic_hollow_carbon_2012-2021_Knowledge.txt,294,https://openalex.org/W2883990859,https://doi.org/10.1021/acscatal.8b02504,2018,Multi-Level Architecture Optimization of MOF-Templated Co-Based Nanoparticles Embedded in Hollow N-Doped Carbon Polyhedra for Efficient OER and ORR
snapshot_1,Topic_hollow_carbon_2012-2021_Knowledge.txt,295,https://openalex.org/W2538737681,https://doi.org/10.1021/acsami.6b09819,2016,From Chromonic Self-Assembly to Hollow Carbon Nanofibers: Efficient Materials in Supercapacitor and Vapor-Sensing Applications
snapshot_1,Topic_hollow_carbon_2012-2021_Knowledge.txt,296,https://openalex.org/W2768780969,https://doi.org/10.1021/acssuschemeng.7b02754,2017,Ultrafine Bimetallic PdCo Alloy Nanoparticles on Hollow Carbon Capsules: An Efficient Heterogeneous Catalyst for Transfer Hydrogenation of Carbonyl Compounds
snapshot_1,Topic_hollow_carbon_2012-2021_Knowledge.txt,297,https://openalex.org/W2755113276,https://doi.org/10.1039/c7nr04320a,2017,Rational design of yolk–shell silicon dioxide@hollow carbon spheres as advanced Li–S cathode hosts
snapshot_1,Topic_hollow_carbon_2012-2021_Knowledge.txt,298,https://openalex.org/W3118842521,https://doi.org/10.1007/s12274-021-3290-6,2021,Sculpturing solid polymer spheres into internal gridded hollow carbon spheres under controlled pyrolysis micro-environment
snapshot_1,Topic_hollow_carbon_2012-2021_Knowledge.txt,299,https://openalex.org/W2578608029,https://doi.org/10.1039/c6ra25391a,2017,Highly uniform distribution of Pt nanoparticles on N-doped hollow carbon spheres with enhanced durability for oxygen reduction reaction
snapshot_1,Topic_hollow_carbon_2012-2021_Knowledge.txt,300,https://openalex.org/W2990979745,https://doi.org/10.1002/chem.201904701,2019,Boosting Supercapacitor Performance of Graphene by Coupling with Nitrogen‐Doped Hollow Carbon Frameworks
snapshot_1,Topic_hollow_carbon_2012-2021_Knowledge.txt,301,https://openalex.org/W2898062770,https://doi.org/10.1021/acsomega.8b01714,2018,Lanthanum Hydroxide Nanorod-Templated Graphitic Hollow Carbon Nanorods for Supercapacitors
snapshot_1,Topic_hollow_carbon_2012-2021_Knowledge.txt,302,https://openalex.org/W3092063157,https://doi.org/10.1002/smll.202004770,2020,"High‐Capacity, Dendrite‐Free, and Ultrahigh‐Rate Lithium‐Metal Anodes Based on Monodisperse N‐Doped Hollow Carbon Nanospheres"
snapshot_1,Topic_hollow_carbon_2012-2021_Knowledge.txt,303,https://openalex.org/W2346462673,https://doi.org/10.1002/celc.201600153,2016,Polyaniline Nanorods Grown on Hollow Carbon Fibers as High‐Performance Supercapacitor Electrodes
snapshot_1,Topic_hollow_carbon_2012-2021_Knowledge.txt,304,https://openalex.org/W2512740218,https://doi.org/10.1039/c6nr05480c,2016,High-energy lithium-ion hybrid supercapacitors composed of hierarchical urchin-like WO<sub>3</sub>/C anodes and MOF-derived polyhedral hollow carbon cathodes
snapshot_1,Topic_hollow_carbon_2012-2021_Knowledge.txt,305,https://openalex.org/W2901413093,https://doi.org/10.1080/1536383x.2018.1512973,2018,Preparation of nitrogen-doped hollow carbon spheres for sensitive catechol electrochemical sensing
snapshot_1,Topic_hollow_carbon_2012-2021_Knowledge.txt,306,https://openalex.org/W2888302431,https://doi.org/10.3390/nano8090639,2018,"A Comparison of Hydrogen Storage in Pt, Pd and Pt/Pd Alloys Loaded Disordered Mesoporous Hollow Carbon Spheres"
snapshot_1,Topic_hollow_carbon_2012-2021_Knowledge.txt,307,https://openalex.org/W2338891179,https://doi.org/10.1039/c6ra07128g,2016,Nitrogen-rich hierarchical porous hollow carbon nanofibers for high-performance supercapacitor electrodes
snapshot_1,Topic_hollow_carbon_2012-2021_Knowledge.txt,308,https://openalex.org/W2914411822,https://doi.org/10.1039/c8cc09867k,2019,Biomass-derived oxygen-doped hollow carbon microtubes for electrocatalytic N<sub>2</sub>-to-NH<sub>3</sub> fixation under ambient conditions
snapshot_1,Topic_hollow_carbon_2012-2021_Knowledge.txt,309,https://openalex.org/W2679311208,https://doi.org/10.1007/s12274-017-1617-0,2017,Graphene quantum dots derived from hollow carbon nano-onions
snapshot_1,Topic_hollow_carbon_2012-2021_Knowledge.txt,310,https://openalex.org/W2066132294,https://doi.org/10.1039/c3ra41229f,2013,Poly(ionic liquid)-derived nitrogen-doped hollow carbon spheres: synthesis and loading with Fe2O3 for high-performance lithium ion batteries
snapshot_1,Topic_hollow_carbon_2012-2021_Knowledge.txt,311,https://openalex.org/W4230740299,https://doi.org/10.1038/ncomms8863,2015,Erratum: Facile synthesis of ultrahigh-surface-area hollow carbon nanospheres for enhanced adsorption and energy storage
snapshot_1,Topic_hollow_carbon_2012-2021_Knowledge.txt,312,https://openalex.org/W2601391543,https://doi.org/10.1039/c7ta00188f,2017,Dichlorosilane-derived nano-silicon inside hollow carbon spheres as a high-performance anode for Li-ion batteries
snapshot_1,Topic_hollow_carbon_2012-2021_Knowledge.txt,313,https://openalex.org/W2079156250,https://doi.org/10.1039/c4ta00252k,2014,The synthesis of a core–shell MnO<sub>2</sub>/3D-ordered hollow carbon sphere composite and its superior electrochemical capability for lithium ion batteries
snapshot_1,Topic_hollow_carbon_2012-2021_Knowledge.txt,314,https://openalex.org/W2923784075,https://doi.org/10.1039/c9nj00176j,2019,"Nitrogen-doped hollow carbon spheres functionalized by 9,10-phenanthrenequinone molecules as a high-performance electrode for asymmetric supercapacitors"
snapshot_1,Topic_hollow_carbon_2012-2021_Knowledge.txt,315,https://openalex.org/W2888109116,https://doi.org/10.1021/acsami.8b11825,2018,Dual-Porosity Hollow Carbon Spheres with Tunable Through-Holes for Multi-Guest Delivery
snapshot_1,Topic_hollow_carbon_2012-2021_Knowledge.txt,316,https://openalex.org/W3025136279,https://doi.org/10.1149/ma2020-013516mtgabs,2020,Sulfur Grafted Hollow Carbon Spheres for Potassium Ion Battery Anodes
snapshot_1,Topic_hollow_carbon_2012-2021_Knowledge.txt,317,https://openalex.org/W3027314713,https://doi.org/10.1021/acssuschemeng.0c01974,2020,Synthesis of Co-based Prussian Blue Analogues/Dual-Doped Hollow Carbon Microsphere Hybrids as High-Performance Bifunctional Electrocatalysts for Oxygen Evolution and Overall Water Splitting
snapshot_1,Topic_hollow_carbon_2012-2021_Knowledge.txt,318,https://openalex.org/W2902383344,https://doi.org/10.1021/acs.langmuir.8b02970,2018,N-Doped Mesoporous Carbon Sheets/Hollow Carbon Spheres Composite for Supercapacitors
snapshot_1,Topic_hollow_carbon_2012-2021_Knowledge.txt,319,https://openalex.org/W3197157990,https://doi.org/10.1039/d1ta06313h,2021,CoTe nanoparticle-embedded N-doped hollow carbon polyhedron: an efficient catalyst for H<sub>2</sub>O<sub>2</sub> electrosynthesis in acidic media
snapshot_1,Topic_hollow_carbon_2012-2021_Knowledge.txt,320,https://openalex.org/W2980700990,https://doi.org/10.1007/s12274-019-2536-z,2019,Carbon confinement synthesis of interlayer-expanded and sulfur-enriched MoS2+x nanocoating on hollow carbon spheres for advanced Li-S batteries
snapshot_1,Topic_hollow_carbon_2012-2021_Knowledge.txt,321,https://openalex.org/W2810460948,https://doi.org/10.1039/c8ta04684k,2018,Engineering the nanostructure of molybdenum nitride nanodot embedded N-doped porous hollow carbon nanochains for rapid all pH hydrogen evolution
snapshot_1,Topic_hollow_carbon_2012-2021_Knowledge.txt,322,https://openalex.org/W3120447200,https://doi.org/10.1021/acsami.0c21747,2021,Three-Dimensional (3D) Nanostructured Skeleton Substrate Composed of Hollow Carbon Fiber/Carbon Nanosheet/ZnO for Stable Lithium Anode
snapshot_1,Topic_hollow_carbon_2012-2021_Knowledge.txt,323,https://openalex.org/W2317588273,https://doi.org/10.1002/anie.201600133,2016,Hierarchical Tubular Structures Composed of Co<sub>3</sub>O<sub>4</sub> Hollow Nanoparticles and Carbon Nanotubes for Lithium Storage
snapshot_1,Topic_hollow_carbon_2012-2021_Knowledge.txt,324,https://openalex.org/W2989504219,https://doi.org/10.1021/acsami.9b16597,2019,Novel One-Dimensional Hollow Carbon Nanotubes/Selenium Composite for High-Performance Al-Se Batteries
snapshot_1,Topic_hollow_carbon_2012-2021_Knowledge.txt,325,https://openalex.org/W2189242193,https://doi.org/10.1039/c5nj02037a,2015,Large-scale synthesis of soluble graphitic hollow carbon nanorods with tunable photoluminescence for the selective fluorescent detection of DNA
snapshot_1,Topic_hollow_carbon_2012-2021_Knowledge.txt,326,https://openalex.org/W2551638752,https://doi.org/10.1002/cssc.201601145,2016,Synthesis of TiC Nanoparticles Anchored on Hollow Carbon Nanospheres for Enhanced Polysulfide Adsorption in Li–S Batteries
snapshot_1,Topic_hollow_carbon_2012-2021_Knowledge.txt,327,https://openalex.org/W2583982447,https://doi.org/10.1002/ppsc.201600115,2017,Ge Nanoparticles Encapsulated in Interconnected Hollow Carbon Boxes as Anodes for Sodium Ion and Lithium Ion Batteries with Enhanced Electrochemical Performance
snapshot_1,Topic_hollow_carbon_2012-2021_Knowledge.txt,328,https://openalex.org/W2922302959,https://doi.org/10.1039/c9ta00544g,2019,Facile synthesis of Ti<sub>4</sub>O<sub>7</sub> on hollow carbon spheres with enhanced polysulfide binding for high-performance lithium–sulfur batteries
snapshot_1,Topic_hollow_carbon_2012-2021_Knowledge.txt,329,https://openalex.org/W2793889127,https://doi.org/10.1039/c7nr08010g,2018,"Hollow carbon nanospheres with high surface areas for fast, broad-spectrum and sensitive adsorption of pollutants"
snapshot_1,Topic_hollow_carbon_2012-2021_Knowledge.txt,330,https://openalex.org/W3015976495,https://doi.org/10.1039/d0nj00944j,2020,Ultrafast synthesis of magnetic hollow carbon nanospheres for the adsorption of quinoline from coking wastewater
snapshot_1,Topic_hollow_carbon_2012-2021_Knowledge.txt,331,https://openalex.org/W2097556505,https://doi.org/10.1039/c3nr01387a,2013,Catalytic templating approaches for three-dimensional hollow carbon/graphene oxide nano-architectures
snapshot_1,Topic_hollow_carbon_2012-2021_Knowledge.txt,332,https://openalex.org/W2389290705,https://doi.org/10.1039/c6ra08183e,2016,Hollow carbon fiber sponges from crude catkins: an ultralow cost absorbent for oils and organic solvents
snapshot_1,Topic_hollow_carbon_2012-2021_Knowledge.txt,333,https://openalex.org/W2322304577,https://doi.org/10.1021/am403175q,2013,"Hollow, Spherical Nitrogen-Rich Porous Carbon Shells Obtained from a Porous Organic Framework for the Supercapacitor"
snapshot_1,Topic_hollow_carbon_2012-2021_Knowledge.txt,334,https://openalex.org/W2938385446,https://doi.org/10.1039/c9nj00628a,2019,Nitrogen-doped hollow carbon spheres as chemical vapour sensors
snapshot_1,Topic_hollow_carbon_2012-2021_Knowledge.txt,335,https://openalex.org/W3127340179,https://doi.org/10.1021/acs.jpcc.0c10962,2021,Pd–Cu Alloy Nanoparticles Confined within Mesoporous Hollow Carbon Spheres for the Hydrogenation of CO<sub>2</sub> to Formate
snapshot_1,Topic_hollow_carbon_2012-2021_Knowledge.txt,336,https://openalex.org/W2093825001,https://doi.org/10.1039/c2cy20562a,2012,Hematite nanoparticle-templated hollow carbon nanonets supported palladium nanoparticles: preparation and application as efficient recyclable catalysts
snapshot_1,Topic_hollow_carbon_2012-2021_Knowledge.txt,337,https://openalex.org/W2101520462,https://doi.org/10.1002/cctc.201200374,2012,Palladium‐Supported Boron‐Doped Hollow Carbon Spheres as Catalysts for the Solvent‐free Aerobic Oxidation of Alcohols
snapshot_1,Topic_hollow_carbon_2012-2021_Knowledge.txt,338,https://openalex.org/W2765921360,https://doi.org/10.1039/c7nr07267h,2017,Localization of platinum nanoparticles on inner walls of mesoporous hollow carbon spheres for improvement of electrochemical stability
snapshot_1,Topic_hollow_carbon_2012-2021_Knowledge.txt,339,https://openalex.org/W2921256548,https://doi.org/10.1021/acsmacrolett.9b00009,2019,Solution Self-Assembly of an Alternating Copolymer toward Hollow Carbon Nanospheres with Uniform Micropores
snapshot_1,Topic_hollow_carbon_2012-2021_Knowledge.txt,340,https://openalex.org/W2741261872,https://doi.org/10.1039/c7ra04547f,2017,Development of a hollow carbon sphere absorber displaying the multiple-reflection effect to attenuate electromagnetic waves
snapshot_1,Topic_hollow_carbon_2012-2021_Knowledge.txt,341,https://openalex.org/W2771190798,https://doi.org/10.1002/chem.201705211,2017,Facile Synthesis of Ultrahigh‐Surface‐Area Hollow Carbon Nanospheres and their Application in Lithium‐Sulfur Batteries
snapshot_1,Topic_hollow_carbon_2012-2021_Knowledge.txt,342,https://openalex.org/W3011852821,https://doi.org/10.1021/acsaem.0c00325,2020,"LiBH<sub>4</sub> Nanoconfined in Porous Hollow Carbon Nanospheres with High Loading, Low Dehydrogenation Temperature, Superior Kinetics, and Favorable Reversibility"
snapshot_1,Topic_hollow_carbon_2012-2021_Knowledge.txt,343,https://openalex.org/W3009011982,https://doi.org/10.1039/c9qi01688k,2020,Semi-sacrificial template synthesis of single-atom Ni sites supported on hollow carbon nanospheres for efficient and stable electrochemical CO<sub>2</sub> reduction
snapshot_1,Topic_hollow_carbon_2012-2021_Knowledge.txt,344,https://openalex.org/W2923509214,https://doi.org/10.1021/acs.molpharmaceut.9b00259,2019,Mitochondria and Nuclei Dual-Targeted Hollow Carbon Nanospheres for Cancer Chemophotodynamic Synergistic Therapy
snapshot_1,Topic_hollow_carbon_2012-2021_Knowledge.txt,345,https://openalex.org/W3032579243,https://doi.org/10.1039/d0ta04323k,2020,Double-shelled hollow carbon nanospheres as enclosed electrochemical reactors to enhance the lithium storage performance of silicon nanodots
snapshot_1,Topic_hollow_carbon_2012-2021_Knowledge.txt,346,https://openalex.org/W2911312260,https://doi.org/10.1039/c8tb02858c,2019,Hollow carbon nanospheres derived from biomass by-product okara for imaging-guided photothermal therapy of cancers
snapshot_1,Topic_hollow_carbon_2012-2021_Knowledge.txt,347,https://openalex.org/W2608414008,https://doi.org/10.1039/c7ra03045b,2017,Magnetic hollow carbon microspheres as a reusable adsorbent for rhodamine B removal
snapshot_1,Topic_hollow_carbon_2012-2021_Knowledge.txt,348,https://openalex.org/W2883374092,https://doi.org/10.1039/c8qi00562a,2018,Synthesis of dense MoS<sub>2</sub> nanosheet layers on hollow carbon spheres and their applications in supercapacitors and the electrochemical hydrogen evolution reaction
snapshot_1,Topic_hollow_carbon_2012-2021_Knowledge.txt,349,https://openalex.org/W2746615206,https://doi.org/10.1039/c7nr05085b,2017,"A general route to coat poly(cyclotriphosphazene-co-4,4′-sulfonyldiphenol) on various substrates and the derived N, P, S-doped hollow carbon shells for catalysis"
snapshot_1,Topic_hollow_carbon_2012-2021_Knowledge.txt,350,https://openalex.org/W1875236662,https://doi.org/10.1002/aenm.201501480,2015,"High‐Energy, High‐Rate, Lithium–Sulfur Batteries: Synergetic Effect of Hollow TiO<sub>2</sub>‐Webbed Carbon Nanotubes and a Dual Functional Carbon‐Paper Interlayer"
snapshot_1,Topic_hollow_carbon_2012-2021_Knowledge.txt,351,https://openalex.org/W2762475121,https://doi.org/10.1002/adma.201704117,2017,Hollow Co<sub>3</sub>O<sub>4</sub> Nanosphere Embedded in Carbon Arrays for Stable and Flexible Solid‐State Zinc–Air Batteries
snapshot_1,Topic_hollow_carbon_2012-2021_Knowledge.txt,352,https://openalex.org/W2973131188,https://doi.org/10.1021/acs.langmuir.8b03973,2019,Hollow Carbon Nanospheres with Developed Porous Structure and Retained N Doping for Facilitated Electrochemical Energy Storage
snapshot_1,Topic_hollow_carbon_2012-2021_Knowledge.txt,353,https://openalex.org/W2414122334,https://doi.org/10.1021/acsnano.5b03488,2015,Engineering of Hollow Core–Shell Interlinked Carbon Spheres for Highly Stable Lithium–Sulfur Batteries
snapshot_1,Topic_hollow_carbon_2012-2021_Knowledge.txt,354,https://openalex.org/W3164244418,https://doi.org/10.1002/smll.202100538,2021,Vitreum Etching‐Assisted Fabrication of Porous Hollow Carbon Architectures for Enhanced Capacitive Sodium and Potassium‐Ion Storage
snapshot_1,Topic_hollow_carbon_2012-2021_Knowledge.txt,355,https://openalex.org/W2139596919,https://doi.org/10.1039/c3nr00982c,2013,Facile conductive bridges formed between silicon nanoparticles inside hollow carbon nanofibers
snapshot_1,Topic_hollow_carbon_2012-2021_Knowledge.txt,356,https://openalex.org/W2494837726,https://doi.org/10.1039/c6ra16490k,2016,Facile synthesis of hollow carbon microspheres embedded with molybdenum carbide nanoparticles as an efficient electrocatalyst for hydrogen generation
snapshot_1,Topic_hollow_carbon_2012-2021_Knowledge.txt,357,https://openalex.org/W2295400801,https://doi.org/10.1002/ejic.201501172,2016,Long‐Term Cycling Performance of Nitrogen‐Doped Hollow Carbon Nanospheres as Anode Materials for Sodium‐Ion Batteries
snapshot_1,Topic_hollow_carbon_2012-2021_Knowledge.txt,358,https://openalex.org/W2793954978,https://doi.org/10.1039/c8ta00028j,2018,Nitrogen-rich hollow carbon spheres decorated with FeCo/fluorine-rich carbon for high performance symmetric supercapacitors
snapshot_1,Topic_hollow_carbon_2012-2021_Knowledge.txt,359,https://openalex.org/W2005555157,https://doi.org/10.1039/c2jm34288j,2012,"Highly dispersed Ni-decorated porous hollow carbon nanofibers: fabrication, characterization, and NOx gas sensors at room temperature"
snapshot_1,Topic_hollow_carbon_2012-2021_Knowledge.txt,360,https://openalex.org/W2427262538,https://doi.org/10.1002/anie.201602745,2016,"Hollow Carbon Nanobubbles: Synthesis, Chemical Functionalization, and Container‐Type Behavior in Water"
snapshot_1,Topic_hollow_carbon_2012-2021_Knowledge.txt,361,https://openalex.org/W3005658178,https://doi.org/10.1039/c9ta13389e,2020,PdAg nanoparticles and aminopolymer confined within mesoporous hollow carbon spheres as an efficient catalyst for hydrogenation of CO<sub>2</sub> to formate
snapshot_1,Topic_hollow_carbon_2012-2021_Knowledge.txt,362,https://openalex.org/W3163045834,https://doi.org/10.1039/d1nr01674a,2021,ZIF-8 derived hollow carbon to trap polysulfides for high performance lithium–sulfur batteries
snapshot_1,Topic_hollow_carbon_2012-2021_Knowledge.txt,363,https://openalex.org/W1901896394,https://doi.org/10.1039/c5ra15594k,2015,Super long-life supercapacitor electrode materials based on hierarchical porous hollow carbon microcapsules
snapshot_1,Topic_hollow_carbon_2012-2021_Knowledge.txt,364,https://openalex.org/W2772199009,https://doi.org/10.1021/acs.langmuir.7b01353,2017,Selective Low-Energy Carbon Dioxide Adsorption Using Monodisperse Nitrogen-Rich Hollow Carbon Submicron Spheres
snapshot_1,Topic_hollow_carbon_2012-2021_Knowledge.txt,365,https://openalex.org/W2892250806,https://doi.org/10.1039/c8nj02775g,2018,Metal–organic framework assisted synthesis of nitrogen-doped hollow carbon materials for enhanced supercapacitor performance
snapshot_1,Topic_hollow_carbon_2012-2021_Knowledge.txt,366,https://openalex.org/W2297761676,https://doi.org/10.1002/adfm.201504695,2016,Template‐Based Engineering of Carbon‐Doped Co<sub>3</sub>O<sub>4</sub> Hollow Nanofibers as Anode Materials for Lithium‐Ion Batteries
snapshot_1,Topic_hollow_carbon_2012-2021_Knowledge.txt,367,https://openalex.org/W2805942319,https://doi.org/10.1002/celc.201800597,2018,Facile Synthesis of Nitrogen‐Doped Mesoporous Hollow Carbon Nanospheres for High‐Performance Supercapacitors
snapshot_1,Topic_hollow_carbon_2012-2021_Knowledge.txt,368,https://openalex.org/W2977088177,https://doi.org/10.1021/acssuschemeng.9b04025,2019,"Interface Charge Engineering of Ultrafine Ru/Ni<sub>2</sub>P Nanoparticles Encapsulated in N,P-Codoped Hollow Carbon Nanospheres for Efficient Hydrogen Evolution"
snapshot_1,Topic_hollow_carbon_2012-2021_Knowledge.txt,369,https://openalex.org/W2805474693,https://doi.org/10.1039/c8qm00160j,2018,Graphene-wrapped nitrogen-doped hollow carbon spheres for high-activity oxygen electroreduction
snapshot_1,Topic_hollow_carbon_2012-2021_Knowledge.txt,370,https://openalex.org/W2809598314,https://doi.org/10.1002/cctc.201800488,2018,Fabrication of Fe<sub>2</sub>C Embedded in Hollow Carbon Spheres: a High‐Performance and Stable Catalyst for Fischer‐Tropsch Synthesis
snapshot_1,Topic_hollow_carbon_2012-2021_Knowledge.txt,371,https://openalex.org/W2973035827,https://doi.org/10.1039/c9tc04146j,2019,Multi-colored hollow carbon-containing titania nanoshells for anti-counterfeiting applications
snapshot_1,Topic_hollow_carbon_2012-2021_Knowledge.txt,372,https://openalex.org/W2614309885,https://doi.org/10.1039/c7tb01105a,2017,Hollow carbon nanospheres for targeted delivery of chemotherapeutics in breast cancer therapy
snapshot_1,Topic_hollow_carbon_2012-2021_Knowledge.txt,373,https://openalex.org/W2089158304,https://doi.org/10.1039/c2jm32241b,2012,Carbon-nanoparticles encapsulated in hollow nickel oxides for supercapacitor application
snapshot_1,Topic_hollow_carbon_2012-2021_Knowledge.txt,374,https://openalex.org/W2980592286,https://doi.org/10.1021/acsaem.9b01785,2019,Molten Lithium-Filled Three-Dimensional Hollow Carbon Tube Mats for Stable Lithium Metal Anodes
snapshot_1,Topic_hollow_carbon_2012-2021_Knowledge.txt,375,https://openalex.org/W2076176043,https://doi.org/10.1166/jnn.2015.9278,2014,Synthesis of Hollow Carbon Nano-Onions Using the Pulsed Plasma in Liquid
snapshot_1,Topic_hollow_carbon_2012-2021_Knowledge.txt,376,https://openalex.org/W2900409465,https://doi.org/10.1002/aenm.201803035,2018,Hierarchical Hollow‐Microsphere Metal–Selenide@Carbon Composites with Rational Surface Engineering for Advanced Sodium Storage
snapshot_1,Topic_hollow_carbon_2012-2021_Knowledge.txt,377,https://openalex.org/W2040806506,https://doi.org/10.1088/0957-4484/26/4/045401,2015,All carbon coaxial supercapacitors based on hollow carbon nanotube sleeve structure
snapshot_1,Topic_hollow_carbon_2012-2021_Knowledge.txt,378,https://openalex.org/W2023907624,https://doi.org/10.1039/c4ra06856d,2014,Encapsulation of selenium in porous hollow carbon spheres for advanced lithium–selenium batteries
snapshot_1,Topic_hollow_carbon_2012-2021_Knowledge.txt,379,https://openalex.org/W2765154933,https://doi.org/10.1021/acsnano.7b06625,2017,Rational Design of Three-Dimensional Graphene Encapsulated with Hollow FeP@Carbon Nanocomposite as Outstanding Anode Material for Lithium Ion and Sodium Ion Batteries
snapshot_1,Topic_hollow_carbon_2012-2021_Knowledge.txt,380,https://openalex.org/W2599557236,https://doi.org/10.1039/c7nr00978j,2017,Metal–polydopamine frameworks and their transformation to hollow metal/N-doped carbon particles
snapshot_1,Topic_hollow_carbon_2012-2021_Knowledge.txt,381,https://openalex.org/W2292644474,https://doi.org/10.1021/acsami.6b02404,2016,Synthesis of N-Doped Hollow-Structured Mesoporous Carbon Nanospheres for High-Performance Supercapacitors
snapshot_1,Topic_hollow_carbon_2012-2021_Knowledge.txt,382,https://openalex.org/W2804546747,https://doi.org/10.1039/c8dt01517a,2018,Tannic acid-mediated synthesis of dual-heteroatom-doped hollow carbon from a metal–organic framework for efficient oxygen reduction reaction
snapshot_1,Topic_hollow_carbon_2012-2021_Knowledge.txt,383,https://openalex.org/W2939416188,https://doi.org/10.1021/acsami.9b02947,2019,Electrocatalytic Imprinted Polymer of N-Doped Hollow Carbon Nanosphere–Palladium Nanocomposite for Ultratrace Detection of Anticancer Drug 6-Mercaptopurine
snapshot_1,Topic_hollow_carbon_2012-2021_Knowledge.txt,384,https://openalex.org/W2557048408,https://doi.org/10.1002/anie.201608489,2016,Hollow Nanotubes of N‐Doped Carbon on CoS
snapshot_1,Topic_hollow_carbon_2012-2021_Knowledge.txt,385,https://openalex.org/W2798165076,https://doi.org/10.1039/c8cc00415c,2018,Self-templated synthesis of heavily nitrogen-doped hollow carbon spheres
snapshot_1,Topic_hollow_carbon_2012-2021_Knowledge.txt,386,https://openalex.org/W2065754709,https://doi.org/10.1039/c3nr01723k,2013,"Precisely controlled resorcinol–formaldehyde resin coating for fabricating core–shell, hollow, and yolk–shell carbon nanostructures"
snapshot_1,Topic_hollow_carbon_2012-2021_Knowledge.txt,387,https://openalex.org/W2760028449,https://doi.org/10.1039/c7nr02498c,2017,A binder-free NiCo<sub>2</sub>O<sub>4</sub>nanosheet/3D elastic N-doped hollow carbon nanotube sponge electrode with high volumetric and gravimetric capacitances for asymmetric supercapacitors
snapshot_1,Topic_hollow_carbon_2012-2021_Knowledge.txt,388,https://openalex.org/W2531972010,https://doi.org/10.1002/anie.201608410,2016,Formation of Triple‐Shelled Molybdenum–Polydopamine Hollow Spheres and Their Conversion into MoO<sub>2</sub>/Carbon Composite Hollow Spheres for Lithium‐Ion Batteries
snapshot_1,Topic_hollow_carbon_2012-2021_Knowledge.txt,389,https://openalex.org/W2078278295,https://doi.org/10.1039/c3ra42835d,2013,Acetylene black derived hollow carbon nanostructure and its application in lithium–sulfur batteries
snapshot_1,Topic_hollow_carbon_2012-2021_Knowledge.txt,390,https://openalex.org/W4200425822,https://doi.org/10.1021/acssuschemeng.1c05661,2021,Hollow Carbon Nanospheres Decorated with Abundant Pyridinic N<sup>+</sup>O<sup>–</sup> for Efficient Acetylene Hydrochlorination
snapshot_1,Topic_hollow_carbon_2012-2021_Knowledge.txt,391,https://openalex.org/W2738354798,https://doi.org/10.1002/adsu.201700081,2017,Fructose‐Derived Hollow Carbon Nanospheres with Ultrathin and Ordered Mesoporous Shells as Cathodes in Lithium–Sulfur Batteries for Fast Energy Storage
snapshot_1,Topic_hollow_carbon_2012-2021_Knowledge.txt,392,https://openalex.org/W3005579825,https://doi.org/10.1021/acssuschemeng.9b06874,2020,Nanosized FeS<sub>2</sub> Particles Caged in the Hollow Carbon Shell as a Robust Polysulfide Adsorbent and Redox Mediator
snapshot_1,Topic_hollow_carbon_2012-2021_Knowledge.txt,393,https://openalex.org/W3169134707,https://doi.org/10.1021/acs.energyfuels.1c00716,2021,Hollow Carbon Spheres Embedded with VN Quantum Dots as an Efficient Cathode Host for Lithium–Sulfur Batteries
snapshot_1,Topic_hollow_carbon_2012-2021_Knowledge.txt,394,https://openalex.org/W2950865074,https://doi.org/10.1039/c9nr04074a,2019,Si nanoparticle clusters in hollow carbon capsules (SNC@C) as lithium battery anodes: toward high initial coulombic efficiency
snapshot_1,Topic_hollow_carbon_2012-2021_Knowledge.txt,395,https://openalex.org/W2899865121,https://doi.org/10.1039/c8na00219c,2018,A high-energy sodium-ion capacitor enabled by a nitrogen/sulfur co-doped hollow carbon nanofiber anode and an activated carbon cathode
snapshot_1,Topic_hollow_carbon_2012-2021_Knowledge.txt,396,https://openalex.org/W2750149276,https://doi.org/10.1039/c7qi00399d,2017,N-Doped hollow carbon nanosheet supported SnO<sub>2</sub> nanoparticles
snapshot_1,Topic_hollow_carbon_2012-2021_Knowledge.txt,397,https://openalex.org/W2938104475,https://doi.org/10.1002/chem.201806111,2019,Fe/Fe<sub>3</sub>C Nanoparticles Encapsulated in N‐Doped Hollow Carbon Spheres as Efficient Electrocatalysts for the Oxygen Reduction Reaction over a Wide pH Range
snapshot_1,Topic_hollow_carbon_2012-2021_Knowledge.txt,398,https://openalex.org/W3032075139,https://doi.org/10.1021/acsaem.0c00699,2020,Nanostructured CoS<sub>2</sub>-Decorated Hollow Carbon Spheres: A Performance Booster for Li-Ion/Sulfur Batteries
snapshot_1,Topic_hollow_carbon_2012-2021_Knowledge.txt,399,https://openalex.org/W2915943361,https://doi.org/10.1021/acsaem.8b01885,2019,Conformal Hollow Carbon Sphere Coated on Sn<sub>4</sub>P<sub>3</sub> Microspheres as High-Rate and Cycle-Stable Anode Materials with Superior Sodium Storage Capability
snapshot_1,Topic_hollow_carbon_2012-2021_Knowledge.txt,400,https://openalex.org/W2974275598,https://doi.org/10.1021/acsomega.9b02287,2019,An in Situ Template for the Synthesis of Tunable Hollow Carbon Particles for High-Performance Lithium–Sulfur Batteries
snapshot_1,Topic_hollow_carbon_2012-2021_Knowledge.txt,401,https://openalex.org/W2921904849,https://doi.org/10.1021/acssuschemeng.8b06496,2019,Improved Cyclability of Lithium–Oxygen Batteries by Synergistic Catalytic Effects of Two-Dimensional MoS<sub>2</sub> Nanosheets Anchored on Hollow Carbon Spheres
snapshot_1,Topic_hollow_carbon_2012-2021_Knowledge.txt,402,https://openalex.org/W2962340164,https://doi.org/10.1088/1361-6528/ab3161,2019,CoS nanosheets wrapping on bowl-like hollow carbon spheres with enhanced compact density for sodium-ion batteries
snapshot_1,Topic_hollow_carbon_2012-2021_Knowledge.txt,403,https://openalex.org/W2776779448,https://doi.org/10.1021/acsami.7b16530,2017,Pulverization Control by Confining Fe<sub>3</sub>O<sub>4</sub> Nanoparticles Individually into Macropores of Hollow Carbon Spheres for High-Performance Li-Ion Batteries
snapshot_1,Topic_hollow_carbon_2012-2021_Knowledge.txt,404,https://openalex.org/W2586584539,https://doi.org/10.1039/c6ta11121a,2017,Hybrid carbon@TiO<sub>2</sub> hollow spheres with enhanced photocatalytic CO<sub>2</sub> reduction activity
snapshot_1,Topic_hollow_carbon_2012-2021_Knowledge.txt,405,https://openalex.org/W2745978578,https://doi.org/10.1021/jacs.7b06973,2017,Self-Templated Formation of Interlaced Carbon Nanotubes Threaded Hollow Co<sub>3</sub>S<sub>4</sub> Nanoboxes for High-Rate and Heat-Resistant Lithium–Sulfur Batteries
snapshot_1,Topic_hollow_carbon_2012-2021_Knowledge.txt,406,https://openalex.org/W2788515161,https://doi.org/10.1134/s1063783418010213,2018,Synthesis of hollow carbon nanoshells and their application for supercapacitors
snapshot_1,Topic_hollow_carbon_2012-2021_Knowledge.txt,407,https://openalex.org/W2601230670,https://doi.org/10.1002/smll.201700087,2017,Integrated Design of MnO<sub>2</sub>@Carbon Hollow Nanoboxes to Synergistically Encapsulate Polysulfides for Empowering Lithium Sulfur Batteries
snapshot_1,Topic_hollow_carbon_2012-2021_Knowledge.txt,408,https://openalex.org/W1513011004,https://doi.org/10.1002/elps.201500166,2015,Capillary electrophoretic study of green fluorescent hollow carbon nanoparticles
snapshot_1,Topic_hollow_carbon_2012-2021_Knowledge.txt,409,https://openalex.org/W3181892234,https://doi.org/10.1039/d1ta03465k,2021,Rational surface engineering of MXene@N-doped hollow carbon dual-confined cobalt sulfides/selenides for advanced aluminum batteries
snapshot_1,Topic_hollow_carbon_2012-2021_Knowledge.txt,410,https://openalex.org/W2922371492,https://doi.org/10.1039/c8ta12540f,2019,Ultra-high performance of Li/Na ion batteries using N/O dual dopant porous hollow carbon nanocapsules as an anode
snapshot_1,Topic_hollow_carbon_2012-2021_Knowledge.txt,411,https://openalex.org/W2564504706,https://doi.org/10.1039/c6ra24927b,2016,Porous hollow carbon nanofibers derived from multi-walled carbon nanotubes and sucrose as anode materials for lithium-ion batteries
snapshot_1,Topic_hollow_carbon_2012-2021_Knowledge.txt,412,https://openalex.org/W1999797050,https://doi.org/10.1021/ja402521s,2013,Improving Carbon Nitride Photocatalysis by Supramolecular Preorganization of Monomers
snapshot_1,Topic_hollow_carbon_2012-2021_Knowledge.txt,413,https://openalex.org/W2601251907,https://doi.org/10.1002/admi.201601195,2017,From Silica Sphere to Hollow Carbon Nitride‐Based Sphere: Rational Design of Sulfur Host with Both Chemisorption and Physical Confinement
snapshot_1,Topic_hollow_carbon_2012-2021_Knowledge.txt,414,https://openalex.org/W2006526028,https://doi.org/10.1038/srep04053,2014,Encapsulating Pd Nanoparticles in Double-Shelled Graphene@Carbon Hollow Spheres for Excellent Chemical Catalytic Property
snapshot_1,Topic_hollow_carbon_2012-2021_Knowledge.txt,415,https://openalex.org/W2898482630,https://doi.org/10.1039/c8cc07430e,2018,Hollow carbon anchored highly dispersed Pd species for selective hydrogenation of 3-nitrostyrene: metal-carbon interaction
snapshot_1,Topic_hollow_carbon_2012-2021_Knowledge.txt,416,https://openalex.org/W2131800591,https://doi.org/10.1002/anie.201209849,2013,Twin Polymerization at Spherical Hard Templates: An Approach to Size‐Adjustable Carbon Hollow Spheres with Micro‐ or Mesoporous Shells
snapshot_1,Topic_hollow_carbon_2012-2021_Knowledge.txt,417,https://openalex.org/W2561953157,https://doi.org/10.1002/slct.201601330,2016,Facile and Sustainable Synthesis of Co <sub>3</sub> O <sub>4</sub> @Hollow‐Carbon‐Fiber for a Binder‐Free Supercapacitor Electrode
snapshot_1,Topic_hollow_carbon_2012-2021_Knowledge.txt,418,https://openalex.org/W3043157784,https://doi.org/10.1039/d0ra02935a,2020,Nitrogen-doped hollow carbon spheres with tunable shell thickness for high-performance supercapacitors
snapshot_1,Topic_hollow_carbon_2012-2021_Knowledge.txt,419,https://openalex.org/W3002536809,https://doi.org/10.1039/c9cc09812g,2020,Improved ion-diffusion performance by engineering an ordered mesoporous shell in hollow carbon nanospheres
snapshot_1,Topic_hollow_carbon_2012-2021_Knowledge.txt,420,https://openalex.org/W2104238890,https://doi.org/10.1039/c5an00675a,2015,Novel bamboo leaf shaped CuO nanorod@hollow carbon fibers derived from plant biomass for efficient and nonenzymatic glucose detection
snapshot_1,Topic_hollow_carbon_2012-2021_Knowledge.txt,421,https://openalex.org/W3004974222,https://doi.org/10.1021/acsbiomaterials.9b01793,2020,Designed Fabrication of Polymer-Mediated MOF-Derived Magnetic Hollow Carbon Nanocages for Specific Isolation of Bovine Hemoglobin
snapshot_1,Topic_hollow_carbon_2012-2021_Knowledge.txt,422,https://openalex.org/W2737516447,https://doi.org/10.1021/acsnano.7b04078,2017,Petal-like MoS<sub>2</sub> Nanosheets Space-Confined in Hollow Mesoporous Carbon Spheres for Enhanced Lithium Storage Performance
snapshot_1,Topic_hollow_carbon_2012-2021_Knowledge.txt,423,https://openalex.org/W3182136519,https://doi.org/10.1039/d1nr03392a,2021,Engineering hollow carbon spheres: directly from solid resin spheres to porous hollow carbon spheres <i>via</i> air induced linker cleaving
snapshot_1,Topic_hollow_carbon_2012-2021_Knowledge.txt,424,https://openalex.org/W3202766724,https://doi.org/10.3390/polym13193275,2021,The Application of Hollow Carbon Nanofibers Prepared by Electrospinning to Carbon Dioxide Capture
snapshot_1,Topic_hollow_carbon_2012-2021_Knowledge.txt,425,https://openalex.org/W2915051338,https://doi.org/10.1002/smll.201805324,2019,Co–Fe Alloy/N‐Doped Carbon Hollow Spheres Derived from Dual Metal–Organic Frameworks for Enhanced Electrocatalytic Oxygen Reduction
snapshot_1,Topic_hollow_carbon_2012-2021_Knowledge.txt,426,https://openalex.org/W2106623746,https://doi.org/10.1039/c2ee22085g,2012,Triple-coaxial electrospun amorphous carbon nanotubes with hollow graphitic carbon nanospheres for high-performance Li ion batteries
snapshot_1,Topic_hollow_carbon_2012-2021_Knowledge.txt,427,https://openalex.org/W2800452888,https://doi.org/10.1002/chem.201801196,2018,In Situ Synthesis of Mn<sub>3</sub>O<sub>4</sub> Nanoparticles on Hollow Carbon Nanofiber as High‐Performance Lithium‐Ion Battery Anode
snapshot_1,Topic_hollow_carbon_2012-2021_Knowledge.txt,428,https://openalex.org/W2965714963,https://doi.org/10.1021/acsami.9b07412,2019,"Buckled Amorphous Hollow Carbon Spheres: Facile Fabrication, Buckling Process, and Applications as Electrode Materials for Supercapacitors"
snapshot_1,Topic_hollow_carbon_2012-2021_Knowledge.txt,429,https://openalex.org/W3153518818,https://doi.org/10.1039/d1dt00401h,2021,A MoSe<sub>2</sub>/N-doped hollow carbon sphere host for rechargeable Na–Se batteries
snapshot_1,Topic_hollow_carbon_2012-2021_Knowledge.txt,430,https://openalex.org/W3096392955,https://doi.org/10.1039/d0nr05727d,2020,MoS<sub>2</sub> nanosheets grown on hollow carbon spheres as a strong polysulfide anchor for high performance lithium sulfur batteries
snapshot_1,Topic_hollow_carbon_2012-2021_Knowledge.txt,431,https://openalex.org/W2728397594,https://doi.org/10.1021/acssuschemeng.7b00884,2017,Nitrogen-Doped Hollow Mesoporous Carbon Spheres for Efficient Water Desalination by Capacitive Deionization
snapshot_1,Topic_hollow_carbon_2012-2021_Knowledge.txt,432,https://openalex.org/W2959824546,https://doi.org/10.1039/c9nr03521d,2019,Heterostructured CoO-Co<sub>3</sub>O<sub>4</sub>nanoparticles anchored on nitrogen-doped hollow carbon spheres as cathode catalysts for Li–O<sub>2</sub>batteries
snapshot_1,Topic_hollow_carbon_2012-2021_Knowledge.txt,433,https://openalex.org/W2978146351,https://doi.org/10.1039/c9ra06989e,2019,An efficient Au catalyst supported on hollow carbon spheres for acetylene hydrochlorination
snapshot_1,Topic_hollow_carbon_2012-2021_Knowledge.txt,434,https://openalex.org/W2787656051,https://doi.org/10.1039/c7nj04398h,2018,Novel MgO/hollow carbon sphere composites for CO<sub>2</sub> adsorption
snapshot_1,Topic_hollow_carbon_2012-2021_Knowledge.txt,435,https://openalex.org/W3087688595,https://doi.org/10.1002/adfm.202006270,2020,Hydrogen‐Bonding Triggered Assembly to Configure Hollow Carbon Nanosheets for Highly Efficient Tri‐Iodide Reduction
snapshot_1,Topic_hollow_carbon_2012-2021_Knowledge.txt,436,https://openalex.org/W3165406490,https://doi.org/10.1039/d1nr02914b,2021,Hollow carbon nanospheres dotted with Gd–Fe nanoparticles for magnetic resonance and photoacoustic imaging
snapshot_1,Topic_hollow_carbon_2012-2021_Knowledge.txt,437,https://openalex.org/W2829637828,https://doi.org/10.1021/acsami.8b00925,2018,Multi-Heteroatom-Doped Hollow Carbon Attached on Graphene Using LiFePO<sub>4</sub> Nanoparticles as Hard Templates for High-Performance Lithium–Sulfur Batteries
snapshot_1,Topic_hollow_carbon_2012-2021_Knowledge.txt,438,https://openalex.org/W3195422393,https://doi.org/10.1007/s12274-021-3792-2,2021,"Ru complex and N, P-containing polymers confined within mesoporous hollow carbon spheres for hydrogenation of CO2 to formate"
snapshot_1,Topic_hollow_carbon_2012-2021_Knowledge.txt,439,https://openalex.org/W2130948022,https://doi.org/10.1002/adma.201400303,2014,"Colloidal RBC‐Shaped, Hydrophilic, and Hollow Mesoporous Carbon Nanocapsules for Highly Efficient Biomedical Engineering"
snapshot_1,Topic_hollow_carbon_2012-2021_Knowledge.txt,440,https://openalex.org/W2951501518,https://doi.org/10.3390/app9122451,2019,"CVD Synthesis of Solid, Hollow, and Nitrogen-Doped Hollow Carbon Spheres from Polypropylene Waste Materials"
snapshot_1,Topic_hollow_carbon_2012-2021_Knowledge.txt,441,https://openalex.org/W2598997727,https://doi.org/10.21062/ujep/x.2016/a/1213-2489/mt/16/4/799,2016,Technology and Mold Design for Production of Hollow Carbon Composite Parts
snapshot_1,Topic_hollow_carbon_2012-2021_Knowledge.txt,442,https://openalex.org/W3034682318,https://doi.org/10.1039/d0nr02763d,2020,Highly active Fe–N-doped porous hollow carbon nanospheres as oxygen reduction electrocatalysts in both acidic and alkaline media
snapshot_1,Topic_hollow_carbon_2012-2021_Knowledge.txt,443,https://openalex.org/W1973403685,https://doi.org/10.1039/c5ta01890k,2015,Composite of hierarchical interpenetrating 3D hollow carbon skeleton from lotus pollen and hexagonal MnO<sub>2</sub> nanosheets for high-performance supercapacitors
snapshot_1,Topic_hollow_carbon_2012-2021_Knowledge.txt,444,https://openalex.org/W3005846820,https://doi.org/10.1002/anie.201913170,2019,A Multi‐Wall Sn/SnO<sub>2</sub>@Carbon Hollow Nanofiber Anode Material for High‐Rate and Long‐Life Lithium‐Ion Batteries
snapshot_1,Topic_hollow_carbon_2012-2021_Knowledge.txt,445,https://openalex.org/W2889588284,https://doi.org/10.1021/acssuschemeng.8b02014,2018,Control of Micro- and Mesopores in Carbon Nanofibers and Hollow Carbon Nanofibers Derived from Cellulose Diacetate via Vapor Phase Infiltration of Diethyl Zinc
snapshot_1,Topic_hollow_carbon_2012-2021_Knowledge.txt,446,https://openalex.org/W2409720460,https://doi.org/10.1038/srep21177,2016,"Nanoarchitectured Nb2O5 hollow, Nb2O5@carbon and NbO2@carbon Core-Shell Microspheres for Ultrahigh-Rate Intercalation Pseudocapacitors"
snapshot_1,Topic_hollow_carbon_2012-2021_Knowledge.txt,447,https://openalex.org/W2163997310,https://doi.org/10.1039/c4ra14683b,2014,Hollow carbon-shell/carbon-nanorod arrays for high performance Li-ion batteries and supercapacitors
snapshot_1,Topic_hollow_carbon_2012-2021_Knowledge.txt,448,https://openalex.org/W2806527590,https://doi.org/10.1039/c8ta03799j,2018,Red blood cell-like hollow carbon sphere anchored ultrathin Na<sub>2</sub>Ti<sub>3</sub>O<sub>7</sub> nanosheets as long cycling and high rate-performance anodes for sodium-ion batteries
snapshot_1,Topic_hollow_carbon_2012-2021_Knowledge.txt,449,https://openalex.org/W2401971434,https://doi.org/10.1039/c6ta03187k,2016,"Trapping sulfur in hierarchically porous, hollow indented carbon spheres: a high-performance cathode for lithium–sulfur batteries"
snapshot_1,Topic_hollow_carbon_2012-2021_Knowledge.txt,450,https://openalex.org/W3014526815,https://doi.org/10.1149/1945-7111/ab8646,2020,Metal-Free Graphene Modified Nitrogen-Doped Ultra-Thin Hollow Carbon Spheres as Superior Cathodic Catalysts of Zn-Air Battery
snapshot_1,Topic_hollow_carbon_2012-2021_Knowledge.txt,451,https://openalex.org/W2166951723,https://doi.org/10.1002/anie.201207855,2013,Assembly and Magnetic Bistability of Mn<sub>3</sub>O<sub>4</sub> Nanoparticles Encapsulated in Hollow Carbon Nanofibers
snapshot_1,Topic_hollow_carbon_2012-2021_Knowledge.txt,452,https://openalex.org/W2897654271,https://doi.org/10.1021/acsami.8b09339,2018,Electrocatalysis of Ruthenium Nanoparticles-Decorated Hollow Carbon Spheres for the Conversion of Li<sub>2</sub>S<sub>2</sub>/Li<sub>2</sub>S in Lithium–Sulfur Batteries
snapshot_1,Topic_hollow_carbon_2012-2021_Knowledge.txt,453,https://openalex.org/W2511505062,https://doi.org/10.1021/acs.chemmater.6b02586,2016,Ni-Decorated Molybdenum Carbide Hollow Structure Derived from Carbon-Coated Metal–Organic Framework for Electrocatalytic Hydrogen Evolution Reaction
snapshot_1,Topic_hollow_carbon_2012-2021_Knowledge.txt,454,https://openalex.org/W2130783828,https://doi.org/10.1039/c4tb01576b,2014,Cyclodextrin-functionalized hollow carbon nanospheres by introducing nanogold for enhanced electrochemical sensing of o-dihydroxybenzene and p-dihydroxybenzene
snapshot_1,Topic_hollow_carbon_2012-2021_Knowledge.txt,455,https://openalex.org/W2791108977,https://doi.org/10.1002/smll.201702407,2018,Core–Shell Nitrogen‐Doped Carbon Hollow Spheres/Co<sub>3</sub>O<sub>4</sub> Nanosheets as Advanced Electrode for High‐Performance Supercapacitor
snapshot_1,Topic_hollow_carbon_2012-2021_Knowledge.txt,456,https://openalex.org/W3216421927,https://doi.org/10.1039/d1ta07749j,2021,Achieving F-doped porous hollow carbon nanospheres with ultrahigh pore volume <i>via</i> a gas–solid interface reaction
snapshot_1,Topic_hollow_carbon_2012-2021_Knowledge.txt,457,https://openalex.org/W3112563241,https://doi.org/10.1021/acsami.0c17058,2020,In Situ Imaging Polysulfides Electrochemistry of Li-S Batteries in a Hollow Carbon Nanotubule Wet Electrochemical Cell
snapshot_1,Topic_hollow_carbon_2012-2021_Knowledge.txt,458,https://openalex.org/W2332145275,https://doi.org/10.1049/mnl.2015.0346,2016,Hollow carbon microfibres fabricated using coaxial centrifugal spinning
snapshot_1,Topic_hollow_carbon_2012-2021_Knowledge.txt,459,https://openalex.org/W2621139557,https://doi.org/10.1039/c7ta02665j,2017,Engineering hollow polyhedrons structured from carbon-coated CoSe<sub>2</sub> nanospheres bridged by CNTs with boosted sodium storage performance
snapshot_1,Topic_hollow_carbon_2012-2021_Knowledge.txt,460,https://openalex.org/W3119211795,https://doi.org/10.1021/acsaem.0c02546,2021,Construction of NiS Nanosheets Anchored on the Inner Surface of Nitrogen-Doped Hollow Carbon Matrixes with Enhanced Sodium and Potassium Storage Performances
snapshot_1,Topic_hollow_carbon_2012-2021_Knowledge.txt,461,https://openalex.org/W4200049280,https://doi.org/10.1002/smll.202105767,2021,Puffing Up Hollow Carbon Nanofibers with High‐Energy Metal‐Organic Frameworks for Capacitive‐Dominated Potassium‐Ion Storage
snapshot_1,Topic_hollow_carbon_2012-2021_Knowledge.txt,462,https://openalex.org/W2885635066,https://doi.org/10.1002/asia.201801121,2018,Folic Acid Derived Bimetallic‐Doped Hollow Carbon Nanostructures for Efficient Electrocatalytic Oxygen Evolution
snapshot_1,Topic_hollow_carbon_2012-2021_Knowledge.txt,463,https://openalex.org/W2958748886,https://doi.org/10.1021/acsnano.9b01953,2019,Multishell Hollow Metal/Nitrogen/Carbon Dodecahedrons with Precisely Controlled Architectures and Synergistically Enhanced Catalytic Properties
snapshot_1,Topic_hollow_carbon_2012-2021_Knowledge.txt,464,https://openalex.org/W2526538617,https://doi.org/10.1039/c6ra21011b,2016,Nitrogen-doped mesoporous hollow carbon nanoflowers as high performance anode materials of lithium ion batteries
snapshot_1,Topic_hollow_carbon_2012-2021_Knowledge.txt,465,https://openalex.org/W2004867642,https://doi.org/10.1088/0957-4484/23/48/485404,2012,Nano-architectures of ordered hollow carbon spheres filled with carbon webs by template-free controllable synthesis
snapshot_1,Topic_hollow_carbon_2012-2021_Knowledge.txt,466,https://openalex.org/W2727046639,https://doi.org/10.1002/advs.201700247,2017,Formation of Single‐Holed Cobalt/N‐Doped Carbon Hollow Particles with Enhanced Electrocatalytic Activity toward Oxygen Reduction Reaction in Alkaline Media
snapshot_1,Topic_hollow_carbon_2012-2021_Knowledge.txt,467,https://openalex.org/W2802342532,https://doi.org/10.1021/acsami.8b03201,2018,High-Rate and Long-Term Cycle Stability of Li–S Batteries Enabled by Li<sub>2</sub>S/TiO<sub>2</sub>-Impregnated Hollow Carbon Nanofiber Cathodes
snapshot_1,Topic_hollow_carbon_2012-2021_Knowledge.txt,468,https://openalex.org/W3193896357,https://doi.org/10.1021/acsami.1c10655,2021,High-Performance Potassium-Ion Batteries with Robust Stability Based on N/S-Codoped Hollow Carbon Nanocubes
snapshot_1,Topic_hollow_carbon_2012-2021_Knowledge.txt,469,https://openalex.org/W2290567516,https://doi.org/10.1002/smll.201503821,2016,MOF‐Derived Hollow Co<sub>9</sub>S<sub>8</sub> Nanoparticles Embedded in Graphitic Carbon Nanocages with Superior Li‐Ion Storage
snapshot_1,Topic_hollow_carbon_2012-2021_Knowledge.txt,470,https://openalex.org/W3159822756,https://doi.org/10.1021/acsanm.1c00434,2021,FeS<sub>2</sub> Nanoparticles Encapsulated in N/S-Doped Hollow Carbon Spheres as Anode Materials for Potassium-Ion Batteries
snapshot_1,Topic_hollow_carbon_2012-2021_Knowledge.txt,471,https://openalex.org/W3196652815,https://doi.org/10.1002/anie.202108396,2021,Nitrogen‐Doped Carbon Composites with Ordered Macropores and Hollow Walls
snapshot_1,Topic_hollow_carbon_2012-2021_Knowledge.txt,472,https://openalex.org/W2042397926,https://doi.org/10.1039/c3nr34024d,2013,Silicon nanoparticles encapsulated in hollow graphitized carbon nanofibers for lithium ion battery anodes
snapshot_1,Topic_hollow_carbon_2012-2021_Knowledge.txt,473,https://openalex.org/W2957013682,https://doi.org/10.1002/adfm.201903712,2019,“Brain‐Coral‐Like” Mesoporous Hollow CoS<sub>2</sub>@N‐Doped Graphitic Carbon Nanoshells as Efficient Sulfur Reservoirs for Lithium–Sulfur Batteries
snapshot_1,Topic_hollow_carbon_2012-2021_Knowledge.txt,474,https://openalex.org/W3035509005,https://doi.org/10.1021/acscatal.0c00584,2020,Mesoporous Carbon Hollow Spheres as Efficient Electrocatalysts for Oxygen Reduction to Hydrogen Peroxide in Neutral Electrolytes
snapshot_1,Topic_hollow_carbon_2012-2021_Knowledge.txt,475,https://openalex.org/W2027805414,https://doi.org/10.1039/c3cp50653c,2013,Hydrothermal carbon-based nanostructured hollow spheres as electrode materials for high-power lithium–sulfur batteries
snapshot_1,Topic_hollow_carbon_2012-2021_Knowledge.txt,476,https://openalex.org/W2523247752,https://doi.org/10.1002/adfm.201603659,2016,A Top‐Down Strategy toward 3D Carbon Nanosheet Frameworks Decorated with Hollow Nanostructures for Superior Lithium Storage
snapshot_1,Topic_hollow_carbon_2012-2021_Knowledge.txt,477,https://openalex.org/W2323916307,https://doi.org/10.1039/c6ra04714a,2016,Coupled cobalt oxide/hollow carbon sphere as an efficient electrocatalyst for the oxygen reduction reaction
snapshot_1,Topic_hollow_carbon_2012-2021_Knowledge.txt,478,https://openalex.org/W3134647724,https://doi.org/10.1021/acs.chemmater.0c04734,2021,Hollow Porous Bowl-like Nitrogen-Doped Cobalt/Carbon Nanocomposites with Enhanced Electromagnetic Wave Absorption
snapshot_1,Topic_hollow_carbon_2012-2021_Knowledge.txt,479,https://openalex.org/W2512037159,https://doi.org/10.1039/c6cc06340c,2016,"Uniform Li<sub>2</sub>S precipitation on N,O-codoped porous hollow carbon fibers for high-energy-density lithium–sulfur batteries with superior stability"
snapshot_1,Topic_hollow_carbon_2012-2021_Knowledge.txt,480,https://openalex.org/W2795549695,https://doi.org/10.1039/c8qi00200b,2018,Deflagration synthesis of nitrogen/fluorine co-doped hollow carbon nanoparticles with excellent oxygen reduction performance
snapshot_1,Topic_hollow_carbon_2012-2021_Knowledge.txt,481,https://openalex.org/W2472108043,https://doi.org/10.1088/0957-4484/27/33/335602,2016,Copper induced hollow carbon nanospheres by arc discharge method: controlled synthesis and formation mechanism
snapshot_1,Topic_hollow_carbon_2012-2021_Knowledge.txt,482,https://openalex.org/W2239321220,https://doi.org/10.1021/acsami.5b08797,2015,Monodispersed Hollow SO<sub>3</sub>H-Functionalized Carbon/Silica as Efficient Solid Acid Catalyst for Esterification of Oleic Acid
snapshot_1,Topic_hollow_carbon_2012-2021_Knowledge.txt,483,https://openalex.org/W3211599319,https://doi.org/10.1021/acsaem.1c02449,2021,Self-Assembled Bipolar Metals with Hollow Carbon Spheres for High-Performance Li–S Battery Cathodes
snapshot_1,Topic_hollow_carbon_2012-2021_Knowledge.txt,484,https://openalex.org/W1914683126,https://doi.org/10.1002/ppsc.201500037,2015,Controllable Synthesis of 3D Hollow‐Carbon‐Spheres/Graphene‐Flake Hybrid Nanostructures from Polymer Nanocomposite by Self‐Assembly and Feasibility for Lithium‐Ion Batteries
snapshot_1,Topic_hollow_carbon_2012-2021_Knowledge.txt,485,https://openalex.org/W3116582238,https://doi.org/10.1039/d0ta10159a,2020,Enabling high-performance room-temperature sodium/sulfur batteries with few-layer 2H-MoSe<sub>2</sub>embellished nitrogen-doped hollow carbon spheres as polysulfide barriers
snapshot_1,Topic_hollow_carbon_2012-2021_Knowledge.txt,486,https://openalex.org/W3123302989,https://doi.org/10.1021/acs.energyfuels.0c04258,2021,"Nitrogen, Sulfur, and Phosphorus Codoped Hollow Carbon Microtubes Derived from Silver Willow Blossoms as a High-Performance Anode for Sodium-Ion Batteries"
snapshot_1,Topic_hollow_carbon_2012-2021_Knowledge.txt,487,https://openalex.org/W3149113180,https://doi.org/10.1021/acssuschemeng.1c00743,2021,Atomic-Dispersed Coordinated Unsaturated Nickel–Nitrogen Sites in Hollow Carbon Spheres for the Efficient Electrochemical CO<sub>2</sub> Reduction
snapshot_1,Topic_hollow_carbon_2012-2021_Knowledge.txt,488,https://openalex.org/W2904544674,https://doi.org/10.30919/esmm5f112,2018,Ultrathin MoSe 2 Nanosheets Coated on Hollow Carbon Spheres as Efficient Hybrid Catalyst for Hydrogen Evolution Reaction
snapshot_1,Topic_hollow_carbon_2012-2021_Knowledge.txt,489,https://openalex.org/W2439679587,https://doi.org/10.1021/acsami.6b04060,2016,Selenium Embedded in Metal–Organic Framework Derived Hollow Hierarchical Porous Carbon Spheres for Advanced Lithium–Selenium Batteries
snapshot_1,Topic_hollow_carbon_2012-2021_Knowledge.txt,490,https://openalex.org/W2098701649,https://doi.org/10.1039/c5ra07112g,2015,Influence of hollow carbon microspheres of micro and nano-scale on the physical and mechanical properties of epoxy syntactic foams
snapshot_1,Topic_hollow_carbon_2012-2021_Knowledge.txt,491,https://openalex.org/W2057924631,https://doi.org/10.1155/2014/139639,2014,Silicon‐Encapsulated Hollow Carbon Nanofiber Networks as Binder‐Free Anodes for Lithium Ion Battery
snapshot_1,Topic_hollow_carbon_2012-2021_Knowledge.txt,492,https://openalex.org/W2767613456,https://doi.org/10.1039/c7nr06645g,2017,Polycrystalline soft carbon semi-hollow microrods as anode for advanced K-ion full batteries
snapshot_1,Topic_hollow_carbon_2012-2021_Knowledge.txt,493,https://openalex.org/W2799836648,https://doi.org/10.1002/celc.201800456,2018,Ultrafine Sn Nanoparticles Anchored on Nitrogen‐ and Phosphorus‐Doped Hollow Carbon Frameworks for Lithium‐Ion Batteries
snapshot_1,Topic_hollow_carbon_2012-2021_Knowledge.txt,494,https://openalex.org/W3174632469,https://doi.org/10.1002/adsu.202100122,2021,Hollow Carbon Fiber Decorated by Nano Structure Surface for High‐Efficiency Water Steam Generation
snapshot_1,Topic_hollow_carbon_2012-2021_Knowledge.txt,495,https://openalex.org/W2568906120,https://doi.org/10.1007/s12274-016-1394-1,2017,Embedding CoS2 nanoparticles in N-doped carbon nanotube hollow frameworks for enhanced lithium storage properties
snapshot_1,Topic_hollow_carbon_2012-2021_Knowledge.txt,496,https://openalex.org/W3213635922,https://doi.org/10.1021/acs.nanolett.1c03499,2021,Isolated Single-Atom Ni–N<sub>5</sub> Catalytic Site in Hollow Porous Carbon Capsules for Efficient Lithium–Sulfur Batteries
snapshot_1,Topic_hollow_carbon_2012-2021_Knowledge.txt,497,https://openalex.org/W2175646002,https://doi.org/10.1002/adfm.201502980,2015,"Hollow ZSM‐5 with Silicon‐Rich Surface, Double Shells, and Functionalized Interior with Metallic Nanoparticles and Carbon Nanotubes"
snapshot_1,Topic_hollow_carbon_2012-2021_Knowledge.txt,498,https://openalex.org/W2759390340,https://doi.org/10.1007/s40820-017-0157-1,2017,Creation of Triple Hierarchical Micro-Meso-Macroporous N-doped Carbon Shells with Hollow Cores Toward the Electrocatalytic Oxygen Reduction Reaction
snapshot_1,Topic_hollow_carbon_2012-2021_Knowledge.txt,499,https://openalex.org/W4200543107,https://doi.org/10.1002/smll.202106513,2021,A General Synthesis of Mesoporous Hollow Carbon Spheres with Extraordinary Sodium Storage Kinetics by Engineering Solvation Structure
snapshot_1,Topic_hollow_carbon_2012-2021_Knowledge.txt,500,https://openalex.org/W2127512769,https://doi.org/10.1039/c4cc08008d,2014,Biomineralization-induced self-assembly of porous hollow carbon nanocapsule monoliths and their application in Li–S batteries
snapshot_2,Topic_metal_sulfide_anodes_2012-2021_Knowledge.txt,1,https://openalex.org/W2989089792,https://doi.org/10.1002/smtd.201900673,2019,Revealing the Critical Factor in Metal Sulfide Anode Performance in Sodium‐Ion Batteries: An Investigation of Polysulfide Shuttling Issues
snapshot_2,Topic_metal_sulfide_anodes_2012-2021_Knowledge.txt,2,https://openalex.org/W3092278450,https://doi.org/10.1002/adfm.202007266,2020,Unraveling the Voltage Failure Mechanism in Metal Sulfide Anodes for Sodium Storage and Improving Their Long Cycle Life by Sulfur‐Doped Carbon Protection
snapshot_2,Topic_metal_sulfide_anodes_2012-2021_Knowledge.txt,3,https://openalex.org/W2567505432,https://doi.org/10.1002/aenm.201601424,2016,A Review on Design Strategies for Carbon Based Metal Oxides and Sulfides Nanocomposites for High Performance Li and Na Ion Battery Anodes
snapshot_2,Topic_metal_sulfide_anodes_2012-2021_Knowledge.txt,4,https://openalex.org/W2942774876,https://doi.org/10.1002/aenm.201900858,2019,Uniform High Ionic Conducting Lithium Sulfide Protection Layer for Stable Lithium Metal Anode
snapshot_2,Topic_metal_sulfide_anodes_2012-2021_Knowledge.txt,5,https://openalex.org/W2790835819,https://doi.org/10.1039/c8ta00901e,2018,Rocksalt-type metal sulfide anodes for high-rate sodium storage
snapshot_2,Topic_metal_sulfide_anodes_2012-2021_Knowledge.txt,6,https://openalex.org/W2744410694,https://doi.org/10.1002/adfm.201702046,2017,General Synthesis of Dual Carbon‐Confined Metal Sulfides Quantum Dots Toward High‐Performance Anodes for Sodium‐Ion Batteries
snapshot_2,Topic_metal_sulfide_anodes_2012-2021_Knowledge.txt,7,https://openalex.org/W3045825572,https://doi.org/10.1021/acs.nanolett.0c02595,2020,Building Fast Diffusion Channel by Constructing Metal Sulfide/Metal Selenide Heterostructures for High-Performance Sodium Ion Batteries Anode
snapshot_2,Topic_metal_sulfide_anodes_2012-2021_Knowledge.txt,8,https://openalex.org/W2399748782,https://doi.org/10.1039/c6ta03210a,2016,Germanium sulfide nanosheet: a universal anode material for alkali metal ion batteries
snapshot_2,Topic_metal_sulfide_anodes_2012-2021_Knowledge.txt,9,https://openalex.org/W2781777157,https://doi.org/10.1021/acs.chemmater.7b04976,2018,Ternary Transition Metal Sulfides Embedded in Graphene Nanosheets as Both the Anode and Cathode for High-Performance Asymmetric Supercapacitors
snapshot_2,Topic_metal_sulfide_anodes_2012-2021_Knowledge.txt,10,https://openalex.org/W3112210088,https://doi.org/10.1002/adfm.202006761,2020,Recent Tactics and Advances in the Application of Metal Sulfides as High‐Performance Anode Materials for Rechargeable Sodium‐Ion Batteries
snapshot_2,Topic_metal_sulfide_anodes_2012-2021_Knowledge.txt,11,https://openalex.org/W3146050462,https://doi.org/10.1039/d1ta00831e,2021,Recent advances in ferromagnetic metal sulfides and selenides as anodes for sodium- and potassium-ion batteries
snapshot_2,Topic_metal_sulfide_anodes_2012-2021_Knowledge.txt,12,https://openalex.org/W2603442821,https://doi.org/10.1039/c6cs00776g,2017,Sodium-ion batteries: present and future
snapshot_2,Topic_metal_sulfide_anodes_2012-2021_Knowledge.txt,13,https://openalex.org/W2793204661,https://doi.org/10.1021/acsami.7b19037,2018,New Insights into the Interphase between the Na Metal Anode and Sulfide Solid-State Electrolytes: A Joint Experimental and Computational Study
snapshot_2,Topic_metal_sulfide_anodes_2012-2021_Knowledge.txt,14,https://openalex.org/W2808157621,https://doi.org/10.1039/c8ta03444c,2018,Dual carbon-protected metal sulfides and their application to sodium-ion battery anodes
snapshot_2,Topic_metal_sulfide_anodes_2012-2021_Knowledge.txt,15,https://openalex.org/W3112525852,https://doi.org/10.1021/acs.nanolett.0c04158,2020,Stable Sodium Metal Anode Enabled by an Interface Protection Layer Rich in Organic Sulfide Salt
snapshot_2,Topic_metal_sulfide_anodes_2012-2021_Knowledge.txt,16,https://openalex.org/W2901233235,https://doi.org/10.1021/acsami.8b14839,2018,Metal–Organic Framework Template-Directed Fabrication of Well-Aligned Pentagon-like Hollow Transition-Metal Sulfides as the Anode and Cathode for High-Performance Asymmetric Supercapacitors
snapshot_2,Topic_metal_sulfide_anodes_2012-2021_Knowledge.txt,17,https://openalex.org/W2585917535,https://doi.org/10.1002/adma.201601759,2017,Nanostructured Metal Oxides and Sulfides for Lithium–Sulfur Batteries
snapshot_2,Topic_metal_sulfide_anodes_2012-2021_Knowledge.txt,18,https://openalex.org/W3091969947,https://doi.org/10.1002/adfm.202006380,2020,A Facile Way to Construct Stable and Ionic Conductive Lithium Sulfide Nanoparticles Composed Solid Electrolyte Interphase on Li Metal Anode
snapshot_2,Topic_metal_sulfide_anodes_2012-2021_Knowledge.txt,19,https://openalex.org/W2915181172,https://doi.org/10.1021/acsami.8b19984,2019,Stabilizing the Interface between Sodium Metal Anode and Sulfide-Based Solid-State Electrolyte with an Electron-Blocking Interlayer
snapshot_2,Topic_metal_sulfide_anodes_2012-2021_Knowledge.txt,20,https://openalex.org/W2175384199,https://doi.org/10.1039/c5cc06957b,2015,A general approach to fabricate free-standing metal sulfide@carbon nanofiber networks as lithium ion battery anodes
snapshot_2,Topic_metal_sulfide_anodes_2012-2021_Knowledge.txt,21,https://openalex.org/W3111566194,https://doi.org/10.1021/acsenergylett.0c02372,2020,Predicting Charge Transfer Stability between Sulfide Solid Electrolytes and Li Metal Anodes
snapshot_2,Topic_metal_sulfide_anodes_2012-2021_Knowledge.txt,22,https://openalex.org/W2605231915,https://doi.org/10.1039/c7ta01088e,2017,"Multicomponent (Mo, Ni) metal sulfide and selenide microspheres with empty nanovoids as anode materials for Na-ion batteries"
snapshot_2,Topic_metal_sulfide_anodes_2012-2021_Knowledge.txt,23,https://openalex.org/W1958947896,https://doi.org/10.1039/c5cc04289e,2015,High capacity and exceptional cycling stability of ternary metal sulfide nanorods as Li ion battery anodes
snapshot_2,Topic_metal_sulfide_anodes_2012-2021_Knowledge.txt,24,https://openalex.org/W2534928601,https://doi.org/10.1021/acscatal.6b02479,2016,"Recent Trends and Perspectives in Electrochemical Water Splitting with an Emphasis on Sulfide, Selenide, and Phosphide Catalysts of Fe, Co, and Ni: A Review"
snapshot_2,Topic_metal_sulfide_anodes_2012-2021_Knowledge.txt,25,https://openalex.org/W2476116270,https://doi.org/10.1039/c5cs00410a,2016,Designing high-energy lithium–sulfur batteries
snapshot_2,Topic_metal_sulfide_anodes_2012-2021_Knowledge.txt,26,https://openalex.org/W3013332881,https://doi.org/10.1002/batt.202000051,2020,Slurry‐Coated Sulfur/Sulfide Cathode with Li Metal Anode for All‐Solid‐State Lithium‐Sulfur Pouch Cells
snapshot_2,Topic_metal_sulfide_anodes_2012-2021_Knowledge.txt,27,https://openalex.org/W3107792344,https://doi.org/10.1002/admi.202001698,2020,In Situ Ion‐Conducting Protective Layer Strategy to Stable Lithium Metal Anode for All‐Solid‐State Sulfide‐Based Lithium Metal Batteries
snapshot_2,Topic_metal_sulfide_anodes_2012-2021_Knowledge.txt,28,https://openalex.org/W3093548159,https://doi.org/10.1088/2515-7639/abb440,2020,Recent progresses and challenges of metal sulfides as advanced anode materials in rechargeable sodium-ion batteries
snapshot_2,Topic_metal_sulfide_anodes_2012-2021_Knowledge.txt,29,https://openalex.org/W2909570062,https://doi.org/10.1039/c8ta11481a,2019,Uniquely structured composite microspheres of metal sulfides and carbon with cubic nanorooms for highly efficient anode materials for sodium-ion batteries
snapshot_2,Topic_metal_sulfide_anodes_2012-2021_Knowledge.txt,30,https://openalex.org/W2752883475,https://doi.org/10.1039/c7cc06192g,2017,"One-pot synthesis of multicomponent (Mo, Co) metal sulfide/carbon nanoboxes as anode materials for improving Na-ion storage"
snapshot_2,Topic_metal_sulfide_anodes_2012-2021_Knowledge.txt,31,https://openalex.org/W2604150433,https://doi.org/10.1126/sciadv.1601659,2017,"Toward garnet electrolyte–based Li metal batteries: An ultrathin, highly effective, artificial solid-state electrolyte/metallic Li interface"
snapshot_2,Topic_metal_sulfide_anodes_2012-2021_Knowledge.txt,32,https://openalex.org/W2942004853,https://doi.org/10.3390/ma12081324,2019,Highly Efficient Nanocarbon Coating Layer on the Nanostructured Copper Sulfide-Metal Organic Framework Derived Carbon for Advanced Sodium-Ion Battery Anode
snapshot_2,Topic_metal_sulfide_anodes_2012-2021_Knowledge.txt,33,https://openalex.org/W3105248494,https://doi.org/10.1002/aenm.202002689,2020,Solid‐State Li–Metal Batteries: Challenges and Horizons of Oxide and Sulfide Solid Electrolytes and Their Interfaces
snapshot_2,Topic_metal_sulfide_anodes_2012-2021_Knowledge.txt,34,https://openalex.org/W2989287143,https://doi.org/10.1002/batt.201900143,2019,Manipulating 2D Few‐Layer Metal Sulfides as Anode Towards Enhanced Sodium‐Ion Batteries
snapshot_2,Topic_metal_sulfide_anodes_2012-2021_Knowledge.txt,35,https://openalex.org/W4200524102,https://doi.org/10.1021/acsami.1c21168,2021,Activating the Stepwise Intercalation–Conversion Reaction of Layered Copper Sulfide toward Extremely High Capacity Zinc-Metal-Free Anodes for Rocking-Chair Zinc-Ion Batteries
snapshot_2,Topic_metal_sulfide_anodes_2012-2021_Knowledge.txt,36,https://openalex.org/W3128749224,https://doi.org/10.1002/aenm.202003563,2021,Mesoporous Thorn‐Covered Core–Shell Cathode and 3D Reduced Graphene Oxide Aerogel Composite Anode with Conductive Multivalence Metal Sulfides for High‐Performance Aqueous Hybrid Capacitors
snapshot_2,Topic_metal_sulfide_anodes_2012-2021_Knowledge.txt,37,https://openalex.org/W2946052326,https://doi.org/10.1021/acsaem.9b00669,2019,A Universal Strategy to Fabricate Metal Sulfides@Carbon Fibers As Freestanding and Flexible Anodes for High-Performance Lithium/Sodium Storage
snapshot_2,Topic_metal_sulfide_anodes_2012-2021_Knowledge.txt,38,https://openalex.org/W2089705033,https://doi.org/10.1002/adfm.201404078,2015,MoS<sub>2</sub>/Graphene Composite Anodes with Enhanced Performance for Sodium‐Ion Batteries: The Role of the Two‐Dimensional Heterointerface
snapshot_2,Topic_metal_sulfide_anodes_2012-2021_Knowledge.txt,39,https://openalex.org/W3097546299,https://doi.org/10.1002/adfm.202007132,2020,Novel Designed MnS‐MoS<sub>2</sub> Heterostructure for Fast and Stable Li/Na Storage:Insights into the Advanced Mechanism Attributed to Phase Engineering
snapshot_2,Topic_metal_sulfide_anodes_2012-2021_Knowledge.txt,40,https://openalex.org/W2547559399,https://doi.org/10.1002/aenm.201601329,2016,The Application of Metal Sulfides in Sodium Ion Batteries
snapshot_2,Topic_metal_sulfide_anodes_2012-2021_Knowledge.txt,41,https://openalex.org/W2259521218,https://doi.org/10.1002/adma.201504412,2016,Self‐Supported Nanotube Arrays of Sulfur‐Doped TiO<sub>2</sub> Enabling Ultrastable and Robust Sodium Storage
snapshot_2,Topic_metal_sulfide_anodes_2012-2021_Knowledge.txt,42,https://openalex.org/W2681411897,https://doi.org/10.1002/adma.201700606,2017,Advances and Challenges in Metal Sulfides/Selenides for Next‐Generation Rechargeable Sodium‐Ion Batteries
snapshot_2,Topic_metal_sulfide_anodes_2012-2021_Knowledge.txt,43,https://openalex.org/W2794379033,https://doi.org/10.1080/21663831.2018.1447520,2018,General approach for preparing sandwich-structured metal sulfide@reduced graphene oxide as highly reversible Li-ion battery anode
snapshot_2,Topic_metal_sulfide_anodes_2012-2021_Knowledge.txt,44,https://openalex.org/W3181579213,https://doi.org/10.1021/acsnano.1c03516,2021,Versatile Interfacial Self-Assembly of Ti<sub>3</sub>C<sub>2</sub>T<sub><i>x</i></sub> MXene Based Composites with Enhanced Kinetics for Superior Lithium and Sodium Storage
snapshot_2,Topic_metal_sulfide_anodes_2012-2021_Knowledge.txt,45,https://openalex.org/W2987828774,https://doi.org/10.1002/celc.201901568,2019,Zinc Sulfide Decorated on Nitrogen‐Doped Carbon Derived from Metal‐Organic Framework Composites for Highly Reversible Lithium‐Ion Battery Anode
snapshot_2,Topic_metal_sulfide_anodes_2012-2021_Knowledge.txt,46,https://openalex.org/W3150247197,https://doi.org/10.1021/acsnano.1c00797,2021,Hierarchically Designed Nitrogen-Doped MoS<sub>2</sub>/Silicon Oxycarbide Nanoscale Heterostructure as High-Performance Sodium-Ion Battery Anode
snapshot_2,Topic_metal_sulfide_anodes_2012-2021_Knowledge.txt,47,https://openalex.org/W2952731900,https://doi.org/10.1039/c9ta03271a,2019,Iron–zinc sulfide Fe<sub>2</sub>Zn<sub>3</sub>S<sub>5</sub>/Fe<sub>1−x</sub>S@C derived from a metal–organic framework as a high performance anode material for lithium-ion batteries
snapshot_2,Topic_metal_sulfide_anodes_2012-2021_Knowledge.txt,48,https://openalex.org/W2784532118,https://doi.org/10.1021/acs.accounts.7b00487,2018,Understanding Conversion-Type Electrodes for Lithium Rechargeable Batteries
snapshot_2,Topic_metal_sulfide_anodes_2012-2021_Knowledge.txt,49,https://openalex.org/W3175415974,https://doi.org/10.1002/adfm.202103802,2021,Stabilizing Intermediate Phases via Efficient Entrapment Effects of Layered VS<sub>4</sub>/SnS@C Heterostructure for Ultralong Lifespan Potassium‐Ion Batteries
snapshot_2,Topic_metal_sulfide_anodes_2012-2021_Knowledge.txt,50,https://openalex.org/W2770690140,https://doi.org/10.1021/acsnano.7b07132,2017,Cobalt Sulfide Quantum Dot Embedded N/S-Doped Carbon Nanosheets with Superior Reversibility and Rate Capability for Sodium-Ion Batteries
snapshot_2,Topic_metal_sulfide_anodes_2012-2021_Knowledge.txt,51,https://openalex.org/W3009632230,https://doi.org/10.1021/acsenergylett.0c00207,2020,Ultrastable Anode Interface Achieved by Fluorinating Electrolytes for All-Solid-State Li Metal Batteries
snapshot_2,Topic_metal_sulfide_anodes_2012-2021_Knowledge.txt,52,https://openalex.org/W3160072238,https://doi.org/10.1039/d1qm00395j,2021,Constructing a stable interface between the sulfide electrolyte and the Li metal anode<i>via</i>a Li<sup>+</sup>-conductive gel polymer interlayer
snapshot_2,Topic_metal_sulfide_anodes_2012-2021_Knowledge.txt,53,https://openalex.org/W2594535137,https://doi.org/10.1002/advs.201600517,2017,Strategies Based on Nitride Materials Chemistry to Stabilize Li Metal Anode
snapshot_2,Topic_metal_sulfide_anodes_2012-2021_Knowledge.txt,54,https://openalex.org/W3086008726,https://doi.org/10.1021/acsnano.0c06371,2020,Enhancing the Rapid Na<sup>+</sup>-Storage Performance via Electron/Ion Bridges through GeS<sub>2</sub>/Graphene Heterojunction
snapshot_2,Topic_metal_sulfide_anodes_2012-2021_Knowledge.txt,55,https://openalex.org/W3184658978,https://doi.org/10.1021/acssuschemeng.1c01497,2021,Electrochemical Properties and Reaction Mechanism of NiTi<sub>2</sub>S<sub>4</sub> Ternary Metal Sulfide as an Anode for Lithium Ion Battery
snapshot_2,Topic_metal_sulfide_anodes_2012-2021_Knowledge.txt,56,https://openalex.org/W2416274046,https://doi.org/10.1021/acs.accounts.5b00114,2015,Tin and Tin Compounds for Sodium Ion Battery Anodes: Phase Transformations and Performance
snapshot_2,Topic_metal_sulfide_anodes_2012-2021_Knowledge.txt,57,https://openalex.org/W3180594210,https://doi.org/10.1002/adma.202100837,2021,A Partial Sulfuration Strategy Derived Multi‐Yolk–Shell Structure for Ultra‐Stable K/Na/Li‐ion Storage
snapshot_2,Topic_metal_sulfide_anodes_2012-2021_Knowledge.txt,58,https://openalex.org/W2995732416,https://doi.org/10.1021/acsnano.9b06855,2019,Topotactic Transformation Synthesis of 2D Ultrathin GeS<sub>2</sub> Nanosheets toward High-Rate and High-Energy-Density Sodium-Ion Half/Full Batteries
snapshot_2,Topic_metal_sulfide_anodes_2012-2021_Knowledge.txt,59,https://openalex.org/W3000010487,https://doi.org/10.1021/acsenergylett.9b02599,2020,High-Voltage Superionic Halide Solid Electrolytes for All-Solid-State Li-Ion Batteries
snapshot_2,Topic_metal_sulfide_anodes_2012-2021_Knowledge.txt,60,https://openalex.org/W3087334850,https://doi.org/10.1002/er.5804,2020,Graphene‐integrated <scp> CuCo <sub>2</sub> S <sub>4</sub> </scp> microspheres as a sustainable anode material for high‐performance Li‐ion batteries
snapshot_2,Topic_metal_sulfide_anodes_2012-2021_Knowledge.txt,61,https://openalex.org/W2895175849,https://doi.org/10.1002/celc.201801254,2018,Strain Redistribution in Metal‐Sulfide‐Composite Anode for Enhancing Volumetric Lithium Storage
snapshot_2,Topic_metal_sulfide_anodes_2012-2021_Knowledge.txt,62,https://openalex.org/W2556737969,https://doi.org/10.1002/anie.201610301,2016,Double‐Helix Structure in Carrageenan–Metal Hydrogels: A General Approach to Porous Metal Sulfides/Carbon Aerogels with Excellent Sodium‐Ion Storage
snapshot_2,Topic_metal_sulfide_anodes_2012-2021_Knowledge.txt,63,https://openalex.org/W3027135032,https://doi.org/10.1021/acsenergylett.0c00973,2020,Recent Advances in Developing Hybrid Materials for Sodium-Ion Battery Anodes
snapshot_2,Topic_metal_sulfide_anodes_2012-2021_Knowledge.txt,64,https://openalex.org/W3171250132,https://doi.org/10.1021/acs.nanolett.1c01344,2021,Flexible Sulfide Electrolyte Thin Membrane with Ultrahigh Ionic Conductivity for All-Solid-State Lithium Batteries
snapshot_2,Topic_metal_sulfide_anodes_2012-2021_Knowledge.txt,65,https://openalex.org/W2797444850,https://doi.org/10.3390/met8040252,2018,Chemical Dealloying Synthesis of CuS Nanowire-on-Nanoplate Network as Anode Materials for Li-Ion Batteries
snapshot_2,Topic_metal_sulfide_anodes_2012-2021_Knowledge.txt,66,https://openalex.org/W2765164073,https://doi.org/10.1002/adma.201704681,2017,Oxygen Vacancies Dominated NiS<sub>2</sub>/CoS<sub>2</sub> Interface Porous Nanowires for Portable Zn–Air Batteries Driven Water Splitting Devices
snapshot_2,Topic_metal_sulfide_anodes_2012-2021_Knowledge.txt,67,https://openalex.org/W2943461314,https://doi.org/10.1021/acsenergylett.9b00539,2019,Stable Li Metal Anode by a Hybrid Lithium Polysulfidophosphate/Polymer Cross-Linking Film
snapshot_2,Topic_metal_sulfide_anodes_2012-2021_Knowledge.txt,68,https://openalex.org/W2573377826,https://doi.org/10.1126/science.aad4998,2017,Combining theory and experiment in electrocatalysis: Insights into materials design
snapshot_2,Topic_metal_sulfide_anodes_2012-2021_Knowledge.txt,69,https://openalex.org/W3190821864,https://doi.org/10.1002/anie.202108563,2021,Phosphorized CoNi<sub>2</sub>S<sub>4</sub> Yolk‐Shell Spheres for Highly Efficient Hydrogen Production via Water and Urea Electrolysis
snapshot_2,Topic_metal_sulfide_anodes_2012-2021_Knowledge.txt,70,https://openalex.org/W2884356808,https://doi.org/10.1149/08513.0275ecst,2018,Metal Sulfide/Carbon Composite Fibers as Anode Materials for Lithium Ion Batteries
snapshot_2,Topic_metal_sulfide_anodes_2012-2021_Knowledge.txt,71,https://openalex.org/W2902951594,https://doi.org/10.1002/ente.201800889,2018,Synthesis of Metal–Organic Sulfides as Anode Materials for Lithium‐Ion Batteries at Room Temperature
snapshot_2,Topic_metal_sulfide_anodes_2012-2021_Knowledge.txt,72,https://openalex.org/W2910953714,https://doi.org/10.1002/anie.201812387,2019,Synthesis of Cobalt Sulfide Multi‐shelled Nanoboxes with Precisely Controlled Two to Five Shells for Sodium‐Ion Batteries
snapshot_2,Topic_metal_sulfide_anodes_2012-2021_Knowledge.txt,73,https://openalex.org/W3164866432,https://doi.org/10.1021/acs.accounts.0c00874,2021,Innovative Approaches to Li-Argyrodite Solid Electrolytes for All-Solid-State Lithium Batteries
snapshot_2,Topic_metal_sulfide_anodes_2012-2021_Knowledge.txt,74,https://openalex.org/W2938563503,https://doi.org/10.1002/aenm.201900584,2019,Metal Sulfide‐Decorated Carbon Sponge as a Highly Efficient Electrocatalyst and Absorbant for Polysulfide in High‐Loading Li<sub>2</sub>S Batteries
snapshot_2,Topic_metal_sulfide_anodes_2012-2021_Knowledge.txt,75,https://openalex.org/W2413949272,https://doi.org/10.1021/acsami.5b06385,2015,Vanadium Sulfide on Reduced Graphene Oxide Layer as a Promising Anode for Sodium Ion Battery
snapshot_2,Topic_metal_sulfide_anodes_2012-2021_Knowledge.txt,76,https://openalex.org/W3202466241,https://doi.org/10.1038/s41467-021-26056-7,2021,Reversible electrochemical oxidation of sulfur in ionic liquid for high-voltage Al−S batteries
snapshot_2,Topic_metal_sulfide_anodes_2012-2021_Knowledge.txt,77,https://openalex.org/W2329970688,https://doi.org/10.1021/acs.chemmater.5b04940,2016,Bulk-Type All Solid-State Batteries with 5 V Class LiNi<sub>0.5</sub>Mn<sub>1.5</sub>O<sub>4</sub> Cathode and Li<sub>10</sub>GeP<sub>2</sub>S<sub>12</sub> Solid Electrolyte
snapshot_2,Topic_metal_sulfide_anodes_2012-2021_Knowledge.txt,78,https://openalex.org/W2753090655,https://doi.org/10.1002/adfm.201703390,2017,In Situ Construction of 3D Interconnected FeS@Fe<sub>3</sub>C@Graphitic Carbon Networks for High‐Performance Sodium‐Ion Batteries
snapshot_2,Topic_metal_sulfide_anodes_2012-2021_Knowledge.txt,79,https://openalex.org/W2313163500,https://doi.org/10.1002/celc.201600139,2016,Atomic Layer Deposition of Li<sub><i>x</i></sub>Al<sub><i>y</i></sub>S Solid‐State Electrolytes for Stabilizing Lithium‐Metal Anodes
snapshot_2,Topic_metal_sulfide_anodes_2012-2021_Knowledge.txt,80,https://openalex.org/W2324518336,https://doi.org/10.1021/acs.nanolett.5b00112,2015,Slurryless Li<sub>2</sub>S/Reduced Graphene Oxide Cathode Paper for High-Performance Lithium Sulfur Battery
snapshot_2,Topic_metal_sulfide_anodes_2012-2021_Knowledge.txt,81,https://openalex.org/W3011177166,https://doi.org/10.1002/aenm.201903891,2020,Interface Engineering of Hierarchical Branched Mo‐Doped Ni<sub>3</sub>S<sub>2</sub>/Ni<i><sub>x</sub></i>P<i><sub>y</sub></i> Hollow Heterostructure Nanorods for Efficient Overall Water Splitting
snapshot_2,Topic_metal_sulfide_anodes_2012-2021_Knowledge.txt,82,https://openalex.org/W2106565671,https://doi.org/10.1002/smll.201403579,2015,Facile Synthesis of Ultrasmall CoS<sub>2</sub>Nanoparticles within Thin N-Doped Porous Carbon Shell for High Performance Lithium-Ion Batteries
snapshot_2,Topic_metal_sulfide_anodes_2012-2021_Knowledge.txt,83,https://openalex.org/W2910683945,https://doi.org/10.1021/acsami.8b18864,2019,Interpreting Abnormal Charge–Discharge Plateau Migration in Cu<sub><i>x</i></sub>S during Long-Term Cycling
snapshot_2,Topic_metal_sulfide_anodes_2012-2021_Knowledge.txt,84,https://openalex.org/W2943638974,https://doi.org/10.1021/acs.chemmater.9b00770,2019,Visualization of the Interfacial Decomposition of Composite Cathodes in Argyrodite-Based All-Solid-State Batteries Using Time-of-Flight Secondary-Ion Mass Spectrometry
snapshot_2,Topic_metal_sulfide_anodes_2012-2021_Knowledge.txt,85,https://openalex.org/W2254126286,https://doi.org/10.1021/acs.chemmater.5b04588,2016,Performance Enhancement and Mechanistic Studies of Room-Temperature Sodium–Sulfur Batteries with a Carbon-Coated Functional Nafion Separator and a Na<sub>2</sub>S/Activated Carbon Nanofiber Cathode
snapshot_2,Topic_metal_sulfide_anodes_2012-2021_Knowledge.txt,86,https://openalex.org/W2995554319,https://doi.org/10.1002/celc.201902007,2019,Sulfur‐Rich Molybdenum Sulfide as an Anode Coating to Improve Performance of Lithium Metal Batteries
snapshot_2,Topic_metal_sulfide_anodes_2012-2021_Knowledge.txt,87,https://openalex.org/W2805800499,https://doi.org/10.1002/aenm.201800930,2018,CuS Microspheres with Tunable Interlayer Space and Micropore as a High‐Rate and Long‐Life Anode for Sodium‐Ion Batteries
snapshot_2,Topic_metal_sulfide_anodes_2012-2021_Knowledge.txt,88,https://openalex.org/W2772872046,https://doi.org/10.1002/smll.201702648,2017,Metal–Organic Framework‐Derived Materials for Sodium Energy Storage
snapshot_2,Topic_metal_sulfide_anodes_2012-2021_Knowledge.txt,89,https://openalex.org/W2990109303,https://doi.org/10.1039/c9qi01268k,2019,Recent progress on metal–organic framework-derived materials for sodium-ion battery anodes
snapshot_2,Topic_metal_sulfide_anodes_2012-2021_Knowledge.txt,90,https://openalex.org/W2331624691,https://doi.org/10.1021/am4057166,2014,A Lithium-Ion Sulfur Battery Based on a Carbon-Coated Lithium-Sulfide Cathode and an Electrodeposited Silicon-Based Anode
snapshot_2,Topic_metal_sulfide_anodes_2012-2021_Knowledge.txt,91,https://openalex.org/W2620386377,https://doi.org/10.1002/aenm.201700180,2017,Carbon Coated Bimetallic Sulfide Hollow Nanocubes as Advanced Sodium Ion Battery Anode
snapshot_2,Topic_metal_sulfide_anodes_2012-2021_Knowledge.txt,92,https://openalex.org/W2622166976,https://doi.org/10.1021/acsnano.7b03321,2017,ZnS-Sb<sub>2</sub>S<sub>3</sub>@C Core-Double Shell Polyhedron Structure Derived from Metal–Organic Framework as Anodes for High Performance Sodium Ion Batteries
snapshot_2,Topic_metal_sulfide_anodes_2012-2021_Knowledge.txt,93,https://openalex.org/W2965732788,https://doi.org/10.1039/c9nr05594k,2019,Turbostratic carbon-localised FeS<sub>2</sub> nanocrystals as anodes for high-performance sodium-ion batteries
snapshot_2,Topic_metal_sulfide_anodes_2012-2021_Knowledge.txt,94,https://openalex.org/W2991757882,https://doi.org/10.1002/adma.201905524,2019,High‐Energy Interlayer‐Expanded Copper Sulfide Cathode Material in Non‐Corrosive Electrolyte for Rechargeable Magnesium Batteries
snapshot_2,Topic_metal_sulfide_anodes_2012-2021_Knowledge.txt,95,https://openalex.org/W2507243616,https://doi.org/10.1021/acsami.6b07300,2016,Controllable Preparation of Square Nickel Chalcogenide (NiS and NiSe<sub>2</sub>) Nanoplates for Superior Li/Na Ion Storage Properties
snapshot_2,Topic_metal_sulfide_anodes_2012-2021_Knowledge.txt,96,https://openalex.org/W2058584740,https://doi.org/10.1039/c4nr02999b,2014,Graphene-based nanocomposite anodes for lithium-ion batteries
snapshot_2,Topic_metal_sulfide_anodes_2012-2021_Knowledge.txt,97,https://openalex.org/W3080508300,https://doi.org/10.1002/adma.202003534,2020,Toward Rapid‐Charging Sodium‐Ion Batteries using Hybrid‐Phase Molybdenum Sulfide Selenide‐Based Anodes
snapshot_2,Topic_metal_sulfide_anodes_2012-2021_Knowledge.txt,98,https://openalex.org/W2535464862,https://doi.org/10.1021/acs.nanolett.6b03448,2016,High-Energy All-Solid-State Lithium Batteries with Ultralong Cycle Life
snapshot_2,Topic_metal_sulfide_anodes_2012-2021_Knowledge.txt,99,https://openalex.org/W2956716589,https://doi.org/10.1002/anie.201905875,2019,A Four‐Electron Sulfur Electrode Hosting a Cu<sup>2+</sup>/Cu<sup>+</sup> Redox Charge Carrier
snapshot_2,Topic_metal_sulfide_anodes_2012-2021_Knowledge.txt,100,https://openalex.org/W3042782511,https://doi.org/10.3390/electronics9071161,2020,A Comprehensive Review of Li-Ion Battery Materials and Their Recycling Techniques
snapshot_2,Topic_metal_sulfide_anodes_2012-2021_Knowledge.txt,101,https://openalex.org/W1766593087,https://doi.org/10.13016/m2gd2w,2015,Metal Sulfides for High Performance Lithium Ion and Sodium Ion Battery Anodes
snapshot_2,Topic_metal_sulfide_anodes_2012-2021_Knowledge.txt,102,https://openalex.org/W3080945251,https://doi.org/10.1039/d0ma00493f,2020,3D carbon-coated stannous sulfide-molybdenum disulfide anodes for advanced lithium-ion batteries
snapshot_2,Topic_metal_sulfide_anodes_2012-2021_Knowledge.txt,103,https://openalex.org/W3125608320,https://doi.org/10.1021/acs.est.0c06561,2021,The Voltaic Effect as a Novel Mechanism Controlling the Remobilization of Cadmium in Paddy Soils during Drainage
snapshot_2,Topic_metal_sulfide_anodes_2012-2021_Knowledge.txt,104,https://openalex.org/W2899760516,https://doi.org/10.1021/acsnano.8b07319,2018,Mechanistic Origin of the High Performance of Yolk@Shell Bi<sub>2</sub>S<sub>3</sub>@N-Doped Carbon Nanowire Electrodes
snapshot_2,Topic_metal_sulfide_anodes_2012-2021_Knowledge.txt,105,https://openalex.org/W2944312707,https://doi.org/10.1002/adfm.201900392,2019,Solid‐State Plastic Crystal Electrolytes: Effective Protection Interlayers for Sulfide‐Based All‐Solid‐State Lithium Metal Batteries
snapshot_2,Topic_metal_sulfide_anodes_2012-2021_Knowledge.txt,106,https://openalex.org/W2134853496,https://doi.org/10.1039/c4nr00303a,2014,Hierarchical MoS <sub>2</sub> nanosheet/active carbon fiber cloth as a binder-free and free-standing anode for lithium-ion batteries
snapshot_2,Topic_metal_sulfide_anodes_2012-2021_Knowledge.txt,107,https://openalex.org/W3014468613,https://doi.org/10.1002/adma.201908007,2020,Review of Emerging Potassium–Sulfur Batteries
snapshot_2,Topic_metal_sulfide_anodes_2012-2021_Knowledge.txt,108,https://openalex.org/W1968672459,https://doi.org/10.1063/1.3683523,2012,Mechanism for resistive switching in an oxide-based electrochemical metallization memory
snapshot_2,Topic_metal_sulfide_anodes_2012-2021_Knowledge.txt,109,https://openalex.org/W2322001877,https://doi.org/10.1002/adfm.201505074,2016,Effect of the Anion Activity on the Stability of Li Metal Anodes in Lithium‐Sulfur Batteries
snapshot_2,Topic_metal_sulfide_anodes_2012-2021_Knowledge.txt,110,https://openalex.org/W2771984022,N/A,2017,Metal Sulfides as Anode for Lithium Ion and Sodium Ion Battery
snapshot_2,Topic_metal_sulfide_anodes_2012-2021_Knowledge.txt,111,https://openalex.org/W2948585243,https://doi.org/10.1021/acsnano.9b01773,2019,Deeply Nesting Zinc Sulfide Dendrites in Tertiary Hierarchical Structure for Potassium Ion Batteries: Enhanced Conductivity from Interior to Exterior
snapshot_2,Topic_metal_sulfide_anodes_2012-2021_Knowledge.txt,112,https://openalex.org/W2095750601,https://doi.org/10.1002/aenm.201200267,2012,Solid State Enabled Reversible Four Electron Storage
snapshot_2,Topic_metal_sulfide_anodes_2012-2021_Knowledge.txt,113,https://openalex.org/W3093332480,https://doi.org/10.1002/smll.202005023,2020,Structural Engineering of SnS<sub>2</sub>Encapsulated in Carbon Nanoboxes for High‐Performance Sodium/Potassium‐Ion Batteries Anodes
snapshot_2,Topic_metal_sulfide_anodes_2012-2021_Knowledge.txt,114,https://openalex.org/W2886983906,https://doi.org/10.1002/eem2.12009,2018,Nanostructured Anode Materials for Non‐aqueous Lithium Ion Hybrid Capacitors
snapshot_2,Topic_metal_sulfide_anodes_2012-2021_Knowledge.txt,115,https://openalex.org/W2946310913,https://doi.org/10.1002/adfm.201901925,2019,Constructing CoO/Co<sub>3</sub>S<sub>4</sub> Heterostructures Embedded in N‐doped Carbon Frameworks for High‐Performance Sodium‐Ion Batteries
snapshot_2,Topic_metal_sulfide_anodes_2012-2021_Knowledge.txt,116,https://openalex.org/W2792698588,https://doi.org/10.1002/smll.201704517,2018,Mesoporous Hollow Sb/ZnS@C Core–Shell Heterostructures as Anodes for High‐Performance Sodium‐Ion Batteries
snapshot_2,Topic_metal_sulfide_anodes_2012-2021_Knowledge.txt,117,https://openalex.org/W2152203113,https://doi.org/10.1039/c5ra15108b,2015,ZnS nanoparticles embedded in porous carbon matrices as anode materials for lithium ion batteries
snapshot_2,Topic_metal_sulfide_anodes_2012-2021_Knowledge.txt,118,https://openalex.org/W3019685217,https://doi.org/10.1021/acsnano.0c01681,2020,Boosting Potassium Storage Performance of the Cu<sub>2</sub>S Anode <i>via</i> Morphology Engineering and Electrolyte Chemistry
snapshot_2,Topic_metal_sulfide_anodes_2012-2021_Knowledge.txt,119,https://openalex.org/W2989146552,https://doi.org/10.3390/nano9111638,2019,"V3S4 Nanosheets Anchored on N, S Co-Doped Graphene with Pseudocapacitive Effect for Fast and Durable Lithium Storage"
snapshot_2,Topic_metal_sulfide_anodes_2012-2021_Knowledge.txt,120,https://openalex.org/W1856596099,https://doi.org/10.1002/admi.201500467,2015,Flexible Electrospun Carbon Nanofiber@NiS Core/Sheath Hybrid Membranes as Binder‐Free Anodes for Highly Reversible Lithium Storage
snapshot_2,Topic_metal_sulfide_anodes_2012-2021_Knowledge.txt,121,https://openalex.org/W2908680886,https://doi.org/10.1002/adfm.201807971,2019,Heterostructured Nanocube‐Shaped Binary Sulfide (SnCo)S<sub>2</sub> Interlaced with S‐Doped Graphene as a High‐Performance Anode for Advanced Na<sup>+</sup> Batteries
snapshot_2,Topic_metal_sulfide_anodes_2012-2021_Knowledge.txt,122,https://openalex.org/W3208653482,https://doi.org/10.1002/cssc.202101898,2021,Research Progress of Oxygen Evolution Reaction Catalysts for Electrochemical Water Splitting
snapshot_2,Topic_metal_sulfide_anodes_2012-2021_Knowledge.txt,123,https://openalex.org/W2200133427,https://doi.org/10.1002/aenm.201501355,2015,"High‐Performance Lithium‐Sulfur Batteries with a Self‐Supported, 3D Li<sub>2</sub>S‐Doped Graphene Aerogel Cathodes"
snapshot_2,Topic_metal_sulfide_anodes_2012-2021_Knowledge.txt,124,https://openalex.org/W2884030435,https://doi.org/10.1002/aenm.201801452,2018,Reliable and General Route to Inverse Opal Structured Nanohybrids of Carbon‐Confined Transition Metal Sulfides Quantum Dots for High‐Performance Sodium Storage
snapshot_2,Topic_metal_sulfide_anodes_2012-2021_Knowledge.txt,125,https://openalex.org/W2976622623,https://doi.org/10.1007/s40820-019-0311-z,2019,Boosting Sodium Storage of Fe1−xS/MoS2 Composite via Heterointerface Engineering
snapshot_2,Topic_metal_sulfide_anodes_2012-2021_Knowledge.txt,126,https://openalex.org/W3174283200,https://doi.org/10.1002/adfm.202103912,2021,"Energy Storage Mechanism, Challenge and Design Strategies of Metal Sulfides for Rechargeable Sodium/Potassium‐Ion Batteries"
snapshot_2,Topic_metal_sulfide_anodes_2012-2021_Knowledge.txt,127,https://openalex.org/W2963931981,https://doi.org/10.1002/adfm.201902539,2019,Shape‐Assisted 2D MOF/Graphene Derived Hybrids as Exceptional Lithium‐Ion Battery Electrodes
snapshot_2,Topic_metal_sulfide_anodes_2012-2021_Knowledge.txt,128,https://openalex.org/W2149271881,https://doi.org/10.1021/nn404601h,2013,<i>In Situ</i> Formed Lithium Sulfide/Microporous Carbon Cathodes for Lithium-Ion Batteries
snapshot_2,Topic_metal_sulfide_anodes_2012-2021_Knowledge.txt,129,https://openalex.org/W3217396523,https://doi.org/10.31635/ccschem.021.202101451,2021,Recent Applications of Homogeneous Catalysis in Electrochemical Organic Synthesis
snapshot_2,Topic_metal_sulfide_anodes_2012-2021_Knowledge.txt,130,https://openalex.org/W2790706681,https://doi.org/10.1021/acsnano.8b00118,2018,Unusual Na<sup>+</sup> Ion Intercalation/Deintercalation in Metal-Rich Cu<sub>1.8</sub>S for Na-Ion Batteries
snapshot_2,Topic_metal_sulfide_anodes_2012-2021_Knowledge.txt,131,https://openalex.org/W2054179366,https://doi.org/10.1039/c5nr00398a,2015,Pyrite (FeS<sub>2</sub>) nanocrystals as inexpensive high-performance lithium-ion cathode and sodium-ion anode materials
snapshot_2,Topic_metal_sulfide_anodes_2012-2021_Knowledge.txt,132,https://openalex.org/W3194845170,https://doi.org/10.1021/acs.accounts.1c00333,2021,Issues and Advances in Scaling up Sulfide-Based All-Solid-State Batteries
snapshot_2,Topic_metal_sulfide_anodes_2012-2021_Knowledge.txt,133,https://openalex.org/W3137757244,https://doi.org/10.1021/acsnano.0c10121,2021,Covalent Coupling-Stabilized Transition-Metal Sulfide/Carbon Nanotube Composites for Lithium/Sodium-Ion Batteries
snapshot_2,Topic_metal_sulfide_anodes_2012-2021_Knowledge.txt,134,https://openalex.org/W2792285372,https://doi.org/10.1002/adfm.201800154,2018,"Toward High Performance Lithium–Sulfur Batteries Based on Li<sub>2</sub>S Cathodes and Beyond: Status, Challenges, and Perspectives"
snapshot_2,Topic_metal_sulfide_anodes_2012-2021_Knowledge.txt,135,https://openalex.org/W3215199669,https://doi.org/10.1002/smll.202105310,2021,Ultrafast and Ultrastable Heteroarchitectured Porous Nanocube Anode Composed of CuS/FeS<sub>2</sub> Embedded in Nitrogen‐Doped Carbon for Use in Sodium‐Ion Batteries
snapshot_2,Topic_metal_sulfide_anodes_2012-2021_Knowledge.txt,136,https://openalex.org/W2786658823,https://doi.org/10.1039/c7nr09424h,2018,Phase and composition controlled synthesis of cobalt sulfide hollow nanospheres for electrocatalytic water splitting
snapshot_2,Topic_metal_sulfide_anodes_2012-2021_Knowledge.txt,137,https://openalex.org/W3203654573,https://doi.org/10.1002/adfm.202105776,2021,High Current Density and Long Cycle Life Enabled by Sulfide Solid Electrolyte and Dendrite‐Free Liquid Lithium Anode
snapshot_2,Topic_metal_sulfide_anodes_2012-2021_Knowledge.txt,138,https://openalex.org/W3089985491,https://doi.org/10.1016/j.mset.2020.09.005,2020,Recent advances on hydrogen production through seawater electrolysis
snapshot_2,Topic_metal_sulfide_anodes_2012-2021_Knowledge.txt,139,https://openalex.org/W2972592658,https://doi.org/10.1002/aenm.201902422,2019,Rechargeable Iron–Sulfur Battery without Polysulfide Shuttling
snapshot_2,Topic_metal_sulfide_anodes_2012-2021_Knowledge.txt,140,https://openalex.org/W2889284776,https://doi.org/10.1039/c8ta06995f,2018,<i>In situ</i> formation of NaTi<sub>2</sub>(PO<sub>4</sub>)<sub>3</sub> cubes on Ti<sub>3</sub>C<sub>2</sub> MXene for dual-mode sodium storage
snapshot_2,Topic_metal_sulfide_anodes_2012-2021_Knowledge.txt,141,https://openalex.org/W2921132430,https://doi.org/10.1002/anie.201901840,2019,Hierarchical Metal Sulfide/Carbon Spheres: A Generalized Synthesis and High Sodium‐Storage Performance
snapshot_2,Topic_metal_sulfide_anodes_2012-2021_Knowledge.txt,142,https://openalex.org/W3112189366,https://doi.org/10.1002/aenm.202002545,2020,Sustained Release‐Driven Formation of Ultrastable SEI between Li<sub>6</sub>PS<sub>5</sub>Cl and Lithium Anode for Sulfide‐Based Solid‐State Batteries
snapshot_2,Topic_metal_sulfide_anodes_2012-2021_Knowledge.txt,143,https://openalex.org/W3092797782,https://doi.org/10.1021/acsenergylett.0c01905,2020,Processing Strategies to Improve Cell-Level Energy Density of Metal Sulfide Electrolyte-Based All-Solid-State Li Metal Batteries and Beyond
snapshot_2,Topic_metal_sulfide_anodes_2012-2021_Knowledge.txt,144,https://openalex.org/W3175405572,https://doi.org/10.1002/aesr.202100066,2021,Highly Cyclable All‐Solid‐State Battery with Deposition‐Type Lithium Metal Anode Based on Thin Carbon Black Layer
snapshot_2,Topic_metal_sulfide_anodes_2012-2021_Knowledge.txt,145,https://openalex.org/W2485230496,https://doi.org/10.1039/c6sc02716d,2016,Greigite Fe<sub>3</sub>S<sub>4</sub> as a new anode material for high-performance sodium-ion batteries
snapshot_2,Topic_metal_sulfide_anodes_2012-2021_Knowledge.txt,146,https://openalex.org/W2098961116,https://doi.org/10.1039/c3ta14562j,2014,One-step synthesis of Ni3S2 nanoparticles wrapped with in situ generated nitrogen-self-doped graphene sheets with highly improved electrochemical properties in Li-ion batteries
snapshot_2,Topic_metal_sulfide_anodes_2012-2021_Knowledge.txt,147,https://openalex.org/W3201227950,https://doi.org/10.1021/acs.nanolett.1c02655,2021,Using a Chloride-Free Magnesium Battery Electrolyte to Form a Robust Anode–Electrolyte Nanointerface
snapshot_2,Topic_metal_sulfide_anodes_2012-2021_Knowledge.txt,148,https://openalex.org/W2229521904,https://doi.org/10.1039/c5cp07541f,2016,NiCo<sub>2</sub>S<sub>4</sub> nanotube arrays grown on flexible nitrogen-doped carbon foams as three-dimensional binder-free integrated anodes for high-performance lithium-ion batteries
snapshot_2,Topic_metal_sulfide_anodes_2012-2021_Knowledge.txt,149,https://openalex.org/W3045711218,https://doi.org/10.1007/s12598-020-01492-4,2020,Recent progress on FeS <sub>2</sub> as anodes for metal‐ion batteries
snapshot_2,Topic_metal_sulfide_anodes_2012-2021_Knowledge.txt,150,https://openalex.org/W1122611613,https://doi.org/10.1021/acsami.5b05509,2015,One-Dimensional Rod-Like Sb<sub>2</sub>S<sub>3</sub>-Based Anode for High-Performance Sodium-Ion Batteries
snapshot_2,Topic_metal_sulfide_anodes_2012-2021_Knowledge.txt,151,https://openalex.org/W2386449273,https://doi.org/10.1021/acsami.5b11803,2016,Li<sub>2</sub>S Film Formation on Lithium Anode Surface of Li–S batteries
snapshot_2,Topic_metal_sulfide_anodes_2012-2021_Knowledge.txt,152,https://openalex.org/W2905476207,https://doi.org/10.1088/1361-6463/aaf7e2,2018,Recent progress for all solid state battery using sulfide and oxide solid electrolytes
snapshot_2,Topic_metal_sulfide_anodes_2012-2021_Knowledge.txt,153,https://openalex.org/W2883064411,https://doi.org/10.1002/advs.201800613,2018,Conductivity and Pseudocapacitance Optimization of Bimetallic Antimony–Indium Sulfide Anodes for Sodium‐Ion Batteries with Favorable Kinetics
snapshot_2,Topic_metal_sulfide_anodes_2012-2021_Knowledge.txt,154,https://openalex.org/W2889253119,https://doi.org/10.1002/smll.201802716,2018,SnS<sub>2</sub> Nanosheets Coating on Nanohollow Cubic CoS<sub>2</sub>/C for Ultralong Life and High Rate Capability Half/Full Sodium‐Ion Batteries
snapshot_2,Topic_metal_sulfide_anodes_2012-2021_Knowledge.txt,155,https://openalex.org/W3115011923,https://doi.org/10.1002/aesr.202000057,2020,Progress and Challenges for All‐Solid‐State Sodium Batteries
snapshot_2,Topic_metal_sulfide_anodes_2012-2021_Knowledge.txt,156,https://openalex.org/W3188063978,https://doi.org/10.1021/acsami.1c08801,2021,Bimetallic Sulfide SnS<sub>2</sub>/FeS<sub>2</sub> Nanosheets as High-Performance Anode Materials for Sodium-Ion Batteries
snapshot_2,Topic_metal_sulfide_anodes_2012-2021_Knowledge.txt,157,https://openalex.org/W2790905261,https://doi.org/10.1002/anie.201712907,2018,Fluoroethylene Carbonate Enabling a Robust LiF‐rich Solid Electrolyte Interphase to Enhance the Stability of the MoS<sub>2</sub> Anode for Lithium‐Ion Storage
snapshot_2,Topic_metal_sulfide_anodes_2012-2021_Knowledge.txt,158,https://openalex.org/W2551201640,https://doi.org/10.1002/aenm.201601602,2016,"Amorphous MoS<sub>3</sub> Infiltrated with Carbon Nanotubes as an Advanced Anode Material of Sodium‐Ion Batteries with Large Gravimetric, Areal, and Volumetric Capacities"
snapshot_2,Topic_metal_sulfide_anodes_2012-2021_Knowledge.txt,159,https://openalex.org/W2923061140,https://doi.org/10.1149/2.0351906jes,2019,Editors' Choice—Understanding Chemical Stability Issues between Different Solid Electrolytes in All-Solid-State Batteries
snapshot_2,Topic_metal_sulfide_anodes_2012-2021_Knowledge.txt,160,https://openalex.org/W2971917270,https://doi.org/10.1002/aenm.201902312,2019,Synthesis and Operando Sodiation Mechanistic Study of Nitrogen‐Doped Porous Carbon Coated Bimetallic Sulfide Hollow Nanocubes as Advanced Sodium Ion Battery Anode
snapshot_2,Topic_metal_sulfide_anodes_2012-2021_Knowledge.txt,161,https://openalex.org/W2125168006,https://doi.org/10.1002/anie.201410890,2014,Liquid‐Phase Epitaxial Growth of Two‐Dimensional Semiconductor Hetero‐nanostructures
snapshot_2,Topic_metal_sulfide_anodes_2012-2021_Knowledge.txt,162,https://openalex.org/W2787926068,https://doi.org/10.1021/acsami.7b19138,2018,Controllable Electrochemical Synthesis of Copper Sulfides as Sodium-Ion Battery Anodes with Superior Rate Capability and Ultralong Cycle Life
snapshot_2,Topic_metal_sulfide_anodes_2012-2021_Knowledge.txt,163,https://openalex.org/W2886152964,https://doi.org/10.1021/acsami.8b08237,2018,Fe<sub>7</sub>S<sub>8</sub> Nanoparticles Anchored on Nitrogen-Doped Graphene Nanosheets as Anode Materials for High-Performance Sodium-Ion Batteries
snapshot_2,Topic_metal_sulfide_anodes_2012-2021_Knowledge.txt,164,https://openalex.org/W2802435364,https://doi.org/10.1021/acsami.8b03059,2018,Highly Porous FeS/Carbon Fibers Derived from Fe-Carrageenan Biomass: High-capacity and Durable Anodes for Sodium-Ion Batteries
snapshot_2,Topic_metal_sulfide_anodes_2012-2021_Knowledge.txt,165,https://openalex.org/W1991543397,https://doi.org/10.1002/adfm.201401002,2014,Gallium Sulfide–Single‐Walled Carbon Nanotube Composites: High‐Performance Anodes for Lithium‐Ion Batteries
snapshot_2,Topic_metal_sulfide_anodes_2012-2021_Knowledge.txt,166,https://openalex.org/W2474247763,https://doi.org/10.1002/chem.201601478,2016,Nitrogen‐Doped Carbon Embedded MoS<sub>2</sub> Microspheres as Advanced Anodes for Lithium‐ and Sodium‐Ion Batteries
snapshot_2,Topic_metal_sulfide_anodes_2012-2021_Knowledge.txt,167,https://openalex.org/W2972540138,https://doi.org/10.1039/c9nr05670j,2019,A new high-capacity and safe energy storage system: lithium-ion sulfur batteries
snapshot_2,Topic_metal_sulfide_anodes_2012-2021_Knowledge.txt,168,https://openalex.org/W3192949911,https://doi.org/10.1149/1945-7111/ac163d,2021,Operando Analysis of Interphase Dynamics in Anode-Free Solid-State Batteries with Sulfide Electrolytes
snapshot_2,Topic_metal_sulfide_anodes_2012-2021_Knowledge.txt,169,https://openalex.org/W3016169319,https://doi.org/10.1002/adfm.202001118,2020,Gradiently Sodiated Alucone as an Interfacial Stabilizing Strategy for Solid‐State Na Metal Batteries
snapshot_2,Topic_metal_sulfide_anodes_2012-2021_Knowledge.txt,170,https://openalex.org/W2935881471,https://doi.org/10.1002/smtd.201900081,2019,Engineering Ultrathin MoS<sub>2</sub> Nanosheets Anchored on N‐Doped Carbon Microspheres with Pseudocapacitive Properties for High‐Performance Lithium‐Ion Capacitors
snapshot_2,Topic_metal_sulfide_anodes_2012-2021_Knowledge.txt,171,https://openalex.org/W2912317463,https://doi.org/10.1021/acs.chemmater.8b03420,2019,Electrochemical Redox Behavior of Li Ion Conducting Sulfide Solid Electrolytes
snapshot_2,Topic_metal_sulfide_anodes_2012-2021_Knowledge.txt,172,https://openalex.org/W1561170361,https://doi.org/10.1179/17535557a15y.000000007,2015,Nanowire interwoven NiCo<sub>2</sub>S<sub>4</sub>nanowall arrays as promising anodes for lithium ion batteries
snapshot_2,Topic_metal_sulfide_anodes_2012-2021_Knowledge.txt,173,https://openalex.org/W2404133518,https://doi.org/10.1021/acsami.6b01003,2016,In Situ Fabrication of CoS and NiS Nanomaterials Anchored on Reduced Graphene Oxide for Reversible Lithium Storage
snapshot_2,Topic_metal_sulfide_anodes_2012-2021_Knowledge.txt,174,https://openalex.org/W3152862197,https://doi.org/10.1002/advs.202004204,2021,Epitaxial Growth of Nanostructured Li<sub>2</sub>Se on Lithium Metal for All Solid‐State Batteries
snapshot_2,Topic_metal_sulfide_anodes_2012-2021_Knowledge.txt,175,https://openalex.org/W3165102668,https://doi.org/10.1039/d1nr02133h,2021,Ultrahigh-rate nickel monosulfide anodes for sodium/potassium-ion storage
snapshot_2,Topic_metal_sulfide_anodes_2012-2021_Knowledge.txt,176,https://openalex.org/W2064769551,https://doi.org/10.1039/c4nr01553c,2014,Pre-lithiation of onion-like carbon/MoS<sub>2</sub>nano-urchin anodes for high-performance rechargeable lithium ion batteries
snapshot_2,Topic_metal_sulfide_anodes_2012-2021_Knowledge.txt,177,https://openalex.org/W3202665581,https://doi.org/10.1002/adfm.202106680,2021,"A Self‐Healable Sulfide/Polymer Composite Electrolyte for Long‐Life, Low‐Lithium‐Excess Lithium‐Metal Batteries"
snapshot_2,Topic_metal_sulfide_anodes_2012-2021_Knowledge.txt,178,https://openalex.org/W2763770968,https://doi.org/10.1021/acsami.7b11192,2017,Amorphous Phosphorus-Incorporated Cobalt Molybdenum Sulfide on Carbon Cloth: An Efficient and Stable Electrocatalyst for Enhanced Overall Water Splitting over Entire pH Values
snapshot_2,Topic_metal_sulfide_anodes_2012-2021_Knowledge.txt,179,https://openalex.org/W3196072305,https://doi.org/10.1002/adma.202103881,2021,A Pyrite Iron Disulfide Cathode with a Copper Current Collector for High‐Energy Reversible Magnesium‐Ion Storage
snapshot_2,Topic_metal_sulfide_anodes_2012-2021_Knowledge.txt,180,https://openalex.org/W2931899782,https://doi.org/10.1016/j.jechem.2019.03.012,2019,Boosting redox activity on MXene-induced multifunctional collaborative interface in high Li2S loading cathode for high-energy Li-S and metallic Li-free rechargeable batteries
snapshot_2,Topic_metal_sulfide_anodes_2012-2021_Knowledge.txt,181,https://openalex.org/W2317928902,https://doi.org/10.1021/am4056084,2014,In Situ Transmission Electron Microscopy Observation of Electrochemical Behavior of CoS<sub>2</sub> in Lithium-Ion Battery
snapshot_2,Topic_metal_sulfide_anodes_2012-2021_Knowledge.txt,182,https://openalex.org/W2788043195,https://doi.org/10.1021/acssuschemeng.7b04663,2018,"Traditional NiCo<sub>2</sub>S<sub>4</sub> Phase with Porous Nanosheets Array Topology on Carbon Cloth: A Flexible, Versatile and Fabulous Electrocatalyst for Overall Water and Urea Electrolysis"
snapshot_2,Topic_metal_sulfide_anodes_2012-2021_Knowledge.txt,183,https://openalex.org/W3062160806,https://doi.org/10.1002/smll.202001806,2020,Rechargeable Calcium–Sulfur Batteries Enabled by an Efficient Borate‐Based Electrolyte
snapshot_2,Topic_metal_sulfide_anodes_2012-2021_Knowledge.txt,184,https://openalex.org/W2978961433,https://doi.org/10.1002/adfm.201903454,2019,Hierarchical NiS<sub>2</sub> Modified with Bifunctional Carbon for Enhanced Potassium‐Ion Storage
snapshot_2,Topic_metal_sulfide_anodes_2012-2021_Knowledge.txt,185,https://openalex.org/W2149493517,https://doi.org/10.1149/2.086309jes,2013,An All-Solid-State Li-Ion Battery with a Pre-Lithiated Si-Ti-Ni Alloy Anode
snapshot_2,Topic_metal_sulfide_anodes_2012-2021_Knowledge.txt,186,https://openalex.org/W2593720910,https://doi.org/10.1007/s10832-017-0071-4,2017,Ion dynamics in solid electrolytes for lithium batteries
snapshot_2,Topic_metal_sulfide_anodes_2012-2021_Knowledge.txt,187,https://openalex.org/W2483412758,https://doi.org/10.1002/celc.201600183,2016,NiCo<sub>2</sub>S<sub>4</sub> Nanosheets Grown on 3D Networks of Nitrogen‐Doped Graphene/Carbon Nanotubes: Advanced Anode Materials for Lithium‐Ion Batteries
snapshot_2,Topic_metal_sulfide_anodes_2012-2021_Knowledge.txt,188,https://openalex.org/W2995365768,https://doi.org/10.1002/aenm.201902657,2019,"SnO<sub>2</sub> as Advanced Anode of Alkali‐Ion Batteries: Inhibiting Sn Coarsening by Crafting Robust Physical Barriers, Void Boundaries, and Heterophase Interfaces for Superior Electrochemical Reaction Reversibility"
snapshot_2,Topic_metal_sulfide_anodes_2012-2021_Knowledge.txt,189,https://openalex.org/W2793031537,https://doi.org/10.1021/acsami.8b00632,2018,In Situ Synthesis of CuCo<sub>2</sub>S<sub>4</sub>@N/S-Doped Graphene Composites with Pseudocapacitive Properties for High-Performance Lithium-Ion Batteries
snapshot_2,Topic_metal_sulfide_anodes_2012-2021_Knowledge.txt,190,https://openalex.org/W2889421387,https://doi.org/10.1021/acsami.8b11244,2018,LiI-Doped Sulfide Solid Electrolyte: Enabling a High-Capacity Slurry-Cast Electrode by Low-Temperature Post-Sintering for Practical All-Solid-State Lithium Batteries
snapshot_2,Topic_metal_sulfide_anodes_2012-2021_Knowledge.txt,191,https://openalex.org/W2753232665,https://doi.org/10.1039/c7nr06044k,2017,Scalable synthesis of SnS<sub>2</sub>/S-doped graphene composites for superior Li/Na-ion batteries
snapshot_2,Topic_metal_sulfide_anodes_2012-2021_Knowledge.txt,192,https://openalex.org/W2781103706,https://doi.org/10.1002/advs.201700772,2017,Hollow TiO<sub>2</sub>@Co<sub>9</sub>S<sub>8</sub> Core–Branch Arrays as Bifunctional Electrocatalysts for Efficient Oxygen/Hydrogen Production
snapshot_2,Topic_metal_sulfide_anodes_2012-2021_Knowledge.txt,193,https://openalex.org/W2081217929,https://doi.org/10.1039/c4ta04995k,2014,Origin of non-SEI related coulombic efficiency loss in carbons tested against Na and Li
snapshot_2,Topic_metal_sulfide_anodes_2012-2021_Knowledge.txt,194,https://openalex.org/W2997424469,https://doi.org/10.1016/j.jmat.2019.12.010,2019,High-conductivity free-standing Li6PS5Cl/poly(vinylidene difluoride) composite solid electrolyte membranes for lithium-ion batteries
snapshot_2,Topic_metal_sulfide_anodes_2012-2021_Knowledge.txt,195,https://openalex.org/W2921999336,https://doi.org/10.1002/adma.201900526,2019,Progressively Exposing Active Facets of 2D Nanosheets toward Enhanced Pseudocapacitive Response and High‐Rate Sodium Storage
snapshot_2,Topic_metal_sulfide_anodes_2012-2021_Knowledge.txt,196,https://openalex.org/W2963898484,https://doi.org/10.1021/acsami.9b07219,2019,Excellent Electrolyte Wettability and High Energy Density of B<sub>2</sub>S as a Two-Dimensional Dirac Anode for Non-Lithium-Ion Batteries
snapshot_2,Topic_metal_sulfide_anodes_2012-2021_Knowledge.txt,197,https://openalex.org/W3025501455,https://doi.org/10.1002/advs.202000237,2020,Improving the Interfacial Stability between Lithium and Solid‐State Electrolyte via Dipole‐Structured Lithium Layer Deposited on Graphene Oxide
snapshot_2,Topic_metal_sulfide_anodes_2012-2021_Knowledge.txt,198,https://openalex.org/W3081091687,https://doi.org/10.1021/acsami.0c08261,2020,Stable and Flexible Sulfide Composite Electrolyte for High-Performance Solid-State Lithium Batteries
snapshot_2,Topic_metal_sulfide_anodes_2012-2021_Knowledge.txt,199,https://openalex.org/W3164750315,https://doi.org/10.1021/acsaem.1c00271,2021,Rational Design of the CoS/Co<sub>9</sub>S<sub>8</sub>@NC Composite Enabling High-Rate Sodium-Ion Storage
snapshot_2,Topic_metal_sulfide_anodes_2012-2021_Knowledge.txt,200,https://openalex.org/W3038073486,https://doi.org/10.1021/acsaem.0c00984,2020,Eco-Friendly Synthesis of Self-Supported N-Doped Sb<sub>2</sub>S<sub>3</sub>-Carbon Fibers with High Atom Utilization and Zero Discharge for Commercial Full Lithium-Ion Batteries
snapshot_2,Topic_metal_sulfide_anodes_2012-2021_Knowledge.txt,201,https://openalex.org/W2516878498,https://doi.org/10.1007/s12274-016-1198-3,2016,Stabilizing nickel sulfide nanoparticles with an ultrathin carbon layer for improved cycling performance in sodium ion batteries
snapshot_2,Topic_metal_sulfide_anodes_2012-2021_Knowledge.txt,202,https://openalex.org/W2942825138,https://doi.org/10.1021/acsaem.9b00338,2019,Binder-Free Hierarchical Urchin-like Manganese–Cobalt Selenide with High Electrochemical Energy Storage Performance
snapshot_2,Topic_metal_sulfide_anodes_2012-2021_Knowledge.txt,203,https://openalex.org/W3129406022,https://doi.org/10.1002/adma.202007090,2021,Efficient Reversible Conversion between MoS<sub>2</sub> and Mo/Na<sub>2</sub>S Enabled by Graphene‐Supported Single Atom Catalysts
snapshot_2,Topic_metal_sulfide_anodes_2012-2021_Knowledge.txt,204,https://openalex.org/W2944609405,https://doi.org/10.1021/acsami.9b05134,2019,In Situ Formation of Co<sub>9</sub>S<sub>8</sub> Nanoclusters in Sulfur-Doped Carbon Foam as a Sustainable and High-Rate Sodium-Ion Anode
snapshot_2,Topic_metal_sulfide_anodes_2012-2021_Knowledge.txt,205,https://openalex.org/W2997209319,https://doi.org/10.1021/acsami.9b18931,2020,In Situ-Formed Hollow Cobalt Sulfide Wrapped by Reduced Graphene Oxide as an Anode for High-Performance Lithium-Ion Batteries
snapshot_2,Topic_metal_sulfide_anodes_2012-2021_Knowledge.txt,206,https://openalex.org/W2954358954,https://doi.org/10.1021/acsaem.9b00632,2019,Trimetallic Hybrid Sulfides Embedded in Nitrogen-Doped Carbon Nanocubes as an Advanced Sodium-Ion Battery Anode
snapshot_2,Topic_metal_sulfide_anodes_2012-2021_Knowledge.txt,207,https://openalex.org/W3134689669,https://doi.org/10.1021/acssuschemeng.1c00037,2021,Universal Strategy of Bimetal Heterostructures as Superior Bifunctional Catalysts for Electrochemical Water Splitting
snapshot_2,Topic_metal_sulfide_anodes_2012-2021_Knowledge.txt,208,https://openalex.org/W2763882779,https://doi.org/10.1021/acssuschemeng.7b01692,2017,Conversion Reaction of Copper Sulfide Based Nanohybrids for Sodium-Ion Batteries
snapshot_2,Topic_metal_sulfide_anodes_2012-2021_Knowledge.txt,209,https://openalex.org/W3106030687,https://doi.org/10.1021/acsami.0c13835,2020,Artificial Lithium Isopropyl-Sulfide Macromolecules as an Ion-Selective Interface for Long-Life Lithium–Sulfur Batteries
snapshot_2,Topic_metal_sulfide_anodes_2012-2021_Knowledge.txt,210,https://openalex.org/W2185661410,https://doi.org/10.1039/c5ra19116e,2015,Recovery of solid sulfur from hydrogen sulfide gas by an electrochemical membrane cell
snapshot_2,Topic_metal_sulfide_anodes_2012-2021_Knowledge.txt,211,https://openalex.org/W3133419723,https://doi.org/10.1002/cey2.101,2021,Manipulating metal–sulfur interactions for achieving high‐performance S cathodes for room temperature Li/Na–sulfur batteries
snapshot_2,Topic_metal_sulfide_anodes_2012-2021_Knowledge.txt,212,https://openalex.org/W1901595504,https://doi.org/10.1039/c5nr03334a,2015,Facile synthesis of 3D few-layered MoS<sub>2</sub>coated TiO<sub>2</sub>nanosheet core–shell nanostructures for stable and high-performance lithium-ion batteries
snapshot_2,Topic_metal_sulfide_anodes_2012-2021_Knowledge.txt,213,https://openalex.org/W3166079465,https://doi.org/10.1021/acs.chemmater.1c00270,2021,Investigation of the Suppression of Dendritic Lithium Growth with a Lithium-Iodide-Containing Solid Electrolyte
snapshot_2,Topic_metal_sulfide_anodes_2012-2021_Knowledge.txt,214,https://openalex.org/W3042202421,https://doi.org/10.1021/acssuschemeng.0c03273,2020,Rational Design of N-Doped CuS@C Nanowires toward High-Performance Half/Full Sodium-Ion Batteries
snapshot_2,Topic_metal_sulfide_anodes_2012-2021_Knowledge.txt,215,https://openalex.org/W3178449407,https://doi.org/10.1002/adfm.202101985,2021,A Self‐Limited Free‐Standing Sulfide Electrolyte Thin Film for All‐Solid‐State Lithium Metal Batteries
snapshot_2,Topic_metal_sulfide_anodes_2012-2021_Knowledge.txt,216,https://openalex.org/W2605348060,https://doi.org/10.1002/chem.201700881,2017,In Situ Formation of Co<sub>9</sub>S<sub>8</sub>/N‐C Hollow Nanospheres by Pyrolysis and Sulfurization of ZIF‐67 for High‐Performance Lithium‐Ion Batteries
snapshot_2,Topic_metal_sulfide_anodes_2012-2021_Knowledge.txt,217,https://openalex.org/W2922373920,https://doi.org/10.1021/acsami.9b02978,2019,"Kirkendall Growth and Ostwald Ripening Induced Hierarchical Morphology of Ni–Co LDH/MMoS<i><sub>x</sub></i> (M = Co, Ni, and Zn) Heteronanostructures as Advanced Electrode Materials for Asymmetric Solid-State Supercapacitors"
snapshot_2,Topic_metal_sulfide_anodes_2012-2021_Knowledge.txt,218,https://openalex.org/W2883647225,https://doi.org/10.1021/acsami.8b05688,2018,One-Dimensional Integrated MnS@Carbon Nanoreactors Hybrid: An Alternative Anode for Full-Cell Li-Ion and Na-Ion Batteries
snapshot_2,Topic_metal_sulfide_anodes_2012-2021_Knowledge.txt,219,https://openalex.org/W3096445495,https://doi.org/10.1002/smtd.202000637,2020,Metal–Organic Framework Derived Fe<sub>7</sub>S<sub>8</sub> Nanoparticles Embedded in Heteroatom‐Doped Carbon with Lithium and Sodium Storage Capability
snapshot_2,Topic_metal_sulfide_anodes_2012-2021_Knowledge.txt,220,https://openalex.org/W2076040170,https://doi.org/10.1038/srep04673,2014,In situ catalytic growth of large-area multilayered graphene/MoS2 heterostructures
snapshot_2,Topic_metal_sulfide_anodes_2012-2021_Knowledge.txt,221,https://openalex.org/W3205731553,https://doi.org/10.1002/adma.202104427,2021,Versatile Preparation of Mesoporous Single‐Layered Transition‐Metal Sulfide/Carbon Composites for Enhanced Sodium Storage
snapshot_2,Topic_metal_sulfide_anodes_2012-2021_Knowledge.txt,222,https://openalex.org/W2041061554,https://doi.org/10.1039/c4nr01184h,2014,Designing nitrogen-enriched echinus-like carbon capsules for highly efficient oxygen reduction reaction and lithium ion storage
snapshot_2,Topic_metal_sulfide_anodes_2012-2021_Knowledge.txt,223,https://openalex.org/W2977073929,https://doi.org/10.1002/ente.201900987,2019,Facile Synthesis of Copper Sulfide Nanosheet@Graphene Oxide for the Anode of Potassium‐Ion Batteries
snapshot_2,Topic_metal_sulfide_anodes_2012-2021_Knowledge.txt,224,https://openalex.org/W2911926113,https://doi.org/10.1021/acssuschemeng.8b05904,2019,Rational Combination of an Alabandite MnS Laminated Pyrrhotite Fe<sub>1–<i>x</i></sub>S Nanocomposite as a Superior Anode Material for High Performance Sodium-Ion Battery
snapshot_2,Topic_metal_sulfide_anodes_2012-2021_Knowledge.txt,225,https://openalex.org/W3080830153,https://doi.org/10.1021/acsami.0c11683,2020,Silicon-Doped Argyrodite Solid Electrolyte Li<sub>6</sub>PS<sub>5</sub>I with Improved Ionic Conductivity and Interfacial Compatibility for High-Performance All-Solid-State Lithium Batteries
snapshot_2,Topic_metal_sulfide_anodes_2012-2021_Knowledge.txt,226,https://openalex.org/W2064809419,https://doi.org/10.1039/c3cp53154f,2013,Facile one-pot synthesis of spherical zinc sulfide–carbon nanocomposite powders with superior electrochemical properties as anode materials for Li-ion batteries
snapshot_2,Topic_metal_sulfide_anodes_2012-2021_Knowledge.txt,227,https://openalex.org/W2570166109,https://doi.org/10.1016/j.mattod.2016.10.002,2017,Recent development of two-dimensional transition metal dichalcogenides and their applications
snapshot_2,Topic_metal_sulfide_anodes_2012-2021_Knowledge.txt,228,https://openalex.org/W2909202470,https://doi.org/10.1007/s12274-019-2278-y,2019,Spindle-like Fe7S8/N-doped carbon nanohybrids for high-performance sodium ion battery anodes
snapshot_2,Topic_metal_sulfide_anodes_2012-2021_Knowledge.txt,229,https://openalex.org/W2908202603,https://doi.org/10.1021/acs.inorgchem.8b02897,2019,Resorcinol–Formaldehyde Resin-Coated Prussian Blue Core–Shell Spheres and Their Derived Unique Yolk–Shell FeS<sub>2</sub>@C Spheres for Lithium-Ion Batteries
snapshot_2,Topic_metal_sulfide_anodes_2012-2021_Knowledge.txt,230,https://openalex.org/W3152972765,https://doi.org/10.1039/d1qm00153a,2021,The precise synthesis of twin-born Fe<sub>3</sub>O<sub>4</sub>/FeS/carbon nanosheets for high-rate lithium-ion batteries
snapshot_2,Topic_metal_sulfide_anodes_2012-2021_Knowledge.txt,231,https://openalex.org/W2935656506,https://doi.org/10.3390/nano9040492,2019,MOF-Derived FeS/C Nanosheets for High Performance Lithium Ion Batteries
snapshot_2,Topic_metal_sulfide_anodes_2012-2021_Knowledge.txt,232,https://openalex.org/W3216493818,https://doi.org/10.1002/smll.202106074,2021,Sulfur Vacancies‐Engineered Ni<sub>3</sub>S<sub>4‐x</sub> Hollow Microspheres with Optimized Anionic Adsorption Energy for High‐Performance Supercapacitor
snapshot_2,Topic_metal_sulfide_anodes_2012-2021_Knowledge.txt,233,https://openalex.org/W2972549375,https://doi.org/10.1021/acsaem.9b01166,2019,Unlocking the Potential of Fluoride-Based Solid Electrolytes for Solid-State Lithium Batteries
snapshot_2,Topic_metal_sulfide_anodes_2012-2021_Knowledge.txt,234,https://openalex.org/W3009839259,https://doi.org/10.1021/acsami.9b22169,2020,Metal–Organic Framework Derived CoS<sub>2</sub> Wrapped with Nitrogen-Doped Carbon for Enhanced Lithium/Sodium Storage Performance
snapshot_2,Topic_metal_sulfide_anodes_2012-2021_Knowledge.txt,235,https://openalex.org/W1991119355,https://doi.org/10.1039/c5nr00012b,2015,Synergetic compositional and morphological effects for improved Na<sup>+</sup>storage properties of Ni<sub>3</sub>Co<sub>6</sub>S<sub>8</sub>-reduced graphene oxide composite powders
snapshot_2,Topic_metal_sulfide_anodes_2012-2021_Knowledge.txt,236,https://openalex.org/W2401920616,https://doi.org/10.1021/acsami.5b06615,2015,Li<sub>2</sub>S Nanocrystals Confined in Free-Standing Carbon Paper for High Performance Lithium–Sulfur Batteries
snapshot_2,Topic_metal_sulfide_anodes_2012-2021_Knowledge.txt,237,https://openalex.org/W3109167250,https://doi.org/10.1021/acsami.0c17828,2020,Adhesive Sulfide Solid Electrolyte Interface for Lithium Metal Batteries
snapshot_2,Topic_metal_sulfide_anodes_2012-2021_Knowledge.txt,238,https://openalex.org/W3011415865,https://doi.org/10.1021/acsaem.0c00041,2020,High-Voltage All-Solid-State Lithium Battery with Sulfide-Based Electrolyte: Challenges for the Construction of a Bipolar Multicell Stack and How to Overcome Them
snapshot_2,Topic_metal_sulfide_anodes_2012-2021_Knowledge.txt,239,https://openalex.org/W2052309069,https://doi.org/10.1515/revac-2013-0008,2013,Electrochemical detection of sulfide
snapshot_2,Topic_metal_sulfide_anodes_2012-2021_Knowledge.txt,240,https://openalex.org/W2224224563,https://doi.org/10.1002/chem.201504399,2016,Coated/Sandwiched rGO/CoS<sub><i>x</i></sub> Composites Derived from Metal–Organic Frameworks/GO as Advanced Anode Materials for Lithium‐Ion Batteries
snapshot_2,Topic_metal_sulfide_anodes_2012-2021_Knowledge.txt,241,https://openalex.org/W2258176273,https://doi.org/10.1021/acs.jpcc.5b09078,2016,"Comparison of Storage Mechanisms in RuO<sub>2</sub>, SnO<sub>2</sub>, and SnS<sub>2</sub>for Lithium-Ion Battery Anode Materials"
snapshot_2,Topic_metal_sulfide_anodes_2012-2021_Knowledge.txt,242,https://openalex.org/W2323737584,https://doi.org/10.1515/corrrev-2015-0055,2016,Corrosion characteristics of sulfate-reducing bacteria (SRB) and the role of molecular biology in SRB studies: an overview
snapshot_2,Topic_metal_sulfide_anodes_2012-2021_Knowledge.txt,243,https://openalex.org/W2731998112,https://doi.org/10.1021/acs.accounts.7b00086,2017,Self-Assembled Framework Formed During Lithiation of SnS<sub>2</sub> Nanoplates Revealed by in Situ Electron Microscopy
snapshot_2,Topic_metal_sulfide_anodes_2012-2021_Knowledge.txt,244,https://openalex.org/W3011321396,https://doi.org/10.1002/wcms.1473,2020,Computational predictions of two‐dimensional anode materials of metal‐ion batteries
snapshot_2,Topic_metal_sulfide_anodes_2012-2021_Knowledge.txt,245,https://openalex.org/W2523383466,https://doi.org/10.1021/acs.chemmater.6b02607,2016,Structural Evolution of Electrochemically Lithiated MoS<sub>2</sub> Nanosheets and the Role of Carbon Additive in Li-Ion Batteries
snapshot_2,Topic_metal_sulfide_anodes_2012-2021_Knowledge.txt,246,https://openalex.org/W2946614070,https://doi.org/10.1002/anie.201902552,2019,Sulfur‐Based Electrodes that Function via Multielectron Reactions for Room‐Temperature Sodium‐Ion Storage
snapshot_2,Topic_metal_sulfide_anodes_2012-2021_Knowledge.txt,247,https://openalex.org/W3088666720,https://doi.org/10.1021/acsnano.0c05292,2020,Production of Quasi-2D Platelets of Nonlayered Iron Pyrite (FeS<sub>2</sub>) by Liquid-Phase Exfoliation for High Performance Battery Electrodes
snapshot_2,Topic_metal_sulfide_anodes_2012-2021_Knowledge.txt,248,https://openalex.org/W3081544727,https://doi.org/10.1002/aenm.202001764,2020,"Alkali‐Metal Sulfide as Cathodes toward Safe and High‐Capacity Metal (M <b>=</b> Li, Na, K) Sulfur Batteries"
snapshot_2,Topic_metal_sulfide_anodes_2012-2021_Knowledge.txt,249,https://openalex.org/W2890951075,https://doi.org/10.1039/c8nr05652h,2018,N-Rich carbon-coated Co<sub>3</sub>S<sub>4</sub> ultrafine nanocrystals derived from ZIF-67 as an advanced anode for sodium-ion batteries
snapshot_2,Topic_metal_sulfide_anodes_2012-2021_Knowledge.txt,250,https://openalex.org/W3006304185,https://doi.org/10.1021/acsami.9b20751,2020,MoS<sub>2</sub> Nanoflower-Derived Interconnected CoMoO<sub>4</sub> Nanoarchitectures as a Stable and High Rate Performing Anode for Lithium-Ion Battery Applications
snapshot_2,Topic_metal_sulfide_anodes_2012-2021_Knowledge.txt,251,https://openalex.org/W3015669849,https://doi.org/10.1021/acs.jpclett.0c00010,2020,Yttrium–Sodium Halides as Promising Solid-State Electrolytes with High Ionic Conductivity and Stability for Na-Ion Batteries
snapshot_2,Topic_metal_sulfide_anodes_2012-2021_Knowledge.txt,252,https://openalex.org/W2898963475,https://doi.org/10.1021/acsami.8b13805,2018,Boosting Sodium-Ion Storage by Encapsulating NiS (CoS) Hollow Nanoparticles into Carbonaceous Fibers
snapshot_2,Topic_metal_sulfide_anodes_2012-2021_Knowledge.txt,253,https://openalex.org/W2326708010,https://doi.org/10.1021/nn405254n,2013,<i>In Situ</i> Transmission Electron Microscopy Investigation of the Electrochemical Lithiation–Delithiation of Individual Co<sub>9</sub>S<sub>8</sub>/Co-Filled Carbon Nanotubes
snapshot_2,Topic_metal_sulfide_anodes_2012-2021_Knowledge.txt,254,https://openalex.org/W2898591924,https://doi.org/10.1021/acsami.8b15731,2018,Fully Controllable Design and Fabrication of Three-Dimensional Lattice Supercapacitors
snapshot_2,Topic_metal_sulfide_anodes_2012-2021_Knowledge.txt,255,https://openalex.org/W2317554865,https://doi.org/10.1021/am404746k,2014,Single-Crystal γ-MnS Nanowires Conformally Coated with Carbon
snapshot_2,Topic_metal_sulfide_anodes_2012-2021_Knowledge.txt,256,https://openalex.org/W2282522169,https://doi.org/10.2533/chimia.2015.724,2015,Evaluation of Metal Phosphide Nanocrystals as Anode Materials for Na-ion Batteries
snapshot_2,Topic_metal_sulfide_anodes_2012-2021_Knowledge.txt,257,https://openalex.org/W2889214790,https://doi.org/10.1021/acsami.8b11984,2018,Double-Morphology CoS<sub>2</sub> Anchored on N-Doped Multichannel Carbon Nanofibers as High-Performance Anode Materials for Na-Ion Batteries
snapshot_2,Topic_metal_sulfide_anodes_2012-2021_Knowledge.txt,258,https://openalex.org/W3018430871,https://doi.org/10.1002/smll.202001607,2020,"Metal Cation‐Assisted Synthesis of Amorphous B, N Co‐Doped Carbon Nanotubes for Superior Sodium Storage"
snapshot_2,Topic_metal_sulfide_anodes_2012-2021_Knowledge.txt,259,https://openalex.org/W2765823073,https://doi.org/10.1021/acs.nanolett.7b03831,2017,Freeze-Dried Sulfur–Graphene Oxide–Carbon Nanotube Nanocomposite for High Sulfur-Loading Lithium/Sulfur Cells
snapshot_2,Topic_metal_sulfide_anodes_2012-2021_Knowledge.txt,260,https://openalex.org/W3185791862,https://doi.org/10.1021/acsami.1c05563,2021,Realizing Fast Diffusion Kinetics Based on Three-Dimensional Ordered Macroporous Cu<sub>9</sub>S<sub>5</sub>@C for Potassium-Ion Batteries
snapshot_2,Topic_metal_sulfide_anodes_2012-2021_Knowledge.txt,261,https://openalex.org/W2735747889,https://doi.org/10.1002/smll.201701677,2017,Enabling Flexible Heterostructures for Li‐Ion Battery Anodes Based on Nanotube and Liquid‐Phase Exfoliated 2D Gallium Chalcogenide Nanosheet Colloidal Solutions
snapshot_2,Topic_metal_sulfide_anodes_2012-2021_Knowledge.txt,262,https://openalex.org/W3210586630,https://doi.org/10.1021/accountsmr.1c00137,2021,All-Solid-State Lithium Metal Batteries with Sulfide Electrolytes: Understanding Interfacial Ion and Electron Transport
snapshot_2,Topic_metal_sulfide_anodes_2012-2021_Knowledge.txt,263,https://openalex.org/W2907446753,https://doi.org/10.1002/adfm.201807753,2019,Electrochemical Mechanism Investigation of Cu<sub>2</sub>MoS<sub>4</sub> Hollow Nanospheres for Fast and Stable Sodium Ion Storage
snapshot_2,Topic_metal_sulfide_anodes_2012-2021_Knowledge.txt,264,https://openalex.org/W2558656189,https://doi.org/10.1021/acsami.6b09907,2016,Electrochemical Behavior of Anode-Respiring Bacteria on Doped Carbon Electrodes
snapshot_2,Topic_metal_sulfide_anodes_2012-2021_Knowledge.txt,265,https://openalex.org/W3114328362,https://doi.org/10.1021/acsenergylett.0c02494,2020,Sodium–Sulfur Batteries Enabled by a Protected Inorganic/Organic Hybrid Solid Electrolyte
snapshot_2,Topic_metal_sulfide_anodes_2012-2021_Knowledge.txt,266,https://openalex.org/W2972195738,https://doi.org/10.1002/adfm.201905986,2019,A Molecular‐Cage Strategy Enabling Efficient Chemisorption–Electrocatalytic Interface in Nanostructured Li<sub>2</sub>S Cathode for Li Metal‐Free Rechargeable Cells with High Energy
snapshot_2,Topic_metal_sulfide_anodes_2012-2021_Knowledge.txt,267,https://openalex.org/W3012201267,https://doi.org/10.1021/acsami.9b22937,2020,Li-Rich Layered Sulfide as Cathode Active Materials in All-Solid-State Li–Metal Batteries
snapshot_2,Topic_metal_sulfide_anodes_2012-2021_Knowledge.txt,268,https://openalex.org/W4255449620,https://doi.org/10.1002/ange.201812387,2019,Synthesis of Cobalt Sulfide Multi‐shelled Nanoboxes with Precisely Controlled Two to Five Shells for Sodium‐Ion Batteries
snapshot_2,Topic_metal_sulfide_anodes_2012-2021_Knowledge.txt,269,https://openalex.org/W2995124692,https://doi.org/10.1002/eem2.12057,2019,A Long Journey of Lithium: From the Big Bang to Our Smartphones
snapshot_2,Topic_metal_sulfide_anodes_2012-2021_Knowledge.txt,270,https://openalex.org/W2502827419,https://doi.org/10.1039/c6nr03571j,2016,Two dimensional layered Co<sub>0.85</sub>Se nanosheets as a high-capacity anode for lithium-ion batteries
snapshot_2,Topic_metal_sulfide_anodes_2012-2021_Knowledge.txt,271,https://openalex.org/W3194665836,https://doi.org/10.1021/acsaem.1c01103,2021,Boosting High-Rate Sodium Storage of CuS via a Hollow Spherical Nanostructure and Surface Pseudocapacitive Behavior
snapshot_2,Topic_metal_sulfide_anodes_2012-2021_Knowledge.txt,272,https://openalex.org/W3217007682,https://doi.org/10.1039/d1nr06069d,2021,Unveiling the reaction mechanism of an Sb<sub>2</sub>S<sub>3</sub>–Co<sub>9</sub>S<sub>8</sub>/NC anode for high-performance lithium-ion batteries
snapshot_2,Topic_metal_sulfide_anodes_2012-2021_Knowledge.txt,273,https://openalex.org/W2990134726,https://doi.org/10.1016/j.electacta.2019.135335,2019,Polyoxometallates@zeolitic-imidazolate-framework derived bimetallic tungsten-cobalt sulfide/porous carbon nanocomposites as efficient bifunctional electrocatalysts for hydrogen and oxygen evolution
snapshot_2,Topic_metal_sulfide_anodes_2012-2021_Knowledge.txt,274,https://openalex.org/W3014209542,N/A,2020,Quantifying the search for solid Li-ion electrolyte materials by anion: A data-driven perspective
snapshot_2,Topic_metal_sulfide_anodes_2012-2021_Knowledge.txt,275,https://openalex.org/W3098642048,https://doi.org/10.1002/celc.202001251,2020,High‐Capacity Iron‐Based Anodes for Aqueous Secondary Nickel−Iron Batteries: Recent Progress and Prospects
snapshot_2,Topic_metal_sulfide_anodes_2012-2021_Knowledge.txt,276,https://openalex.org/W2618173986,https://doi.org/10.1007/s12274-017-1535-1,2017,Yolk–shell-structured (Fe0.5Ni0.5)9S8 solid-solution powders: Synthesis and application as anode materials for Na-ion batteries
snapshot_2,Topic_metal_sulfide_anodes_2012-2021_Knowledge.txt,277,https://openalex.org/W3043635730,https://doi.org/10.1021/acsami.0c06201,2020,Effect of Pressure on Lithium Metal Deposition and Stripping against Sulfide-Based Solid Electrolytes
snapshot_2,Topic_metal_sulfide_anodes_2012-2021_Knowledge.txt,278,https://openalex.org/W2995706308,https://doi.org/10.1021/acs.jpcc.9b06384,2019,X-ray Photoelectron Spectroscopy Probing of the Interphase between Solid-State Sulfide Electrolytes and a Lithium Anode
snapshot_2,Topic_metal_sulfide_anodes_2012-2021_Knowledge.txt,279,https://openalex.org/W3046577526,https://doi.org/10.1002/smll.201907641,2020,Okra‐Like Fe<sub>7</sub>S<sub>8</sub>/C@ZnS/N‐C@C with Core–Double‐Shelled Structures as Robust and High‐Rate Sodium Anode
snapshot_2,Topic_metal_sulfide_anodes_2012-2021_Knowledge.txt,280,https://openalex.org/W3164850165,https://doi.org/10.1007/s12274-021-3560-3,2021,Structural engineering of sulfur-doped carbon encapsulated bismuth sulfide core-shell structure for enhanced potassium storage performance
snapshot_2,Topic_metal_sulfide_anodes_2012-2021_Knowledge.txt,281,https://openalex.org/W3047090750,https://doi.org/10.3390/ma13163453,2020,State-of-the-Art Electrode Materials for Sodium-Ion Batteries
snapshot_2,Topic_metal_sulfide_anodes_2012-2021_Knowledge.txt,282,https://openalex.org/W2014306576,https://doi.org/10.1039/c2nr32174b,2012,Facile and rapid synthesis of RGO–In2S3 composites with enhanced cyclability and high capacity for lithium storage
snapshot_2,Topic_metal_sulfide_anodes_2012-2021_Knowledge.txt,283,https://openalex.org/W2128520334,https://doi.org/10.1039/c3ra22405h,2013,Facile synthesis of FeS2 nanocrystals and their magnetic and electrochemical properties
snapshot_2,Topic_metal_sulfide_anodes_2012-2021_Knowledge.txt,284,https://openalex.org/W3032957928,https://doi.org/10.1002/admi.202000486,2020,Improved Electrochemical Performance of Sodium/Potassium‐Ion Batteries in Ether‐Based Electrolyte: Cases Study of MoS<sub>2</sub>@C and Fe<sub>7</sub>S<sub>8</sub>@C Anodes
snapshot_2,Topic_metal_sulfide_anodes_2012-2021_Knowledge.txt,285,https://openalex.org/W3149542987,https://doi.org/10.1002/ente.202001096,2021,Current Trends in Nanoscale Interfacial Electrode Engineering for Sulfide‐Based All‐Solid‐State Li‐Ion Batteries
snapshot_2,Topic_metal_sulfide_anodes_2012-2021_Knowledge.txt,286,https://openalex.org/W4245887072,https://doi.org/10.1002/ange.201610301,2016,Double‐Helix Structure in Carrageenan–Metal Hydrogels: A General Approach to Porous Metal Sulfides/Carbon Aerogels with Excellent Sodium‐Ion Storage
snapshot_2,Topic_metal_sulfide_anodes_2012-2021_Knowledge.txt,287,https://openalex.org/W2992801908,https://doi.org/10.1021/acsami.9b12805,2019,Facile Synthesis of Yolk-Shelled CuCo<sub>2</sub>Se<sub>4</sub> Microspheres as a Novel Electrode Material for Supercapacitor Application
snapshot_2,Topic_metal_sulfide_anodes_2012-2021_Knowledge.txt,288,https://openalex.org/W2784969851,https://doi.org/10.1021/acsami.7b18571,2018,Electrochemical Investigation of Natural Ore Molybdenite (MoS<sub>2</sub>) as a First-Hand Anode for Lithium Storages
snapshot_2,Topic_metal_sulfide_anodes_2012-2021_Knowledge.txt,289,https://openalex.org/W2803525246,https://doi.org/10.1080/10667857.2018.1470959,2018,Rational synthesis of MoS<sub>2</sub> nanosheet arrays on carbon fibres for sodium ion storage
snapshot_2,Topic_metal_sulfide_anodes_2012-2021_Knowledge.txt,290,https://openalex.org/W2791596493,https://doi.org/10.1039/c8nr00068a,2018,"High-temperature solvent-free sulfidation of MoO<sub>3</sub>confined in a polypyrrole shell: MoS<sub>2</sub>nanosheets encapsulated in a nitrogen, sulfur dual-doped carbon nanoprism for efficient lithium storage"
snapshot_2,Topic_metal_sulfide_anodes_2012-2021_Knowledge.txt,291,https://openalex.org/W2594565882,https://doi.org/10.1021/acs.jpcc.7b01922,2017,In Situ NMR Observation of the Temporal Speciation of Lithium Sulfur Batteries during Electrochemical Cycling
snapshot_2,Topic_metal_sulfide_anodes_2012-2021_Knowledge.txt,292,https://openalex.org/W953985103,https://doi.org/10.2147/rie.s65118,2015,Microwave-assisted synthesis of graphene nanocomposites: recent developments on lithium-ion batteries
snapshot_2,Topic_metal_sulfide_anodes_2012-2021_Knowledge.txt,293,https://openalex.org/W3195415350,https://doi.org/10.1021/acs.energyfuels.1c02444,2021,Design and Fabrication of Highly Porous 2D Bimetallic Sulfide ZnS/FeS Composite Nanosheets as an Advanced Negative Electrode Material for Supercapacitors
snapshot_2,Topic_metal_sulfide_anodes_2012-2021_Knowledge.txt,294,https://openalex.org/W3048383837,https://doi.org/10.1021/acsnano.0c00101,2020,Sulfur-Rich (NH<sub>4</sub>)<sub>2</sub>Mo<sub>3</sub>S<sub>13</sub> as a Highly Reversible Anode for Sodium/Potassium-Ion Batteries
snapshot_2,Topic_metal_sulfide_anodes_2012-2021_Knowledge.txt,295,https://openalex.org/W3167004989,https://doi.org/10.1016/j.elecom.2021.107058,2021,Li9.54Si1.74(P1-xSbx)1.44S11.7Cl0.3: A functionally stable sulfide solid electrolyte in air for solid-state batteries
snapshot_2,Topic_metal_sulfide_anodes_2012-2021_Knowledge.txt,296,https://openalex.org/W3097373572,https://doi.org/10.1021/acs.nanolett.0c03395,2020,Stabilizing a Lithium Metal Battery by an In Situ Li<sub>2</sub>S-modified Interfacial Layer via Amorphous-Sulfide Composite Solid Electrolyte
snapshot_2,Topic_metal_sulfide_anodes_2012-2021_Knowledge.txt,297,https://openalex.org/W3175571972,https://doi.org/10.1002/ente.202100179,2021,"Nanostructured MoS<sub>2</sub>‐, SnS<sub>2</sub>‐, and WS<sub>2</sub>‐Based Anode Materials for High‐Performance Sodium‐Ion Batteries via Chemical Methods: A Review Article"
snapshot_2,Topic_metal_sulfide_anodes_2012-2021_Knowledge.txt,298,https://openalex.org/W2575735654,https://doi.org/10.1073/pnas.1615837114,2017,Catalytic oxidation of Li <sub>2</sub> S on the surface of metal sulfides for Li−S batteries
snapshot_2,Topic_metal_sulfide_anodes_2012-2021_Knowledge.txt,299,https://openalex.org/W2903947106,https://doi.org/10.1002/aenm.201803251,2018,Frogspawn‐Coral‐Like Hollow Sodium Sulfide Nanostructured Cathode for High‐Rate Performance Sodium–Sulfur Batteries
snapshot_2,Topic_metal_sulfide_anodes_2012-2021_Knowledge.txt,300,https://openalex.org/W2006553433,https://doi.org/10.1038/ncomms7694,2015,Formation of nickel cobalt sulfide ball-in-ball hollow spheres with enhanced electrochemical pseudocapacitive properties
snapshot_2,Topic_metal_sulfide_anodes_2012-2021_Knowledge.txt,301,https://openalex.org/W3047060294,https://doi.org/10.1007/s12274-020-2969-4,2020,Flower-like NiCo2S4 nanosheets with high electrochemical performance for sodium-ion batteries
snapshot_2,Topic_metal_sulfide_anodes_2012-2021_Knowledge.txt,302,https://openalex.org/W2982516344,https://doi.org/10.1021/acs.chemrev.9b00248,2019,Recent Advances in Electrocatalytic Hydrogen Evolution Using Nanoparticles
snapshot_2,Topic_metal_sulfide_anodes_2012-2021_Knowledge.txt,303,https://openalex.org/W2907414358,https://doi.org/10.1002/aenm.201802614,2019,"Benchmarking the Activity, Stability, and Inherent Electrochemistry of Amorphous Molybdenum Sulfide for Hydrogen Production"
snapshot_2,Topic_metal_sulfide_anodes_2012-2021_Knowledge.txt,304,https://openalex.org/W2097501638,https://doi.org/10.1002/aenm.201501102,2015,Understanding the Lithium Sulfur Battery System at Relevant Scales
snapshot_2,Topic_metal_sulfide_anodes_2012-2021_Knowledge.txt,305,https://openalex.org/W3208885823,https://doi.org/10.1002/adfm.202107753,2021,Anion‐Rectifying Polymeric Single Lithium‐Ion Conductors
snapshot_2,Topic_metal_sulfide_anodes_2012-2021_Knowledge.txt,306,https://openalex.org/W3211759513,https://doi.org/10.1002/adma.202107346,2021,Ultrafast Synthesis of I‐Rich Lithium Argyrodite Glass–Ceramic Electrolyte with High Ionic Conductivity
snapshot_2,Topic_metal_sulfide_anodes_2012-2021_Knowledge.txt,307,https://openalex.org/W2978570730,https://doi.org/10.1039/c9nr07159h,2019,Electronic modulation of composite electrocatalysts derived from layered NiFeMn triple hydroxide nanosheets for boosted overall water splitting
snapshot_2,Topic_metal_sulfide_anodes_2012-2021_Knowledge.txt,308,https://openalex.org/W2961098607,https://doi.org/10.1002/cssc.201901412,2019,VS<sub>4</sub>‐Decorated Carbon Nanotubes for Lithium Storage with Pseudocapacitance Contribution
snapshot_2,Topic_metal_sulfide_anodes_2012-2021_Knowledge.txt,309,https://openalex.org/W2326232602,https://doi.org/10.1038/ncomms11203,2016,Balancing surface adsorption and diffusion of lithium-polysulfides on nonconductive oxides for lithium–sulfur battery design
snapshot_2,Topic_metal_sulfide_anodes_2012-2021_Knowledge.txt,310,https://openalex.org/W2903237789,https://doi.org/10.1021/acsami.8b16428,2018,Molecular-Level CuS@S Hybrid Nanosheets Constructed by Mineral Chemistry for Energy Storage Systems
snapshot_2,Topic_metal_sulfide_anodes_2012-2021_Knowledge.txt,311,https://openalex.org/W2208117364,https://doi.org/10.5006/1692,2015,Modeling Localized Corrosion of Corrosion-Resistant Alloys in Oil and Gas Production Environments: Part I. Repassivation Potential
snapshot_2,Topic_metal_sulfide_anodes_2012-2021_Knowledge.txt,312,https://openalex.org/W2946393709,https://doi.org/10.1039/c9an00775j,2019,A ratiometric electrochemical sensor for multiplex detection of cancer biomarkers using bismuth as an internal reference and metal sulfide nanoparticles as signal tags
snapshot_2,Topic_metal_sulfide_anodes_2012-2021_Knowledge.txt,313,https://openalex.org/W2362448175,https://doi.org/10.3389/fenrg.2016.00018,2016,The Electrochemical Characteristics and Applicability of an Amorphous Sulfide-Based Solid Ion Conductor for the Next-Generation Solid-State Lithium Secondary Batteries
snapshot_2,Topic_metal_sulfide_anodes_2012-2021_Knowledge.txt,314,https://openalex.org/W2989736975,https://doi.org/10.1021/acs.langmuir.9b03051,2019,Ultrafine Co<sub>1–<i>x</i></sub>S Attached to Porous Interconnected Carbon Skeleton for Sodium-Ion Batteries
snapshot_2,Topic_metal_sulfide_anodes_2012-2021_Knowledge.txt,315,https://openalex.org/W2995171995,https://doi.org/10.1039/c9dt04042k,2019,Constructing MoS<sub>2</sub>/CoMo<sub>2</sub>S<sub>4</sub>/Co<sub>3</sub>S<sub>4</sub> nanostructures supported by graphene layers as the anode for lithium-ion batteries
snapshot_2,Topic_metal_sulfide_anodes_2012-2021_Knowledge.txt,316,https://openalex.org/W4246138855,https://doi.org/10.1149/2.0041701jes,2016,Interaction of FeS<sub>2</sub>and Sulfur in Li-S Battery System
snapshot_2,Topic_metal_sulfide_anodes_2012-2021_Knowledge.txt,317,https://openalex.org/W2766997131,https://doi.org/10.1021/acsami.7b13239,2017,Micro-Intertexture Carbon-Free Iron Sulfides as Advanced High Tap Density Anodes for Rechargeable Batteries
snapshot_2,Topic_metal_sulfide_anodes_2012-2021_Knowledge.txt,318,https://openalex.org/W3014962250,https://doi.org/10.1002/smll.201905853,2020,"Composition and Architecture Design of Double‐Shelled Co<sub>0.85</sub>Se<sub>1−</sub><i><sub>x</sub></i>S<i><sub>x</sub></i>@Carbon/Graphene Hollow Polyhedron with Superior Alkali (Li, Na, K)‐Ion Storage"
snapshot_2,Topic_metal_sulfide_anodes_2012-2021_Knowledge.txt,319,https://openalex.org/W3197182856,https://doi.org/10.1007/s12598-021-01835-9,2021,Scalable synthesis of mesoporous FeS <sub>2</sub> nanorods as high‐performance anode materials for sodium‐ion batteries
snapshot_2,Topic_metal_sulfide_anodes_2012-2021_Knowledge.txt,320,https://openalex.org/W3041099807,https://doi.org/10.1002/batt.202000131,2020,Cover Feature: Slurry‐Coated Sulfur/Sulfide Cathode with Li Metal Anode for All‐Solid‐State Lithium‐Sulfur Pouch Cells (Batteries &amp; Supercaps 7/2020)
snapshot_2,Topic_metal_sulfide_anodes_2012-2021_Knowledge.txt,321,https://openalex.org/W3020262834,https://doi.org/10.1002/smll.202000745,2020,Surface Modification of Fe<sub>7</sub>S<sub>8</sub>/C Anode via Ultrathin Amorphous TiO<sub>2</sub> Layer for Enhanced Sodium Storage Performance
snapshot_2,Topic_metal_sulfide_anodes_2012-2021_Knowledge.txt,322,https://openalex.org/W3129925304,https://doi.org/10.1002/aenm.202003469,2021,Isotropous Sulfurized Polyacrylonitrile Interlayer with Homogeneous Na<sup>+</sup> Flux Dynamics for Solid‐State Na Metal Batteries
snapshot_2,Topic_metal_sulfide_anodes_2012-2021_Knowledge.txt,323,https://openalex.org/W2976312603,https://doi.org/10.1002/smll.201903259,2019,General and Scalable Fabrication of Core–Shell Metal Sulfides@C Anchored on 3D N‐Doped Foam toward Flexible Sodium Ion Batteries
snapshot_2,Topic_metal_sulfide_anodes_2012-2021_Knowledge.txt,324,https://openalex.org/W3032661812,https://doi.org/10.1002/cssc.202001302,2020,Transition‐Metal Phosphorus Trisulfides and its Vacancy Defects: Emergence of a New Class of Anode Material for Li‐Ion Batteries
snapshot_2,Topic_metal_sulfide_anodes_2012-2021_Knowledge.txt,325,https://openalex.org/W3112678467,https://doi.org/10.1021/acsaem.0c02590,2020,Transformation of Two-Dimensional Iron Sulfide Nanosheets from FeS<sub>2</sub> to FeS as High-Rate Anodes for Pseudocapacitive Sodium Storage
snapshot_2,Topic_metal_sulfide_anodes_2012-2021_Knowledge.txt,326,https://openalex.org/W2994709577,https://doi.org/10.1039/c9na00661c,2019,NiS<sub>2</sub> nanoparticles anchored on open carbon nanohelmets as an advanced anode for lithium-ion batteries
snapshot_2,Topic_metal_sulfide_anodes_2012-2021_Knowledge.txt,327,https://openalex.org/W3204940797,https://doi.org/10.1021/acsami.1c13295,2021,Heterovalent Cation Substitution to Enhance the Ionic Conductivity of Halide Electrolytes
snapshot_2,Topic_metal_sulfide_anodes_2012-2021_Knowledge.txt,328,https://openalex.org/W2988390509,https://doi.org/10.1002/smll.201902377,2019,Advanced Li<sub>2</sub>S/Si Full Battery Enabled by TiN Polysulfide Immobilizer
snapshot_2,Topic_metal_sulfide_anodes_2012-2021_Knowledge.txt,329,https://openalex.org/W3092509157,https://doi.org/10.1007/s12274-020-3044-x,2020,Supersaturated bridge-sulfur and vanadium co-doped M0S2 nanosheet arrays with enhanced sodium storage capability
snapshot_2,Topic_metal_sulfide_anodes_2012-2021_Knowledge.txt,330,https://openalex.org/W2129439489,https://doi.org/10.1039/c2ee03230a,2012,Synthesis of organic–inorganic hybrids by miniemulsion polymerization and their application for electrochemical energy storage
snapshot_2,Topic_metal_sulfide_anodes_2012-2021_Knowledge.txt,331,https://openalex.org/W3197158416,https://doi.org/10.1021/acsami.1c12753,2021,Molecular-Level Insight into the Interfacial Reactivity and Ionic Conductivity of a Li-Argyrodite Li<sub>6</sub>PS<sub>5</sub>Cl Solid Electrolyte at Bare and Coated Li-Metal Anodes
snapshot_2,Topic_metal_sulfide_anodes_2012-2021_Knowledge.txt,332,https://openalex.org/W4200272859,https://doi.org/10.1002/ange.202108563,2021,Phosphorized CoNi<sub>2</sub>S<sub>4</sub> Yolk‐Shell Spheres for Highly Efficient Hydrogen Production via Water and Urea Electrolysis
snapshot_2,Topic_metal_sulfide_anodes_2012-2021_Knowledge.txt,333,https://openalex.org/W2890836717,https://doi.org/10.1002/solr.201800161,2018,Tunable Transformation Between SnS and SnO<sub>x</sub> Nanostructures via Facile Anodization and Their Photoelectrochemical and Photocatalytic Performance
snapshot_2,Topic_metal_sulfide_anodes_2012-2021_Knowledge.txt,334,https://openalex.org/W2734742144,https://doi.org/10.1002/aenm.201701122,2017,An Effective Lithium Sulfide Encapsulation Strategy for Stable Lithium–Sulfur Batteries
snapshot_2,Topic_metal_sulfide_anodes_2012-2021_Knowledge.txt,335,https://openalex.org/W3006093385,https://doi.org/10.1021/acssuschemeng.9b06999,2020,"Highly Interconnected Nanorods and Nanosheets Based on a Hierarchically Layered Metal–Organic Framework for a Flexible, High-Performance Energy Storage Device"
snapshot_2,Topic_metal_sulfide_anodes_2012-2021_Knowledge.txt,336,https://openalex.org/W2120661428,https://doi.org/10.1039/c4nr02480j,2014,An experimental and computational study to understand the lithium storage mechanism in molybdenum disulfide
snapshot_2,Topic_metal_sulfide_anodes_2012-2021_Knowledge.txt,337,https://openalex.org/W2668221079,https://doi.org/10.1039/c6cs00306k,2017,Photoelectrochemical devices for solar water splitting – materials and challenges
snapshot_2,Topic_metal_sulfide_anodes_2012-2021_Knowledge.txt,338,https://openalex.org/W3011956102,https://doi.org/10.1039/d0nr01274b,2020,Three-dimensional graphene-supported nickel disulfide nanoparticles promise stable and fast potassium storage
snapshot_2,Topic_metal_sulfide_anodes_2012-2021_Knowledge.txt,339,https://openalex.org/W2937396358,https://doi.org/10.1021/acssuschemeng.8b06801,2019,High-Efficiency Preparation of Titanium through Electrolysis of Carbo-Sulfurized Titanium Dioxide
snapshot_2,Topic_metal_sulfide_anodes_2012-2021_Knowledge.txt,340,https://openalex.org/W3152935270,https://doi.org/10.1016/j.hydromet.2021.105603,2021,Electrochemical investigation of microbially and galvanically leached chalcopyrite
snapshot_2,Topic_metal_sulfide_anodes_2012-2021_Knowledge.txt,341,https://openalex.org/W3084114457,https://doi.org/10.1021/acsami.0c13142,2020,Controllable Synthesis of Anatase TiO<sub>2</sub> Nanosheets Grown on Amorphous TiO<sub>2</sub>/C Frameworks for Ultrafast Pseudocapacitive Sodium Storage
snapshot_2,Topic_metal_sulfide_anodes_2012-2021_Knowledge.txt,342,https://openalex.org/W3008501033,https://doi.org/10.1002/adfm.201910599,2020,Interfacial Bonding of Metal‐Sulfides with Double Carbon for Improving Reversibility of Advanced Alkali‐Ion Batteries
snapshot_2,Topic_metal_sulfide_anodes_2012-2021_Knowledge.txt,343,https://openalex.org/W2260914718,https://doi.org/10.1002/aenm.201501590,2016,Electrochemical Stability of Li<sub>10</sub>GeP<sub>2</sub>S<sub>12</sub> and Li<sub>7</sub>La<sub>3</sub>Zr<sub>2</sub>O<sub>12</sub> Solid Electrolytes
snapshot_2,Topic_metal_sulfide_anodes_2012-2021_Knowledge.txt,344,https://openalex.org/W2806793579,https://doi.org/10.1021/acsami.8b06166,2018,"Porous Co<sub>9</sub>S<sub>8</sub>/Nitrogen, Sulfur-Doped Carbon@Mo<sub>2</sub>C Dual Catalyst for Efficient Water Splitting"
snapshot_2,Topic_metal_sulfide_anodes_2012-2021_Knowledge.txt,345,https://openalex.org/W3130545061,https://doi.org/10.1002/celc.202100110,2021,Embedding Heterostructured α‐MnS/MnO Nanoparticles in S‐Doped Carbonaceous Porous Framework as High‐Performance Anode for Lithium‐Ion Batteries
snapshot_2,Topic_metal_sulfide_anodes_2012-2021_Knowledge.txt,346,https://openalex.org/W3202530020,https://doi.org/10.1039/d1dt02819g,2021,Design of trimetallic sulfide hollow nanocages from metal–organic frameworks as electrode materials for supercapacitors
snapshot_2,Topic_metal_sulfide_anodes_2012-2021_Knowledge.txt,347,https://openalex.org/W3006009788,https://doi.org/10.1039/c9dt04897a,2020,Ultra-high energy density supercapacitors based on metal–organic framework derived yolk–shell Cu–Co–P hollow nanospheres and CuFeS<sub>2</sub> nanosheet arrays
snapshot_2,Topic_metal_sulfide_anodes_2012-2021_Knowledge.txt,348,https://openalex.org/W4200071267,https://doi.org/10.1002/adfm.202109899,2021,Engineering Pocket‐Like Graphene–Shell Encapsulated FeS<sub>2</sub>: Inhibiting Polysulfides Shuttle Effect in Potassium‐Ion Batteries
snapshot_2,Topic_metal_sulfide_anodes_2012-2021_Knowledge.txt,349,https://openalex.org/W2912888035,https://doi.org/10.1002/celc.201900079,2019,One‐Pot Synthesis of CuCo<sub>2</sub>S<sub>4</sub> Sub‐Microspheres for High‐Performance Lithium‐/Sodium‐Ion Batteries
snapshot_2,Topic_metal_sulfide_anodes_2012-2021_Knowledge.txt,350,https://openalex.org/W2793967588,https://doi.org/10.1002/anie.201711060,2018,Electrifying Organic Synthesis
snapshot_2,Topic_metal_sulfide_anodes_2012-2021_Knowledge.txt,351,https://openalex.org/W2808260231,https://doi.org/10.1039/c8ee01053f,2018,New horizons for inorganic solid state ion conductors
snapshot_2,Topic_metal_sulfide_anodes_2012-2021_Knowledge.txt,352,https://openalex.org/W2765300606,https://doi.org/10.1021/acsami.7b13763,2017,Interlayer-Expanded Metal Sulfides on Graphene Triggered by a Molecularly Self-Promoting Process for Enhanced Lithium Ion Storage
snapshot_2,Topic_metal_sulfide_anodes_2012-2021_Knowledge.txt,353,https://openalex.org/W2897212391,https://doi.org/10.1002/celc.201801289,2018,ZnS Nanotubes/Carbon Cloth as a Reversible and High‐Capacity Anode Material for Lithium‐Ion Batteries
snapshot_2,Topic_metal_sulfide_anodes_2012-2021_Knowledge.txt,354,https://openalex.org/W2770628586,https://doi.org/10.1021/acsami.7b13622,2017,Solid-Solution Sulfides Derived from Tunable Layered Double Hydroxide Precursors/Graphene Aerogel for Pseudocapacitors and Sodium-Ion Batteries
snapshot_2,Topic_metal_sulfide_anodes_2012-2021_Knowledge.txt,355,https://openalex.org/W3116989568,https://doi.org/10.1021/acsami.0c18368,2020,Investigation on the Voltage Hysteresis of Mn<sub>3</sub>O<sub>4</sub> for Lithium-Ion Battery Applications
snapshot_2,Topic_metal_sulfide_anodes_2012-2021_Knowledge.txt,356,https://openalex.org/W3171114011,https://doi.org/10.1039/d1dt01482j,2021,A review on metal–organic framework-derived anode materials for potassium-ion batteries
snapshot_2,Topic_metal_sulfide_anodes_2012-2021_Knowledge.txt,357,https://openalex.org/W2907714181,https://doi.org/10.1002/celc.201801772,2018,Single‐Phase Cu<sub>3</sub>SnS<sub>4</sub> Nanoparticles for Robust High Capacity Lithium‐Ion Battery Anodes
snapshot_2,Topic_metal_sulfide_anodes_2012-2021_Knowledge.txt,358,https://openalex.org/W2789985546,https://doi.org/10.48550/arxiv.1803.04317,2018,A Brief Review of Current Lithium Ion Battery Technology and Potential Solid State Battery Technologies
snapshot_2,Topic_metal_sulfide_anodes_2012-2021_Knowledge.txt,359,https://openalex.org/W2557058931,https://doi.org/10.1021/acsami.6b11389,2016,Triple-Confined Well-Dispersed Biactive NiCo<sub>2</sub>S<sub>4</sub>/Ni<sub>0.96</sub>S on Graphene Aerogel for High-Efficiency Lithium Storage
snapshot_2,Topic_metal_sulfide_anodes_2012-2021_Knowledge.txt,360,https://openalex.org/W3026099610,https://doi.org/10.1039/d0nj00941e,2020,Heterostructured CoS<sub>2</sub>/NiS<sub>2</sub> nanoparticles encapsulated in bamboo-like carbon nanotubes as a high performance anode for sodium ion batteries
snapshot_2,Topic_metal_sulfide_anodes_2012-2021_Knowledge.txt,361,https://openalex.org/W2768448464,https://doi.org/10.1002/smll.201702605,2017,Enhancing the Sequential Conversion‐Alloying Reaction of Mixed Sn–S Hybrid Anode for Efficient Sodium Storage by a Carbon Healed Graphene Oxide
snapshot_2,Topic_metal_sulfide_anodes_2012-2021_Knowledge.txt,362,https://openalex.org/W3214327447,https://doi.org/10.1016/j.jelechem.2021.115841,2021,V5S8 nanoparticles anchored on carbon nanofibers for fast and durable sodium and potassium ion storage
snapshot_2,Topic_metal_sulfide_anodes_2012-2021_Knowledge.txt,363,https://openalex.org/W2805570693,https://doi.org/10.1002/batt.201800024,2018,"Atomic and Molecular Layer Deposition for Superior Lithium‐Sulfur Batteries: Strategies, Performance, and Mechanisms"
snapshot_2,Topic_metal_sulfide_anodes_2012-2021_Knowledge.txt,364,https://openalex.org/W2778557963,https://doi.org/10.1021/acsami.7b14527,2017,Mercaptopropionic Acid-Capped Wurtzite Cu<sub>9</sub>Sn<sub>2</sub>Se<sub>9</sub> Nanocrystals as High-Performance Anode Materials for Lithium-Ion Batteries
snapshot_2,Topic_metal_sulfide_anodes_2012-2021_Knowledge.txt,365,https://openalex.org/W2795902647,https://doi.org/10.1149/2.1131805jes,2018,"Symmetric Lithium Sulfide – Sulfur Cells: A Method to Study Degradation Mechanisms of Cathode, Separator and Electrolyte Concepts for Lithium-Sulfur Batteries"
snapshot_2,Topic_metal_sulfide_anodes_2012-2021_Knowledge.txt,366,https://openalex.org/W2981106470,https://doi.org/10.1002/cssc.201902702,2019,Strongly Coupled MoS<sub>2</sub> Nanocrystal/Ti<sub>3</sub>C<sub>2</sub> Nanosheet Hybrids Enable High‐Capacity Lithium‐Ion Storage
snapshot_2,Topic_metal_sulfide_anodes_2012-2021_Knowledge.txt,367,https://openalex.org/W1987363187,https://doi.org/10.1002/adfm.201301025,2013,Quaternary Diamond‐Like Chalcogenidometalate Networks as Efficient Anode Material in Lithium‐Ion Batteries
snapshot_2,Topic_metal_sulfide_anodes_2012-2021_Knowledge.txt,368,https://openalex.org/W2606213815,https://doi.org/10.1002/chem.201701391,2017,One‐Step Fabrication of Monolithic Electrodes Comprising Co<sub>9</sub>S<sub>8</sub> Particles Supported on Cobalt Foam for Efficient and Durable Oxygen Evolution Reaction
snapshot_2,Topic_metal_sulfide_anodes_2012-2021_Knowledge.txt,369,https://openalex.org/W2742328466,https://doi.org/10.1126/science.aan2255,2017,Direct atomic-level insight into the active sites of a high-performance PGM-free ORR catalyst
snapshot_2,Topic_metal_sulfide_anodes_2012-2021_Knowledge.txt,370,https://openalex.org/W2792582517,https://doi.org/10.1149/2.0351803jes,2018,Urchin-Like Nanorods of Binary NiCoS Supported on Nickel Foam for Electrocatalytic Overall Water Splitting
snapshot_2,Topic_metal_sulfide_anodes_2012-2021_Knowledge.txt,371,https://openalex.org/W3006473311,https://doi.org/10.1021/acssuschemeng.9b07487,2020,Rational Design of Bimetal–Organic Framework-Derived ZnSnS<sub>3</sub> Nanodots Incorporated into the Nitrogen-Doped Graphene Framework for Advanced Lithium Storage
snapshot_2,Topic_metal_sulfide_anodes_2012-2021_Knowledge.txt,372,https://openalex.org/W4241231916,https://doi.org/10.1002/ange.201712907,2018,Fluoroethylene Carbonate Enabling a Robust LiF‐rich Solid Electrolyte Interphase to Enhance the Stability of the MoS<sub>2</sub> Anode for Lithium‐Ion Storage
snapshot_2,Topic_metal_sulfide_anodes_2012-2021_Knowledge.txt,373,https://openalex.org/W3216359768,https://doi.org/10.1021/acsaem.1c02099,2021,Emerging Materials for Sodium-Ion Hybrid Capacitors: A Brief Review
snapshot_2,Topic_metal_sulfide_anodes_2012-2021_Knowledge.txt,374,https://openalex.org/W3212846759,https://doi.org/10.1021/acssuschemeng.1c05722,2021,In Situ Construction of Nickel Sulfide Nano-Heterostructures for Highly Efficient Overall Urea Electrolysis
snapshot_2,Topic_metal_sulfide_anodes_2012-2021_Knowledge.txt,375,https://openalex.org/W3217233374,https://doi.org/10.1021/acs.inorgchem.1c03236,2021,Enhancement of the OER Kinetics of the Less-Explored α-MnO<sub>2</sub> <i>via</i> Nickel Doping Approaches in Alkaline Medium
snapshot_2,Topic_metal_sulfide_anodes_2012-2021_Knowledge.txt,376,https://openalex.org/W2809502094,https://doi.org/10.1126/sciadv.aas9820,2018,Materials for lithium-ion battery safety
snapshot_2,Topic_metal_sulfide_anodes_2012-2021_Knowledge.txt,377,https://openalex.org/W2970500122,https://doi.org/10.1039/c9cp03600h,2019,Recent progress in Pt and Pd-based hybrid nanocatalysts for methanol electrooxidation
snapshot_2,Topic_metal_sulfide_anodes_2012-2021_Knowledge.txt,378,https://openalex.org/W3099947189,https://doi.org/10.1002/chem.202004241,2020,General Synthesis of Sulfonate‐Based Metal–Organic Framework Derived Composite of M<sub><i>x</i></sub>S<sub><i>y</i></sub>@N/S‐Doped Carbon for High‐Performance Lithium/Sodium Ion Batteries
snapshot_2,Topic_metal_sulfide_anodes_2012-2021_Knowledge.txt,379,https://openalex.org/W3090969142,https://doi.org/10.1002/smll.202004054,2020,TiO<sub>2</sub>‐Based Heterostructures with Different Mechanism: A General Synergistic Effect toward High‐Performance Sodium Storage
snapshot_2,Topic_metal_sulfide_anodes_2012-2021_Knowledge.txt,380,https://openalex.org/W3022118226,https://doi.org/10.1021/acsami.0c03796,2020,“Lewis Base-Hungry” Amorphous–Crystalline Nickel Borate–Nickel Sulfide Heterostructures by In Situ Structural Engineering as Effective Bifunctional Electrocatalysts toward Overall Water Splitting
snapshot_2,Topic_metal_sulfide_anodes_2012-2021_Knowledge.txt,381,https://openalex.org/W2948999417,https://doi.org/10.1002/aenm.201900161,2019,Commercialization of Lithium Battery Technologies for Electric Vehicles
snapshot_2,Topic_metal_sulfide_anodes_2012-2021_Knowledge.txt,382,https://openalex.org/W2944520018,https://doi.org/10.1002/smtd.201900112,2019,Explicating the Sodium Storage Kinetics and Redox Mechanism of Highly Pseudocapacitive Binary Transition Metal Sulfide via Operando Techniques and Ab Initio Evaluation
snapshot_2,Topic_metal_sulfide_anodes_2012-2021_Knowledge.txt,383,https://openalex.org/W2896191258,https://doi.org/10.1002/adma.201805023,2018,Ultrastable Graphene‐Encapsulated 3 nm Nanoparticles by In Situ Chemical Vapor Deposition
snapshot_2,Topic_metal_sulfide_anodes_2012-2021_Knowledge.txt,384,https://openalex.org/W2802846582,https://doi.org/10.1002/ejic.201800204,2018,Engineering Zn<sub>0.33</sub>Co<sub>0.67</sub>S Hollow Microspheres with Enhanced Electrochemical Performance for Lithium and Sodium Ion Batteries
snapshot_2,Topic_metal_sulfide_anodes_2012-2021_Knowledge.txt,385,https://openalex.org/W3015443575,https://doi.org/10.1002/batt.202000042,2020,Hollow MoS<sub>3</sub> Nanospheres as Electrode Material for “Water‐in‐Salt” Li–Ion Batteries
snapshot_2,Topic_metal_sulfide_anodes_2012-2021_Knowledge.txt,386,https://openalex.org/W3215983507,https://doi.org/10.1002/aenm.202103204,2021,In Situ Grown 1T′‐MoTe<sub>2</sub> Nanosheets on Carbon Nanotubes as an Efficient Electrocatalyst and Lithium Regulator for Stable Lithium–Sulfur Full Cells
snapshot_2,Topic_metal_sulfide_anodes_2012-2021_Knowledge.txt,387,https://openalex.org/W2994298483,https://doi.org/10.1002/batt.201900134,2019,Sulfur‐Doped Carbon‐Wrapped Heterogeneous Fe<sub>3</sub>O<sub>4</sub>/Fe<sub>7</sub>S<sub>8</sub>/C Nanoplates as Stable Anode for Lithium‐Ion Batteries
snapshot_2,Topic_metal_sulfide_anodes_2012-2021_Knowledge.txt,388,https://openalex.org/W2789290052,https://doi.org/10.1088/1361-6528/aab120,2018,Facile synthesis of nickel-doped Co<sub>9</sub>S<sub>8</sub> hollow nanoparticles with large surface-controlled pseudocapacitive and fast sodium storage
snapshot_2,Topic_metal_sulfide_anodes_2012-2021_Knowledge.txt,389,https://openalex.org/W2944208043,https://doi.org/10.1021/acsami.9b05056,2019,Nanowire Array-Coated Flexible Substrate to Accommodate Lithium Plating for Stable Lithium-Metal Anodes and Flexible Lithium–Organic Batteries
snapshot_2,Topic_metal_sulfide_anodes_2012-2021_Knowledge.txt,390,https://openalex.org/W2974031955,https://doi.org/10.1021/acsami.9b11001,2019,"Thermodynamic Assessment of Coating Materials for Solid-State Li, Na, and K Batteries"
snapshot_2,Topic_metal_sulfide_anodes_2012-2021_Knowledge.txt,391,https://openalex.org/W1989121075,https://doi.org/10.1038/ncomms6682,2015,A highly efficient polysulfide mediator for lithium–sulfur batteries
snapshot_2,Topic_metal_sulfide_anodes_2012-2021_Knowledge.txt,392,https://openalex.org/W3195283878,https://doi.org/10.1039/d1ra05518f,2021,Unveiling the abnormal capacity rising mechanism of MoS<sub>2</sub> anode during long-term cycling for sodium-ion batteries
snapshot_2,Topic_metal_sulfide_anodes_2012-2021_Knowledge.txt,393,https://openalex.org/W2904766184,https://doi.org/10.1002/asia.201801425,2018,Hierarchical Nanotubes Constructed by Co<sub>9</sub>S<sub>8</sub>/MoS<sub>2</sub> Ultrathin Nanosheets Wrapped with Reduced Graphene Oxide for Advanced Lithium Storage
snapshot_2,Topic_metal_sulfide_anodes_2012-2021_Knowledge.txt,394,https://openalex.org/W3182030449,https://doi.org/10.1002/asia.202100765,2021,Recent Progress in High‐Performance Lithium Sulfur Batteries: The Emerging Strategies for Advanced Separators/Electrolytes Based on Nanomaterials and Corresponding Interfaces
snapshot_2,Topic_metal_sulfide_anodes_2012-2021_Knowledge.txt,395,https://openalex.org/W3094458772,https://doi.org/10.1021/acs.energyfuels.0c02633,2020,Zn–Ni–Se@NiCo<sub>2</sub>S<sub>4</sub> Core–Shell Architectures: A Highly Efficient Positive Electrode for Hybrid Supercapacitors
snapshot_2,Topic_metal_sulfide_anodes_2012-2021_Knowledge.txt,396,https://openalex.org/W2889625325,https://doi.org/10.1002/adfm.201804589,2018,Lithium–Sulfur Batteries: Co‐Existence of Challenges and Opportunities
snapshot_2,Topic_metal_sulfide_anodes_2012-2021_Knowledge.txt,397,https://openalex.org/W2913224701,https://doi.org/10.1039/c8nr09356c,2019,Exploring the sodium ion storage mechanism of gallium sulfide (Ga<sub>2</sub>S<sub>3</sub>): a combined experimental and theoretical approach
snapshot_2,Topic_metal_sulfide_anodes_2012-2021_Knowledge.txt,398,https://openalex.org/W3209640749,https://doi.org/10.1002/smll.202104365,2021,Polyphenylene Sulfide‐Based Solid‐State Separator for Limited Li Metal Battery
snapshot_2,Topic_metal_sulfide_anodes_2012-2021_Knowledge.txt,399,https://openalex.org/W3129024124,https://doi.org/10.1002/adfm.202009598,2021,Encapsulating Sulfides into Tridymite/Carbon Reactors Enables Stable Sodium Ion Conversion/Alloying Anode with High Initial Coulombic Efficiency Over 89%
snapshot_2,Topic_metal_sulfide_anodes_2012-2021_Knowledge.txt,400,https://openalex.org/W3163091930,https://doi.org/10.1039/d1ra01267c,2021,Synergy ascension of SnS/MoS<sub>2</sub> binary metal sulfides on initial coulombic efficiency and stable capacity for lithium storage
snapshot_2,Topic_metal_sulfide_anodes_2012-2021_Knowledge.txt,401,https://openalex.org/W3046795353,https://doi.org/10.4236/aces.2020.103017,2020,"1-Hydroxyethylidene-1,1-diphosphonic Acid (HEDP) as a Corrosion Inhibitor of AISI 304 Stainless Steel in a Medium Containing Chloride and Sulfide Ions in the Presence of Different Metallic Cations"
snapshot_2,Topic_metal_sulfide_anodes_2012-2021_Knowledge.txt,402,https://openalex.org/W2102242969,https://doi.org/10.5006/1.3693695,2012,Analysis of Pit Stability in Type 316L Stainless Steel Exposed to H<sub>2</sub>S-Saturated Dilute Chloride Solutions Above the Critical Pitting Temperature
snapshot_2,Topic_metal_sulfide_anodes_2012-2021_Knowledge.txt,403,https://openalex.org/W2913096099,https://doi.org/10.1002/slct.201803665,2019,Crossed NiCo <sub>2</sub> S <sub>4</sub> Nanowires Supported on Nickel Foam as a Bifunctional Catalyst for Efficient Overall Water Splitting
snapshot_2,Topic_metal_sulfide_anodes_2012-2021_Knowledge.txt,404,https://openalex.org/W2777144593,https://doi.org/10.1002/adma.201705871,2017,Next‐Generation Batteries
snapshot_2,Topic_metal_sulfide_anodes_2012-2021_Knowledge.txt,405,https://openalex.org/W2010764629,https://doi.org/10.1038/ncomms7929,2015,Na+ intercalation pseudocapacitance in graphene-coupled titanium oxide enabling ultra-fast sodium storage and long-term cycling
snapshot_2,Topic_metal_sulfide_anodes_2012-2021_Knowledge.txt,406,https://openalex.org/W2889296013,https://doi.org/10.1021/acs.jpcc.8b04241,2018,Photocatalytic CO<sub>2</sub> Reduction Using a Pristine Cu<sub>2</sub>ZnSnS<sub>4</sub> Film Electrode under Visible Light Irradiation
snapshot_2,Topic_metal_sulfide_anodes_2012-2021_Knowledge.txt,407,https://openalex.org/W2737378308,https://doi.org/10.1002/adma.201701169,2017,Protected Lithium‐Metal Anodes in Batteries: From Liquid to Solid
snapshot_2,Topic_metal_sulfide_anodes_2012-2021_Knowledge.txt,408,https://openalex.org/W4243773794,https://doi.org/10.1002/ange.201410890,2014,Liquid‐Phase Epitaxial Growth of Two‐Dimensional Semiconductor Hetero‐nanostructures
snapshot_2,Topic_metal_sulfide_anodes_2012-2021_Knowledge.txt,409,https://openalex.org/W3154409837,https://doi.org/10.1039/d0cs01569e,2021,Covalent organic frameworks (COFs) for electrochemical applications
snapshot_2,Topic_metal_sulfide_anodes_2012-2021_Knowledge.txt,410,https://openalex.org/W2968098453,https://doi.org/10.1021/acssuschemeng.9b03912,2019,A Sodium Storage Material Based on Chamber-Confined Conversion of Co<sub>9</sub>S<sub>8</sub> Nanorod Encapsulated by N-Doped Carbon Shell
snapshot_2,Topic_metal_sulfide_anodes_2012-2021_Knowledge.txt,411,https://openalex.org/W1873185258,https://doi.org/10.1039/c5cp05004a,2015,Impact electrochemistry: colloidal metal sulfide detection by cathodic particle coulometry
snapshot_2,Topic_metal_sulfide_anodes_2012-2021_Knowledge.txt,412,https://openalex.org/W2619010848,https://doi.org/10.1039/c7ee01047h,2017,Electrocatalysis of polysulfide conversion by sulfur-deficient MoS<sub>2</sub> nanoflakes for lithium–sulfur batteries
snapshot_2,Topic_metal_sulfide_anodes_2012-2021_Knowledge.txt,413,https://openalex.org/W3006115260,https://doi.org/10.1002/adfm.201910274,2020,Non‐Noble‐Metal‐Based Electrocatalysts toward the Oxygen Evolution Reaction
snapshot_2,Topic_metal_sulfide_anodes_2012-2021_Knowledge.txt,414,https://openalex.org/W3168816148,https://doi.org/10.1039/d1nj00503k,2021,New rationally designed hybrid polypyrrole@SnCoS<sub>4</sub>as an efficient anode for lithium-ion batteries
snapshot_2,Topic_metal_sulfide_anodes_2012-2021_Knowledge.txt,415,https://openalex.org/W3165621144,https://doi.org/10.1088/2515-7639/ac03ff,2021,"Hollow N,C-co-doped carbon-coated ZnS nanospheres derived from metal organic framework (ZIF-8) with improved lithium and sodium storage performance"
snapshot_2,Topic_metal_sulfide_anodes_2012-2021_Knowledge.txt,416,https://openalex.org/W2189000696,https://doi.org/10.1021/acs.chemrev.5b00370,2015,Light-Driven Heterogeneous Reduction of Carbon Dioxide: Photocatalysts and Photoelectrodes
snapshot_2,Topic_metal_sulfide_anodes_2012-2021_Knowledge.txt,417,https://openalex.org/W1567199935,https://doi.org/10.5772/29132,2012,New Developments in Solid Electrolytes for Thin-Film Lithium Batteries
snapshot_2,Topic_metal_sulfide_anodes_2012-2021_Knowledge.txt,418,https://openalex.org/W2902966062,https://doi.org/10.3389/fmicb.2018.02945,2018,A Novel Inorganic Sulfur Compound Metabolizing Ferroplasma-Like Population Is Suggested to Mediate Extracellular Electron Transfer
snapshot_2,Topic_metal_sulfide_anodes_2012-2021_Knowledge.txt,419,https://openalex.org/W2598995799,https://doi.org/10.1039/c7cp00509a,2017,In situ template synthesis of hollow nanospheres assembled from NiCo<sub>2</sub>S<sub>4</sub>@C ultrathin nanosheets with high electrochemical activities for lithium storage and ORR catalysis
snapshot_2,Topic_metal_sulfide_anodes_2012-2021_Knowledge.txt,420,https://openalex.org/W4255891739,https://doi.org/10.1002/ange.201901840,2019,Hierarchical Metal Sulfide/Carbon Spheres: A Generalized Synthesis and High Sodium‐Storage Performance
snapshot_2,Topic_metal_sulfide_anodes_2012-2021_Knowledge.txt,421,https://openalex.org/W1890282811,https://doi.org/10.1002/adfm.201501478,2015,In Situ Formation of Conductive Metal Sulfide Domain in Metal Oxide Matrix: An Efficient Way to Improve the Electrochemical Activity of Semiconducting Metal Oxide
snapshot_2,Topic_metal_sulfide_anodes_2012-2021_Knowledge.txt,422,https://openalex.org/W2622248414,https://doi.org/10.1149/2.1571707jes,2017,Review—Practical Challenges Hindering the Development of Solid State Li Ion Batteries
snapshot_2,Topic_metal_sulfide_anodes_2012-2021_Knowledge.txt,423,https://openalex.org/W2971763914,https://doi.org/10.1021/acsnano.9b04224,2019,Present and Future of Surface-Enhanced Raman Scattering
snapshot_2,Topic_metal_sulfide_anodes_2012-2021_Knowledge.txt,424,https://openalex.org/W3058656355,https://doi.org/10.1021/acsami.0c11756,2020,Large Interlayer Spacing of Few-Layered Cobalt–Tin-Based Sulfide Providing Superior Sodium Storage
snapshot_2,Topic_metal_sulfide_anodes_2012-2021_Knowledge.txt,425,https://openalex.org/W2989504219,https://doi.org/10.1021/acsami.9b16597,2019,Novel One-Dimensional Hollow Carbon Nanotubes/Selenium Composite for High-Performance Al-Se Batteries
snapshot_2,Topic_metal_sulfide_anodes_2012-2021_Knowledge.txt,426,https://openalex.org/W2995519468,https://doi.org/10.1039/c9ra08558k,2019,Double-layer carbon protected CoS<sub>2</sub> nanoparticles as an advanced anode for sodium-ion batteries
snapshot_2,Topic_metal_sulfide_anodes_2012-2021_Knowledge.txt,427,https://openalex.org/W2920945733,https://doi.org/10.1149/2.1071904jes,2019,Visualized Pulverization via Ex Situ Analyses: Nickel Sulfide Anode Caged in a Hierarchical Carbon
snapshot_2,Topic_metal_sulfide_anodes_2012-2021_Knowledge.txt,428,https://openalex.org/W2612232399,https://doi.org/10.1002/aenm.201700537,2017,A Shell‐Shaped Carbon Architecture with High‐Loading Capability for Lithium Sulfide Cathodes
snapshot_2,Topic_metal_sulfide_anodes_2012-2021_Knowledge.txt,429,https://openalex.org/W4200140686,https://doi.org/10.1021/acssuschemeng.1c06581,2021,High-Performance Li-Metal-Free Sulfur Battery Employing a Lithiated Anatase TiO<sub>2</sub> Anode and a Freestanding Li<sub>2</sub>S–Carbon Aerogel Cathode
snapshot_2,Topic_metal_sulfide_anodes_2012-2021_Knowledge.txt,430,https://openalex.org/W3211593396,https://doi.org/10.1021/acsaem.1c02312,2021,Improving Cycling Stability of Vanadium Sulfide (VS<sub>4</sub>) as a Li Battery Cathode Material Using a Localized High-Concentration Carbonate-Based Electrolyte
snapshot_2,Topic_metal_sulfide_anodes_2012-2021_Knowledge.txt,431,https://openalex.org/W2745464750,https://doi.org/10.1039/c6cs00752j,2017,Counter electrodes in dye-sensitized solar cells
snapshot_2,Topic_metal_sulfide_anodes_2012-2021_Knowledge.txt,432,https://openalex.org/W2592267057,https://doi.org/10.1038/ncomms14264,2017,Low-crystalline iron oxide hydroxide nanoparticle anode for high-performance supercapacitors
snapshot_2,Topic_metal_sulfide_anodes_2012-2021_Knowledge.txt,433,https://openalex.org/W2782570852,https://doi.org/10.1039/c7ra12617d,2018,Three-dimensional macroporous graphene monoliths with entrapped MoS<sub>2</sub>nanoflakes from single-step synthesis for high-performance sodium-ion batteries
snapshot_2,Topic_metal_sulfide_anodes_2012-2021_Knowledge.txt,434,https://openalex.org/W2380691906,https://doi.org/10.1134/s2070205115040255,2015,Kinetics of dissolution of hydrogenated carbon steel in electrolytes with pH close to neutral
snapshot_2,Topic_metal_sulfide_anodes_2012-2021_Knowledge.txt,435,https://openalex.org/W3093021678,https://doi.org/10.1021/acsaem.0c02014,2020,Flower-like Mn/Co Glycerolate-Derived α-MnS/Co<sub>9</sub>S<sub>8</sub>/Carbon Heterostructures for High-Performance Lithium-Ion Batteries
snapshot_2,Topic_metal_sulfide_anodes_2012-2021_Knowledge.txt,436,https://openalex.org/W3088469032,https://doi.org/10.1002/eem2.12138,2020,Bi<sub>2</sub>S<sub>3</sub> Nanorods Hosted on rGO Sheets from Pyrolysis of Molecular Precursors for Efficient Li‐Ion Storage
snapshot_2,Topic_metal_sulfide_anodes_2012-2021_Knowledge.txt,437,https://openalex.org/W2157202716,https://doi.org/10.1039/c4cs00141a,2014,"Heteroatom-doped graphene materials: syntheses, properties and applications"
snapshot_2,Topic_metal_sulfide_anodes_2012-2021_Knowledge.txt,438,https://openalex.org/W3159655728,https://doi.org/10.1021/acs.energyfuels.1c00582,2021,Demonstration of Biocarbon-Added NiS Porous Nanospheres as a Potential Anode for Lithium-Ion Batteries
snapshot_2,Topic_metal_sulfide_anodes_2012-2021_Knowledge.txt,439,https://openalex.org/W2533140760,https://doi.org/10.1002/ente.201600393,2016,A Dual‐Carbon Phase‐Modified and Nanostructured Nickel Sulfide Anode for Sodium‐Ion Batteries
snapshot_2,Topic_metal_sulfide_anodes_2012-2021_Knowledge.txt,440,https://openalex.org/W2414107837,https://doi.org/10.1039/c6cs00173d,2016,The rise of organic electrode materials for energy storage
snapshot_2,Topic_metal_sulfide_anodes_2012-2021_Knowledge.txt,441,https://openalex.org/W2979660621,https://doi.org/10.1021/acsami.9b13629,2019,Surface Anionization of Self-Assembled Iron Sulfide Hierarchitectures to Enhance Capacitive Storage for Alkaline-Metal-Ion Batteries
snapshot_2,Topic_metal_sulfide_anodes_2012-2021_Knowledge.txt,442,https://openalex.org/W2945986935,https://doi.org/10.1002/adma.201901125,2019,Current Status and Future Prospects of Metal–Sulfur Batteries
snapshot_2,Topic_metal_sulfide_anodes_2012-2021_Knowledge.txt,443,https://openalex.org/W3021889311,https://doi.org/10.3390/chemosensors8020034,2020,A Sensitive Impedimetric Sensor Based on Biosourced Polyphosphine Films for the Detection of Lead Ions
snapshot_2,Topic_metal_sulfide_anodes_2012-2021_Knowledge.txt,444,https://openalex.org/W2744496034,https://doi.org/10.1039/c7cs00139h,2017,A review of flexible lithium–sulfur and analogous alkali metal–chalcogen rechargeable batteries
snapshot_2,Topic_metal_sulfide_anodes_2012-2021_Knowledge.txt,445,https://openalex.org/W3200565974,https://doi.org/10.1002/smll.202101845,2021,Hierarchical 3D Cuprous Sulfide Nanoporous Cluster Arrays Self‐Assembled on Copper Foam as a Binder‐Free Cathode for Hybrid Magnesium‐Based Batteries
snapshot_2,Topic_metal_sulfide_anodes_2012-2021_Knowledge.txt,446,https://openalex.org/W2103884570,https://doi.org/10.1002/ese3.95,2015,"Li‐ion batteries: basics, progress, and challenges"
snapshot_2,Topic_metal_sulfide_anodes_2012-2021_Knowledge.txt,447,https://openalex.org/W2885199538,https://doi.org/10.1149/2.1371810jes,2018,One-Step Electrochemical Preparation of Lead Powders and Sulfur Nanoparticles from Solid Lead Sulfide in Deep Eutectic Solvents without SO<sub>2</sub>Gas
snapshot_2,Topic_metal_sulfide_anodes_2012-2021_Knowledge.txt,448,https://openalex.org/W2341914402,https://doi.org/10.1021/acsnano.5b05157,2015,Anti-MoS<sub>2</sub> Nanostructures: Tl<sub>2</sub>S and Its Electrochemical and Electronic Properties
snapshot_2,Topic_metal_sulfide_anodes_2012-2021_Knowledge.txt,449,https://openalex.org/W2996690948,https://doi.org/10.1002/celc.201901923,2019,Hollow Spheres Consisting of SnS Nanosheets Conformally Coated with S‐Doped Carbon for Advanced Lithium‐/Sodium‐Ion Battery Anodes
snapshot_2,Topic_metal_sulfide_anodes_2012-2021_Knowledge.txt,450,https://openalex.org/W2913840193,https://doi.org/10.3390/ma12030407,2019,Corrosion of Metallic Biomaterials: A Review
snapshot_2,Topic_metal_sulfide_anodes_2012-2021_Knowledge.txt,451,https://openalex.org/W2889623623,https://doi.org/10.1002/advs.201801021,2018,TiS<sub>2</sub> as an Advanced Conversion Electrode for Sodium‐Ion Batteries with Ultra‐High Capacity and Long‐Cycle Life
snapshot_2,Topic_metal_sulfide_anodes_2012-2021_Knowledge.txt,452,https://openalex.org/W2770589351,https://doi.org/10.1039/c7nr07359c,2017,<i>In situ</i> carbon encapsulation of vertical MoS<sub>2</sub> arrays with SnO<sub>2</sub> for durable high rate lithium storage: dominant pseudocapacitive behavior
snapshot_2,Topic_metal_sulfide_anodes_2012-2021_Knowledge.txt,453,https://openalex.org/W2218635931,https://doi.org/10.1039/c5mh00260e,2015,The evolution of ‘sol–gel’ chemistry as a technique for materials synthesis
snapshot_2,Topic_metal_sulfide_anodes_2012-2021_Knowledge.txt,454,https://openalex.org/W3198516395,https://doi.org/10.1007/s12274-021-3853-6,2021,Covalent interfacial coupling of vanadium nitride with nitrogen-rich carbon textile boosting its lithium storage performance as binder-free anode
snapshot_2,Topic_metal_sulfide_anodes_2012-2021_Knowledge.txt,455,https://openalex.org/W2789705881,https://doi.org/10.1002/adma.201705590,2018,Revisiting the Role of Polysulfides in Lithium–Sulfur Batteries
snapshot_2,Topic_metal_sulfide_anodes_2012-2021_Knowledge.txt,456,https://openalex.org/W1965606768,https://doi.org/10.1021/nn506223h,2015,Prospects of Nanoscience with Nanocrystals
snapshot_2,Topic_metal_sulfide_anodes_2012-2021_Knowledge.txt,457,https://openalex.org/W3082928566,https://doi.org/10.1007/s10311-020-01075-w,2020,Advanced materials and technologies for supercapacitors used in energy conversion and storage: a review
snapshot_2,Topic_metal_sulfide_anodes_2012-2021_Knowledge.txt,458,https://openalex.org/W3184578984,https://doi.org/10.3390/molecules26144349,2021,A Hierarchically Ordered Mesoporous-Carbon-Supported Iron Sulfide Anode for High-Rate Na-Ion Storage
snapshot_2,Topic_metal_sulfide_anodes_2012-2021_Knowledge.txt,459,https://openalex.org/W2465112285,https://doi.org/10.3390/molecules21070900,2016,Photocatalytic Water Splitting—The Untamed Dream: A Review of Recent Advances
snapshot_2,Topic_metal_sulfide_anodes_2012-2021_Knowledge.txt,460,https://openalex.org/W3010955359,https://doi.org/10.1088/1361-6528/ab8086,2020,Ultrathin rGO-wrapped free-standing bimetallic CoNi <sub>2</sub> S <sub>4</sub> -carbon nanofibers: an efficient and robust bifunctional electrocatalyst for water splitting
snapshot_2,Topic_metal_sulfide_anodes_2012-2021_Knowledge.txt,461,https://openalex.org/W2905742006,https://doi.org/10.1126/sciadv.aau9245,2018,Fluorinated solid electrolyte interphase enables highly reversible solid-state Li metal battery
snapshot_2,Topic_metal_sulfide_anodes_2012-2021_Knowledge.txt,462,https://openalex.org/W3183411164,https://doi.org/10.3390/min11070784,2021,Worth from Waste: Utilizing a Graphite-Rich Fraction from Spent Lithium-Ion Batteries as Alternative Reductant in Nickel Slag Cleaning
snapshot_2,Topic_metal_sulfide_anodes_2012-2021_Knowledge.txt,463,https://openalex.org/W2753349180,https://doi.org/10.1039/c7cc06729a,2017,Mild synthesis of monodisperse tin nanocrystals and tin chalcogenide hollow nanostructures
snapshot_2,Topic_metal_sulfide_anodes_2012-2021_Knowledge.txt,464,https://openalex.org/W3213417374,https://doi.org/10.1021/acsnano.1c03839,2021,Non-Equilibrium Sodiation Pathway of CuSbS<sub>2</sub>
snapshot_2,Topic_metal_sulfide_anodes_2012-2021_Knowledge.txt,465,https://openalex.org/W3216896300,https://doi.org/10.1021/acsami.1c19454,2021,Joint Enhancement in the Electrochemical Reversibility and Cycle Lives for Copper Sulfide for Sodium- and Potassium-Ion Storage via Selenium Substitution
snapshot_2,Topic_metal_sulfide_anodes_2012-2021_Knowledge.txt,466,https://openalex.org/W1602823229,https://doi.org/10.1149/2.0061511jes,2015,Prevention of Sulfur Poisoning and Performance Recovery of Sulfur-Poisoned-Anode Electrode by Shifting Anode Electrode Potential
snapshot_2,Topic_metal_sulfide_anodes_2012-2021_Knowledge.txt,467,https://openalex.org/W2342701378,https://doi.org/10.1021/acs.chemmater.6b01275,2016,Ion-Exchange and Cation Solvation Reactions in Ti<sub>3</sub>C<sub>2</sub> MXene
snapshot_2,Topic_metal_sulfide_anodes_2012-2021_Knowledge.txt,468,https://openalex.org/W2899983355,https://doi.org/10.1007/s40820-018-0229-x,2018,Heterostructured Electrocatalysts for Hydrogen Evolution Reaction Under Alkaline Conditions
snapshot_2,Topic_metal_sulfide_anodes_2012-2021_Knowledge.txt,469,https://openalex.org/W2808363512,https://doi.org/10.1039/c7cs00619e,2018,Electrochemical strategies for C–H functionalization and C–N bond formation
snapshot_2,Topic_metal_sulfide_anodes_2012-2021_Knowledge.txt,470,https://openalex.org/W2188213095,N/A,2013,Experimental Study of Factors Affecting Corrosion in Gas Wells Using Potantio Acetate and Galvan Acetate Tests
snapshot_2,Topic_metal_sulfide_anodes_2012-2021_Knowledge.txt,471,https://openalex.org/W2886199627,https://doi.org/10.1021/acsaem.8b00919,2018,"Double-Layer N,S-Codoped Carbon Protection of MnS Nanoparticles Enabling Ultralong-Life and High-Rate Lithium Ion Storage"
snapshot_2,Topic_metal_sulfide_anodes_2012-2021_Knowledge.txt,472,https://openalex.org/W2767183005,https://doi.org/10.1149/2.0091801jes,2017,Operando Spectromicroscopy of Sulfur Species in Lithium-Sulfur Batteries
snapshot_2,Topic_metal_sulfide_anodes_2012-2021_Knowledge.txt,473,https://openalex.org/W2616203056,https://doi.org/10.1149/07701.0065ecst,2017,Slurry-Processed Glass-Ceramic LI <sub>2</sub> S-P <sub>2</sub> S <sub>5</sub> -LiI Electrolyte for All-Solid-State Li-Ion Batteries
snapshot_2,Topic_metal_sulfide_anodes_2012-2021_Knowledge.txt,474,https://openalex.org/W2110358935,https://doi.org/10.3791/52705,2015,Making Record-efficiency SnS Solar Cells by Thermal Evaporation and Atomic Layer Deposition
snapshot_2,Topic_metal_sulfide_anodes_2012-2021_Knowledge.txt,475,https://openalex.org/W2918009072,https://doi.org/10.1038/s41467-019-08805-x,2019,Promoting electrocatalytic CO2 reduction to formate via sulfur-boosting water activation on indium surfaces
snapshot_2,Topic_metal_sulfide_anodes_2012-2021_Knowledge.txt,476,https://openalex.org/W3163419321,https://doi.org/10.1021/acsami.1c05702,2021,Site-Selective Transformation for Preparing Tripod-like NiCo-Sulfides@Carbon Boosts Enhanced Areal Capacity and Cycling Reliability
snapshot_2,Topic_metal_sulfide_anodes_2012-2021_Knowledge.txt,477,https://openalex.org/W2800286744,https://doi.org/10.1039/c8ra01554f,2018,An electrochemical anodization strategy towards high-activity porous MoS<sub>2</sub> electrodes for the hydrogen evolution reaction
snapshot_2,Topic_metal_sulfide_anodes_2012-2021_Knowledge.txt,478,https://openalex.org/W2216081842,https://doi.org/10.1039/c5ee03440j,2015,Vertically oriented cobalt selenide/NiFe layered-double-hydroxide nanosheets supported on exfoliated graphene foil: an efficient 3D electrode for overall water splitting
snapshot_2,Topic_metal_sulfide_anodes_2012-2021_Knowledge.txt,479,https://openalex.org/W4210324288,https://doi.org/10.1002/ange.201905875,2019,A Four‐Electron Sulfur Electrode Hosting a Cu<sup>2+</sup>/Cu<sup>+</sup> Redox Charge Carrier
snapshot_2,Topic_metal_sulfide_anodes_2012-2021_Knowledge.txt,480,https://openalex.org/W3185595614,https://doi.org/10.1021/acsanm.1c01069,2021,N-Doped Carbon–WS<sub>2</sub> Nanosheet Composites for Lithium-Ion Storage
snapshot_2,Topic_metal_sulfide_anodes_2012-2021_Knowledge.txt,481,https://openalex.org/W3043448976,https://doi.org/10.1021/acsami.0c08564,2020,Rational Designed Mixed-Conductive Sulfur Cathodes for All-Solid-State Lithium Batteries
snapshot_2,Topic_metal_sulfide_anodes_2012-2021_Knowledge.txt,482,https://openalex.org/W2970823260,https://doi.org/10.1016/j.electacta.2019.134766,2019,Thickness-dependent electrochemical response of plasma enhanced atomic layer deposited WS2 anodes in Na-ion battery
snapshot_2,Topic_metal_sulfide_anodes_2012-2021_Knowledge.txt,483,https://openalex.org/W2808814933,https://doi.org/10.1038/s41467-018-04888-0,2018,Systematic design of superaerophobic nanotube-array electrode comprised of transition-metal sulfides for overall water splitting
snapshot_2,Topic_metal_sulfide_anodes_2012-2021_Knowledge.txt,484,https://openalex.org/W2805857153,https://doi.org/10.1038/s41467-018-02889-7,2018,Boosting lithium storage in covalent organic framework via activation of 14-electron redox chemistry
snapshot_2,Topic_metal_sulfide_anodes_2012-2021_Knowledge.txt,485,https://openalex.org/W2044503539,https://doi.org/10.1039/c2ra20839c,2012,Addressing the terawatt challenge: scalability in the supply of chemical elements for renewable energy
snapshot_2,Topic_metal_sulfide_anodes_2012-2021_Knowledge.txt,486,https://openalex.org/W2994940560,https://doi.org/10.1007/s40820-019-0337-2,2019,Dendritic Nanostructured Waste Copper Wires for High-Energy Alkaline Battery
snapshot_2,Topic_metal_sulfide_anodes_2012-2021_Knowledge.txt,487,https://openalex.org/W3138140996,https://doi.org/10.1002/celc.202100247,2021,Hierarchical CuCo<sub>2</sub>S<sub>4</sub> Nanoflake Arrays Grown on Carbon Cloth: A Remarkable Bifunctional Electrocatalyst for Overall Water Splitting
snapshot_2,Topic_metal_sulfide_anodes_2012-2021_Knowledge.txt,488,https://openalex.org/W2053654950,https://doi.org/10.1073/pnas.1117592109,2012,Microbial interspecies electron transfer via electric currents through conductive minerals
snapshot_2,Topic_metal_sulfide_anodes_2012-2021_Knowledge.txt,489,https://openalex.org/W2067201584,https://doi.org/10.1039/c2ra22351a,2012,Recent advances in electrochemical glucose biosensors: a review
snapshot_2,Topic_metal_sulfide_anodes_2012-2021_Knowledge.txt,490,https://openalex.org/W2947365454,https://doi.org/10.1002/slct.201901041,2019,TiO <sub>2</sub> /rGO/CuS Nanocomposites for Efficient Photocatalytic Degradation of Rhodamine‐B Dye
snapshot_2,Topic_metal_sulfide_anodes_2012-2021_Knowledge.txt,491,https://openalex.org/W2262464189,https://doi.org/10.1038/ncomms8149,2015,Wearable red–green–blue quantum dot light-emitting diode array using high-resolution intaglio transfer printing
snapshot_2,Topic_metal_sulfide_anodes_2012-2021_Knowledge.txt,492,https://openalex.org/W3211291174,https://doi.org/10.1021/acs.energyfuels.1c02810,2021,Synergistic Effect of Bimetallic Sulfide Synthesized by a Simple Solvothermal Method for High-Efficiency Oxygen Evolution Reaction
snapshot_2,Topic_metal_sulfide_anodes_2012-2021_Knowledge.txt,493,https://openalex.org/W3148416643,https://doi.org/10.1039/d1ee00505g,2021,High-entropy energy materials: challenges and new opportunities
snapshot_2,Topic_metal_sulfide_anodes_2012-2021_Knowledge.txt,494,https://openalex.org/W3189065864,https://doi.org/10.1039/d1ee01530c,2021,Battery cost forecasting: a review of methods and results with an outlook to 2050
snapshot_2,Topic_metal_sulfide_anodes_2012-2021_Knowledge.txt,495,https://openalex.org/W2776959763,https://doi.org/10.3133/pp1802o,2017,Rare-earth elements
snapshot_2,Topic_metal_sulfide_anodes_2012-2021_Knowledge.txt,496,https://openalex.org/W2902256955,https://doi.org/10.1039/c8ee03252a,2018,Freestanding 1T MoS<sub>2</sub>/graphene heterostructures as a highly efficient electrocatalyst for lithium polysulfides in Li–S batteries
snapshot_2,Topic_metal_sulfide_anodes_2012-2021_Knowledge.txt,497,https://openalex.org/W3152601855,https://doi.org/10.1007/s40145-021-0477-y,2021,"High-entropy ceramics: Present status, challenges, and a look forward"
snapshot_2,Topic_metal_sulfide_anodes_2012-2021_Knowledge.txt,498,https://openalex.org/W2570189725,https://doi.org/10.3389/fmicb.2016.02106,2017,"Resource Recovery from Wastewater by Biological Technologies: Opportunities, Challenges, and Prospects"
snapshot_2,Topic_metal_sulfide_anodes_2012-2021_Knowledge.txt,499,https://openalex.org/W2773352941,https://doi.org/10.1002/aenm.201702384,2017,Recent Progress and Perspective in Electrode Materials for K‐Ion Batteries
snapshot_2,Topic_metal_sulfide_anodes_2012-2021_Knowledge.txt,500,https://openalex.org/W2046102090,https://doi.org/10.1371/journal.pone.0101298,2014,Life Cycle Assessment of Metals: A Scientific Synthesis
