source_snapshot,source_file,local_id,openalex_id,doi,year,title
snapshot_1,Topic_graphitic_carbon_framework_2013-2022_Knowledge.txt,1,https://openalex.org/W2755964115,https://doi.org/10.1021/acsami.7b09897,2017,Architecting a Mesoporous N-Doped Graphitic Carbon Framework Encapsulating CoTe<sub>2</sub> as an Efficient Oxygen Evolution Electrocatalyst
snapshot_1,Topic_graphitic_carbon_framework_2013-2022_Knowledge.txt,2,https://openalex.org/W2157213242,https://doi.org/10.1002/smll.201402636,2014,Dispersing Molecular Cobalt in Graphitic Carbon Nitride Frameworks for Photocatalytic Water Oxidation
snapshot_1,Topic_graphitic_carbon_framework_2013-2022_Knowledge.txt,3,https://openalex.org/W2604255172,https://doi.org/10.1007/s12274-017-1454-1,2017,"Three-dimensionally ordered, ultrathin graphitic-carbon frameworks with cage-like mesoporosity for highly stable Li-S batteries"
snapshot_1,Topic_graphitic_carbon_framework_2013-2022_Knowledge.txt,4,https://openalex.org/W1906621440,https://doi.org/10.1021/acscentsci.5b00149,2015,Ultrahigh Surface Area Three-Dimensional Porous Graphitic Carbon from Conjugated Polymeric Molecular Framework
snapshot_1,Topic_graphitic_carbon_framework_2013-2022_Knowledge.txt,5,https://openalex.org/W2316660416,https://doi.org/10.1039/c6ee00551a,2016,Switching effective oxygen reduction and evolution performance by controlled graphitization of a cobalt–nitrogen–carbon framework system
snapshot_1,Topic_graphitic_carbon_framework_2013-2022_Knowledge.txt,6,https://openalex.org/W2558915909,https://doi.org/10.1039/c6ta08016b,2016,High oxygen reduction activity on a metal–organic framework derived carbon combined with high degree of graphitization and pyridinic-N dopants
snapshot_1,Topic_graphitic_carbon_framework_2013-2022_Knowledge.txt,7,https://openalex.org/W2099761318,https://doi.org/10.1039/c5nr04436g,2015,Graphitic carbon nitride nanosheet@metal–organic framework core–shell nanoparticles for photo-chemo combination therapy
snapshot_1,Topic_graphitic_carbon_framework_2013-2022_Knowledge.txt,8,https://openalex.org/W2898564503,https://doi.org/10.1021/acsaem.8b00956,2018,Synergistic Effects of Boron and Sulfur Co-doping into Graphitic Carbon Nitride Framework for Enhanced Photocatalytic Activity in Visible Light Driven Hydrogen Generation
snapshot_1,Topic_graphitic_carbon_framework_2013-2022_Knowledge.txt,9,https://openalex.org/W4313171357,https://doi.org/10.1039/d2ta06088d,2022,CoFe alloy nanoparticles encapsulated in a 3D honeycomb-like N-doped graphitic carbon framework for photocatalytic CO<sub>2</sub>reduction
snapshot_1,Topic_graphitic_carbon_framework_2013-2022_Knowledge.txt,10,https://openalex.org/W2793536622,https://doi.org/10.1002/anie.201712959,2018,Confined Self‐Assembly in Two‐Dimensional Interlayer Space: Monolayered Mesoporous Carbon Nanosheets with In‐Plane Orderly Arranged Mesopores and a Highly Graphitized Framework
snapshot_1,Topic_graphitic_carbon_framework_2013-2022_Knowledge.txt,11,https://openalex.org/W2080374464,https://doi.org/10.1002/asia.201500131,2015,Direct Synthesis of Porous Nanorod‐Type Graphitic Carbon Nitride/CuO Composite from Cu–Melamine Supramolecular Framework towards Enhanced Photocatalytic Performance
snapshot_1,Topic_graphitic_carbon_framework_2013-2022_Knowledge.txt,12,https://openalex.org/W2790656902,https://doi.org/10.1021/acs.accounts.7b00535,2018,Metal-Free Carbocatalysis in Advanced Oxidation Reactions
snapshot_1,Topic_graphitic_carbon_framework_2013-2022_Knowledge.txt,13,https://openalex.org/W3039178874,https://doi.org/10.1039/d0nr03041d,2020,Assembling well-arranged covalent organic frameworks on MOF-derived graphitic carbon for remarkable formaldehyde sensing
snapshot_1,Topic_graphitic_carbon_framework_2013-2022_Knowledge.txt,14,https://openalex.org/W4284898740,https://doi.org/10.1002/sstr.202200015,2022,Embedding Metal–Organic Frameworks for the Design of Flexible Hybrid Supercapacitors by Electrospinning: Synthesis of Highly Graphitized Carbon Nanofibers Containing Metal Oxide Nanoparticles
snapshot_1,Topic_graphitic_carbon_framework_2013-2022_Knowledge.txt,15,https://openalex.org/W3092429738,https://doi.org/10.1002/anie.202012936,2020,Ordered Mesoporous Carbons with Graphitic Tubular Frameworks by Dual Templating for Efficient Electrocatalysis and Energy Storage
snapshot_1,Topic_graphitic_carbon_framework_2013-2022_Knowledge.txt,16,https://openalex.org/W3080851902,https://doi.org/10.1021/acsami.0c12069,2020,ZIF67@MFC-Derived Co/N-C@CNFs Interconnected Frameworks with Graphitic Carbon-Encapsulated Co Nanoparticles as Highly Stable and Efficient Electrocatalysts for Oxygen Reduction Reactions
snapshot_1,Topic_graphitic_carbon_framework_2013-2022_Knowledge.txt,17,https://openalex.org/W2887044477,https://doi.org/10.1021/acs.chemmater.8b02275,2018,Carbon Thin-Layer-Protected Active Sites for ZIF-8-Derived Nitrogen-Enriched Carbon Frameworks/Expanded Graphite as Metal-Free Catalysts for Oxygen Reduction in Acidic Media
snapshot_1,Topic_graphitic_carbon_framework_2013-2022_Knowledge.txt,18,https://openalex.org/W3019147138,https://doi.org/10.1002/smll.202001100,2020,Defects Engineering Leads to Enhanced Photocatalytic H<sub>2</sub> Evolution on Graphitic Carbon Nitride–Covalent Organic Framework Nanosheet Composite
snapshot_1,Topic_graphitic_carbon_framework_2013-2022_Knowledge.txt,19,https://openalex.org/W2567554065,https://doi.org/10.1002/smll.201603279,2016,A Metal‐Organic Framework Approach toward Highly Nitrogen‐Doped Graphitic Carbon as a Metal‐Free Photocatalyst for Hydrogen Evolution
snapshot_1,Topic_graphitic_carbon_framework_2013-2022_Knowledge.txt,20,https://openalex.org/W2767722851,https://doi.org/10.1039/c7ta03027d,2017,Graphitic nanostructures in a porous carbon framework significantly enhance electrocatalytic oxygen evolution
snapshot_1,Topic_graphitic_carbon_framework_2013-2022_Knowledge.txt,21,https://openalex.org/W2963271393,https://doi.org/10.1021/acsami.9b09312,2019,Versatile Functional Porous Cobalt–Nickel Phosphide–Carbon Cocatalyst Derived from a Metal–Organic Framework for Boosting the Photocatalytic Activity of Graphitic Carbon Nitride
snapshot_1,Topic_graphitic_carbon_framework_2013-2022_Knowledge.txt,22,https://openalex.org/W4296481936,https://doi.org/10.1021/acsaem.2c02415,2022,High-Performance Lithium-Ion Battery and Supercapacitors Using Covalent Organic Frameworks (COFs)/Graphitic Carbon Nitride (g-C<sub>3</sub>N<sub>4</sub>)-Derived Hierarchical N-Doped Carbon
snapshot_1,Topic_graphitic_carbon_framework_2013-2022_Knowledge.txt,23,https://openalex.org/W2562932657,https://doi.org/10.1002/aenm.201601979,2016,1D Co‐ and N‐Doped Hierarchically Porous Carbon Nanotubes Derived from Bimetallic Metal Organic Framework for Efficient Oxygen and Tri‐iodide Reduction Reactions
snapshot_1,Topic_graphitic_carbon_framework_2013-2022_Knowledge.txt,24,https://openalex.org/W1872001489,https://doi.org/10.1002/adma.201502315,2015,From Bimetallic Metal‐Organic Framework to Porous Carbon: High Surface Area and Multicomponent Active Dopants for Excellent Electrocatalysis
snapshot_1,Topic_graphitic_carbon_framework_2013-2022_Knowledge.txt,25,https://openalex.org/W2904512220,https://doi.org/10.1002/cctc.201801678,2018,The Vital Balance of Graphitization and Defect Engineering for Efficient Bifunctional Oxygen Electrocatalyst Based on N‐doping Carbon/CNT Frameworks
snapshot_1,Topic_graphitic_carbon_framework_2013-2022_Knowledge.txt,26,https://openalex.org/W2898310324,https://doi.org/10.1002/aenm.201802404,2018,2D Metal Organic Framework‐Graphitic Carbon Nanocomposites as Precursors for High‐Performance O<sub>2</sub>‐Evolution Electrocatalysts
snapshot_1,Topic_graphitic_carbon_framework_2013-2022_Knowledge.txt,27,https://openalex.org/W1873019407,https://doi.org/10.1039/c5cc03946k,2015,"(Fe,Co)@nitrogen-doped graphitic carbon nanocubes derived from polydopamine-encapsulated metal–organic frameworks as a highly stable and selective non-precious oxygen reduction electrocatalyst"
snapshot_1,Topic_graphitic_carbon_framework_2013-2022_Knowledge.txt,28,https://openalex.org/W2295073251,https://doi.org/10.1002/anie.201600750,2016,Pomegranate‐Inspired Design of Highly Active and Durable Bifunctional Electrocatalysts for Rechargeable Metal–Air Batteries
snapshot_1,Topic_graphitic_carbon_framework_2013-2022_Knowledge.txt,29,https://openalex.org/W2025925068,https://doi.org/10.1021/ja511539a,2015,Thermal Conversion of Core–Shell Metal–Organic Frameworks: A New Method for Selectively Functionalized Nanoporous Hybrid Carbon
snapshot_1,Topic_graphitic_carbon_framework_2013-2022_Knowledge.txt,30,https://openalex.org/W2807962316,https://doi.org/10.1002/admi.201800473,2018,"Bifunctional Hybrid Ni/Ni<sub>2</sub>P Nanoparticles Encapsulated by Graphitic Carbon Supported with N, S Modified 3D Carbon Framework for Highly Efficient Overall Water Splitting"
snapshot_1,Topic_graphitic_carbon_framework_2013-2022_Knowledge.txt,31,https://openalex.org/W2061935869,https://doi.org/10.1063/1.4897201,2014,Hierarchical mesoporous/microporous carbon with graphitized frameworks for high-performance lithium-ion batteries
snapshot_1,Topic_graphitic_carbon_framework_2013-2022_Knowledge.txt,32,https://openalex.org/W3042694330,https://doi.org/10.1021/acsami.0c10047,2020,Superhierarchical Conductive Framework Implanted with Nickel/Graphitic Carbon Nanocages as Sulfur/Lithium Metal Dual-Role Hosts for Li–S Batteries
snapshot_1,Topic_graphitic_carbon_framework_2013-2022_Knowledge.txt,33,https://openalex.org/W3182728655,https://doi.org/10.1021/acs.est.1c00728,2021,Bifunctional Fe for Induced Graphitization and Catalytic Ozonation Based on a Fe/N-Doped Carbon–Al<sub>2</sub>O<sub>3</sub> Framework: Theoretical Calculations Guided Catalyst Design and Optimization
snapshot_1,Topic_graphitic_carbon_framework_2013-2022_Knowledge.txt,34,https://openalex.org/W3120595236,https://doi.org/10.1021/acsami.0c16205,2021,Bimetallic Metal–Organic Framework-Derived Graphitic Carbon-Coated Small Co/VN Nanoparticles as Advanced Trifunctional Electrocatalysts
snapshot_1,Topic_graphitic_carbon_framework_2013-2022_Knowledge.txt,35,https://openalex.org/W2953796979,https://doi.org/10.1002/pat.4693,2019,"Metal‐organic framework MIL‐53 (Fe)@C/graphite carbon nitride hybrids with enhanced thermal stability, flame retardancy, and smoke suppression for unsaturated polyester resin"
snapshot_1,Topic_graphitic_carbon_framework_2013-2022_Knowledge.txt,36,https://openalex.org/W2013845325,https://doi.org/10.1039/c3ta10897j,2013,From coconut shell to porous graphene-like nanosheets for high-power supercapacitors
snapshot_1,Topic_graphitic_carbon_framework_2013-2022_Knowledge.txt,37,https://openalex.org/W2740406388,https://doi.org/10.1039/c7ta04685e,2017,"Temperature-directed growth of highly pyridinic nitrogen doped, graphitized, ultra-hollow carbon frameworks as an efficient electrocatalyst for the oxygen reduction reaction"
snapshot_1,Topic_graphitic_carbon_framework_2013-2022_Knowledge.txt,38,https://openalex.org/W1862869462,https://doi.org/10.1039/c5ta01457c,2015,Metal organic framework-derived Fe/C nanocubes toward efficient microwave absorption
snapshot_1,Topic_graphitic_carbon_framework_2013-2022_Knowledge.txt,39,https://openalex.org/W2801898026,https://doi.org/10.1039/c8dt00823j,2018,Nitrogen-doped graphitic hierarchically porous carbon nanofibers obtained <i>via</i> bimetallic-coordination organic framework modification and their application in supercapacitors
snapshot_1,Topic_graphitic_carbon_framework_2013-2022_Knowledge.txt,40,https://openalex.org/W2132060293,https://doi.org/10.1039/c4nr00348a,2014,Highly graphitized nitrogen-doped porous carbon nanopolyhedra derived from ZIF-8 nanocrystals as efficient electrocatalysts for oxygen reduction reactions
snapshot_1,Topic_graphitic_carbon_framework_2013-2022_Knowledge.txt,41,https://openalex.org/W2755768317,https://doi.org/10.1021/jacs.7b06514,2017,Single Atomic Iron Catalysts for Oxygen Reduction in Acidic Media: Particle Size Control and Thermal Activation
snapshot_1,Topic_graphitic_carbon_framework_2013-2022_Knowledge.txt,42,https://openalex.org/W2789585890,https://doi.org/10.1021/acsami.8b02423,2018,Highly Porous Metal-Free Graphitic Carbon Derived from Metal–Organic Framework for Profiling of N-Linked Glycans
snapshot_1,Topic_graphitic_carbon_framework_2013-2022_Knowledge.txt,43,https://openalex.org/W1698664271,https://doi.org/10.1021/acsnano.5b01790,2015,Asymmetric Supercapacitors Using 3D Nanoporous Carbon and Cobalt Oxide Electrodes Synthesized from a Single Metal–Organic Framework
snapshot_1,Topic_graphitic_carbon_framework_2013-2022_Knowledge.txt,44,https://openalex.org/W3213401436,https://doi.org/10.1039/d1sm01540k,2021,"Pickering emulsions stabilized by metal–organic frameworks, graphitic carbon nitride and graphene oxide"
snapshot_1,Topic_graphitic_carbon_framework_2013-2022_Knowledge.txt,45,https://openalex.org/W2982484039,https://doi.org/10.3390/nano9111539,2019,Ce-Doped Graphitic Carbon Nitride Derived from Metal Organic Frameworks as a Visible Light-Responsive Photocatalyst for H2 Production
snapshot_1,Topic_graphitic_carbon_framework_2013-2022_Knowledge.txt,46,https://openalex.org/W4293739855,https://doi.org/10.1002/er.8575,2022,Hybrid electrodes composed of graphitic carbon nitride and zeolitic imidazolate framework‐67 for supercapacitor applications
snapshot_1,Topic_graphitic_carbon_framework_2013-2022_Knowledge.txt,47,https://openalex.org/W3153958026,https://doi.org/10.1039/d1fd00010a,2021,Improved photodegradation of anionic dyes using a complex graphitic carbon nitride and iron-based metal–organic framework material
snapshot_1,Topic_graphitic_carbon_framework_2013-2022_Knowledge.txt,48,https://openalex.org/W2385556747,https://doi.org/10.1021/acscatal.6b00922,2016,Tri-<i>s</i>-triazine-Based Crystalline Graphitic Carbon Nitrides for Highly Efficient Hydrogen Evolution Photocatalysis
snapshot_1,Topic_graphitic_carbon_framework_2013-2022_Knowledge.txt,49,https://openalex.org/W3202604435,https://doi.org/10.1021/acsomega.1c03427,2021,Zeolite Imidazolate Frameworks-67 Precursor to Fabricate a Highly Active Cobalt-Embedded N-Doped Porous Graphitized Carbon Catalyst for the Thermal Decomposition of Ammonium Perchlorate
snapshot_1,Topic_graphitic_carbon_framework_2013-2022_Knowledge.txt,50,https://openalex.org/W2626633488,https://doi.org/10.1002/adma.201700874,2017,Metal–Organic‐Framework‐Derived Hybrid Carbon Nanocages as a Bifunctional Electrocatalyst for Oxygen Reduction and Evolution
snapshot_1,Topic_graphitic_carbon_framework_2013-2022_Knowledge.txt,51,https://openalex.org/W2921844146,https://doi.org/10.1002/celc.201900244,2019,Ultrasmall Iron Fluoride Nanoparticles Embedded in Graphitized Porous Carbon Derived from Fe‐Based Metal Organic Frameworks as High‐Performance Cathode Materials for Li Batteries
snapshot_1,Topic_graphitic_carbon_framework_2013-2022_Knowledge.txt,52,https://openalex.org/W3204455239,https://doi.org/10.1021/acsanm.1c02092,2021,Graphitic Carbon Nitride/Zeolitic Imidazolate Framework-8 Nanoparticles with Antibacterial Properties for Textile Coating
snapshot_1,Topic_graphitic_carbon_framework_2013-2022_Knowledge.txt,53,https://openalex.org/W2121095538,https://doi.org/10.1002/adma.201500783,2015,In‐Situ Formation of Hollow Hybrids Composed of Cobalt Sulfides Embedded within Porous Carbon Polyhedra/Carbon Nanotubes for High‐Performance Lithium‐Ion Batteries
snapshot_1,Topic_graphitic_carbon_framework_2013-2022_Knowledge.txt,54,https://openalex.org/W2994832218,https://doi.org/10.3390/molecules24244529,2019,Building MOF Nanocomposites with Oxidized Graphitic Carbon Nitride Nanospheres: The Effect of Framework Geometry on the Structural Heterogeneity
snapshot_1,Topic_graphitic_carbon_framework_2013-2022_Knowledge.txt,55,https://openalex.org/W2753768432,https://doi.org/10.1002/ppsc.201700221,2017,Oligomer‐Incorporated Polymeric Layer Framework of Graphitic Carbon Nitride for Effective Photocatalytic Hydrogen Evolution
snapshot_1,Topic_graphitic_carbon_framework_2013-2022_Knowledge.txt,56,https://openalex.org/W1899600941,https://doi.org/10.1002/adma.201502057,2015,Macroscopic 3D Porous Graphitic Carbon Nitride Monolith for Enhanced Photocatalytic Hydrogen Evolution
snapshot_1,Topic_graphitic_carbon_framework_2013-2022_Knowledge.txt,57,https://openalex.org/W1977993325,https://doi.org/10.1002/smll.201302910,2014,Direct Synthesis of MOF‐Derived Nanoporous Carbon with Magnetic Co Nanoparticles toward Efficient Water Treatment
snapshot_1,Topic_graphitic_carbon_framework_2013-2022_Knowledge.txt,58,https://openalex.org/W3092529392,https://doi.org/10.1021/acsanm.0c02210,2020,W<sub>18</sub>O<sub>49</sub> Frameworks Decorated with Graphitic Carbon Nitride Quantum Dots for Photocatalytic Hydrogen Production
snapshot_1,Topic_graphitic_carbon_framework_2013-2022_Knowledge.txt,59,https://openalex.org/W2889402374,https://doi.org/10.1021/acsanm.8b01027,2018,Zeolitic Imidazolate Framework-Mediated Synthesis of Co<sub>3</sub>O<sub>4</sub> Nanoparticles Encapsulated in N-Doped Graphitic Carbon as an Efficient Catalyst for Selective Oxidation of Hydrocarbons
snapshot_1,Topic_graphitic_carbon_framework_2013-2022_Knowledge.txt,60,https://openalex.org/W2132827642,https://doi.org/10.1002/anie.201207918,2013,Nitrogen‐Doped sp<sup>2</sup>‐Hybridized Carbon as a Superior Catalyst for Selective Oxidation
snapshot_1,Topic_graphitic_carbon_framework_2013-2022_Knowledge.txt,61,https://openalex.org/W2898654467,https://doi.org/10.1039/c8dt02250j,2018,Metal–organic frameworks-derived core–shell Fe<sub>3</sub>O<sub>4</sub>/Fe<sub>3</sub>N@graphite carbon nanocomposites as excellent non-precious metal electrocatalyst for oxygen reduction
snapshot_1,Topic_graphitic_carbon_framework_2013-2022_Knowledge.txt,62,https://openalex.org/W2964407265,https://doi.org/10.1002/adma.201902339,2019,Interfacing Manganese Oxide and Cobalt in Porous Graphitic Carbon Polyhedrons Boosts Oxygen Electrocatalysis for Zn–Air Batteries
snapshot_1,Topic_graphitic_carbon_framework_2013-2022_Knowledge.txt,63,https://openalex.org/W2541186731,https://doi.org/10.1039/c6ta07424c,2016,An in situ porous cuprous oxide/nitrogen-rich graphitic carbon nanocomposite derived from a metal–organic framework for visible light driven hydrogen evolution
snapshot_1,Topic_graphitic_carbon_framework_2013-2022_Knowledge.txt,64,https://openalex.org/W4210478443,https://doi.org/10.1039/d1dt03709a,2022,Integration of porous graphitic carbon and carbon fiber framework for ultrahigh sulfur-loading lithium–sulfur battery
snapshot_1,Topic_graphitic_carbon_framework_2013-2022_Knowledge.txt,65,https://openalex.org/W2414163277,https://doi.org/10.1021/acsami.6b03527,2016,Facile Self-Cross-Linking Synthesis of 3D Nanoporous Co<sub>3</sub>O<sub>4</sub>/Carbon Hybrid Electrode Materials for Supercapacitors
snapshot_1,Topic_graphitic_carbon_framework_2013-2022_Knowledge.txt,66,https://openalex.org/W2758874962,https://doi.org/10.1126/science.aan6245,2017,MOF-derived cobalt nanoparticles catalyze a general synthesis of amines
snapshot_1,Topic_graphitic_carbon_framework_2013-2022_Knowledge.txt,67,https://openalex.org/W2094314521,https://doi.org/10.1039/c4cs00071d,2014,"Porous carbon spheres and monoliths: morphology control, pore size tuning and their applications as Li-ion battery anode materials"
snapshot_1,Topic_graphitic_carbon_framework_2013-2022_Knowledge.txt,68,https://openalex.org/W2609581779,https://doi.org/10.1002/adma.201606534,2017,“Wiring” Fe‐N<sub><i>x</i></sub>‐Embedded Porous Carbon Framework onto 1D Nanotubes for Efficient Oxygen Reduction Reaction in Alkaline and Acidic Media
snapshot_1,Topic_graphitic_carbon_framework_2013-2022_Knowledge.txt,69,https://openalex.org/W2619234202,https://doi.org/10.1021/jacs.7b01942,2017,General Oriented Formation of Carbon Nanotubes from Metal–Organic Frameworks
snapshot_1,Topic_graphitic_carbon_framework_2013-2022_Knowledge.txt,70,https://openalex.org/W3043870120,https://doi.org/10.1016/j.jelechem.2020.114493,2020,Determination of isoniazid by a copper-based metal-organic frameworks/carbon nitride quantum dots modified pencil graphite electrode as a highly sensitive and selective sensor
snapshot_1,Topic_graphitic_carbon_framework_2013-2022_Knowledge.txt,71,https://openalex.org/W3147122627,https://doi.org/10.1021/jacs.1c00504,2021,Single-Atom-Substituted Mo<sub>2</sub>C<i>T</i><sub><i>x</i></sub>:Fe-Layered Carbide for Selective Oxygen Reduction to Hydrogen Peroxide: Tracking the Evolution of the MXene Phase
snapshot_1,Topic_graphitic_carbon_framework_2013-2022_Knowledge.txt,72,https://openalex.org/W2588723653,https://doi.org/10.1021/acs.accounts.6b00635,2017,Surface and Interface Engineering of Noble-Metal-Free Electrocatalysts for Efficient Energy Conversion Processes
snapshot_1,Topic_graphitic_carbon_framework_2013-2022_Knowledge.txt,73,https://openalex.org/W2955848829,https://doi.org/10.1021/acsami.9b08525,2019,"Core–Shell CoNi@Graphitic Carbon Decorated on B,N-Codoped Hollow Carbon Polyhedrons toward Lightweight and High-Efficiency Microwave Attenuation"
snapshot_1,Topic_graphitic_carbon_framework_2013-2022_Knowledge.txt,74,https://openalex.org/W3010799595,https://doi.org/10.1021/acsanm.0c00290,2020,"Zeolitic Imidazolate Framework-67-Derived CoP/Co@N,P-Doped Carbon Nanoparticle Composites with Graphitic Carbon Nitride for Enhanced Photocatalytic Production of H<sub>2</sub> and H<sub>2</sub>O<sub>2</sub>"
snapshot_1,Topic_graphitic_carbon_framework_2013-2022_Knowledge.txt,75,https://openalex.org/W4253859156,https://doi.org/10.1002/ange.202012936,2020,Ordered Mesoporous Carbons with Graphitic Tubular Frameworks by Dual Templating for Efficient Electrocatalysis and Energy Storage
snapshot_1,Topic_graphitic_carbon_framework_2013-2022_Knowledge.txt,76,https://openalex.org/W3093014572,https://doi.org/10.1002/adma.202003577,2020,Single Cobalt Sites Dispersed in Hierarchically Porous Nanofiber Networks for Durable and High‐Power PGM‐Free Cathodes in Fuel Cells
snapshot_1,Topic_graphitic_carbon_framework_2013-2022_Knowledge.txt,77,https://openalex.org/W4226216990,https://doi.org/10.1021/acsanm.2c00417,2022,In Situ Fabrication of NiS<sub>2</sub>-Decorated Graphitic Carbon Nitride/Metal–Organic Framework Nanostructures for Photocatalytic H<sub>2</sub> Evolution
snapshot_1,Topic_graphitic_carbon_framework_2013-2022_Knowledge.txt,78,https://openalex.org/W2089649385,https://doi.org/10.1002/chem.201400089,2014,Electric Double‐Layer Capacitors Based on Highly Graphitized Nanoporous Carbons Derived from ZIF‐67
snapshot_1,Topic_graphitic_carbon_framework_2013-2022_Knowledge.txt,79,https://openalex.org/W2791036277,https://doi.org/10.1021/acscatal.8b00398,2018,Unveiling Active Sites of CO<sub>2</sub> Reduction on Nitrogen-Coordinated and Atomically Dispersed Iron and Cobalt Catalysts
snapshot_1,Topic_graphitic_carbon_framework_2013-2022_Knowledge.txt,80,https://openalex.org/W2558768914,https://doi.org/10.1021/acsami.6b12178,2016,"Porous CNTs/Co Composite Derived from Zeolitic Imidazolate Framework: A Lightweight, Ultrathin, and Highly Efficient Electromagnetic Wave Absorber"
snapshot_1,Topic_graphitic_carbon_framework_2013-2022_Knowledge.txt,81,https://openalex.org/W2125739757,https://doi.org/10.1021/am400001g,2013,Synthesis of Ultrathin Nitrogen-Doped Graphitic Carbon Nanocages as Advanced Electrode Materials for Supercapacitor
snapshot_1,Topic_graphitic_carbon_framework_2013-2022_Knowledge.txt,82,https://openalex.org/W4240163606,https://doi.org/10.1002/ange.201712959,2018,Confined Self‐Assembly in Two‐Dimensional Interlayer Space: Monolayered Mesoporous Carbon Nanosheets with In‐Plane Orderly Arranged Mesopores and a Highly Graphitized Framework
snapshot_1,Topic_graphitic_carbon_framework_2013-2022_Knowledge.txt,83,https://openalex.org/W3208802554,https://doi.org/10.1002/admi.202101599,2021,Metal–Organic Framework‐Templated Graphitic Carbon Confining MnO/Mn<sub>3</sub>O<sub>4</sub> Nanoparticles via Direct Laser Printing for Electrocatalysis and Supercapacitor
snapshot_1,Topic_graphitic_carbon_framework_2013-2022_Knowledge.txt,84,https://openalex.org/W2807801510,https://doi.org/10.1021/acscatal.8b00338,2018,Graphitic Nitrogen Is Responsible for Oxygen Electroreduction on Nitrogen-Doped Carbons in Alkaline Electrolytes: Insights from Activity Attenuation Studies and Theoretical Calculations
snapshot_1,Topic_graphitic_carbon_framework_2013-2022_Knowledge.txt,85,https://openalex.org/W2321115237,https://doi.org/10.1021/acsnano.5b00582,2015,Iron Oxide-Decorated Carbon for Supercapacitor Anodes with Ultrahigh Energy Density and Outstanding Cycling Stability
snapshot_1,Topic_graphitic_carbon_framework_2013-2022_Knowledge.txt,86,https://openalex.org/W2790087907,https://doi.org/10.1002/adma.201705431,2018,Novel MOF‐Derived Co@N‐C Bifunctional Catalysts for Highly Efficient Zn–Air Batteries and Water Splitting
snapshot_1,Topic_graphitic_carbon_framework_2013-2022_Knowledge.txt,87,https://openalex.org/W2271277358,https://doi.org/10.1021/acs.chemmater.5b02708,2015,Structural Evolution from Metal–Organic Framework to Hybrids of Nitrogen-Doped Porous Carbon and Carbon Nanotubes for Enhanced Oxygen Reduction Activity
snapshot_1,Topic_graphitic_carbon_framework_2013-2022_Knowledge.txt,88,https://openalex.org/W2996777249,https://doi.org/10.1002/anie.201914949,2019,Surface Engineering of g‐C<sub>3</sub>N<sub>4</sub> by Stacked BiOBr Sheets Rich in Oxygen Vacancies for Boosting Photocatalytic Performance
snapshot_1,Topic_graphitic_carbon_framework_2013-2022_Knowledge.txt,89,https://openalex.org/W2990622710,https://doi.org/10.1039/c9ra08292a,2019,Ternary dual <i>Z</i>-scheme graphitic carbon nitride/ultrathin metal–organic framework nanosheet/Ag<sub>3</sub>PO<sub>4</sub> photocatalysts for boosted photocatalytic performance under visible light
snapshot_1,Topic_graphitic_carbon_framework_2013-2022_Knowledge.txt,90,https://openalex.org/W2801587473,https://doi.org/10.1002/smll.201800423,2018,ZIF‐8/ZIF‐67‐Derived Co‐N<i><sub>x</sub></i>‐Embedded 1D Porous Carbon Nanofibers with Graphitic Carbon‐Encased Co Nanoparticles as an Efficient Bifunctional Electrocatalyst
snapshot_1,Topic_graphitic_carbon_framework_2013-2022_Knowledge.txt,91,https://openalex.org/W2752235900,https://doi.org/10.1002/aenm.201701456,2017,Selective Etching of Nitrogen‐Doped Carbon by Steam for Enhanced Electrochemical CO<sub>2</sub> Reduction
snapshot_1,Topic_graphitic_carbon_framework_2013-2022_Knowledge.txt,92,https://openalex.org/W2622549974,https://doi.org/10.1002/adma.201700389,2017,Graphitized Carbon Fibers as Multifunctional 3D Current Collectors for High Areal Capacity Li Anodes
snapshot_1,Topic_graphitic_carbon_framework_2013-2022_Knowledge.txt,93,https://openalex.org/W2576255436,https://doi.org/10.1021/acsami.6b13153,2017,Nitrogen-Doped Yolk–Shell-Structured CoSe/C Dodecahedra for High-Performance Sodium Ion Batteries
snapshot_1,Topic_graphitic_carbon_framework_2013-2022_Knowledge.txt,94,https://openalex.org/W2911313159,https://doi.org/10.1021/acsnano.9b00169,2019,Nano/Microstructured Silicon–Graphite Composite Anode for High-Energy-Density Li-Ion Battery
snapshot_1,Topic_graphitic_carbon_framework_2013-2022_Knowledge.txt,95,https://openalex.org/W2789661203,https://doi.org/10.1002/adma.201705789,2018,Ultrathin Hierarchical Porous Carbon Nanosheets for High‐Performance Supercapacitors and Redox Electrolyte Energy Storage
snapshot_1,Topic_graphitic_carbon_framework_2013-2022_Knowledge.txt,96,https://openalex.org/W1855154356,https://doi.org/10.1002/adma.201501622,2015,Graphene‐Based Materials for Lithium‐Ion Hybrid Supercapacitors
snapshot_1,Topic_graphitic_carbon_framework_2013-2022_Knowledge.txt,97,https://openalex.org/W2990960560,https://doi.org/10.1002/lpor.201800327,2019,"2D Layered Materials: Synthesis, Nonlinear Optical Properties, and Device Applications"
snapshot_1,Topic_graphitic_carbon_framework_2013-2022_Knowledge.txt,98,https://openalex.org/W3080874027,https://doi.org/10.1093/nsr/nwaa178,2020,Molecular grafting towards high-fraction active nanodots implanted in N-doped carbon for sodium dual-ion batteries
snapshot_1,Topic_graphitic_carbon_framework_2013-2022_Knowledge.txt,99,https://openalex.org/W4224234830,https://doi.org/10.1002/cctc.202200097,2022,Photocatalytic Biorefinery to Lactic Acid: A Carbon Nitride Framework with O Atoms Replacing the Graphitic N Linkers Shows Fast Migration/Separation of Charge
snapshot_1,Topic_graphitic_carbon_framework_2013-2022_Knowledge.txt,100,https://openalex.org/W2986474981,https://doi.org/10.1002/asia.201901318,2019,"Nitrogen‐Doped Carbon Nanomaterials: Synthesis, Characteristics and Applications"
snapshot_1,Topic_graphitic_carbon_framework_2013-2022_Knowledge.txt,101,https://openalex.org/W2729401376,https://doi.org/10.1021/acsenergylett.7b00321,2017,Anion Hosting Cathodes in Dual-Ion Batteries
snapshot_1,Topic_graphitic_carbon_framework_2013-2022_Knowledge.txt,102,https://openalex.org/W2767283436,https://doi.org/10.1039/c7ta06665a,2017,Graphitic carbon nanofiber growth from catalytic-metal organic frameworks &amp; their electrochemical double layer properties
snapshot_1,Topic_graphitic_carbon_framework_2013-2022_Knowledge.txt,103,https://openalex.org/W2777989845,https://doi.org/10.1002/aenm.201702409,2017,Spontaneous Growth of 3D Framework Carbon from Sodium Citrate for High Energy‐ and Power‐Density and Long‐Life Sodium‐Ion Hybrid Capacitors
snapshot_1,Topic_graphitic_carbon_framework_2013-2022_Knowledge.txt,104,https://openalex.org/W606815474,https://doi.org/10.1021/acs.accounts.5b00010,2015,Carbon- and Nitrogen-Based Organic Frameworks
snapshot_1,Topic_graphitic_carbon_framework_2013-2022_Knowledge.txt,105,https://openalex.org/W2880918529,https://doi.org/10.1021/acs.accounts.8b00140,2018,Toward Negatively Curved Carbons
snapshot_1,Topic_graphitic_carbon_framework_2013-2022_Knowledge.txt,106,https://openalex.org/W4221079261,https://doi.org/10.1002/er.7853,2022,Optimized cobalt and graphitic carbon hybrid catalysts derived from zeolite imidazolate framework for oxygen evolution reaction
snapshot_1,Topic_graphitic_carbon_framework_2013-2022_Knowledge.txt,107,https://openalex.org/W3195531720,https://doi.org/10.1021/acsnano.1c04471,2021,Heuristic Iron–Cobalt-Mediated Robust pH-Universal Oxygen Bifunctional Lusters for Reversible Aqueous and Flexible Solid-State Zn–Air Cells
snapshot_1,Topic_graphitic_carbon_framework_2013-2022_Knowledge.txt,108,https://openalex.org/W2807853179,https://doi.org/10.1002/adma.201802011,2018,Ultrafine Co Nanoparticles Encapsulated in Carbon‐Nanotubes‐Grafted Graphene Sheets as Advanced Electrocatalysts for the Hydrogen Evolution Reaction
snapshot_1,Topic_graphitic_carbon_framework_2013-2022_Knowledge.txt,109,https://openalex.org/W2801384698,https://doi.org/10.1002/adfm.201801136,2018,Cobalt Boron Imidazolate Framework Derived Cobalt Nanoparticles Encapsulated in B/N Codoped Nanocarbon as Efficient Bifunctional Electrocatalysts for Overall Water Splitting
snapshot_1,Topic_graphitic_carbon_framework_2013-2022_Knowledge.txt,110,https://openalex.org/W2517511499,https://doi.org/10.1021/acs.accounts.6b00301,2016,Nanoscale Electrochemistry of sp<sup>2</sup> Carbon Materials: From Graphite and Graphene to Carbon Nanotubes
snapshot_1,Topic_graphitic_carbon_framework_2013-2022_Knowledge.txt,111,https://openalex.org/W3018538180,https://doi.org/10.1002/admi.202000142,2020,Synthesis of Multiple‐Twinned Pd Nanoparticles Anchored on Graphitic Carbon Nanosheets for Use as Highly‐Active Multifunctional Electrocatalyst in Formic Acid and Methanol Oxidation Reactions
snapshot_1,Topic_graphitic_carbon_framework_2013-2022_Knowledge.txt,112,https://openalex.org/W2141830823,https://doi.org/10.1039/c4cp02173h,2014,Semiconductor–redox catalysis promoted by metal–organic frameworks for CO2 reduction
snapshot_1,Topic_graphitic_carbon_framework_2013-2022_Knowledge.txt,113,https://openalex.org/W2088342359,https://doi.org/10.1371/journal.pone.0107942,2014,"Substrate Selection for Fundamental Studies of Electrocatalysts and Photoelectrodes: Inert Potential Windows in Acidic, Neutral, and Basic Electrolyte"
snapshot_1,Topic_graphitic_carbon_framework_2013-2022_Knowledge.txt,114,https://openalex.org/W2329808910,https://doi.org/10.1021/cs4003113,2013,Facile Route for Synthesizing Ordered Mesoporous Ni–Ce–Al Oxide Materials and Their Catalytic Performance for Methane Dry Reforming to Hydrogen and Syngas
snapshot_1,Topic_graphitic_carbon_framework_2013-2022_Knowledge.txt,115,https://openalex.org/W2772379650,https://doi.org/10.1002/aenm.201702048,2017,Bimetallic Zeolitic Imidazolite Framework Derived Carbon Nanotubes Embedded with Co Nanoparticles for Efficient Bifunctional Oxygen Electrocatalyst
snapshot_1,Topic_graphitic_carbon_framework_2013-2022_Knowledge.txt,116,https://openalex.org/W2623193283,https://doi.org/10.1021/acssuschemeng.7b00559,2017,"Phosphorus- and Sulfur-Codoped g-C<sub>3</sub>N<sub>4</sub>: Facile Preparation, Mechanism Insight, and Application as Efficient Photocatalyst for Tetracycline and Methyl Orange Degradation under Visible Light Irradiation"
snapshot_1,Topic_graphitic_carbon_framework_2013-2022_Knowledge.txt,117,https://openalex.org/W3084472289,https://doi.org/10.1002/adfm.202006188,2020,Metal‐Organic‐Framework Derived Core‐Shell N‐Doped Carbon Nanocages Embedded with Cobalt Nanoparticles as High‐Performance Anode Materials for Lithium‐Ion Batteries
snapshot_1,Topic_graphitic_carbon_framework_2013-2022_Knowledge.txt,118,https://openalex.org/W2290567516,https://doi.org/10.1002/smll.201503821,2016,MOF‐Derived Hollow Co<sub>9</sub>S<sub>8</sub> Nanoparticles Embedded in Graphitic Carbon Nanocages with Superior Li‐Ion Storage
snapshot_1,Topic_graphitic_carbon_framework_2013-2022_Knowledge.txt,119,https://openalex.org/W2214777488,https://doi.org/10.1021/acsami.5b03845,2015,Direct Transformation from Graphitic C<sub>3</sub>N<sub>4</sub> to Nitrogen-Doped Graphene: An Efficient Metal-Free Electrocatalyst for Oxygen Reduction Reaction
snapshot_1,Topic_graphitic_carbon_framework_2013-2022_Knowledge.txt,120,https://openalex.org/W2113154373,https://doi.org/10.1002/adfm.201502214,2015,Scalable Production of Edge‐Functionalized Graphene Nanoplatelets via Mechanochemical Ball‐Milling
snapshot_1,Topic_graphitic_carbon_framework_2013-2022_Knowledge.txt,121,https://openalex.org/W2239960500,https://doi.org/10.1039/c5nr07347b,2015,14.7% efficient mesoscopic perovskite solar cells using single walled carbon nanotubes/carbon composite counter electrodes
snapshot_1,Topic_graphitic_carbon_framework_2013-2022_Knowledge.txt,122,https://openalex.org/W1967564609,https://doi.org/10.1002/adfm.201304144,2014,Hierarchical Graphene–Carbon Fiber Composite Paper as a Flexible Lateral Heat Spreader
snapshot_1,Topic_graphitic_carbon_framework_2013-2022_Knowledge.txt,123,https://openalex.org/W2789652611,https://doi.org/10.1002/adem.201701159,2018,"Piezoresistivity, Strain, and Damage Self‐Sensing of Polymer Composites Filled with Carbon Nanostructures"
snapshot_1,Topic_graphitic_carbon_framework_2013-2022_Knowledge.txt,124,https://openalex.org/W2784122426,https://doi.org/10.1021/acssuschemeng.7b04461,2018,Hollow CoS<sub><i>x</i></sub> Polyhedrons Act as High-Efficiency Cocatalyst for Enhancing the Photocatalytic Hydrogen Generation of g-C<sub>3</sub>N<sub>4</sub>
snapshot_1,Topic_graphitic_carbon_framework_2013-2022_Knowledge.txt,125,https://openalex.org/W1484977625,https://doi.org/10.1002/admi.201500037,2015,Quasi‐Polymeric Metal–Organic Framework UiO‐66/g‐C<sub>3</sub>N<sub>4</sub> Heterojunctions for Enhanced Photocatalytic Hydrogen Evolution under Visible Light Irradiation
snapshot_1,Topic_graphitic_carbon_framework_2013-2022_Knowledge.txt,126,https://openalex.org/W2414232418,https://doi.org/10.1021/acs.accounts.5b00117,2015,Self-Assembled Three-Dimensional Graphene Macrostructures: Synthesis and Applications in Supercapacitors
snapshot_1,Topic_graphitic_carbon_framework_2013-2022_Knowledge.txt,127,https://openalex.org/W2581115679,https://doi.org/10.1021/acsenergylett.6b00686,2017,Atomically Dispersed Fe/N-Doped Hierarchical Carbon Architectures Derived from a Metal–Organic Framework Composite for Extremely Efficient Electrocatalysis
snapshot_1,Topic_graphitic_carbon_framework_2013-2022_Knowledge.txt,128,https://openalex.org/W2953020264,https://doi.org/10.1002/advs.201900162,2019,A Confined Replacement Synthesis of Bismuth Nanodots in MOF Derived Carbon Arrays as Binder‐Free Anodes for Sodium‐Ion Batteries
snapshot_1,Topic_graphitic_carbon_framework_2013-2022_Knowledge.txt,129,https://openalex.org/W2605802783,https://doi.org/10.1021/jacs.6b11346,2017,The Performance of Nanoparticulate Graphitic Carbon Nitride as an Amphiphile
snapshot_1,Topic_graphitic_carbon_framework_2013-2022_Knowledge.txt,130,https://openalex.org/W2131799753,https://doi.org/10.1002/smll.201303831,2014,Transforming Hair into Heteroatom‐Doped Carbon with High Surface Area
snapshot_1,Topic_graphitic_carbon_framework_2013-2022_Knowledge.txt,131,https://openalex.org/W2313941776,https://doi.org/10.1021/cs401257j,2014,Ordered Hierarchically Micro- and Mesoporous Fe–N<sub><i>x</i></sub>-Embedded Graphitic Architectures as Efficient Electrocatalysts for Oxygen Reduction Reaction
snapshot_1,Topic_graphitic_carbon_framework_2013-2022_Knowledge.txt,132,https://openalex.org/W2339104175,https://doi.org/10.1039/c6cc02147f,2016,Construction of 3D nanostructure hierarchical porous graphitic carbons by charge-induced self-assembly and nanocrystal-assisted catalytic graphitization for supercapacitors
snapshot_1,Topic_graphitic_carbon_framework_2013-2022_Knowledge.txt,133,https://openalex.org/W2268679735,https://doi.org/10.1002/adfm.201503726,2015,CaO‐Templated Growth of Hierarchical Porous Graphene for High‐Power Lithium–Sulfur Battery Applications
snapshot_1,Topic_graphitic_carbon_framework_2013-2022_Knowledge.txt,134,https://openalex.org/W2163409681,https://doi.org/10.1002/anie.201303924,2013,Space‐Confinement‐Induced Synthesis of Pyridinic‐ and Pyrrolic‐Nitrogen‐Doped Graphene for the Catalysis of Oxygen Reduction
snapshot_1,Topic_graphitic_carbon_framework_2013-2022_Knowledge.txt,135,https://openalex.org/W2409298336,https://doi.org/10.1021/acsami.5b02978,2015,Three-Dimensional Crumpled Reduced Graphene Oxide/MoS<sub>2</sub> Nanoflowers: A Stable Anode for Lithium-Ion Batteries
snapshot_1,Topic_graphitic_carbon_framework_2013-2022_Knowledge.txt,136,https://openalex.org/W3216476877,https://doi.org/10.1002/adma.202107421,2021,A “Pre‐Constrained Metal Twins” Strategy to Prepare Efficient Dual‐Metal‐Atom Catalysts for Cooperative Oxygen Electrocatalysis
snapshot_1,Topic_graphitic_carbon_framework_2013-2022_Knowledge.txt,137,https://openalex.org/W2756112518,https://doi.org/10.1002/aenm.201701330,2017,Systematic Study of Effect on Enhancing Specific Capacity and Electrochemical Behaviors of Lithium–Sulfur Batteries
snapshot_1,Topic_graphitic_carbon_framework_2013-2022_Knowledge.txt,138,https://openalex.org/W2530945947,https://doi.org/10.1039/c6cc07705f,2016,CNTs grown on nanoporous carbon from zeolitic imidazolate frameworks for supercapacitors
snapshot_1,Topic_graphitic_carbon_framework_2013-2022_Knowledge.txt,139,https://openalex.org/W2512817573,https://doi.org/10.1002/cssc.201600850,2016,Decorating CoP and Pt Nanoparticles on Graphitic Carbon Nitride Nanosheets to Promote Overall Water Splitting by Conjugated Polymers
snapshot_1,Topic_graphitic_carbon_framework_2013-2022_Knowledge.txt,140,https://openalex.org/W2764177841,https://doi.org/10.1002/cssc.201701759,2017,Nitrogen‐Doped Carbon Nanotubes Derived from Metal–Organic Frameworks for Potassium‐Ion Battery Anodes
snapshot_1,Topic_graphitic_carbon_framework_2013-2022_Knowledge.txt,141,https://openalex.org/W3200108386,https://doi.org/10.1002/anie.202110177,2021,A Coral‐Like FeP@NC Anode with Increasing Cycle Capacity for Sodium‐Ion and Lithium‐Ion Batteries Induced by Particle Refinement
snapshot_1,Topic_graphitic_carbon_framework_2013-2022_Knowledge.txt,142,https://openalex.org/W2581507913,https://doi.org/10.1021/acs.nanolett.7b00004,2017,Simple-Cubic Carbon Frameworks with Atomically Dispersed Iron Dopants toward High-Efficiency Oxygen Reduction
snapshot_1,Topic_graphitic_carbon_framework_2013-2022_Knowledge.txt,143,https://openalex.org/W2485259355,https://doi.org/10.1039/c6ta05679b,2016,Porous cobalt phosphide/graphitic carbon polyhedral hybrid composites for efficient oxygen evolution reactions
snapshot_1,Topic_graphitic_carbon_framework_2013-2022_Knowledge.txt,144,https://openalex.org/W4281647695,https://doi.org/10.1002/smtd.202200207,2022,Defective Fe<sub>3</sub>O<sub>4‐</sub><i><sub>x</sub></i> Few‐Atom Clusters Anchored on Nitrogen‐Doped Carbon as Efficient Oxygen Reduction Electrocatalysts for High‐Performance Zinc–Air Batteries
snapshot_1,Topic_graphitic_carbon_framework_2013-2022_Knowledge.txt,145,https://openalex.org/W4200179562,https://doi.org/10.1002/smtd.202101395,2021,Recent Progress in the Synthesis and Applications of Composite Photocatalysts: A Critical Review
snapshot_1,Topic_graphitic_carbon_framework_2013-2022_Knowledge.txt,146,https://openalex.org/W2508142173,https://doi.org/10.1039/c6ta04970b,2016,Mesoporous graphitic carbon microtubes derived from fullerene C<sub>70</sub>tubes as a high performance electrode material for advanced supercapacitors
snapshot_1,Topic_graphitic_carbon_framework_2013-2022_Knowledge.txt,147,https://openalex.org/W2528829991,https://doi.org/10.1002/smll.201601758,2016,Oxidized g‐C <sub>3</sub> N <sub>4</sub> Nanospheres as Catalytically Photoactive Linkers in MOF/g‐C <sub>3</sub> N <sub>4</sub> Composite of Hierarchical Pore Structure
snapshot_1,Topic_graphitic_carbon_framework_2013-2022_Knowledge.txt,148,https://openalex.org/W2116121491,https://doi.org/10.1002/smll.201402069,2014,Metal–Organic Framework‐Derived Bamboo‐like Nitrogen‐Doped Graphene Tubes as an Active Matrix for Hybrid Oxygen‐Reduction Electrocatalysts
snapshot_1,Topic_graphitic_carbon_framework_2013-2022_Knowledge.txt,149,https://openalex.org/W2767184356,https://doi.org/10.1126/science.aap8004,2017,Converting MOFs into amination catalysts
snapshot_1,Topic_graphitic_carbon_framework_2013-2022_Knowledge.txt,150,https://openalex.org/W2756103432,https://doi.org/10.1002/cssc.201701306,2017,Single‐Atom Catalysts of Precious Metals for Electrochemical Reactions
snapshot_1,Topic_graphitic_carbon_framework_2013-2022_Knowledge.txt,151,https://openalex.org/W2494653618,https://doi.org/10.1002/anie.201605591,2016,Graphitic Carbon Nitride/Nitrogen‐Rich Carbon Nanofibers: Highly Efficient Photocatalytic Hydrogen Evolution without Cocatalysts
snapshot_1,Topic_graphitic_carbon_framework_2013-2022_Knowledge.txt,152,https://openalex.org/W2734932706,https://doi.org/10.1021/acscatal.7b01649,2017,A Facile Activation Strategy for an MOF-Derived Metal-Free Oxygen Reduction Reaction Catalyst: Direct Access to Optimized Pore Structure and Nitrogen Species
snapshot_1,Topic_graphitic_carbon_framework_2013-2022_Knowledge.txt,153,https://openalex.org/W2806280576,https://doi.org/10.1021/acsnano.8b00110,2018,Integrating the g-C<sub>3</sub>N<sub>4</sub> Nanosheet with B–H Bonding Decorated Metal–Organic Framework for CO<sub>2</sub> Activation and Photoreduction
snapshot_1,Topic_graphitic_carbon_framework_2013-2022_Knowledge.txt,154,https://openalex.org/W2489590227,https://doi.org/10.1002/adfm.201602459,2016,Oxidation‐Resistant and Elastic Mesoporous Carbon with Single‐Layer Graphene Walls
snapshot_1,Topic_graphitic_carbon_framework_2013-2022_Knowledge.txt,155,https://openalex.org/W2737450464,https://doi.org/10.1021/acssuschemeng.7b01514,2017,Composition Design and Structural Characterization of MOF-Derived Composites with Controllable Electromagnetic Properties
snapshot_1,Topic_graphitic_carbon_framework_2013-2022_Knowledge.txt,156,https://openalex.org/W2991683819,https://doi.org/10.1002/anie.201912751,2019,Highly Efficient Porous Carbon Electrocatalyst with Controllable N‐Species Content for Selective CO<sub>2</sub> Reduction
snapshot_1,Topic_graphitic_carbon_framework_2013-2022_Knowledge.txt,157,https://openalex.org/W2747971386,https://doi.org/10.1021/acs.nanolett.7b02433,2017,Self-Rearrangement of Silicon Nanoparticles Embedded in Micro-Carbon Sphere Framework for High-Energy and Long-Life Lithium-Ion Batteries
snapshot_1,Topic_graphitic_carbon_framework_2013-2022_Knowledge.txt,158,https://openalex.org/W2765799630,https://doi.org/10.1039/c7nr06602c,2017,One-pot synthesis of Ni nanoparticle/ordered mesoporous carbon composite electrode materials for electrocatalytic reduction of aromatic ketones
snapshot_1,Topic_graphitic_carbon_framework_2013-2022_Knowledge.txt,159,https://openalex.org/W2340365080,https://doi.org/10.1021/acsami.5b11252,2016,Cage-Type Highly Graphitic Porous Carbon–Co<sub>3</sub>O<sub>4</sub> Polyhedron as the Cathode of Lithium–Oxygen Batteries
snapshot_1,Topic_graphitic_carbon_framework_2013-2022_Knowledge.txt,160,https://openalex.org/W2976762899,https://doi.org/10.1021/acsnano.9b05284,2019,Bioinspired Mineralization under Freezing Conditions: An Approach to Fabricate Porous Carbons with Complicated Architecture and Superior K<sup>+</sup> Storage Performance
snapshot_1,Topic_graphitic_carbon_framework_2013-2022_Knowledge.txt,161,https://openalex.org/W3108573108,https://doi.org/10.1002/anie.202013852,2020,Nickel‐Catalyzed C‐Heteroatom Cross‐Coupling Reactions under Mild Conditions via Facilitated Reductive Elimination
snapshot_1,Topic_graphitic_carbon_framework_2013-2022_Knowledge.txt,162,https://openalex.org/W2294424151,https://doi.org/10.1039/c6ta00324a,2016,Nanoporous carbons derived from MOFs as metal-free catalysts for selective aerobic oxidations
snapshot_1,Topic_graphitic_carbon_framework_2013-2022_Knowledge.txt,163,https://openalex.org/W2594785091,https://doi.org/10.1021/acsami.6b16851,2017,Well-Defined ZIF-Derived Fe–N Codoped Carbon Nanoframes as Efficient Oxygen Reduction Catalysts
snapshot_1,Topic_graphitic_carbon_framework_2013-2022_Knowledge.txt,164,https://openalex.org/W2560814032,https://doi.org/10.1021/acsnano.6b05696,2016,From Metal–Organic Framework to Li<sub>2</sub>S@C–Co–N Nanoporous Architecture: A High-Capacity Cathode for Lithium–Sulfur Batteries
snapshot_1,Topic_graphitic_carbon_framework_2013-2022_Knowledge.txt,165,https://openalex.org/W2959585737,https://doi.org/10.1021/acs.est.9b02170,2019,Highly Efficient Utilization of Nano-Fe(0) Embedded in Mesoporous Carbon for Activation of Peroxydisulfate
snapshot_1,Topic_graphitic_carbon_framework_2013-2022_Knowledge.txt,166,https://openalex.org/W2796299899,https://doi.org/10.1021/acs.nanolett.8b00898,2018,Double-Network Nanostructured Hydrogel-Derived Ultrafine Sn–Fe Alloy in Three-Dimensional Carbon Framework for Enhanced Lithium Storage
snapshot_1,Topic_graphitic_carbon_framework_2013-2022_Knowledge.txt,167,https://openalex.org/W2942647493,https://doi.org/10.1002/chem.201901499,2019,Brodie's or Hummers’ Method: Oxidation Conditions Determine the Structure of Graphene Oxide
snapshot_1,Topic_graphitic_carbon_framework_2013-2022_Knowledge.txt,168,https://openalex.org/W2957013682,https://doi.org/10.1002/adfm.201903712,2019,“Brain‐Coral‐Like” Mesoporous Hollow CoS<sub>2</sub>@N‐Doped Graphitic Carbon Nanoshells as Efficient Sulfur Reservoirs for Lithium–Sulfur Batteries
snapshot_1,Topic_graphitic_carbon_framework_2013-2022_Knowledge.txt,169,https://openalex.org/W2741781390,https://doi.org/10.1021/acssuschemeng.7b01306,2017,Low Temperature CO<sub>2</sub> Methanation: ZIF-67-Derived Co-Based Porous Carbon Catalysts with Controlled Crystal Morphology and Size
snapshot_1,Topic_graphitic_carbon_framework_2013-2022_Knowledge.txt,170,https://openalex.org/W2789270228,https://doi.org/10.1002/smll.201703459,2018,Electrocatalytic N‐Doped Graphitic Nanofiber – Metal/Metal Oxide Nanoparticle Composites
snapshot_1,Topic_graphitic_carbon_framework_2013-2022_Knowledge.txt,171,https://openalex.org/W2324218785,https://doi.org/10.1021/cs501170a,2014,Density-Functional-Theory Calculation Analysis of Active Sites for Four-Electron Reduction of O<sub>2</sub> on Fe/N-Doped Graphene
snapshot_1,Topic_graphitic_carbon_framework_2013-2022_Knowledge.txt,172,https://openalex.org/W2510215489,https://doi.org/10.1002/ange.201600750,2016,Pomegranate‐Inspired Design of Highly Active and Durable Bifunctional Electrocatalysts for Rechargeable Metal–Air Batteries
snapshot_1,Topic_graphitic_carbon_framework_2013-2022_Knowledge.txt,173,https://openalex.org/W2810583075,https://doi.org/10.1021/acsnano.8b03188,2018,Cobalt Disulfide Nanoparticles Embedded in Porous Carbonaceous Micro-Polyhedrons Interlinked by Carbon Nanotubes for Superior Lithium and Sodium Storage
snapshot_1,Topic_graphitic_carbon_framework_2013-2022_Knowledge.txt,174,https://openalex.org/W2298342528,https://doi.org/10.1002/smll.201600106,2016,Nanoparticle Cookies Derived from Metal‐Organic Frameworks: Controlled Synthesis and Application in Anode Materials for Lithium‐Ion Batteries
snapshot_1,Topic_graphitic_carbon_framework_2013-2022_Knowledge.txt,175,https://openalex.org/W2922433122,https://doi.org/10.1021/acsami.8b21257,2019,"Insight into Preparation of Fe-Doped Na<sub>3</sub>V<sub>2</sub>(PO<sub>4</sub>)<sub>3</sub>@C from Aspects of Particle Morphology Design, Crystal Structure Modulation, and Carbon Graphitization Regulation"
snapshot_1,Topic_graphitic_carbon_framework_2013-2022_Knowledge.txt,176,https://openalex.org/W4212895765,https://doi.org/10.1021/acscatal.1c05610,2022,Azide-Alkyne Click Chemistry over a Heterogeneous Copper-Based Single-Atom Catalyst
snapshot_1,Topic_graphitic_carbon_framework_2013-2022_Knowledge.txt,177,https://openalex.org/W2947987592,https://doi.org/10.1021/acs.nanolett.9b01511,2019,Ultra-Thin Conductive Graphitic Carbon Nitride Assembly through van der Waals Epitaxy toward High-Energy-Density Flexible Supercapacitors
snapshot_1,Topic_graphitic_carbon_framework_2013-2022_Knowledge.txt,178,https://openalex.org/W3131772070,https://doi.org/10.1021/acs.est.0c08018,2021,Accelerated Fe<sup>2+</sup> Regeneration in an Effective Electro-Fenton Process by Boosting Internal Electron Transfer to a Nitrogen-Conjugated Fe(III) Complex
snapshot_1,Topic_graphitic_carbon_framework_2013-2022_Knowledge.txt,179,https://openalex.org/W2581910001,https://doi.org/10.1021/acsnano.6b07995,2017,Zeolite-Templated Carbon as an Ordered Microporous Electrode for Aluminum Batteries
snapshot_1,Topic_graphitic_carbon_framework_2013-2022_Knowledge.txt,180,https://openalex.org/W2047073292,https://doi.org/10.1039/c4ta00379a,2014,Highly ordered mesoporous carbon for mesoscopic CH3NH3PbI3/TiO2 heterojunction solar cell
snapshot_1,Topic_graphitic_carbon_framework_2013-2022_Knowledge.txt,181,https://openalex.org/W2500857894,https://doi.org/10.1038/am.2016.102,2016,Highly active nonprecious metal hydrogen evolution electrocatalyst: ultrafine molybdenum carbide nanoparticles embedded into a 3D nitrogen-implanted carbon matrix
snapshot_1,Topic_graphitic_carbon_framework_2013-2022_Knowledge.txt,182,https://openalex.org/W2941894059,https://doi.org/10.1021/acsami.9b03944,2019,Poly(dimethylsilylene)diacetylene-Guided ZIF-Based Heterostructures for Full Ku-Band Electromagnetic Wave Absorption
snapshot_1,Topic_graphitic_carbon_framework_2013-2022_Knowledge.txt,183,https://openalex.org/W3008884119,https://doi.org/10.1007/s12274-020-2689-9,2020,Graphitizing N-doped mesoporous carbon nanospheres via facile single atom iron growth for highly efficient oxygen reduction reaction
snapshot_1,Topic_graphitic_carbon_framework_2013-2022_Knowledge.txt,184,https://openalex.org/W2789718021,https://doi.org/10.1002/smll.201703548,2018,Tailoring Highly N‐Doped Carbon Materials from Hexamine‐Based MOFs: Superior Performance and New Insight into the Roles of N Configurations in Na‐Ion Storage
snapshot_1,Topic_graphitic_carbon_framework_2013-2022_Knowledge.txt,185,https://openalex.org/W2344212790,https://doi.org/10.1002/adhm.201500964,2016,Photoactive g‐C<sub>3</sub>N<sub>4</sub> Nanosheets for Light‐Induced Suppression of Alzheimer's β‐Amyloid Aggregation and Toxicity
snapshot_1,Topic_graphitic_carbon_framework_2013-2022_Knowledge.txt,186,https://openalex.org/W4210466328,https://doi.org/10.1021/acsnano.1c11098,2022,"One-Step, Vacuum-Assisted Construction of Micrometer-Sized Nanoporous Silicon Confined by Uniform Two-Dimensional N-Doped Carbon toward Advanced Li Ion and MXene-Based Li Metal Batteries"
snapshot_1,Topic_graphitic_carbon_framework_2013-2022_Knowledge.txt,187,https://openalex.org/W2729476522,https://doi.org/10.1007/s12274-017-1615-2,2017,"Metal-organic framework-derived, Zn-doped porous carbon polyhedra with enhanced activity as bifunctional catalysts for rechargeable zinc-air batteries"
snapshot_1,Topic_graphitic_carbon_framework_2013-2022_Knowledge.txt,188,https://openalex.org/W2603442821,https://doi.org/10.1039/c6cs00776g,2017,Sodium-ion batteries: present and future
snapshot_1,Topic_graphitic_carbon_framework_2013-2022_Knowledge.txt,189,https://openalex.org/W3014699468,https://doi.org/10.1021/acs.nanolett.0c00556,2020,Diamond-Graphene Composite Nanostructures
snapshot_1,Topic_graphitic_carbon_framework_2013-2022_Knowledge.txt,190,https://openalex.org/W2800287062,https://doi.org/10.1002/advs.201800177,2018,Bifunctional Nitrogen and Cobalt Codoped Hollow Carbon for Electrochemical Syngas Production
snapshot_1,Topic_graphitic_carbon_framework_2013-2022_Knowledge.txt,191,https://openalex.org/W2782807491,https://doi.org/10.1103/physrevlett.120.023901,2018,Soft X-Ray Second Harmonic Generation as an Interfacial Probe
snapshot_1,Topic_graphitic_carbon_framework_2013-2022_Knowledge.txt,192,https://openalex.org/W2936983238,https://doi.org/10.1002/adfm.201901531,2019,Engineering Fe–Fe<sub>3</sub>C@Fe–N–C Active Sites and Hybrid Structures from Dual Metal–Organic Frameworks for Oxygen Reduction Reaction in H<sub>2</sub>–O<sub>2</sub> Fuel Cell and Li–O<sub>2</sub> Battery
snapshot_1,Topic_graphitic_carbon_framework_2013-2022_Knowledge.txt,193,https://openalex.org/W2180567536,https://doi.org/10.1021/acscatal.5b01973,2015,Synergistic Catalyst–Support Interactions in a Graphene–Mn<sub>3</sub>O<sub>4</sub>Electrocatalyst for Vanadium Redox Flow Batteries
snapshot_1,Topic_graphitic_carbon_framework_2013-2022_Knowledge.txt,194,https://openalex.org/W1966778551,https://doi.org/10.1039/c4cp05560h,2015,Tensile strain induced half-metallicity in graphene-like carbon nitride
snapshot_1,Topic_graphitic_carbon_framework_2013-2022_Knowledge.txt,195,https://openalex.org/W2514109343,https://doi.org/10.1021/acs.chemmater.6b01710,2016,Integrative Approach toward Uncovering the Origin of Photoluminescence in Dual Heteroatom-Doped Carbon Nanodots
snapshot_1,Topic_graphitic_carbon_framework_2013-2022_Knowledge.txt,196,https://openalex.org/W3210836253,https://doi.org/10.1021/acs.chemrev.1c00636,2021,Atomically Thin Materials for Next-Generation Rechargeable Batteries
snapshot_1,Topic_graphitic_carbon_framework_2013-2022_Knowledge.txt,197,https://openalex.org/W3017813027,https://doi.org/10.3390/molecules25092016,2020,Current Trends in the Application of Nanomaterials for the Removal of Emerging Micropollutants and Pathogens from Water
snapshot_1,Topic_graphitic_carbon_framework_2013-2022_Knowledge.txt,198,https://openalex.org/W2180872297,https://doi.org/10.1080/03602559.2015.1055504,2015,"Comparative Review on Structure, Properties, Fabrication Techniques, and Relevance of Polymer Nanocomposites Reinforced with Carbon Nanotube and Graphite Fillers"
snapshot_1,Topic_graphitic_carbon_framework_2013-2022_Knowledge.txt,199,https://openalex.org/W2297314569,https://doi.org/10.1021/acssuschemeng.5b01230,2015,Hierarchically Structured Porous Nitrogen-Doped Carbon for Highly Selective CO<sub>2</sub> Capture
snapshot_1,Topic_graphitic_carbon_framework_2013-2022_Knowledge.txt,200,https://openalex.org/W4214930514,https://doi.org/10.1016/j.esci.2022.02.005,2022,Large-scale synthesis of N-doped carbon capsules supporting atomically dispersed iron for efficient oxygen reduction reaction electrocatalysis
snapshot_1,Topic_graphitic_carbon_framework_2013-2022_Knowledge.txt,201,https://openalex.org/W2737951758,https://doi.org/10.1002/adfm.201701971,2017,Bifunctional MOF‐Derived Carbon Photonic Crystal Architectures for Advanced Zn–Air and Li–S Batteries: Highly Exposed Graphitic Nitrogen Matters
snapshot_1,Topic_graphitic_carbon_framework_2013-2022_Knowledge.txt,202,https://openalex.org/W2911122277,https://doi.org/10.1002/aenm.201803186,2019,Graphitic Carbon Nitride Induced Micro‐Electric Field for Dendrite‐Free Lithium Metal Anodes
snapshot_1,Topic_graphitic_carbon_framework_2013-2022_Knowledge.txt,203,https://openalex.org/W2889472744,https://doi.org/10.1002/cssc.201801525,2018,Advanced Functional Carbons and Their Hybrid Nanoarchitectures towards Supercapacitor Applications
snapshot_1,Topic_graphitic_carbon_framework_2013-2022_Knowledge.txt,204,https://openalex.org/W2415676503,https://doi.org/10.1002/smll.201601131,2016,Significant Enhancement of Water Splitting Activity of N‐Carbon Electrocatalyst by Trace Level Co Doping
snapshot_1,Topic_graphitic_carbon_framework_2013-2022_Knowledge.txt,205,https://openalex.org/W1829977869,https://doi.org/10.1021/acsami.5b05269,2015,Constructing Highly Graphitized Carbon-Wrapped Li<sub>3</sub>VO<sub>4</sub> Nanoparticles with Hierarchically Porous Structure as a Long Life and High Capacity Anode for Lithium-Ion Batteries
snapshot_1,Topic_graphitic_carbon_framework_2013-2022_Knowledge.txt,206,https://openalex.org/W2736090419,https://doi.org/10.1002/cssc.201700864,2017,Metal–Organic Framework‐Derived FeCo‐N‐Doped Hollow Porous Carbon Nanocubes for Electrocatalysis in Acidic and Alkaline Media
snapshot_1,Topic_graphitic_carbon_framework_2013-2022_Knowledge.txt,207,https://openalex.org/W2133812004,https://doi.org/10.1002/anie.201501398,2015,Highly Ordered Mesoporous Few‐Layer Graphene Frameworks Enabled by Fe<sub>3</sub>O<sub>4</sub> Nanocrystal Superlattices
snapshot_1,Topic_graphitic_carbon_framework_2013-2022_Knowledge.txt,208,https://openalex.org/W2768483858,https://doi.org/10.1021/acssuschemeng.7b03169,2017,Enhanced Solar Fuel H<sub>2</sub> Generation over g-C<sub>3</sub>N<sub>4</sub> Nanosheet Photocatalysts by the Synergetic Effect of Noble Metal-Free Co<sub>2</sub>P Cocatalyst and the Environmental Phosphorylation Strategy
snapshot_1,Topic_graphitic_carbon_framework_2013-2022_Knowledge.txt,209,https://openalex.org/W2574872908,https://doi.org/10.1002/adfm.201606219,2017,A Continuous Carbon Nitride Polyhedron Assembly for High‐Performance Flexible Supercapacitors
snapshot_1,Topic_graphitic_carbon_framework_2013-2022_Knowledge.txt,210,https://openalex.org/W2742083060,https://doi.org/10.1021/acscatal.7b00937,2017,Phosphonate-Based Metal–Organic Framework Derived Co–P–C Hybrid as an Efficient Electrocatalyst for Oxygen Evolution Reaction
snapshot_1,Topic_graphitic_carbon_framework_2013-2022_Knowledge.txt,211,https://openalex.org/W2942704652,https://doi.org/10.1021/acs.est.8b07132,2019,Ni-Induced C-Al<sub>2</sub>O<sub>3</sub>-Framework (<sub>Ni</sub>CAF) Supported Core–Multishell Catalysts for Efficient Catalytic Ozonation: A Structure-to-Performance Study
snapshot_1,Topic_graphitic_carbon_framework_2013-2022_Knowledge.txt,212,https://openalex.org/W4214593466,https://doi.org/10.1016/j.bsheal.2022.02.001,2022,Ti-MOF-based biosafety materials for efficient and long-life disinfection via synergistic photodynamic and photothermal effects
snapshot_1,Topic_graphitic_carbon_framework_2013-2022_Knowledge.txt,213,https://openalex.org/W2611532516,https://doi.org/10.1021/acsnano.7b01185,2017,Mesoporous Silicon Hollow Nanocubes Derived from Metal–Organic Framework Template for Advanced Lithium-Ion Battery Anode
snapshot_1,Topic_graphitic_carbon_framework_2013-2022_Knowledge.txt,214,https://openalex.org/W2549781352,https://doi.org/10.1039/c6sc03961h,2016,Fabrication and nanostructure control of super-hierarchical carbon materials from heterogeneous bottlebrushes
snapshot_1,Topic_graphitic_carbon_framework_2013-2022_Knowledge.txt,215,https://openalex.org/W3010210676,https://doi.org/10.1021/acsami.0c01666,2020,Metal–Organic Framework/Ag-Based Hybrid Nanoagents for Rapid and Synergistic Bacterial Eradication
snapshot_1,Topic_graphitic_carbon_framework_2013-2022_Knowledge.txt,216,https://openalex.org/W2536062370,https://doi.org/10.1038/srep35490,2016,PolyHIPE Derived Freestanding 3D Carbon Foam for Cobalt Hydroxide Nanorods Based High Performance Supercapacitor
snapshot_1,Topic_graphitic_carbon_framework_2013-2022_Knowledge.txt,217,https://openalex.org/W3208058639,https://doi.org/10.26434/chemrxiv.13813691.v1,2021,Improved Photodegradation of Anionic Dyes Using a Complex Graphitic Carbon Nitride and Iron-Based Metal-Organic Framework Material
snapshot_1,Topic_graphitic_carbon_framework_2013-2022_Knowledge.txt,218,https://openalex.org/W2116351963,https://doi.org/10.1039/c3cp50900a,2013,Microscopic effects of the bonding configuration of nitrogen-doped graphene on its reactivity toward hydrogen peroxide reduction reaction
snapshot_1,Topic_graphitic_carbon_framework_2013-2022_Knowledge.txt,219,https://openalex.org/W3167535287,https://doi.org/10.1002/smll.202100970,2021,Confined Magnetic‐Dielectric Balance Boosted Electromagnetic Wave Absorption
snapshot_1,Topic_graphitic_carbon_framework_2013-2022_Knowledge.txt,220,https://openalex.org/W3042881935,https://doi.org/10.1021/acsami.0c10240,2020,"Luminescent Transparent Wood Based on Lignin-Derived Carbon Dots as a Building Material for Dual-Channel, Real-Time, and Visual Detection of Formaldehyde Gas"
snapshot_1,Topic_graphitic_carbon_framework_2013-2022_Knowledge.txt,221,https://openalex.org/W2914739334,https://doi.org/10.1021/acsami.8b21534,2019,Sulfur Doping: Unique Strategy To Improve the Supercapacitive Performance of Carbon Nano-onions
snapshot_1,Topic_graphitic_carbon_framework_2013-2022_Knowledge.txt,222,https://openalex.org/W2913690385,https://doi.org/10.1002/smtd.201900005,2019,3D Laser Scribed Graphene Derived from Carbon Nanospheres: An Ultrahigh‐Power Electrode for Supercapacitors
snapshot_1,Topic_graphitic_carbon_framework_2013-2022_Knowledge.txt,223,https://openalex.org/W2751291406,https://doi.org/10.1021/acsami.7b11229,2017,Covalent Porphyrin Framework-Derived Fe<sub>2</sub>P@Fe<sub>4</sub>N-Coupled Nanoparticles Embedded in N-Doped Carbons as Efficient Trifunctional Electrocatalysts
snapshot_1,Topic_graphitic_carbon_framework_2013-2022_Knowledge.txt,224,https://openalex.org/W3180641628,https://doi.org/10.1016/j.apcatb.2021.120510,2021,Graphitic-N highly doped graphene-like carbon: A superior metal-free catalyst for efficient reduction of CO2
snapshot_1,Topic_graphitic_carbon_framework_2013-2022_Knowledge.txt,225,https://openalex.org/W3013675104,https://doi.org/10.3390/nano10040639,2020,Nanoarchitectonics of Nanoporous Carbon Materials in Supercapacitors Applications
snapshot_1,Topic_graphitic_carbon_framework_2013-2022_Knowledge.txt,226,https://openalex.org/W2886734418,https://doi.org/10.1002/smll.201802045,2018,The Influence of Carbon Nitride Nanosheets Doping on the Crystalline Formation of MIL‐88B(Fe) and the Photocatalytic Activities
snapshot_1,Topic_graphitic_carbon_framework_2013-2022_Knowledge.txt,227,https://openalex.org/W3214721533,https://doi.org/10.1039/d1mh01307f,2021,Facilitating the acidic oxygen reduction of Fe–N–C catalysts by fluorine-doping
snapshot_1,Topic_graphitic_carbon_framework_2013-2022_Knowledge.txt,228,https://openalex.org/W3133895934,https://doi.org/10.1039/d0ta12250e,2021,<i>In situ</i> dual growth of graphitic structures in biomass carbon to yield a potassium-ion battery anode with high initial coulombic efficiency
snapshot_1,Topic_graphitic_carbon_framework_2013-2022_Knowledge.txt,229,https://openalex.org/W2888813732,https://doi.org/10.1002/chem.201803554,2018,Six Isomorphous Window‐Beam MOFs: Explore the Effects of Metal Ions on MOF‐Derived Carbon for Supercapacitors
snapshot_1,Topic_graphitic_carbon_framework_2013-2022_Knowledge.txt,230,https://openalex.org/W2771560613,https://doi.org/10.1063/1.5016317,2018,Gaussian approximation potential modeling of lithium intercalation in carbon nanostructures
snapshot_1,Topic_graphitic_carbon_framework_2013-2022_Knowledge.txt,231,https://openalex.org/W2893089471,https://doi.org/10.1002/cctc.201801418,2018,Fluorine Modified Boron Carbon Nitride Semiconductors for Improved Photocatalytic CO<sub>2</sub> Reduction under Visible Light
snapshot_1,Topic_graphitic_carbon_framework_2013-2022_Knowledge.txt,232,https://openalex.org/W3081985186,https://doi.org/10.1002/eem2.12126,2020,Cross‐Linked Hollow Graphitic Carbon as Low‐Cost and High‐Performance Anode for Potassium Ion Batteries
snapshot_1,Topic_graphitic_carbon_framework_2013-2022_Knowledge.txt,233,https://openalex.org/W4229075619,https://doi.org/10.1021/acscatal.2c00915,2022,Geometrically Deformed Iron-Based Single-Atom Catalysts for High-Performance Acidic Proton Exchange Membrane Fuel Cells
snapshot_1,Topic_graphitic_carbon_framework_2013-2022_Knowledge.txt,234,https://openalex.org/W2118973332,https://doi.org/10.1002/cctc.201300720,2014,One‐pot Synthesis of Ordered Mesoporous NiCeAl Oxide Catalysts and a Study of Their Performance in Methane Dry Reforming
snapshot_1,Topic_graphitic_carbon_framework_2013-2022_Knowledge.txt,235,https://openalex.org/W2507989064,https://doi.org/10.1021/acs.chemmater.6b03035,2016,Controlled Synthesis of Ordered Mesoporous Carbon-Cobalt Oxide Nanocomposites with Large Mesopores and Graphitic Walls
snapshot_1,Topic_graphitic_carbon_framework_2013-2022_Knowledge.txt,236,https://openalex.org/W2290403848,https://doi.org/10.1039/c5sc03595c,2016,Reductively PEGylated carbon nanomaterials and their use to nucleate 3D protein crystals: a comparison of dimensionality
snapshot_1,Topic_graphitic_carbon_framework_2013-2022_Knowledge.txt,237,https://openalex.org/W2791869746,https://doi.org/10.1002/adsu.201700153,2018,Readiness Level of Sodium‐Ion Battery Technology: A Materials Review
snapshot_1,Topic_graphitic_carbon_framework_2013-2022_Knowledge.txt,238,https://openalex.org/W4200550749,https://doi.org/10.1021/acscatal.1c05233,2021,N-Rich 2D Heptazine Covalent Organic Frameworks as Efficient Metal-Free Photocatalysts
snapshot_1,Topic_graphitic_carbon_framework_2013-2022_Knowledge.txt,239,https://openalex.org/W3211962593,https://doi.org/10.1021/acs.energyfuels.1c03023,2021,Decomposition of N<sub>2</sub>O on ZIF-67-Derived Co/CoO<sub><i>x</i></sub>@Carbon Catalysts and SO<sub>2</sub> Interference
snapshot_1,Topic_graphitic_carbon_framework_2013-2022_Knowledge.txt,240,https://openalex.org/W2305832184,https://doi.org/10.1002/chem.201504867,2016,Metal–Organic Framework‐Templated Porous Carbon for Highly Efficient Catalysis: The Critical Role of Pyrrolic Nitrogen Species
snapshot_1,Topic_graphitic_carbon_framework_2013-2022_Knowledge.txt,241,https://openalex.org/W4252607308,https://doi.org/10.1039/c7nr05208a,2017,Cobalt ion-coordinated self-assembly synthesis of nitrogen-doped ordered mesoporous carbon nanosheets for efficiently catalyzing oxygen reduction
snapshot_1,Topic_graphitic_carbon_framework_2013-2022_Knowledge.txt,242,https://openalex.org/W2604490483,https://doi.org/10.1021/acsami.6b14840,2017,Nitrogen-Doped Hollow Carbon Nanospheres for High-Performance Li-Ion Batteries
snapshot_1,Topic_graphitic_carbon_framework_2013-2022_Knowledge.txt,243,https://openalex.org/W2791571742,https://doi.org/10.1002/cssc.201800202,2018,Biowaste‐Derived Hierarchical Porous Carbon Nanosheets for Ultrahigh Power Density Supercapacitors
snapshot_1,Topic_graphitic_carbon_framework_2013-2022_Knowledge.txt,244,https://openalex.org/W2940672813,https://doi.org/10.1002/admi.201900290,2019,Trimetallic Metal–Organic Framework Derived Carbon‐Based Nanoflower Electrocatalysts for Efficient Overall Water Splitting
snapshot_1,Topic_graphitic_carbon_framework_2013-2022_Knowledge.txt,245,https://openalex.org/W2766101562,https://doi.org/10.1021/acsami.7b10680,2017,Transition-Metal Phosphide–Carbon Nanosheet Composites Derived from Two-Dimensional Metal-Organic Frameworks for Highly Efficient Electrocatalytic Water-Splitting
snapshot_1,Topic_graphitic_carbon_framework_2013-2022_Knowledge.txt,246,https://openalex.org/W2089132742,https://doi.org/10.1021/am4038728,2013,Hierarchically Porous Carbon Encapsulating Sulfur as a Superior Cathode Material for High Performance Lithium–Sulfur Batteries
snapshot_1,Topic_graphitic_carbon_framework_2013-2022_Knowledge.txt,247,https://openalex.org/W2896321605,https://doi.org/10.1002/anie.201810434,2018,Topochemical Synthesis of 2D Carbon Hybrids through Self‐Boosting Catalytic Carbonization of a Metal–Polymer Framework
snapshot_1,Topic_graphitic_carbon_framework_2013-2022_Knowledge.txt,248,https://openalex.org/W2763863447,https://doi.org/10.1002/aenm.201701967,2017,Core–Shell Aluminum@Carbon Nanospheres for Dual‐Ion Batteries with Excellent Cycling Performance under High Rates
snapshot_1,Topic_graphitic_carbon_framework_2013-2022_Knowledge.txt,249,https://openalex.org/W3048471393,https://doi.org/10.1039/d0sc02518f,2020,Highly ordered macroporous dual-element-doped carbon from metal–organic frameworks for catalyzing oxygen reduction
snapshot_1,Topic_graphitic_carbon_framework_2013-2022_Knowledge.txt,250,https://openalex.org/W4205656451,https://doi.org/10.1002/adfm.202111267,2022,Highly Active Hollow Porous Carbon Spheres@Graphite Felt Composite Electrode for High Power Density Vanadium Flow Batteries
snapshot_1,Topic_graphitic_carbon_framework_2013-2022_Knowledge.txt,251,https://openalex.org/W2969797765,https://doi.org/10.1002/advs.201901517,2019,Size‐Related Electrochemical Performance in Active Carbon Nanostructures: A MOFs‐Derived Carbons Case Study
snapshot_1,Topic_graphitic_carbon_framework_2013-2022_Knowledge.txt,252,https://openalex.org/W3011845981,https://doi.org/10.1039/c9nr10652a,2020,Silicon-nanoparticle-based composites for advanced lithium-ion battery anodes
snapshot_1,Topic_graphitic_carbon_framework_2013-2022_Knowledge.txt,253,https://openalex.org/W2515552664,https://doi.org/10.1039/c6cp04958c,2016,First exploration of freestanding and flexible Na<sub>2+2x</sub>Fe<sub>2−x</sub>(SO<sub>4</sub>)<sub>3</sub>@porous carbon nanofiber hybrid films with superior sodium intercalation for sodium ion batteries
snapshot_1,Topic_graphitic_carbon_framework_2013-2022_Knowledge.txt,254,https://openalex.org/W3152314240,https://doi.org/10.1021/acsaem.0c03070,2021,Branched Poly(<scp>l</scp>-lysine)-Derived Nitrogen-Containing Porous Carbon Flake as the Metal-Free Electrocatalyst toward Efficient Oxygen Reduction Reaction
snapshot_1,Topic_graphitic_carbon_framework_2013-2022_Knowledge.txt,255,https://openalex.org/W3149395514,https://doi.org/10.1039/d0dt04000b,2021,MOF-derived Co/Cu-embedded N-doped carbon for trifunctional ORR/OER/HER catalysis in alkaline media
snapshot_1,Topic_graphitic_carbon_framework_2013-2022_Knowledge.txt,256,https://openalex.org/W3168254877,https://doi.org/10.1002/smll.202100670,2021,Graphitic Carbon with MnO/Mn<sub>7</sub>C<sub>3</sub> Prepared by Laser‐Scribing of MOF for Versatile Supercapacitor Electrodes
snapshot_1,Topic_graphitic_carbon_framework_2013-2022_Knowledge.txt,257,https://openalex.org/W2797975312,https://doi.org/10.1002/smll.201800441,2018,Sustainable Synthesis of Co@NC Core Shell Nanostructures from Metal Organic Frameworks via Mechanochemical Coordination Self‐Assembly: An Efficient Electrocatalyst for Oxygen Reduction Reaction
snapshot_1,Topic_graphitic_carbon_framework_2013-2022_Knowledge.txt,258,https://openalex.org/W2400950027,https://doi.org/10.1002/adfm.201600894,2016,Freestanding Graphitic Carbon Nitride Photonic Crystals for Enhanced Photocatalysis
snapshot_1,Topic_graphitic_carbon_framework_2013-2022_Knowledge.txt,259,https://openalex.org/W2939792570,https://doi.org/10.1039/c9na00169g,2019,MOF-templated cobalt nanoparticles embedded in nitrogen-doped porous carbon: a bifunctional electrocatalyst for overall water splitting
snapshot_1,Topic_graphitic_carbon_framework_2013-2022_Knowledge.txt,260,https://openalex.org/W2886193535,https://doi.org/10.1002/smtd.201800144,2018,Molten‐Salt‐Assisted Synthesis of 3D Holey N‐Doped Graphene as Bifunctional Electrocatalysts for Rechargeable Zn–Air Batteries
snapshot_1,Topic_graphitic_carbon_framework_2013-2022_Knowledge.txt,261,https://openalex.org/W1982237316,https://doi.org/10.1002/asia.201402629,2014,Towards Vaporized Molecular Discrimination: A Quartz Crystal Microbalance (QCM) Sensor System Using Cobalt‐Containing Mesoporous Graphitic Carbon
snapshot_1,Topic_graphitic_carbon_framework_2013-2022_Knowledge.txt,262,https://openalex.org/W3080600884,https://doi.org/10.1002/anie.202009180,2020,Ambient Temperature Graphitization Based on Mechanochemical Synthesis
snapshot_1,Topic_graphitic_carbon_framework_2013-2022_Knowledge.txt,263,https://openalex.org/W2070882306,https://doi.org/10.1039/c4nr05219f,2014,Towards graphene iodide: iodination of graphite oxide
snapshot_1,Topic_graphitic_carbon_framework_2013-2022_Knowledge.txt,264,https://openalex.org/W3116943331,https://doi.org/10.1021/acsnano.0c08918,2020,Metal–Organic Framework-Derived Nanoconfinements of CoF<sub>2</sub> and Mixed-Conducting Wiring for High-Performance Metal Fluoride-Lithium Battery
snapshot_1,Topic_graphitic_carbon_framework_2013-2022_Knowledge.txt,265,https://openalex.org/W4311573877,https://doi.org/10.1039/d2nr04933c,2022,Tailoring the MOF structure <i>via</i> ligand optimization afforded a dandelion flower like CoS/Co–N<sub><i>x</i></sub>/CoNi/NiS catalyst to enhance the ORR/OER in zinc–air batteries
snapshot_1,Topic_graphitic_carbon_framework_2013-2022_Knowledge.txt,266,https://openalex.org/W2804109908,https://doi.org/10.1021/acsaem.8b00594,2018,Amorphous MOF Introduced N-Doped Graphene: An Efficient and Versatile Electrocatalyst for Zinc–Air Battery and Water Splitting
snapshot_1,Topic_graphitic_carbon_framework_2013-2022_Knowledge.txt,267,https://openalex.org/W2795628352,https://doi.org/10.1021/acs.inorgchem.8b00365,2018,Metal–Organic Framework Derived Core–Shell Co/Co<sub>3</sub>O<sub>4</sub>@N-C Nanocomposites as High Performance Anode Materials for Lithium Ion Batteries
snapshot_1,Topic_graphitic_carbon_framework_2013-2022_Knowledge.txt,268,https://openalex.org/W3042725510,https://doi.org/10.3390/nano10071387,2020,Heterostructured g-CN/TiO2 Photocatalysts Prepared by Thermolysis of g-CN/MIL-125(Ti) Composites for Efficient Pollutant Degradation and Hydrogen Production
snapshot_1,Topic_graphitic_carbon_framework_2013-2022_Knowledge.txt,269,https://openalex.org/W2480932326,https://doi.org/10.1021/acsami.6b06630,2016,Asymmetric Supercapacitor Based on Porous N-doped Carbon Derived from Pomelo Peel and NiO Arrays
snapshot_1,Topic_graphitic_carbon_framework_2013-2022_Knowledge.txt,270,https://openalex.org/W2771617579,https://doi.org/10.1021/acsami.7b14815,2017,Synergistic Effects between Doped Nitrogen and Phosphorus in Metal-Free Cathode for Zinc-Air Battery from Covalent Organic Frameworks Coated CNT
snapshot_1,Topic_graphitic_carbon_framework_2013-2022_Knowledge.txt,271,https://openalex.org/W3106048414,https://doi.org/10.17863/cam.20669,2018,Gaussian approximation potential modeling of lithium intercalation in carbon nanostructures.
snapshot_1,Topic_graphitic_carbon_framework_2013-2022_Knowledge.txt,272,https://openalex.org/W2613842777,https://doi.org/10.1021/acsami.7b02490,2017,Fine Co Nanoparticles Encapsulated in a N-Doped Porous Carbon Matrix with Superficial N-Doped Porous Carbon Nanofibers for Efficient Oxygen Reduction
snapshot_1,Topic_graphitic_carbon_framework_2013-2022_Knowledge.txt,273,https://openalex.org/W2825595711,https://doi.org/10.1021/acsami.8b06948,2018,Metal–Organic Framework Nanosheet Electrocatalysts for Efficient H<sub>2</sub> Production from Methanol Solution: Methanol-Assisted Water Splitting or Methanol Reforming?
snapshot_1,Topic_graphitic_carbon_framework_2013-2022_Knowledge.txt,274,https://openalex.org/W4200186414,https://doi.org/10.1021/acsami.1c21396,2021,Hierarchical HCF@NC/Co Derived from Hollow Loofah Fiber Anchored with Metal–Organic Frameworks for Highly Efficient Microwave Absorption
snapshot_1,Topic_graphitic_carbon_framework_2013-2022_Knowledge.txt,275,https://openalex.org/W2305337664,https://doi.org/10.1021/acs.iecr.6b00056,2016,A Microporous Graphitized Biocarbon with High Adsorption Capacity toward Benzene Volatile Organic Compounds (VOCs) from Humid Air at Ultralow Pressures
snapshot_1,Topic_graphitic_carbon_framework_2013-2022_Knowledge.txt,276,https://openalex.org/W3042563134,https://doi.org/10.1038/s41598-020-68390-8,2020,Fluorescent recognition of Fe3+ in acidic environment by enhanced-quantum yield N-doped carbon dots: optimization of variables using central composite design
snapshot_1,Topic_graphitic_carbon_framework_2013-2022_Knowledge.txt,277,https://openalex.org/W2800670403,https://doi.org/10.1149/2.0621807jes,2018,Vanadium Redox Flow Battery Using Electrocatalyst Decorated with Nitrogen-Doped Carbon Nanotubes Derived from Metal-Organic Frameworks
snapshot_1,Topic_graphitic_carbon_framework_2013-2022_Knowledge.txt,278,https://openalex.org/W3019240205,https://doi.org/10.1002/adfm.202000857,2020,2D Porous Polymers with sp<sup>2</sup>‐Carbon Connections and Sole sp<sup>2</sup>‐Carbon Skeletons
snapshot_1,Topic_graphitic_carbon_framework_2013-2022_Knowledge.txt,279,https://openalex.org/W2896088776,https://doi.org/10.1021/acsami.8b13542,2018,Hierarchical Porous Prism Arrays Composed of Hybrid Ni–NiO–Carbon as Highly Efficient Electrocatalysts for Overall Water Splitting
snapshot_1,Topic_graphitic_carbon_framework_2013-2022_Knowledge.txt,280,https://openalex.org/W2890823954,https://doi.org/10.1039/c8dt02706d,2018,MOF-derived Mn doped porous CoP nanosheets as efficient and stable bifunctional electrocatalysts for water splitting
snapshot_1,Topic_graphitic_carbon_framework_2013-2022_Knowledge.txt,281,https://openalex.org/W2898917253,https://doi.org/10.1021/acsami.8b14536,2018,Individual High-Quality N-Doped Carbon Nanotubes Embedded with Nonprecious Metal Nanoparticles toward Electrochemical Reaction
snapshot_1,Topic_graphitic_carbon_framework_2013-2022_Knowledge.txt,282,https://openalex.org/W2895326329,https://doi.org/10.1021/acsami.8b12302,2018,Nitrogen and Phosphorus Codoped Porous Carbon Framework as Anode Material for High Rate Lithium-Ion Batteries
snapshot_1,Topic_graphitic_carbon_framework_2013-2022_Knowledge.txt,283,https://openalex.org/W3000381939,https://doi.org/10.1021/acsami.9b18101,2020,Nitrogen-Doped Graphitic Carbon-Supported Ultrafine Co Nanoparticles as an Efficient Multifunctional Electrocatalyst for HER and Rechargeable Zn–Air Batteries
snapshot_1,Topic_graphitic_carbon_framework_2013-2022_Knowledge.txt,284,https://openalex.org/W3160029138,https://doi.org/10.1021/acsami.1c04104,2021,Integrating the Essence of a Metal–Organic Framework with Electrospinning: A New Approach for Making a Metal Nanoparticle Confined N-Doped Carbon Nanotubes/Porous Carbon Nanofibrous Membrane for Energy Storage and Conversion
snapshot_1,Topic_graphitic_carbon_framework_2013-2022_Knowledge.txt,285,https://openalex.org/W2300850202,https://doi.org/10.1002/chem.201600174,2016,Controlled Chemistry Approach to the Oxo‐Functionalization of Graphene
snapshot_1,Topic_graphitic_carbon_framework_2013-2022_Knowledge.txt,286,https://openalex.org/W2589565449,https://doi.org/10.1039/c7dt00156h,2017,Switching the electromagnetic properties of multicomponent porous carbon materials derived from bimetallic metal–organic frameworks: effect of composition
snapshot_1,Topic_graphitic_carbon_framework_2013-2022_Knowledge.txt,287,https://openalex.org/W2615926845,https://doi.org/10.1021/acs.inorgchem.7b00200,2017,Benzoate Acid-Dependent Lattice Dimension of Co-MOFs and MOF-Derived CoS<sub>2</sub>@CNTs with Tunable Pore Diameters for Supercapacitors
snapshot_1,Topic_graphitic_carbon_framework_2013-2022_Knowledge.txt,288,https://openalex.org/W2905541359,https://doi.org/10.1021/acssuschemeng.8b05995,2018,CoSe<sub>2</sub>/N-Doped Carbon Hybrid Derived from ZIF-67 as High-Efficiency Counter Electrode for Dye-Sensitized Solar Cells
snapshot_1,Topic_graphitic_carbon_framework_2013-2022_Knowledge.txt,289,https://openalex.org/W2950966096,https://doi.org/10.1002/ange.201801793,2018,Titelbild: Confined Self‐Assembly in Two‐Dimensional Interlayer Space: Monolayered Mesoporous Carbon Nanosheets with In‐Plane Orderly Arranged Mesopores and a Highly Graphitized Framework (Angew. Chem. 11/2018)
snapshot_1,Topic_graphitic_carbon_framework_2013-2022_Knowledge.txt,290,https://openalex.org/W2032021005,https://doi.org/10.1021/ar3001487,2013,A Guide to the Design of Electronic Properties of Graphene Nanoribbons
snapshot_1,Topic_graphitic_carbon_framework_2013-2022_Knowledge.txt,291,https://openalex.org/W3031333384,https://doi.org/10.1002/advs.202000736,2020,CNT‐Assembled Octahedron Carbon‐Encapsulated Cu<sub>3</sub>P/Cu Heterostructure by In Situ MOF‐Derived Engineering for Superior Lithium Storage: Investigations by Experimental Implementation and First‐Principles Calculation
snapshot_1,Topic_graphitic_carbon_framework_2013-2022_Knowledge.txt,292,https://openalex.org/W2907159487,https://doi.org/10.1002/cctc.201801773,2019,Metal Sulfide Photocatalysis: Visible‐Light‐Induced Organic Transformations
snapshot_1,Topic_graphitic_carbon_framework_2013-2022_Knowledge.txt,293,https://openalex.org/W2481823585,https://doi.org/10.1021/acs.jpcc.6b06555,2016,Understanding the Hydrophilicity and Water Adsorption Behavior of Nanoporous Nitrogen-Doped Carbons
snapshot_1,Topic_graphitic_carbon_framework_2013-2022_Knowledge.txt,294,https://openalex.org/W2509451788,https://doi.org/10.1021/acs.chemmater.5b02370,2015,Stability and Core-Level Signature of Nitrogen Dopants in Carbonaceous Materials
snapshot_1,Topic_graphitic_carbon_framework_2013-2022_Knowledge.txt,295,https://openalex.org/W4289314097,https://doi.org/10.3390/catal12080845,2022,Role of N-Doping and O-Groups in Unzipped N-Doped CNT Carbocatalyst for Peroxomonosulfate Activation: Quantitative Structure–Activity Relationship
snapshot_1,Topic_graphitic_carbon_framework_2013-2022_Knowledge.txt,296,https://openalex.org/W2982516344,https://doi.org/10.1021/acs.chemrev.9b00248,2019,Recent Advances in Electrocatalytic Hydrogen Evolution Using Nanoparticles
snapshot_1,Topic_graphitic_carbon_framework_2013-2022_Knowledge.txt,297,https://openalex.org/W2985554709,https://doi.org/10.1007/s12274-019-2551-0,2019,Confining MOF-derived SnSe nanoplatelets in nitrogen-doped graphene cages via direct CVD for durable sodium ion storage
snapshot_1,Topic_graphitic_carbon_framework_2013-2022_Knowledge.txt,298,https://openalex.org/W3013323907,https://doi.org/10.1021/acsaem.9b02501,2020,Designed Assembly of Porous Cobalt Oxide/Carbon Nanotentacles on Electrospun Hollow Carbon Nanofibers Network for Supercapacitor
snapshot_1,Topic_graphitic_carbon_framework_2013-2022_Knowledge.txt,299,https://openalex.org/W3025023548,https://doi.org/10.1021/acsanm.0c00786,2020,Heteroatom-Doped Carbon Electrocatalysts Derived from Nanoporous Two-Dimensional Covalent Organic Frameworks for Oxygen Reduction and Hydrogen Evolution
snapshot_1,Topic_graphitic_carbon_framework_2013-2022_Knowledge.txt,300,https://openalex.org/W3083182349,https://doi.org/10.1039/d0nr05614f,2020,Amperometric galectin-3 immunosensor-based gold nanoparticle-functionalized graphitic carbon nitride nanosheets and core–shell Ti-MOF@COFs composites
snapshot_1,Topic_graphitic_carbon_framework_2013-2022_Knowledge.txt,301,https://openalex.org/W2914160759,https://doi.org/10.1007/s40820-018-0236-y,2019,In Situ Preparation and Analysis of Bimetal Co-doped Mesoporous Graphitic Carbon Nitride with Enhanced Photocatalytic Activity
snapshot_1,Topic_graphitic_carbon_framework_2013-2022_Knowledge.txt,302,https://openalex.org/W2885093705,https://doi.org/10.1246/bcsj.20180174,2018,Strategically Designed Zeolitic Imidazolate Frameworks for Controlling the Degree of Graphitization
snapshot_1,Topic_graphitic_carbon_framework_2013-2022_Knowledge.txt,303,https://openalex.org/W4280517802,https://doi.org/10.1021/acs.chemmater.2c00160,2022,Two-Dimensional Layered Heterostructures of Nanoporous Carbons Using Reduced Graphene Oxide and Metal–Organic Frameworks
snapshot_1,Topic_graphitic_carbon_framework_2013-2022_Knowledge.txt,304,https://openalex.org/W2948101041,https://doi.org/10.1021/acs.inorgchem.9b00733,2019,Cooperation in Cu-MOF-74-Derived Cu–Cu<sub>2</sub>O–C Nanocomposites To Enable Efficient Visible-Light-Initiated Phenylacetylene Coupling
snapshot_1,Topic_graphitic_carbon_framework_2013-2022_Knowledge.txt,305,https://openalex.org/W2586985776,https://doi.org/10.1021/acsami.6b15203,2017,Multifunctional Theranostics for Dual-Modal Photodynamic Synergistic Therapy via Stepwise Water Splitting
snapshot_1,Topic_graphitic_carbon_framework_2013-2022_Knowledge.txt,306,https://openalex.org/W2027371276,https://doi.org/10.1039/c3nr03581f,2013,Covalent functionalization based heteroatom doped graphene nanosheet as a metal-free electrocatalyst for oxygen reduction reaction
snapshot_1,Topic_graphitic_carbon_framework_2013-2022_Knowledge.txt,307,https://openalex.org/W3081779586,https://doi.org/10.1021/acs.nanolett.0c02766,2020,Nanoribbon Superstructures of Graphene Nanocages for Efficient Electrocatalytic Hydrogen Evolution
snapshot_1,Topic_graphitic_carbon_framework_2013-2022_Knowledge.txt,308,https://openalex.org/W2997620720,https://doi.org/10.1021/acs.inorgchem.9b03042,2020,Universal Approach for Electronically Tuned Transition-Metal-Doped Graphitic Carbon Nitride as a Conductive Electrode Material for Highly Efficient Oxygen Reduction Reaction
snapshot_1,Topic_graphitic_carbon_framework_2013-2022_Knowledge.txt,309,https://openalex.org/W2619425420,https://doi.org/10.1021/acs.accounts.7b00164,2017,"Odd [<i>n</i>]Cumulenes (<i>n</i> = 3, 5, 7, 9): Synthesis, Characterization, and Reactivity"
snapshot_1,Topic_graphitic_carbon_framework_2013-2022_Knowledge.txt,310,https://openalex.org/W2989711871,https://doi.org/10.1002/smll.201903572,2019,Thermodynamically Stable Mesoporous C<sub>3</sub>N<sub>7</sub> and C<sub>3</sub>N<sub>6</sub> with Ordered Structure and Their Excellent Performance for Oxygen Reduction Reaction
snapshot_1,Topic_graphitic_carbon_framework_2013-2022_Knowledge.txt,311,https://openalex.org/W2168155402,https://doi.org/10.1002/adfm.201502330,2015,Face‐to‐Face Contact and Open‐Void Coinvolved Si/C Nanohybrids Lithium‐Ion Battery Anodes with Extremely Long Cycle Life
snapshot_1,Topic_graphitic_carbon_framework_2013-2022_Knowledge.txt,312,https://openalex.org/W4382135459,https://doi.org/10.1016/s1452-3981(23)12889-6,2013,Facile Synthesis of Hierarchically Porous Metal-TiO2/graphitic Carbon Microspheres by Colloidal Crystal Templating Method
snapshot_1,Topic_graphitic_carbon_framework_2013-2022_Knowledge.txt,313,https://openalex.org/W2746912051,https://doi.org/10.1021/acsami.7b10668,2017,"From <i>Chlorella</i> to Nestlike Framework Constructed with Doped Carbon Nanotubes: A Biomass-Derived, High-Performance, Bifunctional Oxygen Reduction/Evolution Catalyst"
snapshot_1,Topic_graphitic_carbon_framework_2013-2022_Knowledge.txt,314,https://openalex.org/W2944136109,https://doi.org/10.1021/acs.est.9b01143,2019,Multiphase Porous Electrochemical Catalysts Derived from Iron-Based Metal–Organic Framework Compounds
snapshot_1,Topic_graphitic_carbon_framework_2013-2022_Knowledge.txt,315,https://openalex.org/W2792629554,https://doi.org/10.1002/smll.201703599,2018,Creating Graphitic Carbon Nitride Based Donor‐π–Acceptor‐π–Donor Structured Catalysts for Highly Photocatalytic Hydrogen Evolution
snapshot_1,Topic_graphitic_carbon_framework_2013-2022_Knowledge.txt,316,https://openalex.org/W3016240157,https://doi.org/10.1007/s12274-020-2741-9,2020,High-performance Li-ion batteries based on graphene quantum dot wrapped carbon nanotube hybrid anodes
snapshot_1,Topic_graphitic_carbon_framework_2013-2022_Knowledge.txt,317,https://openalex.org/W1991543397,https://doi.org/10.1002/adfm.201401002,2014,Gallium Sulfide–Single‐Walled Carbon Nanotube Composites: High‐Performance Anodes for Lithium‐Ion Batteries
snapshot_1,Topic_graphitic_carbon_framework_2013-2022_Knowledge.txt,318,https://openalex.org/W3039011100,https://doi.org/10.1021/acsaem.0c00234,2020,Rational Design of Hierarchically Structured CoS<sub>2</sub>@NCNTs from Metal–Organic Frameworks for Efficient Lithium/Sodium Storage Performance
snapshot_1,Topic_graphitic_carbon_framework_2013-2022_Knowledge.txt,319,https://openalex.org/W2977774099,https://doi.org/10.1021/acsaem.9b01673,2019,Magnetic Hollow Spheres Assembled from Graphene-Encapsulated Nickel Nanoparticles for Efficient Photocatalytic CO<sub>2</sub> Reduction
snapshot_1,Topic_graphitic_carbon_framework_2013-2022_Knowledge.txt,320,https://openalex.org/W2799875236,https://doi.org/10.1002/celc.201800381,2018,CoP Embedded in Hierarchical N‐Doped Carbon Nanotube Frameworks as Efficient Catalysts for the Hydrogen Evolution Reaction
snapshot_1,Topic_graphitic_carbon_framework_2013-2022_Knowledge.txt,321,https://openalex.org/W3035465441,https://doi.org/10.1002/adfm.202003039,2020,Temperature‐Mediated Engineering of Graphdiyne Framework Enabling High‐Performance Potassium Storage
snapshot_1,Topic_graphitic_carbon_framework_2013-2022_Knowledge.txt,322,https://openalex.org/W2724527455,https://doi.org/10.1002/anie.201704419,2017,Thermal Disproportionation of Oxo‐Functionalized Graphene
snapshot_1,Topic_graphitic_carbon_framework_2013-2022_Knowledge.txt,323,https://openalex.org/W2999543245,https://doi.org/10.1149/2.0381906jes,2019,Cohesive Porous Co<sub>3</sub>O<sub>4</sub>/C Composite Derived from Zeolitic Imidazole Framework-67 (ZIF-67) Single-Source Precursor as Supercapacitor Electrode
snapshot_1,Topic_graphitic_carbon_framework_2013-2022_Knowledge.txt,324,https://openalex.org/W2471642511,https://doi.org/10.1039/c6cp04132a,2016,"A rational synthesis of hierarchically porous, N-doped carbon from Mg-based MOFs: understanding the link between nitrogen content and oxygen reduction electrocatalysis"
snapshot_1,Topic_graphitic_carbon_framework_2013-2022_Knowledge.txt,325,https://openalex.org/W2142036122,https://doi.org/10.1002/aenm.201301718,2014,Very High Surface Capacity Observed Using Si Negative Electrodes Embedded in Copper Foam as 3D Current Collectors
snapshot_1,Topic_graphitic_carbon_framework_2013-2022_Knowledge.txt,326,https://openalex.org/W2790325073,https://doi.org/10.1002/anie.201801793,2018,Cover Picture: Confined Self‐Assembly in Two‐Dimensional Interlayer Space: Monolayered Mesoporous Carbon Nanosheets with In‐Plane Orderly Arranged Mesopores and a Highly Graphitized Framework (Angew. Chem. Int. Ed. 11/2018)
snapshot_1,Topic_graphitic_carbon_framework_2013-2022_Knowledge.txt,327,https://openalex.org/W3131822603,https://doi.org/10.1002/elan.202060566,2021,Highly Oriented Nitrogen‐doped Carbon Nanotube Integrated Bimetallic Cobalt Copper Organic Framework for Non‐enzymatic Electrochemical Glucose and Hydrogen Peroxide Sensor
snapshot_1,Topic_graphitic_carbon_framework_2013-2022_Knowledge.txt,328,https://openalex.org/W3165360714,https://doi.org/10.1016/j.electacta.2021.138657,2021,MOF-derived conformal cobalt oxide/C composite material as high-performance electrode in hybrid supercapacitors
snapshot_1,Topic_graphitic_carbon_framework_2013-2022_Knowledge.txt,329,https://openalex.org/W4281692208,https://doi.org/10.3390/nano12111848,2022,The Scalable Solid-State Synthesis of a Ni5P4/Ni2P–FeNi Alloy Encapsulated into a Hierarchical Porous Carbon Framework for Efficient Oxygen Evolution Reactions
snapshot_1,Topic_graphitic_carbon_framework_2013-2022_Knowledge.txt,330,https://openalex.org/W2909966287,https://doi.org/10.1021/acsaem.8b01865,2019,Long-Life Rechargeable Zn Air Battery Based on Binary Metal Carbide Armored by Nitrogen-Doped Carbon
snapshot_1,Topic_graphitic_carbon_framework_2013-2022_Knowledge.txt,331,https://openalex.org/W2960879254,https://doi.org/10.1021/acsanm.9b01036,2019,Zinc-Doped Mesoporous Graphitic Carbon Nitride for Colorimetric Detection of Hydrogen Peroxide
snapshot_1,Topic_graphitic_carbon_framework_2013-2022_Knowledge.txt,332,https://openalex.org/W2521064708,https://doi.org/10.1149/2.0531613jes,2016,Synthesis of Activated Graphite Felt Using Consecutive Post-Treatments for Vanadium Redox Flow Batteries
snapshot_1,Topic_graphitic_carbon_framework_2013-2022_Knowledge.txt,333,https://openalex.org/W2334577953,https://doi.org/10.3390/ma9040261,2016,Preparation of Calcined Zirconia-Carbon Composite from Metal Organic Frameworks and Its Application to Adsorption of Crystal Violet and Salicylic Acid
snapshot_1,Topic_graphitic_carbon_framework_2013-2022_Knowledge.txt,334,https://openalex.org/W2901421626,https://doi.org/10.1021/acsami.8b15456,2018,One-Dimensional Porous Hybrid Structure of Mo<sub>2</sub>C-CoP Encapsulated in N-Doped Carbon Derived from MOF: An Efficient Electrocatalyst for Hydrogen Evolution Reaction over the Entire pH Range
snapshot_1,Topic_graphitic_carbon_framework_2013-2022_Knowledge.txt,335,https://openalex.org/W3005172270,https://doi.org/10.1021/acsami.9b18790,2020,"Structurally Modulated Graphitic Carbon Nanofiber and Heteroatom (N,F) Engineering toward Metal-Free ORR Electrocatalysts for Polymer Electrolyte Membrane Fuel Cells"
snapshot_1,Topic_graphitic_carbon_framework_2013-2022_Knowledge.txt,336,https://openalex.org/W3208225009,https://doi.org/10.1002/adom.202101904,2021,Structure Engineering of Graphene Nanocages toward High‐Performance Microwave Absorption Applications
snapshot_1,Topic_graphitic_carbon_framework_2013-2022_Knowledge.txt,337,https://openalex.org/W2907012946,https://doi.org/10.1002/cctc.201801752,2019,Cobalt Nanoparticles Embedded in <i>N</i>‐Doped Porous Carbon Derived from Bimetallic Zeolitic Imidazolate Frameworks for One‐Pot Selective Oxidative Depolymerization of Lignin
snapshot_1,Topic_graphitic_carbon_framework_2013-2022_Knowledge.txt,338,https://openalex.org/W2926358782,https://doi.org/10.1021/acsami.9b01704,2019,"Noble Metal-Free Photocatalysts Consisting of Graphitic Carbon Nitride, Nickel Complex, and Nickel Oxide Nanoparticles for Efficient Hydrogen Generation"
snapshot_1,Topic_graphitic_carbon_framework_2013-2022_Knowledge.txt,339,https://openalex.org/W4283220075,https://doi.org/10.1007/s12274-022-4390-7,2022,Dynamically observing the formation of MOFs-driven Co/N-doped carbon nanocomposites by in-situ transmission electron microscope and their application as high-efficient microwave absorbent
snapshot_1,Topic_graphitic_carbon_framework_2013-2022_Knowledge.txt,340,https://openalex.org/W1944641060,https://doi.org/10.1007/s12274-015-0845-4,2015,NiRh nanoparticles supported on nitrogen-doped porous carbon as highly efficient catalysts for dehydrogenation of hydrazine in alkaline solution
snapshot_1,Topic_graphitic_carbon_framework_2013-2022_Knowledge.txt,341,https://openalex.org/W3018162479,https://doi.org/10.1002/pssa.201900969,2020,Transition Metals (Co or Ni) Encapsulated in Carbon Nanotubes Derived from Zeolite Imidazolate Frameworks (ZIFs) as Bifunctional Catalysts for the Oxygen Reduction and Evolution Reactions
snapshot_1,Topic_graphitic_carbon_framework_2013-2022_Knowledge.txt,342,https://openalex.org/W2788535713,https://doi.org/10.1021/acs.jpcc.7b11247,2018,Highly Efficient Arsenite [As(III)] Adsorption by an [MIL-100(Fe)] Metal–Organic Framework: Structural and Mechanistic Insights
snapshot_1,Topic_graphitic_carbon_framework_2013-2022_Knowledge.txt,343,https://openalex.org/W3105629448,https://doi.org/10.1002/aenm.202002961,2020,"Biaxial Stretchability in High‐Performance, All‐Solid‐State Supercapacitor with a Double‐Layer Anode and a Faradic Cathode Based on Graphitic‐2200 Knitted Carbon Fiber"
snapshot_1,Topic_graphitic_carbon_framework_2013-2022_Knowledge.txt,344,https://openalex.org/W2795648237,https://doi.org/10.1021/acsami.8b00915,2018,Novel Sulfur Host Composed of Cobalt and Porous Graphitic Carbon Derived from MOFs for the High-Performance Li–S Battery
snapshot_1,Topic_graphitic_carbon_framework_2013-2022_Knowledge.txt,345,https://openalex.org/W2411853908,https://doi.org/10.1021/acsami.5b05834,2015,<i>In Situ</i> Self-Sacrificed Template Synthesis of Fe-N/G Catalysts for Enhanced Oxygen Reduction
snapshot_1,Topic_graphitic_carbon_framework_2013-2022_Knowledge.txt,346,https://openalex.org/W3042853374,https://doi.org/10.1021/acssuschemeng.0c01949,2020,High-Value Utilization of Lignin To Prepare Functional Carbons toward Advanced Lithium-Ion Capacitors
snapshot_1,Topic_graphitic_carbon_framework_2013-2022_Knowledge.txt,347,https://openalex.org/W2583767047,https://doi.org/10.1039/c6ta10076g,2017,Pencil-drawing assembly to prepare graphite/MWNT hybrids for high performance integrated paper supercapacitors
snapshot_1,Topic_graphitic_carbon_framework_2013-2022_Knowledge.txt,348,https://openalex.org/W3176872008,https://doi.org/10.1039/d1nr02639a,2021,Ultrathin mesoporous graphitic carbon nitride nanosheets with functional cyano group decoration and nitrogen-vacancy defects for an efficient selective CO<sub>2</sub> photoreduction
snapshot_1,Topic_graphitic_carbon_framework_2013-2022_Knowledge.txt,349,https://openalex.org/W2911994067,https://doi.org/10.1039/c8cc10273b,2019,Selective oxidation of glycerol to tartronic acid over Pt/N-doped mesoporous carbon with extra framework magnesium catalysts under base-free conditions
snapshot_1,Topic_graphitic_carbon_framework_2013-2022_Knowledge.txt,350,https://openalex.org/W3048183158,https://doi.org/10.1002/elan.202060326,2020,"A Novel Electrochemical Sensor for Simultaneous Determination of Hydroquinone, Catechol, and Resorcinol Using a Carbon Paste Electrode Modified by Zn‐MOF, Nitrogen‐doped Graphite, and AuNPs"
snapshot_1,Topic_graphitic_carbon_framework_2013-2022_Knowledge.txt,351,https://openalex.org/W4300817496,https://doi.org/10.1021/acsami.2c13607,2022,Hollow Porous N and Co Dual-Doped Silicon@Carbon Nanocube Derived by ZnCo-Bimetallic Metal–Organic Framework toward Advanced Lithium-Ion Battery Anodes
snapshot_1,Topic_graphitic_carbon_framework_2013-2022_Knowledge.txt,352,https://openalex.org/W2602033913,https://doi.org/10.1007/s12274-017-1573-8,2017,Freestanding hierarchical porous carbon film derived from hybrid nanocellulose for high-power supercapacitors
snapshot_1,Topic_graphitic_carbon_framework_2013-2022_Knowledge.txt,353,https://openalex.org/W3002753329,https://doi.org/10.1039/c9ra08388j,2020,Enhancement of photocatalytic hydrogen evolution with catalysts based on carbonized MOF-5 and g-C<sub>3</sub>N<sub>4</sub>
snapshot_1,Topic_graphitic_carbon_framework_2013-2022_Knowledge.txt,354,https://openalex.org/W4214636936,https://doi.org/10.1002/smll.202107284,2022,Unveiling the Redox Electrochemistry of MOF‐Derived fcc‐NiCo@GC Polyhedron as an Advanced Electrode Material for Boosting Specific Energy of the Supercapattery
snapshot_1,Topic_graphitic_carbon_framework_2013-2022_Knowledge.txt,355,https://openalex.org/W2946302403,https://doi.org/10.3390/pr7050300,2019,Highly Porous Graphitic Activated Carbons from Lignite via Microwave Pretreatment and Iron-Catalyzed Graphitization at Low-Temperature for Supercapacitor Electrode Materials
snapshot_1,Topic_graphitic_carbon_framework_2013-2022_Knowledge.txt,356,https://openalex.org/W2340894664,https://doi.org/10.1039/c6nr01094f,2016,2D quasi-ordered nitrogen-enriched porous carbon nanohybrids for high energy density supercapacitors
snapshot_1,Topic_graphitic_carbon_framework_2013-2022_Knowledge.txt,357,https://openalex.org/W2727609653,https://doi.org/10.1021/acscatal.7b01742,2017,Comprehensive Understanding of the Effects of Carbon Nanostructures on Redox Catalytic Properties and Stability in Oxidative Dehydrogenation
snapshot_1,Topic_graphitic_carbon_framework_2013-2022_Knowledge.txt,358,https://openalex.org/W3136931283,https://doi.org/10.1021/acsanm.1c00007,2021,"Co<sub>3</sub>O<sub>4</sub>/Nitrogen-Doped Graphitic Carbon/Fe<sub>3</sub>O<sub>4</sub> Nanocomposites as Reusable Catalysts for Hydrogenation of Quinoline, Cinnamaldehyde, and Nitroarenes"
snapshot_1,Topic_graphitic_carbon_framework_2013-2022_Knowledge.txt,359,https://openalex.org/W2080334504,https://doi.org/10.1002/adfm.201304130,2014,Hierarchical Design for Fabricating Cost‐Effective High Performance Supercapacitors
snapshot_1,Topic_graphitic_carbon_framework_2013-2022_Knowledge.txt,360,https://openalex.org/W2598870258,https://doi.org/10.1134/s1063776117010125,2017,Investigation on the formation of lonsdaleite from graphite
snapshot_1,Topic_graphitic_carbon_framework_2013-2022_Knowledge.txt,361,https://openalex.org/W2947713395,https://doi.org/10.1039/c9ra02389e,2019,Reduced graphene oxide-supported cobalt oxide decorated N-doped graphitic carbon for efficient bifunctional oxygen electrocatalysis
snapshot_1,Topic_graphitic_carbon_framework_2013-2022_Knowledge.txt,362,https://openalex.org/W2782720012,https://doi.org/10.1039/c7nr08909k,2018,A high-performance asymmetric supercapacitor based on vanadyl phosphate/carbon nanocomposites and polypyrrole-derived carbon nanowires
snapshot_1,Topic_graphitic_carbon_framework_2013-2022_Knowledge.txt,363,https://openalex.org/W2763278382,https://doi.org/10.1002/advs.201700410,2017,Electroionic Antagonistic Muscles Based on Nitrogen‐Doped Carbons Derived from Poly(Triazine‐Triptycene)
snapshot_1,Topic_graphitic_carbon_framework_2013-2022_Knowledge.txt,364,https://openalex.org/W3005263291,https://doi.org/10.1021/acsami.9b20296,2020,"Hierarchical ZnO@Hybrid Carbon Core–Shell Nanowire Array on a Graphene Fiber Microelectrode for Ultrasensitive Detection of 2,4,6-Trinitrotoluene"
snapshot_1,Topic_graphitic_carbon_framework_2013-2022_Knowledge.txt,365,https://openalex.org/W2105167919,https://doi.org/10.1002/cctc.201500807,2015,Facile Construction of Mesoporous N‐Doped Carbons as Highly Efficient 4‐Nitrophenol Reduction Catalysts
snapshot_1,Topic_graphitic_carbon_framework_2013-2022_Knowledge.txt,366,https://openalex.org/W2213809994,https://doi.org/10.1039/c5nr06319a,2015,N-Doped graphene frameworks with superhigh surface area: excellent electrocatalytic performance for oxygen reduction
snapshot_1,Topic_graphitic_carbon_framework_2013-2022_Knowledge.txt,367,https://openalex.org/W4251768557,https://doi.org/10.1002/ange.201605591,2016,Graphitic Carbon Nitride/Nitrogen‐Rich Carbon Nanofibers: Highly Efficient Photocatalytic Hydrogen Evolution without Cocatalysts
snapshot_1,Topic_graphitic_carbon_framework_2013-2022_Knowledge.txt,368,https://openalex.org/W2687219009,https://doi.org/10.1021/acsami.7b04008,2017,Fluffy and Ordered Graphene Multilayer Films with Improved Electromagnetic Interference Shielding over X-Band
snapshot_1,Topic_graphitic_carbon_framework_2013-2022_Knowledge.txt,369,https://openalex.org/W3170666702,https://doi.org/10.1002/adfm.202102458,2021,Polysulfide Filter and Dendrite Inhibitor: Highly Graphitized Wood Framework Inhibits Polysulfide Shuttle and Lithium Dendrites in Li–S Batteries
snapshot_1,Topic_graphitic_carbon_framework_2013-2022_Knowledge.txt,370,https://openalex.org/W2946847308,https://doi.org/10.1021/acssuschemeng.9b01305,2019,Cu/Cu<sub>2</sub>O-MC (MC = Mesoporous Carbon) for Highly Efficient Hydrogenation of Furfural to Furfuryl Alcohol under Visible Light
snapshot_1,Topic_graphitic_carbon_framework_2013-2022_Knowledge.txt,371,https://openalex.org/W2898094365,https://doi.org/10.1002/smll.201803188,2018,Fabrication of 3D Hierarchical Byttneria Aspera‐Like Ni@Graphitic Carbon Yolk–Shell Microspheres as Bifunctional Catalysts for Ultraefficient Oxidation/Reduction of Organic Contaminants
snapshot_1,Topic_graphitic_carbon_framework_2013-2022_Knowledge.txt,372,https://openalex.org/W3194035097,https://doi.org/10.1021/acsaem.1c01094,2021,Design and Synthesis of N-Doped Carbon Skeleton Assembled by Carbon Nanotubes and Graphene as a High-Performance Electrode Material for Supercapacitors
snapshot_1,Topic_graphitic_carbon_framework_2013-2022_Knowledge.txt,373,https://openalex.org/W4213317801,https://doi.org/10.1021/acsanm.2c00501,2022,Sulfur-Doped Fe–N–C Nanomaterials as Catalysts for the Oxygen Reduction Reaction in Acidic Medium
snapshot_1,Topic_graphitic_carbon_framework_2013-2022_Knowledge.txt,374,https://openalex.org/W3005048304,https://doi.org/10.1002/adfm.201910326,2020,Metal–Organic Framework‐Derived Graphitic Nanoribbons Anchored on Graphene for Electroionic Artificial Muscles
snapshot_1,Topic_graphitic_carbon_framework_2013-2022_Knowledge.txt,375,https://openalex.org/W2747197023,https://doi.org/10.1021/acs.jpcc.7b05556,2017,Sulfur-Doped Mesoporous Carbon Nitride Decorated with Cu Particles for Efficient Photocatalytic Degradation under Visible-Light Irradiation
snapshot_1,Topic_graphitic_carbon_framework_2013-2022_Knowledge.txt,376,https://openalex.org/W4200573791,https://doi.org/10.1021/acsanm.1c02896,2021,Review of Graphitic Carbon Nitride and Its Composite Catalysts for Selective Reduction of CO<sub>2</sub>
snapshot_1,Topic_graphitic_carbon_framework_2013-2022_Knowledge.txt,377,https://openalex.org/W2345198250,https://doi.org/10.1002/celc.201600012,2016,Binder‐Free Carbon‐Coated Silicon–Reduced Graphene Oxide Nanocomposite Electrode Prepared by Electrophoretic Deposition as a High‐Performance Anode for Lithium‐Ion Batteries
snapshot_1,Topic_graphitic_carbon_framework_2013-2022_Knowledge.txt,378,https://openalex.org/W2742328466,https://doi.org/10.1126/science.aan2255,2017,Direct atomic-level insight into the active sites of a high-performance PGM-free ORR catalyst
snapshot_1,Topic_graphitic_carbon_framework_2013-2022_Knowledge.txt,379,https://openalex.org/W3134158184,https://doi.org/10.1002/slct.202100055,2021,Robust Co‐Embedded Nitrogen Doped Carbon Catalyst for Oxygen Reduction Reaction in Proton Exchange Membrane Fuel Cell
snapshot_1,Topic_graphitic_carbon_framework_2013-2022_Knowledge.txt,380,https://openalex.org/W3126585939,https://doi.org/10.3390/nano11020377,2021,Preparation and Application of Fe-N Co-Doped GNR@CNT Cathode Oxygen Reduction Reaction Catalyst in Microbial Fuel Cells
snapshot_1,Topic_graphitic_carbon_framework_2013-2022_Knowledge.txt,381,https://openalex.org/W2806938754,https://doi.org/10.1021/acssuschemeng.8b01566,2018,Fabrication of Porous CoO<sub><i>x</i></sub>/mC@MoS<sub>2</sub> Composite Loaded on g-C<sub>3</sub>N<sub>4</sub> Nanosheets as a Highly Efficient Dual Electrocatalyst for Oxygen Reduction and Hydrogen Evolution Reactions
snapshot_1,Topic_graphitic_carbon_framework_2013-2022_Knowledge.txt,382,https://openalex.org/W2808377939,https://doi.org/10.1021/acsami.8b05967,2018,One-Pot Template-Free Strategy toward 3D Hierarchical Porous Nitrogen-Doped Carbon Framework in Situ Armored Homogeneous NiO Nanoparticles for High-Performance Asymmetric Supercapacitors
snapshot_1,Topic_graphitic_carbon_framework_2013-2022_Knowledge.txt,383,https://openalex.org/W4238521880,https://doi.org/10.1039/d1nj00120e,2021,g-C<sub>3</sub>N<sub>4</sub>@Ce-MOF Z-scheme heterojunction photocatalyzed cascade aerobic oxidative functionalization of styrene
snapshot_1,Topic_graphitic_carbon_framework_2013-2022_Knowledge.txt,384,https://openalex.org/W3215262069,https://doi.org/10.1021/acscatal.1c04564,2021,Bifunctional Carbon Nitride Exhibiting both Enhanced Photoactivity and Residual Catalytic Activity in the Post-Irradiation Dark Period
snapshot_1,Topic_graphitic_carbon_framework_2013-2022_Knowledge.txt,385,https://openalex.org/W4308434659,https://doi.org/10.1021/acsmaterialslett.2c00841,2022,Electrolyte Boosting Microdumbbell-Structured Alloy/Metal Oxide Anode for Fast-Charging Sodium-Ion Batteries
snapshot_1,Topic_graphitic_carbon_framework_2013-2022_Knowledge.txt,386,https://openalex.org/W4297101513,https://doi.org/10.1021/acsami.2c10706,2022,Metal Organic Framework-Derived ZnO@GC Nanoarchitecture as an Effective Hydrogen Gas Sensor with Improved Selectivity and Gas Response
snapshot_1,Topic_graphitic_carbon_framework_2013-2022_Knowledge.txt,387,https://openalex.org/W3022704056,https://doi.org/10.1021/acs.iecr.0c00193,2020,Constructing a Stable 2D/2D Heterojunction of Oxygen-Cluster-Modified Ti<sub>3</sub>AlC<sub>2</sub> MAX Cocatalyst with Proton-Rich C<sub>3</sub>N<sub>4</sub> for Highly Efficient Photocatalytic CO<sub>2</sub> Methanation
snapshot_1,Topic_graphitic_carbon_framework_2013-2022_Knowledge.txt,388,https://openalex.org/W4210551040,https://doi.org/10.1002/ange.202110177,2021,A Coral‐Like FeP@NC Anode with Increasing Cycle Capacity for Sodium‐Ion and Lithium‐Ion Batteries Induced by Particle Refinement
snapshot_1,Topic_graphitic_carbon_framework_2013-2022_Knowledge.txt,389,https://openalex.org/W2046743430,https://doi.org/10.1021/acs.analchem.5b00016,2015,Voltammetric Immunosensor Assembled on Carbon-Pyrenyl Nanostructures for Clinical Diagnosis of Type of Diabetes
snapshot_1,Topic_graphitic_carbon_framework_2013-2022_Knowledge.txt,390,https://openalex.org/W2794783364,https://doi.org/10.1021/acscatal.8b00390,2018,Anion Resistant Oxygen Reduction Electrocatalyst in Phosphoric Acid Fuel Cell
snapshot_1,Topic_graphitic_carbon_framework_2013-2022_Knowledge.txt,391,https://openalex.org/W2784368966,https://doi.org/10.1039/c6cs00915h,2018,Raman spectroscopy of graphene-based materials and its applications in related devices
snapshot_1,Topic_graphitic_carbon_framework_2013-2022_Knowledge.txt,392,https://openalex.org/W4283578998,https://doi.org/10.1021/acs.jctc.2c00297,2022,Nonadiabatic Molecular Dynamics with Extended Density Functional Tight-Binding: Application to Nanocrystals and Periodic Solids
snapshot_1,Topic_graphitic_carbon_framework_2013-2022_Knowledge.txt,393,https://openalex.org/W4306398978,https://doi.org/10.3390/molecules27206939,2022,MXene-Based Photocatalysts in Degradation of Organic and Pharmaceutical Pollutants
snapshot_1,Topic_graphitic_carbon_framework_2013-2022_Knowledge.txt,394,https://openalex.org/W3025189759,https://doi.org/10.1021/acsami.0c03953,2020,Iron-Catalyzed Selective Denitrification over N-Doped Mesoporous Carbon
snapshot_1,Topic_graphitic_carbon_framework_2013-2022_Knowledge.txt,395,https://openalex.org/W2316009164,https://doi.org/10.1021/ic402648f,2014,Control of TiO<sub>2</sub> Grain Size and Positioning in Three-Dimensionally Ordered Macroporous TiO<sub>2</sub>/C Composite Anodes for Lithium Ion Batteries
snapshot_1,Topic_graphitic_carbon_framework_2013-2022_Knowledge.txt,396,https://openalex.org/W2524685716,https://doi.org/10.1039/c6nr06716f,2016,In situ formation of nitrogen-doped carbon nanoparticles on hollow carbon spheres as efficient oxygen reduction electrocatalysts
snapshot_1,Topic_graphitic_carbon_framework_2013-2022_Knowledge.txt,397,https://openalex.org/W3112551041,https://doi.org/10.3390/catal10121407,2020,Carbon-Based Materials for the Development of Highly Dispersed Metal Catalysts: Towards Highly Performant Catalysts for Fine Chemical Synthesis
snapshot_1,Topic_graphitic_carbon_framework_2013-2022_Knowledge.txt,398,https://openalex.org/W2104485754,https://doi.org/10.1002/anie.201502466,2015,Tetrabenzoperipentacene: Stable Five‐Electron Donating Ability and a Discrete Triple‐Layered β‐Graphite Form in the Solid State
snapshot_1,Topic_graphitic_carbon_framework_2013-2022_Knowledge.txt,399,https://openalex.org/W3109370412,https://doi.org/10.1007/s12274-020-3212-z,2020,Bimetallic metal-organic framework derived doped carbon nanostructures as high-performance electrocatalyst towards oxygen reactions
snapshot_1,Topic_graphitic_carbon_framework_2013-2022_Knowledge.txt,400,https://openalex.org/W4214820074,https://doi.org/10.1021/acsami.2c00344,2022,How Is Cycle Life of Three-Dimensional Zinc Metal Anodes with Carbon Fiber Backbones Affected by Depth of Discharge and Current Density in Zinc–Ion Batteries?
snapshot_1,Topic_graphitic_carbon_framework_2013-2022_Knowledge.txt,401,https://openalex.org/W4293758505,https://doi.org/10.1021/acsanm.2c02853,2022,Fe Single-Atom Electrochemical Sensors for H<sub>2</sub>O<sub>2</sub> Produced by Living Cells
snapshot_1,Topic_graphitic_carbon_framework_2013-2022_Knowledge.txt,402,https://openalex.org/W3013014696,https://doi.org/10.1039/d0nr00992j,2020,Catalysts confined inside CNTs derived from 2D metal–organic frameworks for electrolysis
snapshot_1,Topic_graphitic_carbon_framework_2013-2022_Knowledge.txt,403,https://openalex.org/W3006422010,https://doi.org/10.1002/smll.201907164,2020,Effective Fixation of Carbon in g‐C<sub>3</sub>N<sub>4</sub> Enabled by Mg‐Induced Selective Reconstruction
snapshot_1,Topic_graphitic_carbon_framework_2013-2022_Knowledge.txt,404,https://openalex.org/W2055019368,https://doi.org/10.1073/pnas.1416591112,2015,Penta-graphene: A new carbon allotrope
snapshot_1,Topic_graphitic_carbon_framework_2013-2022_Knowledge.txt,405,https://openalex.org/W2981940764,https://doi.org/10.1002/batt.201900121,2019,Co−Ni Binary‐Metal Oxide Coated with Porous Carbon Derived from Metal‐Organic Framework as Host of Nano‐Sulfur for Lithium‐Sulfur Batteries
snapshot_1,Topic_graphitic_carbon_framework_2013-2022_Knowledge.txt,406,https://openalex.org/W3118482382,https://doi.org/10.1039/d0ra08808k,2021,UIO-66-NH<sub>2</sub>-derived mesoporous carbon used as a high-performance anode for the potassium-ion battery
snapshot_1,Topic_graphitic_carbon_framework_2013-2022_Knowledge.txt,407,https://openalex.org/W2846825478,https://doi.org/10.1021/acsami.8b04239,2018,Hydrogenation of Furfural with Nickel Nanoparticles Stabilized on Nitrogen-Rich Carbon Core–Shell and Its Transformations for the Synthesis of γ-Valerolactone in Aqueous Conditions
snapshot_1,Topic_graphitic_carbon_framework_2013-2022_Knowledge.txt,408,https://openalex.org/W3022082604,https://doi.org/10.1039/d0ra02752a,2020,"Cobalt–carbon/silica nanocomposites prepared by pyrolysis of a cobalt 2,2′-bipyridine terephthalate complex for remediation of cationic dyes"
snapshot_1,Topic_graphitic_carbon_framework_2013-2022_Knowledge.txt,409,https://openalex.org/W3081077633,https://doi.org/10.1021/acsami.0c09021,2020,Hierarchically Engineered Nanocarbon Florets as Bifunctional Electrode Materials for Adsorptive and Intercalative Energy Storage
snapshot_1,Topic_graphitic_carbon_framework_2013-2022_Knowledge.txt,410,https://openalex.org/W3014415467,https://doi.org/10.1039/d0cc00947d,2020,Co<sub>3</sub>O<sub>4</sub> nanoparticles embedded in nitrogen-doped graphitic carbon fibers as a free-standing electrode for promotion of lithium ion storage with capacitive contribution
snapshot_1,Topic_graphitic_carbon_framework_2013-2022_Knowledge.txt,411,https://openalex.org/W3097784025,https://doi.org/10.1002/adfm.202006771,2020,Self‐Standing Nanofiber Electrodes with Pt–Co Derived from Electrospun Zeolitic Imidazolate Framework for High Temperature PEM Fuel Cells
snapshot_1,Topic_graphitic_carbon_framework_2013-2022_Knowledge.txt,412,https://openalex.org/W3127571500,https://doi.org/10.3390/nano11020395,2021,Cellulose Nanofiber Composite with Bimetallic Zeolite Imidazole Framework for Electrochemical Supercapacitors
snapshot_1,Topic_graphitic_carbon_framework_2013-2022_Knowledge.txt,413,https://openalex.org/W4224223732,https://doi.org/10.1007/s12274-022-4264-z,2022,Construction of three-dimensional carbon framework-loaded silicon nanoparticles anchored by carbon film for high-performance lithium-ion battery anode materials
snapshot_1,Topic_graphitic_carbon_framework_2013-2022_Knowledge.txt,414,https://openalex.org/W3039762502,https://doi.org/10.3390/app10134618,2020,Reversible Hydrogen Storage Using Nanocomposites
snapshot_1,Topic_graphitic_carbon_framework_2013-2022_Knowledge.txt,415,https://openalex.org/W2803129767,https://doi.org/10.1002/anie.201803984,2018,"Fluctuating Carbonaceous Networks with a Persistent Molecular Shape: A Saddle‐Shaped Geodesic Framework of 1,3,5‐Trisubstituted Benzene (Phenine)"
snapshot_1,Topic_graphitic_carbon_framework_2013-2022_Knowledge.txt,416,https://openalex.org/W4245790462,https://doi.org/10.1002/ange.202013852,2020,Nickel‐Catalyzed C‐Heteroatom Cross‐Coupling Reactions under Mild Conditions via Facilitated Reductive Elimination
snapshot_1,Topic_graphitic_carbon_framework_2013-2022_Knowledge.txt,417,https://openalex.org/W2773993988,https://doi.org/10.20964/2018.01.02,2017,Electrochemical Response of Glassy Carbon Electrodes Modified using Graphene Sheets of Different Sizes
snapshot_1,Topic_graphitic_carbon_framework_2013-2022_Knowledge.txt,418,https://openalex.org/W2318955684,https://doi.org/10.1021/ar4000086,2013,"Carbide Cluster Metallofullerenes: Structure, Properties, and Possible Origin"
snapshot_1,Topic_graphitic_carbon_framework_2013-2022_Knowledge.txt,419,https://openalex.org/W3133717301,https://doi.org/10.1002/ente.202100035,2021,Porous Carbon Nanosheets Derived from ZIF‐8 Treated with KCl as Highly Efficient Electrocatalysts for the Oxygen Reduction Reaction
snapshot_1,Topic_graphitic_carbon_framework_2013-2022_Knowledge.txt,420,https://openalex.org/W2157202716,https://doi.org/10.1039/c4cs00141a,2014,"Heteroatom-doped graphene materials: syntheses, properties and applications"
snapshot_1,Topic_graphitic_carbon_framework_2013-2022_Knowledge.txt,421,https://openalex.org/W2783540789,https://doi.org/10.1002/elan.201700678,2018,ZIF‐67 Derived Porous Carbon from Calcination and Acid Etching Process as an Enzyme Immobilization Platform for Glucose Sensing
snapshot_1,Topic_graphitic_carbon_framework_2013-2022_Knowledge.txt,422,https://openalex.org/W3016225890,https://doi.org/10.1021/acsaem.0c00090,2020,Efficient Synthesis of N-Doped SiO<sub><i>x</i></sub>/C Composite Based on the Defect-Enriched Graphite Flake for Lithium-Ion Battery
snapshot_1,Topic_graphitic_carbon_framework_2013-2022_Knowledge.txt,423,https://openalex.org/W4213061906,https://doi.org/10.1016/j.cej.2022.135237,2022,Laser-induced sulfurization of nickel-based metal-organic frameworks for highly stable phase-engineered energy materials
snapshot_1,Topic_graphitic_carbon_framework_2013-2022_Knowledge.txt,424,https://openalex.org/W2559442950,https://doi.org/10.1002/cssc.201601195,2016,Salt Templating with Pore Padding: Hierarchical Pore Tailoring towards Functionalised Porous Carbons
snapshot_1,Topic_graphitic_carbon_framework_2013-2022_Knowledge.txt,425,https://openalex.org/W2772115695,https://doi.org/10.1039/c7dt04094f,2017,Electron transport shuttle mechanism <i>via</i> an Fe–N–C bond derived from a conjugated microporous polymer for a supercapacitor
snapshot_1,Topic_graphitic_carbon_framework_2013-2022_Knowledge.txt,426,https://openalex.org/W2806793579,https://doi.org/10.1021/acsami.8b06166,2018,"Porous Co<sub>9</sub>S<sub>8</sub>/Nitrogen, Sulfur-Doped Carbon@Mo<sub>2</sub>C Dual Catalyst for Efficient Water Splitting"
snapshot_1,Topic_graphitic_carbon_framework_2013-2022_Knowledge.txt,427,https://openalex.org/W2131147860,https://doi.org/10.1002/pola.26802,2013,Synthesis of polydopamine‐coated graphene–polymer nanocomposites via RAFT polymerization
snapshot_1,Topic_graphitic_carbon_framework_2013-2022_Knowledge.txt,428,https://openalex.org/W3088978909,https://doi.org/10.3390/cmd1030015,2020,Review of Recent Developments in the Formulation of Graphene-Based Coatings for the Corrosion Protection of Metals and Alloys
snapshot_1,Topic_graphitic_carbon_framework_2013-2022_Knowledge.txt,429,https://openalex.org/W3197526874,https://doi.org/10.1155/2021/7896286,2021,Electrochemical Determination of Diclofenac by Using ZIF-67/<i>g-</i>C<sub>3</sub>N<sub>4</sub> Modified Electrode
snapshot_1,Topic_graphitic_carbon_framework_2013-2022_Knowledge.txt,430,https://openalex.org/W2167296152,https://doi.org/10.1039/c3cs60468c,2014,Nanostructured hydrotreating catalysts for electrochemical hydrogen evolution
snapshot_1,Topic_graphitic_carbon_framework_2013-2022_Knowledge.txt,431,https://openalex.org/W2981060390,https://doi.org/10.1021/acsanm.9b01505,2019,Multicomponent Doped Sugar-Coated Nanofibers for Peroxymonosulfate Activation
snapshot_1,Topic_graphitic_carbon_framework_2013-2022_Knowledge.txt,432,https://openalex.org/W2891260968,https://doi.org/10.1021/acsami.8b10373,2018,Three-Dimensional Biocarbon Framework Coupled with Uniformly Distributed FeSe Nanoparticles Derived from Pollen as Bifunctional Electrocatalysts for Oxygen Electrode Reactions
snapshot_1,Topic_graphitic_carbon_framework_2013-2022_Knowledge.txt,433,https://openalex.org/W3082507267,https://doi.org/10.3390/s20174880,2020,CeO2-Based Two-Dimensional Layered Nanocomposites Derived from a Metal–Organic Framework for Selective Electrochemical Dopamine Sensors
snapshot_1,Topic_graphitic_carbon_framework_2013-2022_Knowledge.txt,434,https://openalex.org/W3089466272,https://doi.org/10.1002/celc.202001135,2020,Metal–Organic Framework‐Derived Nickel/Cobalt‐Based Nanohybrids for Sensing Non‐Enzymatic Glucose
snapshot_1,Topic_graphitic_carbon_framework_2013-2022_Knowledge.txt,435,https://openalex.org/W4210486424,https://doi.org/10.1007/s12209-021-00311-w,2022,Fluorine-Doped Hard Carbon as the Advanced Performance Anode Material of Sodium-Ion Batteries
snapshot_1,Topic_graphitic_carbon_framework_2013-2022_Knowledge.txt,436,https://openalex.org/W4241332802,https://doi.org/10.1002/ange.201914949,2019,Surface Engineering of g‐C<sub>3</sub>N<sub>4</sub> by Stacked BiOBr Sheets Rich in Oxygen Vacancies for Boosting Photocatalytic Performance
snapshot_1,Topic_graphitic_carbon_framework_2013-2022_Knowledge.txt,437,https://openalex.org/W4311773930,https://doi.org/10.1007/s12274-022-5194-5,2022,Accelerating water dissociation at carbon supported nanoscale Ni/NiO heterojunction electrocatalysts for high-efficiency alkaline hydrogen evolution
snapshot_1,Topic_graphitic_carbon_framework_2013-2022_Knowledge.txt,438,https://openalex.org/W2944722173,https://doi.org/10.1002/smll.201900307,2019,"Single Fe Atom on Hierarchically Porous S, N‐Codoped Nanocarbon Derived from Porphyra Enable Boosted Oxygen Catalysis for Rechargeable Zn‐Air Batteries"
snapshot_1,Topic_graphitic_carbon_framework_2013-2022_Knowledge.txt,439,https://openalex.org/W3035770815,https://doi.org/10.1021/acsanm.0c01107,2020,N-Doped Porous Carbon–Fe<i><sub>x</sub></i>C Nanoparticle Composites as Catalysts for Friedel–Crafts Acylation
snapshot_1,Topic_graphitic_carbon_framework_2013-2022_Knowledge.txt,440,https://openalex.org/W1991498636,https://doi.org/10.1021/la4000846,2013,Carbon-Binding Designer Proteins that Discriminate between sp<sup>2</sup>- and sp<sup>3</sup>-Hybridized Carbon Surfaces
snapshot_1,Topic_graphitic_carbon_framework_2013-2022_Knowledge.txt,441,https://openalex.org/W3004850069,https://doi.org/10.1007/s11157-020-09523-3,2020,Biochar physicochemical properties: pyrolysis temperature and feedstock kind effects
snapshot_1,Topic_graphitic_carbon_framework_2013-2022_Knowledge.txt,442,https://openalex.org/W2559971361,https://doi.org/10.1002/chem.201605026,2016,Functional Species Encapsulated in Nitrogen‐Doped Porous Carbon as a Highly Efficient Catalyst for the Oxygen Reduction Reaction
snapshot_1,Topic_graphitic_carbon_framework_2013-2022_Knowledge.txt,443,https://openalex.org/W3016456929,https://doi.org/10.1039/d0ra01068e,2020,Progress in the functional modification of graphene/graphene oxide: a review
snapshot_1,Topic_graphitic_carbon_framework_2013-2022_Knowledge.txt,444,https://openalex.org/W2945573639,https://doi.org/10.1021/acs.iecr.8b05871,2019,Synthesis of BiOI/ZnFe<sub>2</sub>O<sub>4</sub>–Metal–Organic Framework and g-C<sub>3</sub>N<sub>4</sub>-Based Nanocomposites for Applications in Photocatalysis
snapshot_1,Topic_graphitic_carbon_framework_2013-2022_Knowledge.txt,445,https://openalex.org/W4245842478,https://doi.org/10.1002/ange.201501398,2015,Highly Ordered Mesoporous Few‐Layer Graphene Frameworks Enabled by Fe<sub>3</sub>O<sub>4</sub> Nanocrystal Superlattices
snapshot_1,Topic_graphitic_carbon_framework_2013-2022_Knowledge.txt,446,https://openalex.org/W2119835538,https://doi.org/10.3762/bjnano.4.79,2013,A facile synthesis of a carbon-encapsulated Fe<sub>3</sub>O<sub>4</sub> nanocomposite and its performance as anode in lithium-ion batteries
snapshot_1,Topic_graphitic_carbon_framework_2013-2022_Knowledge.txt,447,https://openalex.org/W2570212858,https://doi.org/10.1021/acsami.6b14754,2017,Porous Iron-Tungsten Carbide Electrocatalyst with High Activity and Stability toward Oxygen Reduction Reaction: From the Self-Assisted Synthetic Mechanism to Its Active-Species Probing
snapshot_1,Topic_graphitic_carbon_framework_2013-2022_Knowledge.txt,448,https://openalex.org/W2048407205,https://doi.org/10.1021/ja5082553,2014,Metal–Organic Framework Derived Hybrid Co<sub>3</sub>O<sub>4</sub>-Carbon Porous Nanowire Arrays as Reversible Oxygen Evolution Electrodes
snapshot_1,Topic_graphitic_carbon_framework_2013-2022_Knowledge.txt,449,https://openalex.org/W3048607536,https://doi.org/10.1021/acs.inorgchem.0c01783,2020,Nanostructured Iron Fluoride Derived from Fe-Based Metal–Organic Framework for Lithium Ion Battery Cathodes
snapshot_1,Topic_graphitic_carbon_framework_2013-2022_Knowledge.txt,450,https://openalex.org/W2802816171,https://doi.org/10.1002/slct.201800979,2018,Hierarchically Porous Co and N‐Codoped Carbon Hollow Structure Derived from PS@ZIF‐67 as an Electrocatalyst for Oxygen Reduction
snapshot_1,Topic_graphitic_carbon_framework_2013-2022_Knowledge.txt,451,https://openalex.org/W4313570054,https://doi.org/10.1016/j.ultsonch.2022.106273,2022,Ultrasonic-assisted synthesis of porous S-doped carbon nitride ribbons for photocatalytic reduction of CO2
snapshot_1,Topic_graphitic_carbon_framework_2013-2022_Knowledge.txt,452,https://openalex.org/W3005933730,https://doi.org/10.1002/asia.202000053,2020,Two‐Dimensional Microporous Material‐based Mixed Matrix Membranes for Gas Separation
snapshot_1,Topic_graphitic_carbon_framework_2013-2022_Knowledge.txt,453,https://openalex.org/W3080626295,https://doi.org/10.1021/acssuschemeng.0c03806,2020,In Situ Two-Step Preparation of 3D NiCo-BTC MOFs on a Glassy Carbon Electrode and a Graphitic Screen Printed Electrode as Nonenzymatic Glucose-Sensing Platforms
snapshot_1,Topic_graphitic_carbon_framework_2013-2022_Knowledge.txt,454,https://openalex.org/W4213065813,https://doi.org/10.1002/batt.202100353,2022,MOF‐Derived Onion‐Like Carbon with Superior Surface Area and Porosity for High Performance Lithium‐Ion Capacitors
snapshot_1,Topic_graphitic_carbon_framework_2013-2022_Knowledge.txt,455,https://openalex.org/W3132294609,https://doi.org/10.1021/acsami.0c20888,2021,Insight into the Influence of the Graphite Layer and Cobalt Crystalline on a ZIF-67-Derived Catalyst for Fischer–Tropsch Synthesis
snapshot_1,Topic_graphitic_carbon_framework_2013-2022_Knowledge.txt,456,https://openalex.org/W4210501686,https://doi.org/10.1063/5.0074808,2022,Chemisorbed vs physisorbed surface charge and its impact on electrokinetic transport: Carbon vs boron nitride surface
snapshot_1,Topic_graphitic_carbon_framework_2013-2022_Knowledge.txt,457,https://openalex.org/W2792860559,https://doi.org/10.1021/acsami.7b16167,2018,Ni<sub>2</sub>P Entwined by Graphite Layers as a Low-Pt Electrocatalyst in Acidic Media for Oxygen Reduction
snapshot_1,Topic_graphitic_carbon_framework_2013-2022_Knowledge.txt,458,https://openalex.org/W3033675801,https://doi.org/10.3390/pr8060672,2020,Sustainable Catalytic Processes Driven by Graphene-Based Materials
snapshot_1,Topic_graphitic_carbon_framework_2013-2022_Knowledge.txt,459,https://openalex.org/W2898601984,https://doi.org/10.1002/aoc.4621,2018,Facile fabrication of BUC‐21/g‐C<sub>3</sub>N<sub>4</sub> composites and their enhanced photocatalytic Cr(VI) reduction performances under simulated sunlight
snapshot_1,Topic_graphitic_carbon_framework_2013-2022_Knowledge.txt,460,https://openalex.org/W3199324704,https://doi.org/10.1002/eem2.12276,2021,Boosting Capacitive Deionization Performance of Commercial Carbon Fibers Cloth via Structural Regulation Based on Catalytic‐Etching Effect
snapshot_1,Topic_graphitic_carbon_framework_2013-2022_Knowledge.txt,461,https://openalex.org/W2981855145,https://doi.org/10.3389/fchem.2019.00747,2019,Bimetallic Metal-Organic Framework Derived Metal-Carbon Hybrid for Efficient Reversible Oxygen Electrocatalysis
snapshot_1,Topic_graphitic_carbon_framework_2013-2022_Knowledge.txt,462,https://openalex.org/W3010249504,https://doi.org/10.3390/polym12030534,2020,"Ammonium Polyphosphate with High Specific Surface Area by Assembling Zeolite Imidazole Framework in EVA Resin: Significant Mechanical Properties, Migration Resistance, and Flame Retardancy"
snapshot_1,Topic_graphitic_carbon_framework_2013-2022_Knowledge.txt,463,https://openalex.org/W3019156401,https://doi.org/10.1021/acssuschemeng.0c00712,2020,Hierarchical and Self-Supported Vanadium Disulfide Microstructures@Graphite Paper: An Advanced Electrode for Efficient and Durable Asymmetric Capacitive Deionization
snapshot_1,Topic_graphitic_carbon_framework_2013-2022_Knowledge.txt,464,https://openalex.org/W2914141145,https://doi.org/10.1021/acs.cgd.8b01925,2019,N-Doped Porous Carbon Derived by Direct Carbonization of Metal–Organic Complexes Crystal Materials for SO<sub>2</sub> Adsorption
snapshot_1,Topic_graphitic_carbon_framework_2013-2022_Knowledge.txt,465,https://openalex.org/W3185500845,https://doi.org/10.1155/2021/5580203,2021,Precise Blood Glucose Sensing by Nitrogen‐Doped Graphene Quantum Dots for Tight Control of Diabetes
snapshot_1,Topic_graphitic_carbon_framework_2013-2022_Knowledge.txt,466,https://openalex.org/W3094528154,https://doi.org/10.1021/acs.chemmater.0c03616,2020,In Situ Formation of Arrays of Tungsten Single Atoms within Carbon Nitride Frameworks Fabricated by One-Step Synthesis through Monomer Complexation
snapshot_1,Topic_graphitic_carbon_framework_2013-2022_Knowledge.txt,467,https://openalex.org/W4221041964,https://doi.org/10.1002/tcr.202100336,2022,Photocatalytic Water‐Splitting by Organic Conjugated Polymers: Opportunities and Challenges
snapshot_1,Topic_graphitic_carbon_framework_2013-2022_Knowledge.txt,468,https://openalex.org/W2973306933,https://doi.org/10.1021/acsenergylett.9b01740,2019,Impacts of Imidazolate Ligand on Performance of Zeolitic-Imidazolate Framework-Derived Oxygen Reduction Catalysts
snapshot_1,Topic_graphitic_carbon_framework_2013-2022_Knowledge.txt,469,https://openalex.org/W1811072493,https://doi.org/10.1039/c5nr04499e,2015,Adsorbent 2D and 3D carbon matrices with protected magnetic iron nanoparticles
snapshot_1,Topic_graphitic_carbon_framework_2013-2022_Knowledge.txt,470,https://openalex.org/W3174090052,https://doi.org/10.31635/ccschem.021.202101106,2021,Atomically Dispersed Manganese Lewis Acid Sites Catalyze Electrohydrogenation of Nitrogen to Ammonia
snapshot_1,Topic_graphitic_carbon_framework_2013-2022_Knowledge.txt,471,https://openalex.org/W3110671984,https://doi.org/10.1002/celc.202001352,2020,A Review on the Morphologically Controlled Synthesis of Polyphosphazenes for Electrochemical Applications
snapshot_1,Topic_graphitic_carbon_framework_2013-2022_Knowledge.txt,472,https://openalex.org/W2329744502,https://doi.org/10.1021/jp4084713,2013,"Data Driven, Predictive Molecular Dynamics for Nanoscale Flow Simulations under Uncertainty"
snapshot_1,Topic_graphitic_carbon_framework_2013-2022_Knowledge.txt,473,https://openalex.org/W3105815656,https://doi.org/10.1021/jacs.0c10676,2020,Double-Holed Fullerenes
snapshot_1,Topic_graphitic_carbon_framework_2013-2022_Knowledge.txt,474,https://openalex.org/W3203229261,https://doi.org/10.1021/acs.nanolett.1c02985,2021,Micromechanical Landscape of Three-Dimensional Disordered Graphene Networks
snapshot_1,Topic_graphitic_carbon_framework_2013-2022_Knowledge.txt,475,https://openalex.org/W2799764716,https://doi.org/10.1002/celc.201800091,2018,Iron Phosphide Incorporated into Iron‐Treated Heteroatoms‐Doped Porous Bio‐Carbon as Efficient Electrocatalyst for the Oxygen Reduction Reaction
snapshot_1,Topic_graphitic_carbon_framework_2013-2022_Knowledge.txt,476,https://openalex.org/W2999364252,https://doi.org/10.1246/bcsj.20190357,2020,Thermal Conversion of Triazine-Based Covalent Organic Frameworks to Nitrogen-Doped Nanoporous Carbons and Their Capacitor Performance
snapshot_1,Topic_graphitic_carbon_framework_2013-2022_Knowledge.txt,477,https://openalex.org/W4313410816,https://doi.org/10.1007/s40820-022-00997-0,2022,Bending Resistance Covalent Organic Framework Superlattice: “Nano-Hourglass”-Induced Charge Accumulation for Flexible In-Plane Micro-Supercapacitors
snapshot_1,Topic_graphitic_carbon_framework_2013-2022_Knowledge.txt,478,https://openalex.org/W3041774841,https://doi.org/10.1515/nanoph-2019-0564,2020,Recent progress on applications of 2D material-decorated microfiber photonic devices in pulse shaping and all-optical signal processing
snapshot_1,Topic_graphitic_carbon_framework_2013-2022_Knowledge.txt,479,https://openalex.org/W3158196257,https://doi.org/10.1002/cctc.202100412,2021,Reductive Formylation of Nitroarenes using HCOOH over Bimetallic C−N Framework Derived from the Integration of MOF and COF
snapshot_1,Topic_graphitic_carbon_framework_2013-2022_Knowledge.txt,480,https://openalex.org/W2616230235,https://doi.org/10.1021/acsami.7b04416,2017,Facile Synthesis of Three-Dimensional Sandwiched MnO<sub>2</sub>@GCs@MnO<sub>2</sub> Hybrid Nanostructured Electrode for Electrochemical Capacitors
snapshot_1,Topic_graphitic_carbon_framework_2013-2022_Knowledge.txt,481,https://openalex.org/W2556889248,https://doi.org/10.1098/rsos.160580,2016,Carbon nitride supported copper nanoparticles: light-induced electronic effect of the support for triazole synthesis
snapshot_1,Topic_graphitic_carbon_framework_2013-2022_Knowledge.txt,482,https://openalex.org/W2784201915,https://doi.org/10.1021/acs.cgd.7b01463,2018,Metal-Directed Assembly of Five 4-Connected MOFs: One-Pot Syntheses of MOF-Derived M<sub><i>x</i></sub>S<sub><i>y</i></sub>@C Composites for Photocatalytic Degradation and Supercapacitors
snapshot_1,Topic_graphitic_carbon_framework_2013-2022_Knowledge.txt,483,https://openalex.org/W4281298523,https://doi.org/10.1021/acsami.2c04956,2022,Tiny Ni Nanoparticles Embedded in Boron- and Nitrogen-Codoped Porous Carbon Nanowires for High-Efficiency Water Splitting
snapshot_1,Topic_graphitic_carbon_framework_2013-2022_Knowledge.txt,484,https://openalex.org/W2801115881,https://doi.org/10.1002/smtd.201800068,2018,Nanosheet‐Assembled Hierarchical Carbon Nanoframeworks Bearing a Multiactive Center for Oxygen Reduction Reaction
snapshot_1,Topic_graphitic_carbon_framework_2013-2022_Knowledge.txt,485,https://openalex.org/W1969267654,https://doi.org/10.1039/c4ra05522e,2014,Plant derived porous graphene nanosheets for efficient CO<sub>2</sub>capture
snapshot_1,Topic_graphitic_carbon_framework_2013-2022_Knowledge.txt,486,https://openalex.org/W2991521847,https://doi.org/10.1002/smll.201905240,2019,High‐Power Microbial Fuel Cells Based on a Carbon–Carbon Composite Air Cathode
snapshot_1,Topic_graphitic_carbon_framework_2013-2022_Knowledge.txt,487,https://openalex.org/W2047271615,https://doi.org/10.1039/c4cc03545c,2014,A novel mesoporous carbon@silicon–silica nanostructure for high-performance Li-ion battery anodes
snapshot_1,Topic_graphitic_carbon_framework_2013-2022_Knowledge.txt,488,https://openalex.org/W4205938899,https://doi.org/10.1016/j.jmat.2022.01.002,2022,Anionic MOF derived Bimetallic NixCoy@Nano-porous carbon composites toward strong and efficient electromagnetic wave absorption
snapshot_1,Topic_graphitic_carbon_framework_2013-2022_Knowledge.txt,489,https://openalex.org/W2970152231,https://doi.org/10.3103/s1068364x19050028,2019,Structural Defects and the Demineralization of Kuznetsk Basin Coal: Data from Raman Spectroscopy
snapshot_1,Topic_graphitic_carbon_framework_2013-2022_Knowledge.txt,490,https://openalex.org/W4292573457,https://doi.org/10.1021/acsanm.2c02746,2022,Single-Atom Pd Catalysts Supported on Covalent Triazine Frameworks for Hydrogen Production from Formic Acid
snapshot_1,Topic_graphitic_carbon_framework_2013-2022_Knowledge.txt,491,https://openalex.org/W3017030345,https://doi.org/10.1039/d0nr02007a,2020,In-MOF-derived ultrathin heteroatom-doped carbon nanosheets for improving oxygen reduction
snapshot_1,Topic_graphitic_carbon_framework_2013-2022_Knowledge.txt,492,https://openalex.org/W2771072264,https://doi.org/10.1021/acssuschemeng.7b03103,2017,Sustainable Growth and Lipid Production from <i>Chlorella pyrenoidosa</i> Using N-Doped Carbon Nanosheets: Unravelling the Role of Graphitic Nitrogen
snapshot_1,Topic_graphitic_carbon_framework_2013-2022_Knowledge.txt,493,https://openalex.org/W3005221010,https://doi.org/10.1002/bkcs.11973,2020,Synthesis of Porous Carbon‐coated Cobalt Catalyst through Pyrolyzing Metal–Organic Framework and their Bifunctional OER/ORR Catalytic Activity for Zn‐Air Rechargeable Batteries
snapshot_1,Topic_graphitic_carbon_framework_2013-2022_Knowledge.txt,494,https://openalex.org/W2636460383,https://doi.org/10.1038/s41598-017-03845-z,2017,Three-Dimensional Multi-Doped Porous Carbon/Graphene Derived from Sewage Sludge with Template-Assisted Fe-pillared Montmorillonite for Enhanced Oxygen Reduction Reaction
snapshot_1,Topic_graphitic_carbon_framework_2013-2022_Knowledge.txt,495,https://openalex.org/W1970290419,https://doi.org/10.1039/c4tc00988f,2014,"Carbon quantum dots: synthesis, properties and applications"
snapshot_1,Topic_graphitic_carbon_framework_2013-2022_Knowledge.txt,496,https://openalex.org/W3168495643,https://doi.org/10.3390/nano11061480,2021,Incorporation of Nonmetal Group Dopants into g-C3N4 Framework for Highly Improved Photocatalytic H2 Production
snapshot_1,Topic_graphitic_carbon_framework_2013-2022_Knowledge.txt,497,https://openalex.org/W4224234960,https://doi.org/10.1063/5.0087210,2022,Uncertainty quantification for a multi-phase carbon equation of state model
snapshot_1,Topic_graphitic_carbon_framework_2013-2022_Knowledge.txt,498,https://openalex.org/W2888486444,https://doi.org/10.3390/nano8090664,2018,Facile Synthesis of Magnetic Nitrogen-Doped Porous Carbon from Bimetallic Metal–Organic Frameworks for Efficient Norfloxacin Removal
snapshot_1,Topic_graphitic_carbon_framework_2013-2022_Knowledge.txt,499,https://openalex.org/W2807779498,https://doi.org/10.3390/nano8060429,2018,Copper Nanoparticle and Nitrogen Doped Graphite Oxide Based Biosensor for the Sensitive Determination of Glucose
snapshot_1,Topic_graphitic_carbon_framework_2013-2022_Knowledge.txt,500,https://openalex.org/W3048490292,https://doi.org/10.1039/d0dt02442b,2020,Rational synthesis of a ZIF-67@Co–Ni LDH heterostructure and derived heterogeneous carbon-based framework as a highly efficient multifunctional sulfur host
snapshot_2,Topic_metal_oxide_anodes_2013-2022_Knowledge.txt,1,https://openalex.org/W2987603913,https://doi.org/10.1002/aenm.201902485,2019,Transition Metal Oxide Anodes for Electrochemical Energy Storage in Lithium‐ and Sodium‐Ion Batteries
snapshot_2,Topic_metal_oxide_anodes_2013-2022_Knowledge.txt,2,https://openalex.org/W2313492702,https://doi.org/10.1021/cr3001884,2013,Metal Oxides and Oxysalts as Anode Materials for Li Ion Batteries
snapshot_2,Topic_metal_oxide_anodes_2013-2022_Knowledge.txt,3,https://openalex.org/W2672130116,https://doi.org/10.1039/c7qm00175d,2017,Recent progress in conversion reaction metal oxide anodes for Li-ion batteries
snapshot_2,Topic_metal_oxide_anodes_2013-2022_Knowledge.txt,4,https://openalex.org/W2253845288,https://doi.org/10.1002/aenm.201502175,2016,Recent Developments and Understanding of Novel Mixed Transition‐Metal Oxides as Anodes in Lithium Ion Batteries
snapshot_2,Topic_metal_oxide_anodes_2013-2022_Knowledge.txt,5,https://openalex.org/W4226119157,https://doi.org/10.1002/9783527817252.ch4,2022,Transition Metal Oxide Anodes for Electrochemical Energy Storage in Lithium‐ and Sodium‐Ion Batteries*
snapshot_2,Topic_metal_oxide_anodes_2013-2022_Knowledge.txt,6,https://openalex.org/W2567505432,https://doi.org/10.1002/aenm.201601424,2016,A Review on Design Strategies for Carbon Based Metal Oxides and Sulfides Nanocomposites for High Performance Li and Na Ion Battery Anodes
snapshot_2,Topic_metal_oxide_anodes_2013-2022_Knowledge.txt,7,https://openalex.org/W2160085236,https://doi.org/10.1039/c3ta14377e,2013,Investigation of metal oxide anode degradation in lithium-ion batteries via identical-location TEM
snapshot_2,Topic_metal_oxide_anodes_2013-2022_Knowledge.txt,8,https://openalex.org/W4308434659,https://doi.org/10.1021/acsmaterialslett.2c00841,2022,Electrolyte Boosting Microdumbbell-Structured Alloy/Metal Oxide Anode for Fast-Charging Sodium-Ion Batteries
snapshot_2,Topic_metal_oxide_anodes_2013-2022_Knowledge.txt,9,https://openalex.org/W2883334237,https://doi.org/10.1002/adfm.201803023,2018,Nanoflake Arrays of Lithiophilic Metal Oxides for the Ultra‐Stable Anodes of Lithium‐Metal Batteries
snapshot_2,Topic_metal_oxide_anodes_2013-2022_Knowledge.txt,10,https://openalex.org/W2587515378,https://doi.org/10.1038/srep42263,2017,Carbon-Coated Honeycomb Ni-Mn-Co-O Inverse Opal: A High Capacity Ternary Transition Metal Oxide Anode for Li-ion Batteries
snapshot_2,Topic_metal_oxide_anodes_2013-2022_Knowledge.txt,11,https://openalex.org/W2578396757,https://doi.org/10.1002/adfm.201605017,2017,Ultrathin‐Nanosheet‐Induced Synthesis of 3D Transition Metal Oxides Networks for Lithium Ion Battery Anodes
snapshot_2,Topic_metal_oxide_anodes_2013-2022_Knowledge.txt,12,https://openalex.org/W2789363707,https://doi.org/10.1039/c7nr09058g,2018,Polyethylene oxide film coating enhances lithium cycling efficiency of an anode-free lithium-metal battery
snapshot_2,Topic_metal_oxide_anodes_2013-2022_Knowledge.txt,13,https://openalex.org/W2998843879,https://doi.org/10.1039/c9ta11708c,2020,Using nanoconfinement to inhibit the degradation pathways of conversion-metal oxide anodes for highly stable fast-charging Li-ion batteries
snapshot_2,Topic_metal_oxide_anodes_2013-2022_Knowledge.txt,14,https://openalex.org/W2950866120,https://doi.org/10.1021/cm403443t,2013,Transition-Metal-Doped Zinc Oxide Nanoparticles as a New Lithium-Ion Anode Material
snapshot_2,Topic_metal_oxide_anodes_2013-2022_Knowledge.txt,15,https://openalex.org/W3041934949,https://doi.org/10.1002/adma.202002850,2020,Laser‐Induced Silicon Oxide for Anode‐Free Lithium Metal Batteries
snapshot_2,Topic_metal_oxide_anodes_2013-2022_Knowledge.txt,16,https://openalex.org/W2886027375,https://doi.org/10.1002/adfm.201804133,2018,Interlayer Lithium Plating in Au Nanoparticles Pillared Reduced Graphene Oxide for Lithium Metal Anodes
snapshot_2,Topic_metal_oxide_anodes_2013-2022_Knowledge.txt,17,https://openalex.org/W2065077785,https://doi.org/10.1016/j.mattod.2014.10.040,2014,Li-ion battery materials: present and future
snapshot_2,Topic_metal_oxide_anodes_2013-2022_Knowledge.txt,18,https://openalex.org/W1981727971,https://doi.org/10.1039/c3ee41178h,2013,Effects of catalyst material and atomic layer deposited TiO2 oxide thickness on the water oxidation performance of metal–insulator–silicon anodes
snapshot_2,Topic_metal_oxide_anodes_2013-2022_Knowledge.txt,19,https://openalex.org/W2618446648,https://doi.org/10.1039/c7ta03116e,2017,Lithium metal protected by atomic layer deposition metal oxide for high performance anodes
snapshot_2,Topic_metal_oxide_anodes_2013-2022_Knowledge.txt,20,https://openalex.org/W2551934878,https://doi.org/10.1002/slct.201601469,2016,Enhanced Oxidative Hydrogen Peroxide Production on Conducting Glass Anodes Modified with Metal Oxides
snapshot_2,Topic_metal_oxide_anodes_2013-2022_Knowledge.txt,21,https://openalex.org/W2669557772,https://doi.org/10.1002/adma.201701427,2017,Generalized Synthesis of Metal Oxide Nanosheets and Their Application as Li‐Ion Battery Anodes
snapshot_2,Topic_metal_oxide_anodes_2013-2022_Knowledge.txt,22,https://openalex.org/W2968002652,https://doi.org/10.1002/advs.201901433,2019,Plasma‐Strengthened Lithiophilicity of Copper Oxide Nanosheet–Decorated Cu Foil for Stable Lithium Metal Anode
snapshot_2,Topic_metal_oxide_anodes_2013-2022_Knowledge.txt,23,https://openalex.org/W2783704598,https://doi.org/10.1002/adma.201705441,2018,A Universal Strategy for Hollow Metal Oxide Nanoparticles Encapsulated into B/N Co‐Doped Graphitic Nanotubes as High‐Performance Lithium‐Ion Battery Anodes
snapshot_2,Topic_metal_oxide_anodes_2013-2022_Knowledge.txt,24,https://openalex.org/W2942983397,https://doi.org/10.1039/c9qm00098d,2019,An insight into the pyrolysis process of metal–organic framework templates/precursors to construct metal oxide anode materials for lithium-ion batteries
snapshot_2,Topic_metal_oxide_anodes_2013-2022_Knowledge.txt,25,https://openalex.org/W3195538782,https://doi.org/10.1016/j.xcrp.2021.100543,2021,Lithiation phase behaviors of metal oxide anodes and extra capacities
snapshot_2,Topic_metal_oxide_anodes_2013-2022_Knowledge.txt,26,https://openalex.org/W2790634063,https://doi.org/10.1021/acsnano.7b09062,2018,Nano-Sized Structurally Disordered Metal Oxide Composite Aerogels as High-Power Anodes in Hybrid Supercapacitors
snapshot_2,Topic_metal_oxide_anodes_2013-2022_Knowledge.txt,27,https://openalex.org/W2030358953,https://doi.org/10.1109/jstqe.2014.2375152,2014,Quantum-Dot Light-Emitting Diode Featuring Polymeric Metal Oxide Anode Buffer Layer
snapshot_2,Topic_metal_oxide_anodes_2013-2022_Knowledge.txt,28,https://openalex.org/W4205861333,https://doi.org/10.1021/acsnano.1c09863,2022,Crystal Facet and Architecture Engineering of Metal Oxide Nanonetwork Anodes for High-Performance Potassium Ion Batteries and Hybrid Capacitors
snapshot_2,Topic_metal_oxide_anodes_2013-2022_Knowledge.txt,29,https://openalex.org/W4220887404,https://doi.org/10.1021/acsnano.2c01571,2022,"Highly Reversible Zn Metal Anodes Enabled by Freestanding, Lightweight, and Zincophilic MXene/Nanoporous Oxide Heterostructure Engineered Separator for Flexible Zn-MnO<sub>2</sub> Batteries"
snapshot_2,Topic_metal_oxide_anodes_2013-2022_Knowledge.txt,30,https://openalex.org/W2603442821,https://doi.org/10.1039/c6cs00776g,2017,Sodium-ion batteries: present and future
snapshot_2,Topic_metal_oxide_anodes_2013-2022_Knowledge.txt,31,https://openalex.org/W3092822561,https://doi.org/10.1039/d0qi00929f,2020,Application of MOF-derived transition metal oxides and composites as anodes for lithium-ion batteries
snapshot_2,Topic_metal_oxide_anodes_2013-2022_Knowledge.txt,32,https://openalex.org/W2618718160,https://doi.org/10.1021/acsami.7b01559,2017,Understanding the Critical Role of the Ag Nanophase in Boosting the Initial Reversibility of Transition Metal Oxide Anodes for Lithium-Ion Batteries
snapshot_2,Topic_metal_oxide_anodes_2013-2022_Knowledge.txt,33,https://openalex.org/W3014235942,https://doi.org/10.1002/anie.202004284,2020,A Two‐Dimensional Mesoporous Polypyrrole–Graphene Oxide Heterostructure as a Dual‐Functional Ion Redistributor for Dendrite‐Free Lithium Metal Anodes
snapshot_2,Topic_metal_oxide_anodes_2013-2022_Knowledge.txt,34,https://openalex.org/W2555582245,https://doi.org/10.1002/adfm.201603921,2016,General Synthesis of N-Doped Macroporous Graphene-Encapsulated Mesoporous Metal Oxides and Their Application as New Anode Materials for Sodium-Ion Hybrid Supercapacitors
snapshot_2,Topic_metal_oxide_anodes_2013-2022_Knowledge.txt,35,https://openalex.org/W2888448523,https://doi.org/10.1002/smtd.201800171,2018,Hierarchy Design in Metal Oxides as Anodes for Advanced Lithium‐Ion Batteries
snapshot_2,Topic_metal_oxide_anodes_2013-2022_Knowledge.txt,36,https://openalex.org/W3137758192,https://doi.org/10.1021/acs.energyfuels.1c00315,2021,A Comprehensive Review on Metal-Oxide Nanocomposites for High-Performance Lithium-Ion Battery Anodes
snapshot_2,Topic_metal_oxide_anodes_2013-2022_Knowledge.txt,37,https://openalex.org/W2901615248,https://doi.org/10.1007/s12274-018-2245-z,2018,Infiltrating lithium into carbon cloth decorated with zinc oxide arrays for dendrite-free lithium metal anode
snapshot_2,Topic_metal_oxide_anodes_2013-2022_Knowledge.txt,38,https://openalex.org/W4282027765,https://doi.org/10.1021/acsami.2c07576,2022,Low-Temperature Synthesis of a Porous High-Entropy Transition-Metal Oxide as an Anode for High-Performance Lithium-Ion Batteries
snapshot_2,Topic_metal_oxide_anodes_2013-2022_Knowledge.txt,39,https://openalex.org/W2001091046,https://doi.org/10.1021/am3026294,2013,High Electrochemical Performance of Monodisperse NiCo<sub>2</sub>O<sub>4</sub>Mesoporous Microspheres as an Anode Material for Li-Ion Batteries
snapshot_2,Topic_metal_oxide_anodes_2013-2022_Knowledge.txt,40,https://openalex.org/W2405845108,https://doi.org/10.1039/c6nh00054a,2016,Aligned metal oxide nanotube arrays: key-aspects of anodic TiO<sub>2</sub>nanotube formation and properties
snapshot_2,Topic_metal_oxide_anodes_2013-2022_Knowledge.txt,41,https://openalex.org/W2560542713,https://doi.org/10.1002/anie.201610291,2016,Anodized Aluminum Oxide Templated Synthesis of Metal–Organic Frameworks Used as Membrane Reactors
snapshot_2,Topic_metal_oxide_anodes_2013-2022_Knowledge.txt,42,https://openalex.org/W4282947090,https://doi.org/10.1039/d2dt01415g,2022,Review of metal oxides as anode materials for lithium-ion batteries
snapshot_2,Topic_metal_oxide_anodes_2013-2022_Knowledge.txt,43,https://openalex.org/W2313418814,https://doi.org/10.1021/nl4030352,2013,One-Pot Facile Synthesis of Ant-Cave-Structured Metal Oxide–Carbon Microballs by Continuous Process for Use as Anode Materials in Li-Ion Batteries
snapshot_2,Topic_metal_oxide_anodes_2013-2022_Knowledge.txt,44,https://openalex.org/W2980200051,https://doi.org/10.1002/aenm.201902194,2019,Understanding Ostwald Ripening and Surface Charging Effects in Solvothermally‐Prepared Metal Oxide–Carbon Anodes for High Performance Rechargeable Batteries
snapshot_2,Topic_metal_oxide_anodes_2013-2022_Knowledge.txt,45,https://openalex.org/W2585917535,https://doi.org/10.1002/adma.201601759,2017,Nanostructured Metal Oxides and Sulfides for Lithium–Sulfur Batteries
snapshot_2,Topic_metal_oxide_anodes_2013-2022_Knowledge.txt,46,https://openalex.org/W2804336137,https://doi.org/10.1021/acsami.8b02908,2018,Multiscale Interfacial Strategy to Engineer Mixed Metal-Oxide Anodes toward Enhanced Cycling Efficiency
snapshot_2,Topic_metal_oxide_anodes_2013-2022_Knowledge.txt,47,https://openalex.org/W2060932908,https://doi.org/10.1039/c5ta00160a,2015,Self-standing non-noble metal (Ni–Fe) oxide nanotube array anode catalysts with synergistic reactivity for high-performance water oxidation
snapshot_2,Topic_metal_oxide_anodes_2013-2022_Knowledge.txt,48,https://openalex.org/W3004870438,https://doi.org/10.1117/1.jpe.10.042003,2020,Poly(vinyl pyrrolidone)-modified metal oxide anode interlayers for stable organic solar cells
snapshot_2,Topic_metal_oxide_anodes_2013-2022_Knowledge.txt,49,https://openalex.org/W4281290458,https://doi.org/10.1021/acsami.2c04487,2022,A High-Capacity Polyethylene Oxide-Based All-Solid-State Battery Using a Metal–Organic Framework Hosted Silicon Anode
snapshot_2,Topic_metal_oxide_anodes_2013-2022_Knowledge.txt,50,https://openalex.org/W3044245461,https://doi.org/10.1016/j.xcrp.2020.100118,2020,Amorphous Metal Oxide Nanosheets Featuring Reversible Structure Transformations as Sodium-Ion Battery Anodes
snapshot_2,Topic_metal_oxide_anodes_2013-2022_Knowledge.txt,51,https://openalex.org/W2131684143,https://doi.org/10.1039/c3ta11012e,2013,Sandwich-structural graphene-based metal oxides as anode materials for lithium-ion batteries
snapshot_2,Topic_metal_oxide_anodes_2013-2022_Knowledge.txt,52,https://openalex.org/W4224435285,https://doi.org/10.1021/jacs.1c12970,2022,Anodic Shock-Triggered Exsolution of Metal Nanoparticles from Perovskite Oxide
snapshot_2,Topic_metal_oxide_anodes_2013-2022_Knowledge.txt,53,https://openalex.org/W2774284444,https://doi.org/10.1021/acs.jpcc.7b11131,2017,Controlling the Color and Effective Refractive Index of Metal-Anodic Aluminum Oxide (AAO)–Al Nanostructures: Morphology of AAO
snapshot_2,Topic_metal_oxide_anodes_2013-2022_Knowledge.txt,54,https://openalex.org/W2799317904,https://doi.org/10.1002/celc.201800358,2018,Improved Capacity Retention of Metal Oxide Anodes in Li‐Ion Batteries: Increasing Intraparticle Electronic Conductivity through Na Inclusion in Mn<sub>3</sub>O<sub>4</sub>
snapshot_2,Topic_metal_oxide_anodes_2013-2022_Knowledge.txt,55,https://openalex.org/W2811377141,https://doi.org/10.1021/acs.inorgchem.8b01106,2018,Conductive Leaflike Cobalt Metal–Organic Framework Nanoarray on Carbon Cloth as a Flexible and Versatile Anode toward Both Electrocatalytic Glucose and Water Oxidation
snapshot_2,Topic_metal_oxide_anodes_2013-2022_Knowledge.txt,56,https://openalex.org/W3014479043,https://doi.org/10.1002/adfm.201910657,2020,Unraveling Metal Oxide Role in Exfoliating Graphite: New Strategy to Construct High‐Performance Graphene‐Modified SiO<i><sub>x</sub></i>‐Based Anode for Lithium‐Ion Batteries
snapshot_2,Topic_metal_oxide_anodes_2013-2022_Knowledge.txt,57,https://openalex.org/W2077931530,https://doi.org/10.1002/chem.201300357,2013,Facile Synthesis of Transition‐Metal Oxide Nanocrystals Embedded in Hollow Carbon Microspheres for High‐Rate Lithium‐Ion‐Battery Anodes
snapshot_2,Topic_metal_oxide_anodes_2013-2022_Knowledge.txt,58,https://openalex.org/W3044423379,https://doi.org/10.1002/batt.202000108,2020,Exploring Lithium Storage Mechanism and Cycling Stability of Bi<sub>2</sub>Mo<sub>3</sub>O<sub>12</sub> Binary Metal Oxide Anode Composited with Ti<sub>3</sub>C<sub>2</sub> MXene
snapshot_2,Topic_metal_oxide_anodes_2013-2022_Knowledge.txt,59,https://openalex.org/W2067533839,https://doi.org/10.1117/12.2008297,2013,Effect of transition metal oxide anode interlayer in bulk heterojunction solar cells
snapshot_2,Topic_metal_oxide_anodes_2013-2022_Knowledge.txt,60,https://openalex.org/W2135167385,https://doi.org/10.1002/chem.201503897,2015,"Growth of Hollow Transition Metal (Fe, Co, Ni) Oxide Nanoparticles on Graphene Sheets through Kirkendall Effect as Anodes for High‐Performance Lithium‐Ion Batteries"
snapshot_2,Topic_metal_oxide_anodes_2013-2022_Knowledge.txt,61,https://openalex.org/W2900744414,https://doi.org/10.1021/acscatal.8b04001,2018,Earth-Abundant Oxygen Electrocatalysts for Alkaline Anion-Exchange-Membrane Water Electrolysis: Effects of Catalyst Conductivity and Comparison with Performance in Three-Electrode Cells
snapshot_2,Topic_metal_oxide_anodes_2013-2022_Knowledge.txt,62,https://openalex.org/W2534928601,https://doi.org/10.1021/acscatal.6b02479,2016,"Recent Trends and Perspectives in Electrochemical Water Splitting with an Emphasis on Sulfide, Selenide, and Phosphide Catalysts of Fe, Co, and Ni: A Review"
snapshot_2,Topic_metal_oxide_anodes_2013-2022_Knowledge.txt,63,https://openalex.org/W2917421637,https://doi.org/10.1021/acs.cgd.9b00054,2019,Anodic Electrodeposition of Several Metal Organic Framework Thin Films on Indium Tin Oxide Glass
snapshot_2,Topic_metal_oxide_anodes_2013-2022_Knowledge.txt,64,https://openalex.org/W2282430538,https://doi.org/10.1039/c5fd00231a,2016,Electrolysis of metal oxides in MgCl<sub>2</sub>based molten salts with an inert graphite anode
snapshot_2,Topic_metal_oxide_anodes_2013-2022_Knowledge.txt,65,https://openalex.org/W2794448105,https://doi.org/10.1021/acs.chemmater.8b00188,2018,Hafnium-Oxide 3-D Nanofilms via the Anodizing of Al/Hf Metal Layers
snapshot_2,Topic_metal_oxide_anodes_2013-2022_Knowledge.txt,66,https://openalex.org/W2774069718,https://doi.org/10.1016/s1452-3981(23)07754-4,2014,Electrochemically Reduced Graphene Oxide Pencil-Graphite in situ Plated Bismuth-film Electrode for the Determination of Trace Metals by Anodic Stripping Voltammetry
snapshot_2,Topic_metal_oxide_anodes_2013-2022_Knowledge.txt,67,https://openalex.org/W2318310443,https://doi.org/10.1021/am501551h,2014,Fabrication of Graphene-Encapsulated Porous Carbon–Metal Oxide Composites as Anode Materials for Lithium-Ion Batteries
snapshot_2,Topic_metal_oxide_anodes_2013-2022_Knowledge.txt,68,https://openalex.org/W2487703290,https://doi.org/10.1149/2.0281610jes,2016,Role of Metal-Lithium Oxide Interfaces in the Extra Lithium Capacity of Metal Oxide Lithium-Ion Battery Anode Materials
snapshot_2,Topic_metal_oxide_anodes_2013-2022_Knowledge.txt,69,https://openalex.org/W2791382035,https://doi.org/10.1021/acsami.7b19379,2018,Compact-Nanobox Engineering of Transition Metal Oxides with Enhanced Initial Coulombic Efficiency for Lithium-Ion Battery Anodes
snapshot_2,Topic_metal_oxide_anodes_2013-2022_Knowledge.txt,70,https://openalex.org/W2340399827,https://doi.org/10.1021/acs.accounts.5b00482,2016,Na-Ion Battery Anodes: Materials and Electrochemistry
snapshot_2,Topic_metal_oxide_anodes_2013-2022_Knowledge.txt,71,https://openalex.org/W3170436422,https://doi.org/10.1002/adfm.202101737,2021,In Situ Surface Film Formed by Solid‐State Anodic Oxidation for Stable Lithium Metal Anodes
snapshot_2,Topic_metal_oxide_anodes_2013-2022_Knowledge.txt,72,https://openalex.org/W2321197966,https://doi.org/10.1038/ncomms10992,2016,Lithium-coated polymeric matrix as a minimum volume-change and dendrite-free lithium metal anode
snapshot_2,Topic_metal_oxide_anodes_2013-2022_Knowledge.txt,73,https://openalex.org/W2119165234,https://doi.org/10.1134/s1023193515090049,2015,Modeling of metal electrodeposition in the pores of anodic aluminum oxide
snapshot_2,Topic_metal_oxide_anodes_2013-2022_Knowledge.txt,74,https://openalex.org/W4229706981,https://doi.org/10.1002/ange.202004284,2020,A Two‐Dimensional Mesoporous Polypyrrole–Graphene Oxide Heterostructure as a Dual‐Functional Ion Redistributor for Dendrite‐Free Lithium Metal Anodes
snapshot_2,Topic_metal_oxide_anodes_2013-2022_Knowledge.txt,75,https://openalex.org/W3211887384,https://doi.org/10.1021/acsaem.1c03223,2021,Directing the Preferred Crystal Orientation by a Cellulose Acetate/Graphene Oxide Composite Separator for Dendrite-Free Zn-Metal Anodes
snapshot_2,Topic_metal_oxide_anodes_2013-2022_Knowledge.txt,76,https://openalex.org/W2766837141,https://doi.org/10.1016/j.jpowsour.2017.10.066,2017,Infiltrated La0.4Sr0.4Fe0.03Ni0.03Ti0.94O3 based anodes for all ceramic and metal supported solid oxide fuel cells
snapshot_2,Topic_metal_oxide_anodes_2013-2022_Knowledge.txt,77,https://openalex.org/W2904502496,https://doi.org/10.1039/c8qm00499d,2018,3D hollow reduced graphene oxide foam as a stable host for high-capacity lithium metal anodes
snapshot_2,Topic_metal_oxide_anodes_2013-2022_Knowledge.txt,78,https://openalex.org/W2593554753,https://doi.org/10.1149/ma2015-01/2/617,2015,Metal Oxide Anode Materials for Lithium-Ion Batteries
snapshot_2,Topic_metal_oxide_anodes_2013-2022_Knowledge.txt,79,https://openalex.org/W2991081655,https://doi.org/10.1002/smtd.201900753,2019,Metal Oxides with Distinctive Valence States in an Electron‐Rich Matrix Enable Stable High‐Capacity Anodes for Li Ion Batteries
snapshot_2,Topic_metal_oxide_anodes_2013-2022_Knowledge.txt,80,https://openalex.org/W2783148362,https://doi.org/10.1021/jacs.7b12420,2018,Core–Shell ZIF-8@ZIF-67-Derived CoP Nanoparticle-Embedded N-Doped Carbon Nanotube Hollow Polyhedron for Efficient Overall Water Splitting
snapshot_2,Topic_metal_oxide_anodes_2013-2022_Knowledge.txt,81,https://openalex.org/W2983579334,https://doi.org/10.1021/acsami.9b13884,2019,Self-Assembled Conductive Metal-Oxide Nanofiber Interface for Stable Li-Metal Anode
snapshot_2,Topic_metal_oxide_anodes_2013-2022_Knowledge.txt,82,https://openalex.org/W2922140700,https://doi.org/10.1021/acsaem.9b00014,2019,Ni<sub>3</sub>N Nanocrystals Decorated Reduced Graphene Oxide with High Ionic Conductivity for Stable Lithium Metal Anode
snapshot_2,Topic_metal_oxide_anodes_2013-2022_Knowledge.txt,83,https://openalex.org/W2115723858,https://doi.org/10.1002/cssc.201300461,2014,Coaxial Carbon/Metal Oxide/Aligned Carbon Nanotube Arrays as High‐Performance Anodes for Lithium Ion Batteries
snapshot_2,Topic_metal_oxide_anodes_2013-2022_Knowledge.txt,84,https://openalex.org/W2344934887,https://doi.org/10.1134/s1063784215050023,2015,Simulation of the formation of nanosize oxide structures by local anode oxidation of the metal surface
snapshot_2,Topic_metal_oxide_anodes_2013-2022_Knowledge.txt,85,https://openalex.org/W2921323037,https://doi.org/10.1021/acs.nanolett.9b00544,2019,Unique Double-Interstitialcy Mechanism and Interfacial Storage Mechanism in the Graphene/Metal Oxide as the Anode for Sodium-Ion Batteries
snapshot_2,Topic_metal_oxide_anodes_2013-2022_Knowledge.txt,86,https://openalex.org/W3119669619,https://doi.org/10.1002/nano.202000227,2021,High‐efficiency electrolysis of biomass and its derivatives: Advances in anodic oxidation reaction mechanism and transition metal‐based electrocatalysts
snapshot_2,Topic_metal_oxide_anodes_2013-2022_Knowledge.txt,87,https://openalex.org/W2999567493,https://doi.org/10.1002/ente.201901250,2020,Long‐Life Sodium Metal Anodes Achieved by Cuprous Oxide–Modified Ni Foam Host
snapshot_2,Topic_metal_oxide_anodes_2013-2022_Knowledge.txt,88,https://openalex.org/W3088237016,https://doi.org/10.1039/d0ta07934k,2020,Metal oxide-free flexible organic solar cells with 0.1 M perchloric acid sprayed polymeric anodes
snapshot_2,Topic_metal_oxide_anodes_2013-2022_Knowledge.txt,89,https://openalex.org/W2804645584,https://doi.org/10.1007/s12598-018-1054-6,2018,Ultrathin Al <sub>2</sub> O <sub>3</sub> ‐coated reduced graphene oxide membrane for stable lithium metal anode
snapshot_2,Topic_metal_oxide_anodes_2013-2022_Knowledge.txt,90,https://openalex.org/W2750949757,https://doi.org/10.1039/c7ta05283a,2017,"Nanostructured anode materials for lithium-ion batteries: principle, recent progress and future perspectives"
snapshot_2,Topic_metal_oxide_anodes_2013-2022_Knowledge.txt,91,https://openalex.org/W2169329985,https://doi.org/10.1002/smll.201202601,2013,SnO<sub>2</sub>‐Based Nanomaterials: Synthesis and Application in Lithium‐Ion Batteries
snapshot_2,Topic_metal_oxide_anodes_2013-2022_Knowledge.txt,92,https://openalex.org/W2313324376,https://doi.org/10.2174/1573413711666150212235619,2015,On the Growth of Thin Anodic Oxides Showing Interference Colors on Valve Metals
snapshot_2,Topic_metal_oxide_anodes_2013-2022_Knowledge.txt,93,https://openalex.org/W4283259543,https://doi.org/10.1002/ente.202200293,2022,Carbon Nanofiber Decorated Ternary Transition Metal Oxide Anodes for Fast Charging Lithium‐Ion Batteries
snapshot_2,Topic_metal_oxide_anodes_2013-2022_Knowledge.txt,94,https://openalex.org/W2341894171,https://doi.org/10.1021/acscentsci.5b00328,2015,A Highly Reversible Room-Temperature Sodium Metal Anode
snapshot_2,Topic_metal_oxide_anodes_2013-2022_Knowledge.txt,95,https://openalex.org/W2040956641,https://doi.org/10.1007/s10008-014-2645-2,2014,Influences of graphite anode area on electrolysis of solid metal oxides in molten salts
snapshot_2,Topic_metal_oxide_anodes_2013-2022_Knowledge.txt,96,https://openalex.org/W4316036613,https://doi.org/10.15407/pmach2022.04.046,2022,Method of Obtaining of Metal Oxide Anodes That Do Not Contain Noble Metals
snapshot_2,Topic_metal_oxide_anodes_2013-2022_Knowledge.txt,97,https://openalex.org/W2567321915,https://doi.org/10.1002/elan.201600568,2016,Graphene Oxide‐Modified Electrode Coated with <i>in‐situ</i> Antimony Film for the Simultaneous Determination of Heavy Metals by Sequential Injection‐Anodic Stripping Voltammetry
snapshot_2,Topic_metal_oxide_anodes_2013-2022_Knowledge.txt,98,https://openalex.org/W3102266554,https://doi.org/10.1073/pnas.2001837117,2020,Stable metal anodes enabled by a labile organic molecule bonded to a reduced graphene oxide aerogel
snapshot_2,Topic_metal_oxide_anodes_2013-2022_Knowledge.txt,99,https://openalex.org/W2903037604,https://doi.org/10.1002/celc.201801632,2018,The Nature of the Electro‐Oxidative Catalytic Response of Mixed Metal Oxides: Pt‐ and Ru‐Doped SnO<sub>2</sub> Anodes
snapshot_2,Topic_metal_oxide_anodes_2013-2022_Knowledge.txt,100,https://openalex.org/W2035048508,https://doi.org/10.1021/ja5127165,2015,In situ Cobalt–Cobalt Oxide/N-Doped Carbon Hybrids As Superior Bifunctional Electrocatalysts for Hydrogen and Oxygen Evolution
snapshot_2,Topic_metal_oxide_anodes_2013-2022_Knowledge.txt,101,https://openalex.org/W2099779037,https://doi.org/10.1002/aenm.201300430,2013,Solution‐Processed (Graphene Oxide)–(d<sup>0</sup> Transition Metal Oxide) Composite Anodic Buffer Layers toward High‐Performance and Durable Inverted Polymer Solar Cells
snapshot_2,Topic_metal_oxide_anodes_2013-2022_Knowledge.txt,102,https://openalex.org/W2759535314,https://doi.org/10.1002/adma.201702093,2017,Nonaqueous Hybrid Lithium‐Ion and Sodium‐Ion Capacitors
snapshot_2,Topic_metal_oxide_anodes_2013-2022_Knowledge.txt,103,https://openalex.org/W2982593537,https://doi.org/10.1039/c9ta09916f,2019,A B-site doped perovskite ferrate as an efficient anode of a solid oxide fuel cell with <i>in situ</i> metal exsolution
snapshot_2,Topic_metal_oxide_anodes_2013-2022_Knowledge.txt,104,https://openalex.org/W2765180546,https://doi.org/10.1002/admi.201700920,2017,Atomistic Origins of Ductility Enhancement in Metal Oxide Coated Silicon Nanowires for Li‐Ion Battery Anodes
snapshot_2,Topic_metal_oxide_anodes_2013-2022_Knowledge.txt,105,https://openalex.org/W3213328656,https://doi.org/10.1002/aenm.202103005,2021,A Review of Degradation Mechanisms and Recent Achievements for Ni‐Rich Cathode‐Based Li‐Ion Batteries
snapshot_2,Topic_metal_oxide_anodes_2013-2022_Knowledge.txt,106,https://openalex.org/W3119662441,https://doi.org/10.1002/smtd.202001021,2021,Impact of the Transition Metal Dopant in Zinc Oxide Lithium‐Ion Anodes on the Solid Electrolyte Interphase Formation
snapshot_2,Topic_metal_oxide_anodes_2013-2022_Knowledge.txt,107,https://openalex.org/W2274815025,https://doi.org/10.1149/ma2015-01/1/23,2015,A Study of a Sodium Doped Prussian Blue Cathode Coupled with Sodium Rich and Deficient Transition Metal Oxide Anode
snapshot_2,Topic_metal_oxide_anodes_2013-2022_Knowledge.txt,108,https://openalex.org/W2302047355,https://doi.org/10.1039/c5ra25553h,2016,Integrated reduced graphene oxide multilayer/Li composite anode for rechargeable lithium metal batteries
snapshot_2,Topic_metal_oxide_anodes_2013-2022_Knowledge.txt,109,https://openalex.org/W2323340717,https://doi.org/10.1021/jacs.6b00332,2016,"Oxygen Evolution Reaction Dynamics, Faradaic Charge Efficiency, and the Active Metal Redox States of Ni–Fe Oxide Water Splitting Electrocatalysts"
snapshot_2,Topic_metal_oxide_anodes_2013-2022_Knowledge.txt,110,https://openalex.org/W3193044426,https://doi.org/10.1039/d1cs00450f,2021,High-voltage liquid electrolytes for Li batteries: progress and perspectives
snapshot_2,Topic_metal_oxide_anodes_2013-2022_Knowledge.txt,111,https://openalex.org/W1540311467,https://doi.org/10.1002/adfm.201500634,2015,Fabrication and Shell Optimization of Synergistic TiO<sub>2</sub>‐MoO<sub>3</sub> Core–Shell Nanowire Array Anode for High Energy and Power Density Lithium‐Ion Batteries
snapshot_2,Topic_metal_oxide_anodes_2013-2022_Knowledge.txt,112,https://openalex.org/W2144056055,https://doi.org/10.1002/ep.12148,2015,Environmental life cycle assessments of emerging anode materials for Li‐ion batteries‐metal oxide <scp>NP</scp>s
snapshot_2,Topic_metal_oxide_anodes_2013-2022_Knowledge.txt,113,https://openalex.org/W2323701493,https://doi.org/10.1021/nn503921j,2014,Prediction and Characterization of MXene Nanosheet Anodes for Non-Lithium-Ion Batteries
snapshot_2,Topic_metal_oxide_anodes_2013-2022_Knowledge.txt,114,https://openalex.org/W2047650980,https://doi.org/10.1039/c3ra43476a,2013,Monodisperse nanoparticles of metal oxides prepared by membrane emulsification using ordered anodic porous alumina
snapshot_2,Topic_metal_oxide_anodes_2013-2022_Knowledge.txt,115,https://openalex.org/W4235304121,https://doi.org/10.1002/ange.201610291,2016,Anodized Aluminum Oxide Templated Synthesis of Metal–Organic Frameworks Used as Membrane Reactors
snapshot_2,Topic_metal_oxide_anodes_2013-2022_Knowledge.txt,116,https://openalex.org/W4312893168,https://doi.org/10.1039/d2ta06841a,2022,Ultrahigh-capacity and dendrite-free lithium metal anodes enabled by lithiophilic bimetallic oxides
snapshot_2,Topic_metal_oxide_anodes_2013-2022_Knowledge.txt,117,https://openalex.org/W1966055216,https://doi.org/10.1016/j.jpowsour.2015.01.091,2015,Metallizing porous scaffolds as an alternative fabrication method for solid oxide fuel cell anodes
snapshot_2,Topic_metal_oxide_anodes_2013-2022_Knowledge.txt,118,https://openalex.org/W2148191451,https://doi.org/10.5599/jese.2013.0032,2013,A review of liquid metal anode solid oxide fuel cells
snapshot_2,Topic_metal_oxide_anodes_2013-2022_Knowledge.txt,119,https://openalex.org/W2183318011,https://doi.org/10.1002/smll.201502299,2015,Conversion Reaction‐Based Oxide Nanomaterials for Lithium Ion Battery Anodes
snapshot_2,Topic_metal_oxide_anodes_2013-2022_Knowledge.txt,120,https://openalex.org/W2338058988,https://doi.org/10.1039/c6ta02027e,2016,Metal-substrate-supported tungsten-oxide nanoarrays via porous-alumina-assisted anodization: from nanocolumns to nanocapsules and nanotubes
snapshot_2,Topic_metal_oxide_anodes_2013-2022_Knowledge.txt,121,https://openalex.org/W2604150433,https://doi.org/10.1126/sciadv.1601659,2017,"Toward garnet electrolyte–based Li metal batteries: An ultrathin, highly effective, artificial solid-state electrolyte/metallic Li interface"
snapshot_2,Topic_metal_oxide_anodes_2013-2022_Knowledge.txt,122,https://openalex.org/W2990861373,https://doi.org/10.1021/acssuschemeng.9b04416,2019,Hierarchical Nanosheet Arrays of Metal Oxides Guide Uniform Deposition for Lithium Anodes
snapshot_2,Topic_metal_oxide_anodes_2013-2022_Knowledge.txt,123,https://openalex.org/W2108054433,https://doi.org/10.1149/2.0021505ssl,2015,High Frequency Ni-NiO-Ag Metal-Insulator-Metal Tunnel Diodes Fabricated via Anodic Aluminum Oxide Templates
snapshot_2,Topic_metal_oxide_anodes_2013-2022_Knowledge.txt,124,https://openalex.org/W3105248494,https://doi.org/10.1002/aenm.202002689,2020,Solid‐State Li–Metal Batteries: Challenges and Horizons of Oxide and Sulfide Solid Electrolytes and Their Interfaces
snapshot_2,Topic_metal_oxide_anodes_2013-2022_Knowledge.txt,125,https://openalex.org/W2152080106,https://doi.org/10.1039/c3ra00128h,2013,Transition-metal catalyst free CN coupling with phenol/phenoxide: a green synthesis of a benzoxazole scaffold by an anodic oxidation reaction
snapshot_2,Topic_metal_oxide_anodes_2013-2022_Knowledge.txt,126,https://openalex.org/W3027326759,https://doi.org/10.1002/celc.202000276,2020,Efficient H<sub>2</sub>O<sub>2</sub> Production via H<sub>2</sub>O Oxidation on an Anode Modified with Sb‐Containing Mixed Metal Oxides
snapshot_2,Topic_metal_oxide_anodes_2013-2022_Knowledge.txt,127,https://openalex.org/W2490292921,https://doi.org/10.1021/jacs.6b05341,2016,Plating a Dendrite-Free Lithium Anode with a Polymer/Ceramic/Polymer Sandwich Electrolyte
snapshot_2,Topic_metal_oxide_anodes_2013-2022_Knowledge.txt,128,https://openalex.org/W1967425481,https://doi.org/10.2166/wst.2013.296,2013,"Efficient treatment of an electroplating wastewater containing heavy metal ions, cyanide, and organics by H2O2 oxidation followed by the anodic Fenton process"
snapshot_2,Topic_metal_oxide_anodes_2013-2022_Knowledge.txt,129,https://openalex.org/W2892216923,https://doi.org/10.1002/chem.201804235,2018,Bioinspired Architectures and Heteroatom Doping To Construct Metal‐Oxide‐Based Anode for High‐Performance Lithium‐Ion Batteries
snapshot_2,Topic_metal_oxide_anodes_2013-2022_Knowledge.txt,130,https://openalex.org/W2111112461,https://doi.org/10.1039/c3ta14624c,2013,Reduced graphene oxide networks as an effective buffer matrix to improve the electrode performance of porous NiCo2O4 nanoplates for lithium-ion batteries
snapshot_2,Topic_metal_oxide_anodes_2013-2022_Knowledge.txt,131,https://openalex.org/W2346341911,https://doi.org/10.1002/chem.201600660,2016,Alkali‐Metal‐Ion‐Functionalized Graphene Oxide as a Superior Anode Material for Sodium‐Ion Batteries
snapshot_2,Topic_metal_oxide_anodes_2013-2022_Knowledge.txt,132,https://openalex.org/W3022832473,https://doi.org/10.1039/d0cc01883j,2020,A low-cost anodic catalyst of transition metal oxides for lithium extraction from seawater
snapshot_2,Topic_metal_oxide_anodes_2013-2022_Knowledge.txt,133,https://openalex.org/W2307148693,https://doi.org/10.1149/2.1081606jes,2016,Performance Factors and Sulfur Tolerance of Metal Supported Solid Oxide Fuel Cells with Nanostructured Ni:GDC Infiltrated Anodes
snapshot_2,Topic_metal_oxide_anodes_2013-2022_Knowledge.txt,134,https://openalex.org/W2115898436,https://doi.org/10.32657/10356/56966,2013,Synthesis and electrochemical performance of transition metal oxide anodes in lithium ion batteries
snapshot_2,Topic_metal_oxide_anodes_2013-2022_Knowledge.txt,135,https://openalex.org/W2739225738,https://doi.org/10.1021/acsami.7b06394,2017,Self-Climbed Amorphous Carbon Nanotubes Filled with Transition Metal Oxide Nanoparticles for Large Rate and Long Lifespan Anode Materials in Lithium Ion Batteries
snapshot_2,Topic_metal_oxide_anodes_2013-2022_Knowledge.txt,136,https://openalex.org/W2902658101,https://doi.org/10.1002/adma.201805574,2018,Double‐Layer Polymer Electrolyte for High‐Voltage All‐Solid‐State Rechargeable Batteries
snapshot_2,Topic_metal_oxide_anodes_2013-2022_Knowledge.txt,137,https://openalex.org/W4294958655,https://doi.org/10.1021/acs.energyfuels.2c02352,2022,"Nb-Based Mixed Oxides As Anodes for Metal-Ion Capacitors: Progress, Challenge, and Perspective"
snapshot_2,Topic_metal_oxide_anodes_2013-2022_Knowledge.txt,138,https://openalex.org/W2611657590,https://doi.org/10.1149/2.0451707jes,2017,Anodic Oxidation of Phenol by Mixed-Metal Oxide Electrodes: Identification of Transformation By-Products and Toxicity Assessment
snapshot_2,Topic_metal_oxide_anodes_2013-2022_Knowledge.txt,139,https://openalex.org/W2945411159,https://doi.org/10.1039/c8cs00671g,2019,Robust noble metal-based electrocatalysts for oxygen evolution reaction
snapshot_2,Topic_metal_oxide_anodes_2013-2022_Knowledge.txt,140,https://openalex.org/W2912123891,https://doi.org/10.1016/j.radphyschem.2019.02.013,2019,XANES analysis for cation-vacancy distribution induced by doping Al ions in transition-metal-oxide anodes of lithium battery
snapshot_2,Topic_metal_oxide_anodes_2013-2022_Knowledge.txt,141,https://openalex.org/W3178399520,https://doi.org/10.1021/acs.inorgchem.1c01807,2021,Metal–Organic Framework-Derived ZnSe- and Co<sub>0.85</sub>Se-Filled Porous Nitrogen-Doped Carbon Nanocubes Interconnected by Reduced Graphene Oxide for Sodium-Ion Battery Anodes
snapshot_2,Topic_metal_oxide_anodes_2013-2022_Knowledge.txt,142,https://openalex.org/W2018624132,https://doi.org/10.1021/jacs.5b00281,2015,"Cobalt–Iron (Oxy)hydroxide Oxygen Evolution Electrocatalysts: The Role of Structure and Composition on Activity, Stability, and Mechanism"
snapshot_2,Topic_metal_oxide_anodes_2013-2022_Knowledge.txt,143,https://openalex.org/W3157248210,https://doi.org/10.3390/ma14092390,2021,Electrical Transport and Magnetic Properties of Metal/Metal Oxide/Metal Junctions Based on Anodized Metal Oxides
snapshot_2,Topic_metal_oxide_anodes_2013-2022_Knowledge.txt,144,https://openalex.org/W2783934139,https://doi.org/10.1002/aenm.201702895,2018,Synthesis of Pseudocapacitive Polymer Chain Anode and Subnanoscale Metal Oxide Cathode for Aqueous Hybrid Capacitors Enabling High Energy and Power Densities along with Long Cycle Life
snapshot_2,Topic_metal_oxide_anodes_2013-2022_Knowledge.txt,145,https://openalex.org/W2582458131,https://doi.org/10.1149/2.0431704jes,2017,Effect of Anode Thickness on Polarization Resistance for Metal-Supported Microtubular Solid Oxide Fuel Cells
snapshot_2,Topic_metal_oxide_anodes_2013-2022_Knowledge.txt,146,https://openalex.org/W2960131317,https://doi.org/10.1021/acs.jpcc.9b04803,2019,Quantum Mechanical Screening of Metal-N<sub>4</sub>-Functionalized Graphenes for Electrochemical Anodic Oxidation of Light Alkanes to Oxygenates
snapshot_2,Topic_metal_oxide_anodes_2013-2022_Knowledge.txt,147,https://openalex.org/W3216843771,https://doi.org/10.1039/d1ta07638h,2021,Metal–organic-framework derived Co@CN modified horizontally aligned graphene oxide array as free-standing anode for lithium-ion batteries
snapshot_2,Topic_metal_oxide_anodes_2013-2022_Knowledge.txt,148,https://openalex.org/W2548329620,https://doi.org/10.1039/c6ra20579h,2016,MoO<sub>3</sub>@Ni nanowire array hierarchical anode for high capacity and superior longevity all-metal-oxide asymmetric supercapacitors
snapshot_2,Topic_metal_oxide_anodes_2013-2022_Knowledge.txt,149,https://openalex.org/W2972631374,https://doi.org/10.1039/c9se00635d,2019,A general way to fabricate transition metal dichalcogenide/oxide-sandwiched MXene nanosheets as flexible film anodes for high-performance lithium storage
snapshot_2,Topic_metal_oxide_anodes_2013-2022_Knowledge.txt,150,https://openalex.org/W2062111880,https://doi.org/10.1016/j.jpowsour.2013.09.003,2013,Composite anodes based on nanotube titanium oxide from electro-oxidation of Ti metal substrate
snapshot_2,Topic_metal_oxide_anodes_2013-2022_Knowledge.txt,151,https://openalex.org/W3043772573,https://doi.org/10.3390/catal10070796,2020,Graphite–Metal Oxide Composites as Potential Anodic Catalysts for Microbial Fuel Cells
snapshot_2,Topic_metal_oxide_anodes_2013-2022_Knowledge.txt,152,https://openalex.org/W3103350750,https://doi.org/10.1039/d0ta08198a,2020,A general strategy for metal oxide nanoparticles embedded into heterogeneous carbon nanosheets as high-rate lithium-ion battery anodes
snapshot_2,Topic_metal_oxide_anodes_2013-2022_Knowledge.txt,153,https://openalex.org/W3032413399,https://doi.org/10.1002/slct.202000705,2020,Development of an Efficient Non‐Noble Metal Based Anode Electrocatalyst to Promote Methanol Oxidation Activity in DMFC
snapshot_2,Topic_metal_oxide_anodes_2013-2022_Knowledge.txt,154,https://openalex.org/W2560443007,https://doi.org/10.1039/c6ta07936a,2016,General synthesis of graphene-supported bicomponent metal monoxides as alternative high-performance Li-ion anodes to binary spinel oxides
snapshot_2,Topic_metal_oxide_anodes_2013-2022_Knowledge.txt,155,https://openalex.org/W2157440750,https://doi.org/10.1149/2.0981501jes,2014,"Hydrogen Oxidation and Evolution Reaction Kinetics on Carbon Supported Pt, Ir, Rh, and Pd Electrocatalysts in Acidic Media"
snapshot_2,Topic_metal_oxide_anodes_2013-2022_Knowledge.txt,156,https://openalex.org/W2333796291,https://doi.org/10.1021/am500737w,2014,Nitrogen/Carbon Atomic Ratio-Dependent Performances of Nitrogen-Doped Carbon-Coated Metal Oxide Nanocrystals for Anodes in Lithium-Ion Batteries
snapshot_2,Topic_metal_oxide_anodes_2013-2022_Knowledge.txt,157,https://openalex.org/W2533955725,https://doi.org/10.1039/c6ta05980e,2016,Variation in surface energy and reduction drive of a metal oxide lithium-ion anode with stoichiometry: a DFT study of lithium titanate spinel surfaces
snapshot_2,Topic_metal_oxide_anodes_2013-2022_Knowledge.txt,158,https://openalex.org/W2156775276,https://doi.org/10.1039/c4cp02436b,2014,Melting temperature of metal polycrystalline nanowires electrochemically deposited into the pores of anodic aluminum oxide
snapshot_2,Topic_metal_oxide_anodes_2013-2022_Knowledge.txt,159,https://openalex.org/W3114705154,https://doi.org/10.1021/acsenergylett.0c02342,2020,In-Situ Polymerized Binder: A Three-in-One Design Strategy for All-Integrated SiO<i><sub><i>x</i></sub></i> Anode with High Mass Loading in Lithium Ion Batteries
snapshot_2,Topic_metal_oxide_anodes_2013-2022_Knowledge.txt,160,https://openalex.org/W3179766187,https://doi.org/10.1039/d0cs00962h,2021,Recent advances in activating surface reconstruction for the high-efficiency oxygen evolution reaction
snapshot_2,Topic_metal_oxide_anodes_2013-2022_Knowledge.txt,161,https://openalex.org/W4288051668,https://doi.org/10.1007/s12274-022-4621-y,2022,N-doped carbon nanocube with zinc oxide sodiophilic sites enables a superior sodium metal anode
snapshot_2,Topic_metal_oxide_anodes_2013-2022_Knowledge.txt,162,https://openalex.org/W2967299079,https://doi.org/10.1002/anie.201909939,2019,Scaled‐Up Synthesis of Amorphous NiFeMo Oxides and Their Rapid Surface Reconstruction for Superior Oxygen Evolution Catalysis
snapshot_2,Topic_metal_oxide_anodes_2013-2022_Knowledge.txt,163,https://openalex.org/W2965404212,https://doi.org/10.1149/2.0101913jes,2019,Minimized Metal Dissolution from High-Energy Nickel Cobalt Manganese Oxide Cathodes with Al<sub>2</sub>O<sub>3</sub> Coating and Its Effects on Electrolyte Decomposition on Graphite Anodes
snapshot_2,Topic_metal_oxide_anodes_2013-2022_Knowledge.txt,164,https://openalex.org/W2888121985,https://doi.org/10.2174/1573413714666180817130835,2018,Review on the Formation of Anodic Metal Oxides and their Sensing Applications
snapshot_2,Topic_metal_oxide_anodes_2013-2022_Knowledge.txt,165,https://openalex.org/W2886016105,https://doi.org/10.1039/c8nr04871a,2018,Pseudocapacitive behavior of the Fe<sub>2</sub>O<sub>3</sub> anode and its contribution to high reversible capacity in lithium ion batteries
snapshot_2,Topic_metal_oxide_anodes_2013-2022_Knowledge.txt,166,https://openalex.org/W2909587168,https://doi.org/10.1039/c8ta11555a,2019,Highly effective fabrication of two dimensional metal oxides as high performance lithium storage anodes
snapshot_2,Topic_metal_oxide_anodes_2013-2022_Knowledge.txt,167,https://openalex.org/W2144491067,https://doi.org/10.1039/c3ee43886d,2014,An overview of metal oxide materials as electrocatalysts and supports for polymer electrolyte fuel cells
snapshot_2,Topic_metal_oxide_anodes_2013-2022_Knowledge.txt,168,https://openalex.org/W2321115237,https://doi.org/10.1021/acsnano.5b00582,2015,Iron Oxide-Decorated Carbon for Supercapacitor Anodes with Ultrahigh Energy Density and Outstanding Cycling Stability
snapshot_2,Topic_metal_oxide_anodes_2013-2022_Knowledge.txt,169,https://openalex.org/W2238462834,https://doi.org/10.1039/c5sc04425a,2016,Metal–organic framework-based CoP/reduced graphene oxide: high-performance bifunctional electrocatalyst for overall water splitting
snapshot_2,Topic_metal_oxide_anodes_2013-2022_Knowledge.txt,170,https://openalex.org/W2565244115,https://doi.org/10.1002/anie.201608899,2016,Energy‐Saving Electrolytic Hydrogen Generation: Ni<sub>2</sub>P Nanoarray as a High‐Performance Non‐Noble‐Metal Electrocatalyst
snapshot_2,Topic_metal_oxide_anodes_2013-2022_Knowledge.txt,171,https://openalex.org/W2320367722,https://doi.org/10.1021/cs4011875,2014,Iridium As Catalyst and Cocatalyst for Oxygen Evolution/Reduction in Acidic Polymer Electrolyte Membrane Electrolyzers and Fuel Cells
snapshot_2,Topic_metal_oxide_anodes_2013-2022_Knowledge.txt,172,https://openalex.org/W2550678250,https://doi.org/10.1021/acs.nanolett.6b03803,2016,Plasma-Assisted Synthesis of NiCoP for Efficient Overall Water Splitting
snapshot_2,Topic_metal_oxide_anodes_2013-2022_Knowledge.txt,173,https://openalex.org/W2770316283,https://doi.org/10.1039/c7gc03141f,2017,"An approach to C–N activation: coupling of arenesulfonyl hydrazides and arenesulfonyl chlorides with<i>tert</i>-amines<i>via</i>a metal-, oxidant- and halogen-free anodic oxidation"
snapshot_2,Topic_metal_oxide_anodes_2013-2022_Knowledge.txt,174,https://openalex.org/W3186306223,https://doi.org/10.1021/acsaem.1c01313,2021,In Situ Coexsolution of Metal Nanoparticle-Decorated Double Perovskites As Anode Materials for Solid Oxide Fuel Cells
snapshot_2,Topic_metal_oxide_anodes_2013-2022_Knowledge.txt,175,https://openalex.org/W2319828136,https://doi.org/10.1021/am505186a,2014,“Butterfly Effect” in CuO/Graphene Composite Nanosheets: A Small Interfacial Adjustment Triggers Big Changes in Electronic Structure and Li-Ion Storage Performance
snapshot_2,Topic_metal_oxide_anodes_2013-2022_Knowledge.txt,176,https://openalex.org/W1969022416,https://doi.org/10.1063/1.4899137,2014,Oxide-free InAs(111)A interface in metal-oxide-semiconductor structure with very low density of states prepared by anodic oxidation
snapshot_2,Topic_metal_oxide_anodes_2013-2022_Knowledge.txt,177,https://openalex.org/W4224253532,https://doi.org/10.1021/acsami.1c25171,2022,High Corrosion Resistance of a Ti-Based Anode with Sn/Ti/Nb Ternary Metal Oxide Interlayers
snapshot_2,Topic_metal_oxide_anodes_2013-2022_Knowledge.txt,178,https://openalex.org/W2020659412,https://doi.org/10.1039/c3ee24414h,2013,Fluorinated electrolytes for 5 V lithium-ion battery chemistry
snapshot_2,Topic_metal_oxide_anodes_2013-2022_Knowledge.txt,179,https://openalex.org/W4280542369,https://doi.org/10.1021/acssuschemeng.2c01846,2022,Silver Copper Oxide Nanowires by Electrodeposition for Stable Lithium Metal Anode in Carbonate-Based Electrolytes
snapshot_2,Topic_metal_oxide_anodes_2013-2022_Knowledge.txt,180,https://openalex.org/W2999636154,https://doi.org/10.1021/acs.accounts.9b00603,2020,Site-Selective C–H Functionalization via Synergistic Use of Electrochemistry and Transition Metal Catalysis
snapshot_2,Topic_metal_oxide_anodes_2013-2022_Knowledge.txt,181,https://openalex.org/W1988062125,https://doi.org/10.1002/adma.201204300,2013,Superhydrophobic Surfaces by Electrochemical Processes
snapshot_2,Topic_metal_oxide_anodes_2013-2022_Knowledge.txt,182,https://openalex.org/W4285387795,https://doi.org/10.1021/acsami.2c09287,2022,Electrosynthesis of Vertically Aligned Zinc Oxide Nanoflakes on 3D Porous Cu Foam Enables Dendrite-Free Li-Metal Anode
snapshot_2,Topic_metal_oxide_anodes_2013-2022_Knowledge.txt,183,https://openalex.org/W2804153763,https://doi.org/10.1111/jace.15796,2018,An investigation of metal ion diffusion in ceria‐based solid oxide fuel cell with barium‐containing anode
snapshot_2,Topic_metal_oxide_anodes_2013-2022_Knowledge.txt,184,https://openalex.org/W2126766996,https://doi.org/10.1109/ipec.2014.6870094,2014,Insulated metal substrate for power modules using anodic oxide film of aluminum
snapshot_2,Topic_metal_oxide_anodes_2013-2022_Knowledge.txt,185,https://openalex.org/W2917501272,https://doi.org/10.1155/2019/2571906,2019,High-Field Growth of Semiconducting Anodic Oxide Films on Metal Surfaces for Photocatalytic Application
snapshot_2,Topic_metal_oxide_anodes_2013-2022_Knowledge.txt,186,https://openalex.org/W2995688716,https://doi.org/10.1021/acs.est.9b06208,2019,Insights into the Electron-Transfer Regime of Peroxydisulfate Activation on Carbon Nanotubes: The Role of Oxygen Functional Groups
snapshot_2,Topic_metal_oxide_anodes_2013-2022_Knowledge.txt,187,https://openalex.org/W2056119302,https://doi.org/10.4236/snl.2014.43010,2014,Synthesis of Luminescent CdTe Nanorods on Anodized Aluminum Oxide Template and Their Utility in Divalent Heavy Metal Ion Sensing
snapshot_2,Topic_metal_oxide_anodes_2013-2022_Knowledge.txt,188,https://openalex.org/W1964906176,https://doi.org/10.1021/nn506252u,2015,Metal Organic Frameworks Route to <i>in Situ</i> Insertion of Multiwalled Carbon Nanotubes in Co<sub>3</sub>O<sub>4</sub> Polyhedra as Anode Materials for Lithium-Ion Batteries
snapshot_2,Topic_metal_oxide_anodes_2013-2022_Knowledge.txt,189,https://openalex.org/W3022557707,https://doi.org/10.15541/jim20200134,2020,Research Progress on Nanostructured Metal Oxides as Anode Materials for Li-ion Battery
snapshot_2,Topic_metal_oxide_anodes_2013-2022_Knowledge.txt,190,https://openalex.org/W3138305217,https://doi.org/10.1002/adma.202006328,2021,Recent Development of Oxygen Evolution Electrocatalysts in Acidic Environment
snapshot_2,Topic_metal_oxide_anodes_2013-2022_Knowledge.txt,191,https://openalex.org/W2794379033,https://doi.org/10.1080/21663831.2018.1447520,2018,General approach for preparing sandwich-structured metal sulfide@reduced graphene oxide as highly reversible Li-ion battery anode
snapshot_2,Topic_metal_oxide_anodes_2013-2022_Knowledge.txt,192,https://openalex.org/W2801231312,https://doi.org/10.1021/acscatal.8b01017,2018,Electrochemical Oxidation of 5-Hydroxymethylfurfural with NiFe Layered Double Hydroxide (LDH) Nanosheet Catalysts
snapshot_2,Topic_metal_oxide_anodes_2013-2022_Knowledge.txt,193,https://openalex.org/W2464273419,https://doi.org/10.1149/2.0411609jes,2016,Calendar Aging of Lithium-Ion Batteries
snapshot_2,Topic_metal_oxide_anodes_2013-2022_Knowledge.txt,194,https://openalex.org/W2606029598,https://doi.org/10.1021/acsenergylett.7b00040,2017,Aqueous Mg-Ion Battery Based on Polyimide Anode and Prussian Blue Cathode
snapshot_2,Topic_metal_oxide_anodes_2013-2022_Knowledge.txt,195,https://openalex.org/W3199929652,https://doi.org/10.1021/acs.chemrev.1c00234,2021,Structural Transformation of Heterogeneous Materials for Electrocatalytic Oxygen Evolution Reaction
snapshot_2,Topic_metal_oxide_anodes_2013-2022_Knowledge.txt,196,https://openalex.org/W2169936428,https://doi.org/10.1002/adma.201306126,2014,Three‐Dimensional Self‐Supported Metal Oxides for Advanced Energy Storage
snapshot_2,Topic_metal_oxide_anodes_2013-2022_Knowledge.txt,197,https://openalex.org/W2910865293,https://doi.org/10.1021/acsenergylett.8b02376,2019,Regulating Anions in the Solvation Sheath of Lithium Ions for Stable Lithium Metal Batteries
snapshot_2,Topic_metal_oxide_anodes_2013-2022_Knowledge.txt,198,https://openalex.org/W2607760911,https://doi.org/10.1002/fuce.201600180,2017,Self‐modification of Ni Metal Surfaces with CeO<sub>2</sub> to Suppress Carbon Deposition at Solid Oxide Fuel Cell Anodes
snapshot_2,Topic_metal_oxide_anodes_2013-2022_Knowledge.txt,199,https://openalex.org/W3119531871,https://doi.org/10.1021/acsaem.0c02522,2021,Discrete Metal-Oxide Clusters with Organofunctionalization as High-Performance Anode Materials
snapshot_2,Topic_metal_oxide_anodes_2013-2022_Knowledge.txt,200,https://openalex.org/W2766262022,https://doi.org/10.1149/2.1871713jes,2017,Anodic Oxidation of the Insecticide Imidacloprid on Mixed Metal Oxide (RuO<sub>2</sub>-TiO<sub>2</sub>and IrO<sub>2</sub>-RuO<sub>2</sub>-TiO<sub>2</sub>) Anodes
snapshot_2,Topic_metal_oxide_anodes_2013-2022_Knowledge.txt,201,https://openalex.org/W2210343280,https://doi.org/10.5772/61263,2015,Aluminum Anodic Oxide AAO as a Template for Formation of Metal Nanostructures
snapshot_2,Topic_metal_oxide_anodes_2013-2022_Knowledge.txt,202,https://openalex.org/W2346225394,https://doi.org/10.1021/acssensors.6b00287,2016,Wearable Microsensor Array for Multiplexed Heavy Metal Monitoring of Body Fluids
snapshot_2,Topic_metal_oxide_anodes_2013-2022_Knowledge.txt,203,https://openalex.org/W3128749224,https://doi.org/10.1002/aenm.202003563,2021,Mesoporous Thorn‐Covered Core–Shell Cathode and 3D Reduced Graphene Oxide Aerogel Composite Anode with Conductive Multivalence Metal Sulfides for High‐Performance Aqueous Hybrid Capacitors
snapshot_2,Topic_metal_oxide_anodes_2013-2022_Knowledge.txt,204,https://openalex.org/W2891396998,https://doi.org/10.1038/s41467-018-06126-z,2018,Lithiophilic-lithiophobic gradient interfacial layer for a highly stable lithium metal anode
snapshot_2,Topic_metal_oxide_anodes_2013-2022_Knowledge.txt,205,https://openalex.org/W2789135099,https://doi.org/10.1002/anie.201713291,2018,Highly Stable Aqueous Zinc‐Ion Storage Using a Layered Calcium Vanadium Oxide Bronze Cathode
snapshot_2,Topic_metal_oxide_anodes_2013-2022_Knowledge.txt,206,https://openalex.org/W2916482968,https://doi.org/10.1002/aenm.201803627,2019,An Upgraded Lithium Ion Battery Based on a Polymeric Separator Incorporated with Anode Active Materials
snapshot_2,Topic_metal_oxide_anodes_2013-2022_Knowledge.txt,207,https://openalex.org/W1966788841,https://doi.org/10.1021/nn501783n,2014,Porous Spinel Zn<sub><i>x</i></sub>Co<sub>3–<i>x</i></sub>O<sub>4</sub> Hollow Polyhedra Templated for High-Rate Lithium-Ion Batteries
snapshot_2,Topic_metal_oxide_anodes_2013-2022_Knowledge.txt,208,https://openalex.org/W2315858944,https://doi.org/10.2174/1573413711666150213000518,2015,Anodic Metal Oxides for Electrowetting Systems
snapshot_2,Topic_metal_oxide_anodes_2013-2022_Knowledge.txt,209,https://openalex.org/W4282936780,https://doi.org/10.1021/acsami.2c05902,2022,Three-Dimensional Monolithically Self-Grown Metal Oxide Highly Dense Nanonetworks as Free-Standing High-Capacity Anodes for Lithium-Ion Batteries
snapshot_2,Topic_metal_oxide_anodes_2013-2022_Knowledge.txt,210,https://openalex.org/W2793212697,https://doi.org/10.1002/aenm.201703043,2018,All Pseudocapacitive MXene‐RuO<sub>2</sub> Asymmetric Supercapacitors
snapshot_2,Topic_metal_oxide_anodes_2013-2022_Knowledge.txt,211,https://openalex.org/W2965120328,https://doi.org/10.1002/smll.201902032,2019,Biological Metabolism Synthesis of Metal Oxides Nanorods from Bacteria as a Biofactory toward High‐Performance Lithium‐Ion Battery Anodes
snapshot_2,Topic_metal_oxide_anodes_2013-2022_Knowledge.txt,212,https://openalex.org/W2931899782,https://doi.org/10.1016/j.jechem.2019.03.012,2019,Boosting redox activity on MXene-induced multifunctional collaborative interface in high Li2S loading cathode for high-energy Li-S and metallic Li-free rechargeable batteries
snapshot_2,Topic_metal_oxide_anodes_2013-2022_Knowledge.txt,213,https://openalex.org/W2089705033,https://doi.org/10.1002/adfm.201404078,2015,MoS<sub>2</sub>/Graphene Composite Anodes with Enhanced Performance for Sodium‐Ion Batteries: The Role of the Two‐Dimensional Heterointerface
snapshot_2,Topic_metal_oxide_anodes_2013-2022_Knowledge.txt,214,https://openalex.org/W2337354477,https://doi.org/10.1002/adfm.201600494,2016,Preparation of MnCo<sub>2</sub>O<sub>4</sub>@Ni(OH)<sub>2</sub> Core–Shell Flowers for Asymmetric Supercapacitor Materials with Ultrahigh Specific Capacitance
snapshot_2,Topic_metal_oxide_anodes_2013-2022_Knowledge.txt,215,https://openalex.org/W2328939392,https://doi.org/10.1021/ja401727n,2013,Metal–Organic-Frameworks-Derived General Formation of Hollow Structures with High Complexity
snapshot_2,Topic_metal_oxide_anodes_2013-2022_Knowledge.txt,216,https://openalex.org/W2187129364,https://doi.org/10.1039/c5ay02498f,2015,Nanoporous anodic aluminum oxide films for UV/vis detection of noble and non-noble metals
snapshot_2,Topic_metal_oxide_anodes_2013-2022_Knowledge.txt,217,https://openalex.org/W2213575239,https://doi.org/10.1021/acsnano.5b05041,2015,Metal Organic Frameworks Derived Hierarchical Hollow NiO/Ni/Graphene Composites for Lithium and Sodium Storage
snapshot_2,Topic_metal_oxide_anodes_2013-2022_Knowledge.txt,218,https://openalex.org/W2069525600,https://doi.org/10.1126/science.1234751,2013,Galvanic Replacement Reactions in Metal Oxide Nanocrystals
snapshot_2,Topic_metal_oxide_anodes_2013-2022_Knowledge.txt,219,https://openalex.org/W2037480114,https://doi.org/10.1016/j.proeng.2014.11.674,2014,Fast Response Hydrogen Microsensor Based on Semiconductor Niobium-oxide Nanostructures via Smart Anodizing of Al/Nb Metal Layers
snapshot_2,Topic_metal_oxide_anodes_2013-2022_Knowledge.txt,220,https://openalex.org/W4206049168,https://doi.org/10.1039/d1tc05209h,2022,Interconnected three-dimensional anodized aluminum oxide (3D-AAO) metamaterials using different waveforms and metal layers for RGB display technology applications
snapshot_2,Topic_metal_oxide_anodes_2013-2022_Knowledge.txt,221,https://openalex.org/W2517513604,https://doi.org/10.1021/jacs.6b06777,2016,Transition from Superlithiophobicity to Superlithiophilicity of Garnet Solid-State Electrolyte
snapshot_2,Topic_metal_oxide_anodes_2013-2022_Knowledge.txt,222,https://openalex.org/W2784532118,https://doi.org/10.1021/acs.accounts.7b00487,2018,Understanding Conversion-Type Electrodes for Lithium Rechargeable Batteries
snapshot_2,Topic_metal_oxide_anodes_2013-2022_Knowledge.txt,223,https://openalex.org/W3084015652,https://doi.org/10.1002/adfm.202003932,2020,Stabilizing Zinc Anode Reactions by Polyethylene Oxide Polymer in Mild Aqueous Electrolytes
snapshot_2,Topic_metal_oxide_anodes_2013-2022_Knowledge.txt,224,https://openalex.org/W4220815223,https://doi.org/10.1021/acs.chemrev.1c00838,2022,"Review of Multifunctional Separators: Stabilizing the Cathode and the Anode for Alkali (Li, Na, and K) Metal–Sulfur and Selenium Batteries"
snapshot_2,Topic_metal_oxide_anodes_2013-2022_Knowledge.txt,225,https://openalex.org/W3217599280,https://doi.org/10.1039/d1ee03040j,2021,Catalytic open-circuit passivation by thin metal oxide films of p-Si anodes in aqueous alkaline electrolytes
snapshot_2,Topic_metal_oxide_anodes_2013-2022_Knowledge.txt,226,https://openalex.org/W2281370366,https://doi.org/10.1002/advs.201500362,2016,Interfacial Materials for Organic Solar Cells: Recent Advances and Perspectives
snapshot_2,Topic_metal_oxide_anodes_2013-2022_Knowledge.txt,227,https://openalex.org/W3176837628,https://doi.org/10.1002/admi.202100256,2021,Nanostructured Zirconium‐Oxide Bioceramic Coatings Derived from the Anodized Al/Zr Metal Layers
snapshot_2,Topic_metal_oxide_anodes_2013-2022_Knowledge.txt,228,https://openalex.org/W4284969594,https://doi.org/10.1055/a-1894-8136,2022,Replacing Anodic Oxygen Evolution Reaction with Organic Oxidation: The Importance of Metal (Oxy)Hydroxide Formation as the Active Oxidation Catalyst
snapshot_2,Topic_metal_oxide_anodes_2013-2022_Knowledge.txt,229,https://openalex.org/W3040399454,https://doi.org/10.1126/science.aaz1487,2020,Accelerating water dissociation in bipolar membranes and for electrocatalysis
snapshot_2,Topic_metal_oxide_anodes_2013-2022_Knowledge.txt,230,https://openalex.org/W3119352395,https://doi.org/10.1016/j.elecom.2020.106912,2021,"Anodic oxidation for the degradation of organic pollutants: Anode materials, operating conditions and mechanisms. A mini review"
snapshot_2,Topic_metal_oxide_anodes_2013-2022_Knowledge.txt,231,https://openalex.org/W2800810454,https://doi.org/10.1002/adma.201707334,2018,Self‐Assembly of Transition Metal Oxide Nanostructures on MXene Nanosheets for Fast and Stable Lithium Storage
snapshot_2,Topic_metal_oxide_anodes_2013-2022_Knowledge.txt,232,https://openalex.org/W4280580079,https://doi.org/10.1002/smll.202201110,2022,Insight into Reversible Conversion Reactions in SnO<sub>2</sub>‐Based Anodes for Lithium Storage: A Review
snapshot_2,Topic_metal_oxide_anodes_2013-2022_Knowledge.txt,233,https://openalex.org/W3039631658,https://doi.org/10.3390/coatings10070628,2020,Introduction to Plasma Electrolytic Oxidation—An Overview of the Process and Applications
snapshot_2,Topic_metal_oxide_anodes_2013-2022_Knowledge.txt,234,https://openalex.org/W3173216459,https://doi.org/10.1002/adma.202003786,2021,Progress of Nonprecious‐Metal‐Based Electrocatalysts for Oxygen Evolution in Acidic Media
snapshot_2,Topic_metal_oxide_anodes_2013-2022_Knowledge.txt,235,https://openalex.org/W4214936485,https://doi.org/10.1021/acssuschemeng.1c07933,2022,"Metal-Free C–C Cross Coupling: Electrosynthesis of Azaheterocycles through Anodic Oxidation Cyclization of 1,6-Enynes"
snapshot_2,Topic_metal_oxide_anodes_2013-2022_Knowledge.txt,236,https://openalex.org/W4220955436,https://doi.org/10.1002/pssa.202100852,2022,Photocorrosion of n‐ and p‐Type Semiconducting Oxide‐Covered Metals: Case Studies of Anodized Titanium and Copper
snapshot_2,Topic_metal_oxide_anodes_2013-2022_Knowledge.txt,237,https://openalex.org/W2322699606,https://doi.org/10.1021/nn503760c,2014,Efficient Electrocatalytic Oxygen Evolution on Amorphous Nickel–Cobalt Binary Oxide Nanoporous Layers
snapshot_2,Topic_metal_oxide_anodes_2013-2022_Knowledge.txt,238,https://openalex.org/W4308572704,https://doi.org/10.3390/nano12223929,2022,Growth of Highly-Ordered Metal Nanoparticle Arrays in the Dimpled Pores of an Anodic Aluminum Oxide Template
snapshot_2,Topic_metal_oxide_anodes_2013-2022_Knowledge.txt,239,https://openalex.org/W2606966505,https://doi.org/10.2174/2210681205666151030214409,2015,Graphene and Graphene/Binary Transition Metal Oxide Composites as Anode Materials in Li-Ion Batteries
snapshot_2,Topic_metal_oxide_anodes_2013-2022_Knowledge.txt,240,https://openalex.org/W2142656031,https://doi.org/10.1002/anie.201501475,2015,Controllable Synthesis of Mesoporous Peapod‐like Co<sub>3</sub>O<sub>4</sub>@Carbon Nanotube Arrays for High‐Performance Lithium‐Ion Batteries
snapshot_2,Topic_metal_oxide_anodes_2013-2022_Knowledge.txt,241,https://openalex.org/W2550278822,https://doi.org/10.1073/pnas.1615912113,2016,Mastering the interface for advanced all-solid-state lithium rechargeable batteries
snapshot_2,Topic_metal_oxide_anodes_2013-2022_Knowledge.txt,242,https://openalex.org/W2323543687,https://doi.org/10.1149/04521.0035ecst,2013,Metal Oxides Modified Mesoporous Carbon Supports as Anode Catalysts in DMFC
snapshot_2,Topic_metal_oxide_anodes_2013-2022_Knowledge.txt,243,https://openalex.org/W4293036917,https://doi.org/10.1007/s10008-022-05251-6,2022,Development of metal oxide incorporated Al-Zn-Sn sacrificial anodes processed by stir casting and heat treatment
snapshot_2,Topic_metal_oxide_anodes_2013-2022_Knowledge.txt,244,https://openalex.org/W2028046402,https://doi.org/10.1021/nl401952h,2013,Self-Assembled Fe<sub>3</sub>O<sub>4</sub> Nanoparticle Clusters as High-Performance Anodes for Lithium Ion Batteries via Geometric Confinement
snapshot_2,Topic_metal_oxide_anodes_2013-2022_Knowledge.txt,245,https://openalex.org/W2345642226,https://doi.org/10.1021/nn4016899,2013,Graphene Nanoribbon and Nanostructured SnO<sub>2</sub>Composite Anodes for Lithium Ion Batteries
snapshot_2,Topic_metal_oxide_anodes_2013-2022_Knowledge.txt,246,https://openalex.org/W2810836439,https://doi.org/10.1039/c8cs00322j,2018,Reviving lithium cobalt oxide-based lithium secondary batteries-toward a higher energy density
snapshot_2,Topic_metal_oxide_anodes_2013-2022_Knowledge.txt,247,https://openalex.org/W2049938203,https://doi.org/10.1021/nl401776d,2013,Prelithiation of Silicon–Carbon Nanotube Anodes for Lithium Ion Batteries by Stabilized Lithium Metal Powder (SLMP)
snapshot_2,Topic_metal_oxide_anodes_2013-2022_Knowledge.txt,248,https://openalex.org/W2794230400,https://doi.org/10.1080/09276440.2018.1436798,2018,Successive electrodeposition of polydopamine and PtPd metal on a graphene oxide support for use as anode fuel cell catalysts
snapshot_2,Topic_metal_oxide_anodes_2013-2022_Knowledge.txt,249,https://openalex.org/W2803058926,https://doi.org/10.1021/acscatal.8b01069,2018,An Electrocatalytic Approach to the Radical Difunctionalization of Alkenes
snapshot_2,Topic_metal_oxide_anodes_2013-2022_Knowledge.txt,250,https://openalex.org/W3093063781,https://doi.org/10.1002/er.6080,2020,Cobalt‐based metal organic framework ( <scp>Co‐MOFs</scp> )/graphene oxide composites as high‐performance anode active materials for lithium‐ion batteries
snapshot_2,Topic_metal_oxide_anodes_2013-2022_Knowledge.txt,251,https://openalex.org/W3142307797,https://doi.org/10.20944/preprints202104.0224.v1,2021,Electrical Transport and Magnetic Properties of Metal/Metal Oxide/Metal Junctions Based on Anodized Metal Oxides
snapshot_2,Topic_metal_oxide_anodes_2013-2022_Knowledge.txt,252,https://openalex.org/W3146916769,https://doi.org/10.1002/aenm.202003927,2021,3D‐Printed Multi‐Channel Metal Lattices Enabling Localized Electric‐Field Redistribution for Dendrite‐Free Aqueous Zn Ion Batteries
snapshot_2,Topic_metal_oxide_anodes_2013-2022_Knowledge.txt,253,https://openalex.org/W2161859083,https://doi.org/10.1039/c3ra40257f,2013,"A Ce(Mn,Fe)O2 dense nanofilm as an improved active anode for metal-supported solid oxide fuel cells"
snapshot_2,Topic_metal_oxide_anodes_2013-2022_Knowledge.txt,254,https://openalex.org/W2887590584,https://doi.org/10.1039/c8nr01507d,2018,Self-recovery in Li-metal hybrid lithium-ion batteries <i>via</i> WO<sub>3</sub> reduction
snapshot_2,Topic_metal_oxide_anodes_2013-2022_Knowledge.txt,255,https://openalex.org/W3133819880,https://doi.org/10.1039/d1ma00065a,2021,An ultra-lithiophilic oxidation layer in a Ni-foam-based anode for lithium metal batteries
snapshot_2,Topic_metal_oxide_anodes_2013-2022_Knowledge.txt,256,https://openalex.org/W2767152203,https://doi.org/10.1039/c6cs00639f,2017,Biomass-derived nanostructured carbons and their composites as anode materials for lithium ion batteries
snapshot_2,Topic_metal_oxide_anodes_2013-2022_Knowledge.txt,257,https://openalex.org/W2073498201,https://doi.org/10.1088/0957-4484/24/25/255705,2013,Visualizing the electrochemical reaction of ZnO nanoparticles with lithium by<i>in situ</i>TEM: two reaction modes are revealed
snapshot_2,Topic_metal_oxide_anodes_2013-2022_Knowledge.txt,258,https://openalex.org/W2594535137,https://doi.org/10.1002/advs.201600517,2017,Strategies Based on Nitride Materials Chemistry to Stabilize Li Metal Anode
snapshot_2,Topic_metal_oxide_anodes_2013-2022_Knowledge.txt,259,https://openalex.org/W2901035926,https://doi.org/10.1002/anie.201811784,2018,PPy‐encapsulated SnS<sub>2</sub> Nanosheets Stabilized by Defects on a TiO<sub>2</sub> Support as a Durable Anode Material for Lithium‐Ion Batteries
snapshot_2,Topic_metal_oxide_anodes_2013-2022_Knowledge.txt,260,https://openalex.org/W3180805188,https://doi.org/10.1002/adma.202101649,2021,Ultrathin Surface Coating of Nitrogen‐Doped Graphene Enables Stable Zinc Anodes for Aqueous Zinc‐Ion Batteries
snapshot_2,Topic_metal_oxide_anodes_2013-2022_Knowledge.txt,261,https://openalex.org/W3000010487,https://doi.org/10.1021/acsenergylett.9b02599,2020,High-Voltage Superionic Halide Solid Electrolytes for All-Solid-State Li-Ion Batteries
snapshot_2,Topic_metal_oxide_anodes_2013-2022_Knowledge.txt,262,https://openalex.org/W2132482686,https://doi.org/10.1002/cssc.201403488,2015,Probing the Additional Capacity and Reaction Mechanism of the RuO<sub>2</sub> Anode in Lithium Rechargeable Batteries
snapshot_2,Topic_metal_oxide_anodes_2013-2022_Knowledge.txt,263,https://openalex.org/W3133347875,https://doi.org/10.1002/adma.202007508,2021,Stable and Highly Efficient Hydrogen Evolution from Seawater Enabled by an Unsaturated Nickel Surface Nitride
snapshot_2,Topic_metal_oxide_anodes_2013-2022_Knowledge.txt,264,https://openalex.org/W1481857698,https://doi.org/10.1149/06609.0047ecst,2015,Metal Oxide/Reduced Graphene Oxide Anodes for Lithium-Ion Batteries
snapshot_2,Topic_metal_oxide_anodes_2013-2022_Knowledge.txt,265,https://openalex.org/W2608294287,https://doi.org/10.1021/acsnano.7b02198,2017,Porous Fe<sub>2</sub>O<sub>3</sub> Nanoframeworks Encapsulated within Three-Dimensional Graphene as High-Performance Flexible Anode for Lithium-Ion Battery
snapshot_2,Topic_metal_oxide_anodes_2013-2022_Knowledge.txt,266,https://openalex.org/W3165745957,https://doi.org/10.3390/nano11061375,2021,"Plasma Electrolytic Oxidation (PEO) Process—Processing, Properties, and Applications"
snapshot_2,Topic_metal_oxide_anodes_2013-2022_Knowledge.txt,267,https://openalex.org/W2769113145,https://doi.org/10.1088/1742-6596/917/9/092011,2017,Formation of multicomponent matrix metal oxide films in anodic alumina matrixes by chemical deposition
snapshot_2,Topic_metal_oxide_anodes_2013-2022_Knowledge.txt,268,https://openalex.org/W2016119171,https://doi.org/10.1039/c3cc49356c,2014,Controlled thermal sintering of a metal–metal oxide–carbon ternary composite with a multi-scale hollow nanostructure for use as an anode material in Li-ion batteries
snapshot_2,Topic_metal_oxide_anodes_2013-2022_Knowledge.txt,269,https://openalex.org/W2583332330,https://doi.org/10.1039/c6ce02563c,2017,General synthesis of metal oxide hollow core–shell microspheres as anode materials for lithium-ion batteries and as adsorbents for wastewater treatment
snapshot_2,Topic_metal_oxide_anodes_2013-2022_Knowledge.txt,270,https://openalex.org/W4212808670,https://doi.org/10.3389/fmats.2022.815204,2022,Electrospun Ternary Composite Metal Oxide Fibers as an Anode for Lithium-Ion Batteries
snapshot_2,Topic_metal_oxide_anodes_2013-2022_Knowledge.txt,271,https://openalex.org/W2603170006,https://doi.org/10.1002/admi.201700113,2017,Origin of Capacity Increasing in a Long‐Life Ternary Sn–Fe<sub>3</sub>O<sub>4</sub>@Graphite Anode for Li‐Ion Batteries
snapshot_2,Topic_metal_oxide_anodes_2013-2022_Knowledge.txt,272,https://openalex.org/W2169079124,https://doi.org/10.1002/anie.201408854,2015,Copper as a Robust and Transparent Electrocatalyst for Water Oxidation
snapshot_2,Topic_metal_oxide_anodes_2013-2022_Knowledge.txt,273,https://openalex.org/W2978404664,https://doi.org/10.1002/anie.201911604,2019,Tuning the Electrochemical Performance of Titanium Carbide MXene by Controllable In Situ Anodic Oxidation
snapshot_2,Topic_metal_oxide_anodes_2013-2022_Knowledge.txt,274,https://openalex.org/W2949519481,https://doi.org/10.1002/sia.6661,2019,Binder‐free carbon‐coated nanocotton transition metal oxides integrated anodes by laser surface ablation for lithium‐ion batteries
snapshot_2,Topic_metal_oxide_anodes_2013-2022_Knowledge.txt,275,https://openalex.org/W2912162165,https://doi.org/10.1002/adma.201807789,2019,Extended Electrochemical Window of Solid Electrolytes via Heterogeneous Multilayered Structure for High‐Voltage Lithium Metal Batteries
snapshot_2,Topic_metal_oxide_anodes_2013-2022_Knowledge.txt,276,https://openalex.org/W2039526864,https://doi.org/10.1016/j.egypro.2013.07.334,2013,Inkjet Patterned Anodic Aluminum Oxide for Rear Metal Contacts of Silicon Solar Cells
snapshot_2,Topic_metal_oxide_anodes_2013-2022_Knowledge.txt,277,https://openalex.org/W4205269611,https://doi.org/10.1002/cey2.153,2022,"Oxide cathodes for sodium‐ion batteries: Designs, challenges, and perspectives"
snapshot_2,Topic_metal_oxide_anodes_2013-2022_Knowledge.txt,278,https://openalex.org/W3119732804,https://doi.org/10.1021/acs.jpcc.0c06395,2021,"Tin-Based Oxide, Alloy, and Selenide Li-Ion Battery Anodes Derived from a Bimetallic Metal–Organic Material"
snapshot_2,Topic_metal_oxide_anodes_2013-2022_Knowledge.txt,279,https://openalex.org/W3017137950,https://doi.org/10.1016/j.electacta.2020.136271,2020,Li2CO3 decomposition in Li-ion batteries induced by the electrochemical oxidation of the electrolyte and of electrolyte impurities
snapshot_2,Topic_metal_oxide_anodes_2013-2022_Knowledge.txt,280,https://openalex.org/W2166106470,https://doi.org/10.1007/s40243-015-0063-8,2015,Electrode materials for microbial fuel cells: nanomaterial approach
snapshot_2,Topic_metal_oxide_anodes_2013-2022_Knowledge.txt,281,https://openalex.org/W2912934559,https://doi.org/10.1039/c8dt04612c,2019,Novel ternary transition metal oxide solid solution: mesoporous Ni–Mn–Co–O nanowire arrays as an integrated anode for high-power lithium-ion batteries
snapshot_2,Topic_metal_oxide_anodes_2013-2022_Knowledge.txt,282,https://openalex.org/W2988984508,https://doi.org/10.1002/anie.201913351,2019,Self‐Stabilized and Strongly Adhesive Supramolecular Polymer Protective Layer Enables Ultrahigh‐Rate and Large‐Capacity Lithium‐Metal Anode
snapshot_2,Topic_metal_oxide_anodes_2013-2022_Knowledge.txt,283,https://openalex.org/W2972842638,https://doi.org/10.1039/c9nj04174e,2019,Yolk–shell structured metal oxide@carbon nanoring anode boosting performance of lithium-ion batteries
snapshot_2,Topic_metal_oxide_anodes_2013-2022_Knowledge.txt,284,https://openalex.org/W2809995462,https://doi.org/10.1002/aelm.201800185,2018,Electrochromic Metal Oxides: Recent Progress and Prospect
snapshot_2,Topic_metal_oxide_anodes_2013-2022_Knowledge.txt,285,https://openalex.org/W2598855007,https://doi.org/10.1021/acsami.7b00336,2017,Suppression of Lithium Dendrite Formation by Using LAGP-PEO (LiTFSI) Composite Solid Electrolyte and Lithium Metal Anode Modified by PEO (LiTFSI) in All-Solid-State Lithium Batteries
snapshot_2,Topic_metal_oxide_anodes_2013-2022_Knowledge.txt,286,https://openalex.org/W2810127842,https://doi.org/10.1021/acs.chemrev.8b00116,2018,Review of Hybrid Ion Capacitors: From Aqueous to Lithium to Sodium
snapshot_2,Topic_metal_oxide_anodes_2013-2022_Knowledge.txt,287,https://openalex.org/W2605982023,https://doi.org/10.1038/ncomms14643,2017,Light-assisted delithiation of lithium iron phosphate nanocrystals towards photo-rechargeable lithium ion batteries
snapshot_2,Topic_metal_oxide_anodes_2013-2022_Knowledge.txt,288,https://openalex.org/W2331395333,https://doi.org/10.1021/la501245p,2014,Anodized Indium Metal Electrodes for Enhanced Carbon Dioxide Reduction in Aqueous Electrolyte
snapshot_2,Topic_metal_oxide_anodes_2013-2022_Knowledge.txt,289,https://openalex.org/W3006782651,https://doi.org/10.1021/acs.accounts.9b00529,2020,Catalyzing Electrosynthesis: A Homogeneous Electrocatalytic Approach to Reaction Discovery
snapshot_2,Topic_metal_oxide_anodes_2013-2022_Knowledge.txt,290,https://openalex.org/W3021466109,https://doi.org/10.1002/aenm.202000697,2020,Alloy Anode Materials for Rechargeable Mg Ion Batteries
snapshot_2,Topic_metal_oxide_anodes_2013-2022_Knowledge.txt,291,https://openalex.org/W2127084638,https://doi.org/10.1002/anie.201412202,2015,An Efficient Halogen‐Free Electrolyte for Use in Rechargeable Magnesium Batteries
snapshot_2,Topic_metal_oxide_anodes_2013-2022_Knowledge.txt,292,https://openalex.org/W2947661081,https://doi.org/10.1021/jacs.9b03517,2019,Engineering Janus Interfaces of Ceramic Electrolyte via Distinct Functional Polymers for Stable High-Voltage Li-Metal Batteries
snapshot_2,Topic_metal_oxide_anodes_2013-2022_Knowledge.txt,293,https://openalex.org/W2581522395,https://doi.org/10.1002/adma.201605587,2017,Efficient Flexible Organic/Inorganic Hybrid Perovskite Light‐Emitting Diodes Based on Graphene Anode
snapshot_2,Topic_metal_oxide_anodes_2013-2022_Knowledge.txt,294,https://openalex.org/W2397544202,https://doi.org/10.1021/acsenergylett.6b00144,2016,"Surface-Oxidized Dicobalt Phosphide Nanoneedles as a Nonprecious, Durable, and Efficient OER Catalyst"
snapshot_2,Topic_metal_oxide_anodes_2013-2022_Knowledge.txt,295,https://openalex.org/W2905031012,https://doi.org/10.1021/acscatal.8b04003,2018,"A Comparative Study of Nickel, Cobalt, and Iron Oxyhydroxide Anodes for the Electrochemical Oxidation of 5-Hydroxymethylfurfural to 2,5-Furandicarboxylic Acid"
snapshot_2,Topic_metal_oxide_anodes_2013-2022_Knowledge.txt,296,https://openalex.org/W2416274046,https://doi.org/10.1021/acs.accounts.5b00114,2015,Tin and Tin Compounds for Sodium Ion Battery Anodes: Phase Transformations and Performance
snapshot_2,Topic_metal_oxide_anodes_2013-2022_Knowledge.txt,297,https://openalex.org/W1994498553,https://doi.org/10.1134/s0036024413100178,2013,Bulk density of the energy of deformation in an anodic aluminum oxide with pores filled by threadlike metal nanocrystals
snapshot_2,Topic_metal_oxide_anodes_2013-2022_Knowledge.txt,298,https://openalex.org/W2206021129,https://doi.org/10.1021/acs.chemmater.5b03854,2015,Elastic Properties of the Solid Electrolyte Li<sub>7</sub>La<sub>3</sub>Zr<sub>2</sub>O<sub>12</sub>(LLZO)
snapshot_2,Topic_metal_oxide_anodes_2013-2022_Knowledge.txt,299,https://openalex.org/W3165440630,https://doi.org/10.1002/er.6905,2021,Constructive designing of ternary metal oxide as an anode material for high performance lithium‐ion batteries
snapshot_2,Topic_metal_oxide_anodes_2013-2022_Knowledge.txt,300,https://openalex.org/W2050308476,https://doi.org/10.1021/am5055417,2014,Releasing Metal Catalysts via Phase Transition: (NiO)<sub>0.05</sub>-(SrTi<sub>0.8</sub>Nb<sub>0.2</sub>O<sub>3</sub>)<sub>0.95</sub> as a Redox Stable Anode Material for Solid Oxide Fuel Cells
snapshot_2,Topic_metal_oxide_anodes_2013-2022_Knowledge.txt,301,https://openalex.org/W3217396523,https://doi.org/10.31635/ccschem.021.202101451,2021,Recent Applications of Homogeneous Catalysis in Electrochemical Organic Synthesis
snapshot_2,Topic_metal_oxide_anodes_2013-2022_Knowledge.txt,302,https://openalex.org/W3205694845,https://doi.org/10.1002/advs.202102612,2021,Building Ohmic Contact Interfaces toward Ultrastable Zn Metal Anodes
snapshot_2,Topic_metal_oxide_anodes_2013-2022_Knowledge.txt,303,https://openalex.org/W2621172737,https://doi.org/10.1039/c7nj00540g,2017,Two isomorphous coordination polymer-derived metal oxides as high-performance anodes for lithium-ion batteries
snapshot_2,Topic_metal_oxide_anodes_2013-2022_Knowledge.txt,304,https://openalex.org/W2508693497,https://doi.org/10.1021/acs.est.6b02912,2016,Electrochemical Transformation of Trace Organic Contaminants in Latrine Wastewater
snapshot_2,Topic_metal_oxide_anodes_2013-2022_Knowledge.txt,305,https://openalex.org/W4283012216,https://doi.org/10.1039/d2dt01358d,2022,Growth behavior of Ir metal formed by atomic layer deposition in the nanopores of anodic aluminum oxide
snapshot_2,Topic_metal_oxide_anodes_2013-2022_Knowledge.txt,306,https://openalex.org/W2965742301,https://doi.org/10.1002/adma.201902509,2019,Significance of Engineering the Octahedral Units to Promote the Oxygen Evolution Reaction of Spinel Oxides
snapshot_2,Topic_metal_oxide_anodes_2013-2022_Knowledge.txt,307,https://openalex.org/W2969907550,https://doi.org/10.1002/pssb.201900283,2019,"Functional Multicomponent Metal Oxide Films Based on Sr, Sn, Fe, and Mo in the Anodic Alumina Matrices"
snapshot_2,Topic_metal_oxide_anodes_2013-2022_Knowledge.txt,308,https://openalex.org/W2328611454,https://doi.org/10.1021/es404411p,2013,Electrochemical Conversion of Micropollutants in Gray Water
snapshot_2,Topic_metal_oxide_anodes_2013-2022_Knowledge.txt,309,https://openalex.org/W2280118002,https://doi.org/10.1002/aenm.201502164,2016,From Lithium‐Oxygen to Lithium‐Air Batteries: Challenges and Opportunities
snapshot_2,Topic_metal_oxide_anodes_2013-2022_Knowledge.txt,310,https://openalex.org/W2041957413,https://doi.org/10.1155/2013/898565,2013,Characterization of Metal Oxide-Based Gas Nanosensors and Microsensors Fabricated via Local Anodic Oxidation Using Atomic Force Microscopy
snapshot_2,Topic_metal_oxide_anodes_2013-2022_Knowledge.txt,311,https://openalex.org/W2055940696,https://doi.org/10.5101/nbe.v5i1.p57-64,2013,Recent Progress in Metal Oxide Based Materials as Anode Materials for Lithium- Ion Batteries
snapshot_2,Topic_metal_oxide_anodes_2013-2022_Knowledge.txt,312,https://openalex.org/W3171356407,https://doi.org/10.1088/2053-1591/ac0b0a,2021,The polymer composite electrolyte with polyethylene oxide-grafted graphene oxide as fillers toward stable highcurrent density lithium metal anodes
snapshot_2,Topic_metal_oxide_anodes_2013-2022_Knowledge.txt,313,https://openalex.org/W2995311981,https://doi.org/10.1201/9780367855116-2,2019,Metal Oxide-Based Anode Materials for Lithium-Ion Battery
snapshot_2,Topic_metal_oxide_anodes_2013-2022_Knowledge.txt,314,https://openalex.org/W2971113557,https://doi.org/10.1149/09101.1837ecst,2019,Hydrogen Oxidation Activity of SOFC Anodes with Metal Oxide Addition
snapshot_2,Topic_metal_oxide_anodes_2013-2022_Knowledge.txt,315,https://openalex.org/W3108580534,https://doi.org/10.1002/admi.202001710,2020,Recent Advances of Asymmetric Supercapacitors
snapshot_2,Topic_metal_oxide_anodes_2013-2022_Knowledge.txt,316,https://openalex.org/W3016684340,https://doi.org/10.1039/d0ta02486d,2020,A universal and facile approach to suppress dendrite formation for a Zn and Li metal anode
snapshot_2,Topic_metal_oxide_anodes_2013-2022_Knowledge.txt,317,https://openalex.org/W2317574590,https://doi.org/10.1021/cm504806p,2015,Electrochemical Film Deposition of the Zirconium Metal–Organic Framework UiO-66 and Application in a Miniaturized Sorbent Trap
snapshot_2,Topic_metal_oxide_anodes_2013-2022_Knowledge.txt,318,https://openalex.org/W2268327876,https://doi.org/10.1149/2.0021514jes,2015,Review—Solid Electrolytes in Rechargeable Electrochemical Cells
snapshot_2,Topic_metal_oxide_anodes_2013-2022_Knowledge.txt,319,https://openalex.org/W3082196003,https://doi.org/10.1021/acs.chemmater.0c02398,2020,Long-Term Cyclability of NCM-811 at High Voltages in Lithium-Ion Batteries: an In-Depth Diagnostic Study
snapshot_2,Topic_metal_oxide_anodes_2013-2022_Knowledge.txt,320,https://openalex.org/W2900348949,https://doi.org/10.1002/adma.201804784,2018,Advanced Technologies for High‐Energy Aluminum–Air Batteries
snapshot_2,Topic_metal_oxide_anodes_2013-2022_Knowledge.txt,321,https://openalex.org/W2973616397,https://doi.org/10.1002/advs.201901036,2019,Differentiated Lithium Salt Design for Multilayered PEO Electrolyte Enables a High‐Voltage Solid‐State Lithium Metal Battery
snapshot_2,Topic_metal_oxide_anodes_2013-2022_Knowledge.txt,322,https://openalex.org/W2138747819,https://doi.org/10.1039/c2nr33576j,2013,A facile route to synthesize multiporous MnCo2O4 and CoMn2O4 spinel quasi-hollow spheres with improved lithium storage properties
snapshot_2,Topic_metal_oxide_anodes_2013-2022_Knowledge.txt,323,https://openalex.org/W2517751811,https://doi.org/10.2494/photopolymer.29.547,2016,Semitransparent Inverted Organic Solar Cells Using an Oxide/metal/oxide Transparent Anode
snapshot_2,Topic_metal_oxide_anodes_2013-2022_Knowledge.txt,324,https://openalex.org/W3017043137,https://doi.org/10.1039/d0sc01532f,2020,Electrodeposition of (hydro)oxides for an oxygen evolution electrode
snapshot_2,Topic_metal_oxide_anodes_2013-2022_Knowledge.txt,325,https://openalex.org/W3154106777,N/A,2013,Anodic Growth of Porous Metal Oxides and their Applications
snapshot_2,Topic_metal_oxide_anodes_2013-2022_Knowledge.txt,326,https://openalex.org/W2992705086,https://doi.org/10.1088/1742-6596/1399/2/022017,2019,Electrical switching in metal-oxide-metal structures based on anodic niobium oxide
snapshot_2,Topic_metal_oxide_anodes_2013-2022_Knowledge.txt,327,https://openalex.org/W2203169036,https://doi.org/10.1021/acs.nanolett.5b03776,2015,Controlled Prelithiation of Silicon Monoxide for High Performance Lithium-Ion Rechargeable Full Cells
snapshot_2,Topic_metal_oxide_anodes_2013-2022_Knowledge.txt,328,https://openalex.org/W2530657912,https://doi.org/10.1002/chem.201603160,2016,The Role of Reduced Graphite Oxide in Transition Metal Oxide Nanocomposites Used as Li Anode Material: An Operando Study on CoFe<sub>2</sub>O<sub>4</sub>/rGO
snapshot_2,Topic_metal_oxide_anodes_2013-2022_Knowledge.txt,329,https://openalex.org/W2943822545,https://doi.org/10.1088/2515-7655/ab1ece,2019,Comparison of electrochemical hydrogen oxidation on different metal/ceramic model anodes and mechanistic implications
snapshot_2,Topic_metal_oxide_anodes_2013-2022_Knowledge.txt,330,https://openalex.org/W4292722529,https://doi.org/10.1002/anie.202210753,2022,"Rationally Designing Efficient Electrocatalysts for Direct Seawater Splitting: Challenges, Achievements, and Promises"
snapshot_2,Topic_metal_oxide_anodes_2013-2022_Knowledge.txt,331,https://openalex.org/W2614471096,https://doi.org/10.1002/er.3764,2017,Recent advances in photo-anode for dye-sensitized solar cells: a review
snapshot_2,Topic_metal_oxide_anodes_2013-2022_Knowledge.txt,332,https://openalex.org/W3153528325,https://doi.org/10.1016/j.mtener.2021.100748,2021,Interfacial modification by lithiophilic oxide facilitating uniform and thin solid electrolyte interphase towards stable lithium metal anodes
snapshot_2,Topic_metal_oxide_anodes_2013-2022_Knowledge.txt,333,https://openalex.org/W2619250838,https://doi.org/10.1021/acscatal.7b00876,2017,Efficient H<sub>2</sub> Evolution Coupled with Oxidative Refining of Alcohols via A Hierarchically Porous Nickel Bifunctional Electrocatalyst
snapshot_2,Topic_metal_oxide_anodes_2013-2022_Knowledge.txt,334,https://openalex.org/W2138425634,https://doi.org/10.1149/2.026303jes,2013,"The Electrochemistry of Metallic Nickel: Oxides, Hydroxides, Hydrides and Alkaline Hydrogen Evolution"
snapshot_2,Topic_metal_oxide_anodes_2013-2022_Knowledge.txt,335,https://openalex.org/W2744298902,https://doi.org/10.1002/anie.201703937,2017,Processable and Moldable Sodium‐Metal Anodes
snapshot_2,Topic_metal_oxide_anodes_2013-2022_Knowledge.txt,336,https://openalex.org/W3179122960,https://doi.org/10.1002/aesr.202100102,2021,3D Carbon−Metal Oxide Composite Electrodes on Graphite‐Coated Stainless Steel Substrate as a High‐Performance Anode for Lithium‐Ion Batteries
snapshot_2,Topic_metal_oxide_anodes_2013-2022_Knowledge.txt,337,https://openalex.org/W4225164169,https://doi.org/10.1038/s41467-022-30020-4,2022,Enabling high energy lithium metal batteries via single-crystal Ni-rich cathode material co-doping strategy
snapshot_2,Topic_metal_oxide_anodes_2013-2022_Knowledge.txt,338,https://openalex.org/W3202466241,https://doi.org/10.1038/s41467-021-26056-7,2021,Reversible electrochemical oxidation of sulfur in ionic liquid for high-voltage Al−S batteries
snapshot_2,Topic_metal_oxide_anodes_2013-2022_Knowledge.txt,339,https://openalex.org/W2624885951,https://doi.org/10.1126/science.aal4263,2017,Liquefied gas electrolytes for electrochemical energy storage devices
snapshot_2,Topic_metal_oxide_anodes_2013-2022_Knowledge.txt,340,https://openalex.org/W2773102570,https://doi.org/10.1039/c7ra10633e,2017,Insights into energy-efficient and eco-friendly sealing of anodic aluminum oxide film holes with alkaline earth metal salts
snapshot_2,Topic_metal_oxide_anodes_2013-2022_Knowledge.txt,341,https://openalex.org/W2918739617,https://doi.org/10.1002/anie.201900266,2019,High‐Energy Rechargeable Metallic Lithium Battery at −70 °C Enabled by a Cosolvent Electrolyte
snapshot_2,Topic_metal_oxide_anodes_2013-2022_Knowledge.txt,342,https://openalex.org/W3027135032,https://doi.org/10.1021/acsenergylett.0c00973,2020,Recent Advances in Developing Hybrid Materials for Sodium-Ion Battery Anodes
snapshot_2,Topic_metal_oxide_anodes_2013-2022_Knowledge.txt,343,https://openalex.org/W2093371338,https://doi.org/10.1021/nl504427d,2014,Manganese Oxide/Carbon Yolk–Shell Nanorod Anodes for High Capacity Lithium Batteries
snapshot_2,Topic_metal_oxide_anodes_2013-2022_Knowledge.txt,344,https://openalex.org/W2236314447,https://doi.org/10.1021/jacs.5b08022,2015,A Dual−Ion Battery Cathode via Oxidative Insertion of Anions in a Metal–Organic Framework
snapshot_2,Topic_metal_oxide_anodes_2013-2022_Knowledge.txt,345,https://openalex.org/W2902753526,https://doi.org/10.1126/sciadv.aau8131,2018,Solid electrolyte interphases for high-energy aqueous aluminum electrochemical cells
snapshot_2,Topic_metal_oxide_anodes_2013-2022_Knowledge.txt,346,https://openalex.org/W2596745334,https://doi.org/10.1088/2053-1591/aa6774,2017,Graphene/zinc aluminum mixed metal oxides photo anode for CdS quantum dot-sensitized solar cell
snapshot_2,Topic_metal_oxide_anodes_2013-2022_Knowledge.txt,347,https://openalex.org/W2891830897,https://doi.org/10.1038/s41467-018-06043-1,2018,Dendritic defect-rich palladium–copper–cobalt nanoalloys as robust multifunctional non-platinum electrocatalysts for fuel cells
snapshot_2,Topic_metal_oxide_anodes_2013-2022_Knowledge.txt,348,https://openalex.org/W2561464652,https://doi.org/10.1002/aenm.201602122,2016,A Perovskite Nanorod as Bifunctional Electrocatalyst for Overall Water Splitting
snapshot_2,Topic_metal_oxide_anodes_2013-2022_Knowledge.txt,349,https://openalex.org/W2588303101,https://doi.org/10.1021/acscatal.6b03246,2017,"IrO<sub>2</sub>-TiO<sub>2</sub>: A High-Surface-Area, Active, and Stable Electrocatalyst for the Oxygen Evolution Reaction"
snapshot_2,Topic_metal_oxide_anodes_2013-2022_Knowledge.txt,350,https://openalex.org/W3034608972,https://doi.org/10.1021/acsenergylett.0c00740,2020,"Manganese and Vanadium Oxide Cathodes for Aqueous Rechargeable Zinc-Ion Batteries: A Focused View on Performance, Mechanism, and Developments"
snapshot_2,Topic_metal_oxide_anodes_2013-2022_Knowledge.txt,351,https://openalex.org/W3004673801,https://doi.org/10.3390/catal10020166,2020,Advanced Catalytic Materials for Ethanol Oxidation in Direct Ethanol Fuel Cells
snapshot_2,Topic_metal_oxide_anodes_2013-2022_Knowledge.txt,352,https://openalex.org/W2610840529,https://doi.org/10.1039/c7sc01239j,2017,Design of template-stabilized active and earth-abundant oxygen evolution catalysts in acid
snapshot_2,Topic_metal_oxide_anodes_2013-2022_Knowledge.txt,353,https://openalex.org/W2612843351,https://doi.org/10.1021/acsnano.7b01494,2017,Formation and Inhibition of Metallic Lithium Microstructures in Lithium Batteries Driven by Chemical Crossover
snapshot_2,Topic_metal_oxide_anodes_2013-2022_Knowledge.txt,354,https://openalex.org/W2954476852,https://doi.org/10.1039/c9ta04041b,2019,High-rate capability and long-term cycling of self-assembled hierarchical Fe<sub>3</sub>O<sub>4</sub>/carbon hollow spheres through interfacial control
snapshot_2,Topic_metal_oxide_anodes_2013-2022_Knowledge.txt,355,https://openalex.org/W2806931676,https://doi.org/10.1002/adma.201801213,2018,A Scalable Approach to Dendrite‐Free Lithium Anodes via Spontaneous Reduction of Spray‐Coated Graphene Oxide Layers
snapshot_2,Topic_metal_oxide_anodes_2013-2022_Knowledge.txt,356,https://openalex.org/W2334897433,https://doi.org/10.1021/am504144d,2014,Surfactant-Assisted Synthesis of Fe<sub>2</sub>O<sub>3</sub>Nanoparticles and F-Doped Carbon Modification toward an Improved Fe<sub>3</sub>O<sub>4</sub>@CF<sub><i>x</i></sub>/LiNi<sub>0.5</sub>Mn<sub>1.5</sub>O<sub>4</sub>Battery
snapshot_2,Topic_metal_oxide_anodes_2013-2022_Knowledge.txt,357,https://openalex.org/W3081565548,https://doi.org/10.1080/01614940.2020.1802811,2020,A comprehensive and critical review on recent progress in anode catalyst for methanol oxidation reaction
snapshot_2,Topic_metal_oxide_anodes_2013-2022_Knowledge.txt,358,https://openalex.org/W2982656561,https://doi.org/10.1063/1.5130339,2019,Photovoltaic studies of hybrid metal oxide semiconductors as photo anode in dye sensitized solar cells
snapshot_2,Topic_metal_oxide_anodes_2013-2022_Knowledge.txt,359,https://openalex.org/W2900986022,https://doi.org/10.1039/c8cc07026a,2018,Improving the electrochemical performance of Li<sub>4</sub>Ti<sub>5</sub>O<sub>12</sub> anode by phosphorus reduction at a relatively low temperature
snapshot_2,Topic_metal_oxide_anodes_2013-2022_Knowledge.txt,360,https://openalex.org/W2792032508,https://doi.org/10.1134/s207511331801015x,2018,Metal-Ceramic Composites Based on Iron Oxide for Low-Consumption Anode during Electrolytic Extraction of Aluminum
snapshot_2,Topic_metal_oxide_anodes_2013-2022_Knowledge.txt,361,https://openalex.org/W2807669782,https://doi.org/10.1021/acsenergylett.8b00609,2018,Electrode Materials of Sodium-Ion Batteries toward Practical Application
snapshot_2,Topic_metal_oxide_anodes_2013-2022_Knowledge.txt,362,https://openalex.org/W2790804029,https://doi.org/10.1002/adfm.201706777,2018,All‐Carbon‐Electrode‐Based Endurable Flexible Perovskite Solar Cells
snapshot_2,Topic_metal_oxide_anodes_2013-2022_Knowledge.txt,363,https://openalex.org/W2911584947,https://doi.org/10.1002/adma.201806082,2019,Self‐Suppression of Lithium Dendrite in All‐Solid‐State Lithium Metal Batteries with Poly(vinylidene difluoride)‐Based Solid Electrolytes
snapshot_2,Topic_metal_oxide_anodes_2013-2022_Knowledge.txt,364,https://openalex.org/W3112909335,https://doi.org/10.1002/anie.202015238,2020,Lithium‐Metal Anode Instability of the Superionic Halide Solid Electrolytes and the Implications for Solid‐State Batteries
snapshot_2,Topic_metal_oxide_anodes_2013-2022_Knowledge.txt,365,https://openalex.org/W2327642271,https://doi.org/10.1021/nl4034818,2013,"High-Modulus, High-Conductivity Nanostructured Polymer Electrolyte Membranes via Polymerization-Induced Phase Separation"
snapshot_2,Topic_metal_oxide_anodes_2013-2022_Knowledge.txt,366,https://openalex.org/W2531769711,https://doi.org/10.1021/acscatal.6b01879,2016,Probing the Mechanism of Aqueous CO<sub>2</sub> Reduction on Post-Transition-Metal Electrodes using ATR-IR Spectroelectrochemistry
snapshot_2,Topic_metal_oxide_anodes_2013-2022_Knowledge.txt,367,https://openalex.org/W2783891392,https://doi.org/10.1021/acscatal.7b03152,2018,"Copper-Based Catalytic Anodes To Produce 2,5-Furandicarboxylic Acid, a Biomass-Derived Alternative to Terephthalic Acid"
snapshot_2,Topic_metal_oxide_anodes_2013-2022_Knowledge.txt,368,https://openalex.org/W2054935674,https://doi.org/10.1039/c3nr06084e,2014,"General synthesis of noble metal (Au, Ag, Pd, Pt) nanocrystal modified MoS<sub>2</sub> nanosheets and the enhanced catalytic activity of Pd–MoS<sub>2</sub> for methanol oxidation"
snapshot_2,Topic_metal_oxide_anodes_2013-2022_Knowledge.txt,369,https://openalex.org/W4291021001,https://doi.org/10.1021/jacs.2c05403,2022,Highly Selective Electrocatalytic Oxidation of Amines to Nitriles Assisted by Water Oxidation on Metal-Doped α-Ni(OH)<sub>2</sub>
snapshot_2,Topic_metal_oxide_anodes_2013-2022_Knowledge.txt,370,https://openalex.org/W3024703486,https://doi.org/10.3762/bjnano.11.64,2020,A set of empirical equations describing the observed colours of metal–anodic aluminium oxide–Al nanostructures
snapshot_2,Topic_metal_oxide_anodes_2013-2022_Knowledge.txt,371,https://openalex.org/W3087439820,https://doi.org/10.1002/adfm.202005073,2020,"Long Cycle Life, Highly Ordered SnO<sub>2</sub>/GeO<sub>2</sub> Nanocomposite Inverse Opal Anode Materials for Li‐Ion Batteries"
snapshot_2,Topic_metal_oxide_anodes_2013-2022_Knowledge.txt,372,https://openalex.org/W2991313304,https://doi.org/10.1149/2.0171911jss,2019,Theory of The Oxidation of Metals and Semiconductors: The Phenomenon of Isoparametric Generation of Nonstoichiometric Point Defects in Anodic Oxide Films
snapshot_2,Topic_metal_oxide_anodes_2013-2022_Knowledge.txt,373,https://openalex.org/W2328061074,https://doi.org/10.1021/nl402741j,2013,Controllable Growth of Conducting Polymers Shell for Constructing High-Quality Organic/Inorganic Core/Shell Nanostructures and Their Optical-Electrochemical Properties
snapshot_2,Topic_metal_oxide_anodes_2013-2022_Knowledge.txt,374,https://openalex.org/W3142735106,N/A,2013,Metal oxide/graphene composite anode materials for lithium-ion batteries
snapshot_2,Topic_metal_oxide_anodes_2013-2022_Knowledge.txt,375,https://openalex.org/W3026312933,https://doi.org/10.1002/adma.202001741,2020,High‐Safety and High‐Energy‐Density Lithium Metal Batteries in a Novel Ionic‐Liquid Electrolyte
snapshot_2,Topic_metal_oxide_anodes_2013-2022_Knowledge.txt,376,https://openalex.org/W2756623587,https://doi.org/10.1002/aenm.201701347,2017,Eutectic‐Derived Mesoporous Ni‐Fe‐O Nanowire Network Catalyzing Oxygen Evolution and Overall Water Splitting
snapshot_2,Topic_metal_oxide_anodes_2013-2022_Knowledge.txt,377,https://openalex.org/W3094183005,https://doi.org/10.1007/s41825-020-00029-8,2020,"Review of solid oxide fuel cell materials: cathode, anode, and electrolyte"
snapshot_2,Topic_metal_oxide_anodes_2013-2022_Knowledge.txt,378,https://openalex.org/W2939348412,https://doi.org/10.1002/celc.201900289,2019,Electrochemical Characteristics of Cobaltosic Oxide in Organic Electrolyte According to Bode Plots: Double‐Layer Capacitance and Pseudocapacitance
snapshot_2,Topic_metal_oxide_anodes_2013-2022_Knowledge.txt,379,https://openalex.org/W2511522550,https://doi.org/10.1039/c6cp04097g,2016,A bubble-template approach for assembling Ni–Co oxide hollow microspheres with an enhanced electrochemical performance as an anode for lithium ion batteries
snapshot_2,Topic_metal_oxide_anodes_2013-2022_Knowledge.txt,380,https://openalex.org/W3042005183,https://doi.org/10.1002/adma.202000223,2020,In Situ Construction of a LiF‐Enriched Interface for Stable All‐Solid‐State Batteries and its Origin Revealed by Cryo‐TEM
snapshot_2,Topic_metal_oxide_anodes_2013-2022_Knowledge.txt,381,https://openalex.org/W2635931468,https://doi.org/10.1021/acsami.7b07024,2017,Oxide Film Efficiently Suppresses Dendrite Growth in Aluminum-Ion Battery
snapshot_2,Topic_metal_oxide_anodes_2013-2022_Knowledge.txt,382,https://openalex.org/W2343670294,https://doi.org/10.1149/07209.0011ecst,2016,Molten Salt Synthesis of Transition Metal Oxides doped Li<sub>4</sub>Ti<sub>5</sub>O<sub>12</sub> as Anode Material of Li-Ion Battery
snapshot_2,Topic_metal_oxide_anodes_2013-2022_Knowledge.txt,383,https://openalex.org/W2885391066,https://doi.org/10.3390/ma11081368,2018,Electrochemical Impedance Spectroscopy as a Diagnostic Tool in Polymer Electrolyte Membrane Electrolysis
snapshot_2,Topic_metal_oxide_anodes_2013-2022_Knowledge.txt,384,https://openalex.org/W2811093880,https://doi.org/10.1186/s11671-018-2597-z,2018,"A Review on the Electrochemically Self-organized Titania Nanotube Arrays: Synthesis, Modifications, and Biomedical Applications"
snapshot_2,Topic_metal_oxide_anodes_2013-2022_Knowledge.txt,385,https://openalex.org/W2128044101,https://doi.org/10.3390/ma6072892,2013,Self-Ordered Titanium Dioxide Nanotube Arrays: Anodic Synthesis and Their Photo/Electro-Catalytic Applications
snapshot_2,Topic_metal_oxide_anodes_2013-2022_Knowledge.txt,386,https://openalex.org/W2997649224,https://doi.org/10.1002/anie.201914250,2019,Enabling High‐Voltage Lithium Metal Batteries by Manipulating Solvation Structure in Ester Electrolyte
snapshot_2,Topic_metal_oxide_anodes_2013-2022_Knowledge.txt,387,https://openalex.org/W4252942229,https://doi.org/10.1039/c3ta13975a,2013,Hydrogenated under-stoichiometric tungsten oxide anode interlayers for efficient and stable organic photovoltaics
snapshot_2,Topic_metal_oxide_anodes_2013-2022_Knowledge.txt,388,https://openalex.org/W2545922071,https://doi.org/10.1021/acsami.6b09444,2016,Amorphous Fe<sub>2</sub>O<sub>3</sub>/Graphene Composite Nanosheets with Enhanced Electrochemical Performance for Sodium-Ion Battery
snapshot_2,Topic_metal_oxide_anodes_2013-2022_Knowledge.txt,389,https://openalex.org/W3160225724,https://doi.org/10.1002/adma.202008619,2021,Dual‐Solvent Li‐Ion Solvation Enables High‐Performance Li‐Metal Batteries
snapshot_2,Topic_metal_oxide_anodes_2013-2022_Knowledge.txt,390,https://openalex.org/W1997062218,https://doi.org/10.1039/c3cs60327j,2014,The electrochemical reduction processes of solid compounds in high temperature molten salts
snapshot_2,Topic_metal_oxide_anodes_2013-2022_Knowledge.txt,391,https://openalex.org/W3106740763,https://doi.org/10.1002/adma.202002325,2020,All‐Solid‐State Batteries with a Limited Lithium Metal Anode at Room Temperature using a Garnet‐Based Electrolyte
snapshot_2,Topic_metal_oxide_anodes_2013-2022_Knowledge.txt,392,https://openalex.org/W2172128566,https://doi.org/10.1039/c3ra42684j,2013,Gold dissolution: towards understanding of noble metal corrosion
snapshot_2,Topic_metal_oxide_anodes_2013-2022_Knowledge.txt,393,https://openalex.org/W2136403239,https://doi.org/10.1039/c4cp02475c,2014,Small things make a big difference: binder effects on the performance of Li and Na batteries
snapshot_2,Topic_metal_oxide_anodes_2013-2022_Knowledge.txt,394,https://openalex.org/W2772872046,https://doi.org/10.1002/smll.201702648,2017,Metal–Organic Framework‐Derived Materials for Sodium Energy Storage
snapshot_2,Topic_metal_oxide_anodes_2013-2022_Knowledge.txt,395,https://openalex.org/W3021362005,https://doi.org/10.1021/acsnano.0c00712,2020,"Self-Templating Synthesis of Hollow Co<sub>3</sub>O<sub>4</sub> Nanoparticles Embedded in N,S-Dual-Doped Reduced Graphene Oxide for Lithium Ion Batteries"
snapshot_2,Topic_metal_oxide_anodes_2013-2022_Knowledge.txt,396,https://openalex.org/W4214809922,https://doi.org/10.1002/adfm.202111205,2022,Advanced Materials for Thin‐Film Solid Oxide Fuel Cells: Recent Progress and Challenges in Boosting the Device Performance at Low Temperatures
snapshot_2,Topic_metal_oxide_anodes_2013-2022_Knowledge.txt,397,https://openalex.org/W4243116311,https://doi.org/10.1002/pssb.202070018,2020,"Functional Multicomponent Metal Oxide Films Based on Sr, Sn, Fe, and Mo in the Anodic Alumina Matrices"
snapshot_2,Topic_metal_oxide_anodes_2013-2022_Knowledge.txt,398,https://openalex.org/W3086189837,https://doi.org/10.1039/d0cs00867b,2020,Tutorial review on structure – dendrite growth relations in metal battery anode supports
snapshot_2,Topic_metal_oxide_anodes_2013-2022_Knowledge.txt,399,https://openalex.org/W4200317775,https://doi.org/10.1021/jacs.1c08890,2021,Atomic Metal–Support Interaction Enables Reconstruction-Free Dual-Site Electrocatalyst
snapshot_2,Topic_metal_oxide_anodes_2013-2022_Knowledge.txt,400,https://openalex.org/W2997822877,https://doi.org/10.1021/acs.accounts.9b00513,2019,Anodic Oxidation for the Stereoselective Synthesis of Heterocycles
snapshot_2,Topic_metal_oxide_anodes_2013-2022_Knowledge.txt,401,https://openalex.org/W3033001288,https://doi.org/10.3390/cmd1010010,2020,Corrosion of Carbon Steel in Marine Environments: Role of the Corrosion Product Layer
snapshot_2,Topic_metal_oxide_anodes_2013-2022_Knowledge.txt,402,https://openalex.org/W4290672582,https://doi.org/10.1038/s41560-022-01083-w,2022,Size effects and active state formation of cobalt oxide nanoparticles during the oxygen evolution reaction
snapshot_2,Topic_metal_oxide_anodes_2013-2022_Knowledge.txt,403,https://openalex.org/W3009905348,https://doi.org/10.1039/d0ra00255k,2020,A new spinel high-entropy oxide (Mg<sub>0.2</sub>Ti<sub>0.2</sub>Zn<sub>0.2</sub>Cu<sub>0.2</sub>Fe<sub>0.2</sub>)<sub>3</sub>O<sub>4</sub> with fast reaction kinetics and excellent stability as an anode material for lithium ion batteries
snapshot_2,Topic_metal_oxide_anodes_2013-2022_Knowledge.txt,404,https://openalex.org/W3047994841,https://doi.org/10.1002/anie.202008514,2020,Adaptive Bifunctional Electrocatalyst of Amorphous CoFe Oxide @ 2D Black Phosphorus for Overall Water Splitting
snapshot_2,Topic_metal_oxide_anodes_2013-2022_Knowledge.txt,405,https://openalex.org/W2409298336,https://doi.org/10.1021/acsami.5b02978,2015,Three-Dimensional Crumpled Reduced Graphene Oxide/MoS<sub>2</sub> Nanoflowers: A Stable Anode for Lithium-Ion Batteries
snapshot_2,Topic_metal_oxide_anodes_2013-2022_Knowledge.txt,406,https://openalex.org/W2810576421,https://doi.org/10.1002/advs.201800714,2018,Phototunable Biomemory Based on Light‐Mediated Charge Trap
snapshot_2,Topic_metal_oxide_anodes_2013-2022_Knowledge.txt,407,https://openalex.org/W3186766097,https://doi.org/10.1002/anie.202107510,2021,MnO<sub>2</sub> Electrocatalysts Coordinating Alcohol Oxidation for Ultra‐Durable Hydrogen and Chemical Productions in Acidic Solutions
snapshot_2,Topic_metal_oxide_anodes_2013-2022_Knowledge.txt,408,https://openalex.org/W2107053191,https://doi.org/10.1002/cssc.201402089,2014,Nanostructured Tungsten Trioxide Thin Films Synthesized for Photoelectrocatalytic Water Oxidation: A review
snapshot_2,Topic_metal_oxide_anodes_2013-2022_Knowledge.txt,409,https://openalex.org/W1968019977,https://doi.org/10.1039/c3nr05192g,2013,Hollow/porous nanostructures derived from nanoscale metal–organic frameworks towards high performance anodes for lithium-ion batteries
snapshot_2,Topic_metal_oxide_anodes_2013-2022_Knowledge.txt,410,https://openalex.org/W4284697666,https://doi.org/10.31613/ceramist.2022.25.2.03,2022,Conversion reaction-based transition metal oxides as anode materials for lithium ion batteries: recent progress and future prospects
snapshot_2,Topic_metal_oxide_anodes_2013-2022_Knowledge.txt,411,https://openalex.org/W3112838903,https://doi.org/10.1002/batt.202000269,2020,Cover Feature: Exploring Lithium Storage Mechanism and Cycling Stability of Bi<sub>2</sub>Mo<sub>3</sub>O<sub>12</sub> Binary Metal Oxide Anode Composited with Ti<sub>3</sub>C<sub>2</sub> MXene (Batteries &amp; Supercaps 12/2020)
snapshot_2,Topic_metal_oxide_anodes_2013-2022_Knowledge.txt,412,https://openalex.org/W2504074638,https://doi.org/10.1002/aenm.201601057,2016,Ice Templated Free‐Standing Hierarchically WS<sub>2</sub>/CNT‐rGO Aerogel for High‐Performance Rechargeable Lithium and Sodium Ion Batteries
snapshot_2,Topic_metal_oxide_anodes_2013-2022_Knowledge.txt,413,https://openalex.org/W3196117361,https://doi.org/10.1039/d1sc04011a,2021,Transition metal-catalyzed organic reactions in undivided electrochemical cells
snapshot_2,Topic_metal_oxide_anodes_2013-2022_Knowledge.txt,414,https://openalex.org/W2413949272,https://doi.org/10.1021/acsami.5b06385,2015,Vanadium Sulfide on Reduced Graphene Oxide Layer as a Promising Anode for Sodium Ion Battery
snapshot_2,Topic_metal_oxide_anodes_2013-2022_Knowledge.txt,415,https://openalex.org/W2261937718,https://doi.org/10.1021/acscentsci.5b00402,2016,TiO<sub>2</sub>/BiVO<sub>4</sub> Nanowire Heterostructure Photoanodes Based on Type II Band Alignment
snapshot_2,Topic_metal_oxide_anodes_2013-2022_Knowledge.txt,416,https://openalex.org/W2321089945,https://doi.org/10.1002/anie.201600647,2016,A Pd/C‐CeO<sub>2</sub> Anode Catalyst for High‐Performance Platinum‐Free Anion Exchange Membrane Fuel Cells
snapshot_2,Topic_metal_oxide_anodes_2013-2022_Knowledge.txt,417,https://openalex.org/W2466486029,https://doi.org/10.1021/jacs.6b05196,2016,Oxidatively Electrodeposited Thin-Film Transition Metal (Oxy)hydroxides as Oxygen Evolution Catalysts
snapshot_2,Topic_metal_oxide_anodes_2013-2022_Knowledge.txt,418,https://openalex.org/W2151488581,https://doi.org/10.1002/aenm.201200953,2013,Rationally Designed Hierarchical TiO<sub>2</sub>@Fe<sub>2</sub>O<sub>3</sub> Hollow Nanostructures for Improved Lithium Ion Storage
snapshot_2,Topic_metal_oxide_anodes_2013-2022_Knowledge.txt,419,https://openalex.org/W2761914552,https://doi.org/10.1021/acs.chemmater.7b02301,2017,Mechanical and Thermal Failure Induced by Contact between a Li<sub>1.5</sub>Al<sub>0.5</sub>Ge<sub>1.5</sub>(PO<sub>4</sub>)<sub>3</sub> Solid Electrolyte and Li Metal in an All Solid-State Li Cell
snapshot_2,Topic_metal_oxide_anodes_2013-2022_Knowledge.txt,420,https://openalex.org/W2892049740,https://doi.org/10.1039/c8nj04117b,2018,NMOF self-templating synthesis of hollow porous metal oxides for enhanced lithium-ion battery anodes
snapshot_2,Topic_metal_oxide_anodes_2013-2022_Knowledge.txt,421,https://openalex.org/W2883163356,https://doi.org/10.1021/acs.est.8b01705,2018,Removal and Recovery of Heavy Metal Ions by Two-dimensional MoS<sub>2</sub> Nanosheets: Performance and Mechanisms
snapshot_2,Topic_metal_oxide_anodes_2013-2022_Knowledge.txt,422,https://openalex.org/W2003775714,https://doi.org/10.1021/jz501828v,2014,Fast Solid-State Li Ion Conducting Garnet-Type Structure Metal Oxides for Energy Storage
snapshot_2,Topic_metal_oxide_anodes_2013-2022_Knowledge.txt,423,https://openalex.org/W2970449063,https://doi.org/10.1149/09101.0931ecst,2019,Development of Thin-Film Solid Oxide Fuel Cells Supported on Anode/Metal Substrates
snapshot_2,Topic_metal_oxide_anodes_2013-2022_Knowledge.txt,424,https://openalex.org/W3172919695,https://doi.org/10.21926/jept.2102024,2021,"Performance Investigation of a Nickel Cermet Anode Modified with Copper, Alkaline Earth Metal Oxide, Boron, and Perovskite for Direct Methane Fuel Cell"
snapshot_2,Topic_metal_oxide_anodes_2013-2022_Knowledge.txt,425,https://openalex.org/W2335435803,https://doi.org/10.1039/c6ra01645f,2016,Facile synthesis of Fe-MOF/RGO and its application as a high performance anode in lithium-ion batteries
snapshot_2,Topic_metal_oxide_anodes_2013-2022_Knowledge.txt,426,https://openalex.org/W2608421663,https://doi.org/10.1149/07801.2151ecst,2017,Distribution of Relaxation Times Analysis for Optimization of Anode Thickness in Metal-Supported Microtubular Solid Oxide Fuel Cells
snapshot_2,Topic_metal_oxide_anodes_2013-2022_Knowledge.txt,427,https://openalex.org/W2401817041,https://doi.org/10.1021/acsami.5b06548,2015,In Situ Transmission Electron Microscopy Observation of the Lithiation–Delithiation Conversion Behavior of CuO/Graphene Anode
snapshot_2,Topic_metal_oxide_anodes_2013-2022_Knowledge.txt,428,https://openalex.org/W2322456745,https://doi.org/10.1149/06422.0155ecst,2015,Carbon-Nanofibers Encapsulated Metal Oxide Nanocomposite and Its Application as Conversion Anode Material for Lithium Ion Batteries
snapshot_2,Topic_metal_oxide_anodes_2013-2022_Knowledge.txt,429,https://openalex.org/W2806230023,https://doi.org/10.1021/acscatal.8b00689,2018,Electrocatalysts for Hydrogen Oxidation Reaction in Alkaline Electrolytes
snapshot_2,Topic_metal_oxide_anodes_2013-2022_Knowledge.txt,430,https://openalex.org/W4206505025,https://doi.org/10.1002/smtd.202101564,2022,Impact of the Transition Metal Dopant in Zinc Oxide Lithium‐Ion Anodes on the Solid Electrolyte Interphase Formation
snapshot_2,Topic_metal_oxide_anodes_2013-2022_Knowledge.txt,431,https://openalex.org/W3120273689,https://doi.org/10.1007/s12598-020-01630-y,2021,High‐pseudocapacitance of porous and square NiO@NC nanosheets for high‐performance lithium‐ion batteries
snapshot_2,Topic_metal_oxide_anodes_2013-2022_Knowledge.txt,432,https://openalex.org/W2800185444,https://doi.org/10.1021/acs.jpcc.8b01318,2018,Water Oxidation Catalysis via Size-Selected Iridium Clusters
snapshot_2,Topic_metal_oxide_anodes_2013-2022_Knowledge.txt,433,https://openalex.org/W2302499730,https://doi.org/10.1126/sciadv.1501554,2016,RETRACTED: A universal cooperative assembly-directed method for coating of mesoporous TiO <sub>2</sub> nanoshells with enhanced lithium storage properties
snapshot_2,Topic_metal_oxide_anodes_2013-2022_Knowledge.txt,434,https://openalex.org/W2989990727,https://doi.org/10.1021/acscatal.9b03892,2019,"Catalytic Advantages, Challenges, and Priorities in Alkaline Membrane Fuel Cells"
snapshot_2,Topic_metal_oxide_anodes_2013-2022_Knowledge.txt,435,https://openalex.org/W2984501898,https://doi.org/10.1021/acssuschemeng.9b05003,2019,High-Performance Graphite Recovered from Spent Lithium-Ion Batteries
snapshot_2,Topic_metal_oxide_anodes_2013-2022_Knowledge.txt,436,https://openalex.org/W2324518336,https://doi.org/10.1021/acs.nanolett.5b00112,2015,Slurryless Li<sub>2</sub>S/Reduced Graphene Oxide Cathode Paper for High-Performance Lithium Sulfur Battery
snapshot_2,Topic_metal_oxide_anodes_2013-2022_Knowledge.txt,437,https://openalex.org/W2687587521,https://doi.org/10.1149/ma2017-02/4/415,2017,Electrodeposition of Metal Oxide Nanoparticles for Li-Ion Battery Anodes
snapshot_2,Topic_metal_oxide_anodes_2013-2022_Knowledge.txt,438,https://openalex.org/W3006083510,https://doi.org/10.1002/eem2.12064,2020,Advances in Porous Perovskites: Synthesis and Electrocatalytic Performance in Fuel Cells and Metal–Air Batteries
snapshot_2,Topic_metal_oxide_anodes_2013-2022_Knowledge.txt,439,https://openalex.org/W2143904353,https://doi.org/10.1039/c4nr06321j,2015,Nano electrochemical reactors of Fe<sub>2</sub>O<sub>3</sub>nanoparticles embedded in shells of nitrogen-doped hollow carbon spheres as high-performance anodes for lithium-ion batteries
snapshot_2,Topic_metal_oxide_anodes_2013-2022_Knowledge.txt,440,https://openalex.org/W2749737227,https://doi.org/10.1021/acs.langmuir.7b02284,2017,The Role of Cathodic Current in Plasma Electrolytic Oxidation of Aluminum: Phenomenological Concepts of the “Soft Sparking” Mode
snapshot_2,Topic_metal_oxide_anodes_2013-2022_Knowledge.txt,441,https://openalex.org/W1488981390,https://doi.org/10.1155/2015/104673,2015,Aging Mechanisms of Electrode Materials in Lithium‐Ion Batteries for Electric Vehicles
snapshot_2,Topic_metal_oxide_anodes_2013-2022_Knowledge.txt,442,https://openalex.org/W2920614882,https://doi.org/10.1016/j.ijhydene.2019.01.223,2019,SOFC anodes impregnated with noble metal catalyst nanoparticles for high fuel utilization
snapshot_2,Topic_metal_oxide_anodes_2013-2022_Knowledge.txt,443,https://openalex.org/W2971281674,https://doi.org/10.1073/pnas.1907507116,2019,High-performance all-solid-state batteries enabled by salt bonding to perovskite in poly(ethylene oxide)
snapshot_2,Topic_metal_oxide_anodes_2013-2022_Knowledge.txt,444,https://openalex.org/W4283068543,https://doi.org/10.1002/anie.202208291,2022,Weak Cation–Solvent Interactions in Ether‐Based Electrolytes Stabilizing Potassium‐ion Batteries
snapshot_2,Topic_metal_oxide_anodes_2013-2022_Knowledge.txt,445,https://openalex.org/W2263765714,https://doi.org/10.1149/06801.1541ecst,2015,In-Situ Exsolution of Nano Transition Metal Particles on Lanthanum Chromite Perovskite Anode for Solid Oxide Fuel Cells
snapshot_2,Topic_metal_oxide_anodes_2013-2022_Knowledge.txt,446,https://openalex.org/W2555761585,https://doi.org/10.1021/acsnano.6b06828,2016,Multiscale Hyperporous Silicon Flake Anodes for High Initial Coulombic Efficiency and Cycle Stability
snapshot_2,Topic_metal_oxide_anodes_2013-2022_Knowledge.txt,447,https://openalex.org/W2053978814,https://doi.org/10.1039/c4cp03151b,2014,Electrocatalysis of formic acid on palladium and platinum surfaces: from fundamental mechanisms to fuel cell applications
snapshot_2,Topic_metal_oxide_anodes_2013-2022_Knowledge.txt,448,https://openalex.org/W2753090655,https://doi.org/10.1002/adfm.201703390,2017,In Situ Construction of 3D Interconnected FeS@Fe<sub>3</sub>C@Graphitic Carbon Networks for High‐Performance Sodium‐Ion Batteries
snapshot_2,Topic_metal_oxide_anodes_2013-2022_Knowledge.txt,449,https://openalex.org/W2158703102,https://doi.org/10.1039/c3ee42646g,2013,Self-supported Li4Ti5O12 nanosheet arrays for lithium ion batteries with excellent rate capability and ultralong cycle life
snapshot_2,Topic_metal_oxide_anodes_2013-2022_Knowledge.txt,450,https://openalex.org/W3208653482,https://doi.org/10.1002/cssc.202101898,2021,Research Progress of Oxygen Evolution Reaction Catalysts for Electrochemical Water Splitting
snapshot_2,Topic_metal_oxide_anodes_2013-2022_Knowledge.txt,451,https://openalex.org/W2899767071,https://doi.org/10.1021/acsaem.8b01408,2018,Nanosized Amorphous SnO<sub>2</sub> Particles Anchored in the Wheat Straw Carbon Substrate as the Stabilized Anode Material of Lithium-Ion Batteries
snapshot_2,Topic_metal_oxide_anodes_2013-2022_Knowledge.txt,452,https://openalex.org/W4309588079,https://doi.org/10.3390/en15238791,2022,Insights into Enhancing Electrochemical Performance of Li-Ion Battery Anodes via Polymer Coating
snapshot_2,Topic_metal_oxide_anodes_2013-2022_Knowledge.txt,453,https://openalex.org/W2561747887,https://doi.org/10.1002/anie.201610432,2016,Morphology‐Directed Selective Production of Ethylene or Ethane from CO<sub>2</sub> on a Cu Mesopore Electrode
snapshot_2,Topic_metal_oxide_anodes_2013-2022_Knowledge.txt,454,https://openalex.org/W3006949051,https://doi.org/10.1021/acsanm.9b02230,2020,Iridium Oxide Catalyst Supported on Antimony-Doped Tin Oxide for High Oxygen Evolution Reaction Activity in Acidic Media
snapshot_2,Topic_metal_oxide_anodes_2013-2022_Knowledge.txt,455,https://openalex.org/W2321654307,https://doi.org/10.1021/cm500512n,2014,Ultrathin Lithium-Ion Conducting Coatings for Increased Interfacial Stability in High Voltage Lithium-Ion Batteries
snapshot_2,Topic_metal_oxide_anodes_2013-2022_Knowledge.txt,456,https://openalex.org/W2886983906,https://doi.org/10.1002/eem2.12009,2018,Nanostructured Anode Materials for Non‐aqueous Lithium Ion Hybrid Capacitors
snapshot_2,Topic_metal_oxide_anodes_2013-2022_Knowledge.txt,457,https://openalex.org/W2326937692,https://doi.org/10.1021/nn403720p,2013,<i>In Situ</i>Transmission Electron Microscopy Observation of the Conversion Mechanism of Fe<sub>2</sub>O<sub>3</sub>/Graphene Anode during Lithiation–Delithiation Processes
snapshot_2,Topic_metal_oxide_anodes_2013-2022_Knowledge.txt,458,https://openalex.org/W2406950044,https://doi.org/10.1149/06801.1361ecst,2015,Performance Factors and Sulfur Tolerance of Metal Supported Solid Oxide Fuel Cells with Nanostructured Ni:GDC Infiltrated Anodes
snapshot_2,Topic_metal_oxide_anodes_2013-2022_Knowledge.txt,459,https://openalex.org/W4206172760,https://doi.org/10.1021/acs.chemrev.1c00594,2022,Antiperovskite Electrolytes for Solid-State Batteries
snapshot_2,Topic_metal_oxide_anodes_2013-2022_Knowledge.txt,460,https://openalex.org/W953985103,https://doi.org/10.2147/rie.s65118,2015,Microwave-assisted synthesis of graphene nanocomposites: recent developments on lithium-ion batteries
snapshot_2,Topic_metal_oxide_anodes_2013-2022_Knowledge.txt,461,https://openalex.org/W2762541131,https://doi.org/10.1021/acsomega.7b01146,2017,General Strategy for Integrated SnO<sub>2</sub>/Metal Oxides as Biactive Lithium-Ion Battery Anodes with Ultralong Cycling Life
snapshot_2,Topic_metal_oxide_anodes_2013-2022_Knowledge.txt,462,https://openalex.org/W2972001127,https://doi.org/10.1155/2019/6170967,2019,Using Electrode Made of Carbon Nanotubes and Bismuth Oxide for the Determination of Metal Concentration by Anodic Stripping Voltammetry
snapshot_2,Topic_metal_oxide_anodes_2013-2022_Knowledge.txt,463,https://openalex.org/W2755033455,N/A,2014,Development and Characterization of Nickel and Yttria-stabilized Zirconia Anodes for Metal-Supported Solid Oxide Fuel Cells Fabricated by Atmospheric Plasma Spraying
snapshot_2,Topic_metal_oxide_anodes_2013-2022_Knowledge.txt,464,https://openalex.org/W3202492999,https://doi.org/10.1038/s41467-021-26119-9,2021,In-situ anodic precipitation process for highly efficient separation of aluminum alloys
snapshot_2,Topic_metal_oxide_anodes_2013-2022_Knowledge.txt,465,https://openalex.org/W2011120719,https://doi.org/10.1134/s102319351411007x,2014,Growth of anodic oxide films on iron-triad metal monosilicides in sulfuric acid electrolyte
snapshot_2,Topic_metal_oxide_anodes_2013-2022_Knowledge.txt,466,https://openalex.org/W4224229754,https://doi.org/10.1021/jacs.1c08152,2022,Spectroelectrochemical Analysis of the Water Oxidation Mechanism on Doped Nickel Oxides
snapshot_2,Topic_metal_oxide_anodes_2013-2022_Knowledge.txt,467,https://openalex.org/W1987341081,https://doi.org/10.1021/am404862v,2014,One-Step Calcination-Free Synthesis of Multicomponent Spinel Assembled Microspheres for High-Performance Anodes of Li-Ion Batteries: A Case Study of MnCo<sub>2</sub>O<sub>4</sub>
snapshot_2,Topic_metal_oxide_anodes_2013-2022_Knowledge.txt,468,https://openalex.org/W2801010185,https://doi.org/10.1021/acs.chemmater.8b01077,2018,Facilitating the Operation of Lithium-Ion Cells with High-Nickel Layered Oxide Cathodes with a Small Dose of Aluminum
snapshot_2,Topic_metal_oxide_anodes_2013-2022_Knowledge.txt,469,https://openalex.org/W4293659980,https://doi.org/10.1039/d2ya00148a,2022,A metal-free reduced graphene oxide coupled covalent imine network as an anode material for lithium-ion batteries
snapshot_2,Topic_metal_oxide_anodes_2013-2022_Knowledge.txt,470,https://openalex.org/W2158025640,https://doi.org/10.1002/adfm.201400178,2014,Tailoring the Void Size of Iron Oxide@Carbon Yolk–Shell Structure for Optimized Lithium Storage
snapshot_2,Topic_metal_oxide_anodes_2013-2022_Knowledge.txt,471,https://openalex.org/W3108449257,https://doi.org/10.1002/smll.202003916,2020,Recent Progress on NiFe‐Based Electrocatalysts for the Oxygen Evolution Reaction
snapshot_2,Topic_metal_oxide_anodes_2013-2022_Knowledge.txt,472,https://openalex.org/W2908643964,https://doi.org/10.1002/9781119543343.ch13,2019,Performance Test for Anode‐Supported And Metal‐Supported Solid Oxide Electrolysis Cell Under Different Current Densities
snapshot_2,Topic_metal_oxide_anodes_2013-2022_Knowledge.txt,473,https://openalex.org/W2398321883,https://doi.org/10.1038/srep13866,2015,Surface Engineering of Triboelectric Nanogenerator with an Electrodeposited Gold Nanoflower Structure
snapshot_2,Topic_metal_oxide_anodes_2013-2022_Knowledge.txt,474,https://openalex.org/W4220961592,https://doi.org/10.1007/s12598-021-01914-x,2022,Non‐noble metal‐based bifunctional electrocatalysts for hydrogen production
snapshot_2,Topic_metal_oxide_anodes_2013-2022_Knowledge.txt,475,https://openalex.org/W2338745099,https://doi.org/10.1002/adfm.201600264,2016,Flexible Sodium‐Ion Pseudocapacitors Based on 3D Na<sub>2</sub>Ti<sub>3</sub>O<sub>7</sub> Nanosheet Arrays/Carbon Textiles Anodes
snapshot_2,Topic_metal_oxide_anodes_2013-2022_Knowledge.txt,476,https://openalex.org/W2980800721,https://doi.org/10.1002/smll.201904126,2019,"Metal‐Based Electrocatalysts for Methanol Electro‐Oxidation: Progress, Opportunities, and Challenges"
snapshot_2,Topic_metal_oxide_anodes_2013-2022_Knowledge.txt,477,https://openalex.org/W4293776556,https://doi.org/10.1002/anie.202208215,2022,Single Atom Ru Monolithic Electrode for Efficient Chlorine Evolution and Nitrate Reduction
snapshot_2,Topic_metal_oxide_anodes_2013-2022_Knowledge.txt,478,https://openalex.org/W2573377826,https://doi.org/10.1126/science.aad4998,2017,Combining theory and experiment in electrocatalysis: Insights into materials design
snapshot_2,Topic_metal_oxide_anodes_2013-2022_Knowledge.txt,479,https://openalex.org/W2962092579,https://doi.org/10.1002/aenm.201901838,2019,A Universal Principle to Design Reversible Aqueous Batteries Based on Deposition–Dissolution Mechanism
snapshot_2,Topic_metal_oxide_anodes_2013-2022_Knowledge.txt,480,https://openalex.org/W3132128523,https://doi.org/10.1002/smll.202007597,2021,Hierarchical Triple‐Shelled MnCo <sub>2</sub> O <sub>4</sub> Hollow Microspheres as High‐Performance Anode Materials for Potassium‐Ion Batteries
snapshot_2,Topic_metal_oxide_anodes_2013-2022_Knowledge.txt,481,https://openalex.org/W3042782511,https://doi.org/10.3390/electronics9071161,2020,A Comprehensive Review of Li-Ion Battery Materials and Their Recycling Techniques
snapshot_2,Topic_metal_oxide_anodes_2013-2022_Knowledge.txt,482,https://openalex.org/W2058584740,https://doi.org/10.1039/c4nr02999b,2014,Graphene-based nanocomposite anodes for lithium-ion batteries
snapshot_2,Topic_metal_oxide_anodes_2013-2022_Knowledge.txt,483,https://openalex.org/W2890127258,https://doi.org/10.1039/c8na00206a,2018,2D MXene-containing polymer electrolytes for all-solid-state lithium metal batteries
snapshot_2,Topic_metal_oxide_anodes_2013-2022_Knowledge.txt,484,https://openalex.org/W2519007791,https://doi.org/10.1016/j.apenergy.2016.09.011,2016,Enhanced performance and durability of low catalyst loading PEM water electrolyser based on a short-side chain perfluorosulfonic ionomer
snapshot_2,Topic_metal_oxide_anodes_2013-2022_Knowledge.txt,485,https://openalex.org/W3203908247,https://doi.org/10.1002/er.7277,2021,Review on recent progress in <scp>Manganese‐based</scp> anode materials for <scp>sodium‐ion</scp> batteries
snapshot_2,Topic_metal_oxide_anodes_2013-2022_Knowledge.txt,486,https://openalex.org/W4288033692,https://doi.org/10.1002/admi.202200752,2022,A Low‐Surface‐Tension Strategy to Construct Ultrathin Reduced Graphene Oxide as Lithiophilic Matrix for Lithium Metal Anode
snapshot_2,Topic_metal_oxide_anodes_2013-2022_Knowledge.txt,487,https://openalex.org/W2324046146,https://doi.org/10.1021/am402621v,2013,Bismuth-Doped Tin Oxide-Coated Carbon Nanotube Network: Improved Anode Stability and Efficiency for Flow-Through Organic Electrooxidation
snapshot_2,Topic_metal_oxide_anodes_2013-2022_Knowledge.txt,488,https://openalex.org/W2886402881,https://doi.org/10.1039/c8cp04368j,2018,Defect generation in TiO<sub>2</sub> nanotube anodes <i>via</i> heat treatment in various atmospheres for lithium-ion batteries
snapshot_2,Topic_metal_oxide_anodes_2013-2022_Knowledge.txt,489,https://openalex.org/W3035454734,https://doi.org/10.1088/1361-6501/ab9cde,2020,Determination of oxidized metals’ oxide layer thickness from local extrema of reflectance spectra: theoretical basis and application to anodized titanium
snapshot_2,Topic_metal_oxide_anodes_2013-2022_Knowledge.txt,490,https://openalex.org/W2027888662,https://doi.org/10.3775/jie.93.926,2014,Effects of Metal Oxide Additives on Anode Properties of Magnesium Hydride for All-Solid-State Lithium Ion Batteries
snapshot_2,Topic_metal_oxide_anodes_2013-2022_Knowledge.txt,491,https://openalex.org/W3037018860,https://doi.org/10.1002/aenm.202001377,2020,Enabling Iron‐Based Highly Effective Electrochemical Water‐Splitting and Selective Oxygenation of Organic Substrates through In Situ Surface Modification of Intermetallic Iron Stannide Precatalyst
snapshot_2,Topic_metal_oxide_anodes_2013-2022_Knowledge.txt,492,https://openalex.org/W2767963171,https://doi.org/10.1002/adma.201703891,2017,Bending‐Tolerant Anodes for Lithium‐Metal Batteries
snapshot_2,Topic_metal_oxide_anodes_2013-2022_Knowledge.txt,493,https://openalex.org/W2990109303,https://doi.org/10.1039/c9qi01268k,2019,Recent progress on metal–organic framework-derived materials for sodium-ion battery anodes
snapshot_2,Topic_metal_oxide_anodes_2013-2022_Knowledge.txt,494,https://openalex.org/W2707147724,https://doi.org/10.1126/sciadv.1603206,2017,Two orders of magnitude enhancement in oxygen evolution reactivity on amorphous Ba <sub>0.5</sub> Sr <sub>0.5</sub> Co <sub>0.8</sub> Fe <sub>0.2</sub> O <sub>3−δ</sub> nanofilms with tunable oxidation state
snapshot_2,Topic_metal_oxide_anodes_2013-2022_Knowledge.txt,495,https://openalex.org/W2134256854,https://doi.org/10.1149/2.0451501jes,2014,Features and Challenges of Molten Oxide Electrolytes for Metal Extraction
snapshot_2,Topic_metal_oxide_anodes_2013-2022_Knowledge.txt,496,https://openalex.org/W2612824987,https://doi.org/10.1149/2.0101708jes,2017,Influence of Heat Transfer on Anode Reactions When Electrowinning Metal from Its Oxides Dissolved in Molten Fluorides
snapshot_2,Topic_metal_oxide_anodes_2013-2022_Knowledge.txt,497,https://openalex.org/W4293194681,https://doi.org/10.1016/j.jece.2022.108419,2022,Removal of diclofenac and sulfamethoxazole from aqueous solutions and wastewaters using a three-dimensional electrochemical process
snapshot_2,Topic_metal_oxide_anodes_2013-2022_Knowledge.txt,498,https://openalex.org/W2018689229,https://doi.org/10.1002/adfm.201203777,2013,Homogeneous CoO on Graphene for Binder‐Free and Ultralong‐Life Lithium Ion Batteries
snapshot_2,Topic_metal_oxide_anodes_2013-2022_Knowledge.txt,499,https://openalex.org/W2600078180,https://doi.org/10.1021/acsami.7b01286,2017,Tunneled Mesoporous Carbon Nanofibers with Embedded ZnO Nanoparticles for Ultrafast Lithium Storage
snapshot_2,Topic_metal_oxide_anodes_2013-2022_Knowledge.txt,500,https://openalex.org/W4214655180,https://doi.org/10.1002/smll.202107492,2022,Practical High‐Voltage Lithium Metal Batteries Enabled by Tuning the Solvation Structure in Weakly Solvating Electrolyte
