source_snapshot,source_file,local_id,openalex_id,doi,year,title
snapshot_1,Topic_carbon-coated_microspheres_2009-2018_Knowledge.txt,1,https://openalex.org/W2131303301,https://doi.org/10.1039/c1jm12391b,2011,Improved electrode performance of mesoporous β-In2S3 microspheres for lithium ion batteries using carbon coated microspheres
snapshot_1,Topic_carbon-coated_microspheres_2009-2018_Knowledge.txt,2,https://openalex.org/W2137756594,https://doi.org/10.1039/c3ta10623c,2013,Facile synthesis of N-doped carbon-coated Li4Ti5O12 microspheres using polydopamine as a carbon source for high rate lithium ion batteries
snapshot_1,Topic_carbon-coated_microspheres_2009-2018_Knowledge.txt,3,https://openalex.org/W2317745213,https://doi.org/10.1021/am101077a,2010,Constructing Carbon-Coated Fe<sub>3</sub>O<sub>4</sub> Microspheres as Antiacid and Magnetic Support for Palladium Nanoparticles for Catalytic Applications
snapshot_1,Topic_carbon-coated_microspheres_2009-2018_Knowledge.txt,4,https://openalex.org/W2131213190,https://doi.org/10.1039/c2nr31061a,2012,Silver-coated magnetite–carbon core–shell microspheres as substrate-enhanced SERS probes for detection of trace persistent organic pollutants
snapshot_1,Topic_carbon-coated_microspheres_2009-2018_Knowledge.txt,5,https://openalex.org/W2801819413,https://doi.org/10.1021/acsami.8b03607,2018,MOF-Templated N-Doped Carbon-Coated CoSe<sub>2</sub> Nanorods Supported on Porous CNT Microspheres with Excellent Sodium-Ion Storage and Electrocatalytic Properties
snapshot_1,Topic_carbon-coated_microspheres_2009-2018_Knowledge.txt,6,https://openalex.org/W2408237435,https://doi.org/10.1021/am5070393,2015,<i>In Situ</i> Carbon-Coated Yolk–Shell V<sub>2</sub>O<sub>3</sub> Microspheres for Lithium-Ion Batteries
snapshot_1,Topic_carbon-coated_microspheres_2009-2018_Knowledge.txt,7,https://openalex.org/W2170871283,https://doi.org/10.1002/adma.201003713,2011,Hierarchical Carbon‐Coated LiFePO<sub>4</sub> Nanoplate Microspheres with High Electrochemical Performance for Li‐Ion Batteries
snapshot_1,Topic_carbon-coated_microspheres_2009-2018_Knowledge.txt,8,https://openalex.org/W2303481458,https://doi.org/10.1039/c6ta01344a,2016,Carbon-coated mesoporous silicon microsphere anodes with greatly reduced volume expansion
snapshot_1,Topic_carbon-coated_microspheres_2009-2018_Knowledge.txt,9,https://openalex.org/W2782042154,https://doi.org/10.1002/advs.201700733,2018,Molybdenum Carbide Nanoparticles Coated into the Graphene Wrapping N‐Doped Porous Carbon Microspheres for Highly Efficient Electrocatalytic Hydrogen Evolution Both in Acidic and Alkaline Media
snapshot_1,Topic_carbon-coated_microspheres_2009-2018_Knowledge.txt,10,https://openalex.org/W2315703777,https://doi.org/10.1021/am503774a,2014,"Mussel-Inspired Polydopamine Coated Hollow Carbon Microspheres, a Novel Versatile Filler for Fabrication of High Performance Syntactic Foams"
snapshot_1,Topic_carbon-coated_microspheres_2009-2018_Knowledge.txt,11,https://openalex.org/W1977657141,https://doi.org/10.1039/c3ta13860g,2013,Hierarchical hollow microspheres assembled from N-doped carbon coated Li4Ti5O12 nanosheets with enhanced lithium storage properties
snapshot_1,Topic_carbon-coated_microspheres_2009-2018_Knowledge.txt,12,https://openalex.org/W2863503288,https://doi.org/10.1002/adfm.201802337,2018,Development of Vanadium‐Coated Carbon Microspheres: Electrochemical Behavior as Electrodes for Supercapacitors
snapshot_1,Topic_carbon-coated_microspheres_2009-2018_Knowledge.txt,13,https://openalex.org/W2737744837,https://doi.org/10.1002/chem.201702840,2017,Construction of Nitrogen‐Doped Carbon‐Coated MoSe<sub>2</sub> Microspheres with Enhanced Performance for Lithium Storage
snapshot_1,Topic_carbon-coated_microspheres_2009-2018_Knowledge.txt,14,https://openalex.org/W2063910276,https://doi.org/10.1039/c5cc01251a,2015,Carbon-coated Fe<sub>3</sub>O<sub>4</sub> microspheres with a porous multideck-cage structure for highly reversible lithium storage
snapshot_1,Topic_carbon-coated_microspheres_2009-2018_Knowledge.txt,15,https://openalex.org/W2902041560,https://doi.org/10.1039/c8nr08638a,2018,Yolk–shell-structured microspheres composed of N-doped-carbon-coated NiMoO<sub>4</sub> hollow nanospheres as superior performance anode materials for lithium-ion batteries
snapshot_1,Topic_carbon-coated_microspheres_2009-2018_Knowledge.txt,16,https://openalex.org/W2898519660,https://doi.org/10.1088/1361-665x/aaeb79,2018,Fabrication and magnetorheology of bidisperse magnetic microspheres coated with gelatin and multi-walled carbon nanotubes
snapshot_1,Topic_carbon-coated_microspheres_2009-2018_Knowledge.txt,17,https://openalex.org/W2315281448,https://doi.org/10.1021/jp4099182,2013,A Facile Supercritical Alcohol Route for Synthesizing Carbon Coated Hierarchically Mesoporous Li<sub>4</sub>Ti<sub>5</sub>O<sub>12</sub> Microspheres
snapshot_1,Topic_carbon-coated_microspheres_2009-2018_Knowledge.txt,18,https://openalex.org/W2769563497,https://doi.org/10.3390/nano7120409,2017,Hierarchical Mn2O3 Microspheres In-Situ Coated with Carbon for Supercapacitors with Highly Enhanced Performances
snapshot_1,Topic_carbon-coated_microspheres_2009-2018_Knowledge.txt,19,https://openalex.org/W2048866912,https://doi.org/10.1002/cssc.201403060,2014,Synthesis of Lithium Iron Phosphate/Carbon Microspheres by Using Polyacrylic Acid Coated Iron Phosphate Nanoparticles Derived from Iron(III) Acrylate
snapshot_1,Topic_carbon-coated_microspheres_2009-2018_Knowledge.txt,20,https://openalex.org/W2051885475,https://doi.org/10.1063/1.3670603,2012,Carbon nanotube-coated silicated soft magnetic carbonyl iron microspheres and their magnetorheology
snapshot_1,Topic_carbon-coated_microspheres_2009-2018_Knowledge.txt,21,https://openalex.org/W2903125143,https://doi.org/10.1039/c8cc07863g,2018,Ti<sub>2</sub>Nb<sub>10</sub>O<sub>29</sub> microspheres coated with ultrathin N-doped carbon layers by atomic layer deposition for enhanced lithium storage
snapshot_1,Topic_carbon-coated_microspheres_2009-2018_Knowledge.txt,22,https://openalex.org/W2180651290,https://doi.org/10.1039/c5nr05595d,2015,Preparation of hollow microsphere@onion-like solid nanosphere MoS<sub>2</sub>coated by a carbon shell as a stable anode for optimized lithium storage
snapshot_1,Topic_carbon-coated_microspheres_2009-2018_Knowledge.txt,23,https://openalex.org/W2570774384,https://doi.org/10.1080/02670844.2016.1266746,2017,Carbon-coated Li<sub>4</sub>Ti<sub>5</sub>O<sub>12</sub>–TiO<sub>2</sub> microspheres as anode materials for lithium ion batteries
snapshot_1,Topic_carbon-coated_microspheres_2009-2018_Knowledge.txt,24,https://openalex.org/W2259356426,https://doi.org/10.1246/cl.150937,2015,A Facile and Green Method to Prepare Conductive Carbon-coated Polymer Microspheres Using Supercritical Carbon Dioxide
snapshot_1,Topic_carbon-coated_microspheres_2009-2018_Knowledge.txt,25,https://openalex.org/W2334642077,https://doi.org/10.1021/am501772a,2014,High Electrochemical Performances of Microsphere C-TiO<sub>2</sub> Anode for Sodium-Ion Battery
snapshot_1,Topic_carbon-coated_microspheres_2009-2018_Knowledge.txt,26,https://openalex.org/W2734874470,https://doi.org/10.1080/00405000.2017.1351655,2017,Preparation of microencapsulated carbon microspheres coated by magnesium hydroxide/polyethylene terephthalate flame–retardant functional fibers and its flame retardant properties
snapshot_1,Topic_carbon-coated_microspheres_2009-2018_Knowledge.txt,27,https://openalex.org/W2059964707,https://doi.org/10.1039/c2ta00669c,2012,In situ synthesis of silver nanostructures on magnetic Fe<sub>3</sub>O<sub>4</sub>@C core–shell nanocomposites and their application in catalytic reduction reactions
snapshot_1,Topic_carbon-coated_microspheres_2009-2018_Knowledge.txt,28,https://openalex.org/W2094258547,https://doi.org/10.1039/c4ta00117f,2014,"Rambutan-like Ni/MWCNT heterostructures: Easy synthesis, formation mechanism, and controlled static magnetic and microwave electromagnetic characteristics"
snapshot_1,Topic_carbon-coated_microspheres_2009-2018_Knowledge.txt,29,https://openalex.org/W2040971619,https://doi.org/10.1039/c0jm00107d,2010,Graphene oxide porous paper from amine-functionalized poly(glycidyl methacrylate)/graphene oxide core-shell microspheres
snapshot_1,Topic_carbon-coated_microspheres_2009-2018_Knowledge.txt,30,https://openalex.org/W2790497675,https://doi.org/10.30919/espub.es.180308,2018,Chitosan-coated-magnetite with Covalently Grafted Polystyrene Based Carbon Nanocomposites for Hexavalent Chromium Adsorption
snapshot_1,Topic_carbon-coated_microspheres_2009-2018_Knowledge.txt,31,https://openalex.org/W2026965709,https://doi.org/10.1039/c4nj01777c,2015,Evaluation of an efficient and selective adsorbent based on multi-walled carbon nanotubes coated silica microspheres for detecting nucleobases and nucleosides in human urine
snapshot_1,Topic_carbon-coated_microspheres_2009-2018_Knowledge.txt,32,https://openalex.org/W2053189083,https://doi.org/10.4028/www.scientific.net/amr.512-515.2084,2012,Preparation and Application of Multiwalled Carbon Nanotubes Microspheres/Poly(ethylene glycol) Coated Fiber for SPME
snapshot_1,Topic_carbon-coated_microspheres_2009-2018_Knowledge.txt,33,https://openalex.org/W2522418251,https://doi.org/10.1515/secm-2016-0138,2016,Adsorption removal of methylene blue from aqueous solution on carbon-coated Fe <sub>3</sub> O <sub>4</sub> microspheres functionalized with chloroacetic acid
snapshot_1,Topic_carbon-coated_microspheres_2009-2018_Knowledge.txt,34,https://openalex.org/W2531180819,https://doi.org/10.1002/chem.201604532,2016,Urchinlike ZnS Microspheres Decorated with Nitrogen‐Doped Carbon: A Superior Anode Material for Lithium and Sodium Storage
snapshot_1,Topic_carbon-coated_microspheres_2009-2018_Knowledge.txt,35,https://openalex.org/W1998095225,https://doi.org/10.1039/c3cc40671g,2013,Mesoporous TiO2–Sn@C core–shell microspheres for Li-ion batteries
snapshot_1,Topic_carbon-coated_microspheres_2009-2018_Knowledge.txt,36,https://openalex.org/W2168322230,https://doi.org/10.1039/c2nr30841j,2012,Synthesis of micro-sized SnO2@carbon hollow spheres with enhanced lithium storage properties
snapshot_1,Topic_carbon-coated_microspheres_2009-2018_Knowledge.txt,37,https://openalex.org/W2516979548,https://doi.org/10.1021/acsami.6b08325,2016,Light-Weight Silver Plating Foam and Carbon Nanotube Hybridized Epoxy Composite Foams with Exceptional Conductivity and Electromagnetic Shielding Property
snapshot_1,Topic_carbon-coated_microspheres_2009-2018_Knowledge.txt,38,https://openalex.org/W2159966546,https://doi.org/10.1039/c2ta00939k,2012,Fabrication of high tap density LiFe<sub>0.6</sub>Mn<sub>0.4</sub>PO<sub>4</sub>/C microspheres by a double carbon coating–spray drying method for high rate lithium ion batteries
snapshot_1,Topic_carbon-coated_microspheres_2009-2018_Knowledge.txt,39,https://openalex.org/W2087032263,https://doi.org/10.3390/polym3031377,2011,Poly Lactic-co-Glycolic Acid (PLGA) as Biodegradable Controlled Drug Delivery Carrier
snapshot_1,Topic_carbon-coated_microspheres_2009-2018_Knowledge.txt,40,https://openalex.org/W1980684534,https://doi.org/10.1063/1.3518265,2010,Optical manipulation of light-absorbing particles takes to the air
snapshot_1,Topic_carbon-coated_microspheres_2009-2018_Knowledge.txt,41,https://openalex.org/W2116987019,https://doi.org/10.1039/c3ta14720g,2014,Porous Li<sub>2</sub>C<sub>8</sub>H<sub>4</sub>O<sub>4</sub> coated with N-doped carbon by using CVD as an anode material for Li-ion batteries
snapshot_1,Topic_carbon-coated_microspheres_2009-2018_Knowledge.txt,42,https://openalex.org/W2766108631,https://doi.org/10.1021/acssuschemeng.7b01717,2017,Construction of Layered Double Hydroxides/Hollow Carbon Microsphere Composites and Its Applications for Mutual Removal of Pb(II) and Humic Acid from Aqueous Solutions
snapshot_1,Topic_carbon-coated_microspheres_2009-2018_Knowledge.txt,43,https://openalex.org/W2617846083,https://doi.org/10.1002/smll.201700521,2017,Bimetal-Organic-Framework Derivation of Ball-Cactus-Like Ni-Sn-P@C-CNT as Long-Cycle Anode for Lithium Ion Battery
snapshot_1,Topic_carbon-coated_microspheres_2009-2018_Knowledge.txt,44,https://openalex.org/W2020353933,https://doi.org/10.1039/c4cp02960g,2014,MoO<sub>2</sub>@carbon hollow microspheres with tunable interiors and improved lithium-ion battery anode properties
snapshot_1,Topic_carbon-coated_microspheres_2009-2018_Knowledge.txt,45,https://openalex.org/W2327706147,https://doi.org/10.1021/am5016638,2014,Electrochemical Properties of VPO<sub>4</sub>/C Nanosheets and Microspheres As Anode Materials for Lithium-Ion Batteries
snapshot_1,Topic_carbon-coated_microspheres_2009-2018_Knowledge.txt,46,https://openalex.org/W2803226303,https://doi.org/10.3389/fchem.2018.00174,2018,Reduced Graphene Oxide Decorated Na3V2(PO4)3 Microspheres as Cathode Material With Advanced Sodium Storage Performance
snapshot_1,Topic_carbon-coated_microspheres_2009-2018_Knowledge.txt,47,https://openalex.org/W1501569142,https://doi.org/10.1111/codi.12047,2012,Anal bulking agents for faecal incontinence
snapshot_1,Topic_carbon-coated_microspheres_2009-2018_Knowledge.txt,48,https://openalex.org/W2771393144,https://doi.org/10.3390/s17122859,2017,A New Laccase Based Biosensor for Tartrazine
snapshot_1,Topic_carbon-coated_microspheres_2009-2018_Knowledge.txt,49,https://openalex.org/W2545795602,https://doi.org/10.1039/c6ra21677c,2016,In situ carbon-coating and Ostwald ripening-based route for hollow Ni<sub>3</sub>S<sub>4</sub>@C spheres with superior Li-ion storage performances
snapshot_1,Topic_carbon-coated_microspheres_2009-2018_Knowledge.txt,50,https://openalex.org/W2003525591,https://doi.org/10.1039/c4cp00155a,2014,Urchin-like TiO<sub>2</sub>@C core–shell microspheres: coupled synthesis and lithium-ion battery applications
snapshot_1,Topic_carbon-coated_microspheres_2009-2018_Knowledge.txt,51,https://openalex.org/W2289629300,https://doi.org/10.1039/c6cs00061d,2016,Molecular imprinting: perspectives and applications
snapshot_1,Topic_carbon-coated_microspheres_2009-2018_Knowledge.txt,52,https://openalex.org/W2027876233,https://doi.org/10.2147/ijn.s36111,2012,The role of surface charge in cellular uptake and cytotoxicity of medical nanoparticles
snapshot_1,Topic_carbon-coated_microspheres_2009-2018_Knowledge.txt,53,https://openalex.org/W2031860317,https://doi.org/10.1088/0957-4484/25/17/175402,2014,Carbon-decorated Li<sub>4</sub>Ti<sub>5</sub>O<sub>12</sub>/rutile TiO<sub>2</sub> mesoporous microspheres with nanostructures as high-performance anode materials in lithium-ion batteries
snapshot_1,Topic_carbon-coated_microspheres_2009-2018_Knowledge.txt,54,https://openalex.org/W2116046243,https://doi.org/10.1039/c2ce25593f,2012,"Synthesis of LiMnPO4 microspheres assembled by plates, wedges and prisms with different crystallographic orientations and their electrochemical performance"
snapshot_1,Topic_carbon-coated_microspheres_2009-2018_Knowledge.txt,55,https://openalex.org/W2579666761,https://doi.org/10.1039/c6ra26937k,2017,Urchin-like CoO–C micro/nano hierarchical structures as high performance anode materials for Li-ion batteries
snapshot_1,Topic_carbon-coated_microspheres_2009-2018_Knowledge.txt,56,https://openalex.org/W2890167612,https://doi.org/10.1186/s12951-018-0392-8,2018,Nano based drug delivery systems: recent developments and future prospects
snapshot_1,Topic_carbon-coated_microspheres_2009-2018_Knowledge.txt,57,https://openalex.org/W2041042363,https://doi.org/10.1088/0957-4484/23/47/475401,2012,Hierarchical LiFePO<sub>4</sub>/C microspheres with high tap density assembled by nanosheets as cathode materials for high-performance Li-ion batteries
snapshot_1,Topic_carbon-coated_microspheres_2009-2018_Knowledge.txt,58,https://openalex.org/W2147176241,https://doi.org/10.3109/10717544.2013.834413,2013,Design of microencapsulated carbon nanotube-based microspheres and its application in colon targeted drug delivery
snapshot_1,Topic_carbon-coated_microspheres_2009-2018_Knowledge.txt,59,https://openalex.org/W2005198126,https://doi.org/10.1039/c3nr02932h,2013,Facile synthesis of yolk–shell magnetic mesoporous carbon microspheres for efficient enrichment of low abundance peptides
snapshot_1,Topic_carbon-coated_microspheres_2009-2018_Knowledge.txt,60,https://openalex.org/W2889409807,https://doi.org/10.1021/acssuschemeng.8b01843,2018,Amorphous Molybdenum Sulfide on Three-Dimensional Hierarchical Hollow Microspheres Comprising Bamboo-like N-Doped Carbon Nanotubes as a Highly Active Hydrogen Evolution Reaction Catalyst
snapshot_1,Topic_carbon-coated_microspheres_2009-2018_Knowledge.txt,61,https://openalex.org/W2097961049,https://doi.org/10.1039/c3ra41666f,2013,Gold–silver nanocomposite-functionalized graphene sensing platform for an electrochemiluminescent immunoassay of a tumor marker
snapshot_1,Topic_carbon-coated_microspheres_2009-2018_Knowledge.txt,62,https://openalex.org/W2603442821,https://doi.org/10.1039/c6cs00776g,2017,Sodium-ion batteries: present and future
snapshot_1,Topic_carbon-coated_microspheres_2009-2018_Knowledge.txt,63,https://openalex.org/W2054834121,https://doi.org/10.1088/0957-4484/26/11/115603,2015,Silk-regulated hierarchical hollow magnetite/carbon nanocomposite spheroids for lithium-ion battery anodes
snapshot_1,Topic_carbon-coated_microspheres_2009-2018_Knowledge.txt,64,https://openalex.org/W2512740218,https://doi.org/10.1039/c6nr05480c,2016,High-energy lithium-ion hybrid supercapacitors composed of hierarchical urchin-like WO<sub>3</sub>/C anodes and MOF-derived polyhedral hollow carbon cathodes
snapshot_1,Topic_carbon-coated_microspheres_2009-2018_Knowledge.txt,65,https://openalex.org/W1990162340,https://doi.org/10.1021/ie900509t,2009,Platinum-Doped TiO<sub>2</sub>/Magnetic Poly(methyl methacrylate) Microspheres as a Novel Photocatalyst
snapshot_1,Topic_carbon-coated_microspheres_2009-2018_Knowledge.txt,66,https://openalex.org/W2791842289,https://doi.org/10.3390/s18030686,2018,"An Amperometric Biosensor for the Determination of Bacterial Sepsis Biomarker, Secretory Phospholipase Group 2-IIA Using a Tri-Enzyme System"
snapshot_1,Topic_carbon-coated_microspheres_2009-2018_Knowledge.txt,67,https://openalex.org/W2792739461,https://doi.org/10.1149/2.0961802jes,2018,Fabrication of Core-Shell Fe<sub>3</sub>O<sub>4</sub>@C@MnO<sub>2</sub>Microspheres and Their Application in Supercapacitors
snapshot_1,Topic_carbon-coated_microspheres_2009-2018_Knowledge.txt,68,https://openalex.org/W2141918308,https://doi.org/10.3390/ma7042833,2014,Zinc Oxide—From Synthesis to Application: A Review
snapshot_1,Topic_carbon-coated_microspheres_2009-2018_Knowledge.txt,69,https://openalex.org/W2165685541,https://doi.org/10.1186/1556-276x-7-1,2012,Effects of crystallization and dopant concentration on the emission behavior of TiO2:Eu nanophosphors
snapshot_1,Topic_carbon-coated_microspheres_2009-2018_Knowledge.txt,70,https://openalex.org/W2104737198,https://doi.org/10.1002/elan.200900544,2010,Amperometric NADH Biosensor Based on Magnetic Chitosan Microspheres/Poly(thionine) Modified Glassy Carbon Electrode
snapshot_1,Topic_carbon-coated_microspheres_2009-2018_Knowledge.txt,71,https://openalex.org/W2140699718,https://doi.org/10.1002/pc.23205,2014,Preparation and characterization of three phase epoxy syntactic foam filled with carbon fiber reinforced hollow epoxy macrospheres and hollow glass microspheres
snapshot_1,Topic_carbon-coated_microspheres_2009-2018_Knowledge.txt,72,https://openalex.org/W2809502094,https://doi.org/10.1126/sciadv.aas9820,2018,Materials for lithium-ion battery safety
snapshot_1,Topic_carbon-coated_microspheres_2009-2018_Knowledge.txt,73,https://openalex.org/W2059261979,https://doi.org/10.1039/c3ce00072a,2013,"Synthesis of 3D-hiearchical LiMPO4 (M = Fe, Mn) microstructures as cathode materials for lithium-ion batteries"
snapshot_1,Topic_carbon-coated_microspheres_2009-2018_Knowledge.txt,74,https://openalex.org/W2559171777,https://doi.org/10.1039/c6cs00829a,2016,Hierarchically porous materials: synthesis strategies and structure design
snapshot_1,Topic_carbon-coated_microspheres_2009-2018_Knowledge.txt,75,https://openalex.org/W2806432392,https://doi.org/10.1039/c8nr02278j,2018,Characterization techniques for nanoparticles: comparison and complementarity upon studying nanoparticle properties
snapshot_1,Topic_carbon-coated_microspheres_2009-2018_Knowledge.txt,76,https://openalex.org/W2778651682,https://doi.org/10.1002/elan.201700685,2017,Electrochemical Properties of Polypyrrole Nanoparticles – The Role of Doping Ions and Synthesis Medium
snapshot_1,Topic_carbon-coated_microspheres_2009-2018_Knowledge.txt,77,https://openalex.org/W1877301297,https://doi.org/10.3390/md13085156,2015,Chitosan: An Update on Potential Biomedical and Pharmaceutical Applications
snapshot_1,Topic_carbon-coated_microspheres_2009-2018_Knowledge.txt,78,https://openalex.org/W2794136199,https://doi.org/10.1002/ente.201700858,2018,"3D‐Printed, Carbon‐Nanotube‐Wrapped, Thermoresponsive Polymer Spheres for Safer Lithium‐Ion Batteries"
snapshot_1,Topic_carbon-coated_microspheres_2009-2018_Knowledge.txt,79,https://openalex.org/W2039154288,https://doi.org/10.1002/btpr.2010,2014,A two‐enzyme immobilization approach using carbon nanotubes/silica as support
snapshot_1,Topic_carbon-coated_microspheres_2009-2018_Knowledge.txt,80,https://openalex.org/W2149757979,https://doi.org/10.1155/2011/290602,2011,Polymeric Scaffolds in Tissue Engineering Application: A Review
snapshot_1,Topic_carbon-coated_microspheres_2009-2018_Knowledge.txt,81,https://openalex.org/W1984619817,https://doi.org/10.1039/c4ra09868d,2014,Synthesis of porous microspheres composed of graphitized carbon@amorphous silicon/carbon layers as high performance anode materials for Li-ion batteries
snapshot_1,Topic_carbon-coated_microspheres_2009-2018_Knowledge.txt,82,https://openalex.org/W2740087078,https://doi.org/10.1088/1361-6528/aa829d,2017,Hierarchical nanosheet-based Ni<sub>3</sub>S<sub>2</sub>microspheres grown on Ni foam for high-performance all-solid-state asymmetric supercapacitors
snapshot_1,Topic_carbon-coated_microspheres_2009-2018_Knowledge.txt,83,https://openalex.org/W2508689564,https://doi.org/10.1177/8756087916663813,2016,"Structure, morphology, thermal, and electro-magnetic shielding properties of polystyrene microsphere/polyaniline/multi-walled carbon nanotube nanocomposite"
snapshot_1,Topic_carbon-coated_microspheres_2009-2018_Knowledge.txt,84,https://openalex.org/W2107669661,https://doi.org/10.1039/c0ce00825g,2011,Colloids of superparamagnetic shell: synthesis and self-assembly into 3D colloidal crystals with anomalous optical properties
snapshot_1,Topic_carbon-coated_microspheres_2009-2018_Knowledge.txt,85,https://openalex.org/W2229518787,https://doi.org/10.1186/s12302-015-0069-y,2016,"Microplastics in the aquatic and terrestrial environment: sources (with a specific focus on personal care products), fate and effects"
snapshot_1,Topic_carbon-coated_microspheres_2009-2018_Knowledge.txt,86,https://openalex.org/W2080988817,https://doi.org/10.1039/c4ra04255g,2014,Char strengthened by carbon microspheres formed in situ during combustion of IFR/EVA composites catalyzed by solid super acid
snapshot_1,Topic_carbon-coated_microspheres_2009-2018_Knowledge.txt,87,https://openalex.org/W1980328470,https://doi.org/10.1002/polb.22259,2011,Biomedical applications of biodegradable polymers
snapshot_1,Topic_carbon-coated_microspheres_2009-2018_Knowledge.txt,88,https://openalex.org/W2762341360,https://doi.org/10.2147/ijn.s146315,2017,Effective use of nanocarriers as drug delivery systems for the treatment of selected tumors
snapshot_1,Topic_carbon-coated_microspheres_2009-2018_Knowledge.txt,89,https://openalex.org/W2123118992,https://doi.org/10.1186/1556-276x-7-144,2012,"Magnetic nanoparticles: preparation, physical properties, and applications in biomedicine"
snapshot_1,Topic_carbon-coated_microspheres_2009-2018_Knowledge.txt,90,https://openalex.org/W2013262011,https://doi.org/10.2147/ijn.s26592,2014,Endocytosis and exocytosis of nanoparticles in mammalian cells
snapshot_1,Topic_carbon-coated_microspheres_2009-2018_Knowledge.txt,91,https://openalex.org/W2104604512,https://doi.org/10.1039/c3ra47535b,2014,Encapsulation of Au nanoparticles with well-crystallized anatase TiO2 mesoporous hollow spheres for increased thermal stability
snapshot_1,Topic_carbon-coated_microspheres_2009-2018_Knowledge.txt,92,https://openalex.org/W2566202566,https://doi.org/10.1038/ncomms13907,2017,Ti3C2 MXene co-catalyst on metal sulfide photo-absorbers for enhanced visible-light photocatalytic hydrogen production
snapshot_1,Topic_carbon-coated_microspheres_2009-2018_Knowledge.txt,93,https://openalex.org/W2316764504,https://doi.org/10.1166/jnn.2009.c087,2009,Carboxylic Acid Functionalized Multi-Walled Carbon Nanotube-Adsorption onto Poly(methyl methacrylate) Microspheres
snapshot_1,Topic_carbon-coated_microspheres_2009-2018_Knowledge.txt,94,https://openalex.org/W2505574534,https://doi.org/10.1016/j.susmat.2016.06.002,2016,Characteristics and adsorption capacities of low-cost sorbents for wastewater treatment: A review
snapshot_1,Topic_carbon-coated_microspheres_2009-2018_Knowledge.txt,95,https://openalex.org/W2326753855,https://doi.org/10.1021/ac5039863,2014,Electrochemical Sensors and Biosensors Based on Nanomaterials and Nanostructures
snapshot_1,Topic_carbon-coated_microspheres_2009-2018_Knowledge.txt,96,https://openalex.org/W1985914247,https://doi.org/10.3390/ma6041285,2013,Alginate-Based Biomaterials for Regenerative Medicine Applications
snapshot_1,Topic_carbon-coated_microspheres_2009-2018_Knowledge.txt,97,https://openalex.org/W2103884570,https://doi.org/10.1002/ese3.95,2015,"Li‐ion batteries: basics, progress, and challenges"
snapshot_1,Topic_carbon-coated_microspheres_2009-2018_Knowledge.txt,98,https://openalex.org/W2474149555,https://doi.org/10.1007/s12598-016-0779-3,2016,Preparation of MnO <sub>2</sub> ‐impregnated carbon‐coated Fe <sub>3</sub> O <sub>4</sub> nanocomposites and their application for bovine serum albumin adsorption
snapshot_1,Topic_carbon-coated_microspheres_2009-2018_Knowledge.txt,99,https://openalex.org/W2172574721,https://doi.org/10.1002/advs.201500213,2015,A Review of Solid Electrolyte Interphases on Lithium Metal Anode
snapshot_1,Topic_carbon-coated_microspheres_2009-2018_Knowledge.txt,100,https://openalex.org/W1993242402,https://doi.org/10.1039/c3an00163f,2013,Radiation-induced grafting of carbon nanotubes on HPLC silica microspheres: theoretical and practical aspects
snapshot_1,Topic_carbon-coated_microspheres_2009-2018_Knowledge.txt,101,https://openalex.org/W2017789483,https://doi.org/10.1039/c1ra00581b,2011,Recognition of carbon nanotube chirality by phage display
snapshot_1,Topic_carbon-coated_microspheres_2009-2018_Knowledge.txt,102,https://openalex.org/W2218635931,https://doi.org/10.1039/c5mh00260e,2015,The evolution of ‘sol–gel’ chemistry as a technique for materials synthesis
snapshot_1,Topic_carbon-coated_microspheres_2009-2018_Knowledge.txt,103,https://openalex.org/W2540062910,https://doi.org/10.1002/elan.201600554,2016,Polypyrrole Nanospheres – Electrochemical Properties and Application as a Solid Contact in Ion‐selective Electrodes
snapshot_1,Topic_carbon-coated_microspheres_2009-2018_Knowledge.txt,104,https://openalex.org/W2671169680,https://doi.org/10.3389/fmicb.2017.01014,2017,"Nanotechnology in Sustainable Agriculture: Recent Developments, Challenges, and Perspectives"
snapshot_1,Topic_carbon-coated_microspheres_2009-2018_Knowledge.txt,105,https://openalex.org/W2794044952,https://doi.org/10.3390/catal8020092,2018,"A General Overview of Support Materials for Enzyme Immobilization: Characteristics, Properties, Practical Utility"
snapshot_1,Topic_carbon-coated_microspheres_2009-2018_Knowledge.txt,106,https://openalex.org/W2884951222,https://doi.org/10.1038/s41598-018-29540-1,2018,Generation of reconfigurable optical traps for microparticles spatial manipulation through dynamic split lens inspired light structures
snapshot_1,Topic_carbon-coated_microspheres_2009-2018_Knowledge.txt,107,https://openalex.org/W1991796071,https://doi.org/10.3390/ijms12095908,2011,Molecularly Imprinted Polymers: Present and Future Prospective
snapshot_1,Topic_carbon-coated_microspheres_2009-2018_Knowledge.txt,108,https://openalex.org/W2789884938,https://doi.org/10.20964/2018.03.66,2018,Preparation of High Tap Density LiFePO4/C through Carbothermal Reduction Process Using Beta-Cyclodextrin as Carbon Source
snapshot_1,Topic_carbon-coated_microspheres_2009-2018_Knowledge.txt,109,https://openalex.org/W2010764629,https://doi.org/10.1038/ncomms7929,2015,Na+ intercalation pseudocapacitance in graphene-coupled titanium oxide enabling ultra-fast sodium storage and long-term cycling
snapshot_1,Topic_carbon-coated_microspheres_2009-2018_Knowledge.txt,110,https://openalex.org/W2041775762,https://doi.org/10.4028/www.scientific.net/amr.922.761,2014,Electrophoretic Deposition and Characterization of Biocomposites on Magnesium for Orthopedic Applications
snapshot_1,Topic_carbon-coated_microspheres_2009-2018_Knowledge.txt,111,https://openalex.org/W25820975,https://doi.org/10.1166/jnn.2013.7233,2013,Porous LiFePO<sub>4</sub>/C Microspheres as High-Power Cathode Materials for Lithium Ion Batteries
snapshot_1,Topic_carbon-coated_microspheres_2009-2018_Knowledge.txt,112,https://openalex.org/W2161678764,https://doi.org/10.1073/pnas.1210072109,2012,Flexible graphene-based lithium ion batteries with ultrafast charge and discharge rates
snapshot_1,Topic_carbon-coated_microspheres_2009-2018_Knowledge.txt,113,https://openalex.org/W2617634995,https://doi.org/10.3389/fphar.2017.00287,2017,"An Overview of Pickering Emulsions: Solid-Particle Materials, Classification, Morphology, and Applications"
snapshot_1,Topic_carbon-coated_microspheres_2009-2018_Knowledge.txt,114,https://openalex.org/W2172192547,https://doi.org/10.1039/c4cs00392f,2015,An overview of nanoparticles commonly used in fluorescent bioimaging
snapshot_1,Topic_carbon-coated_microspheres_2009-2018_Knowledge.txt,115,https://openalex.org/W2266732512,https://doi.org/10.2147/dddt.s99651,2016,"Preparation, characterization, and potential application of chitosan, chitosan derivatives, and chitosan metal nanoparticles in pharmaceutical drug delivery"
snapshot_1,Topic_carbon-coated_microspheres_2009-2018_Knowledge.txt,116,https://openalex.org/W2060315146,https://doi.org/10.3390/s90705099,2009,Applications and Advances in Electronic-Nose Technologies
snapshot_1,Topic_carbon-coated_microspheres_2009-2018_Knowledge.txt,117,https://openalex.org/W2164029323,https://doi.org/10.1039/c3cs35528d,2013,Biosensors: sense and sensibility
snapshot_1,Topic_carbon-coated_microspheres_2009-2018_Knowledge.txt,118,https://openalex.org/W1968884841,https://doi.org/10.3390/molecules18077533,2013,"Synthesis, Surface Modification and Characterisation of Biocompatible Magnetic Iron Oxide Nanoparticles for Biomedical Applications"
snapshot_1,Topic_carbon-coated_microspheres_2009-2018_Knowledge.txt,119,https://openalex.org/W2113854759,https://doi.org/10.1002/cctc.201500549,2015,Hierarchically Structured MnO<sub>2</sub>‐Co/C Nanocomposites: Highly Efficient and Magnetically Recyclable Catalysts for the Aerobic Oxidation of Alcohols
snapshot_1,Topic_carbon-coated_microspheres_2009-2018_Knowledge.txt,120,https://openalex.org/W2601284383,https://doi.org/10.3390/ma10040334,2017,"Calcium Phosphate Bioceramics: A Review of Their History, Structure, Properties, Coating Technologies and Biomedical Applications"
snapshot_1,Topic_carbon-coated_microspheres_2009-2018_Knowledge.txt,121,https://openalex.org/W2030251986,https://doi.org/10.3390/catal2040572,2012,Photocatalytic Water Treatment by Titanium Dioxide: Recent Updates
snapshot_1,Topic_carbon-coated_microspheres_2009-2018_Knowledge.txt,122,https://openalex.org/W2463801883,https://doi.org/10.1039/c5cs00878f,2016,"Covalent organic frameworks based on Schiff-base chemistry: synthesis, properties and potential applications"
snapshot_1,Topic_carbon-coated_microspheres_2009-2018_Knowledge.txt,123,https://openalex.org/W2070651182,https://doi.org/10.1039/c4ra01484g,2014,Self-assembled hierarchical mesoporous TiO2–C sub-microspheres from nanorods and their improved properties for lithium storage
snapshot_1,Topic_carbon-coated_microspheres_2009-2018_Knowledge.txt,124,https://openalex.org/W2001973848,https://doi.org/10.1002/btpr.246,2009,Bone tissue engineering: A review in bone biomimetics and drug delivery strategies
snapshot_1,Topic_carbon-coated_microspheres_2009-2018_Knowledge.txt,125,https://openalex.org/W2053006484,https://doi.org/10.2147/ijn.s30320,2012,Superparamagnetic iron oxide nanoparticles: magnetic nanoplatforms as drug carriers
snapshot_1,Topic_carbon-coated_microspheres_2009-2018_Knowledge.txt,126,https://openalex.org/W2066030159,https://doi.org/10.3390/ijms141121266,2013,Magnetic Nanoparticles: Surface Effects and Properties Related to Biomedicine Applications
snapshot_1,Topic_carbon-coated_microspheres_2009-2018_Knowledge.txt,127,https://openalex.org/W2903555715,https://doi.org/10.1149/2.0151903jes,2018,Discrete Hollow Carbon Spheres Derived from Pyrolytic Copolymer Microspheres for Li-S Batteries
snapshot_1,Topic_carbon-coated_microspheres_2009-2018_Knowledge.txt,128,https://openalex.org/W2090620682,https://doi.org/10.2147/ijn.s43575,2013,Advances in drug delivery via electrospun and electrosprayed nanomaterials
snapshot_1,Topic_carbon-coated_microspheres_2009-2018_Knowledge.txt,129,https://openalex.org/W2895948418,https://doi.org/10.3390/nano8100810,2018,Surface Modification of Magnetic Iron Oxide Nanoparticles
snapshot_1,Topic_carbon-coated_microspheres_2009-2018_Knowledge.txt,130,https://openalex.org/W2080185665,https://doi.org/10.1039/c3ta11045a,2013,Carbon–sulfur composites for Li–S batteries: status and prospects
snapshot_1,Topic_carbon-coated_microspheres_2009-2018_Knowledge.txt,131,https://openalex.org/W1982350871,https://doi.org/10.1007/s10450-014-9623-y,2014,Enzyme immobilization by adsorption: a review
snapshot_1,Topic_carbon-coated_microspheres_2009-2018_Knowledge.txt,132,https://openalex.org/W2002279353,https://doi.org/10.3390/ijms16048070,2015,Iron Oxide Nanoparticles for Magnetically-Guided and Magnetically-Responsive Drug Delivery
snapshot_1,Topic_carbon-coated_microspheres_2009-2018_Knowledge.txt,133,https://openalex.org/W2792523789,https://doi.org/10.1021/acsnano.7b09046,2018,Approaches for Achieving Superlubricity in Two-Dimensional Materials
snapshot_1,Topic_carbon-coated_microspheres_2009-2018_Knowledge.txt,134,https://openalex.org/W2536514993,https://doi.org/10.1038/ncomms13065,2016,A sulfur host based on titanium monoxide@carbon hollow spheres for advanced lithium–sulfur batteries
snapshot_1,Topic_carbon-coated_microspheres_2009-2018_Knowledge.txt,135,https://openalex.org/W2751837387,https://doi.org/10.3390/nano7090243,2017,Magnetic Nanoparticles: From Design and Synthesis to Real World Applications
snapshot_1,Topic_carbon-coated_microspheres_2009-2018_Knowledge.txt,136,https://openalex.org/W2626725994,https://doi.org/10.1152/physiol.00036.2016,2017,Modeling Physiological Events in 2D vs. 3D Cell Culture
snapshot_1,Topic_carbon-coated_microspheres_2009-2018_Knowledge.txt,137,https://openalex.org/W2888970425,https://doi.org/10.1002/admi.201800935,2018,Chemically Reactive Polyurethane–Carbon Nanotube Fiber with Aerogel‐Microsphere‐Thin‐Film Selective Filter
snapshot_1,Topic_carbon-coated_microspheres_2009-2018_Knowledge.txt,138,https://openalex.org/W2110435198,https://doi.org/10.1039/c3cs60479a,2014,Nanomaterials enhanced surface plasmon resonance for biological and chemical sensing applications
snapshot_1,Topic_carbon-coated_microspheres_2009-2018_Knowledge.txt,139,https://openalex.org/W2304845716,https://doi.org/10.1103/revmodphys.88.045006,2016,Active Particles in Complex and Crowded Environments
snapshot_1,Topic_carbon-coated_microspheres_2009-2018_Knowledge.txt,140,https://openalex.org/W2617370635,https://doi.org/10.1002/aenm.201602894,2017,Mechanism of Na‐Ion Storage in Hard Carbon Anodes Revealed by Heteroatom Doping
snapshot_1,Topic_carbon-coated_microspheres_2009-2018_Knowledge.txt,141,https://openalex.org/W1536601781,https://doi.org/10.3390/ma8095273,2015,Biodegradable Materials for Bone Repair and Tissue Engineering Applications
snapshot_1,Topic_carbon-coated_microspheres_2009-2018_Knowledge.txt,142,https://openalex.org/W2896623073,https://doi.org/10.3390/molecules23102661,2018,Chitosan-Based Nanomaterials for Drug Delivery
snapshot_1,Topic_carbon-coated_microspheres_2009-2018_Knowledge.txt,143,https://openalex.org/W2553139996,https://doi.org/10.1021/acs.chemrev.6b00627,2016,Innovation in Layer-by-Layer Assembly
snapshot_1,Topic_carbon-coated_microspheres_2009-2018_Knowledge.txt,144,https://openalex.org/W2055846825,https://doi.org/10.3390/ma3031746,2010,"Injectable, Biodegradable Hydrogels for Tissue Engineering Applications"
snapshot_1,Topic_carbon-coated_microspheres_2009-2018_Knowledge.txt,145,https://openalex.org/W2560701263,https://doi.org/10.1002/advs.201600289,2016,MoS<sub>2</sub>‐Based Nanocomposites for Electrochemical Energy Storage
snapshot_1,Topic_carbon-coated_microspheres_2009-2018_Knowledge.txt,146,https://openalex.org/W2807651307,https://doi.org/10.3390/polym10060623,2018,"Cellulose Aerogels: Synthesis, Applications, and Prospects"
snapshot_1,Topic_carbon-coated_microspheres_2009-2018_Knowledge.txt,147,https://openalex.org/W2016530312,https://doi.org/10.1007/s13204-013-0216-y,2013,Magnetic nanoparticle drug delivery systems for targeting tumor
snapshot_1,Topic_carbon-coated_microspheres_2009-2018_Knowledge.txt,148,https://openalex.org/W2731987565,https://doi.org/10.1039/c7cs00184c,2017,Inverse electron demand Diels–Alder reactions in chemical biology
snapshot_1,Topic_carbon-coated_microspheres_2009-2018_Knowledge.txt,149,https://openalex.org/W2072854067,https://doi.org/10.1039/c4cs00532e,2015,Quantum dots: bright and versatile in vitro and in vivo fluorescence imaging biosensors
snapshot_1,Topic_carbon-coated_microspheres_2009-2018_Knowledge.txt,150,https://openalex.org/W2602684234,https://doi.org/10.1021/acsnano.6b06040,2017,Diverse Applications of Nanomedicine
snapshot_1,Topic_carbon-coated_microspheres_2009-2018_Knowledge.txt,151,https://openalex.org/W2047568538,https://doi.org/10.2147/ijn.s17296,2011,Recent advances of chitosan nanoparticles as drug carriers
snapshot_1,Topic_carbon-coated_microspheres_2009-2018_Knowledge.txt,152,https://openalex.org/W2130163349,https://doi.org/10.1515/nanoph-2012-0021,2012,Review Label-free detection with high-Q microcavities: a review of biosensing mechanisms for integrated devices
snapshot_1,Topic_carbon-coated_microspheres_2009-2018_Knowledge.txt,153,https://openalex.org/W2001852846,https://doi.org/10.3390/md8051567,2010,Application of Spectroscopic Methods for Structural Analysis of Chitin and Chitosan
snapshot_1,Topic_carbon-coated_microspheres_2009-2018_Knowledge.txt,154,https://openalex.org/W2241227789,https://doi.org/10.3390/polym8010020,2016,Biomedical Applications of Biodegradable Polyesters
snapshot_1,Topic_carbon-coated_microspheres_2009-2018_Knowledge.txt,155,https://openalex.org/W2090249020,https://doi.org/10.3390/ijms10020441,2009,Quantum Dots for Live Cell and In Vivo Imaging
snapshot_1,Topic_carbon-coated_microspheres_2009-2018_Knowledge.txt,156,https://openalex.org/W2130974392,https://doi.org/10.3390/s90201033,2009,Recent Advances in Nanotechnology Applied to Biosensors
snapshot_1,Topic_carbon-coated_microspheres_2009-2018_Knowledge.txt,157,https://openalex.org/W2580930337,https://doi.org/10.1007/s40097-017-0219-4,2017,The role of nanomaterials as effective adsorbents and their applications in wastewater treatment
snapshot_1,Topic_carbon-coated_microspheres_2009-2018_Knowledge.txt,158,https://openalex.org/W2158508516,https://doi.org/10.3390/ma3042260,2010,Quantum Dots and Their Multimodal Applications: A Review
snapshot_1,Topic_carbon-coated_microspheres_2009-2018_Knowledge.txt,159,https://openalex.org/W1560913906,https://doi.org/10.1002/elsc.201100225,2012,Enzyme stabilization by nano/microsized hybrid materials
snapshot_1,Topic_carbon-coated_microspheres_2009-2018_Knowledge.txt,160,https://openalex.org/W2121164620,https://doi.org/10.3390/nano5041667,2015,Mesoporous Transition Metal Oxides for Supercapacitors
snapshot_1,Topic_carbon-coated_microspheres_2009-2018_Knowledge.txt,161,https://openalex.org/W2094268759,https://doi.org/10.3390/md13010312,2015,Recent Modifications of Chitosan for Adsorption Applications: A Critical and Systematic Review
snapshot_1,Topic_carbon-coated_microspheres_2009-2018_Knowledge.txt,162,https://openalex.org/W2371893820,https://doi.org/10.1002/advs.201500286,2016,Transition Metal Carbides and Nitrides in Energy Storage and Conversion
snapshot_1,Topic_carbon-coated_microspheres_2009-2018_Knowledge.txt,163,https://openalex.org/W631402758,https://doi.org/10.13182/nt14-88,2015,"Spent Nuclear Fuel and Graphite Management for Salt-Cooled Reactors: Storage, Safeguards, and Repository Disposal"
snapshot_1,Topic_carbon-coated_microspheres_2009-2018_Knowledge.txt,164,https://openalex.org/W2001086979,https://doi.org/10.3390/s140507881,2014,"Humidity Sensors Principle, Mechanism, and Fabrication Technologies: A Comprehensive Review"
snapshot_1,Topic_carbon-coated_microspheres_2009-2018_Knowledge.txt,165,https://openalex.org/W2561959357,https://doi.org/10.1155/2016/7697031,2016,Alginate: Current Use and Future Perspectives in Pharmaceutical and Biomedical Applications
snapshot_1,Topic_carbon-coated_microspheres_2009-2018_Knowledge.txt,166,https://openalex.org/W2806249186,https://doi.org/10.3390/antibiotics7020046,2018,"Iron Oxide Nanoparticles for Biomedical Applications: A Perspective on Synthesis, Drugs, Antimicrobial Activity, and Toxicity"
snapshot_1,Topic_carbon-coated_microspheres_2009-2018_Knowledge.txt,167,https://openalex.org/W2000237980,https://doi.org/10.2147/nsa.s19419,2011,Titanium dioxide and zinc oxide nanoparticles in sunscreens: focus on their safety and effectiveness
snapshot_1,Topic_carbon-coated_microspheres_2009-2018_Knowledge.txt,168,https://openalex.org/W2087813165,https://doi.org/10.1038/ncomms7786,2015,Self-templated chemically stable hollow spherical covalent organic framework
snapshot_1,Topic_carbon-coated_microspheres_2009-2018_Knowledge.txt,169,https://openalex.org/W2533416009,https://doi.org/10.1038/ncomms13216,2016,Ultrasmall and phase-pure W2C nanoparticles for efficient electrocatalytic and photoelectrochemical hydrogen evolution
snapshot_1,Topic_carbon-coated_microspheres_2009-2018_Knowledge.txt,170,https://openalex.org/W2765471533,https://doi.org/10.1021/acs.chemrev.7b00329,2017,Catalysis as an Enabling Science for Sustainable Polymers
snapshot_1,Topic_carbon-coated_microspheres_2009-2018_Knowledge.txt,171,https://openalex.org/W2096054643,https://doi.org/10.1093/toxsci/kfp087,2009,Mechanisms of Quantum Dot Nanoparticle Cellular Uptake
snapshot_1,Topic_carbon-coated_microspheres_2009-2018_Knowledge.txt,172,https://openalex.org/W2418356540,https://doi.org/10.1007/s40820-014-0023-3,2014,Zinc Oxide Nanostructures for NO2 Gas–Sensor Applications: A Review
snapshot_1,Topic_carbon-coated_microspheres_2009-2018_Knowledge.txt,173,https://openalex.org/W2523161280,https://doi.org/10.1016/j.pecs.2016.09.001,2016,"Electrocatalysts for the generation of hydrogen, oxygen and synthesis gas"
snapshot_1,Topic_carbon-coated_microspheres_2009-2018_Knowledge.txt,174,https://openalex.org/W2096574426,https://doi.org/10.1039/c5cs00133a,2015,Bio-inspired synthesis of metal nanomaterials and applications
snapshot_1,Topic_carbon-coated_microspheres_2009-2018_Knowledge.txt,175,https://openalex.org/W2892069689,https://doi.org/10.2147/dddt.s165440,2018,Current development of biodegradable polymeric materials for biomedical applications
snapshot_1,Topic_carbon-coated_microspheres_2009-2018_Knowledge.txt,176,https://openalex.org/W1998989840,https://doi.org/10.3389/fcimb.2013.00013,2013,Vaccine delivery using nanoparticles
snapshot_1,Topic_carbon-coated_microspheres_2009-2018_Knowledge.txt,177,https://openalex.org/W2414107837,https://doi.org/10.1039/c6cs00173d,2016,The rise of organic electrode materials for energy storage
snapshot_1,Topic_carbon-coated_microspheres_2009-2018_Knowledge.txt,178,https://openalex.org/W2049411108,https://doi.org/10.1021/nl504038s,2014,Graphene Quantum Dots Coated VO<sub>2</sub> Arrays for Highly Durable Electrodes for Li and Na Ion Batteries
snapshot_1,Topic_carbon-coated_microspheres_2009-2018_Knowledge.txt,179,https://openalex.org/W2150367477,https://doi.org/10.1039/c3ra40497h,2013,Superhydrophobic surfaces for the reduction of bacterial adhesion
snapshot_1,Topic_carbon-coated_microspheres_2009-2018_Knowledge.txt,180,https://openalex.org/W2618974892,https://doi.org/10.2147/ijn.s132780,2017,"High drug-loading nanomedicines: progress, current status, and prospects"
snapshot_1,Topic_carbon-coated_microspheres_2009-2018_Knowledge.txt,181,https://openalex.org/W1831870272,https://doi.org/10.1360/n032014-00115,2014,Synthesis of Na&amp;lt;sub&amp;gt;2&amp;lt;/sub&amp;gt;Ti&amp;lt;sub&amp;gt;3&amp;lt;/sub&amp;gt;O&amp;lt;sub&amp;gt;7&amp;lt;/sub&amp;gt;@MWCNTs anode material by spray-drying method of sol-gel precursor for sodium-ion batteries
snapshot_1,Topic_carbon-coated_microspheres_2009-2018_Knowledge.txt,182,https://openalex.org/W2151996078,https://doi.org/10.3389/fmicb.2014.00770,2015,"Rapid methods for the detection of foodborne bacterial pathogens: principles, applications, advantages and limitations"
snapshot_1,Topic_carbon-coated_microspheres_2009-2018_Knowledge.txt,183,https://openalex.org/W2895497426,https://doi.org/10.3389/fimmu.2018.02224,2018,Nanoparticle Vaccines Against Infectious Diseases
snapshot_1,Topic_carbon-coated_microspheres_2009-2018_Knowledge.txt,184,https://openalex.org/W2130427171,https://doi.org/10.3390/nano4020222,2014,Recent Advances in the Application of Magnetic Nanoparticles as a Support for Homogeneous Catalysts
snapshot_1,Topic_carbon-coated_microspheres_2009-2018_Knowledge.txt,185,https://openalex.org/W2164755302,https://doi.org/10.1002/etc.2470,2013,"Cellular uptake of nanoparticles as determined by particle properties, experimental conditions, and cell type"
snapshot_1,Topic_carbon-coated_microspheres_2009-2018_Knowledge.txt,186,https://openalex.org/W2763197985,https://doi.org/10.1021/acs.chemrev.7b00291,2017,Nature-Inspired Structural Materials for Flexible Electronic Devices
snapshot_1,Topic_carbon-coated_microspheres_2009-2018_Knowledge.txt,187,https://openalex.org/W2790211976,https://doi.org/10.3390/ma11020324,2018,Fe3O4 Nanoparticles in Targeted Drug/Gene Delivery Systems
snapshot_1,Topic_carbon-coated_microspheres_2009-2018_Knowledge.txt,188,https://openalex.org/W2111195311,https://doi.org/10.1186/1749-799x-9-18,2014,"Bone regenerative medicine: classic options, novel strategies, and future directions"
snapshot_1,Topic_carbon-coated_microspheres_2009-2018_Knowledge.txt,189,https://openalex.org/W2149346046,https://doi.org/10.1016/s2221-1691(13)60060-x,2013,Bioavailability enhancers of herbal origin: An overview
snapshot_1,Topic_carbon-coated_microspheres_2009-2018_Knowledge.txt,190,https://openalex.org/W2265225559,https://doi.org/10.3390/polym8020042,2016,Application of Collagen Scaffold in Tissue Engineering: Recent Advances and New Perspectives
snapshot_1,Topic_carbon-coated_microspheres_2009-2018_Knowledge.txt,191,https://openalex.org/W2040697085,https://doi.org/10.1039/c4ra06658h,2014,Principles and mechanisms of photocatalytic dye degradation on TiO<sub>2</sub>based photocatalysts: a comparative overview
snapshot_1,Topic_carbon-coated_microspheres_2009-2018_Knowledge.txt,192,https://openalex.org/W2620966967,https://doi.org/10.23939/chcht10.01.063,2016,Ultralight Surface-Active Systems for Preventing Liquid Hydrocarbons Evaporation
snapshot_1,Topic_carbon-coated_microspheres_2009-2018_Knowledge.txt,193,https://openalex.org/W2274628565,https://doi.org/10.1021/am502675c,2014,Dual-Phase Spinel MnCo<sub>2</sub>O<sub>4</sub>and Spinel MnCo<sub>2</sub>O<sub>4</sub>/Nanocarbon Hybrids for Electrocatalytic Oxygen Reduction and Evolution
snapshot_1,Topic_carbon-coated_microspheres_2009-2018_Knowledge.txt,194,https://openalex.org/W2803382170,https://doi.org/10.1002/jssc.201800151,2018,Cost‐efficient magnetic nanoporous carbon derived from citrus peel for the selective adsorption of seven insecticides
snapshot_1,Topic_carbon-coated_microspheres_2009-2018_Knowledge.txt,195,https://openalex.org/W2072018844,https://doi.org/10.3390/md8041305,2010,Chitosan Based Polyelectrolyte Complexes as Potential Carrier Materials in Drug Delivery Systems
snapshot_1,Topic_carbon-coated_microspheres_2009-2018_Knowledge.txt,196,https://openalex.org/W2076921592,https://doi.org/10.3390/ijms16012099,2015,Antimicrobial Polymers with Metal Nanoparticles
snapshot_1,Topic_carbon-coated_microspheres_2009-2018_Knowledge.txt,197,https://openalex.org/W1967572225,https://doi.org/10.1038/srep00986,2012,CoMn2O4 Spinel Hierarchical Microspheres Assembled with Porous Nanosheets as Stable Anodes for Lithium-ion Batteries
snapshot_1,Topic_carbon-coated_microspheres_2009-2018_Knowledge.txt,198,https://openalex.org/W2129899383,https://doi.org/10.5194/acp-10-6363-2010,2010,Brown carbon in tar balls from smoldering biomass combustion
snapshot_1,Topic_carbon-coated_microspheres_2009-2018_Knowledge.txt,199,https://openalex.org/W2158846175,https://doi.org/10.1186/s12951-014-0062-4,2015,The oxidative potential of differently charged silver and gold nanoparticles on three human lung epithelial cell types
snapshot_1,Topic_carbon-coated_microspheres_2009-2018_Knowledge.txt,200,https://openalex.org/W1998552050,https://doi.org/10.1155/2014/398569,2014,Application of Iron Oxide Nanomaterials for the Removal of Heavy Metals
snapshot_1,Topic_carbon-coated_microspheres_2009-2018_Knowledge.txt,201,https://openalex.org/W2005927954,https://doi.org/10.1039/c2cs35309a,2012,Bottom-up assembly of photonic crystals
snapshot_1,Topic_carbon-coated_microspheres_2009-2018_Knowledge.txt,202,https://openalex.org/W2275002695,https://doi.org/10.1007/s11095-016-1885-5,2016,Microneedles: A New Frontier in Nanomedicine Delivery
snapshot_1,Topic_carbon-coated_microspheres_2009-2018_Knowledge.txt,203,https://openalex.org/W2085231497,https://doi.org/10.1007/s12601-010-0007-2,2010,"Growth, feeding and ecological roles of the mixotrophic and heterotrophic dinoflagellates in marine planktonic food webs"
snapshot_1,Topic_carbon-coated_microspheres_2009-2018_Knowledge.txt,204,https://openalex.org/W2009271116,https://doi.org/10.1155/2013/789289,2013,A Review of the Effect of Processing Variables on the Fabrication of Electrospun Nanofibers for Drug Delivery Applications
snapshot_1,Topic_carbon-coated_microspheres_2009-2018_Knowledge.txt,205,https://openalex.org/W2808092068,https://doi.org/10.1038/s41467-018-04794-5,2018,Optimization of the structural characteristics of CaO and its effective stabilization yield high-capacity CO2 sorbents
snapshot_1,Topic_carbon-coated_microspheres_2009-2018_Knowledge.txt,206,https://openalex.org/W1619968654,https://doi.org/10.1063/1.3456626,2010,"Review Article—Dielectrophoresis: Status of the theory, technology, and applications"
snapshot_1,Topic_carbon-coated_microspheres_2009-2018_Knowledge.txt,207,https://openalex.org/W1947786635,https://doi.org/10.1039/c5cs00040h,2015,Gas sensing using porous materials for automotive applications
snapshot_1,Topic_carbon-coated_microspheres_2009-2018_Knowledge.txt,208,https://openalex.org/W2750949757,https://doi.org/10.1039/c7ta05283a,2017,"Nanostructured anode materials for lithium-ion batteries: principle, recent progress and future perspectives"
snapshot_1,Topic_carbon-coated_microspheres_2009-2018_Knowledge.txt,209,https://openalex.org/W2144807500,https://doi.org/10.1007/s40089-015-0163-6,2015,A chemical reduction approach to the synthesis of copper nanoparticles
snapshot_1,Topic_carbon-coated_microspheres_2009-2018_Knowledge.txt,210,https://openalex.org/W2461909646,https://doi.org/10.3389/fphar.2016.00185,2016,Bioerodable PLGA-Based Microparticles for Producing Sustained-Release Drug Formulations and Strategies for Improving Drug Loading
snapshot_1,Topic_carbon-coated_microspheres_2009-2018_Knowledge.txt,211,https://openalex.org/W2745464750,https://doi.org/10.1039/c6cs00752j,2017,Counter electrodes in dye-sensitized solar cells
snapshot_1,Topic_carbon-coated_microspheres_2009-2018_Knowledge.txt,212,https://openalex.org/W2402351493,https://doi.org/10.1038/srep26146,2016,One-pot hydrothermal synthesis of Nitrogen-doped graphene as high-performance anode materials for lithium ion batteries
snapshot_1,Topic_carbon-coated_microspheres_2009-2018_Knowledge.txt,213,https://openalex.org/W2147389542,https://doi.org/10.1071/ch12295,2012,Living Radical Polymerization by the RAFT Process – A Third Update
snapshot_1,Topic_carbon-coated_microspheres_2009-2018_Knowledge.txt,214,https://openalex.org/W2748662798,https://doi.org/10.3390/polym9080364,2017,Hydrogel Based Sensors for Biomedical Applications: An Updated Review
snapshot_1,Topic_carbon-coated_microspheres_2009-2018_Knowledge.txt,215,https://openalex.org/W2076707420,https://doi.org/10.3390/ijms11072636,2010,Conducting Polymer Nanostructures: Template Synthesis and Applications in Energy Storage
snapshot_1,Topic_carbon-coated_microspheres_2009-2018_Knowledge.txt,216,https://openalex.org/W2778806682,https://doi.org/10.1007/s40820-017-0179-8,2017,Porous Graphene Microflowers for High-Performance Microwave Absorption
snapshot_1,Topic_carbon-coated_microspheres_2009-2018_Knowledge.txt,217,https://openalex.org/W2046564987,https://doi.org/10.2147/ijn.s17595,2011,Composite poly(vinyl alcohol)/poly(vinyl acetate) electrospun nanofibrous mats as a novel wound dressing matrix for controlled release of drugs
snapshot_1,Topic_carbon-coated_microspheres_2009-2018_Knowledge.txt,218,https://openalex.org/W1909728874,https://doi.org/10.1111/j.2042-7158.2010.01167.x,2010,"Advancement in carbon nanotubes: basics, biomedical applications and toxicity"
snapshot_1,Topic_carbon-coated_microspheres_2009-2018_Knowledge.txt,219,https://openalex.org/W2119942076,https://doi.org/10.5185/amlett.2010.3108,2010,Carboxymethyl Chitosan And Its Applications
snapshot_1,Topic_carbon-coated_microspheres_2009-2018_Knowledge.txt,220,https://openalex.org/W2014565104,https://doi.org/10.2147/ccid.s50546,2013,Dermal fillers in aesthetics: an overview of adverse events and treatment approaches
snapshot_1,Topic_carbon-coated_microspheres_2009-2018_Knowledge.txt,221,https://openalex.org/W2988170662,N/A,2016,Adsorption removal of methylene blue from aqueous solution on carbon-coated Fe3O4 microspheres functionalized with chloroacetic acid
snapshot_1,Topic_carbon-coated_microspheres_2009-2018_Knowledge.txt,222,https://openalex.org/W2098205520,https://doi.org/10.2147/ijn.s4937,2009,Nanomedicine in pulmonary delivery
snapshot_1,Topic_carbon-coated_microspheres_2009-2018_Knowledge.txt,223,https://openalex.org/W1988508263,https://doi.org/10.1038/srep05044,2014,Highly exposed {001} facets of titanium dioxide modified with reduced graphene oxide for dopamine sensing
snapshot_1,Topic_carbon-coated_microspheres_2009-2018_Knowledge.txt,224,https://openalex.org/W1961983105,https://doi.org/10.3390/catal5031507,2015,Recent Advances on Electro-Oxidation of Ethanol on Pt- and Pd-Based Catalysts: From Reaction Mechanisms to Catalytic Materials
snapshot_1,Topic_carbon-coated_microspheres_2009-2018_Knowledge.txt,225,https://openalex.org/W2046487574,https://doi.org/10.1371/journal.pone.0080074,2013,Vaginal pH and Microbicidal Lactic Acid When Lactobacilli Dominate the Microbiota
snapshot_1,Topic_carbon-coated_microspheres_2009-2018_Knowledge.txt,226,https://openalex.org/W2332129628,https://doi.org/10.1021/nn506624g,2015,Template-Free Synthesis of Hollow-Structured Co<sub>3</sub>O<sub>4</sub>Nanoparticles as High-Performance Anodes for Lithium-Ion Batteries
snapshot_1,Topic_carbon-coated_microspheres_2009-2018_Knowledge.txt,227,https://openalex.org/W2345362684,N/A,2012,Electromagnetic interference (EMI) shielding effectiveness (SE) of syntactic foam containing metal-coated hollow carbon microspheres.
snapshot_1,Topic_carbon-coated_microspheres_2009-2018_Knowledge.txt,228,https://openalex.org/W1965606768,https://doi.org/10.1021/nn506223h,2015,Prospects of Nanoscience with Nanocrystals
snapshot_1,Topic_carbon-coated_microspheres_2009-2018_Knowledge.txt,229,https://openalex.org/W2799893835,https://doi.org/10.1038/s41578-018-0006-y,2018,Biofabrication strategies for 3D in vitro models and regenerative medicine
snapshot_1,Topic_carbon-coated_microspheres_2009-2018_Knowledge.txt,230,https://openalex.org/W2785056120,https://doi.org/10.3390/molecules23020362,2018,Biodegradable and Biocompatible Polyhydroxy-alkanoates (PHA): Auspicious Microbial Macromolecules for Pharmaceutical and Therapeutic Applications
snapshot_1,Topic_carbon-coated_microspheres_2009-2018_Knowledge.txt,231,https://openalex.org/W2905151029,https://doi.org/10.3389/fchem.2018.00619,2018,Magnetic Drug Delivery: Where the Field Is Going
snapshot_1,Topic_carbon-coated_microspheres_2009-2018_Knowledge.txt,232,https://openalex.org/W2094456976,https://doi.org/10.1007/s40089-014-0094-7,2014,Nanomedicine and drug delivery: a mini review
snapshot_1,Topic_carbon-coated_microspheres_2009-2018_Knowledge.txt,233,https://openalex.org/W2772176268,https://doi.org/10.3390/nu9121348,2017,"Short Chain Fatty Acids in the Colon and Peripheral Tissues: A Focus on Butyrate, Colon Cancer, Obesity and Insulin Resistance"
snapshot_1,Topic_carbon-coated_microspheres_2009-2018_Knowledge.txt,234,https://openalex.org/W2092492961,https://doi.org/10.1155/2012/831524,2011,"Ti<sup>3+</sup> in the Surface of Titanium Dioxide: Generation, Properties and Photocatalytic Application"
snapshot_1,Topic_carbon-coated_microspheres_2009-2018_Knowledge.txt,235,https://openalex.org/W2196391893,https://doi.org/10.3390/md13127068,2015,Genipin-Crosslinked Chitosan Gels and Scaffolds for Tissue Engineering and Regeneration of Cartilage and Bone
snapshot_1,Topic_carbon-coated_microspheres_2009-2018_Knowledge.txt,236,https://openalex.org/W2086837440,https://doi.org/10.1039/c4cs00186a,2014,Surface modification and characterization of photon-upconverting nanoparticles for bioanalytical applications
snapshot_1,Topic_carbon-coated_microspheres_2009-2018_Knowledge.txt,237,https://openalex.org/W2161827939,https://doi.org/10.1007/s40089-015-0158-3,2015,Catalytic reduction of methylene blue and Congo red dyes using green synthesized gold nanoparticles capped by salmalia malabarica gum
snapshot_1,Topic_carbon-coated_microspheres_2009-2018_Knowledge.txt,238,https://openalex.org/W1889057832,https://doi.org/10.1038/ncomms8402,2015,General synthesis of complex nanotubes by gradient electrospinning and controlled pyrolysis
snapshot_1,Topic_carbon-coated_microspheres_2009-2018_Knowledge.txt,239,https://openalex.org/W2136379279,https://doi.org/10.1186/1556-276x-6-434,2011,Structural and thermal studies of silver nanoparticles and electrical transport study of their thin films
snapshot_1,Topic_carbon-coated_microspheres_2009-2018_Knowledge.txt,240,https://openalex.org/W2035552679,https://doi.org/10.3390/molecules19044256,2014,Superhydrophobic Surfaces Developed by Mimicking Hierarchical Surface Morphology of Lotus Leaf
snapshot_1,Topic_carbon-coated_microspheres_2009-2018_Knowledge.txt,241,https://openalex.org/W1977718036,https://doi.org/10.2147/ijn.s18905,2011,Polylactide-co-glycolide nanoparticles for controlled delivery of anticancer agents
snapshot_1,Topic_carbon-coated_microspheres_2009-2018_Knowledge.txt,242,https://openalex.org/W2012407073,https://doi.org/10.1039/c3cs60058k,2013,Magnetic responsive polymer composite materials
snapshot_1,Topic_carbon-coated_microspheres_2009-2018_Knowledge.txt,243,https://openalex.org/W1522684651,https://doi.org/10.5772/23927,2012,"Poly(Lactic Acid)-Based Biomaterials: Synthesis, Modification and Applications"
snapshot_1,Topic_carbon-coated_microspheres_2009-2018_Knowledge.txt,244,https://openalex.org/W1987705633,https://doi.org/10.1038/ncomms6716,2015,An iron-based green approach to 1-h production of single-layer graphene oxide
snapshot_1,Topic_carbon-coated_microspheres_2009-2018_Knowledge.txt,245,https://openalex.org/W1999458305,https://doi.org/10.3390/ijms11062336,2010,A Review of Photocatalysts Prepared by Sol-Gel Method for VOCs Removal
snapshot_1,Topic_carbon-coated_microspheres_2009-2018_Knowledge.txt,246,https://openalex.org/W2784648116,https://doi.org/10.1002/adma.201707035,2018,Soft Robotic Grippers
snapshot_1,Topic_carbon-coated_microspheres_2009-2018_Knowledge.txt,247,https://openalex.org/W2794869591,https://doi.org/10.3390/pharmaceutics10020042,2018,Alginate in Wound Dressings
snapshot_1,Topic_carbon-coated_microspheres_2009-2018_Knowledge.txt,248,https://openalex.org/W2518461076,https://doi.org/10.1146/annurev-food-030216-030154,2017,Recent Advances in the Utilization of Natural Emulsifiers to Form and Stabilize Emulsions
snapshot_1,Topic_carbon-coated_microspheres_2009-2018_Knowledge.txt,249,https://openalex.org/W2041113176,https://doi.org/10.1073/pnas.1220992110,2013,"High-performance hollow sulfur nanostructured battery cathode through a scalable, room temperature, one-step, bottom-up approach"
snapshot_1,Topic_carbon-coated_microspheres_2009-2018_Knowledge.txt,250,https://openalex.org/W2331702016,https://doi.org/10.1021/cr5000943,2014,Immobilization of Antibodies and Enzymes on 3-Aminopropyltriethoxysilane-Functionalized Bioanalytical Platforms for Biosensors and Diagnostics
snapshot_1,Topic_carbon-coated_microspheres_2009-2018_Knowledge.txt,251,https://openalex.org/W2108493892,https://doi.org/10.1155/2013/313081,2013,Detection Limits of DLS and UV‐Vis Spectroscopy in Characterization of Polydisperse Nanoparticles Colloids
snapshot_1,Topic_carbon-coated_microspheres_2009-2018_Knowledge.txt,252,https://openalex.org/W2473736632,https://doi.org/10.3390/molecules21070836,2016,Nanoparticles: Alternatives Against Drug-Resistant Pathogenic Microbes
snapshot_1,Topic_carbon-coated_microspheres_2009-2018_Knowledge.txt,253,https://openalex.org/W2055928970,https://doi.org/10.1371/journal.pone.0032616,2012,Curcumin Loaded-PLGA Nanoparticles Conjugated with Tet-1 Peptide for Potential Use in Alzheimer's Disease
snapshot_1,Topic_carbon-coated_microspheres_2009-2018_Knowledge.txt,254,https://openalex.org/W2051243774,https://doi.org/10.3390/s120911505,2012,Recent Advances in Paper-Based Sensors
snapshot_1,Topic_carbon-coated_microspheres_2009-2018_Knowledge.txt,255,https://openalex.org/W2800829505,https://doi.org/10.3390/nano8040256,2018,"Recent Advances in Metal Chalcogenides (MX; X = S, Se) Nanostructures for Electrochemical Supercapacitor Applications: A Brief Review"
snapshot_1,Topic_carbon-coated_microspheres_2009-2018_Knowledge.txt,256,https://openalex.org/W2793912109,https://doi.org/10.1002/adma.201703779,2018,Advanced Materials through Assembly of Nanocelluloses
snapshot_1,Topic_carbon-coated_microspheres_2009-2018_Knowledge.txt,257,https://openalex.org/W1793664991,https://doi.org/10.1039/c5ra08321d,2015,Advances and challenges of sodium ion batteries as post lithium ion batteries
snapshot_1,Topic_carbon-coated_microspheres_2009-2018_Knowledge.txt,258,https://openalex.org/W2130448491,https://doi.org/10.1186/1743-8977-10-9,2013,"Comparative absorption, distribution, and excretion of titanium dioxide and zinc oxide nanoparticles after repeated oral administration"
snapshot_1,Topic_carbon-coated_microspheres_2009-2018_Knowledge.txt,259,https://openalex.org/W2626709459,https://doi.org/10.1002/adma.201700542,2017,Anode Improvement in Rechargeable Lithium–Sulfur Batteries
snapshot_1,Topic_carbon-coated_microspheres_2009-2018_Knowledge.txt,260,https://openalex.org/W2486217326,https://doi.org/10.1051/matecconf/20166702018,2016,Preparation of Fe<sub>3</sub>O<sub>4</sub>/carbon Composites on the Basis of Cellulose Microspheres and their Application as Anode Material for Lithium-ion Batteries
snapshot_1,Topic_carbon-coated_microspheres_2009-2018_Knowledge.txt,261,https://openalex.org/W2776618798,https://doi.org/10.3389/fpls.2017.02202,2017,Biostimulant Action of Protein Hydrolysates: Unraveling Their Effects on Plant Physiology and Microbiome
snapshot_1,Topic_carbon-coated_microspheres_2009-2018_Knowledge.txt,262,https://openalex.org/W2150092048,https://doi.org/10.7150/thno.6914,2014,Current Progress in Gene Delivery Technology Based on Chemical Methods and Nano-carriers
snapshot_1,Topic_carbon-coated_microspheres_2009-2018_Knowledge.txt,263,https://openalex.org/W2899983714,https://doi.org/10.1149/2.1031814jes,2018,Polydopamine Decorated Co<sub>3</sub>O<sub>4</sub>/Reduced Graphene Oxide Composite for Efficient and Selective Sensing of Histidine: Restructuring α-Cobalt Hydroxide to Highly Crystalline Co<sub>3</sub>O<sub>4</sub> Sheets
snapshot_1,Topic_carbon-coated_microspheres_2009-2018_Knowledge.txt,264,https://openalex.org/W2709355658,https://doi.org/10.1039/c7dt01289f,2017,Interconnected hierarchical NiCo<sub>2</sub>O<sub>4</sub> microspheres as high-performance electrode materials for supercapacitors
snapshot_1,Topic_carbon-coated_microspheres_2009-2018_Knowledge.txt,265,https://openalex.org/W2795036045,https://doi.org/10.1002/aenm.201703496,2018,Bismuth Microparticles as Advanced Anodes for Potassium‐Ion Battery
snapshot_1,Topic_carbon-coated_microspheres_2009-2018_Knowledge.txt,266,https://openalex.org/W1781591963,https://doi.org/10.2147/ijn.s92162,2015,Natural product-based nanomedicine: recent advances and issues
snapshot_1,Topic_carbon-coated_microspheres_2009-2018_Knowledge.txt,267,https://openalex.org/W2529516805,https://doi.org/10.4172/2161-1009.1000178,2015,Enzyme Immobilization: An Overview on Nanoparticles as Immobilization Matrix
snapshot_1,Topic_carbon-coated_microspheres_2009-2018_Knowledge.txt,268,https://openalex.org/W2368963015,https://doi.org/10.3724/sp.j.1123.2013.04015,2013,Preparation and application of solid phase extraction packing of zirconia microsphere coated with sulfonated crosslinked polystyrene
snapshot_1,Topic_carbon-coated_microspheres_2009-2018_Knowledge.txt,269,https://openalex.org/W2168814482,https://doi.org/10.1590/s0104-66322011000300001,2011,Preparation and application of chitosan nanoparticles and nanofibers
snapshot_1,Topic_carbon-coated_microspheres_2009-2018_Knowledge.txt,270,https://openalex.org/W2702582144,https://doi.org/10.1016/j.aca.2017.05.035,2017,"Review of geometries and coating materials in solid phase microextraction: Opportunities, limitations, and future perspectives"
snapshot_1,Topic_carbon-coated_microspheres_2009-2018_Knowledge.txt,271,https://openalex.org/W1828519757,https://doi.org/10.1002/2015wr017318,2015,Predicting colloid transport through saturated porous media: A critical review
snapshot_1,Topic_carbon-coated_microspheres_2009-2018_Knowledge.txt,272,https://openalex.org/W2107620796,https://doi.org/10.1155/2014/786892,2014,Fabrication and Characteristics of Chitosan Sponge as a Tissue Engineering Scaffold
snapshot_1,Topic_carbon-coated_microspheres_2009-2018_Knowledge.txt,273,https://openalex.org/W2037694878,https://doi.org/10.3390/molecules191221506,2014,Bio and Nanomaterials Based on Fe3O4
snapshot_1,Topic_carbon-coated_microspheres_2009-2018_Knowledge.txt,274,https://openalex.org/W2145562853,https://doi.org/10.2147/ijn.s5581,2009,Fabrication and characterization of silk fibroin-derived curcumin nanoparticles for cancer therapy
snapshot_1,Topic_carbon-coated_microspheres_2009-2018_Knowledge.txt,275,https://openalex.org/W2064920487,https://doi.org/10.1038/srep04824,2014,MnO2 Nanorods Intercalating Graphene Oxide/Polyaniline Ternary Composites for Robust High-Performance Supercapacitors
snapshot_1,Topic_carbon-coated_microspheres_2009-2018_Knowledge.txt,276,https://openalex.org/W2016009059,https://doi.org/10.1504/ijbnn.2013.054515,2013,Nanoparticle toxicity by the gastrointestinal route: evidence and knowledge gaps
snapshot_1,Topic_carbon-coated_microspheres_2009-2018_Knowledge.txt,277,https://openalex.org/W2260789390,https://doi.org/10.1039/c5ta10063a,2016,The influence of pore size distribution on the oxygen reduction reaction performance in nitrogen doped carbon microspheres
snapshot_1,Topic_carbon-coated_microspheres_2009-2018_Knowledge.txt,278,https://openalex.org/W2078119797,https://doi.org/10.3390/catal3010036,2013,"Brookite, the Least Known TiO2 Photocatalyst"
snapshot_1,Topic_carbon-coated_microspheres_2009-2018_Knowledge.txt,279,https://openalex.org/W4211196871,https://doi.org/10.1002/advs.201700527,2018,Antibacterial Hydrogels
snapshot_1,Topic_carbon-coated_microspheres_2009-2018_Knowledge.txt,280,https://openalex.org/W1967458916,https://doi.org/10.3390/ma7020673,2014,Organic-Inorganic Hybrid Polymers as Adsorbents for Removal of Heavy Metal Ions from Solutions: A Review
snapshot_1,Topic_carbon-coated_microspheres_2009-2018_Knowledge.txt,281,https://openalex.org/W2897274740,https://doi.org/10.3390/molecules23102684,2018,Cellulose Nanomaterials—Binding Properties and Applications: A Review
snapshot_1,Topic_carbon-coated_microspheres_2009-2018_Knowledge.txt,282,https://openalex.org/W2784009862,https://doi.org/10.1039/c7ee02934a,2018,Rationally designed hierarchical N-doped carbon@NiCo<sub>2</sub>O<sub>4</sub> double-shelled nanoboxes for enhanced visible light CO<sub>2</sub> reduction
snapshot_1,Topic_carbon-coated_microspheres_2009-2018_Knowledge.txt,283,https://openalex.org/W1976970707,https://doi.org/10.1039/c4nr03124e,2014,Synthetic micro/nanomotors in drug delivery
snapshot_1,Topic_carbon-coated_microspheres_2009-2018_Knowledge.txt,284,https://openalex.org/W2622418749,https://doi.org/10.3390/nano7060142,2017,Review of SERS Substrates for Chemical Sensing
snapshot_1,Topic_carbon-coated_microspheres_2009-2018_Knowledge.txt,285,https://openalex.org/W2792682530,https://doi.org/10.1002/aenm.201702695,2018,"High Volumetric Capacitance, Ultralong Life Supercapacitors Enabled by Waxberry‐Derived Hierarchical Porous Carbon Materials"
snapshot_1,Topic_carbon-coated_microspheres_2009-2018_Knowledge.txt,286,https://openalex.org/W1996978558,https://doi.org/10.3390/ijms150711878,2014,Bioactive Coatings for Orthopaedic Implants—Recent Trends in Development of Implant Coatings
snapshot_1,Topic_carbon-coated_microspheres_2009-2018_Knowledge.txt,287,https://openalex.org/W2462313124,https://doi.org/10.3390/polym8070262,2016,Bio-Based Polymers with Potential for Biodegradability
snapshot_1,Topic_carbon-coated_microspheres_2009-2018_Knowledge.txt,288,https://openalex.org/W2011335750,https://doi.org/10.1038/ncomms7295,2015,Self-assembled hydrogels utilizing polymer–nanoparticle interactions
snapshot_1,Topic_carbon-coated_microspheres_2009-2018_Knowledge.txt,289,https://openalex.org/W2036596008,https://doi.org/10.3390/pathogens2020288,2013,From in vitro to in vivo Models of Bacterial Biofilm-Related Infections
snapshot_1,Topic_carbon-coated_microspheres_2009-2018_Knowledge.txt,290,https://openalex.org/W2795428283,https://doi.org/10.1039/c8en00156a,2018,Emerging investigator series: the rise of nano-enabled photothermal materials for water evaporation and clean water production by sunlight
snapshot_1,Topic_carbon-coated_microspheres_2009-2018_Knowledge.txt,291,https://openalex.org/W2095773862,https://doi.org/10.1155/2013/581684,2013,Advances in the Applications of Polyhydroxyalkanoate Nanoparticles for Novel Drug Delivery System
snapshot_1,Topic_carbon-coated_microspheres_2009-2018_Knowledge.txt,292,https://openalex.org/W2324366651,https://doi.org/10.3390/ma9040262,2016,"Polymer Nanocomposites—A Comparison between Carbon Nanotubes, Graphene, and Clay as Nanofillers"
snapshot_1,Topic_carbon-coated_microspheres_2009-2018_Knowledge.txt,293,https://openalex.org/W1964784954,https://doi.org/10.1038/srep02527,2013,Facile and Green Synthesis of Palladium Nanoparticles-Graphene-Carbon Nanotube Material with High Catalytic Activity
snapshot_1,Topic_carbon-coated_microspheres_2009-2018_Knowledge.txt,294,https://openalex.org/W1977256998,https://doi.org/10.3390/ijms16034880,2015,Silk Fibroin-Based Nanoparticles for Drug Delivery
snapshot_1,Topic_carbon-coated_microspheres_2009-2018_Knowledge.txt,295,https://openalex.org/W2010564598,https://doi.org/10.3390/s90604804,2009,Microfluidic Systems for Pathogen Sensing: A Review
snapshot_1,Topic_carbon-coated_microspheres_2009-2018_Knowledge.txt,296,https://openalex.org/W2791240048,https://doi.org/10.1007/s13201-018-0661-6,2018,Removal of heavy metals and pollutants by membrane adsorption techniques
snapshot_1,Topic_carbon-coated_microspheres_2009-2018_Knowledge.txt,297,https://openalex.org/W2015097479,https://doi.org/10.3390/md12010300,2014,Chitosan-Alginate Biocomposite Containing Fucoidan for Bone Tissue Engineering
snapshot_1,Topic_carbon-coated_microspheres_2009-2018_Knowledge.txt,298,https://openalex.org/W2196604006,https://doi.org/10.3390/molecules201219884,2015,"Properties and Applications of Polyvinyl Alcohol, Halloysite Nanotubes and Their Nanocomposites"
snapshot_1,Topic_carbon-coated_microspheres_2009-2018_Knowledge.txt,299,https://openalex.org/W2744286776,https://doi.org/10.1038/srep02978,2013,Hierarchically Structured Co3O4@Pt@MnO2 Nanowire Arrays for High-Performance Supercapacitors
snapshot_1,Topic_carbon-coated_microspheres_2009-2018_Knowledge.txt,300,https://openalex.org/W2794182951,https://doi.org/10.3390/ma11020287,2018,Chemical Sensing Applications of ZnO Nanomaterials
snapshot_1,Topic_carbon-coated_microspheres_2009-2018_Knowledge.txt,301,https://openalex.org/W1980087265,https://doi.org/10.3390/ijms151222438,2014,"Recent Advances in Food-Packing, Pharmaceutical and Biomedical Applications of Zein and Zein-Based Materials"
snapshot_1,Topic_carbon-coated_microspheres_2009-2018_Knowledge.txt,302,https://openalex.org/W2019592267,https://doi.org/10.2147/ijn.s47186,2013,Critical evaluation of biodegradable polymers used in nanodrugs
snapshot_1,Topic_carbon-coated_microspheres_2009-2018_Knowledge.txt,303,https://openalex.org/W2606840871,https://doi.org/10.3390/s17040893,2017,Recent Developments in Fiber Optics Humidity Sensors
snapshot_1,Topic_carbon-coated_microspheres_2009-2018_Knowledge.txt,304,https://openalex.org/W2733290666,https://doi.org/10.1038/ncomms15888,2017,Sodium vanadium titanium phosphate electrode for symmetric sodium-ion batteries with high power and long lifespan
snapshot_1,Topic_carbon-coated_microspheres_2009-2018_Knowledge.txt,305,https://openalex.org/W2574108449,https://doi.org/10.1126/sciadv.1601978,2017,Electrospun core-shell microfiber separator with thermal-triggered flame-retardant properties for lithium-ion batteries
snapshot_1,Topic_carbon-coated_microspheres_2009-2018_Knowledge.txt,306,https://openalex.org/W2797304017,https://doi.org/10.1089/ten.teb.2018.0056,2018,The Evolution of Polystyrene as a Cell Culture Material
snapshot_1,Topic_carbon-coated_microspheres_2009-2018_Knowledge.txt,307,https://openalex.org/W1992301388,https://doi.org/10.1155/2014/939378,2014,Nanotechnology in Cancer Drug Delivery and Selective Targeting
snapshot_1,Topic_carbon-coated_microspheres_2009-2018_Knowledge.txt,308,https://openalex.org/W2903613218,https://doi.org/10.3390/polym10121379,2018,"Implantable Polymeric Drug Delivery Devices: Classification, Manufacture, Materials, and Clinical Applications"
snapshot_1,Topic_carbon-coated_microspheres_2009-2018_Knowledge.txt,309,https://openalex.org/W2592555235,https://doi.org/10.1038/ncomms14702,2017,In vivo gastrointestinal drug-release monitoring through second near-infrared window fluorescent bioimaging with orally delivered microcarriers
snapshot_1,Topic_carbon-coated_microspheres_2009-2018_Knowledge.txt,310,https://openalex.org/W2142813994,https://doi.org/10.1007/s11671-010-9728-5,2010,Hollow Nanostructured Anode Materials for Li-Ion Batteries
snapshot_1,Topic_carbon-coated_microspheres_2009-2018_Knowledge.txt,311,https://openalex.org/W2804824261,https://doi.org/10.1021/acssuschemeng.8b01652,2018,Understanding Lignin Aggregation Processes. A Case Study: Budesonide Entrapment and Stimuli Controlled Release from Lignin Nanoparticles
snapshot_1,Topic_carbon-coated_microspheres_2009-2018_Knowledge.txt,312,https://openalex.org/W2587645502,https://doi.org/10.1038/srep41978,2017,Black TiO2 nanobelts/g-C3N4 nanosheets Laminated Heterojunctions with Efficient Visible-Light-Driven Photocatalytic Performance
snapshot_1,Topic_carbon-coated_microspheres_2009-2018_Knowledge.txt,313,https://openalex.org/W2237668177,https://doi.org/10.1021/acsami.5b11492,2016,Self-Assembly-Induced Alternately Stacked Single-Layer MoS<sub>2</sub> and N-doped Graphene: A Novel van der Waals Heterostructure for Lithium-Ion Batteries
snapshot_1,Topic_carbon-coated_microspheres_2009-2018_Knowledge.txt,314,https://openalex.org/W1502477745,https://doi.org/10.1002/wnan.1322,2014,"Therapeutic gold, silver, and platinum nanoparticles"
snapshot_1,Topic_carbon-coated_microspheres_2009-2018_Knowledge.txt,315,https://openalex.org/W2781709060,https://doi.org/10.3390/chemosensors6010001,2018,Recent Advances in the Detection of Neurotransmitters
snapshot_1,Topic_carbon-coated_microspheres_2009-2018_Knowledge.txt,316,https://openalex.org/W1975473600,https://doi.org/10.1016/j.apcatb.2015.03.017,2015,The prevalence of surface oxygen vacancies over the mobility of bulk oxygen in nanostructured ceria for the total toluene oxidation
snapshot_1,Topic_carbon-coated_microspheres_2009-2018_Knowledge.txt,317,https://openalex.org/W2064490648,https://doi.org/10.1371/journal.pone.0111289,2014,Reactive Oxygen Species Mediated Bacterial Biofilm Inhibition via Zinc Oxide Nanoparticles and Their Statistical Determination
snapshot_1,Topic_carbon-coated_microspheres_2009-2018_Knowledge.txt,318,https://openalex.org/W2735777424,https://doi.org/10.1002/adma.201702724,2017,Rational Design of Three‐Layered TiO<sub>2</sub>@Carbon@MoS<sub>2</sub> Hierarchical Nanotubes for Enhanced Lithium Storage
snapshot_1,Topic_carbon-coated_microspheres_2009-2018_Knowledge.txt,319,https://openalex.org/W2619986632,https://doi.org/10.1039/c7ra03599c,2017,Two-dimensional transition metal dichalcogenide-based counter electrodes for dye-sensitized solar cells
snapshot_1,Topic_carbon-coated_microspheres_2009-2018_Knowledge.txt,320,https://openalex.org/W2793406470,https://doi.org/10.1155/2018/5432497,2018,Maintenance of Fish Health in Aquaculture: Review of Epidemiological Approaches for Prevention and Control of Infectious Disease of Fish
snapshot_1,Topic_carbon-coated_microspheres_2009-2018_Knowledge.txt,321,https://openalex.org/W2903530962,https://doi.org/10.1039/c8sc04197k,2018,A novel strategy for facile serum exosome isolation based on specific interactions between phospholipid bilayers and TiO<sub>2</sub>
snapshot_1,Topic_carbon-coated_microspheres_2009-2018_Knowledge.txt,322,https://openalex.org/W2039618696,https://doi.org/10.1590/0104-6632.20140313s00002813,2014,MgO nanoparticles as antibacterial agent: preparation and activity
snapshot_1,Topic_carbon-coated_microspheres_2009-2018_Knowledge.txt,323,https://openalex.org/W2061142532,https://doi.org/10.4028/www.scientific.net/amr.123-125.221,2010,Studies on Preparation and Properties of LiFePO&lt;sub&gt;4&lt;/sub&gt; Cathode Material Modified by Polyacenic Semiconductor Materials for Lithium Ion Batteries
snapshot_1,Topic_carbon-coated_microspheres_2009-2018_Knowledge.txt,324,https://openalex.org/W2036827000,https://doi.org/10.1039/c3cs60040h,2013,Designing degradable hydrogels for orthogonal control of cell microenvironments
snapshot_1,Topic_carbon-coated_microspheres_2009-2018_Knowledge.txt,325,https://openalex.org/W2899404609,https://doi.org/10.3390/ma11112144,2018,Review on the Production of Polysaccharide Aerogel Particles
snapshot_1,Topic_carbon-coated_microspheres_2009-2018_Knowledge.txt,326,https://openalex.org/W2126359199,https://doi.org/10.1155/2014/692307,2014,Recent Advances in Heterogeneous Photocatalytic Decolorization of Synthetic Dyes
snapshot_1,Topic_carbon-coated_microspheres_2009-2018_Knowledge.txt,327,https://openalex.org/W1854595179,https://doi.org/10.1155/2015/601827,2015,Influencing Parameters in the Photocatalytic Degradation of Organic Effluent via Nanometal Oxide Catalyst: A Review
snapshot_1,Topic_carbon-coated_microspheres_2009-2018_Knowledge.txt,328,https://openalex.org/W2055681266,https://doi.org/10.1039/c4ra14447c,2015,Review on carbon-based composite materials for capacitive deionization
snapshot_1,Topic_carbon-coated_microspheres_2009-2018_Knowledge.txt,329,https://openalex.org/W2275691828,https://doi.org/10.1039/c5ra24358k,2016,The removal of heavy metal ions from wastewater/aqueous solution using polypyrrole-based adsorbents: a review
snapshot_1,Topic_carbon-coated_microspheres_2009-2018_Knowledge.txt,330,https://openalex.org/W2785112732,https://doi.org/10.1039/c7ra12523b,2018,V<sub>2</sub>O<sub>5</sub>-Based nanomaterials: synthesis and their applications
snapshot_1,Topic_carbon-coated_microspheres_2009-2018_Knowledge.txt,331,https://openalex.org/W2132172114,https://doi.org/10.1038/srep01910,2013,Ultrafine Sulfur Nanoparticles in Conducting Polymer Shell as Cathode Materials for High Performance Lithium/Sulfur Batteries
snapshot_1,Topic_carbon-coated_microspheres_2009-2018_Knowledge.txt,332,https://openalex.org/W1792233178,https://doi.org/10.1038/ncomms9696,2015,Defective titanium dioxide single crystals exposed by high-energy {001} facets for efficient oxygen reduction
snapshot_1,Topic_carbon-coated_microspheres_2009-2018_Knowledge.txt,333,https://openalex.org/W2132635270,https://doi.org/10.4314/ijest.v2i8.63846,2011,Synthesis and applications of nano-structured iron oxides/hydroxides – a review
snapshot_1,Topic_carbon-coated_microspheres_2009-2018_Knowledge.txt,334,https://openalex.org/W2393297072,N/A,2011,Preparation and Characterization of SnO2 Hollow Spheres and Their Carbon-coated Composites
snapshot_1,Topic_carbon-coated_microspheres_2009-2018_Knowledge.txt,335,https://openalex.org/W2086725441,https://doi.org/10.1155/2014/304757,2014,A Review of <i>In Vitro</i> Drug Release Test Methods for Nano-Sized Dosage Forms
snapshot_1,Topic_carbon-coated_microspheres_2009-2018_Knowledge.txt,336,https://openalex.org/W2763621392,https://doi.org/10.3390/s17102300,2017,Biosensing Using Magnetic Particle Detection Techniques
snapshot_1,Topic_carbon-coated_microspheres_2009-2018_Knowledge.txt,337,https://openalex.org/W2572661477,https://doi.org/10.3390/polym9010029,2017,Recent Advances in Conjugated Polymer-Based Microwave Absorbing Materials
snapshot_1,Topic_carbon-coated_microspheres_2009-2018_Knowledge.txt,338,https://openalex.org/W2123614959,https://doi.org/10.1038/ncomms3275,2013,DNA-directed self-assembly of shape-controlled hydrogels
snapshot_1,Topic_carbon-coated_microspheres_2009-2018_Knowledge.txt,339,https://openalex.org/W2894477662,https://doi.org/10.1186/s40824-018-0138-6,2018,Injectable hydrogels delivering therapeutic agents for disease treatment and tissue engineering
snapshot_1,Topic_carbon-coated_microspheres_2009-2018_Knowledge.txt,340,https://openalex.org/W2066395253,https://doi.org/10.1002/cssc.201500120,2015,Back Cover:Synthesis of Lithium Iron Phosphate/Carbon Microspheres by Using Polyacrylic Acid Coated Iron Phosphate Nanoparticles Derived from Iron(III) Acrylate (ChemSusChem 6/2015)
snapshot_1,Topic_carbon-coated_microspheres_2009-2018_Knowledge.txt,341,https://openalex.org/W2077215533,https://doi.org/10.1038/srep05623,2014,Scalable Synthesis of Nano-Silicon from Beach Sand for Long Cycle Life Li-ion Batteries
snapshot_1,Topic_carbon-coated_microspheres_2009-2018_Knowledge.txt,342,https://openalex.org/W2253324924,https://doi.org/10.3390/md14020034,2016,Marine Origin Polysaccharides in Drug Delivery Systems
snapshot_1,Topic_carbon-coated_microspheres_2009-2018_Knowledge.txt,343,https://openalex.org/W2898712541,https://doi.org/10.3389/fphar.2018.01260,2018,PLGA-Based Nanoparticles in Cancer Treatment
snapshot_1,Topic_carbon-coated_microspheres_2009-2018_Knowledge.txt,344,https://openalex.org/W2084122112,https://doi.org/10.3791/51015,2013,PLGA Nanoparticles Formed by Single- or Double-emulsion with Vitamin E-TPGS
snapshot_1,Topic_carbon-coated_microspheres_2009-2018_Knowledge.txt,345,https://openalex.org/W2791840020,https://doi.org/10.3390/nano8020065,2018,Recent Advances in Nanoporous Membranes for Water Purification
snapshot_1,Topic_carbon-coated_microspheres_2009-2018_Knowledge.txt,346,https://openalex.org/W2052596355,https://doi.org/10.1088/0960-1317/19/8/083001,2009,Self-assembly from milli- to nanoscales: methods and applications
snapshot_1,Topic_carbon-coated_microspheres_2009-2018_Knowledge.txt,347,https://openalex.org/W1908455595,https://doi.org/10.1155/2015/365672,2015,"Facets of Nanotechnology as Seen in Food Processing, Packaging, and Preservation Industry"
snapshot_1,Topic_carbon-coated_microspheres_2009-2018_Knowledge.txt,348,https://openalex.org/W2020007443,https://doi.org/10.1117/12.906713,2012,Composite micro-sphere optical resonators for electric field measurement
snapshot_1,Topic_carbon-coated_microspheres_2009-2018_Knowledge.txt,349,https://openalex.org/W2064431169,https://doi.org/10.2478/s11532-011-0155-y,2012,A review on the synthesis of TiO2 nanoparticles by solution route
snapshot_1,Topic_carbon-coated_microspheres_2009-2018_Knowledge.txt,350,https://openalex.org/W2063918553,https://doi.org/10.1155/2014/843687,2014,Nanotechnology-Based Cosmeceuticals
snapshot_1,Topic_carbon-coated_microspheres_2009-2018_Knowledge.txt,351,https://openalex.org/W2066115290,https://doi.org/10.1073/pnas.1305403110,2013,Surface chemistry allows for abiotic precipitation of dolomite at low temperature
snapshot_1,Topic_carbon-coated_microspheres_2009-2018_Knowledge.txt,352,https://openalex.org/W2779703805,https://doi.org/10.3390/bioengineering5010002,2017,Recent Advances in 3D Printing of Aliphatic Polyesters
snapshot_1,Topic_carbon-coated_microspheres_2009-2018_Knowledge.txt,353,https://openalex.org/W2045756932,https://doi.org/10.1038/ncomms7230,2015,Stable silicon-ionic liquid interface for next-generation lithium-ion batteries
snapshot_1,Topic_carbon-coated_microspheres_2009-2018_Knowledge.txt,354,https://openalex.org/W2523120806,https://doi.org/10.3390/microorganisms4030035,2016,Biofilm Forming Lactobacillus: New Challenges for the Development of Probiotics
snapshot_1,Topic_carbon-coated_microspheres_2009-2018_Knowledge.txt,355,https://openalex.org/W2787436741,https://doi.org/10.3390/batteries4010004,2018,"Pre-Lithiation Strategies for Rechargeable Energy Storage Technologies: Concepts, Promises and Challenges"
snapshot_1,Topic_carbon-coated_microspheres_2009-2018_Knowledge.txt,356,https://openalex.org/W2146275022,https://doi.org/10.1039/c4ra13777a,2014,Graphene and its nanocomposite material based electrochemical sensor platform for dopamine
snapshot_1,Topic_carbon-coated_microspheres_2009-2018_Knowledge.txt,357,https://openalex.org/W2731502757,https://doi.org/10.1038/s41598-017-05528-1,2017,3D NiO hollow sphere/reduced graphene oxide composite for high-performance glucose biosensor
snapshot_1,Topic_carbon-coated_microspheres_2009-2018_Knowledge.txt,358,https://openalex.org/W2903801786,https://doi.org/10.1515/secm-2017-0161,2018,A review on nanocomposite hydrogels and their biomedical applications
snapshot_1,Topic_carbon-coated_microspheres_2009-2018_Knowledge.txt,359,https://openalex.org/W2801357641,https://doi.org/10.1016/j.jare.2018.05.001,2018,Polymeric materials and films in dentistry: An overview
snapshot_1,Topic_carbon-coated_microspheres_2009-2018_Knowledge.txt,360,https://openalex.org/W2020045592,https://doi.org/10.3390/ijms14059906,2013,Cationic Antimicrobial Polymers and Their Assemblies
snapshot_1,Topic_carbon-coated_microspheres_2009-2018_Knowledge.txt,361,https://openalex.org/W2073509000,https://doi.org/10.1038/ncomms1707,2012,Precise hierarchical self-assembly of multicompartment micelles
snapshot_1,Topic_carbon-coated_microspheres_2009-2018_Knowledge.txt,362,https://openalex.org/W2783399708,https://doi.org/10.1002/advs.201700513,2018,Polysaccharide‐Based Controlled Release Systems for Therapeutics Delivery and Tissue Engineering: From Bench to Bedside
snapshot_1,Topic_carbon-coated_microspheres_2009-2018_Knowledge.txt,363,https://openalex.org/W2768585144,https://doi.org/10.3390/nano7110396,2017,Nanostructured MnO2 as Electrode Materials for Energy Storage
snapshot_1,Topic_carbon-coated_microspheres_2009-2018_Knowledge.txt,364,https://openalex.org/W2189487445,https://doi.org/10.1039/c5ee02575c,2015,Photoinduced charge transfer processes in solar photocatalysis based on modified TiO<sub>2</sub>
snapshot_1,Topic_carbon-coated_microspheres_2009-2018_Knowledge.txt,365,https://openalex.org/W2894232541,https://doi.org/10.1186/s40580-018-0159-9,2018,Metal oxide modified ZnO nanomaterials for biosensor applications
snapshot_1,Topic_carbon-coated_microspheres_2009-2018_Knowledge.txt,366,https://openalex.org/W2060029924,https://doi.org/10.3144/expresspolymlett.2010.42,2010,Synthesis and characterization of PVP-functionalized superparamagnetic Fe3O4 nanoparticles as an MRI contrast agent
snapshot_1,Topic_carbon-coated_microspheres_2009-2018_Knowledge.txt,367,https://openalex.org/W2548027654,https://doi.org/10.1101/cshperspect.a018242,2016,Intermediate Filaments: Structure and Assembly
snapshot_1,Topic_carbon-coated_microspheres_2009-2018_Knowledge.txt,368,https://openalex.org/W2788289359,https://doi.org/10.1007/s41918-018-0002-3,2018,A Review of Carbon-Composited Materials as Air-Electrode Bifunctional Electrocatalysts for Metal–Air Batteries
snapshot_1,Topic_carbon-coated_microspheres_2009-2018_Knowledge.txt,369,https://openalex.org/W2903034540,https://doi.org/10.3390/buildings8120168,2018,Recent Progress in Daytime Radiative Cooling: Is It the Air Conditioner of the Future?
snapshot_1,Topic_carbon-coated_microspheres_2009-2018_Knowledge.txt,370,https://openalex.org/W2620772134,https://doi.org/10.3390/polym9060189,2017,Poly(Lactic-co-Glycolic Acid): Applications and Future Prospects for Periodontal Tissue Regeneration
snapshot_1,Topic_carbon-coated_microspheres_2009-2018_Knowledge.txt,371,https://openalex.org/W2396261957,https://doi.org/10.1002/adma.201600669,2016,Perovskite Materials for Light‐Emitting Diodes and Lasers
snapshot_1,Topic_carbon-coated_microspheres_2009-2018_Knowledge.txt,372,https://openalex.org/W2161091595,https://doi.org/10.3389/fchem.2014.00048,2014,Revisiting 30 years of biofunctionalization and surface chemistry of inorganic nanoparticles for nanomedicine
snapshot_1,Topic_carbon-coated_microspheres_2009-2018_Knowledge.txt,373,https://openalex.org/W2003859016,https://doi.org/10.1016/j.jsps.2014.06.004,2014,A review on the strategies for oral delivery of proteins and peptides and their clinical perspectives
snapshot_1,Topic_carbon-coated_microspheres_2009-2018_Knowledge.txt,374,https://openalex.org/W2128069305,https://doi.org/10.2147/ijn.s27709,2012,Improved drug loading and antibacterial activity of minocycline-loaded PLGA nanoparticles prepared by solid/oil/water ion pairing method
snapshot_1,Topic_carbon-coated_microspheres_2009-2018_Knowledge.txt,375,https://openalex.org/W2904268820,https://doi.org/10.1039/c8ta10869b,2018,"A self-roughened and biodegradable superhydrophobic coating with UV shielding, solar-induced self-healing and versatile oil–water separation ability"
snapshot_1,Topic_carbon-coated_microspheres_2009-2018_Knowledge.txt,376,https://openalex.org/W2519737653,https://doi.org/10.1039/c6cs00060f,2016,Synthesis and applications of porous non-silica metal oxide submicrospheres
snapshot_1,Topic_carbon-coated_microspheres_2009-2018_Knowledge.txt,377,https://openalex.org/W2159731793,https://doi.org/10.1083/jcb.201004082,2010,Feedback amplification of fibrosis through matrix stiffening and COX-2 suppression
snapshot_1,Topic_carbon-coated_microspheres_2009-2018_Knowledge.txt,378,https://openalex.org/W2506751337,https://doi.org/10.1007/s11244-016-0653-4,2016,H2 Production via Ammonia Decomposition Using Non-Noble Metal Catalysts: A Review
snapshot_1,Topic_carbon-coated_microspheres_2009-2018_Knowledge.txt,379,https://openalex.org/W2737085547,https://doi.org/10.3390/gels3030027,2017,"Hydrogels for Biomedical Applications: Cellulose, Chitosan, and Protein/Peptide Derivatives"
snapshot_1,Topic_carbon-coated_microspheres_2009-2018_Knowledge.txt,380,https://openalex.org/W2796685427,https://doi.org/10.1039/c8cs00099a,2018,Nanoencapsulation of phase change materials for advanced thermal energy storage systems
snapshot_1,Topic_carbon-coated_microspheres_2009-2018_Knowledge.txt,381,https://openalex.org/W2333618737,https://doi.org/10.1038/srep23699,2016,Graphitic Carbon-Coated FeSe2 Hollow Nanosphere-Decorated Reduced Graphene Oxide Hybrid Nanofibers as an Efficient Anode Material for Sodium Ion Batteries
snapshot_1,Topic_carbon-coated_microspheres_2009-2018_Knowledge.txt,382,https://openalex.org/W1968343333,https://doi.org/10.1007/s12274-009-9060-5,2009,Rattle-type silica colloidal particles prepared by a surface-protected etching process
snapshot_1,Topic_carbon-coated_microspheres_2009-2018_Knowledge.txt,383,https://openalex.org/W2075298843,https://doi.org/10.1038/srep03577,2014,Microwave-assisted synthesis of NiS2 nanostructures for supercapacitors and cocatalytic enhancing photocatalytic H2 production
snapshot_1,Topic_carbon-coated_microspheres_2009-2018_Knowledge.txt,384,https://openalex.org/W2896785383,https://doi.org/10.1039/c8ta07220e,2018,Metal-based nanostructured materials for advanced lithium–sulfur batteries
snapshot_1,Topic_carbon-coated_microspheres_2009-2018_Knowledge.txt,385,https://openalex.org/W2734687544,https://doi.org/10.18632/oncotarget.19164,2017,Nanoformulations of curcumin: an emerging paradigm for improved remedial application
snapshot_1,Topic_carbon-coated_microspheres_2009-2018_Knowledge.txt,386,https://openalex.org/W2263375075,https://doi.org/10.3390/coatings6010007,2016,Surface Treatments and Functional Coatings for Biocompatibility Improvement and Bacterial Adhesion Reduction in Dental Implantology
snapshot_1,Topic_carbon-coated_microspheres_2009-2018_Knowledge.txt,387,https://openalex.org/W1967384297,https://doi.org/10.3390/polym3041875,2011,Biomedical Activity of Chitin/Chitosan Based Materials—Influence of Physicochemical Properties Apart from Molecular Weight and Degree of N-Acetylation
snapshot_1,Topic_carbon-coated_microspheres_2009-2018_Knowledge.txt,388,https://openalex.org/W2582935624,https://doi.org/10.1002/polb.24287,2017,"Liquid crystal elastomer actuators: Synthesis, alignment, and applications"
snapshot_1,Topic_carbon-coated_microspheres_2009-2018_Knowledge.txt,389,https://openalex.org/W2623186922,https://doi.org/10.1021/acsnano.7b02177,2017,Multiwavelength Light-Responsive Au/B-TiO<sub>2</sub> Janus Micromotors
snapshot_1,Topic_carbon-coated_microspheres_2009-2018_Knowledge.txt,390,https://openalex.org/W2018242101,https://doi.org/10.1007/s12274-010-1042-0,2010,Bi2S3 nanostructures: A new photocatalyst
snapshot_1,Topic_carbon-coated_microspheres_2009-2018_Knowledge.txt,391,https://openalex.org/W2139147593,https://doi.org/10.1155/2014/156010,2014,Formulation and Optimization of Polymeric Nanoparticles for Intranasal Delivery of Lorazepam Using Box-Behnken Design:<i>In Vitro</i>and<i>In Vivo</i>Evaluation
snapshot_1,Topic_carbon-coated_microspheres_2009-2018_Knowledge.txt,392,https://openalex.org/W2778699190,https://doi.org/10.1002/aoc.4201,2017,Fabrication and characterization of double‐shelled CeO<sub>2</sub>‐La<sub>2</sub>O<sub>3</sub>/Au/Fe<sub>3</sub>O<sub>4</sub> hollow architecture as a recyclable and highly thermal stability nanocatalyst
snapshot_1,Topic_carbon-coated_microspheres_2009-2018_Knowledge.txt,393,https://openalex.org/W2608783905,https://doi.org/10.1007/s40089-017-0208-0,2017,Nanotechnology and nanocarrier-based approaches on treatment of degenerative diseases
snapshot_1,Topic_carbon-coated_microspheres_2009-2018_Knowledge.txt,394,https://openalex.org/W2076810066,https://doi.org/10.3390/s130202295,2013,Diverse Applications of Electronic-Nose Technologies in Agriculture and Forestry
snapshot_1,Topic_carbon-coated_microspheres_2009-2018_Knowledge.txt,395,https://openalex.org/W1866759065,https://doi.org/10.3389/fphar.2015.00197,2015,Evolution of contrast agents for ultrasound imaging and ultrasound-mediated drug delivery
snapshot_1,Topic_carbon-coated_microspheres_2009-2018_Knowledge.txt,396,https://openalex.org/W1977062481,https://doi.org/10.1038/am.2015.11,2015,Integrating large specific surface area and high conductivity in hydrogenated NiCo2O4 double-shell hollow spheres to improve supercapacitors
snapshot_1,Topic_carbon-coated_microspheres_2009-2018_Knowledge.txt,397,https://openalex.org/W2273068112,https://doi.org/10.1038/srep11873,2015,Reduced Graphene Oxide-Based Silver Nanoparticle-Containing Composite Hydrogel as Highly Efficient Dye Catalysts for Wastewater Treatment
snapshot_1,Topic_carbon-coated_microspheres_2009-2018_Knowledge.txt,398,https://openalex.org/W1974737102,https://doi.org/10.1155/2009/439389,2009,Antibody‐Conjugated Nanoparticles for Biomedical Applications
snapshot_1,Topic_carbon-coated_microspheres_2009-2018_Knowledge.txt,399,https://openalex.org/W2599510774,https://doi.org/10.1186/s12951-017-0260-y,2017,Development of nanoparticle-based optical sensors for pathogenic bacterial detection
snapshot_1,Topic_carbon-coated_microspheres_2009-2018_Knowledge.txt,400,https://openalex.org/W2167696925,https://doi.org/10.3390/ma3074066,2010,Synthesis of Polymer—Mesoporous Silica Nanocomposites
snapshot_1,Topic_carbon-coated_microspheres_2009-2018_Knowledge.txt,401,https://openalex.org/W2000868408,https://doi.org/10.1371/journal.pone.0046286,2012,Toxicity Assessment of Iron Oxide Nanoparticles in Zebrafish (Danio rerio) Early Life Stages
snapshot_1,Topic_carbon-coated_microspheres_2009-2018_Knowledge.txt,402,https://openalex.org/W2443182560,https://doi.org/10.1038/srep19723,2016,"Perovskite LaFeO3/montmorillonite nanocomposites: synthesis, interface characteristics and enhanced photocatalytic activity"
snapshot_1,Topic_carbon-coated_microspheres_2009-2018_Knowledge.txt,403,https://openalex.org/W2114559046,https://doi.org/10.3390/molecules16021426,2011,Material Binding Peptides for Nanotechnology
snapshot_1,Topic_carbon-coated_microspheres_2009-2018_Knowledge.txt,404,https://openalex.org/W2345836393,https://doi.org/10.1039/c5cs00287g,2016,"Design of virus-based nanomaterials for medicine, biotechnology, and energy"
snapshot_1,Topic_carbon-coated_microspheres_2009-2018_Knowledge.txt,405,https://openalex.org/W2137713805,https://doi.org/10.1039/c2cs15225h,2012,Patterned polymer brushes
snapshot_1,Topic_carbon-coated_microspheres_2009-2018_Knowledge.txt,406,https://openalex.org/W1982897964,https://doi.org/10.3390/ma6030738,2013,"“Smart” Materials Based on Cellulose: A Review of the Preparations, Properties, and Applications"
snapshot_1,Topic_carbon-coated_microspheres_2009-2018_Knowledge.txt,407,https://openalex.org/W1970992788,https://doi.org/10.1038/srep06074,2014,Self-adhesive epidermal carbon nanotube electronics for tether-free long-term continuous recording of biosignals
snapshot_1,Topic_carbon-coated_microspheres_2009-2018_Knowledge.txt,408,https://openalex.org/W2891706685,https://doi.org/10.1039/c8cs00410b,2018,Functionalised heterogeneous catalysts for sustainable biomass valorisation
snapshot_1,Topic_carbon-coated_microspheres_2009-2018_Knowledge.txt,409,https://openalex.org/W2764051437,https://doi.org/10.3390/gels3040036,2017,Poly(N-isopropylacrylamide) and Copolymers: A Review on Recent Progresses in Biomedical Applications
snapshot_1,Topic_carbon-coated_microspheres_2009-2018_Knowledge.txt,410,https://openalex.org/W2164322384,https://doi.org/10.1155/2014/869269,2014,"Drug Delivery Systems, CNS Protection, and the Blood Brain Barrier"
snapshot_1,Topic_carbon-coated_microspheres_2009-2018_Knowledge.txt,411,https://openalex.org/W2324043562,https://doi.org/10.1021/acsnano.5b00760,2015,Beyond Yolk–Shell Nanoparticles: Fe<sub>3</sub>O<sub>4</sub>@Fe<sub>3</sub>C Core@Shell Nanoparticles as Yolks and Carbon Nanospindles as Shells for Efficient Lithium Ion Storage
snapshot_1,Topic_carbon-coated_microspheres_2009-2018_Knowledge.txt,412,https://openalex.org/W2119348467,https://doi.org/10.1186/2052-336x-12-58,2014,Arsenic removal from aqueous solutions by adsorption onto iron oxide/activated carbon magnetic composite
snapshot_1,Topic_carbon-coated_microspheres_2009-2018_Knowledge.txt,413,https://openalex.org/W2888074029,https://doi.org/10.3390/lubricants6030074,2018,Effect of Humidity on Friction and Wear—A Critical Review
snapshot_1,Topic_carbon-coated_microspheres_2009-2018_Knowledge.txt,414,https://openalex.org/W2078787135,https://doi.org/10.1038/srep04229,2014,Encapsulation of MnO Nanocrystals in Electrospun Carbon Nanofibers as High-Performance Anode Materials for Lithium-Ion Batteries
snapshot_1,Topic_carbon-coated_microspheres_2009-2018_Knowledge.txt,415,https://openalex.org/W2107944229,https://doi.org/10.1155/2015/381759,2015,Nanomodified Peek Dental Implants: Bioactive Composites and Surface Modification—A Review
snapshot_1,Topic_carbon-coated_microspheres_2009-2018_Knowledge.txt,416,https://openalex.org/W2322711744,https://doi.org/10.4416/jcst2014-00032,2014,Additive manufacturing of ceramics: A review
snapshot_1,Topic_carbon-coated_microspheres_2009-2018_Knowledge.txt,417,https://openalex.org/W2805529674,https://doi.org/10.1021/acsbiomaterials.8b00068,2018,"Toxicity of Nanomaterials: Exposure, Pathways, Assessment, and Recent Advances"
snapshot_1,Topic_carbon-coated_microspheres_2009-2018_Knowledge.txt,418,https://openalex.org/W1693638809,https://doi.org/10.1111/j.2042-7158.2012.01486.x,2012,Engineered PLGA nano- and micro-carriers for pulmonary delivery: challenges and promises
snapshot_1,Topic_carbon-coated_microspheres_2009-2018_Knowledge.txt,419,https://openalex.org/W2735967450,https://doi.org/10.1039/c7py00826k,2017,Bio-inks for 3D bioprinting: recent advances and future prospects
snapshot_1,Topic_carbon-coated_microspheres_2009-2018_Knowledge.txt,420,https://openalex.org/W2493530972,https://doi.org/10.1007/s10800-016-0993-6,2016,Urea removal from aqueous solutions—a review
snapshot_1,Topic_carbon-coated_microspheres_2009-2018_Knowledge.txt,421,https://openalex.org/W1989903575,https://doi.org/10.1242/jeb.033373,2009,Wetting properties on nanostructured surfaces of cicada wings
snapshot_1,Topic_carbon-coated_microspheres_2009-2018_Knowledge.txt,422,https://openalex.org/W2008645628,https://doi.org/10.1155/2011/939851,2011,A Review on Composite Liposomal Technologies for Specialized Drug Delivery
snapshot_1,Topic_carbon-coated_microspheres_2009-2018_Knowledge.txt,423,https://openalex.org/W2035330766,https://doi.org/10.1038/srep07874,2015,Morphology-modulation of SnO2 Hierarchical Architectures by Zn Doping for Glycol Gas Sensing and Photocatalytic Applications
snapshot_1,Topic_carbon-coated_microspheres_2009-2018_Knowledge.txt,424,https://openalex.org/W2298034009,https://doi.org/10.1007/s40089-015-0173-4,2016,A review on applications of nanotechnology in the enhanced oil recovery part A: effects of nanoparticles on interfacial tension
snapshot_1,Topic_carbon-coated_microspheres_2009-2018_Knowledge.txt,425,https://openalex.org/W2091925112,https://doi.org/10.2478/v10019-011-0001-z,2011,Magnetic nanoparticles as targeted delivery systems in oncology
snapshot_1,Topic_carbon-coated_microspheres_2009-2018_Knowledge.txt,426,https://openalex.org/W2107443615,https://doi.org/10.3390/en3081499,2010,Principles and Materials Aspects of Direct Alkaline Alcohol Fuel Cells
snapshot_1,Topic_carbon-coated_microspheres_2009-2018_Knowledge.txt,427,https://openalex.org/W2123466525,https://doi.org/10.1098/rsif.2010.0125.focus,2010,Surface-enhanced Raman scattering biomedical applications of plasmonic colloidal particles
snapshot_1,Topic_carbon-coated_microspheres_2009-2018_Knowledge.txt,428,https://openalex.org/W2226990047,https://doi.org/10.1021/acsami.5b08741,2015,General Approach for MOF-Derived Porous Spinel AFe<sub>2</sub>O<sub>4</sub> Hollow Structures and Their Superior Lithium Storage Properties
snapshot_1,Topic_carbon-coated_microspheres_2009-2018_Knowledge.txt,429,https://openalex.org/W2903132245,https://doi.org/10.3390/s18124126,2018,Optical Biosensors for Label-Free Detection of Small Molecules
snapshot_1,Topic_carbon-coated_microspheres_2009-2018_Knowledge.txt,430,https://openalex.org/W2757546404,https://doi.org/10.1038/s41598-017-12935-x,2017,Enhancing Cell Proliferation and Osteogenic Differentiation of MC3T3-E1 Pre-osteoblasts by BMP-2 Delivery in Graphene Oxide-Incorporated PLGA/HA Biodegradable Microcarriers
snapshot_1,Topic_carbon-coated_microspheres_2009-2018_Knowledge.txt,431,https://openalex.org/W2136554631,https://doi.org/10.2147/ijn.s19021,2011,Application of supercritical antisolvent method in drug encapsulation: a review
snapshot_1,Topic_carbon-coated_microspheres_2009-2018_Knowledge.txt,432,https://openalex.org/W1994994658,https://doi.org/10.7150/thno.5305,2013,Sensing Using Rare-Earth-Doped Upconversion Nanoparticles
snapshot_1,Topic_carbon-coated_microspheres_2009-2018_Knowledge.txt,433,https://openalex.org/W2893922247,https://doi.org/10.3390/ma11101834,2018,Polymeric Nanocomposites and Nanocoatings for Food Packaging: A Review
snapshot_1,Topic_carbon-coated_microspheres_2009-2018_Knowledge.txt,434,https://openalex.org/W2030215265,https://doi.org/10.3390/ijms11093226,2010,"Synthesis, Characterization, and Application of 1-D Cerium Oxide Nanomaterials: A Review"
snapshot_1,Topic_carbon-coated_microspheres_2009-2018_Knowledge.txt,435,https://openalex.org/W2072893292,https://doi.org/10.1155/2013/948510,2013,Nanosphere Lithography: A Powerful Method for the Controlled Manufacturing of Nanomaterials
snapshot_1,Topic_carbon-coated_microspheres_2009-2018_Knowledge.txt,436,https://openalex.org/W2759826431,https://doi.org/10.1186/s40425-017-0284-8,2017,Immuno-thermal ablations – boosting the anticancer immune response
snapshot_1,Topic_carbon-coated_microspheres_2009-2018_Knowledge.txt,437,https://openalex.org/W2414572850,https://doi.org/10.2217/fon-2016-0010,2016,"Pancreatic Cancer: Yesterday, Today and Tomorrow"
snapshot_1,Topic_carbon-coated_microspheres_2009-2018_Knowledge.txt,438,https://openalex.org/W2561788208,https://doi.org/10.1007/s13201-016-0512-2,2016,Malachite green “a cationic dye” and its removal from aqueous solution by adsorption
snapshot_1,Topic_carbon-coated_microspheres_2009-2018_Knowledge.txt,439,https://openalex.org/W2375173700,N/A,2013,Study on solid phase extraction packing of zirconia /polystyrene and determination of herbicides
snapshot_1,Topic_carbon-coated_microspheres_2009-2018_Knowledge.txt,440,https://openalex.org/W2806913793,https://doi.org/10.4274/tjps.63497,2018,"Carbon Quantum Dots: Synthesis, Characterization and Biomedical Applications"
snapshot_1,Topic_carbon-coated_microspheres_2009-2018_Knowledge.txt,441,https://openalex.org/W2604124458,https://doi.org/10.2147/ijn.s131973,2017,Polyphenol nanoformulations for cancer therapy: experimental evidence and clinical perspective
snapshot_1,Topic_carbon-coated_microspheres_2009-2018_Knowledge.txt,442,https://openalex.org/W2158668210,https://doi.org/10.5194/acp-10-4453-2010,2010,Measurements and comparison of primary biological aerosol above and below a tropical forest canopy using a dual channel fluorescence spectrometer
snapshot_1,Topic_carbon-coated_microspheres_2009-2018_Knowledge.txt,443,https://openalex.org/W2905930064,https://doi.org/10.3390/pharmaceutics11010005,2018,Biomedical Applications of Electrospun Nanofibers: Drug and Nanoparticle Delivery
snapshot_1,Topic_carbon-coated_microspheres_2009-2018_Knowledge.txt,444,https://openalex.org/W2030929115,https://doi.org/10.1590/s1984-82502010000400021,2010,Development and evaluation of calcium alginate beads prepared by sequential and simultaneous methods
snapshot_1,Topic_carbon-coated_microspheres_2009-2018_Knowledge.txt,445,https://openalex.org/W2792551917,https://doi.org/10.3390/app8030411,2018,Core@shell Nanoparticles: Greener Synthesis Using Natural Plant Products
snapshot_1,Topic_carbon-coated_microspheres_2009-2018_Knowledge.txt,446,https://openalex.org/W2317809091,https://doi.org/10.3390/polym8040118,2016,Recent Advances in Nanostructured Conducting Polymers: from Synthesis to Practical Applications
snapshot_1,Topic_carbon-coated_microspheres_2009-2018_Knowledge.txt,447,https://openalex.org/W1992926488,https://doi.org/10.1038/srep03729,2014,Mesoporous CNT@TiO2-C Nanocable with Extremely Durable High Rate Capability for Lithium-Ion Battery Anodes
snapshot_1,Topic_carbon-coated_microspheres_2009-2018_Knowledge.txt,448,https://openalex.org/W2618434698,https://doi.org/10.1021/acssuschemeng.7b01251,2017,Dual Functionality of TiO<sub>2</sub>/Biochar Hybrid Materials: Photocatalytic Phenol Degradation in the Liquid Phase and Selective Oxidation of Methanol in the Gas Phase
snapshot_1,Topic_carbon-coated_microspheres_2009-2018_Knowledge.txt,449,https://openalex.org/W2301002291,https://doi.org/10.1039/c6lc00249h,2016,"Droplet-based microfluidics in drug discovery, transcriptomics and high-throughput molecular genetics"
snapshot_1,Topic_carbon-coated_microspheres_2009-2018_Knowledge.txt,450,https://openalex.org/W2269662418,https://doi.org/10.1155/2016/8123652,2016,Recent Progress of TiO<sub>2</sub>-Based Anodes for Li Ion Batteries
snapshot_1,Topic_carbon-coated_microspheres_2009-2018_Knowledge.txt,451,https://openalex.org/W2064474750,https://doi.org/10.1039/c3nr03521b,2013,Revisiting catalytic model reaction p-nitrophenol/NaBH4 using metallic nanoparticles coated on polymeric spheres
snapshot_1,Topic_carbon-coated_microspheres_2009-2018_Knowledge.txt,452,https://openalex.org/W2144161451,https://doi.org/10.3390/gels1020162,2015,Nanoparticle-Integrated Hydrogels as Multifunctional Composite Materials for Biomedical Applications
snapshot_1,Topic_carbon-coated_microspheres_2009-2018_Knowledge.txt,453,https://openalex.org/W1992747950,https://doi.org/10.1038/srep04712,2014,Enhancement mechanisms of graphene in nano-58S bioactive glass scaffold: mechanical and biological performance
snapshot_1,Topic_carbon-coated_microspheres_2009-2018_Knowledge.txt,454,https://openalex.org/W2792440867,https://doi.org/10.3390/genes9020103,2018,Microfluidic Devices for Drug Delivery Systems and Drug Screening
snapshot_1,Topic_carbon-coated_microspheres_2009-2018_Knowledge.txt,455,https://openalex.org/W2059342430,https://doi.org/10.2147/ijn.s41271,2013,Porous microsphere and its applications
snapshot_1,Topic_carbon-coated_microspheres_2009-2018_Knowledge.txt,456,https://openalex.org/W2312528074,https://doi.org/10.3144/expresspolymlett.2012.75,2012,Synthesis and characterization of polypyrrole doped with anionic spherical polyelectrolyte brushes
snapshot_1,Topic_carbon-coated_microspheres_2009-2018_Knowledge.txt,457,https://openalex.org/W2131440941,https://doi.org/10.1039/c1sm05066d,2011,Liquid marbles: principles and applications
snapshot_1,Topic_carbon-coated_microspheres_2009-2018_Knowledge.txt,458,https://openalex.org/W2117518170,https://doi.org/10.2147/mder.s59124,2014,Peripheral nerve conduits: technology update
snapshot_1,Topic_carbon-coated_microspheres_2009-2018_Knowledge.txt,459,https://openalex.org/W2572593898,https://doi.org/10.1002/advs.201600392,2017,Phosphate Framework Electrode Materials for Sodium Ion Batteries
snapshot_1,Topic_carbon-coated_microspheres_2009-2018_Knowledge.txt,460,https://openalex.org/W2885582644,https://doi.org/10.3390/membranes8030062,2018,A Review on Properties of Natural and Synthetic Based Electrospun Fibrous Materials for Bone Tissue Engineering
snapshot_1,Topic_carbon-coated_microspheres_2009-2018_Knowledge.txt,461,https://openalex.org/W2016148222,https://doi.org/10.3144/expresspolymlett.2013.20,2013,Microwave absorption behaviour of MWCNT based nanocomposites in X-band region
snapshot_1,Topic_carbon-coated_microspheres_2009-2018_Knowledge.txt,462,https://openalex.org/W2067877531,https://doi.org/10.1002/app.40539,2014,"Pullulan‐based films and coatings for food packaging: Present applications, emerging opportunities, and future challenges"
snapshot_1,Topic_carbon-coated_microspheres_2009-2018_Knowledge.txt,463,https://openalex.org/W1983602647,https://doi.org/10.1038/srep02065,2013,Spontaneous Reduction and Assembly of Graphene oxide into Three-Dimensional Graphene Network on Arbitrary Conductive Substrates
snapshot_1,Topic_carbon-coated_microspheres_2009-2018_Knowledge.txt,464,https://openalex.org/W1966258930,https://doi.org/10.1038/srep05753,2014,CuO single crystal with exposed {001} facets - A highly efficient material for gas sensing and Li-ion battery applications
snapshot_1,Topic_carbon-coated_microspheres_2009-2018_Knowledge.txt,465,https://openalex.org/W2000085508,https://doi.org/10.1155/2013/672059,2013,"Recent Advancement in Functional Core-Shell Nanoparticles of Polymers: Synthesis, Physical Properties, and Applications in Medical Biotechnology"
snapshot_1,Topic_carbon-coated_microspheres_2009-2018_Knowledge.txt,466,https://openalex.org/W2170736411,https://doi.org/10.1002/pmic.200800454,2009,Analytical strategies for phosphoproteomics
snapshot_1,Topic_carbon-coated_microspheres_2009-2018_Knowledge.txt,467,https://openalex.org/W2760891098,https://doi.org/10.1039/c7ra08187a,2017,Green synthesis of mesoporous anatase TiO<sub>2</sub>nanoparticles and their photocatalytic activities
snapshot_1,Topic_carbon-coated_microspheres_2009-2018_Knowledge.txt,468,https://openalex.org/W2079433440,https://doi.org/10.3390/s111211736,2011,Semiconductor Quantum Dots for Biomedicial Applications
snapshot_1,Topic_carbon-coated_microspheres_2009-2018_Knowledge.txt,469,https://openalex.org/W2154400283,https://doi.org/10.3390/md9091510,2011,"Biomedical Exploitation of Chitin and Chitosan via Mechano-Chemical Disassembly, Electrospinning, Dissolution in Imidazolium Ionic Liquids, and Supercritical Drying"
snapshot_1,Topic_carbon-coated_microspheres_2009-2018_Knowledge.txt,470,https://openalex.org/W2170340271,https://doi.org/10.2147/ijn.s44393,2013,Nanotechnology in the targeted drug delivery for bone diseases and bone regeneration
snapshot_1,Topic_carbon-coated_microspheres_2009-2018_Knowledge.txt,471,https://openalex.org/W2410531250,https://doi.org/10.3390/coatings6020024,2016,Evolution of the Automotive Body Coating Process—A Review
snapshot_1,Topic_carbon-coated_microspheres_2009-2018_Knowledge.txt,472,https://openalex.org/W2799563647,https://doi.org/10.1002/advs.201700986,2018,FeO<i><sub>x</sub></i>‐Based Materials for Electrochemical Energy Storage
snapshot_1,Topic_carbon-coated_microspheres_2009-2018_Knowledge.txt,473,https://openalex.org/W1985974845,https://doi.org/10.1038/srep05769,2014,3D Hierarchical Rutile TiO2 and Metal-free Organic Sensitizer Producing Dye-sensitized Solar Cells 8.6% Conversion Efficiency
snapshot_1,Topic_carbon-coated_microspheres_2009-2018_Knowledge.txt,474,https://openalex.org/W2560805455,https://doi.org/10.1021/acsami.6b12542,2016,High Temperature Carbonized Grass as a High Performance Sodium Ion Battery Anode
snapshot_1,Topic_carbon-coated_microspheres_2009-2018_Knowledge.txt,475,https://openalex.org/W2584522913,https://doi.org/10.1038/srep41716,2017,Enhanced Gas Sensing Properties of Spin-coated Na-doped ZnO Nanostructured Films
snapshot_1,Topic_carbon-coated_microspheres_2009-2018_Knowledge.txt,476,https://openalex.org/W2154300885,https://doi.org/10.3390/jfb6030708,2015,Calcium Orthophosphate-Containing Biocomposites and Hybrid Biomaterials for Biomedical Applications
snapshot_1,Topic_carbon-coated_microspheres_2009-2018_Knowledge.txt,477,https://openalex.org/W2762763155,https://doi.org/10.1002/adem.201700591,2017,Rationally Designed Silicon Nanostructures as Anode Material for Lithium‐Ion Batteries
snapshot_1,Topic_carbon-coated_microspheres_2009-2018_Knowledge.txt,478,https://openalex.org/W2560509901,https://doi.org/10.1146/annurev-chembioeng-060816-101334,2017,Hydrogen Storage Technologies for Future Energy Systems
snapshot_1,Topic_carbon-coated_microspheres_2009-2018_Knowledge.txt,479,https://openalex.org/W2470191894,https://doi.org/10.1039/c6ra07626b,2016,"Graphene oxide: strategies for synthesis, reduction and frontier applications"
snapshot_1,Topic_carbon-coated_microspheres_2009-2018_Knowledge.txt,480,https://openalex.org/W1793645694,N/A,2015,Characterization and mechanical properties of solar grade silicon in granular and nanopowder form
snapshot_1,Topic_carbon-coated_microspheres_2009-2018_Knowledge.txt,481,https://openalex.org/W2157671049,https://doi.org/10.1039/c1ra00260k,2011,Graphene–inorganic nanocomposites
snapshot_1,Topic_carbon-coated_microspheres_2009-2018_Knowledge.txt,482,https://openalex.org/W2265708655,https://doi.org/10.1038/ncomms8159,2015,The tethering of chromatin to the nuclear envelope supports nuclear mechanics
snapshot_1,Topic_carbon-coated_microspheres_2009-2018_Knowledge.txt,483,https://openalex.org/W2042646975,https://doi.org/10.1038/srep02693,2013,"MnO Nanoparticle@Mesoporous Carbon Composites Grown on Conducting Substrates Featuring High-performance Lithium-ion Battery, Supercapacitor and Sensor"
snapshot_1,Topic_carbon-coated_microspheres_2009-2018_Knowledge.txt,484,https://openalex.org/W2577520851,https://doi.org/10.1177/2050640616684695,2017,United European Gastroenterology evidence‐based guidelines for the diagnosis and therapy of chronic pancreatitis (HaPanEU)
snapshot_1,Topic_carbon-coated_microspheres_2009-2018_Knowledge.txt,485,https://openalex.org/W2590156219,https://doi.org/10.1186/s13567-017-0418-5,2017,Advanced biosensors for detection of pathogens related to livestock and poultry
snapshot_1,Topic_carbon-coated_microspheres_2009-2018_Knowledge.txt,486,https://openalex.org/W1975441576,https://doi.org/10.1038/srep02419,2013,Facile synthesis of highly efficient and recyclable magnetic solid acid from biomass waste
snapshot_1,Topic_carbon-coated_microspheres_2009-2018_Knowledge.txt,487,https://openalex.org/W2572604003,https://doi.org/10.3390/mi8010022,2017,Droplet Microfluidics for the Production of Microparticles and Nanoparticles
snapshot_1,Topic_carbon-coated_microspheres_2009-2018_Knowledge.txt,488,https://openalex.org/W2804659686,https://doi.org/10.1039/c8ta02061b,2018,Sunlight-driven water-splitting using two-dimensional carbon based semiconductors
snapshot_1,Topic_carbon-coated_microspheres_2009-2018_Knowledge.txt,489,https://openalex.org/W2062143714,https://doi.org/10.1038/srep02007,2013,TiO2 modified FeS Nanostructures with Enhanced Electrochemical Performance for Lithium-Ion Batteries
snapshot_1,Topic_carbon-coated_microspheres_2009-2018_Knowledge.txt,490,https://openalex.org/W1971637512,https://doi.org/10.1038/srep03004,2013,Surfactant free most probable TiO2 nanostructures via hydrothermal and its dye sensitized solar cell properties
snapshot_1,Topic_carbon-coated_microspheres_2009-2018_Knowledge.txt,491,https://openalex.org/W2887871298,https://doi.org/10.1038/s41427-018-0070-1,2018,Lightweight and flexible electrospun polymer nanofiber/metal nanoparticle hybrid membrane for high-performance electromagnetic interference shielding
snapshot_1,Topic_carbon-coated_microspheres_2009-2018_Knowledge.txt,492,https://openalex.org/W2067723337,https://doi.org/10.3390/chemosensors3020070,2015,X-Ray Photoelectron Spectroscopic Characterization of Chemically Modified Electrodes Used as Chemical Sensors and Biosensors: A Review
snapshot_1,Topic_carbon-coated_microspheres_2009-2018_Knowledge.txt,493,https://openalex.org/W2001967831,https://doi.org/10.3390/ma6052026,2013,"Adsorption Properties of Doxorubicin Hydrochloride onto Graphene Oxide: Equilibrium, Kinetic and Thermodynamic Studies"
snapshot_1,Topic_carbon-coated_microspheres_2009-2018_Knowledge.txt,494,https://openalex.org/W2587005936,https://doi.org/10.2217/nnm-2016-0379,2017,Drug Delivery to the Eye: What Benefits do Nanocarriers offer?
snapshot_1,Topic_carbon-coated_microspheres_2009-2018_Knowledge.txt,495,https://openalex.org/W1964018796,https://doi.org/10.1007/s12274-010-0025-5,2010,Development of novel supported gold catalysts: A materials perspective
snapshot_1,Topic_carbon-coated_microspheres_2009-2018_Knowledge.txt,496,https://openalex.org/W2020046447,https://doi.org/10.1038/srep08151,2015,One-step hydrothermal synthesis of graphene decorated V2O5 nanobelts for enhanced electrochemical energy storage
snapshot_1,Topic_carbon-coated_microspheres_2009-2018_Knowledge.txt,497,https://openalex.org/W2053213769,https://doi.org/10.1007/s11434-012-5017-2,2012,Silicon-based nanomaterials for lithium-ion batteries
snapshot_1,Topic_carbon-coated_microspheres_2009-2018_Knowledge.txt,498,https://openalex.org/W2439652822,https://doi.org/10.5772/683,2011,Biotechnology of Biopolymers
snapshot_1,Topic_carbon-coated_microspheres_2009-2018_Knowledge.txt,499,https://openalex.org/W1972664775,https://doi.org/10.3390/s120810713,2012,Lab-on-a-Chip Pathogen Sensors for Food Safety
snapshot_1,Topic_carbon-coated_microspheres_2009-2018_Knowledge.txt,500,https://openalex.org/W1997847274,https://doi.org/10.1002/adfm.201500001,2015,"Ultralight, Soft Polymer Sponges by Self‐Assembly of Short Electrospun Fibers in Colloidal Dispersions"
snapshot_2,Topic_iron_oxide_anodes_2009-2018_Knowledge.txt,1,https://openalex.org/W2592267057,https://doi.org/10.1038/ncomms14264,2017,Low-crystalline iron oxide hydroxide nanoparticle anode for high-performance supercapacitors
snapshot_2,Topic_iron_oxide_anodes_2009-2018_Knowledge.txt,2,https://openalex.org/W2751055004,https://doi.org/10.1002/anie.201707647,2017,Scalable Dry Production Process of a Superior 3D Net‐Like Carbon‐Based Iron Oxide Anode Material for Lithium‐Ion Batteries
snapshot_2,Topic_iron_oxide_anodes_2009-2018_Knowledge.txt,3,https://openalex.org/W2144970423,https://doi.org/10.1002/aenm.201300958,2013,Iron‐Oxide‐Based Advanced Anode Materials for Lithium‐Ion Batteries
snapshot_2,Topic_iron_oxide_anodes_2009-2018_Knowledge.txt,4,https://openalex.org/W2889495595,https://doi.org/10.1021/acs.langmuir.8b01953,2018,Effect of Synthesis on Performance of MXene/Iron Oxide Anode Material for Lithium-Ion Batteries
snapshot_2,Topic_iron_oxide_anodes_2009-2018_Knowledge.txt,5,https://openalex.org/W2106278548,https://doi.org/10.1002/adma.201103042,2011,2D Sandwich‐like Sheets of Iron Oxide Grown on Graphene as High Energy Anode Material for Supercapacitors
snapshot_2,Topic_iron_oxide_anodes_2009-2018_Knowledge.txt,6,https://openalex.org/W2321115237,https://doi.org/10.1021/acsnano.5b00582,2015,Iron Oxide-Decorated Carbon for Supercapacitor Anodes with Ultrahigh Energy Density and Outstanding Cycling Stability
snapshot_2,Topic_iron_oxide_anodes_2009-2018_Knowledge.txt,7,https://openalex.org/W2545690893,https://doi.org/10.1039/c6ta08139h,2016,Pushing the theoretical capacity limits of iron oxide anodes: capacity rise of γ-Fe<sub>2</sub>O<sub>3</sub>nanoparticles in lithium-ion batteries
snapshot_2,Topic_iron_oxide_anodes_2009-2018_Knowledge.txt,8,https://openalex.org/W2905031012,https://doi.org/10.1021/acscatal.8b04003,2018,"A Comparative Study of Nickel, Cobalt, and Iron Oxyhydroxide Anodes for the Electrochemical Oxidation of 5-Hydroxymethylfurfural to 2,5-Furandicarboxylic Acid"
snapshot_2,Topic_iron_oxide_anodes_2009-2018_Knowledge.txt,9,https://openalex.org/W1987425616,https://doi.org/10.1088/0022-3727/42/13/135303,2009,Nanostructured anodic iron oxide film as photoanode for water oxidation
snapshot_2,Topic_iron_oxide_anodes_2009-2018_Knowledge.txt,10,https://openalex.org/W2055541614,https://doi.org/10.1039/b909779a,2009,A novel hybrid supercapacitor with a carbon nanotube cathode and an iron oxide/carbon nanotube composite anode
snapshot_2,Topic_iron_oxide_anodes_2009-2018_Knowledge.txt,11,https://openalex.org/W2065077785,https://doi.org/10.1016/j.mattod.2014.10.040,2014,Li-ion battery materials: present and future
snapshot_2,Topic_iron_oxide_anodes_2009-2018_Knowledge.txt,12,https://openalex.org/W2745378411,https://doi.org/10.1002/ange.201707647,2017,Scalable Dry Production Process of a Superior 3D Net‐Like Carbon‐Based Iron Oxide Anode Material for Lithium‐Ion Batteries
snapshot_2,Topic_iron_oxide_anodes_2009-2018_Knowledge.txt,13,https://openalex.org/W2139425539,https://doi.org/10.1002/adfm.201303023,2013,Iron Oxide Nanoparticle and Graphene Nanoribbon Composite as an Anode Material for High‐Performance Li‐Ion Batteries
snapshot_2,Topic_iron_oxide_anodes_2009-2018_Knowledge.txt,14,https://openalex.org/W2081445348,https://doi.org/10.1021/cm802495p,2009,Self-Organized Anodic TiO<sub>2</sub> Nanotube Arrays Functionalized by Iron Oxide Nanoparticles
snapshot_2,Topic_iron_oxide_anodes_2009-2018_Knowledge.txt,15,https://openalex.org/W2109988662,https://doi.org/10.1002/anie.201202244,2012,Nanoparticulate Iron Oxide Tubes from Microporous Organic Nanotubes as Stable Anode Materials for Lithium Ion Batteries
snapshot_2,Topic_iron_oxide_anodes_2009-2018_Knowledge.txt,16,https://openalex.org/W2098021744,https://doi.org/10.1149/1.3623446,2011,Electrolysis of Molten Iron Oxide with an Iridium Anode: The Role of Electrolyte Basicity
snapshot_2,Topic_iron_oxide_anodes_2009-2018_Knowledge.txt,17,https://openalex.org/W1972442540,https://doi.org/10.1002/pssr.200802285,2009,"High aspect ratio, self‐ordered iron oxide nanopores formed by anodization of Fe in ethylene glycol/NH<sub>4</sub>F electrolytes"
snapshot_2,Topic_iron_oxide_anodes_2009-2018_Knowledge.txt,18,https://openalex.org/W2135610655,https://doi.org/10.1039/c1cc15022g,2011,Rechargeable battery using a novel iron oxide nanorods anode and a nickel hydroxide cathode in an aqueous electrolyte
snapshot_2,Topic_iron_oxide_anodes_2009-2018_Knowledge.txt,19,https://openalex.org/W2319255840,https://doi.org/10.1021/jp4064438,2013,Combined Surface and Electrochemical Study of the Lithiation/Delithiation Mechanism of the Iron Oxide Thin-Film Anode for Lithium-Ion Batteries
snapshot_2,Topic_iron_oxide_anodes_2009-2018_Knowledge.txt,20,https://openalex.org/W2134260471,https://doi.org/10.1039/c3ta13717a,2013,Solventless synthesis of an iron-oxide/graphene nanocomposite and its application as an anode in high-rate Li-ion batteries
snapshot_2,Topic_iron_oxide_anodes_2009-2018_Knowledge.txt,21,https://openalex.org/W2121903642,https://doi.org/10.1007/s12274-014-0416-0,2014,Preparation of carbon-coated iron oxide nanoparticles dispersed on graphene sheets and applications as advanced anode materials for lithium-ion batteries
snapshot_2,Topic_iron_oxide_anodes_2009-2018_Knowledge.txt,22,https://openalex.org/W2051876909,https://doi.org/10.1021/nl503059t,2014,High Responsivity Photoconductors Based on Iron Pyrite Nanowires Using Sulfurization of Anodized Iron Oxide Nanotubes
snapshot_2,Topic_iron_oxide_anodes_2009-2018_Knowledge.txt,23,https://openalex.org/W2793736419,https://doi.org/10.1002/adem.201701116,2018,In Situ Grown Iron Oxides on Carbon Nanofibers as Freestanding Anodes in Aqueous Supercapacitors
snapshot_2,Topic_iron_oxide_anodes_2009-2018_Knowledge.txt,24,https://openalex.org/W2155112057,https://doi.org/10.1039/c2ra22702a,2012,Mesoporous iron oxide directly anchored on a graphene matrix for lithium-ion battery anodes with enhanced strain accommodation
snapshot_2,Topic_iron_oxide_anodes_2009-2018_Knowledge.txt,25,https://openalex.org/W2483043126,https://doi.org/10.1021/acsami.6b05758,2016,Iron Telluride-Decorated Reduced Graphene Oxide Hybrid Microspheres as Anode Materials with Improved Na-Ion Storage Properties
snapshot_2,Topic_iron_oxide_anodes_2009-2018_Knowledge.txt,26,https://openalex.org/W2022590255,https://doi.org/10.1021/am501370f,2014,Comparative Electrochemical Analysis of Crystalline and Amorphous Anodized Iron Oxide Nanotube Layers as Negative Electrode for LIB
snapshot_2,Topic_iron_oxide_anodes_2009-2018_Knowledge.txt,27,https://openalex.org/W2804783574,https://doi.org/10.1002/adfm.201801746,2018,Iron Oxide Nanoparticle‐Encapsulated CNT Branches Grown on 3D Ozonated CNT Internetworks for Lithium‐Ion Battery Anodes
snapshot_2,Topic_iron_oxide_anodes_2009-2018_Knowledge.txt,28,https://openalex.org/W2618497301,https://doi.org/10.1002/celc.201700211,2017,Nickel‐Iron Alloy Nanoparticle‐Decorated K<sub>2</sub>NiF<sub>4</sub>‐Type Oxide as an Efficient and Sulfur‐Tolerant Anode for Solid Oxide Fuel Cells
snapshot_2,Topic_iron_oxide_anodes_2009-2018_Knowledge.txt,29,https://openalex.org/W2143904353,https://doi.org/10.1039/c4nr06321j,2015,Nano electrochemical reactors of Fe<sub>2</sub>O<sub>3</sub>nanoparticles embedded in shells of nitrogen-doped hollow carbon spheres as high-performance anodes for lithium-ion batteries
snapshot_2,Topic_iron_oxide_anodes_2009-2018_Knowledge.txt,30,https://openalex.org/W2152043273,https://doi.org/10.1021/ja307475c,2012,Formation of Fe<sub>2</sub>O<sub>3</sub> Microboxes with Hierarchical Shell Structures from Metal–Organic Frameworks and Their Lithium Storage Properties
snapshot_2,Topic_iron_oxide_anodes_2009-2018_Knowledge.txt,31,https://openalex.org/W2055984547,https://doi.org/10.1039/c4ra11900b,2015,Large-scale fabrication of porous carbon-decorated iron oxide microcuboids from Fe–MOF as high-performance anode materials for lithium-ion batteries
snapshot_2,Topic_iron_oxide_anodes_2009-2018_Knowledge.txt,32,https://openalex.org/W2094249787,https://doi.org/10.1039/c2ta00443g,2013,Robust lithium-ion anodes based on nanocomposites of iron oxide–carbon–silicate
snapshot_2,Topic_iron_oxide_anodes_2009-2018_Knowledge.txt,33,https://openalex.org/W2169329985,https://doi.org/10.1002/smll.201202601,2013,SnO<sub>2</sub>‐Based Nanomaterials: Synthesis and Application in Lithium‐Ion Batteries
snapshot_2,Topic_iron_oxide_anodes_2009-2018_Knowledge.txt,34,https://openalex.org/W2025650911,https://doi.org/10.1039/c2nr11966h,2012,Nanostructured metal oxide-based materials as advanced anodes for lithium-ion batteries
snapshot_2,Topic_iron_oxide_anodes_2009-2018_Knowledge.txt,35,https://openalex.org/W2012515919,https://doi.org/10.1063/1.3552711,2011,"Doped, porous iron oxide films and their optical functions and anodic photocurrents for solar water splitting"
snapshot_2,Topic_iron_oxide_anodes_2009-2018_Knowledge.txt,36,https://openalex.org/W2346512885,https://doi.org/10.1111/jace.14286,2016,Chitosan‐Tethered Iron Oxide Composites as an Antisintering Porous Structure for High‐Performance Li‐Ion Battery Anodes
snapshot_2,Topic_iron_oxide_anodes_2009-2018_Knowledge.txt,37,https://openalex.org/W2778422038,https://doi.org/10.1007/s12274-017-1938-z,2017,Facile synthesis of porous germanium-iron bimetal oxide nanowires as anode materials for lithium-ion batteries
snapshot_2,Topic_iron_oxide_anodes_2009-2018_Knowledge.txt,38,https://openalex.org/W2172172028,https://doi.org/10.1039/c4fd00232f,2014,Corrosion protection of iron using porous anodic oxide/conducting polymer composite coatings
snapshot_2,Topic_iron_oxide_anodes_2009-2018_Knowledge.txt,39,https://openalex.org/W2183318011,https://doi.org/10.1002/smll.201502299,2015,Conversion Reaction‐Based Oxide Nanomaterials for Lithium Ion Battery Anodes
snapshot_2,Topic_iron_oxide_anodes_2009-2018_Knowledge.txt,40,https://openalex.org/W4255763904,https://doi.org/10.1002/ange.201202244,2012,Nanoparticulate Iron Oxide Tubes from Microporous Organic Nanotubes as Stable Anode Materials for Lithium Ion Batteries
snapshot_2,Topic_iron_oxide_anodes_2009-2018_Knowledge.txt,41,https://openalex.org/W2081596815,https://doi.org/10.1039/c2jm30422h,2012,Nitrogen-doped carbon-encapsulation of Fe3O4 for increased reversibility in Li+ storage by the conversion reaction
snapshot_2,Topic_iron_oxide_anodes_2009-2018_Knowledge.txt,42,https://openalex.org/W2810038080,https://doi.org/10.1016/j.ultsonch.2018.07.003,2018,Optimization of effective parameters in the synthesis of nanopore anodic aluminum oxide membrane and arsenic removal by prepared magnetic iron oxide nanoparicles in anodic aluminum oxide membrane via ultrasonic-hydrothermal method
snapshot_2,Topic_iron_oxide_anodes_2009-2018_Knowledge.txt,43,https://openalex.org/W2206255100,https://doi.org/10.1039/c5ta09867j,2015,Iron-based sodium-ion full batteries
snapshot_2,Topic_iron_oxide_anodes_2009-2018_Knowledge.txt,44,https://openalex.org/W2801812074,https://doi.org/10.1021/acsami.8b03725,2018,Self-Generated Nanoporous Silver Framework for High-Performance Iron Oxide Pseudocapacitor Anodes
snapshot_2,Topic_iron_oxide_anodes_2009-2018_Knowledge.txt,45,https://openalex.org/W2127602625,https://doi.org/10.1002/cphc.201200588,2012,Vapor‐Phase Fabrication of β‐Iron Oxide Nanopyramids for Lithium‐Ion Battery Anodes
snapshot_2,Topic_iron_oxide_anodes_2009-2018_Knowledge.txt,46,https://openalex.org/W2545922071,https://doi.org/10.1021/acsami.6b09444,2016,Amorphous Fe<sub>2</sub>O<sub>3</sub>/Graphene Composite Nanosheets with Enhanced Electrochemical Performance for Sodium-Ion Battery
snapshot_2,Topic_iron_oxide_anodes_2009-2018_Knowledge.txt,47,https://openalex.org/W2806325097,https://doi.org/10.1002/cssc.201800641,2018,A Highly Efficient and Robust Perovskite Anode with Iron–Palladium Co‐exsolutions for Intermediate‐Temperature Solid‐Oxide Fuel Cells
snapshot_2,Topic_iron_oxide_anodes_2009-2018_Knowledge.txt,48,https://openalex.org/W1994192652,https://doi.org/10.1021/jp809385x,2009,Recent Advances in the Use of TiO<sub>2</sub> Nanotube and Nanowire Arrays for Oxidative Photoelectrochemistry
snapshot_2,Topic_iron_oxide_anodes_2009-2018_Knowledge.txt,49,https://openalex.org/W2009120911,https://doi.org/10.1039/c4ra05945j,2014,Facile synthesis of nanostructured carbon nanotube/iron oxide hybrids for lithium-ion battery anodes
snapshot_2,Topic_iron_oxide_anodes_2009-2018_Knowledge.txt,50,https://openalex.org/W2115749030,https://doi.org/10.1002/pssa.201330537,2014,Crystalline iron oxide nanotube arrays with high aspect ratio as binder free anode for Li-ion batteries
snapshot_2,Topic_iron_oxide_anodes_2009-2018_Knowledge.txt,51,https://openalex.org/W2423544123,https://doi.org/10.4014/jmb.1510.10037,2016,Comparison of Anodic Community in Microbial Fuel Cells with Iron Oxide-Reducing Community
snapshot_2,Topic_iron_oxide_anodes_2009-2018_Knowledge.txt,52,https://openalex.org/W2513842632,https://doi.org/10.1002/ente.201600404,2016,Lithium Storage in Carbon‐coated Zinc Iron Oxides as Anode Materials for Lithium‐Ion Batteries
snapshot_2,Topic_iron_oxide_anodes_2009-2018_Knowledge.txt,53,https://openalex.org/W2132796326,https://doi.org/10.1002/ente.201402031,2014,"Lithiation of an Iron Oxide‐Based Anode for Stable, High‐Capacity Lithium‐Ion Batteries of Porous Carbon–Fe<sub>3</sub>O<sub>4</sub>/Li[Ni<sub>0.59</sub>Co<sub>0.16</sub>Mn<sub>0.25</sub>]O<sub>2</sub>"
snapshot_2,Topic_iron_oxide_anodes_2009-2018_Knowledge.txt,54,https://openalex.org/W2122483274,https://doi.org/10.1002/adma.201302710,2013,Hierarchical Hollow Spheres of Fe<sub>2</sub>O<sub>3</sub>@Polyaniline for Lithium Ion Battery Anodes
snapshot_2,Topic_iron_oxide_anodes_2009-2018_Knowledge.txt,55,https://openalex.org/W2591816155,https://doi.org/10.1002/adma.201606793,2017,Ultrathin Iron‐Cobalt Oxide Nanosheets with Abundant Oxygen Vacancies for the Oxygen Evolution Reaction
snapshot_2,Topic_iron_oxide_anodes_2009-2018_Knowledge.txt,56,https://openalex.org/W1978079138,https://doi.org/10.1039/c3ta12790g,2013,Mesoscopic magnetic iron oxide spheres for high performance Li-ion battery anode: a new pulsed laser induced reactive micro-bubble synthesis process
snapshot_2,Topic_iron_oxide_anodes_2009-2018_Knowledge.txt,57,https://openalex.org/W2044790533,https://doi.org/10.1021/nl3004286,2012,Hollow Iron Oxide Nanoparticles for Application in Lithium Ion Batteries
snapshot_2,Topic_iron_oxide_anodes_2009-2018_Knowledge.txt,58,https://openalex.org/W2160005928,https://doi.org/10.1002/chem.201406667,2015,Soft Template Strategy to Synthesize Iron Oxide–Titania Yolk–Shell Nanoparticles as High‐Performance Anode Materials for Lithium‐Ion Battery Applications
snapshot_2,Topic_iron_oxide_anodes_2009-2018_Knowledge.txt,59,https://openalex.org/W1990533434,https://doi.org/10.1039/c3ra40682b,2013,Hybrids of iron oxide/ordered mesoporous carbon as anode materials for high-capacity and high-rate capability lithium-ion batteries
snapshot_2,Topic_iron_oxide_anodes_2009-2018_Knowledge.txt,60,https://openalex.org/W2790704802,https://doi.org/10.1002/anie.201712549,2018,Activating CoOOH Porous Nanosheet Arrays by Partial Iron Substitution for Efficient Oxygen Evolution Reaction
snapshot_2,Topic_iron_oxide_anodes_2009-2018_Knowledge.txt,61,https://openalex.org/W2092947052,https://doi.org/10.1021/es8036669,2009,Ferrous and Ferric Ion Generation During Iron Electrocoagulation
snapshot_2,Topic_iron_oxide_anodes_2009-2018_Knowledge.txt,62,https://openalex.org/W2605982023,https://doi.org/10.1038/ncomms14643,2017,Light-assisted delithiation of lithium iron phosphate nanocrystals towards photo-rechargeable lithium ion batteries
snapshot_2,Topic_iron_oxide_anodes_2009-2018_Knowledge.txt,63,https://openalex.org/W2756318834,https://doi.org/10.1039/c7ra08846a,2017,A corn-inspired structure design for an iron oxide fiber/reduced graphene oxide composite as a high-performance anode material for Li-ion batteries
snapshot_2,Topic_iron_oxide_anodes_2009-2018_Knowledge.txt,64,https://openalex.org/W2869179186,https://doi.org/10.1002/pssa.201701004,2018,Calcination Temperature Effect on Citrate‐Capped Iron Oxide Nanoparticles as Lithium‐Storage Anode Materials
snapshot_2,Topic_iron_oxide_anodes_2009-2018_Knowledge.txt,65,https://openalex.org/W2207534207,https://doi.org/10.1002/cctc.201501090,2015,Nickel–Iron/Gadolinium‐Doped Ceria (CGO) Composite Electrocatalyst as a Protective Layer for a Solid‐Oxide Fuel Cell Anode Fed with Biofuels
snapshot_2,Topic_iron_oxide_anodes_2009-2018_Knowledge.txt,66,https://openalex.org/W2328939392,https://doi.org/10.1021/ja401727n,2013,Metal–Organic-Frameworks-Derived General Formation of Hollow Structures with High Complexity
snapshot_2,Topic_iron_oxide_anodes_2009-2018_Knowledge.txt,67,https://openalex.org/W2038382409,https://doi.org/10.1002/adma.201101368,2011,The Iron Oxides Strike Back: From Biomedical Applications to Energy Storage Devices and Photoelectrochemical Water Splitting
snapshot_2,Topic_iron_oxide_anodes_2009-2018_Knowledge.txt,68,https://openalex.org/W2604866384,https://doi.org/10.3389/fmicb.2017.00643,2017,An Overview of Electron Acceptors in Microbial Fuel Cells
snapshot_2,Topic_iron_oxide_anodes_2009-2018_Knowledge.txt,69,https://openalex.org/W1821263743,https://doi.org/10.2109/jcersj2.123.903,2015,Reduction and carbonitriding of anodic titanium oxide film by using a mixture of iron and carbon powders
snapshot_2,Topic_iron_oxide_anodes_2009-2018_Knowledge.txt,70,https://openalex.org/W2052658135,https://doi.org/10.1021/cm8030208,2009,Water Photooxidation by Smooth and Ultrathin α-Fe<sub>2</sub>O<sub>3</sub> Nanotube Arrays
snapshot_2,Topic_iron_oxide_anodes_2009-2018_Knowledge.txt,71,https://openalex.org/W2896772077,https://doi.org/10.1021/acsaem.8b01308,2018,Solid-State Sintering Strategy for Simultaneous Nanosizing and Surface Coating of Iron Oxides as High-Capacity Anodes for Long-Life Li-Ion Batteries
snapshot_2,Topic_iron_oxide_anodes_2009-2018_Knowledge.txt,72,https://openalex.org/W2437276860,https://doi.org/10.1002/jccs.201600041,2016,Anodized Iron Oxide Nanostructures on Different Carbon Steels for Photoelectrochemical Water Splitting
snapshot_2,Topic_iron_oxide_anodes_2009-2018_Knowledge.txt,73,https://openalex.org/W2028046402,https://doi.org/10.1021/nl401952h,2013,Self-Assembled Fe<sub>3</sub>O<sub>4</sub> Nanoparticle Clusters as High-Performance Anodes for Lithium Ion Batteries via Geometric Confinement
snapshot_2,Topic_iron_oxide_anodes_2009-2018_Knowledge.txt,74,https://openalex.org/W2885911261,https://doi.org/10.1039/c8cy00307f,2018,Electrocatalytic degradation of rice straw lignin in alkaline solution through oxidation on a Ti/SnO<sub>2</sub>–Sb<sub>2</sub>O<sub>3</sub>/α-PbO<sub>2</sub>/β-PbO<sub>2</sub> anode and reduction on an iron or tin doped titanium cathode
snapshot_2,Topic_iron_oxide_anodes_2009-2018_Knowledge.txt,75,https://openalex.org/W2617315557,https://doi.org/10.1088/1361-6528/aa760d,2017,A general strategy toward graphitized carbon coating on iron oxides as advanced anodes for lithium-ion batteries
snapshot_2,Topic_iron_oxide_anodes_2009-2018_Knowledge.txt,76,https://openalex.org/W1503981182,N/A,2010,Candidate anode materials for iron production by molten oxide electrolysis
snapshot_2,Topic_iron_oxide_anodes_2009-2018_Knowledge.txt,77,https://openalex.org/W2063222671,https://doi.org/10.1021/ac900675k,2009,Metabolomic Profiling of Anionic Metabolites by Capillary Electrophoresis Mass Spectrometry
snapshot_2,Topic_iron_oxide_anodes_2009-2018_Knowledge.txt,78,https://openalex.org/W2570712132,https://doi.org/10.3303/cet1647030,2016,Use of Nano Zero-Valent Iron to Reduce Inorganic Species Electrogenerated during Anodic Oxidation on Boron Doped Diamond Anodes
snapshot_2,Topic_iron_oxide_anodes_2009-2018_Knowledge.txt,79,https://openalex.org/W2560899439,https://doi.org/10.1021/acsami.6b12482,2016,Sandwich-Like CNT@Fe<sub>3</sub>O<sub>4</sub>@C Coaxial Nanocables with Enhanced Lithium-Storage Capability
snapshot_2,Topic_iron_oxide_anodes_2009-2018_Knowledge.txt,80,https://openalex.org/W2236179741,https://doi.org/10.3390/cryst6010010,2016,A Review on the Properties of Iron Aluminide Intermetallics
snapshot_2,Topic_iron_oxide_anodes_2009-2018_Knowledge.txt,81,https://openalex.org/W2792697810,https://doi.org/10.1149/2.1221802jes,2018,Factors Limiting Li<sup>+</sup>Charge Transfer Kinetics in Li-Ion Batteries
snapshot_2,Topic_iron_oxide_anodes_2009-2018_Knowledge.txt,82,https://openalex.org/W2074074504,https://doi.org/10.1021/jp904560n,2009,Temperature-Dependent Growth of Self-Assembled Hematite (α-Fe<sub>2</sub>O<sub>3</sub>) Nanotube Arrays: Rapid Electrochemical Synthesis and Photoelectrochemical Properties
snapshot_2,Topic_iron_oxide_anodes_2009-2018_Knowledge.txt,83,https://openalex.org/W2010156316,https://doi.org/10.1021/cm903099w,2009,Iron Oxide-Based Nanotube Arrays Derived from Sacrificial Template-Accelerated Hydrolysis: Large-Area Design and Reversible Lithium Storage
snapshot_2,Topic_iron_oxide_anodes_2009-2018_Knowledge.txt,84,https://openalex.org/W2026366935,https://doi.org/10.1021/nn4007253,2013,Graphene–Nanotube–Iron Hierarchical Nanostructure as Lithium Ion Battery Anode
snapshot_2,Topic_iron_oxide_anodes_2009-2018_Knowledge.txt,85,https://openalex.org/W2143777915,https://doi.org/10.1149/1.3560477,2011,Production of Oxygen Gas and Liquid Metal by Electrochemical Decomposition of Molten Iron Oxide
snapshot_2,Topic_iron_oxide_anodes_2009-2018_Knowledge.txt,86,https://openalex.org/W1767218028,https://doi.org/10.1039/c5ra16460e,2015,Nanoporous iron oxide@carbon composites with low carbon content as high-performance anodes for lithium-ion batteries
snapshot_2,Topic_iron_oxide_anodes_2009-2018_Knowledge.txt,87,https://openalex.org/W2073300995,https://doi.org/10.1039/c2nr33043a,2012,Dopamine as the coating agent and carbon precursor for the fabrication of N-doped carbon coated Fe3O4 composites as superior lithium ion anodes
snapshot_2,Topic_iron_oxide_anodes_2009-2018_Knowledge.txt,88,https://openalex.org/W2100945585,https://doi.org/10.1002/adfm.201502265,2015,Carbon‐Stabilized High‐Capacity Ferroferric Oxide Nanorod Array for Flexible Solid‐State Alkaline Battery–Supercapacitor Hybrid Device with High Environmental Suitability
snapshot_2,Topic_iron_oxide_anodes_2009-2018_Knowledge.txt,89,https://openalex.org/W2792032508,https://doi.org/10.1134/s207511331801015x,2018,Metal-Ceramic Composites Based on Iron Oxide for Low-Consumption Anode during Electrolytic Extraction of Aluminum
snapshot_2,Topic_iron_oxide_anodes_2009-2018_Knowledge.txt,90,https://openalex.org/W2076580233,https://doi.org/10.1002/fuce.201200114,2012,Nickel–Iron Anode Substrate for Smart Solid Oxide Fuel Cells with a Self‐Protecting Function Against Reoxidation
snapshot_2,Topic_iron_oxide_anodes_2009-2018_Knowledge.txt,91,https://openalex.org/W2753090655,https://doi.org/10.1002/adfm.201703390,2017,In Situ Construction of 3D Interconnected FeS@Fe<sub>3</sub>C@Graphitic Carbon Networks for High‐Performance Sodium‐Ion Batteries
snapshot_2,Topic_iron_oxide_anodes_2009-2018_Knowledge.txt,92,https://openalex.org/W2783826372,https://doi.org/10.1002/smll.201703116,2018,Recent Progress in Iron‐Based Electrode Materials for Grid‐Scale Sodium‐Ion Batteries
snapshot_2,Topic_iron_oxide_anodes_2009-2018_Knowledge.txt,93,https://openalex.org/W2518853123,https://doi.org/10.20964/2016.10.24,2016,Nano Iron Oxides/Sisal Fiber Carbons Composites as Anode Materials for Lithium-ion Batteries
snapshot_2,Topic_iron_oxide_anodes_2009-2018_Knowledge.txt,94,https://openalex.org/W2025487231,https://doi.org/10.1002/adfm.201002576,2011,Fe<sub>3</sub>O<sub>4</sub> Nanoparticles Confined in Mesocellular Carbon Foam for High Performance Anode Materials for Lithium‐Ion Batteries
snapshot_2,Topic_iron_oxide_anodes_2009-2018_Knowledge.txt,95,https://openalex.org/W2593974685,https://doi.org/10.1002/cssc.201700070,2017,"Iron‐Based Electrodes Meet Water‐Based Preparation, Fluorine‐Free Electrolyte and Binder: A Chance for More Sustainable Lithium‐Ion Batteries?"
snapshot_2,Topic_iron_oxide_anodes_2009-2018_Knowledge.txt,96,https://openalex.org/W2065980429,https://doi.org/10.1080/15583724.2011.593390,2011,"Electrospun Nanofiber-Based Anodes, Cathodes, and Separators for Advanced Lithium-Ion Batteries"
snapshot_2,Topic_iron_oxide_anodes_2009-2018_Knowledge.txt,97,https://openalex.org/W2754457159,https://doi.org/10.1002/adfm.201703140,2017,3D‐Printed All‐Fiber Li‐Ion Battery toward Wearable Energy Storage
snapshot_2,Topic_iron_oxide_anodes_2009-2018_Knowledge.txt,98,https://openalex.org/W2158025640,https://doi.org/10.1002/adfm.201400178,2014,Tailoring the Void Size of Iron Oxide@Carbon Yolk–Shell Structure for Optimized Lithium Storage
snapshot_2,Topic_iron_oxide_anodes_2009-2018_Knowledge.txt,99,https://openalex.org/W2781623514,https://doi.org/10.1007/s10800-017-1143-5,2018,Electrolysis of iron in a molten oxide electrolyte
snapshot_2,Topic_iron_oxide_anodes_2009-2018_Knowledge.txt,100,https://openalex.org/W2011120719,https://doi.org/10.1134/s102319351411007x,2014,Growth of anodic oxide films on iron-triad metal monosilicides in sulfuric acid electrolyte
snapshot_2,Topic_iron_oxide_anodes_2009-2018_Knowledge.txt,101,https://openalex.org/W2053891394,https://doi.org/10.1088/1742-6596/145/1/012079,2009,Iron/Nickel nanowire growth in anodic aluminum oxide templates: Transfer of length scales and periodicity
snapshot_2,Topic_iron_oxide_anodes_2009-2018_Knowledge.txt,102,https://openalex.org/W2950866120,https://doi.org/10.1021/cm403443t,2013,Transition-Metal-Doped Zinc Oxide Nanoparticles as a New Lithium-Ion Anode Material
snapshot_2,Topic_iron_oxide_anodes_2009-2018_Knowledge.txt,103,https://openalex.org/W2409125210,https://doi.org/10.1166/jnn.2015.10026,2014,Iron Oxide (α-Fe&lt;SUB&gt;2&lt;/SUB&gt;O&lt;SUB&gt;3&lt;/SUB&gt;) Nanoparticles as an Anode Material for Lithium Ion Battery
snapshot_2,Topic_iron_oxide_anodes_2009-2018_Knowledge.txt,104,https://openalex.org/W2601693292,https://doi.org/10.1021/acsnano.7b01152,2017,Microwave-Assisted Morphology Evolution of Fe-Based Metal–Organic Frameworks and Their Derived Fe<sub>2</sub>O<sub>3</sub> Nanostructures for Li-Ion Storage
snapshot_2,Topic_iron_oxide_anodes_2009-2018_Knowledge.txt,105,https://openalex.org/W2344928902,https://doi.org/10.1002/cnma.201600110,2016,Nanostructured Iron Oxide/Hydroxide‐Based Electrode Materials for Supercapacitors
snapshot_2,Topic_iron_oxide_anodes_2009-2018_Knowledge.txt,106,https://openalex.org/W2130087081,https://doi.org/10.1039/c1ee02526k,2011,Photoelectrochemical water splitting over ordered honeycomb hematite electrodes stabilized by alumina shielding
snapshot_2,Topic_iron_oxide_anodes_2009-2018_Knowledge.txt,107,https://openalex.org/W2331521133,https://doi.org/10.1002/anie.201600098,2016,Transition‐Metal Carbodiimides as Molecular Negative Electrode Materials for Lithium‐ and Sodium‐Ion Batteries with Excellent Cycling Properties
snapshot_2,Topic_iron_oxide_anodes_2009-2018_Knowledge.txt,108,https://openalex.org/W2595973141,https://doi.org/10.1002/aenm.201700107,2017,Hierarchically Structured 3D Integrated Electrodes by Galvanic Replacement Reaction for Highly Efficient Water Splitting
snapshot_2,Topic_iron_oxide_anodes_2009-2018_Knowledge.txt,109,https://openalex.org/W2051089004,https://doi.org/10.1149/1.3160547,2009,Electrochemical Growth of Iron Oxide Thin Films with Nanorods and Nanosheets for Capacitors
snapshot_2,Topic_iron_oxide_anodes_2009-2018_Knowledge.txt,110,https://openalex.org/W2887748622,https://doi.org/10.1002/admi.201801043,2018,“Carbon‐Glue” Enabled Highly Stable and High‐Rate Fe<sub>3</sub>O<sub>4</sub> Nanorod Anode for Flexible Quasi‐Solid‐State Nickel–Copper//Iron Alkaline Battery
snapshot_2,Topic_iron_oxide_anodes_2009-2018_Knowledge.txt,111,https://openalex.org/W2091023748,https://doi.org/10.5012/jkcs.2012.56.5.542,2012,Electronic Properties of the Oxide Film and Anodic Oxidation Mechanism of Iron in Borate Buffer Solution
snapshot_2,Topic_iron_oxide_anodes_2009-2018_Knowledge.txt,112,https://openalex.org/W2281464866,https://doi.org/10.1021/acs.accounts.5b00262,2015,Current Issues in Molecular Catalysis Illustrated by Iron Porphyrins as Catalysts of the CO<sub>2</sub>-to-CO Electrochemical Conversion
snapshot_2,Topic_iron_oxide_anodes_2009-2018_Knowledge.txt,113,https://openalex.org/W2326354234,https://doi.org/10.1021/es500409m,2014,Electrochemically Induced Oxidative Precipitation of Fe(II) for As(III) Oxidation and Removal in Synthetic Groundwater
snapshot_2,Topic_iron_oxide_anodes_2009-2018_Knowledge.txt,114,https://openalex.org/W1991247663,https://doi.org/10.1007/s11051-011-0631-5,2011,Electrochemical synthesis of magnetic iron oxide nanoparticles with controlled size
snapshot_2,Topic_iron_oxide_anodes_2009-2018_Knowledge.txt,115,https://openalex.org/W2083375473,https://doi.org/10.1088/1674-4926/32/1/013001,2011,Physical properties of hematite α-Fe<sub>2</sub>O<sub>3</sub>thin films: application to photoelectrochemical solar cells
snapshot_2,Topic_iron_oxide_anodes_2009-2018_Knowledge.txt,116,https://openalex.org/W2051587557,https://doi.org/10.1021/nn303478e,2012,Building Robust Architectures of Carbon and Metal Oxide Nanocrystals toward High-Performance Anodes for Lithium-Ion Batteries
snapshot_2,Topic_iron_oxide_anodes_2009-2018_Knowledge.txt,117,https://openalex.org/W2065174310,https://doi.org/10.1021/jp308591k,2012,The Transient Photocurrent and Photovoltage Behavior of a Hematite Photoanode under Working Conditions and the Influence of Surface Treatments
snapshot_2,Topic_iron_oxide_anodes_2009-2018_Knowledge.txt,118,https://openalex.org/W1966044507,https://doi.org/10.1002/cssc.201300603,2014,Anodic Nanotubular/porous Hematite Photoanode for Solar Water Splitting: Substantial Effect of Iron Substrate Purity
snapshot_2,Topic_iron_oxide_anodes_2009-2018_Knowledge.txt,119,https://openalex.org/W2002285993,https://doi.org/10.1039/c2jm15927a,2012,A green and fast strategy for the scalable synthesis of Fe2O3/graphene with significantly enhanced Li-ion storage properties
snapshot_2,Topic_iron_oxide_anodes_2009-2018_Knowledge.txt,120,https://openalex.org/W2036235169,https://doi.org/10.1021/cm303611z,2012,Intercalation of Sodium Ions into Hollow Iron Oxide Nanoparticles
snapshot_2,Topic_iron_oxide_anodes_2009-2018_Knowledge.txt,121,https://openalex.org/W2324538757,https://doi.org/10.5796/electrochemistry.80.812,2012,Electrochemical Properties of High-Capacity SiO-C Anodes Prepared by the Addition of Iron Oxide Powder for Lithium Secondary Batteries
snapshot_2,Topic_iron_oxide_anodes_2009-2018_Knowledge.txt,122,https://openalex.org/W2274742465,https://doi.org/10.1039/c5cc09699e,2016,"In situ grown, self-supported iron–cobalt–nickel alloy amorphous oxide nanosheets with low overpotential toward water oxidation"
snapshot_2,Topic_iron_oxide_anodes_2009-2018_Knowledge.txt,123,https://openalex.org/W2044984701,https://doi.org/10.1021/jp2078715,2011,"STEP Iron, a Chemistry of Iron Formation without CO<sub>2</sub> Emission: Molten Carbonate Solubility and Electrochemistry of Iron Ore Impurities"
snapshot_2,Topic_iron_oxide_anodes_2009-2018_Knowledge.txt,124,https://openalex.org/W2605558666,https://doi.org/10.1021/acsami.7b01892,2017,Study on the Electrochemical Reaction Mechanism of NiFe<sub>2</sub>O<sub>4</sub> as a High-Performance Anode for Li-Ion Batteries
snapshot_2,Topic_iron_oxide_anodes_2009-2018_Knowledge.txt,125,https://openalex.org/W2318727006,https://doi.org/10.1021/es505984y,2015,Design of a Highly Efficient and Wide pH Electro-Fenton Oxidation System with Molecular Oxygen Activated by Ferrous–Tetrapolyphosphate Complex
snapshot_2,Topic_iron_oxide_anodes_2009-2018_Knowledge.txt,126,https://openalex.org/W2345798888,https://doi.org/10.1073/pnas.1604628113,2016,Efficient electrolyzer for CO <sub>2</sub> splitting in neutral water using earth-abundant materials
snapshot_2,Topic_iron_oxide_anodes_2009-2018_Knowledge.txt,127,https://openalex.org/W2573377826,https://doi.org/10.1126/science.aad4998,2017,Combining theory and experiment in electrocatalysis: Insights into materials design
snapshot_2,Topic_iron_oxide_anodes_2009-2018_Knowledge.txt,128,https://openalex.org/W2789059796,https://doi.org/10.1021/acssuschemeng.7b03871,2018,Synthesis of a Novel Interconnected 3D Pore Network Algal Biochar Constituting Iron Nanoparticles Derived from a Harmful Marine Biomass as High-Performance Asymmetric Supercapacitor Electrodes
snapshot_2,Topic_iron_oxide_anodes_2009-2018_Knowledge.txt,129,https://openalex.org/W2603442821,https://doi.org/10.1039/c6cs00776g,2017,Sodium-ion batteries: present and future
snapshot_2,Topic_iron_oxide_anodes_2009-2018_Knowledge.txt,130,https://openalex.org/W2023851832,https://doi.org/10.4028/www.scientific.net/amr.1024.99,2014,Effect of Applied Voltage on the Formation of Self-Organized Iron Oxide Nanoporous Film in Organic Electrolyte via Anodic Oxidation Process and their Photocurrent Performance
snapshot_2,Topic_iron_oxide_anodes_2009-2018_Knowledge.txt,131,https://openalex.org/W2316647889,https://doi.org/10.1149/05701.2961ecst,2013,Copper-Iron-Ceria-YSZ Anode for Direct Utilization of Hydrocarbons in Solid Oxide Fuel Cells
snapshot_2,Topic_iron_oxide_anodes_2009-2018_Knowledge.txt,132,https://openalex.org/W2334627701,https://doi.org/10.1021/acs.chemmater.6b00071,2016,<i>In Situ</i> Growth of Nanoparticles in Layered Perovskite La<sub>0.8</sub>Sr<sub>1.2</sub>Fe<sub>0.9</sub>Co<sub>0.1</sub>O<sub>4−δ</sub> as an Active and Stable Electrode for Symmetrical Solid Oxide Fuel Cells
snapshot_2,Topic_iron_oxide_anodes_2009-2018_Knowledge.txt,133,https://openalex.org/W2804410869,https://doi.org/10.1021/acssuschemeng.8b01707,2018,Selective Extraction of Rare-Earth Elements from NdFeB Magnets by a Room-Temperature Electrolysis Pretreatment Step
snapshot_2,Topic_iron_oxide_anodes_2009-2018_Knowledge.txt,134,https://openalex.org/W1966159034,https://doi.org/10.1039/c4ta03531c,2014,Nitrogen-doped graphene nanoribbons for high-performance lithium ion batteries
snapshot_2,Topic_iron_oxide_anodes_2009-2018_Knowledge.txt,135,https://openalex.org/W2170567216,https://doi.org/10.1149/1.3367929,2010,Direct Electrolysis of Molten Lunar Regolith for the Production of Oxygen and Metals on the Moon
snapshot_2,Topic_iron_oxide_anodes_2009-2018_Knowledge.txt,136,https://openalex.org/W1990751159,https://doi.org/10.1021/es500720g,2014,Flame Oxidation of Stainless Steel Felt Enhances Anodic Biofilm Formation and Current Output in Bioelectrochemical Systems
snapshot_2,Topic_iron_oxide_anodes_2009-2018_Knowledge.txt,137,https://openalex.org/W2088522809,https://doi.org/10.1149/1.3527982,2011,Iron Oxide Nanosheets and Nanoparticles Synthesized by a Facile Single-Step Coprecipitation Method for Lithium-Ion Batteries
snapshot_2,Topic_iron_oxide_anodes_2009-2018_Knowledge.txt,138,https://openalex.org/W2900825408,https://doi.org/10.1016/j.watres.2018.11.060,2018,Sustaining efficient production of aqueous iron during repeated operation of Fe(0)-electrocoagulation
snapshot_2,Topic_iron_oxide_anodes_2009-2018_Knowledge.txt,139,https://openalex.org/W2792580214,https://doi.org/10.1002/smll.201704209,2018,Etching‐Assisted Crumpled Graphene Wrapped Spiky Iron Oxide Particles for High‐Performance Li‐Ion Hybrid Supercapacitor
snapshot_2,Topic_iron_oxide_anodes_2009-2018_Knowledge.txt,140,https://openalex.org/W2333687924,https://doi.org/10.1021/jp212590f,2012,Rapid Mineralization of Azo-Dye Wastewater by Microwave Synergistic Electro-Fenton Oxidation Process
snapshot_2,Topic_iron_oxide_anodes_2009-2018_Knowledge.txt,141,https://openalex.org/W2073435280,https://doi.org/10.1039/c4fd00231h,2015,Effects of molybdenum on the composition and nanoscale morphology of passivated austenitic stainless steel surfaces
snapshot_2,Topic_iron_oxide_anodes_2009-2018_Knowledge.txt,142,https://openalex.org/W2262486267,https://doi.org/10.1021/acs.jpcc.5b06128,2015,Toward Settling the Debate on the Role of Fe<sub>2</sub>O<sub>3</sub> Surface States for Water Splitting
snapshot_2,Topic_iron_oxide_anodes_2009-2018_Knowledge.txt,143,https://openalex.org/W2891953107,https://doi.org/10.1021/acsnano.8b04336,2018,Metal–Organic Framework Derived Spindle-like Carbon Incorporated α-Fe<sub>2</sub>O<sub>3</sub> Grown on Carbon Nanotube Fiber as Anodes for High-Performance Wearable Asymmetric Supercapacitors
snapshot_2,Topic_iron_oxide_anodes_2009-2018_Knowledge.txt,144,https://openalex.org/W2240794236,https://doi.org/10.2172/1224963,2015,Material and Energy Flows in the Production of Cathode and Anode Materials for Lithium Ion Batteries
snapshot_2,Topic_iron_oxide_anodes_2009-2018_Knowledge.txt,145,https://openalex.org/W2099397729,https://doi.org/10.1149/2.024206jes,2012,Failure Investigation of LiFePO<sub>4</sub>Cells under Overcharge Conditions
snapshot_2,Topic_iron_oxide_anodes_2009-2018_Knowledge.txt,146,https://openalex.org/W2149992753,https://doi.org/10.1109/vppc.2011.6043017,2011,"Assessment of performance of lithium iron phosphate oxide, nickel manganese cobalt oxide and nickel cobalt aluminum oxide based cells for using in plug-in battery electric vehicle applications"
snapshot_2,Topic_iron_oxide_anodes_2009-2018_Knowledge.txt,147,https://openalex.org/W1567669204,https://doi.org/10.1002/2014jg002673,2014,Mapping electron sources and sinks in a marine biogeobattery
snapshot_2,Topic_iron_oxide_anodes_2009-2018_Knowledge.txt,148,https://openalex.org/W2098696180,https://doi.org/10.1039/c3ta13830e,2013,An iron oxide photoanode with hierarchical nanostructure for efficient water oxidation
snapshot_2,Topic_iron_oxide_anodes_2009-2018_Knowledge.txt,149,https://openalex.org/W1988064861,https://doi.org/10.1111/j.1574-6968.2010.01949.x,2010,Involvement and specificity of<i>Shewanella oneidensis</i>outer membrane cytochromes in the reduction of soluble and solid-phase terminal electron acceptors
snapshot_2,Topic_iron_oxide_anodes_2009-2018_Knowledge.txt,150,https://openalex.org/W2607421329,https://doi.org/10.1021/acsenergylett.7b00168,2017,"A Voltage-Enhanced, Low-Cost Aqueous Iron–Air Battery Enabled with a Mediator-Ion Solid Electrolyte"
snapshot_2,Topic_iron_oxide_anodes_2009-2018_Knowledge.txt,151,https://openalex.org/W1988980242,https://doi.org/10.2174/1876503300902010114,2009,XPS Analysis of Passive Film on Stainless Steel
snapshot_2,Topic_iron_oxide_anodes_2009-2018_Knowledge.txt,152,https://openalex.org/W4382021605,https://doi.org/10.1016/s1452-3981(23)15737-3,2012,Removal of Some Pesticides from the Simulated Waste Water by Electrocoagulation Method Using Iron Electrodes
snapshot_2,Topic_iron_oxide_anodes_2009-2018_Knowledge.txt,153,https://openalex.org/W2887361953,https://doi.org/10.1021/acssuschemeng.8b02097,2018,"Recovery of Rare Earth (i.e., La, Ce, Nd, and Pr) Oxides from End-of-Life Ni-MH Battery via Thermal Isolation"
snapshot_2,Topic_iron_oxide_anodes_2009-2018_Knowledge.txt,154,https://openalex.org/W2073790785,https://doi.org/10.1002/sia.3191,2010,Preferential anodic oxidation of second‐phase constituents during anodising of AA2024‐T3 and AA7075‐T6 alloys
snapshot_2,Topic_iron_oxide_anodes_2009-2018_Knowledge.txt,155,https://openalex.org/W2091847053,https://doi.org/10.3390/en5082952,2012,Rechargeable Energy Storage Systems for Plug-in Hybrid Electric Vehicles—Assessment of Electrical Characteristics
snapshot_2,Topic_iron_oxide_anodes_2009-2018_Knowledge.txt,156,https://openalex.org/W2571498886,https://doi.org/10.1039/c6qm00252h,2017,Graphene encapsulated Fe<sub>3</sub>O<sub>4</sub> nanorods assembled into a mesoporous hybrid composite used as a high-performance lithium-ion battery anode material
snapshot_2,Topic_iron_oxide_anodes_2009-2018_Knowledge.txt,157,https://openalex.org/W2079489897,https://doi.org/10.1007/s12613-015-1057-3,2015,Effect of intermetallic phases on the anodic oxidation and corrosion of 5A06 aluminum alloy
snapshot_2,Topic_iron_oxide_anodes_2009-2018_Knowledge.txt,158,https://openalex.org/W2761912504,https://doi.org/10.1021/acsami.7b10406,2017,Fe<sub>3</sub>S<sub>4</sub> Nanoparticles Wrapped in an rGO Matrix for Promising Energy Storage: Outstanding Cyclic and Rate Performance
snapshot_2,Topic_iron_oxide_anodes_2009-2018_Knowledge.txt,159,https://openalex.org/W2059283447,https://doi.org/10.1109/tps.2013.2287499,2013,Release of Iron Ions From the Stainless Steel Anode Occurring During High-Voltage Pulses and Its Consequences for Cell Electroporation Technology
snapshot_2,Topic_iron_oxide_anodes_2009-2018_Knowledge.txt,160,https://openalex.org/W1988177972,https://doi.org/10.1021/acsami.5b00617,2015,Yolk Bishell Mn<sub><i>x</i></sub>Co<sub>1–<i>x</i></sub>Fe<sub>2</sub>O<sub>4</sub> Hollow Microspheres and Their Embedded Form in Carbon for Highly Reversible Lithium Storage
snapshot_2,Topic_iron_oxide_anodes_2009-2018_Knowledge.txt,161,https://openalex.org/W2324388357,https://doi.org/10.1021/cs5017326,2014,Photo-Oxidation of Water on Defective Hematite(0001)
snapshot_2,Topic_iron_oxide_anodes_2009-2018_Knowledge.txt,162,https://openalex.org/W2736471259,https://doi.org/10.9790/5736-1007011820,2017,Comaprison of Iron Nanowires Fabricated via Porous Anodic Aluminium Oxide Template by a.c and d.c. Electrodeposition
snapshot_2,Topic_iron_oxide_anodes_2009-2018_Knowledge.txt,163,https://openalex.org/W2071477930,https://doi.org/10.1021/es301711a,2012,Electrochemically Induced Dual Reactive Barriers for Transformation of TCE and Mixture of Contaminants in Groundwater
snapshot_2,Topic_iron_oxide_anodes_2009-2018_Knowledge.txt,164,https://openalex.org/W2895588519,https://doi.org/10.1128/aem.02029-18,2018,Electrode Colonization by the Feammox Bacterium <i>Acidimicrobiaceae</i> sp. Strain A6
snapshot_2,Topic_iron_oxide_anodes_2009-2018_Knowledge.txt,165,https://openalex.org/W2007299182,https://doi.org/10.1021/cm902713m,2010,Li<sub>2</sub>O Removal from Li<sub>5</sub>FeO<sub>4</sub>: A Cathode Precursor for Lithium-Ion Batteries
snapshot_2,Topic_iron_oxide_anodes_2009-2018_Knowledge.txt,166,https://openalex.org/W2779135153,https://doi.org/10.1002/adma.201705445,2017,Foldable Electrode Architectures Based on Silver‐Nanowire‐Wound or Carbon‐Nanotube‐Webbed Micrometer‐Scale Fibers of Polyethylene Terephthalate Mats for Flexible Lithium‐Ion Batteries
snapshot_2,Topic_iron_oxide_anodes_2009-2018_Knowledge.txt,167,https://openalex.org/W2306683642,https://doi.org/10.1021/cm2013736,2011,Unique Lamellar Sodium/Potassium Iron Oxide Nanosheets: Facile Microwave-Assisted Synthesis and Magnetic and Electrochemical Properties
snapshot_2,Topic_iron_oxide_anodes_2009-2018_Knowledge.txt,168,https://openalex.org/W1854868840,https://doi.org/10.1016/j.gca.2015.09.014,2015,The impact of electrogenic sulfide oxidation on elemental cycling and solute fluxes in coastal sediment
snapshot_2,Topic_iron_oxide_anodes_2009-2018_Knowledge.txt,169,https://openalex.org/W1977457391,https://doi.org/10.1080/10934529.2014.950924,2014,Engineering aspects of ferrate in water and wastewater treatment – a review
snapshot_2,Topic_iron_oxide_anodes_2009-2018_Knowledge.txt,170,https://openalex.org/W2043978798,https://doi.org/10.1021/ic502908w,2015,Water Oxidation Catalysis by Birnessite@Iron Oxide Core–Shell Nanocomposites
snapshot_2,Topic_iron_oxide_anodes_2009-2018_Knowledge.txt,171,https://openalex.org/W2322029598,https://doi.org/10.1021/am501021e,2014,Pulsed-Laser Deposition of Nanostructured Iron Oxide Catalysts for Efficient Water Oxidation
snapshot_2,Topic_iron_oxide_anodes_2009-2018_Knowledge.txt,172,https://openalex.org/W2132015999,https://doi.org/10.1002/cjce.20625,2011,Effects of alternating current (AC) and direct current (DC) in electrocoagulation process for the removal of iron from water
snapshot_2,Topic_iron_oxide_anodes_2009-2018_Knowledge.txt,173,https://openalex.org/W2023569757,https://doi.org/10.1002/anie.201001626,2010,Biotemplating of Metal Carbide Microstructures: The Magnetic Leaf
snapshot_2,Topic_iron_oxide_anodes_2009-2018_Knowledge.txt,174,https://openalex.org/W1972413501,https://doi.org/10.5012/bkcs.2010.31.11.3077,2010,Anodic Stripping Voltammetric Detection of Arsenic(III) at Platinum-Iron(III) Nanoparticle Modified Carbon Nanotube on Glassy Carbon Electrode
snapshot_2,Topic_iron_oxide_anodes_2009-2018_Knowledge.txt,175,https://openalex.org/W2073699590,https://doi.org/10.1039/c5nr01391g,2015,Design and synthesis of micron-sized spherical aggregates composed of hollow Fe<sub>2</sub>O<sub>3</sub>nanospheres for use in lithium-ion batteries
snapshot_2,Topic_iron_oxide_anodes_2009-2018_Knowledge.txt,176,https://openalex.org/W2076906254,https://doi.org/10.1080/10934529.2012.660088,2012,Electrode effects on temporal changes in electrolyte pH and redox potential for water treatment
snapshot_2,Topic_iron_oxide_anodes_2009-2018_Knowledge.txt,177,https://openalex.org/W2327608181,https://doi.org/10.1021/acs.chemmater.5b00730,2015,Silicon/Hollow γ-Fe<sub>2</sub>O<sub>3</sub> Nanoparticles as Efficient Anodes for Li-Ion Batteries
snapshot_2,Topic_iron_oxide_anodes_2009-2018_Knowledge.txt,178,https://openalex.org/W2163723875,https://doi.org/10.3390/ijms141121328,2013,Quinolinic Acid: Neurotoxin or Oxidative Stress Modulator?
snapshot_2,Topic_iron_oxide_anodes_2009-2018_Knowledge.txt,179,https://openalex.org/W2316581342,https://doi.org/10.1021/ja203224d,2011,Molecular Photoelectric Switch Using a Mixed SAM of Organic [60]Fullerene and [70]Fullerene Doped with a Single Iron Atom
snapshot_2,Topic_iron_oxide_anodes_2009-2018_Knowledge.txt,180,https://openalex.org/W2161711966,https://doi.org/10.1039/c1ce05965c,2011,Synthesis of hexagonal-symmetry α-iron oxyhydroxide crystals using reduced graphene oxide as a surfactant and their Li storage properties
snapshot_2,Topic_iron_oxide_anodes_2009-2018_Knowledge.txt,181,https://openalex.org/W2734652115,https://doi.org/10.1002/cssc.201700693,2017,Homologous Catalysts Based on Fe‐Doped CoP Nanoarrays for High‐Performance Full Water Splitting under Benign Conditions
snapshot_2,Topic_iron_oxide_anodes_2009-2018_Knowledge.txt,182,https://openalex.org/W2548895145,https://doi.org/10.1149/2.1451607jes,2016,Formation of Porous Anodic Films on Carbon Steels and Their Application to Corrosion Protection Composite Coatings Formed with Polypyrrole
snapshot_2,Topic_iron_oxide_anodes_2009-2018_Knowledge.txt,183,https://openalex.org/W2321809081,https://doi.org/10.1021/jp1091009,2010,Large-Scale Porous Hematite Nanorod Arrays: Direct Growth on Titanium Foil and Reversible Lithium Storage
snapshot_2,Topic_iron_oxide_anodes_2009-2018_Knowledge.txt,184,https://openalex.org/W2000356811,https://doi.org/10.1080/01496395.2012.707729,2013,Enhancement of COD-Nutrients Removals and Filterability of Secondary Clarifier Municipal Wastewater Influent Using Electrocoagulation Technique
snapshot_2,Topic_iron_oxide_anodes_2009-2018_Knowledge.txt,185,https://openalex.org/W2317144748,https://doi.org/10.1021/nn5031302,2014,Building Robust Carbon Nanotube-Interweaved-Nanocrystal Architecture for High-Performance Anode Materials
snapshot_2,Topic_iron_oxide_anodes_2009-2018_Knowledge.txt,186,https://openalex.org/W2803567746,https://doi.org/10.1002/adfm.201800497,2018,Conformal Multifunctional Titania Shell on Iron Oxide Nanorod Conversion Electrode Enables High Stability Exceeding 30 000 Cycles in Aqueous Electrolyte
snapshot_2,Topic_iron_oxide_anodes_2009-2018_Knowledge.txt,187,https://openalex.org/W2890382069,https://doi.org/10.21809/rilemtechlett.2018.57,2018,The kinetic competition between transport and oxidation of ferrous ions governs precipitation of corrosion products in carbonated concrete
snapshot_2,Topic_iron_oxide_anodes_2009-2018_Knowledge.txt,188,https://openalex.org/W2009511538,https://doi.org/10.1128/aem.03741-14,2014,Iron Corrosion Induced by Nonhydrogenotrophic Nitrate-Reducing Prolixibacter sp. Strain MIC1-1
snapshot_2,Topic_iron_oxide_anodes_2009-2018_Knowledge.txt,189,https://openalex.org/W2793568091,https://doi.org/10.1007/s40831-018-0169-1,2018,"Recoveries of Valuable Metals from Spent Nickel Metal Hydride Vehicle Batteries via Sulfation, Selective Roasting, and Water Leaching"
snapshot_2,Topic_iron_oxide_anodes_2009-2018_Knowledge.txt,190,https://openalex.org/W2737783183,https://doi.org/10.2166/wst.2017.415,2017,Combined electrocoagulation and electro-oxidation of industrial textile wastewater treatment in a continuous multi-stage reactor
snapshot_2,Topic_iron_oxide_anodes_2009-2018_Knowledge.txt,191,https://openalex.org/W2432218761,https://doi.org/10.1021/jacs.6b03202,2016,"Toward the Digital Electrochemical Recognition of Cobalt, Iridium, Nickel, and Iron Ion Collisions by Catalytic Amplification"
snapshot_2,Topic_iron_oxide_anodes_2009-2018_Knowledge.txt,192,https://openalex.org/W2320432142,https://doi.org/10.1021/jp106851b,2011,Kinetics and Mechanism of the Electrochemical Formation of Iron Oxidation Products on Steel Immersed in Sour Acid Media
snapshot_2,Topic_iron_oxide_anodes_2009-2018_Knowledge.txt,193,https://openalex.org/W2898618715,https://doi.org/10.1016/j.crci.2018.09.016,2018,Fe3O4 anodes for lithium batteries: Production techniques and general applications
snapshot_2,Topic_iron_oxide_anodes_2009-2018_Knowledge.txt,194,https://openalex.org/W2466392931,https://doi.org/10.1021/acs.est.6b02057,2016,Electrocoagulation: Simply a Phase Separation Technology? The Case of Bronopol Compared to Its Treatment by EAOPs
snapshot_2,Topic_iron_oxide_anodes_2009-2018_Knowledge.txt,195,https://openalex.org/W2410039023,https://doi.org/10.1038/srep13801,2015,Insight on Tafel slopes from a microkinetic analysis of aqueous electrocatalysis for energy conversion
snapshot_2,Topic_iron_oxide_anodes_2009-2018_Knowledge.txt,196,https://openalex.org/W2566479129,https://doi.org/10.1021/acs.est.6b04387,2016,Iron-Anode Enhanced Sand Filter for Arsenic Removal from Tube Well Water
snapshot_2,Topic_iron_oxide_anodes_2009-2018_Knowledge.txt,197,https://openalex.org/W2605284860,https://doi.org/10.1039/c7cc01612c,2017,Highly active Fe<sub>3</sub>BO<sub>6</sub> as an anode material for sodium-ion batteries
snapshot_2,Topic_iron_oxide_anodes_2009-2018_Knowledge.txt,198,https://openalex.org/W1544286663,https://doi.org/10.1002/er.3332,2015,Physical characterization and electrochemical performance of copper-iron-ceria-YSZ anode-based SOFCs in H<sub>2</sub>and methane fuels
snapshot_2,Topic_iron_oxide_anodes_2009-2018_Knowledge.txt,199,https://openalex.org/W2810649234,https://doi.org/10.1039/c8nr03840f,2018,Porous CaFe<sub>2</sub>O<sub>4</sub> as a promising lithium ion battery anode: a trade-off between high capacity and long-term stability
snapshot_2,Topic_iron_oxide_anodes_2009-2018_Knowledge.txt,200,https://openalex.org/W2462227155,https://doi.org/10.1021/acsami.5b07547,2015,Inheritance of Crystallographic Orientation during Lithiation/Delithiation Processes of Single-Crystal α-Fe<sub>2</sub>O<sub>3</sub> Nanocubes in Lithium-Ion Batteries
snapshot_2,Topic_iron_oxide_anodes_2009-2018_Knowledge.txt,201,https://openalex.org/W2902002344,https://doi.org/10.3389/fmicb.2018.02905,2018,Extracellular Electron Transfer via Outer Membrane Cytochromes in a Methanotrophic Bacterium Methylococcus capsulatus (Bath)
snapshot_2,Topic_iron_oxide_anodes_2009-2018_Knowledge.txt,202,https://openalex.org/W2620365561,https://doi.org/10.1007/s12274-017-1502-x,2017,Sandwich-structured nanocomposites of N-doped graphene and nearly monodisperse Fe3O4 nanoparticles as high-performance Li-ion battery anodes
snapshot_2,Topic_iron_oxide_anodes_2009-2018_Knowledge.txt,203,https://openalex.org/W2904685199,https://doi.org/10.1002/lno.11110,2018,Cable bacteria promote DNRA through iron sulfide dissolution
snapshot_2,Topic_iron_oxide_anodes_2009-2018_Knowledge.txt,204,https://openalex.org/W2906511821,https://doi.org/10.2320/matertrans.m-m2018851,2018,Galvanic Microencapsulation (GME) Using Zero-Valent Aluminum and Zero-Valent Iron to Suppress Pyrite Oxidation
snapshot_2,Topic_iron_oxide_anodes_2009-2018_Knowledge.txt,205,https://openalex.org/W2318279039,https://doi.org/10.1002/adfm.201504848,2016,Lithium–Iron Fluoride Battery with In Situ Surface Protection
snapshot_2,Topic_iron_oxide_anodes_2009-2018_Knowledge.txt,206,https://openalex.org/W2423457402,https://doi.org/10.4191/kcers.2016.53.3.376,2016,Fe3O4 Nanoparticles on MWCNTs Backbone for Lithium Ion Batteries
snapshot_2,Topic_iron_oxide_anodes_2009-2018_Knowledge.txt,207,https://openalex.org/W2018606847,https://doi.org/10.1002/celc.201402411,2015,Sulfur‐Tolerant Hierarchically Porous Ceramic Anode‐Supported Solid‐Oxide Fuel Cells with Self‐Precipitated Nanocatalyst
snapshot_2,Topic_iron_oxide_anodes_2009-2018_Knowledge.txt,208,https://openalex.org/W2059968801,https://doi.org/10.4152/pea.201203221,2012,Electrocoagulation and Anodic Oxidation Integrated Process to Treat Leachate from a Portuguese Sanitary Landfill
snapshot_2,Topic_iron_oxide_anodes_2009-2018_Knowledge.txt,209,https://openalex.org/W2619594909,https://doi.org/10.1088/1361-6641/aa7593,2017,Thermal oxidation synthesis of crystalline iron-oxide nanowires on low-cost steel substrates for solar water splitting
snapshot_2,Topic_iron_oxide_anodes_2009-2018_Knowledge.txt,210,https://openalex.org/W2897004327,https://doi.org/10.1021/acssuschemeng.8b03561,2018,Nitrogen and Phosphorus Dual-Doped Graphene Aerogel Confined Monodisperse Iron Phosphide Nanodots as an Ultrafast and Long-Term Cycling Anode Material for Sodium-Ion Batteries
snapshot_2,Topic_iron_oxide_anodes_2009-2018_Knowledge.txt,211,https://openalex.org/W4382134973,https://doi.org/10.1016/s1452-3981(23)12908-7,2013,Electrolytic Removal of Phosphorus in Wastewater with Noble Electrode under the Conditions of Low Current and Constant Voltage
snapshot_2,Topic_iron_oxide_anodes_2009-2018_Knowledge.txt,212,https://openalex.org/W2896099818,https://doi.org/10.3390/nano8100808,2018,New Fe2O3-Clay@C Nanocomposite Anodes for Li-Ion Batteries Obtained by Facile Hydrothermal Processes
snapshot_2,Topic_iron_oxide_anodes_2009-2018_Knowledge.txt,213,https://openalex.org/W2142672635,https://doi.org/10.1155/2013/363826,2013,Corrosion Behaviour of a Highly Alloyed Austenitic Alloy UB6 in Contaminated Phosphoric Acid
snapshot_2,Topic_iron_oxide_anodes_2009-2018_Knowledge.txt,214,https://openalex.org/W2890954316,https://doi.org/10.1002/celc.201801086,2018,Biosynthesized Iron Sulfide Nanocluster Enhanced Anodic Current Generation by Sulfate Reducing Bacteria in Microbial Fuel Cells
snapshot_2,Topic_iron_oxide_anodes_2009-2018_Knowledge.txt,215,https://openalex.org/W4229616519,https://doi.org/10.1002/ange.201712549,2018,Activating CoOOH Porous Nanosheet Arrays by Partial Iron Substitution for Efficient Oxygen Evolution Reaction
snapshot_2,Topic_iron_oxide_anodes_2009-2018_Knowledge.txt,216,https://openalex.org/W2617909240,https://doi.org/10.1021/acssynbio.6b00349,2017,Engineering a Native Inducible Expression System in <i>Shewanella oneidensis</i> to Control Extracellular Electron Transfer
snapshot_2,Topic_iron_oxide_anodes_2009-2018_Knowledge.txt,217,https://openalex.org/W2128220334,https://doi.org/10.1039/c2dt31736b,2012,"Iron(<scp>ii</scp>) and cobalt(<scp>ii</scp>) complexes of tris-azinyl analogues of 2,2′:6′,2′′-terpyridine"
snapshot_2,Topic_iron_oxide_anodes_2009-2018_Knowledge.txt,218,https://openalex.org/W2813815711,https://doi.org/10.1039/c8ta05015e,2018,Low-valence bicomponent (FeO)<sub>x</sub>(MnO)<sub>1−x</sub> nanocrystals embedded in amorphous carbon as high-performance anode materials for lithium storage
snapshot_2,Topic_iron_oxide_anodes_2009-2018_Knowledge.txt,219,https://openalex.org/W2589067428,https://doi.org/10.2147/ijn.s121956,2017,The antimicrobial activity of nanoparticles: present situation and prospects for the future
snapshot_2,Topic_iron_oxide_anodes_2009-2018_Knowledge.txt,220,https://openalex.org/W2049402210,https://doi.org/10.1039/c1jm13263f,2011,Enhancing the lithium storage performance of iron oxide composites through partial substitution with Ni2+ or Co2+
snapshot_2,Topic_iron_oxide_anodes_2009-2018_Knowledge.txt,221,https://openalex.org/W2161715810,https://doi.org/10.1002/chem.201406188,2015,Three‐Dimensional Fe<sub>2</sub>N@C Microspheres Grown on Reduced Graphite Oxide for Lithium‐Ion Batteries and the Li Storage Mechanism
snapshot_2,Topic_iron_oxide_anodes_2009-2018_Knowledge.txt,222,https://openalex.org/W2394816489,https://doi.org/10.1021/acs.chemmater.5b03288,2015,Iron Doping in Spinel NiMn<sub>2</sub>O<sub>4</sub>: Stabilization of the Mesoporous Cubic Phase and Kinetics Activation toward Highly Reversible Li<sup>+</sup> Storage
snapshot_2,Topic_iron_oxide_anodes_2009-2018_Knowledge.txt,223,https://openalex.org/W2802245125,https://doi.org/10.1155/2018/7619419,2018,Electrochemical Determination of Paracetamol Using Fe<sub>3</sub>O<sub>4</sub>/Reduced Graphene-Oxide-Based Electrode
snapshot_2,Topic_iron_oxide_anodes_2009-2018_Knowledge.txt,224,https://openalex.org/W2770496929,https://doi.org/10.1038/am.2017.202,2017,Carbon-decorated iron oxide hollow granules formed using a silk fibrous template: lithium-oxygen battery and wastewater treatment applications
snapshot_2,Topic_iron_oxide_anodes_2009-2018_Knowledge.txt,225,https://openalex.org/W2091730682,https://doi.org/10.1002/ep.11603,2012,Influence of electrode material and electrode distance on bioelectricity production from sago‐processing wastewater using microbial fuel cell
snapshot_2,Topic_iron_oxide_anodes_2009-2018_Knowledge.txt,226,https://openalex.org/W2804857558,https://doi.org/10.1021/acssuschemeng.7b04438,2018,Carbon-Supported Bimetallic Platinum–Iron Nanocatalysts: Application in Direct Borohydride/Hydrogen Peroxide Fuel Cell
snapshot_2,Topic_iron_oxide_anodes_2009-2018_Knowledge.txt,227,https://openalex.org/W2094892247,https://doi.org/10.1080/10934529.2013.781904,2013,Electroplating wastewater treatment by the combined electrochemical and ozonation methods
snapshot_2,Topic_iron_oxide_anodes_2009-2018_Knowledge.txt,228,https://openalex.org/W2287342114,https://doi.org/10.1002/adfm.201504979,2016,Core–Shelled Low‐Oxidation State Oxides@Reduced Graphene Oxides Cubes via Pressurized Reduction for Highly Stable Lithium Ion Storage
snapshot_2,Topic_iron_oxide_anodes_2009-2018_Knowledge.txt,229,https://openalex.org/W2053748998,https://doi.org/10.1061/(asce)gt.1943-5606.0000109,2009,Fenton-Like Oxidation of Polycyclic Aromatic Hydrocarbons in Soils Using Electrokinetics
snapshot_2,Topic_iron_oxide_anodes_2009-2018_Knowledge.txt,230,https://openalex.org/W2055655412,https://doi.org/10.1007/s10800-011-0348-2,2011,Redox flow batteries: a review
snapshot_2,Topic_iron_oxide_anodes_2009-2018_Knowledge.txt,231,https://openalex.org/W2599017205,https://doi.org/10.1002/adfm.201700342,2017,A New Strategy to Effectively Suppress the Initial Capacity Fading of Iron Oxides by Reacting with LiBH<sub>4</sub>
snapshot_2,Topic_iron_oxide_anodes_2009-2018_Knowledge.txt,232,https://openalex.org/W2041750469,https://doi.org/10.1039/b906488e,2009,Temporal patterning of the potential induced by localized corrosion of iron passivity in acid media. Growth and breakdown of the oxide film described in terms of a point defect model
snapshot_2,Topic_iron_oxide_anodes_2009-2018_Knowledge.txt,233,https://openalex.org/W2785595950,https://doi.org/10.1039/c7tb03242k,2018,Photocatalytic anti-bioadhesion and bacterial deactivation on nanostructured iron oxide films
snapshot_2,Topic_iron_oxide_anodes_2009-2018_Knowledge.txt,234,https://openalex.org/W2283934733,https://doi.org/10.1021/acs.nanolett.5b02818,2015,Magnetic Field-Controlled Lithium Polysulfide Semiliquid Battery with Ferrofluidic Properties
snapshot_2,Topic_iron_oxide_anodes_2009-2018_Knowledge.txt,235,https://openalex.org/W2806116662,https://doi.org/10.1021/acsenergylett.8b00763,2018,In Operando Small-Angle X-ray Scattering Investigation of Nanostructured Polymer Electrolyte for Lithium-Ion Batteries
snapshot_2,Topic_iron_oxide_anodes_2009-2018_Knowledge.txt,236,https://openalex.org/W2144056055,https://doi.org/10.1002/ep.12148,2015,Environmental life cycle assessments of emerging anode materials for Li‐ion batteries‐metal oxide <scp>NP</scp>s
snapshot_2,Topic_iron_oxide_anodes_2009-2018_Knowledge.txt,237,https://openalex.org/W2185763704,N/A,2009,RECENT ADVANCES IN THE APPLICATION OF ELECTRO-FENTON AND PHOTOELECTRO-FENTON PROCESS FOR REMOVAL OF SYNTHETIC DYES IN WASTEWATER TREATMENT
snapshot_2,Topic_iron_oxide_anodes_2009-2018_Knowledge.txt,238,https://openalex.org/W2600128867,https://doi.org/10.1186/s11671-017-1938-7,2017,ZnFe2O4 Nanotapers: Slag Assistant-Growth and Enhanced Photoelectrochemical Efficiency
snapshot_2,Topic_iron_oxide_anodes_2009-2018_Knowledge.txt,239,https://openalex.org/W2794670176,https://doi.org/10.1021/acsaem.7b00339,2018,Role of the Carbon Support on the Oxygen Reduction and Evolution Activities in LaNiO<sub>3</sub> Composite Electrodes in Alkaline Solution
snapshot_2,Topic_iron_oxide_anodes_2009-2018_Knowledge.txt,240,https://openalex.org/W2043374222,https://doi.org/10.1149/1.3484785,2010,Spectroelectrochemical Study of Stainless Steel Corrosion in NaCl-KCl Melt
snapshot_2,Topic_iron_oxide_anodes_2009-2018_Knowledge.txt,241,https://openalex.org/W4240847619,https://doi.org/10.2172/1172039,2014,Material and Energy Flows in the Production of Cathode and Anode Materials for Lithium Ion Batteries
snapshot_2,Topic_iron_oxide_anodes_2009-2018_Knowledge.txt,242,https://openalex.org/W2902420557,https://doi.org/10.1088/1361-6528/aaf52a,2018,A novel route to the formation of 3D nanoflower-like hierarchical iron oxide nanostructure
snapshot_2,Topic_iron_oxide_anodes_2009-2018_Knowledge.txt,243,https://openalex.org/W2115723858,https://doi.org/10.1002/cssc.201300461,2014,Coaxial Carbon/Metal Oxide/Aligned Carbon Nanotube Arrays as High‐Performance Anodes for Lithium Ion Batteries
snapshot_2,Topic_iron_oxide_anodes_2009-2018_Knowledge.txt,244,https://openalex.org/W2898803061,https://doi.org/10.1021/acscatal.8b00574,2018,Surface Termination and Composition Control of Activity of the Co<sub><i>x</i></sub>Ni<sub>1–<i>x</i></sub>Fe<sub>2</sub>O<sub>4</sub>(001) Surface for Water Oxidation: Insights from DFT+<i>U</i> Calculations
snapshot_2,Topic_iron_oxide_anodes_2009-2018_Knowledge.txt,245,https://openalex.org/W2048243424,https://doi.org/10.1155/2014/547604,2014,Novel Anode Catalyst for Direct Methanol Fuel Cells
snapshot_2,Topic_iron_oxide_anodes_2009-2018_Knowledge.txt,246,https://openalex.org/W2071013392,https://doi.org/10.1007/s12274-014-0625-6,2014,Improving the electrochemical performance of Fe3O4 nanoparticles via a double protection strategy through carbon nanotube decoration and graphene networks
snapshot_2,Topic_iron_oxide_anodes_2009-2018_Knowledge.txt,247,https://openalex.org/W2168341000,https://doi.org/10.1039/c1cp21973a,2011,Spectroscopic study of the electric field induced valence change of Fe-defect centers in SrTiO3
snapshot_2,Topic_iron_oxide_anodes_2009-2018_Knowledge.txt,248,https://openalex.org/W2425111602,https://doi.org/10.1021/acsami.6b04274,2016,Grape-Like Fe<sub>3</sub>O<sub>4</sub> Agglomerates Grown on Graphene Nanosheets for Ultrafast and Stable Lithium Storage
snapshot_2,Topic_iron_oxide_anodes_2009-2018_Knowledge.txt,249,https://openalex.org/W2087868411,https://doi.org/10.1038/srep00601,2012,Oxygen rocking aqueous batteries utilizing reversible topotactic oxygen insertion/extraction in iron-based perovskite oxides Ca1–xLaxFeO3−δ
snapshot_2,Topic_iron_oxide_anodes_2009-2018_Knowledge.txt,250,https://openalex.org/W4382135180,https://doi.org/10.1016/s1452-3981(23)10873-x,2014,Electrocoagulation Process Coupled with Advance Oxidation Techniques to Treatment of Dairy Industry Wastewater
snapshot_2,Topic_iron_oxide_anodes_2009-2018_Knowledge.txt,251,https://openalex.org/W2132936801,https://doi.org/10.1590/s1516-14392013005000126,2013,Modified cassava starches as potential corrosion inhibitors for sustainable development
snapshot_2,Topic_iron_oxide_anodes_2009-2018_Knowledge.txt,252,https://openalex.org/W953985103,https://doi.org/10.2147/rie.s65118,2015,Microwave-assisted synthesis of graphene nanocomposites: recent developments on lithium-ion batteries
snapshot_2,Topic_iron_oxide_anodes_2009-2018_Knowledge.txt,253,https://openalex.org/W2151152504,https://doi.org/10.1590/s0103-50532009001000014,2009,A sensitive simultaneous determination of epinephrine and tyrosine using an iron(III) doped zeolite-modified carbon paste electrode
snapshot_2,Topic_iron_oxide_anodes_2009-2018_Knowledge.txt,254,https://openalex.org/W2737648775,https://doi.org/10.1002/cssc.201701068,2017,Design Rules for Oxygen Evolution Catalysis at Porous Iron Oxide Electrodes: A 1000‐Fold Current Density Increase
snapshot_2,Topic_iron_oxide_anodes_2009-2018_Knowledge.txt,255,https://openalex.org/W1991587159,https://doi.org/10.1179/2047058413y.0000000110,2013,Iron removal from waterlogged wood: Extraction by electrophoresis and chemical treatments
snapshot_2,Topic_iron_oxide_anodes_2009-2018_Knowledge.txt,256,https://openalex.org/W2148771141,https://doi.org/10.1039/c2dt31887c,2012,A facile one-pot method for synthesis of low-cost iron oxide/activated carbon nanotubeelectrode materials for lithium-ion batteries
snapshot_2,Topic_iron_oxide_anodes_2009-2018_Knowledge.txt,257,https://openalex.org/W2043870540,https://doi.org/10.1021/es503511m,2015,Light-Induced Extracellular Electron Transport by the Marine Raphidophyte <i>Chattonella marina</i>
snapshot_2,Topic_iron_oxide_anodes_2009-2018_Knowledge.txt,258,https://openalex.org/W2077660873,https://doi.org/10.1021/cm201951n,2011,Novel Color-Reinforcing Electrochromic Device Based on Surface-Confined Ruthenium Purple and Solution-Phase Methyl Viologen
snapshot_2,Topic_iron_oxide_anodes_2009-2018_Knowledge.txt,259,https://openalex.org/W2070990031,https://doi.org/10.1080/09593330.2014.911357,2014,Comparative removal of commercial diclofenac sodium by electro-oxidation on platinum anode and combined electro-oxidation and electrocoagulation on stainless steel anode
snapshot_2,Topic_iron_oxide_anodes_2009-2018_Knowledge.txt,260,https://openalex.org/W2774363051,https://doi.org/10.1002/celc.201701103,2017,Ex Situ Evidence for the Role of a Fluoride‐Rich Layer Switching the Growth of Nanopores to Nanotubes: A Missing Piece of the Anodizing Puzzle
snapshot_2,Topic_iron_oxide_anodes_2009-2018_Knowledge.txt,261,https://openalex.org/W2050509601,https://doi.org/10.1039/c1ra00402f,2011,Magnetite/graphene nanosheet composites: interfacial interaction and its impact on the durable high-rate performance in lithium-ion batteries
snapshot_2,Topic_iron_oxide_anodes_2009-2018_Knowledge.txt,262,https://openalex.org/W2319281506,https://doi.org/10.1021/jacs.5b00584,2015,Thiolate-Bridged Dinuclear Ruthenium and Iron Complexes as Robust and Efficient Catalysts toward Oxidation of Molecular Dihydrogen in Protic Solvents
snapshot_2,Topic_iron_oxide_anodes_2009-2018_Knowledge.txt,263,https://openalex.org/W2094084787,https://doi.org/10.1039/c4ta03397c,2014,Iron pyrite thin films deposited via non-vacuum direct coating of iron-salt/ethanol-based precursor solutions
snapshot_2,Topic_iron_oxide_anodes_2009-2018_Knowledge.txt,264,https://openalex.org/W2009027653,https://doi.org/10.1002/jrs.2842,2010,The growth of the passive film on iron in 0.05 M NaOH studied <i>in situ</i> by Raman microspectroscopy and electrochemical polarization. Part II: <i>In situ</i> Raman spectra of the passive film surface during growth by electrochemical polarization
snapshot_2,Topic_iron_oxide_anodes_2009-2018_Knowledge.txt,265,https://openalex.org/W2046784937,https://doi.org/10.2298/hemind0905387c,2009,"Investigation of electrochemical synthesis of ferrate, Part I: Electrochemical behavior of iron and its several alloys in concentrated alkaline solutions"
snapshot_2,Topic_iron_oxide_anodes_2009-2018_Knowledge.txt,266,https://openalex.org/W2735868690,https://doi.org/10.1039/c7cp03312e,2017,"Size dependent behavior of Fe<sub>3</sub>O<sub>4</sub>crystals during electrochemical (de)lithiation: an in situ X-ray diffraction, ex situ X-ray absorption spectroscopy, transmission electron microscopy and theoretical investigation"
snapshot_2,Topic_iron_oxide_anodes_2009-2018_Knowledge.txt,267,https://openalex.org/W2019720428,https://doi.org/10.1038/srep07736,2015,Flagellar filament bio-templated inorganic oxide materials – towards an efficient lithium battery anode
snapshot_2,Topic_iron_oxide_anodes_2009-2018_Knowledge.txt,268,https://openalex.org/W2057552503,https://doi.org/10.1149/2.0481414jes,2014,Electrochemically Grown Self-Organized Hematite Nanotube Arrays for Photoelectrochemical Water Splitting
snapshot_2,Topic_iron_oxide_anodes_2009-2018_Knowledge.txt,269,https://openalex.org/W2766003229,https://doi.org/10.1002/cssc.201701802,2017,Reconsidering Water Electrolysis: Producing Hydrogen at Cathodes Together with Selective Oxidation of <i>n</i>‐Butylamine at Anodes
snapshot_2,Topic_iron_oxide_anodes_2009-2018_Knowledge.txt,270,https://openalex.org/W1602132274,https://doi.org/10.1111/1751-7915.12267,2015,A lithotrophic microbial fuel cell operated with pseudomonads‐dominated iron‐oxidizing bacteria enriched at the anode
snapshot_2,Topic_iron_oxide_anodes_2009-2018_Knowledge.txt,271,https://openalex.org/W1983254756,https://doi.org/10.1039/c4ta01596g,2014,Designed synthesis of TiO2-modified iron oxides on/among carbon nanotubes as a superior lithium-ion storage material
snapshot_2,Topic_iron_oxide_anodes_2009-2018_Knowledge.txt,272,https://openalex.org/W2101941003,https://doi.org/10.1002/cphc.201200074,2012,Iron Resonant Photoemission Spectroscopy on Anodized Hematite Points to Electron Hole Doping during Anodization
snapshot_2,Topic_iron_oxide_anodes_2009-2018_Knowledge.txt,273,https://openalex.org/W2884175998,https://doi.org/10.1021/acsaem.8b00861,2018,Carbon-Supported Iron Phosphides: Highest Intrinsic Oxygen Evolution Activity of the Iron Triad
snapshot_2,Topic_iron_oxide_anodes_2009-2018_Knowledge.txt,274,https://openalex.org/W2534297795,https://doi.org/10.1039/c6ta08075h,2016,A review on noble-metal-free bifunctional heterogeneous catalysts for overall electrochemical water splitting
snapshot_2,Topic_iron_oxide_anodes_2009-2018_Knowledge.txt,275,https://openalex.org/W2748642972,https://doi.org/10.1002/adfm.201702428,2017,Engineering Highly Ordered Iron Titanate Nanotube Array Photoanodes for Enhanced Solar Water Splitting Activity
snapshot_2,Topic_iron_oxide_anodes_2009-2018_Knowledge.txt,276,https://openalex.org/W2902588556,https://doi.org/10.3390/ijms19123830,2018,Enhanced Electrochemical Performance of Carbon Nanotube with Nitrogen and Iron Using Liquid Phase Plasma Process for Supercapacitor Applications
snapshot_2,Topic_iron_oxide_anodes_2009-2018_Knowledge.txt,277,https://openalex.org/W1994107808,https://doi.org/10.1039/c4cy00669k,2014,Developments and perspectives of oxide-based catalysts for the oxygen evolution reaction
snapshot_2,Topic_iron_oxide_anodes_2009-2018_Knowledge.txt,278,https://openalex.org/W2103884570,https://doi.org/10.1002/ese3.95,2015,"Li‐ion batteries: basics, progress, and challenges"
snapshot_2,Topic_iron_oxide_anodes_2009-2018_Knowledge.txt,279,https://openalex.org/W2587773007,https://doi.org/10.1149/2.1091704jes,2017,New Insights into the Electrochemical Formation of Magnetite Nanoparticles
snapshot_2,Topic_iron_oxide_anodes_2009-2018_Knowledge.txt,280,https://openalex.org/W2327415606,https://doi.org/10.1021/ie504585q,2015,Synthesis and Characterization of Hematite Nanotube Arrays for Photocatalysis
snapshot_2,Topic_iron_oxide_anodes_2009-2018_Knowledge.txt,281,https://openalex.org/W2742328466,https://doi.org/10.1126/science.aan2255,2017,Direct atomic-level insight into the active sites of a high-performance PGM-free ORR catalyst
snapshot_2,Topic_iron_oxide_anodes_2009-2018_Knowledge.txt,282,https://openalex.org/W2747195431,https://doi.org/10.1002/smll.201701585,2017,Synthesis of Uniquely Structured Yolk–Shell Metal Oxide Microspheres Filled with Nitrogen‐Doped Graphitic Carbon with Excellent Li–Ion Storage Performance
snapshot_2,Topic_iron_oxide_anodes_2009-2018_Knowledge.txt,283,https://openalex.org/W2189000696,https://doi.org/10.1021/acs.chemrev.5b00370,2015,Light-Driven Heterogeneous Reduction of Carbon Dioxide: Photocatalysts and Photoelectrodes
snapshot_2,Topic_iron_oxide_anodes_2009-2018_Knowledge.txt,284,https://openalex.org/W2100100522,https://doi.org/10.1039/c4ee01303d,2014,Anion-exchange membranes in electrochemical energy systems
snapshot_2,Topic_iron_oxide_anodes_2009-2018_Knowledge.txt,285,https://openalex.org/W1995352623,https://doi.org/10.1021/nn406156b,2014,MoS<sub>2</sub>/Graphene Composite Paper for Sodium-Ion Battery Electrodes
snapshot_2,Topic_iron_oxide_anodes_2009-2018_Knowledge.txt,286,https://openalex.org/W1971033497,https://doi.org/10.4028/www.scientific.net/ssp.183.65,2011,Perovskites in Solid Oxide Fuel Cells
snapshot_2,Topic_iron_oxide_anodes_2009-2018_Knowledge.txt,287,https://openalex.org/W2041307115,https://doi.org/10.1088/0022-3727/43/44/445301,2010,Low-cost photoelectrocatalyst based on a nanoporous oxide layer of low-carbon steel
snapshot_2,Topic_iron_oxide_anodes_2009-2018_Knowledge.txt,288,https://openalex.org/W2513417361,https://doi.org/10.2147/nsa.s99986,2016,"Synthesis, characterization, applications, and challenges of iron oxide nanoparticles"
snapshot_2,Topic_iron_oxide_anodes_2009-2018_Knowledge.txt,289,https://openalex.org/W2575735654,https://doi.org/10.1073/pnas.1615837114,2017,Catalytic oxidation of Li <sub>2</sub> S on the surface of metal sulfides for Li−S batteries
snapshot_2,Topic_iron_oxide_anodes_2009-2018_Knowledge.txt,290,https://openalex.org/W2776959763,https://doi.org/10.3133/pp1802o,2017,Rare-earth elements
snapshot_2,Topic_iron_oxide_anodes_2009-2018_Knowledge.txt,291,https://openalex.org/W2618635392,https://doi.org/10.1021/acsami.7b04112,2017,A Facile Methodology for the Development of a Printable and Flexible All-Solid-State Rechargeable Battery
snapshot_2,Topic_iron_oxide_anodes_2009-2018_Knowledge.txt,292,https://openalex.org/W2371893820,https://doi.org/10.1002/advs.201500286,2016,Transition Metal Carbides and Nitrides in Energy Storage and Conversion
snapshot_2,Topic_iron_oxide_anodes_2009-2018_Knowledge.txt,293,https://openalex.org/W2332755968,https://doi.org/10.1021/la404525v,2014,Aging-Induced Chemical and Morphological Modifications of Thin Film Iron Oxide Electrodes for Lithium-Ion Batteries
snapshot_2,Topic_iron_oxide_anodes_2009-2018_Knowledge.txt,294,https://openalex.org/W2668221079,https://doi.org/10.1039/c6cs00306k,2017,Photoelectrochemical devices for solar water splitting – materials and challenges
snapshot_2,Topic_iron_oxide_anodes_2009-2018_Knowledge.txt,295,https://openalex.org/W2890234348,https://doi.org/10.1021/acs.organomet.8b00517,2018,Mechanistic Insights into the Electrochemical Reduction of CO<sub>2</sub> Catalyzed by Iron Cyclopentadienone Complexes
snapshot_2,Topic_iron_oxide_anodes_2009-2018_Knowledge.txt,296,https://openalex.org/W2337697720,https://doi.org/10.1002/slct.201600135,2016,Designing efficient doped NiOOH catalysts for water splitting with first principles calculations
snapshot_2,Topic_iron_oxide_anodes_2009-2018_Knowledge.txt,297,https://openalex.org/W1518778870,https://doi.org/10.1002/nbm.3244,2014,Transcranial direct current stimulation promotes the mobility of engrafted NSCs in the rat brain
snapshot_2,Topic_iron_oxide_anodes_2009-2018_Knowledge.txt,298,https://openalex.org/W2284985465,https://doi.org/10.1002/chem.201504429,2016,One‐Pot Synthesis of Pomegranate‐Structured Fe<sub>3</sub>O<sub>4</sub>/Carbon Nanospheres‐Doped Graphene Aerogel for High‐Rate Lithium Ion Batteries
snapshot_2,Topic_iron_oxide_anodes_2009-2018_Knowledge.txt,299,https://openalex.org/W2332822235,https://doi.org/10.1021/es404296x,2014,Inertization of Heavy Metals Present in Galvanic Sludge by DC Thermal Plasma
snapshot_2,Topic_iron_oxide_anodes_2009-2018_Knowledge.txt,300,https://openalex.org/W2892000040,https://doi.org/10.5772/intechopen.71077,2018,Advanced Fabrication and Characterization of Magnetic Nanowires
snapshot_2,Topic_iron_oxide_anodes_2009-2018_Knowledge.txt,301,https://openalex.org/W2108284472,https://doi.org/10.1590/s0103-50532011000300009,2011,"Electroless deposition of bis(4'-(4-Pyridyl)-2,2':6',2''-terpyridine)iron(II) thiocyanate complex onto carbon nanotubes modified glassy carbon electrode: application to simultaneous determination of ascorbic acid, dopamine and uric acid"
snapshot_2,Topic_iron_oxide_anodes_2009-2018_Knowledge.txt,302,https://openalex.org/W1968928251,https://doi.org/10.1080/08120099.2011.566937,2011,Genesis modelling for the Hamersley BIF-hosted iron ores of Western Australia: a critical review
snapshot_2,Topic_iron_oxide_anodes_2009-2018_Knowledge.txt,303,https://openalex.org/W2473823548,https://doi.org/10.1264/jsme2.me15185,2016,"Electrochemical Characterization of a Novel Exoelectrogenic Bacterium Strain SCS5, Isolated from a Mediator-Less Microbial Fuel Cell and Phylogenetically Related to &lt;i&gt;Aeromonas jandaei&lt;/i&gt;"
snapshot_2,Topic_iron_oxide_anodes_2009-2018_Knowledge.txt,304,https://openalex.org/W1598172490,https://doi.org/10.1179/1879139515y.0000000024,2015,An electrochemical study of the dissolution of chalcopyrite in ammonia–ammonium sulphate solutions
snapshot_2,Topic_iron_oxide_anodes_2009-2018_Knowledge.txt,305,https://openalex.org/W1986837169,https://doi.org/10.1039/c4ra06889k,2014,Facile synthesis of iron-based compounds as high performance anode materials for Li-ion batteries
snapshot_2,Topic_iron_oxide_anodes_2009-2018_Knowledge.txt,306,https://openalex.org/W2330939699,https://doi.org/10.1149/1.3205590,2009,Fabrication of Cerium Oxide based SOFC having a Porous Stainless Steel Support
snapshot_2,Topic_iron_oxide_anodes_2009-2018_Knowledge.txt,307,https://openalex.org/W2090888148,https://doi.org/10.1149/04529.0113ecst,2013,Long Term Stability Study of a Solid Oxide Metal-Air Battery
snapshot_2,Topic_iron_oxide_anodes_2009-2018_Knowledge.txt,308,https://openalex.org/W1975768295,https://doi.org/10.1149/05820.0019ecst,2014,Direct Electrochemical Reduction of Hematite Pellets in Alkaline Solutions
snapshot_2,Topic_iron_oxide_anodes_2009-2018_Knowledge.txt,309,https://openalex.org/W2229420120,https://doi.org/10.1038/srep17478,2015,Magnetically Controllable Polymer Nanotubes from a Cyclized Crosslinker for Site-Specific Delivery of Doxorubicin
snapshot_2,Topic_iron_oxide_anodes_2009-2018_Knowledge.txt,310,https://openalex.org/W2896138025,https://doi.org/10.1021/acssuschemeng.8b04274,2018,Self-Assembly-Induced Mosslike Fe<sub>2</sub>O<sub>3</sub> and FeP on Electro-oxidized Carbon Paper for Low-Voltage-Driven Hydrogen Production Plus Hydrazine Degradation
snapshot_2,Topic_iron_oxide_anodes_2009-2018_Knowledge.txt,311,https://openalex.org/W2039761797,https://doi.org/10.2478/v10172-011-0100-2,2011,Composite Layers with Ceramic Matrix Modified with Glassy Carbon Destined for Oil-Less Sliding Pairings
snapshot_2,Topic_iron_oxide_anodes_2009-2018_Knowledge.txt,312,https://openalex.org/W2890876635,https://doi.org/10.3389/fmicb.2018.02117,2018,Deciphering the Anode-Enhanced Azo Dye Degradation in Anaerobic Baffled Reactors Integrating With Microbial Fuel Cells
snapshot_2,Topic_iron_oxide_anodes_2009-2018_Knowledge.txt,313,https://openalex.org/W2906227358,https://doi.org/10.1021/acsami.8b16911,2018,On the Theoretical and Experimental Control of Defect Chemistry and Electrical and Photoelectrochemical Properties of Hematite Nanostructures
snapshot_2,Topic_iron_oxide_anodes_2009-2018_Knowledge.txt,314,https://openalex.org/W2327151859,https://doi.org/10.1021/ie400613k,2013,Toward the Development of a Novel Electro-Fenton System for Eliminating Toxic Organic Substances from Water. Part 1. In Situ Generation of Hydrogen Peroxide
snapshot_2,Topic_iron_oxide_anodes_2009-2018_Knowledge.txt,315,https://openalex.org/W2069106665,https://doi.org/10.1088/0957-4484/22/28/285608,2011,Template-assisted self-assembly of individual and clusters of magnetic nanoparticles
snapshot_2,Topic_iron_oxide_anodes_2009-2018_Knowledge.txt,316,https://openalex.org/W353281201,https://doi.org/10.1007/s11434-011-4476-1,2011,A review of TiO2 nanoparticles
snapshot_2,Topic_iron_oxide_anodes_2009-2018_Knowledge.txt,317,https://openalex.org/W2559750165,https://doi.org/10.1002/maco.201609177,2016,LaFeO<sub>3</sub> perovskite conversion coatings grown on a 13Cr ferritic stainless steel: a corrosion degradation study in simulated solid oxide fuel cell (SOFC) interconnect conditions at 700 °C
snapshot_2,Topic_iron_oxide_anodes_2009-2018_Knowledge.txt,318,https://openalex.org/W2023977931,https://doi.org/10.1149/1.3330704,2010,Cogeneration of HCN in a Solid Oxide Fuel Cell
snapshot_2,Topic_iron_oxide_anodes_2009-2018_Knowledge.txt,319,https://openalex.org/W2218635931,https://doi.org/10.1039/c5mh00260e,2015,The evolution of ‘sol–gel’ chemistry as a technique for materials synthesis
snapshot_2,Topic_iron_oxide_anodes_2009-2018_Knowledge.txt,320,https://openalex.org/W2906237131,https://doi.org/10.1021/acsaem.8b01361,2018,Designing a High-Power Sodium-Ion Battery by <i>in Situ</i> Metal Plating
snapshot_2,Topic_iron_oxide_anodes_2009-2018_Knowledge.txt,321,https://openalex.org/W2083710157,https://doi.org/10.1021/es901594j,2009,"H<sub>2</sub>S<sub>(g)</sub> Removal Using a Modified, Low-pH Liquid Redox Sulfur Recovery (LRSR) Process with Electrochemical Regeneration of the Fe Catalyst Couple"
snapshot_2,Topic_iron_oxide_anodes_2009-2018_Knowledge.txt,322,https://openalex.org/W2103616335,https://doi.org/10.1155/2013/817218,2013,Galvanic Interaction between Chalcopyrite and Pyrite with Low Alloy and High Carbon Chromium Steel Ball
snapshot_2,Topic_iron_oxide_anodes_2009-2018_Knowledge.txt,323,https://openalex.org/W2028701498,https://doi.org/10.4152/pea.201204281,2012,Electrocoagulation and Anodic Oxidation as a Complement of Biological Treatment of Sanitary Landfill Leachates
snapshot_2,Topic_iron_oxide_anodes_2009-2018_Knowledge.txt,324,https://openalex.org/W2610218531,https://doi.org/10.1021/acsenergylett.7b00119,2017,Metal–Air Batteries: Will They Be the Future Electrochemical Energy Storage Device of Choice?
snapshot_2,Topic_iron_oxide_anodes_2009-2018_Knowledge.txt,325,https://openalex.org/W2331021543,https://doi.org/10.1021/jp5016966,2014,FeO<sub><i>x</i></sub>-Coated SnO<sub>2</sub> as an Anode Material for Lithium Ion Batteries
snapshot_2,Topic_iron_oxide_anodes_2009-2018_Knowledge.txt,326,https://openalex.org/W2038051669,https://doi.org/10.1504/ijat.2009.029094,2009,ELID dressing behaviour of fine grained bronze bonded diamond grinding wheels
snapshot_2,Topic_iron_oxide_anodes_2009-2018_Knowledge.txt,327,https://openalex.org/W2164421297,https://doi.org/10.1021/nl403461n,2013,Three-Dimensional Graphene Foam Supported Fe<sub>3</sub>O<sub>4</sub> Lithium Battery Anodes with Long Cycle Life and High Rate Capability
snapshot_2,Topic_iron_oxide_anodes_2009-2018_Knowledge.txt,328,https://openalex.org/W2808989827,https://doi.org/10.1088/2053-1591/aace3f,2018,Corrosion protection of mild steel by graphene-based films
snapshot_2,Topic_iron_oxide_anodes_2009-2018_Knowledge.txt,329,https://openalex.org/W1994914437,https://doi.org/10.1039/c3ra23265d,2013,α-Fe2O3 nanorod arrays for bioanalytical applications: nitrite and hydrogen peroxide detection
snapshot_2,Topic_iron_oxide_anodes_2009-2018_Knowledge.txt,330,https://openalex.org/W1015320687,N/A,2009,Microbial fuel cells for the treatment of waste streams with energy recovery
snapshot_2,Topic_iron_oxide_anodes_2009-2018_Knowledge.txt,331,https://openalex.org/W2073708488,https://doi.org/10.1063/1.3627369,2011,Superparamagnetic behavior in cobalt iron oxide nanotube arrays by atomic layer deposition
snapshot_2,Topic_iron_oxide_anodes_2009-2018_Knowledge.txt,332,https://openalex.org/W2612747397,https://doi.org/10.1002/jctb.5323,2017,Fabrication of Ni‐Fe LDH/GF anode for enhanced Fe(III) regeneration in fuel cell‐assisted chelated‐iron dehydrosulfurization process
snapshot_2,Topic_iron_oxide_anodes_2009-2018_Knowledge.txt,333,https://openalex.org/W2746869461,https://doi.org/10.1126/sciadv.1700971,2017,Visualizing redox orbitals and their potentials in advanced lithium-ion battery materials using high-resolution x-ray Compton scattering
snapshot_2,Topic_iron_oxide_anodes_2009-2018_Knowledge.txt,334,https://openalex.org/W1966506992,https://doi.org/10.2298/jsc120309108c,2012,Ferrate(VI) synthesis at boron-doped diamond anode
snapshot_2,Topic_iron_oxide_anodes_2009-2018_Knowledge.txt,335,https://openalex.org/W2901997077,https://doi.org/10.1007/s13762-018-2130-z,2018,Textile dye wastewater characteristics and constituents of synthetic effluents: a critical review
snapshot_2,Topic_iron_oxide_anodes_2009-2018_Knowledge.txt,336,https://openalex.org/W2168846636,https://doi.org/10.1039/c2ce26922h,2012,A chemical composition evolution for the shape-controlled synthesis and energy storage applicability of Fe3O4–C nanostructures
snapshot_2,Topic_iron_oxide_anodes_2009-2018_Knowledge.txt,337,https://openalex.org/W2088479305,https://doi.org/10.1109/igbsg.2014.6835262,2014,Progress in materials for lithium-ion power batteries
snapshot_2,Topic_iron_oxide_anodes_2009-2018_Knowledge.txt,338,https://openalex.org/W1976101296,https://doi.org/10.1039/c4dt03278k,2014,Sustainable synthetic route for γ-Fe<sub>2</sub>O<sub>3</sub>/C hybrid as anode material for lithium-ion batteries
snapshot_2,Topic_iron_oxide_anodes_2009-2018_Knowledge.txt,339,https://openalex.org/W2135568322,https://doi.org/10.1134/s2070205109010134,2009,Electrochemical properties of iron silicocarbide and cementite in acidic and neutral environments
snapshot_2,Topic_iron_oxide_anodes_2009-2018_Knowledge.txt,340,https://openalex.org/W2065847047,https://doi.org/10.1021/jp910091y,2009,Relationship between Electrode Performance and Chemical Bonding Nature in Mesoporous Metal Oxide-Layered Titanate Nanohybrids
snapshot_2,Topic_iron_oxide_anodes_2009-2018_Knowledge.txt,341,https://openalex.org/W1487238964,https://doi.org/10.1155/2012/398508,2012,"Enhanced Photoactivity of Fe + N Codoped Anatase-Rutile<mml:math xmlns:mml=""http://www.w3.org/1998/Math/MathML""><mml:msub><mml:mtext>TiO</mml:mtext><mml:mtext>2</mml:mtext></mml:msub></mml:math>Nanowire Film under Visible Light Irradiation"
snapshot_2,Topic_iron_oxide_anodes_2009-2018_Knowledge.txt,342,https://openalex.org/W2551862459,https://doi.org/10.3923/rjes.2015.332.341,2015,Degradation of Phenol in Aqueous Solutions Using Electro-Fenton Process
snapshot_2,Topic_iron_oxide_anodes_2009-2018_Knowledge.txt,343,https://openalex.org/W2523290521,https://doi.org/10.2166/wpt.2016.060,2016,Mine water: chemical composition and treatment
snapshot_2,Topic_iron_oxide_anodes_2009-2018_Knowledge.txt,344,https://openalex.org/W2315125683,https://doi.org/10.1021/ie3032185,2013,Enhanced Electricity Generation from Electrochemical Oxidation of Fe<sup>II</sup> in an Air–Cathode Fuel Cell Amended with Chelating Anions
snapshot_2,Topic_iron_oxide_anodes_2009-2018_Knowledge.txt,345,https://openalex.org/W2895908017,https://doi.org/10.3389/fchem.2018.00501,2018,Carbothermal Synthesis of Nitrogen-Doped Graphene Composites for Energy Conversion and Storage Devices
snapshot_2,Topic_iron_oxide_anodes_2009-2018_Knowledge.txt,346,https://openalex.org/W2121144300,https://doi.org/10.1002/jrs.3109,2011,Analysis of the composition of the passive film on iron under pitting conditions in 0.05 M NaOH/NaCl using Raman microscopy <i>in situ</i> with anodic polarisation and MCR‐ALS
snapshot_2,Topic_iron_oxide_anodes_2009-2018_Knowledge.txt,347,https://openalex.org/W2560971839,https://doi.org/10.1039/c6tb02634f,2016,Rapamycin-loaded nanoporous α-Fe<sub>2</sub>O<sub>3</sub>as an endothelial favorable and thromboresistant coating for biodegradable drug-eluting Fe stent applications
snapshot_2,Topic_iron_oxide_anodes_2009-2018_Knowledge.txt,348,https://openalex.org/W2011227528,https://doi.org/10.1080/09593330.2013.858186,2013,"Ability of a haloalkaliphilic bacterium isolated from Soap Lake, Washington to generate electricity at pH 11.0 and 7% salinity"
snapshot_2,Topic_iron_oxide_anodes_2009-2018_Knowledge.txt,349,https://openalex.org/W2796342663,https://doi.org/10.1002/slct.201800305,2018,A High‐Performance Flexible Supercapacitor Anode Based On Polyaniline/Fe <sub>3</sub> O <sub>4</sub> Composite@Carbon Cloth
snapshot_2,Topic_iron_oxide_anodes_2009-2018_Knowledge.txt,350,https://openalex.org/W2312760230,https://doi.org/10.1166/jnn.2014.9964,2014,Facile Synthesis of One-Dimensional Iron-Oxide/Carbon Hybrid Nanostructures as Electrocatalysts for Oxygen Reduction Reaction in Alkaline Media
snapshot_2,Topic_iron_oxide_anodes_2009-2018_Knowledge.txt,351,https://openalex.org/W2076545889,https://doi.org/10.1021/ja9029686,2009,<i>trans-2</i> Addition Pattern to Power Charge Transfer in Dendronized Metalloporphyrin C<sub>60</sub> Conjugates
snapshot_2,Topic_iron_oxide_anodes_2009-2018_Knowledge.txt,352,https://openalex.org/W2580932403,https://doi.org/10.1073/pnas.1620787114,2017,Influence of iron doping on tetravalent nickel content in catalytic oxygen evolving films
snapshot_2,Topic_iron_oxide_anodes_2009-2018_Knowledge.txt,353,https://openalex.org/W2519304293,https://doi.org/10.1021/acs.energyfuels.6b01084,2016,Deep Desulfurization of Kerosene by Electrochemical Oxidation Generating Na<sub>2</sub>FeO<sub>4</sub>
snapshot_2,Topic_iron_oxide_anodes_2009-2018_Knowledge.txt,354,https://openalex.org/W2042052424,https://doi.org/10.5006/0411,2012,Predictions of Surface Electrochemistry of Saturated and Alkaline NH4Cl Solutions Interacting with Fe(110) from Ab Initio Calculations
snapshot_2,Topic_iron_oxide_anodes_2009-2018_Knowledge.txt,355,https://openalex.org/W2221555843,https://doi.org/10.1088/0957-4484/26/26/265401,2015,Electrochemical capacitance of iron oxide nanotube (Fe-NT): effect of annealing atmospheres
snapshot_2,Topic_iron_oxide_anodes_2009-2018_Knowledge.txt,356,https://openalex.org/W2800121830,https://doi.org/10.1021/acs.langmuir.8b00378,2018,An X-ray and Neutron Reflectometry Study of Iron Corrosion in Seawater
snapshot_2,Topic_iron_oxide_anodes_2009-2018_Knowledge.txt,357,https://openalex.org/W2904255904,https://doi.org/10.15485/1464240,2018,Inventory of U.S. Greenhouse Gas Emissions and Sinks
snapshot_2,Topic_iron_oxide_anodes_2009-2018_Knowledge.txt,358,https://openalex.org/W2054862504,https://doi.org/10.1149/2.075401jes,2013,On the Mechanism of Electrochemical Transpassive Dissolution of Fe-Based Anodes in Binary Hydroxide Media
snapshot_2,Topic_iron_oxide_anodes_2009-2018_Knowledge.txt,359,https://openalex.org/W2416453301,https://doi.org/10.1007/s40831-016-0062-8,2016,Sustainable Electrochemical Synthesis of Large Grain- or Catalyst-Sized Iron
snapshot_2,Topic_iron_oxide_anodes_2009-2018_Knowledge.txt,360,https://openalex.org/W2071082437,https://doi.org/10.1039/c3cs35468g,2013,Hallmarks of mechanochemistry: from nanoparticles to technology
snapshot_2,Topic_iron_oxide_anodes_2009-2018_Knowledge.txt,361,https://openalex.org/W1971656999,https://doi.org/10.1007/s12161-014-9925-4,2014,Application of a Graphene Oxide–Carbon Paste Electrode for the Determination of Lead in Rainbow Trout from Central Europe
snapshot_2,Topic_iron_oxide_anodes_2009-2018_Knowledge.txt,362,https://openalex.org/W2138098177,https://doi.org/10.1002/xrs.1167,2009,Analysis of paintings from the nineteenth century Brazilian painter Rodolfo Amoedo using EDXRF portable system
snapshot_2,Topic_iron_oxide_anodes_2009-2018_Knowledge.txt,363,https://openalex.org/W2059477855,https://doi.org/10.1021/jp907395z,2009,Application of Green Chemistry Techniques to Prepare Electrocatalysts for Direct Methanol Fuel Cells
snapshot_2,Topic_iron_oxide_anodes_2009-2018_Knowledge.txt,364,https://openalex.org/W2151747661,https://doi.org/10.1038/srep01775,2013,Single-atom Catalysis Using Pt/Graphene Achieved through Atomic Layer Deposition
snapshot_2,Topic_iron_oxide_anodes_2009-2018_Knowledge.txt,365,https://openalex.org/W2523161280,https://doi.org/10.1016/j.pecs.2016.09.001,2016,"Electrocatalysts for the generation of hydrogen, oxygen and synthesis gas"
snapshot_2,Topic_iron_oxide_anodes_2009-2018_Knowledge.txt,366,https://openalex.org/W2104911182,https://doi.org/10.1109/tnano.2009.2023988,2009,Assembly of Colloidal Nanoparticles into Anodic Aluminum Oxide Templates by Dip-Coating Process
snapshot_2,Topic_iron_oxide_anodes_2009-2018_Knowledge.txt,367,https://openalex.org/W2495416696,https://doi.org/10.17159/2411-9717/2016/v116n6a4,2016,Study of the dissolution of chalcopyrite in solutions of different ammonium salts
snapshot_2,Topic_iron_oxide_anodes_2009-2018_Knowledge.txt,368,https://openalex.org/W2793807348,https://doi.org/10.1039/c7ra11996h,2018,Perovskite solar cell for photocatalytic water splitting with a TiO<sub>2</sub>/Co-doped hematite electron transport bilayer
snapshot_2,Topic_iron_oxide_anodes_2009-2018_Knowledge.txt,369,https://openalex.org/W2054275881,https://doi.org/10.1002/ep.10457,2010,Effect of electro‐Fenton application on azo dyes biodegradability
snapshot_2,Topic_iron_oxide_anodes_2009-2018_Knowledge.txt,370,https://openalex.org/W2075267965,https://doi.org/10.1134/s207020511004012x,2010,Microplasma electrochemical deposition of aluminum oxide-polyethylene composite coatings on iron surface
snapshot_2,Topic_iron_oxide_anodes_2009-2018_Knowledge.txt,371,https://openalex.org/W2509155049,N/A,2016,Engineering Nanostructured Electrode Composites as High Performance Anode Materials - for Lithium Ion Batteries
snapshot_2,Topic_iron_oxide_anodes_2009-2018_Knowledge.txt,372,https://openalex.org/W2774326126,https://doi.org/10.21127/yaoyigc20170017,2017,Tailoring Iron Oxide Nanostructures for High-Capacity Lithium Storage
snapshot_2,Topic_iron_oxide_anodes_2009-2018_Knowledge.txt,373,https://openalex.org/W2296143349,https://doi.org/10.1021/acs.jpclett.6b00216,2016,The Priority and Challenge of High-Power Performance of Low-Platinum Proton-Exchange Membrane Fuel Cells
snapshot_2,Topic_iron_oxide_anodes_2009-2018_Knowledge.txt,374,https://openalex.org/W2507405931,https://doi.org/10.1007/s13201-016-0455-7,2016,Drinking water contamination and treatment techniques
snapshot_2,Topic_iron_oxide_anodes_2009-2018_Knowledge.txt,375,https://openalex.org/W2168258097,https://doi.org/10.1039/c3ee42099j,2013,Energy applications of ionic liquids
snapshot_2,Topic_iron_oxide_anodes_2009-2018_Knowledge.txt,376,https://openalex.org/W1505523471,https://doi.org/10.1002/9781118448847.ch6e,2014,Corrosion of Austenitic Stainless Steels in Chloride Melts
snapshot_2,Topic_iron_oxide_anodes_2009-2018_Knowledge.txt,377,https://openalex.org/W2090987153,https://doi.org/10.1142/s1088424609001248,2009,Synthesis of polyaniline/<font>TiO<sub>2</sub></font>nanocomposites with metalloporphyrin and metallophthalocyanine catalysts
snapshot_2,Topic_iron_oxide_anodes_2009-2018_Knowledge.txt,378,https://openalex.org/W1905517953,https://doi.org/10.1002/maco.201407614,2014,The kinetics of oxygen electroreduction: A long way from iron rust to lithium-air batteries
snapshot_2,Topic_iron_oxide_anodes_2009-2018_Knowledge.txt,379,https://openalex.org/W2166248197,https://doi.org/10.4067/s0717-97072009000400002,2009,COPPER ELECTROWINNING BASED ON REACTIVE ELECTRODIALYSIS
snapshot_2,Topic_iron_oxide_anodes_2009-2018_Knowledge.txt,380,https://openalex.org/W2778619243,https://doi.org/10.3390/inorganics6010005,2017,"Pentacoordinated Chloro-Iron(III) Complexes with Unsymmetrically Substituted N2O2 Quadridentate Schiff-Base Ligands: Syntheses, Structures, Magnetic and Redox Properties"
snapshot_2,Topic_iron_oxide_anodes_2009-2018_Knowledge.txt,381,https://openalex.org/W1971267407,https://doi.org/10.1149/2.0511504jes,2015,Photoelectrochemical Behavior of Nanoporous Oxide of FeNdB Alloy
snapshot_2,Topic_iron_oxide_anodes_2009-2018_Knowledge.txt,382,https://openalex.org/W2801452992,https://doi.org/10.1051/metal/2018004,2018,Recovery of manganese from manganese oxide ores in the EDTA solution
snapshot_2,Topic_iron_oxide_anodes_2009-2018_Knowledge.txt,383,https://openalex.org/W2812082848,https://doi.org/10.1021/acsaem.8b00852,2018,Intrinsic Activity of Some Oxygen and Hydrogen Evolution Reaction Electrocatalysts under Industrially Relevant Conditions
snapshot_2,Topic_iron_oxide_anodes_2009-2018_Knowledge.txt,384,https://openalex.org/W2011263807,https://doi.org/10.1021/es402967e,2013,Anodic Reactivity of Ferrous Sulfide Precipitates Changing over Time due to Particulate Speciation
snapshot_2,Topic_iron_oxide_anodes_2009-2018_Knowledge.txt,385,https://openalex.org/W2325056412,https://doi.org/10.1021/sc500479b,2014,Development of a Recyclable Remediation System for Gaseous BTEX: Combination of Iron Oxides Nanoparticles Adsorbents and Electrochemistry
snapshot_2,Topic_iron_oxide_anodes_2009-2018_Knowledge.txt,386,https://openalex.org/W2321602912,https://doi.org/10.1515/htmp-2013-0104,2014,Thermodynamic Analysis of the Corrosion of Fe-16Cr Alloy Interconnect of Solid Oxide Fuel Cell under Various Atmospheres
snapshot_2,Topic_iron_oxide_anodes_2009-2018_Knowledge.txt,387,https://openalex.org/W2322477478,https://doi.org/10.1002/adma.201505391,2016,Graphene Oxide‐Based Electrode Inks for 3D‐Printed Lithium‐Ion Batteries
snapshot_2,Topic_iron_oxide_anodes_2009-2018_Knowledge.txt,388,https://openalex.org/W2053654950,https://doi.org/10.1073/pnas.1117592109,2012,Microbial interspecies electron transfer via electric currents through conductive minerals
snapshot_2,Topic_iron_oxide_anodes_2009-2018_Knowledge.txt,389,https://openalex.org/W1985778735,https://doi.org/10.1021/ja205647m,2011,"Electrochemical Water Oxidation with Cobalt-Based Electrocatalysts from pH 0–14: The Thermodynamic Basis for Catalyst Structure, Stability, and Activity"
snapshot_2,Topic_iron_oxide_anodes_2009-2018_Knowledge.txt,390,https://openalex.org/W2053215759,https://doi.org/10.2355/isijinternational.55.387,2015,Possibility of Application of Solid Oxide Electrolysis Cell on a Smart Iron-making Process Based on an Active Carbon Recycling Energy System
snapshot_2,Topic_iron_oxide_anodes_2009-2018_Knowledge.txt,391,https://openalex.org/W2344529843,https://doi.org/10.1002/sia.6032,2016,Iron oxide nanotube film formed on carbon steel for photoelectrochemical water splitting: effect of annealing temperature
snapshot_2,Topic_iron_oxide_anodes_2009-2018_Knowledge.txt,392,https://openalex.org/W2765288344,https://doi.org/10.1021/acs.jpcc.7b05709,2017,Synthesis of Carbon Nanotubes Networks Grown on Silicon Nanoparticles as Li-Ion Anodes
snapshot_2,Topic_iron_oxide_anodes_2009-2018_Knowledge.txt,393,https://openalex.org/W2161346221,https://doi.org/10.1039/c1ee01970h,2011,Recent developments of molybdenum and tungsten sulfides as hydrogen evolution catalysts
snapshot_2,Topic_iron_oxide_anodes_2009-2018_Knowledge.txt,394,https://openalex.org/W2768545188,https://doi.org/10.1108/acmm-04-2017-1784,2017,Investigation on the effect of nano-ceria on the epoxy coatings for corrosion protection of mild steel in natural seawater
snapshot_2,Topic_iron_oxide_anodes_2009-2018_Knowledge.txt,395,https://openalex.org/W2368689707,N/A,2014,Progress in Research of Iron Oxide Composite Anode Materials for Li-ion Battery
snapshot_2,Topic_iron_oxide_anodes_2009-2018_Knowledge.txt,396,https://openalex.org/W1574834022,https://doi.org/10.3389/fmicb.2015.00575,2015,Microbial electron transport and energy conservation â€“ the foundation for optimizing bioelectrochemical systems
snapshot_2,Topic_iron_oxide_anodes_2009-2018_Knowledge.txt,397,https://openalex.org/W2523652718,https://doi.org/10.1515/msp-2016-0090,2016,One step paired electrochemical synthesis of iron and iron oxide nanoparticles
snapshot_2,Topic_iron_oxide_anodes_2009-2018_Knowledge.txt,398,https://openalex.org/W2895076502,https://doi.org/10.1002/celc.201801104,2018,Efficient Electrocatalytic Oxygen Evolution at Extremely High Current Density over 3D Ultrasmall Zero‐Valent Iron‐Coupled Nickel Sulfide Nanosheets
snapshot_2,Topic_iron_oxide_anodes_2009-2018_Knowledge.txt,399,https://openalex.org/W2887045541,https://doi.org/10.3390/en11082087,2018,Italian Experience on Electrical Storage Ageing for Primary Frequency Regulation
snapshot_2,Topic_iron_oxide_anodes_2009-2018_Knowledge.txt,400,https://openalex.org/W2281061721,N/A,2011,Microbiologically influenced corrosion on rails
snapshot_2,Topic_iron_oxide_anodes_2009-2018_Knowledge.txt,401,https://openalex.org/W2335449085,https://doi.org/10.1166/jnn.2014.9379,2014,Iron Oxide Nanostructured Electrodes for Detection of Copper(II) Ions
snapshot_2,Topic_iron_oxide_anodes_2009-2018_Knowledge.txt,402,https://openalex.org/W2092485740,https://doi.org/10.1134/s2070205110040155,2010,Corrosion-electrochemical behavior of iron family silicides in various electrolytes
snapshot_2,Topic_iron_oxide_anodes_2009-2018_Knowledge.txt,403,https://openalex.org/W2589764928,https://doi.org/10.1155/2017/6265184,2017,An Electrochemical Study to Evaluate the Effect of Calcium Nitrite Inhibitor to Mitigate the Corrosion of Reinforcement in Sodium Chloride Contaminated Ca(OH)<sub>2</sub>Solution
snapshot_2,Topic_iron_oxide_anodes_2009-2018_Knowledge.txt,404,https://openalex.org/W2160915354,https://doi.org/10.1002/pssb.201046208,2010,Preparation and magnetoviscosity of nanotube ferrofluids by viral scaffolding and ALD on porous templates
snapshot_2,Topic_iron_oxide_anodes_2009-2018_Knowledge.txt,405,https://openalex.org/W2052747946,https://doi.org/10.1111/j.1574-6976.2009.00191.x,2009,A kinetic perspective on extracellular electron transfer by anode-respiring bacteria
snapshot_2,Topic_iron_oxide_anodes_2009-2018_Knowledge.txt,406,https://openalex.org/W2804102153,https://doi.org/10.1021/acs.iecr.8b01013,2018,Energy-Efficient Electrochemical Strategy for the Oxidative Sequestration of As(III) in Synthesized Anoxic Groundwater
snapshot_2,Topic_iron_oxide_anodes_2009-2018_Knowledge.txt,407,https://openalex.org/W1605030144,https://doi.org/10.1002/pssr.201409049,2014,Photoelectrochemical properties of texture‐controlled nanostructured α‐Fe<sub>2</sub>O<sub>3</sub> thin films prepared by AACVD
snapshot_2,Topic_iron_oxide_anodes_2009-2018_Knowledge.txt,408,https://openalex.org/W2024755553,https://doi.org/10.1155/2012/380217,2011,Green Inhibitors for Corrosion Protection of Metals and Alloys: An Overview
snapshot_2,Topic_iron_oxide_anodes_2009-2018_Knowledge.txt,409,https://openalex.org/W1984611635,https://doi.org/10.1149/2.0471410jes,2014,Direct Electroless Plating of Iron-Boron on Copper
snapshot_2,Topic_iron_oxide_anodes_2009-2018_Knowledge.txt,410,https://openalex.org/W2799786708,https://doi.org/10.1039/c8dt00601f,2018,Electrodeposited-film electrodes derived from a precursor dinitrosyl iron complex for electrocatalytic water splitting
snapshot_2,Topic_iron_oxide_anodes_2009-2018_Knowledge.txt,411,https://openalex.org/W2146296955,https://doi.org/10.1039/c1cp22378j,2011,Graphene-encapsulated iron microspheres on the graphene nanosheets
snapshot_2,Topic_iron_oxide_anodes_2009-2018_Knowledge.txt,412,https://openalex.org/W1453014621,https://doi.org/10.1149/2.0971510jes,2015,Corrosion and Passivation of High Nitrogen Face-Centered-Cubic Phase Formed on AISI 304L Austenitic Stainless Steel in Borate Buffer Solution
snapshot_2,Topic_iron_oxide_anodes_2009-2018_Knowledge.txt,413,https://openalex.org/W2296880544,https://doi.org/10.1021/acs.chemrev.5b00197,2015,CO<sub>2</sub> Hydrogenation to Formate and Methanol as an Alternative to Photo- and Electrochemical CO<sub>2</sub> Reduction
snapshot_2,Topic_iron_oxide_anodes_2009-2018_Knowledge.txt,414,https://openalex.org/W595956784,N/A,2011,Microbial metal and metalloid metabolism : advances and applications
snapshot_2,Topic_iron_oxide_anodes_2009-2018_Knowledge.txt,415,https://openalex.org/W2618064434,https://doi.org/10.1146/annurev-micro-030117-020420,2017,Syntrophy Goes Electric: Direct Interspecies Electron Transfer
snapshot_2,Topic_iron_oxide_anodes_2009-2018_Knowledge.txt,416,https://openalex.org/W2515863890,https://doi.org/10.1149/07514.1073ecst,2016,(Invited) Conventional and Innovative Electrocatalysts for PEM Water Electrolysis
snapshot_2,Topic_iron_oxide_anodes_2009-2018_Knowledge.txt,417,https://openalex.org/W1978174476,https://doi.org/10.1134/s2070205114060070,2014,Corrosion-electrochemical behavior of nanostructured chromium oxide layers obtained by laser irradiation of unalloyed steel by short pulses
snapshot_2,Topic_iron_oxide_anodes_2009-2018_Knowledge.txt,418,https://openalex.org/W2050536812,https://doi.org/10.4236/aces.2013.32018,2013,Copper Recovery from Barren Cyanide Solution by Using Electrocoagulation Iron Process
snapshot_2,Topic_iron_oxide_anodes_2009-2018_Knowledge.txt,419,https://openalex.org/W2139237675,https://doi.org/10.1039/c2jm14462j,2012,"Structural, magnetic and electrochemical study of a new active phase obtained by oxidation of a LiFePO4/C composite"
snapshot_2,Topic_iron_oxide_anodes_2009-2018_Knowledge.txt,420,https://openalex.org/W2811423998,https://doi.org/10.1038/s41467-018-05019-5,2018,Corrosion engineering towards efficient oxygen evolution electrodes with stable catalytic activity for over 6000 hours
snapshot_2,Topic_iron_oxide_anodes_2009-2018_Knowledge.txt,421,https://openalex.org/W2596481016,https://doi.org/10.1166/jnn.2017.14199,2017,Electrochemical Synthesis and Photocatalytic Properties of <i>α</i>-Fe<sub>2</sub>O<sub>3</sub>
snapshot_2,Topic_iron_oxide_anodes_2009-2018_Knowledge.txt,422,https://openalex.org/W2147069536,https://doi.org/10.1039/c3cs60199d,2013,"Lithium and sodium battery cathode materials: computational insights into voltage, diffusion and nanostructural properties"
snapshot_2,Topic_iron_oxide_anodes_2009-2018_Knowledge.txt,423,https://openalex.org/W2782103857,https://doi.org/10.1038/s41467-017-02479-z,2018,Green synthesis of graphene oxide by seconds timescale water electrolytic oxidation
snapshot_2,Topic_iron_oxide_anodes_2009-2018_Knowledge.txt,424,https://openalex.org/W2592333231,https://doi.org/10.1088/1757-899x/176/1/012046,2017,The Modification of Carbon with Iron Oxide Synthesized in Electrolysis Using the Arc Discharge Method
snapshot_2,Topic_iron_oxide_anodes_2009-2018_Knowledge.txt,425,https://openalex.org/W2604150433,https://doi.org/10.1126/sciadv.1601659,2017,"Toward garnet electrolyte–based Li metal batteries: An ultrathin, highly effective, artificial solid-state electrolyte/metallic Li interface"
snapshot_2,Topic_iron_oxide_anodes_2009-2018_Knowledge.txt,426,https://openalex.org/W2141918308,https://doi.org/10.3390/ma7042833,2014,Zinc Oxide—From Synthesis to Application: A Review
snapshot_2,Topic_iron_oxide_anodes_2009-2018_Knowledge.txt,427,https://openalex.org/W2340971382,https://doi.org/10.1149/2.044302jes,2012,"Theory of SEI Formation in Rechargeable Batteries: Capacity Fade, Accelerated Aging and Lifetime Prediction"
snapshot_2,Topic_iron_oxide_anodes_2009-2018_Knowledge.txt,428,https://openalex.org/W2023446540,https://doi.org/10.2166/wst.2009.237,2009,Fabrication of zero valent iron (ZVI) nanotube film via potentiostatic anodization and electroreduction
snapshot_2,Topic_iron_oxide_anodes_2009-2018_Knowledge.txt,429,https://openalex.org/W2160621871,https://doi.org/10.1039/c5cp00858a,2015,Prospects and challenges of iron pyroelectrolysis in magnesium aluminosilicate melts near minimum liquidus temperature
snapshot_2,Topic_iron_oxide_anodes_2009-2018_Knowledge.txt,430,https://openalex.org/W2141478659,https://doi.org/10.1186/1556-276x-6-540,2011,Superparamagnetic iron oxide nanoparticle attachment on array of micro test tubes and microbeakers formed on p-type silicon substrate for biosensor applications
snapshot_2,Topic_iron_oxide_anodes_2009-2018_Knowledge.txt,431,https://openalex.org/W2895948418,https://doi.org/10.3390/nano8100810,2018,Surface Modification of Magnetic Iron Oxide Nanoparticles
snapshot_2,Topic_iron_oxide_anodes_2009-2018_Knowledge.txt,432,https://openalex.org/W2161678764,https://doi.org/10.1073/pnas.1210072109,2012,Flexible graphene-based lithium ion batteries with ultrafast charge and discharge rates
snapshot_2,Topic_iron_oxide_anodes_2009-2018_Knowledge.txt,433,https://openalex.org/W2280974745,N/A,2010,An investigation of the electrowinning of copper with dimensionally stable titanium anodes and conventional lead alloy anodes
snapshot_2,Topic_iron_oxide_anodes_2009-2018_Knowledge.txt,434,https://openalex.org/W2053006484,https://doi.org/10.2147/ijn.s30320,2012,Superparamagnetic iron oxide nanoparticles: magnetic nanoplatforms as drug carriers
snapshot_2,Topic_iron_oxide_anodes_2009-2018_Knowledge.txt,435,https://openalex.org/W2148686673,https://doi.org/10.1039/c3ta15123a,2014,Electrospun Fe2O3–carbon composite nanofibers as durable anode materials for lithium ion batteries
snapshot_2,Topic_iron_oxide_anodes_2009-2018_Knowledge.txt,436,https://openalex.org/W2096413940,N/A,2010,Synthesis and Catalytic Activity of Nanostructured Cerium Oxide
snapshot_2,Topic_iron_oxide_anodes_2009-2018_Knowledge.txt,437,https://openalex.org/W2037127065,https://doi.org/10.2147/nsa.s39406,2014,Nanotechnology in agri-food production: an overview
snapshot_2,Topic_iron_oxide_anodes_2009-2018_Knowledge.txt,438,https://openalex.org/W2326753855,https://doi.org/10.1021/ac5039863,2014,Electrochemical Sensors and Biosensors Based on Nanomaterials and Nanostructures
snapshot_2,Topic_iron_oxide_anodes_2009-2018_Knowledge.txt,439,https://openalex.org/W1968807146,https://doi.org/10.1590/s1516-14392009000100002,2009,"Nanocomposites: synthesis, structure, properties and new application opportunities"
snapshot_2,Topic_iron_oxide_anodes_2009-2018_Knowledge.txt,440,https://openalex.org/W1980283122,https://doi.org/10.1051/metal/2009078,2009,Electrowinning of Iron in Aqueous Alkaline Solution Using Rotating Disk Electrode
snapshot_2,Topic_iron_oxide_anodes_2009-2018_Knowledge.txt,441,https://openalex.org/W2889788709,https://doi.org/10.1021/acsaem.8b01024,2018,3D Copper Foam@FeO<sub><i>x</i></sub> Nanoarrays as a High Areal Capacity and Stable Electrode for Lithium-Ion Batteries
snapshot_2,Topic_iron_oxide_anodes_2009-2018_Knowledge.txt,442,https://openalex.org/W948471917,https://doi.org/10.3233/978-1-60750-031-5-2312,2009,Effect of electric potential on nanoiron particles delivery for pentachlorophenol remediation in low permeability soil
snapshot_2,Topic_iron_oxide_anodes_2009-2018_Knowledge.txt,443,https://openalex.org/W1972999272,https://doi.org/10.1063/1.4795818,2013,Hysteresis measurement of individual multilayered Fe-Ga/Cu nanowires using magnetic force microscopy
snapshot_2,Topic_iron_oxide_anodes_2009-2018_Knowledge.txt,444,https://openalex.org/W2119775741,https://doi.org/10.1117/12.2010070,2013,"Study of the electrochemical properties of magnetite, maghemite and hematite nanoparticles for their applications in lithium ion batteries"
snapshot_2,Topic_iron_oxide_anodes_2009-2018_Knowledge.txt,445,https://openalex.org/W592113297,N/A,2014,Lifetime analysis of four different lithium ion batteries for (plug – in) electric vehicle
snapshot_2,Topic_iron_oxide_anodes_2009-2018_Knowledge.txt,446,https://openalex.org/W2909219438,https://doi.org/10.18280/mmc_b.870303,2018,Synthesis and characterization of Fe2O3 /reduced graphene oxide nanocomposite as a high-performance anode material for sodium-ion batteries
snapshot_2,Topic_iron_oxide_anodes_2009-2018_Knowledge.txt,447,https://openalex.org/W2333244734,https://doi.org/10.1166/jnn.2009.1341,2009,Anodic Aluminium Oxide Membranes Used for the Growth of Carbon Nanotubes
snapshot_2,Topic_iron_oxide_anodes_2009-2018_Knowledge.txt,448,https://openalex.org/W2000815209,https://doi.org/10.1002/qua.24481,2013,Jaguar: A high‐performance quantum chemistry software program with strengths in life and materials sciences
snapshot_2,Topic_iron_oxide_anodes_2009-2018_Knowledge.txt,449,https://openalex.org/W2339752576,https://doi.org/10.20964/110403074,2016,Synthesis of Magnetite/ Hematite/ Iron Nanocomposites by the Low Voltage Arc Discharge in Water in the Presence of External Magnetic Field
snapshot_2,Topic_iron_oxide_anodes_2009-2018_Knowledge.txt,450,https://openalex.org/W1994744334,https://doi.org/10.1007/s00253-010-2509-3,2010,Metabolism and function of phenazines in bacteria: impacts on the behavior of bacteria in the environment and biotechnological processes
snapshot_2,Topic_iron_oxide_anodes_2009-2018_Knowledge.txt,451,https://openalex.org/W2088128432,https://doi.org/10.1016/j.jaubas.2012.09.005,2013,Conductivity and thermoelectric properties of nanostructure tin oxide thin films
snapshot_2,Topic_iron_oxide_anodes_2009-2018_Knowledge.txt,452,https://openalex.org/W2001086979,https://doi.org/10.3390/s140507881,2014,"Humidity Sensors Principle, Mechanism, and Fabrication Technologies: A Comprehensive Review"
snapshot_2,Topic_iron_oxide_anodes_2009-2018_Knowledge.txt,453,https://openalex.org/W2808814933,https://doi.org/10.1038/s41467-018-04888-0,2018,Systematic design of superaerophobic nanotube-array electrode comprised of transition-metal sulfides for overall water splitting
snapshot_2,Topic_iron_oxide_anodes_2009-2018_Knowledge.txt,454,https://openalex.org/W2171676210,https://doi.org/10.1002/celc.201500145,2015,Hierarchically Porous and Nitrogen‐Doped Graphene‐Like Microspheres as Stable Anodes for Lithium‐Ion Batteries
snapshot_2,Topic_iron_oxide_anodes_2009-2018_Knowledge.txt,455,https://openalex.org/W2068945195,https://doi.org/10.1002/ejic.201402760,2014,Prussian Blue Films Produced by Pentacyanidoferrate(II) and Their Application as Active Electrochemical Layers
snapshot_2,Topic_iron_oxide_anodes_2009-2018_Knowledge.txt,456,https://openalex.org/W2067201584,https://doi.org/10.1039/c2ra22351a,2012,Recent advances in electrochemical glucose biosensors: a review
snapshot_2,Topic_iron_oxide_anodes_2009-2018_Knowledge.txt,457,https://openalex.org/W2001426595,https://doi.org/10.1134/s0036024414050264,2014,Structures and magnetic properties of iron- and cobalt-containing oxide coatings on an aluminum alloy formed in electrolytes via plasma electrolytic oxidation
snapshot_2,Topic_iron_oxide_anodes_2009-2018_Knowledge.txt,458,https://openalex.org/W2677006011,N/A,2016,Removal of Chromium from Tanning Wastewater by Chemical Precipitation and Electrocoagulation
snapshot_2,Topic_iron_oxide_anodes_2009-2018_Knowledge.txt,459,https://openalex.org/W2773957237,https://doi.org/10.3390/en10122107,2017,Lithium-Ion Battery Storage for the Grid—A Review of Stationary Battery Storage System Design Tailored for Applications in Modern Power Grids
snapshot_2,Topic_iron_oxide_anodes_2009-2018_Knowledge.txt,460,https://openalex.org/W2148155489,https://doi.org/10.1093/ijlct/cts049,2012,Produced water treatment technologies
snapshot_2,Topic_iron_oxide_anodes_2009-2018_Knowledge.txt,461,https://openalex.org/W2044503539,https://doi.org/10.1039/c2ra20839c,2012,Addressing the terawatt challenge: scalability in the supply of chemical elements for renewable energy
snapshot_2,Topic_iron_oxide_anodes_2009-2018_Knowledge.txt,462,https://openalex.org/W2587887746,https://doi.org/10.1149/2.1031704jes,2017,Editors' Choice—A Methodology to Electrochemically Fabricate Fe-Ni-Co Nanotips
snapshot_2,Topic_iron_oxide_anodes_2009-2018_Knowledge.txt,463,https://openalex.org/W2147818124,https://doi.org/10.3390/s100504855,2010,A Comprehensive Review of Glucose Biosensors Based on Nanostructured Metal-Oxides
snapshot_2,Topic_iron_oxide_anodes_2009-2018_Knowledge.txt,464,https://openalex.org/W2101645096,https://doi.org/10.3390/en3050899,2010,"Microbial Fuel Cells, A Current Review"
snapshot_2,Topic_iron_oxide_anodes_2009-2018_Knowledge.txt,465,https://openalex.org/W2746397488,https://doi.org/10.1039/c6cs00066e,2017,Plasma technology – a novel solution for CO<sub>2</sub> conversion?
snapshot_2,Topic_iron_oxide_anodes_2009-2018_Knowledge.txt,466,https://openalex.org/W2301662868,https://doi.org/10.1021/acscatal.5b01638,2015,Guidelines for the Rational Design of Ni-Based Double Hydroxide Electrocatalysts for the Oxygen Evolution Reaction
snapshot_2,Topic_iron_oxide_anodes_2009-2018_Knowledge.txt,467,https://openalex.org/W2641249323,https://doi.org/10.1021/acs.est.7b00437,2017,Effect of <i>Pseudomonas fluorescens</i> on Buried Steel Pipeline Corrosion
snapshot_2,Topic_iron_oxide_anodes_2009-2018_Knowledge.txt,468,https://openalex.org/W2144221783,https://doi.org/10.1346/ccmn.2012.0600204,2012,The Effect of Smectite on the Corrosion of Iron Metal
snapshot_2,Topic_iron_oxide_anodes_2009-2018_Knowledge.txt,469,https://openalex.org/W2808136178,https://doi.org/10.1073/pnas.1800771115,2018,Unveiling the high-activity origin of single-atom iron catalysts for oxygen reduction reaction
snapshot_2,Topic_iron_oxide_anodes_2009-2018_Knowledge.txt,470,https://openalex.org/W2802756122,https://doi.org/10.1002/adsu.201800019,2018,Conversion of Iron Ore into an Active Catalyst for the Oxygen Evolution Reaction
snapshot_2,Topic_iron_oxide_anodes_2009-2018_Knowledge.txt,471,https://openalex.org/W2741788422,https://doi.org/10.3390/ma10080884,2017,Metallic Biomaterials: Current Challenges and Opportunities
snapshot_2,Topic_iron_oxide_anodes_2009-2018_Knowledge.txt,472,https://openalex.org/W2769127768,https://doi.org/10.1002/anie.201710877,2017,Hierarchical Hollow Nanoprisms Based on Ultrathin Ni‐Fe Layered Double Hydroxide Nanosheets with Enhanced Electrocatalytic Activity towards Oxygen Evolution
snapshot_2,Topic_iron_oxide_anodes_2009-2018_Knowledge.txt,473,https://openalex.org/W2582212137,https://doi.org/10.2166/wst.2017.049,2017,Simultaneous use of iron and copper anodes in photoelectro-Fenton process: concurrent removals of dye and cadmium
snapshot_2,Topic_iron_oxide_anodes_2009-2018_Knowledge.txt,474,https://openalex.org/W2465112285,https://doi.org/10.3390/molecules21070900,2016,Photocatalytic Water Splitting—The Untamed Dream: A Review of Recent Advances
snapshot_2,Topic_iron_oxide_anodes_2009-2018_Knowledge.txt,475,https://openalex.org/W1978230649,https://doi.org/10.1134/s0020168512120035,2012,Preparation and properties of exfoliated graphite modified with iron compounds
snapshot_2,Topic_iron_oxide_anodes_2009-2018_Knowledge.txt,476,https://openalex.org/W2039540204,https://doi.org/10.1088/1742-6596/534/1/012001,2014,Bottom-up nanofabrication using self-organized porous templates
snapshot_2,Topic_iron_oxide_anodes_2009-2018_Knowledge.txt,477,https://openalex.org/W2263166478,https://doi.org/10.1038/ncomms9618,2015,Quantifying the density and utilization of active sites in non-precious metal oxygen electroreduction catalysts
snapshot_2,Topic_iron_oxide_anodes_2009-2018_Knowledge.txt,478,https://openalex.org/W2013796542,https://doi.org/10.1007/s13204-013-0233-x,2013,"Biosynthesis, characterization and antimicrobial activity of copper oxide nanoparticles (CONPs) produced using brown alga extract (Bifurcaria bifurcata)"
snapshot_2,Topic_iron_oxide_anodes_2009-2018_Knowledge.txt,479,https://openalex.org/W4212777649,https://doi.org/10.1126/sciadv.1400129,2015,N-doped carbon nanomaterials are durable catalysts for oxygen reduction reaction in acidic fuel cells
snapshot_2,Topic_iron_oxide_anodes_2009-2018_Knowledge.txt,480,https://openalex.org/W2745464750,https://doi.org/10.1039/c6cs00752j,2017,Counter electrodes in dye-sensitized solar cells
snapshot_2,Topic_iron_oxide_anodes_2009-2018_Knowledge.txt,481,https://openalex.org/W2067936194,https://doi.org/10.1039/c2ra21342g,2012,"Progress in redox flow batteries, remaining challenges and their applications in energy storage"
snapshot_2,Topic_iron_oxide_anodes_2009-2018_Knowledge.txt,482,https://openalex.org/W2080444504,https://doi.org/10.1108/acmm-07-2012-1193,2014,Influence of electrosynthesis conditions and Al<sub>2</sub>O<sub>3</sub> nanoparticles on corrosion protection effect of polypyrrole films
snapshot_2,Topic_iron_oxide_anodes_2009-2018_Knowledge.txt,483,https://openalex.org/W2186290912,https://doi.org/10.1038/ncomms10101,2015,A highly reversible room-temperature lithium metal battery based on crosslinked hairy nanoparticles
snapshot_2,Topic_iron_oxide_anodes_2009-2018_Knowledge.txt,484,https://openalex.org/W1872555297,https://doi.org/10.1021/acs.jpcb.5b04208,2015,Rates and Routes of Electron Transfer of [NiFe]-Hydrogenase in an Enzymatic Fuel Cell
snapshot_2,Topic_iron_oxide_anodes_2009-2018_Knowledge.txt,485,https://openalex.org/W2076766246,https://doi.org/10.1038/ncomms7954,2015,P2-Na0.6[Cr0.6Ti0.4]O2 cation-disordered electrode for high-rate symmetric rechargeable sodium-ion batteries
snapshot_2,Topic_iron_oxide_anodes_2009-2018_Knowledge.txt,486,https://openalex.org/W2794544840,https://doi.org/10.1002/celc.201800143,2018,Hybrid Iron Oxide on Three‐Dimensional Exfoliated Graphite Electrode with Ultrahigh Capacitance for Energy Storage Applications
snapshot_2,Topic_iron_oxide_anodes_2009-2018_Knowledge.txt,487,https://openalex.org/W2321363256,https://doi.org/10.2473/journalofmmij.129.707,2013,Anodic Dissolution of Tungsten in a Molten Sodium Hydroxide
snapshot_2,Topic_iron_oxide_anodes_2009-2018_Knowledge.txt,488,https://openalex.org/W1995019017,https://doi.org/10.1039/c4nr00024b,2014,Solution synthesis of metal oxides for electrochemical energy storage applications
snapshot_2,Topic_iron_oxide_anodes_2009-2018_Knowledge.txt,489,https://openalex.org/W2559171777,https://doi.org/10.1039/c6cs00829a,2016,Hierarchically porous materials: synthesis strategies and structure design
snapshot_2,Topic_iron_oxide_anodes_2009-2018_Knowledge.txt,490,https://openalex.org/W2308380975,https://doi.org/10.1149/1.3703064,2012,Failure Investigation of LiFePO<sub>4</sub> Cells under Overcharge Conditions
snapshot_2,Topic_iron_oxide_anodes_2009-2018_Knowledge.txt,491,https://openalex.org/W2322408307,https://doi.org/10.1166/jnn.2015.9173,2014,LiFePO&lt;SUB&gt;4&lt;/SUB&gt; Nanostructures Fabricated from Iron(III) Phosphate (FePO&lt;SUB&gt;4&lt;/SUB&gt; · 2H&lt;SUB&gt;2&lt;/SUB&gt;O) by Hydrothermal Method
snapshot_2,Topic_iron_oxide_anodes_2009-2018_Knowledge.txt,492,https://openalex.org/W2896192476,https://doi.org/10.1039/c8ee00640g,2018,Alternative binders for sustainable electrochemical energy storage – the transition to aqueous electrode processing and bio-derived polymers
snapshot_2,Topic_iron_oxide_anodes_2009-2018_Knowledge.txt,493,https://openalex.org/W2895565070,https://doi.org/10.1002/adma.201803621,2018,Laser‐Induced Graphene: From Discovery to Translation
snapshot_2,Topic_iron_oxide_anodes_2009-2018_Knowledge.txt,494,https://openalex.org/W2616716878,https://doi.org/10.1016/j.arabjc.2017.05.001,2017,Electrochemical oxidation of vanillic acid by electro-Fenton process: Toward a novel route of protocatechuic acid electrosynthesis
snapshot_2,Topic_iron_oxide_anodes_2009-2018_Knowledge.txt,495,https://openalex.org/W1588332167,N/A,2013,Electrochemical Treatment of Hazardous Organic Pollutants â A Status Review
snapshot_2,Topic_iron_oxide_anodes_2009-2018_Knowledge.txt,496,https://openalex.org/W2298105020,https://doi.org/10.1039/c6ee00377j,2016,Effect of interlayer anions on [NiFe]-LDH nanosheet water oxidation activity
snapshot_2,Topic_iron_oxide_anodes_2009-2018_Knowledge.txt,497,https://openalex.org/W2607124037,https://doi.org/10.3390/ma10040406,2017,Marine Atmospheric Corrosion of Carbon Steel: A Review
snapshot_2,Topic_iron_oxide_anodes_2009-2018_Knowledge.txt,498,https://openalex.org/W2115563835,https://doi.org/10.1080/02772248.2014.942311,2014,"Application of electrochemical reactor divided by cellulosic membrane for optimized simultaneous removal of phenols, chromium, and ammonia from tannery effluents"
snapshot_2,Topic_iron_oxide_anodes_2009-2018_Knowledge.txt,499,https://openalex.org/W2030251986,https://doi.org/10.3390/catal2040572,2012,Photocatalytic Water Treatment by Titanium Dioxide: Recent Updates
snapshot_2,Topic_iron_oxide_anodes_2009-2018_Knowledge.txt,500,https://openalex.org/W2112216401,https://doi.org/10.1371/journal.pone.0005628,2009,Anode Biofilm Transcriptomics Reveals Outer Surface Components Essential for High Density Current Production in Geobacter sulfurreducens Fuel Cells
