case_id,replicate_id,condition,source_kind,packet_id,alias,evidence_support,citation_traceability,claims,flag_consequential_unsupported_or_contradicted_claim,flag_fabricated_or_invalid_citation_identifier,audit_rationale,uncertainty_notes
1,1,ds,legacy_replicate_1,case_01__rep_01,Candidate D,3,4,5,no,no,"Candidate D presents a memo synthesizing two hypothetical scientists' positions and cites specific numeric IDs tied to explicit evidence pools (A for Scientist A's citations, B for Scientist B's citations), which resolves the potential ambiguity noted in the module rules since the surrounding text (attribution to Scientist A vs B) disambiguates pool assignment for every ID used, and the supplied evidence records confirm one-to-one mapping per pool. Central claims about diffusive-limitation bottleneck (C1) and milling-conductivity tradeoff (C2) are strongly and directly supported by their single cited abstracts. Claims involving multi-citation composites (C3, C4, C5) blend genuinely relevant but only partially matching sources (different binder specifics, different SE chemistry, or different cell chemistry/system, e.g., garnet vs sulfide, or Li7P2S8I vs LPSCl), leading to partially_supported rather than fully supported status. No fabricated or unresolvable identifiers were found; all cited IDs map to explicit, retrievable, distinct records within their stated pools.","Minor ambiguity exists in whether combined multi-ID citations (e.g., [ID: 4, 48] or [ID: 252, 400]) are meant to jointly support one composite claim or separate sub-claims; I treated them as jointly cited support for the stated claim, which may somewhat understate traceability if the candidate intended finer-grained attribution. The distinction between sulfide (LPSCl) and analogous chemistries (Li7P2S8I in D-R06, halide SE in garnet system D-R05) is treated as a material limitation on support strength rather than an outright contradiction, per module guidance not to treat differing but related evidence as automatically disqualifying support."
1,1,mpds,legacy_replicate_1,case_01__rep_01,Candidate A,2,1,5,uncertain,uncertain,"The candidate presents a debate-summary memo synthesizing two hypothetical scientists' positions and citing numerous evidence IDs. Several central claims (bimodal architecture superiority, liquid-phase low-tortuosity network, conductive additive morphology preference, mechanofusion degradation risks, solvent-based process risks) are each supported to varying degrees by the underlying abstracts, but none are claims the abstracts test in the exact composite/mechanofusion-constrained framing described in the task. Notably, ID:20 is cited by both scientists but maps to two different pool records (A-R06a in pool A, A-R06b in pool B) without the candidate text disambiguating which pool is intended for either citation, creating traceability ambiguity for a claim central to the final recommendation (conductive additive choice). Additionally, ID:4 is used to support NCM/LPSCl degradation from mechanofusion but the underlying abstract concerns cycling-induced crack healing, not milling/mechanofusion-induced fracture, which is a mismatch between the cited mechanism and the actual study focus. These issues reduce both evidence support and traceability scores.","The ambiguity of ID:20 (appearing in both pool A and pool B with different papers) makes it impossible to confirm which specific study underlies each scientist's citation, though both records are thematically consistent with the general claim about additive morphology. It is uncertain whether this should count as a 'fabrated_or_invalid identifier' problem versus a legitimate cross-pool citation coincidence; I mark it uncertain rather than yes because both associated abstracts happen to support the same general proposition, softening (but not eliminating) the traceability concern. The mismatch between ID:4's actual subject (cycling-induced microcracks) and the claimed mechanofusion-processing degradation is a substantive but not necessarily consequential error, since the broader claim about chemo-mechanical risk during processing is independently supported by ID:314; hence I mark the consequential-claim flag as uncertain rather than yes."
1,1,sair,dual_pool_component_control,case_01__rep_01,Candidate A,3,2,5,no,uncertain,"The candidate's central claims are largely well-supported by the supplied evidence records, with most core mechanistic assertions (bimodal SE superiority, milling-conductivity trade-off, mechanical defect scaling with CAM loading, and polycrystalline microcracking) directly and specifically corroborated. However, citation traceability is undermined by the repeated use of bare numeric IDs (e.g., [ID: 31], [ID: 5], [ID: 314]) without pool identifiers in a context where at least one ID (31) is genuinely ambiguous across two supplied records with substantively different content (A-R02a supports the fine-particle contact-area claim closely; A-R02b is about artificial CEI coatings and does not support that specific claim). The candidate text does not disambiguate which pool is intended for shared numeric tokens, so some claim-evidence links carry material ambiguity per the module's explicit rule on non-unique numeric IDs. This ambiguity, combined with several citations supporting only generic or peripheral aspects of a claim (e.g., ID 12/A-R01 being a broad review rather than a specific study of fine-particle coverage), limits both evidence support and traceability scores from reaching the top of the scale, though no claim is contradicted and no central claim lacks any usable supporting evidence.","The main uncertainty concerns numeric ID 31, which is cited multiple times and maps to two structurally different supplied records (A-R02a in pool A, closely on-topic for diffusive-limitation/fine-particle claims; A-R02b in pool B, about artificial CEI coatings). The candidate text does not explicitly flag which pool it intends, so I could not confidently resolve this ambiguity in either direction; I treated the claim relying on ID 31 as partially supported rather than assuming the more favorable record. I marked fabricated_or_invalid_citation_identifier as 'uncertain' rather than 'yes' because both referenced records are genuine, valid entries (not fabricated), but the specific mapping intended by the candidate cannot be verified from the text alone. I did not treat this ambiguity as evidence of scientific error, only as a traceability limitation, consistent with the module's guidance that unverifiable/ambiguous does not imply falsity."
1,1,ses,dual_pool_component_control,case_01__rep_01,Candidate C,3,3,5,no,uncertain,"The candidate's central mechanistic claim (bimodal SE particle sizing outperforming uniform sizing) is well supported by a directly matching study cited by both hypothetical scientists (same underlying paper in both pools). Supporting claims about fine-particle contact-area benefits, milling-induced conductivity loss, tortuosity-driven lithiation gradients, and conductive-additive/SE interfacial obstruction are each grounded in at least one directly relevant abstract, though several rely on the candidate's own explicit inferential leaps (clearly flagged as 'Inference' in the text) to extend general findings (e.g., tortuosity-gradient studies, additive-interface studies) to the specific bimodal-allocation mechanism proposed. No claim is contradicted by the supplied evidence. Citation traceability is reasonably good: most IDs are pool-specific and map cleanly to single abstracts, but the [ID: 5] token is dually listed across pools A and B with different papers, and while the candidate's phrasing ('Scientist B [ID: 5]') plausibly disambiguates it via the surrounding milling-conductivity context, this remains a residual ambiguity rather than a fully unambiguous mapping, which caps traceability at a middle score rather than the top score.","The bare numeric identifier [ID: 5] appears in both evidence pools A (C-R03a, void/morphology simulation paper) and B (C-R03b, milling time vs. conductivity paper) with different underlying references; the candidate attributes it to 'Scientist B' in the milling-degradation context, which is consistent with the pool B abstract's content, so I treated it as contextually resolvable rather than a fabrication, but flagged citation traceability as uncertain rather than perfect. No other identifiers showed multi-pool ambiguity in the supplied records. The claim that coarse interstitial SE particles specifically avoid interfering with CAM-conductive-additive point contacts is explicitly labeled by the candidate as an inference and is not directly tested by any cited abstract, so it was scored as only partially supported."
1,2,ds,generated,case_01__rep_02,Candidate C,2,2,5,uncertain,uncertain,"The candidate synthesizes a bimodal SE architecture, hybrid carbon conductive network, dry-compatible interfacial stabilization, and mechanical/thermal processing strategy. Some central claims (hybrid CNF/CNT network, mechanical stress accommodation) are well and specifically supported by the cited abstracts (C-R06, C-R09). However, the core geometric bimodal-allocation claim is only loosely supported: the most directly relevant abstract (C-R03) uses a different sulfide chemistry (Li7P2S8I, not LPSCl), and other citations (C-R02, C-R04) support adjacent but not identical propositions (contact area increase with smaller particles; low-tortuosity via liquid-phase method rather than bimodal dry-processed particles). The [ID: 31] token is ambiguous between two very different abstracts (kinetic limitations vs. artificial CEI formation), and the candidate's use of this ID for both interfacial-resistance and (implicitly) CEI-related claims creates traceability risk, since only one pool can be correct per context and the text does not disambiguate. The ~85°C pressing step claim, which is a specific and consequential processing recommendation, has no supplied citation at all, making it unverifiable rather than falsified but leaving a real feasibility gap unaddressed by evidence.","The ambiguity of [ID: 31] (appearing in both pool A as a kinetics/rate-performance paper and pool B as an artificial-CEI paper) is the single largest traceability issue; without clearer in-text disambiguation, it is not possible to confirm whether the candidate intended the fine-particle-contact finding or the dry-coating CEI finding when citing this ID for different sub-claims across the memo. The 85°C pressing claim has no citation at all, so it is marked unverifiable per the module rules rather than contradicted or scientifically flagged. Support for the bimodal claim is judged partial rather than unsupported because multiple cited records provide converging but non-identical evidence (mixed-particle-size benefit in a different chemistry; fine-particle contact-area benefit; low-tortuosity via a different fabrication route)."
1,2,mpds,generated,case_01__rep_02,Candidate E,3,3,5,no,no,"The candidate cites eight distinct evidence records, each attributable to a specific pool (mostly pool B, with two from pool A) via numeric IDs. All cited IDs correspond to supplied records with no ambiguity flagged in the packet, and no record shows a duplicate ID across pools A and B for the same token in this packet, so traceability is generally clear. Central claims about fine-particle effects on interfacial resistance/kinetics (C1, C3) are directly and specifically supported. Claims about coarse-particle interstitial filling (C2) and electronic isolation from conductive additive blocking (C4) are only partially supported because the cited records address related but not identical mechanisms/material systems. The crack-healing claim (C5) is well supported by a directly relevant study. Overall, most central claims have at least partial to full support, with one or two claims showing material gaps between the cited abstract's specific system and the general mechanistic claim being made, consistent with a moderate evidence-support score. Two additional citations in the text ([ID: 48], [ID: 76]) support a general framing point about chemo-mechanical degradation but were not selected as separate central claims since they support the same overarching mechanical-instability point already captured contextually.","E-R02 and E-R05/E-R04 involve different specific SE chemistries, cathode compositions, or conductive additive types than the exact system described in the claim, introducing minor-to-moderate uncertainty about direct applicability. No numeric ID collision across pools A/B was found for the tokens actually cited by this candidate, so no ambiguity flag was raised for citation identifiers themselves."
1,2,sair,dual_pool_component_control,case_01__rep_02,Candidate D,3,2,5,no,uncertain,"Candidate D presents a well-organized bimodal particle-size framework for LPSCl allocation, citing 24 evidence records across two labeled pools ('Scientist A' and 'Scientist B'). Central mechanistic claims (diffusive limitation relief via fine particles at >84% AM, bimodal/mixed-size SE improving packing and performance, carbon-SE reactivity concerns, and mechanofusion-based core-shell feasibility) are generally well matched to directly relevant, on-topic abstracts, yielding reasonably strong evidence_support. However, traceability is undermined by systematic ambiguity: several numeric IDs (e.g., 31, 70) appear in both pool A and pool B evidence records with materially different content, and although the candidate's own 'Scientist A' vs 'Scientist B' labeling in-text appears to be an attempt to disambiguate, the underlying supplied evidence packet still presents dual pool records for a single token per the stated ambiguity rule, meaning some claims cannot be called unambiguously resolved by an independent auditor working only from the supplied records. Peripheral or weaker claims (C5) mix well-supported process risks (ball-milling reducing SE ionic conductivity) with citations that are only tangentially relevant (general carbon nanomaterial review, general NCM cracking study) to the specific mechanofusion-fracture/amorphization narrative, reducing confidence in full support. No central claim is contradicted by the supplied evidence, and no clearly fabricated identifier was found (all cited numeric tokens map to a supplied record), but the dual-pool ambiguity for some tokens introduces uncertainty as to whether every citation is validly and specifically attributable as claimed.","The dual-pool listings for tokens like [ID: 31] and [ID: 70] (same number appearing in both pool A and B evidence sets, with different content in the 31 case and identical content in the 70 case) create structural ambiguity per the module's stated rule that a bare numeric ID split across pools is not automatically resolvable. The candidate's own text uses 'Scientist A' vs 'Scientist B' attribution which plausibly indicates the intended pool, but this is an inference about the candidate's convention rather than a certainty confirmed by the supplied packet structure, so citation traceability is capped at a moderate level. This is not treated as fabrication since a real record exists for every cited token, but the ambiguity affects confidence in the traceability score."
1,2,ses,dual_pool_component_control,case_01__rep_02,Candidate B,3,2,5,no,uncertain,"Candidate B's memorandum integrates two hypothetical scientists' evidence pools and generally cites plausible, topically relevant abstracts for its central mechanistic claims (interfacial contact bottlenecks, tortuosity/lithiation gradients, chemical instability at the NCM-LPSCl interface, and the benefit of mixed/bimodal SE particle sizing). Most claims find abstracts that are topically supportive, though the support is frequently partial rather than exact: several citations address conductive-additive morphology or general SE particle-size/conductivity tradeoffs rather than directly testing a bimodal (dual-fraction) LPSCl allocation scheme as proposed. The single most direct piece of evidence for the bimodal strategy (mixed vs. uniform SE particle size outperforming) is present (ID:345/70, same paper in both pools), which is a genuine strength. A significant traceability weakness is the repeated use of bare numeric IDs (e.g., ID:20, ID:5) that are duplicated across pools A and B with different underlying papers; while the candidate labels citations by scientist (A vs B), which read as an implicit pool marker, the underlying rule in this audit module states that a bare numeric ID split across two pools is ambiguous unless the text itself clarifies which pool is intended. Here, the 'Scientist A' vs 'Scientist B' framing is external framing invented by the candidate itself (not part of the original task's evidence pool structure) and does not equate to the module's pool-disambiguation mechanism, creating residual ambiguity as to whether cited abstracts genuinely correspond to the assumed record. This produces meaningful uncertainty in mapping several claims (especially C1 and C3) to a uniquely resolvable record, lowering citation traceability. No claim is contradicted by supplied evidence, and no clearly fabricated identifier was found, but the dual-pool ambiguity for shared numeric IDs (20, 5) creates genuine uncertainty about whether the candidate's own internal labeling reliably resolves the pool ambiguity as required by the audit rules.","The candidate's use of 'Scientist A [ID: n]' vs 'Scientist B [ID: n]' appears intended to disambiguate pool A vs pool B, and in most cases the labels do align with the supplied pool tags (e.g., Scientist B [ID:20] maps to pool B record B-R01b). However, per the module's disambiguation rule, resolution should come from the surrounding task text identifying the intended pool rather than an author-invented labeling scheme within the candidate's own answer, so residual ambiguity remains for the affected claims (C1, C3). I flagged fabricated_or_invalid_citation_identifier as uncertain rather than yes/no because no identifier is clearly invalid or nonexistent (all cited IDs have corresponding abstracts), but the dual-pool ID collisions (20, 5) leave some doubt about unique attribution for a subset of citations."
1,3,ds,generated,case_01__rep_03,Candidate B,3,3,5,no,uncertain,"Candidate B presents a well-organized synthesis with mostly well-matched, specific evidence for its core mechanistic claims: coating passivation (C1), CNF conductive network optimization (C2), fine-particle catholyte alleviating diffusive limitations (C3), and bimodal distribution improving performance (C5). These map cleanly to directly relevant, specific abstracts (especially B-R05, B-R06, B-R07 which closely mirror the exact claims made). The main weakness is the repeated use of the ambiguous numeric token [ID: 5], which is used to support the interstitial/low-tortuosity ionic backbone claim (C4) and appears in both evidence pools A and B with substantially different papers (finite-element void/morphology modeling vs. particle-size/milling ionic conductivity study). The candidate text does not explicitly disambiguate which pool is intended for this particular instance, though contextually it appears to intend the Scientist A (pool A) simulation paper given adjacent citation of [ID: 157] tortuosity work; still, per module rules this cannot be resolved by guessing. Because the token is reused with attribution to both Scientist A and Scientist B in different bullet instances, and the two records diverge substantially in subject matter, downstream conflation is possible, so I do not treat it as clearly fabricated, but flag uncertainty rather than asserting a clean resolution.","Primary uncertainty concerns the [ID: 5] token, which corresponds to two distinct abstracts (B-R18a in pool A: void/tortuosity finite-element modeling; B-R18b in pool B: ball-milling particle size vs ionic conductivity study). The candidate cites this ID under both 'Scientist A [ID: 5, 157]' and 'Scientist B [ID: 5]' in the same paragraph, suggesting awareness of two attributions, but the specific claim about interstitial coarse-particle ionic backbone functionally could be supported by either record to different degrees (A more about void impact on transport, B more about particle-size-conductivity tradeoff from milling). This ambiguity affects claim C4's traceability and is reflected in the partially_supported status and a citation traceability score of 3 rather than higher. No other identifiers appeared duplicated or clearly invalid; all other cited records were retrievable and topically aligned with their respective claims."
1,3,mpds,generated,case_01__rep_03,Candidate D,3,3,5,no,no,"The candidate frames the response as a memo synthesizing a debate and attributes claims to fictional 'Scientist A/B' rather than asserting them directly, but the underlying scientific propositions (bimodal vs monomodal LPSCl distribution effects, chemical interfacial instability of Ni-rich/sulfide interfaces, chemo-mechanical cracking of polycrystalline NCM811, artificial CEI formation from sulfide precursors) are all central to the mechanism and feasibility of the proposed 'Passivate-then-Fill' strategy. Each cited record was individually pool-A or pool-B labeled with no ambiguous dual-pool overlaps in this packet, so identifiers were resolvable. Most central claims found direct or partial support in the supplied abstracts. The main gap is that D-R01 (bimodal claim) supports the general concept of mixed particle sizing improving capacity but does not support the specific mechanistic language of 'ionic ports' and 'ionic highways' or the coverage/filling role split, which is somewhat of an overreach/interpretive extension beyond the cited abstract. Other supporting citations for the polymer-hybrid alternative path (Scientist A's rejected proposal, IDs 10,115,1,4,7) and Scientist B's rejection of polymer approaches (18,23,54,151) were not selected as central claims since the final recommended strategy explicitly discards the polymer-hybrid path as out of scope; these are secondary/debate-framing citations rather than central to the final proposed mechanism, so they were not included in the five sampled central claims to keep focus on claims essential to the adopted 'Passivate-then-Fill' strategy on which the recommendation actually rests, and evaluating all secondary references would double count peripheral debate content rather than the core answer's central claims.","The memo's rhetorical device of attributing claims to two named debating scientists (rather than the director's own voice) creates minor ambiguity in exactly which propositions are 'the candidate's central claims' versus attributed background debate; I resolved this by treating the claims underlying the final adopted strategy (Passivate-then-Fill: CEI passivation + interstitial filling with bimodal vs monomodal comparison) as central, since these are what the director actually recommends testing/implementing. Some cited records (e.g., D-R05, D-R06) are only partially specific to composite architecture with LPSCl vs other electrolytes (D-R05 discusses Li3InCl6, not LPSCl), which is a minor mismatch not rising to contradiction but limiting exact material specificity of support for C3."
1,3,sair,dual_pool_component_control,case_01__rep_03,Candidate C,3,2,5,no,uncertain,"The candidate builds a coherent bimodal SE particle-size framework and cites a reasonably large evidence base. Several citations (C-R01/ID31, C-R05&C-R06/ID345&70) directly and specifically support core claims about fine-particle contact-area benefits and mixed-particle-size performance gains. However, multiple citations are only adjacently relevant: the tortuosity-gradient study (ID157) supports the general transport principle but not specifically coarse-SE interstitial filling; the mechanical/cracking citations support general stack-pressure and CAM-loading degradation trends but do not specifically validate mechanofusion-induced microcracking. Most importantly, ID 20 is used repeatedly (Scientist A [ID:20] in the uncertainty section, Scientist B [ID:20] in the main text) and is genuinely ambiguous, since two different abstracts (C-R02a pool A, C-R02b pool B) are attached to the same numeric token without the candidate text clearly indicating which pool applies at each occurrence -- the candidate labels sometimes as 'Scientist A [ID:20]' and sometimes as 'Scientist B [ID:20]', which does show pool attribution in the text itself, so this is more of a resolvable-but-effortful ambiguity than an outright fabrication; I mark the fabrication flag as uncertain rather than yes because the text does specify which scientist/pool each occurrence maps to, though cross-referencing is required to confirm this resolves correctly, and one occurrence (Scientist A [ID:20] in the interfacial reactivity risk section) does not have a corresponding pool-A record supplied under that combination visibly distinct from pool B duplicate, adding residual ambiguity.","The most significant ambiguity concerns ID 20, cited as both 'Scientist A [ID: 20]' (once, in the final risk paragraph) and 'Scientist B [ID: 20]' (twice, main text and comparison section) -- only two records were supplied (C-R02a pool A, C-R02b pool B), and while the candidate's own scientist-pool labeling nominally disambiguates each instance, this reviewer cannot independently confirm that the 'Scientist A [ID:20]' instance correctly maps to the pool-A abstract about CNT/CNF tradeoffs versus the pool-B abstract about CB/CNF distribution, since the claim content (carbon-SE reactivity risk) could plausibly draw from either. Additionally, several citations support only the general research area (percolation, mechanical degradation, tortuosity) rather than the exact bimodal-SE mechanism proposed, so 'supported' status was reserved for the two claims with the closest abstract-to-claim correspondence."
1,3,ses,dual_pool_component_control,case_01__rep_03,Candidate A,3,2,5,no,uncertain,"The candidate memo synthesizes two hypothetical sub-proposals (Scientist A and Scientist B) and cites a large number of bracketed numeric IDs, many of which are ambiguous because the same numeral appears in both evidence pools A and B (e.g., [ID: 20], and structurally [ID: 70]/[ID: 345] refer to the same paper across pools). The candidate text does not consistently disambiguate which pool a given citation is drawn from beyond attributing it to 'Scientist A' or 'Scientist B', which the evidence packet clarifies but the reader would need external cross-referencing to resolve confidently for identifiers like [ID: 20] that map to two substantively different papers. Central mechanistic claims (contact-area benefits of fine particles, bimodal distribution superiority, core-shell coating feasibility, and the conductivity/particle-size trade-off) are each supported by at least one directly relevant abstract, and in most cases the support is strong and specific. However, several supporting inferences (e.g., 'Inference, Scientist A/B' labeled reasoning about coating incompleteness or pressure-point electronic contact) are not tied to any evidence record at all and are explicitly flagged as inference in the text itself, which is appropriate but limits the overall evidence density backing the final recommended synthesis (quasi-conformal coating) as a novel claim distinct from the cited literature. No claim was contradicted by its cited evidence. Traceability is limited primarily by ambiguous numeric identifiers reused across pools without clear textual disambiguation for every occurrence.","The identifier [ID: 20] is cited multiple times without pool specification in the general narrative sections, and it maps to two distinct real papers (A-R06a and A-R06b) with related but non-identical scope (carbon additive chemistry/instability vs. carbon additive distribution/interfacial resistance); I treated this as partially resolvable via the 'Scientist A' vs 'Scientist B' attribution embedded in the text, but flagged uncertainty because a strict reading of a bare bracketed ID could still be ambiguous. Similarly [ID: 345] and [ID: 70] both map to the identical single paper (A-R12/A-R13, same DOI) across pools, which is not fabrication but does reflect a duplicate-pool citation quirk of the underlying packet rather than the candidate's error. I did not mark fabricated_or_invalid_citation_identifier as a clear 'yes' because all cited numeric tokens do correspond to real supplied records; the 'uncertain' reflects only the cross-pool ambiguity risk for a subset of bare IDs, not clear fabrication."
2,1,ds,legacy_replicate_1,case_02__rep_01,Candidate A,3,3,5,no,no,"Candidate A cites a substantial and mostly relevant evidence base spanning both a Scientist A pool (nanoflower/double-metal chalcogenide papers) and a Scientist B pool (spray-drying/graphene encapsulation papers). Central claims about spray-drying scalability, graphene encapsulation for electronic continuity, and hierarchical porous architecture for ion accessibility are each mapped to specific, on-topic abstracts with resolvable identifiers (each numeric ID is explicitly tagged to a pool via 'Scientist A' or 'Scientist B' framing in-text, avoiding cross-pool ambiguity). However, none of the cited evidence records concern the specific Mo/Ni chalcogenide sodium-ion system proposed; supporting papers are analogues (Cu2NiSnS4, MoS2-graphene, TiO2@rGO, LTO@GS, MoS2/WS2-graphene, LiFeMnPO4/C) rather than direct validations of the exact synthesized composition, so several claims are only partially or analogously supported rather than directly proven. This tempers evidence_support and traceability from top scores despite generally clean and non-fabricated identifier usage.","All cited IDs were resolvable to a single evidence pool given explicit 'Scientist A'/'Scientist B' framing in the text, reducing ambiguity concerns. No claim was contradicted by its cited evidence. The main uncertainty is the degree of analogy-based extrapolation from proxy chemistries (e.g., Cu2NiSnS4, MoS2/WS2, TiO2, LTO) to the specific Mo/Ni chalcogenide system central to the task, which is not itself directly evidenced by any supplied record."
2,1,mpds,legacy_replicate_1,case_02__rep_01,Candidate C,2,3,5,yes,no,"The candidate synthesizes two hypothetical debate positions and proposes a hybrid design, citing numerous evidence IDs. All cited identifiers resolve to valid, uniquely attributable records within pool A or B as supplied, so there is no fabrication or ambiguity in ID mapping (traceability is reasonably good). However, evidence support is weaker: several central claims about the specific target system (multicomponent Mo/Ni chalcogenide microspheres for sodium-ion batteries) are only supported by adjacent studies on different chemistries (Cu2NiSnS4, single MoS2, LiFePO4/C, Zn2SnO4-C, PLA drug microspheres) or different applications (LIB rather than NIB, drug delivery rather than battery). Only claim C5 (pitaya-like Sb@C for NIB) is a strong direct match. The core mechanistic claim about hydrothermal drawbacks (C3) is essentially unsupported by the cited spray-drying-focused abstracts, which is consequential since it underlies the argument for choosing spray drying over hydrothermal synthesis as the primary fabrication route.","Claims are evaluated as attributed to 'Scientist A' or 'Scientist B' framing within the candidate's internal debate structure; the underlying scientific claims are treated as the real-world propositions being tested against evidence, independent of the fictional attribution. Some evidence records (e.g., C-R08 on PLA drug microspheres) are so tangential that their intended relevance to the claim is unclear, but no identifier itself is invalid or ambiguous \u2014 pool assignment is given explicitly for each ID cited (each cited token appears with an explicit single evidence pool)."
2,1,sair,dual_pool_component_control,case_02__rep_01,Candidate B,2,2,5,uncertain,uncertain,"The candidate constructs a coherent hierarchical design narrative and cites a large number of evidence records, but many central mechanistic claims are only supported by analogy (e.g., single-metal Kirkendall hollowing extrapolated to a bimetallic Mo/Ni system) rather than direct evidence for the actual proposed material system. Several citations point to abstracts about unrelated systems (Li-ion oxides, industrial catalysts, pharmaceutical microspheres, photocatalysis) used only to support generic spray-drying or porosity concepts, which weakens specific claim support. The ID 11 citation is ambiguous across two evidence pools (a chalcogenide Na-ion paper in pool A vs. an LDH spray-drying paper in pool B) and the candidate text does not clearly disambiguate which pool is intended for each instance, creating a traceability gap for a key conductivity claim. No overtly fabricated or clearly invalid identifiers were found; all cited IDs match to supplied records, but the ambiguity of the shared ID 11 makes exact attribution uncertain in places. The core novel proposal—bimetallic Kirkendall hollowing for Mo/Ni chalcogenide sodiation buffering—is honestly flagged by the candidate itself as an open uncertainty rather than a settled, directly-evidenced claim, which is scientifically responsible but means the central innovative claim remains only partially supported by the literature provided.","The ID 11 token appears in two evidence pools (a Cu2NiSnS4 Na-ion chalcogenide paper in pool A, and an LDH spray-drying microsphere paper in pool B) and the candidate's surrounding text discusses pulverization/conductivity themes that could plausibly map to either pool, so exact attribution is ambiguous. Several evidence records used to support process/porosity claims are from unrelated materials systems (pharmaceutical excipients, FCC catalysts, silica mesoporous materials, general reviews), which are only loosely relevant analogies rather than direct support, affecting confidence in evidence_support scoring. The genuinely novel bimetallic Kirkendall mechanism central to feasibility is appropriately flagged by the candidate as unresolved, so it is not clearly a scientifically consequential unsupported claim requiring a definitive 'yes' flag, hence 'uncertain' was chosen for both flags."
2,1,ses,dual_pool_component_control,case_02__rep_01,Candidate D,3,3,5,uncertain,no,"Candidate D presents a memo synthesizing two hypothetical prior proposals (Scientist A and B) into a unified Mo-Ni chalcogenide microsphere design. All numeric IDs cited map cleanly to single, unambiguous evidence records in this packet (pool A or B, with no duplicate-ID conflicts flagged in the supplied records), so citation identifiers are not fabricated or invalid, and traceability is generally clear at the mechanical level. However, on close reading, the actual evidentiary content of nearly every cited abstract is analogical rather than directly on-point: none of the 23 evidence records describes an actual multicomponent Mo-Ni bimetallic sulfide/selenide microsphere system for Na-ion storage. Evidence is drawn from single-metal chalcogenides (MoS2, WS2, CoS, FeSex, Cu2NiSnS4), unrelated Li-ion cathode/anode carbon-microsphere literature (LiFePO4/C, Li2FeSiO4/C, Si/C, TiO2), and even an unrelated photovoltaic paper (ID 116) cited to support process scalability. This pattern of using surrogate/analogous systems to support specific mechanistic claims about a proposed but untested Mo-Ni sulfide composite is scientifically reasonable as design inspiration, but it means each central claim is only partially, not directly, supported by the literature record supplied. No claim is directly contradicted, but the core architectural synthesis (Mo-Ni dual-metal sulfide with dual-carbon and Kirkendall-void engineering) is not demonstrated as an integrated system in any single cited abstract, so I flag the consequential-unsupported-claim item as uncertain rather than outright yes, since the individual sub-mechanisms (Kirkendall voids, rGO buffering, carbon-matrix binding, spray-drying scalability) are each independently supported by literature, just not in combination for this exact chemistry.","Several cited IDs (e.g., 11, 14, 2, 3, 10, 86, 125, 133, 69, 137, 462 for pool A; 23, 73, 175, 206, 72, 87, 20, 195, 107, 354, 120 for pool B) are each attributed to a single pool in the supplied records, so I did not treat any as ambiguous cross-pool duplicates per the module's instructions. I did not attempt to verify whether identical numeric IDs also exist in the other pool outside this packet, since only records supplied here were used. The genuinely novel Mo-Ni multicomponent chalcogenide system proposed is not itself the subject of any supplied abstract, which is inherent to a forward-looking design memo and is reflected in the widespread 'partially_supported' ratings rather than 'unsupported' or 'contradicted', since analogous systems do lend plausibility without being directly on-point."
2,2,ds,generated,case_02__rep_02,Candidate E,1,1,5,yes,uncertain,"The candidate's central mechanistic claims about the recommended yolk-shell spray-dried Mo/Ni chalcogenide design rely heavily on citation tokens ('Scientist A/B, [ID: n]') that mix an informal debate-participant label with bare numeric IDs. Per the packet's own disambiguation rule, when two records exist for one numeric ID, a bare numeric identifier is ambiguous unless the candidate text itself clearly identifies the intended evidence pool. The candidate does gesture toward 'Scientist B' for spray-drying/yolk-shell-related IDs (72, 87, 20, 96, 114) and 'Scientist A' for nanostructure-related IDs (11, 48), which is a weak but present disambiguation signal, and pool B records for these IDs are indeed thematically consistent with spray-drying/battery topics, supporting a reasonable (not fully certain) mapping to pool B. However, even under this favorable reading, most cited abstracts describe analogous systems (Li-ion, Sn-based, Fe-based, cathode materials) rather than the specific Mo/Ni chalcogenide Na-ion yolk-shell system under discussion, so support is at best partial for the core architecture and performance claims. The most consequential claim—that the specific yolk-shell (Mo,Ni)-chalcogenide@carbon design outperforms nanosheet architectures for Na-ion cycling stability—lacks any directly matching evidentiary abstract; supporting records are all analog systems in different chemistries or ion types. ID 86, cited for the thermal-conversion step, points to an Fe-based Kirkendall diffusion paper not matching the specific synthesis claim. Overall, evidence support is weak (mostly analogical/partial), and traceability is compromised by systematic dual-pool ambiguity for nearly every non-trivial numeric ID.","Ambiguity note: every numeric ID cited (11, 48, 84, 96, 114, 72, 87, 20) has two competing evidence-pool records (A and B) per the packet. The candidate's informal 'Scientist A'/'Scientist B' labels provide some disambiguating context favoring pool A for IDs 11 and 48, and pool B for IDs 84, 96, 114, 72, 87, 20, but this is inferential rather than an explicit, unambiguous pool declaration as required by the stated rule, so several claims were scored 'partially_supported' or 'unverifiable' rather than 'supported' even where the pool-B record was thematically relevant. ID 86 has only one record (E-R09), so it is not ambiguous, but its content does not support the specific claim made about it, hence 'unsupported' rather than 'unverifiable'."
2,2,mpds,generated,case_02__rep_02,Candidate B,2,2,5,uncertain,uncertain,"Candidate B's central claims rely heavily on evidence records that support the general engineering principles (spray drying scalability, tap density, carbon-matrix performance) but are drawn almost entirely from unrelated chemistries (LiFePO4/Mn cathodes, C/S composites, SnO2 hollow spheres, Sb@C anodes) rather than the specific Mo/Ni chalcogenide microsphere system under evaluation. This means the memo's key performance claims (20C rate, 98.9% retention) are supported only as generic proof-of-concept for the spray-drying platform, not as validated properties of the proposed Mo/Ni chalcogenide design itself, which is a material gap given the memo presents these figures with confidence as justification for the chosen path. Additionally, one central claim (C4) relies on an ambiguous bare ID (11) that maps to two different evidence pools with materially different content, and the text does not unambiguously disambiguate pool intent per the module's strict rule, though contextual inference is plausible.","The ambiguous ID:11 token is the main source of traceability uncertainty; while context suggests pool A (hydrothermal rGO composite) is intended given the surrounding critique of hydrothermal processing, the rules require treating unresolved duplicate bare IDs as unverifiable rather than guessing. The consequential_unsupported_or_contradicted_claim flag is marked uncertain because the core performance figures (20C, 98.9%) are real and supported in the cited abstract, but only for an unrelated cathode chemistry, raising a question of whether this constitutes overreach/consequential mismatch or merely an illustrative analogy as originally framed by the memo ('as proven in demanding applications')."
2,2,sair,dual_pool_component_control,case_02__rep_02,Candidate A,0,0,5,uncertain,yes,"The candidate's proposal builds a plausible hierarchical Mo-Ni sulfide/dual-carbon microsphere architecture, but the evidentiary basis is systematically weak. Nearly every central mechanistic claim (Mo-Ni heterojunction synergy, nanovoid formation via Kirkendall-like sulfidation, dual-carbon conductivity benefits, and scalable two-stage synthesis) relies on analogical citations to different metal systems (Fe, Sn, W, Ti, Si), different chemistries (Li-ion instead of Na-ion in many cases), or unrelated applications (HER catalysis, Li-air catalysis, photodetectors, pharmaceutical microspheres). Several numeric IDs (14, 23, 120) are shared between pool A and pool B evidence records without the candidate text clearly disambiguating which pool is intended, creating unresolvable ambiguity for claims that hinge on those citations. No single record directly demonstrates the full proposed multicomponent Mo/Ni sulfide dual-carbon microsphere system with distributed nanovoids for Na-ion storage; all support is indirect/analogical. This pattern warrants low evidence_support and citation_traceability scores.","IDs 14, 23, and 120 each appear in both pool A and pool B evidence sets, and the candidate text does not clearly indicate which pool is intended for these citations, creating irreducible ambiguity for claims C2, C3, and C5. This ambiguity was treated as reducing traceability rather than assumed to favor either pool. No claim was found to be directly contradicted, but the pervasive reliance on cross-chemistry analogies (Li-ion, HER, photodetector, biomedical microspheres) rather than direct Na-ion Mo-Ni sulfide evidence introduces substantial uncertainty about whether central mechanistic claims are genuinely supported, hence the 'uncertain' flag for consequential unsupported claims."
2,2,ses,dual_pool_component_control,case_02__rep_02,Candidate C,2,2,5,yes,uncertain,"The candidate memo synthesizes two hypothetical scientist proposals and cites many numeric IDs, several of which are ambiguous because identical numeric tokens appear in both evidence pools A and B without the candidate text itself resolving pool membership in every case (e.g., early citations for [ID: 11], [ID: 23], [ID: 241], [ID: 14] appear near text that could map to either scientist's pool, and the supplied evidence packet explicitly notes non-unique attributability for shared numeric IDs). Where evidence records were supplied and unambiguous (pool B for most of Scientist B's IDs on porosity/rGO topics), several central claims about porosity design (C2) and rGO scaffolding function (C3) are well supported by directly relevant abstracts. However, the single most safety/feasibility-critical claim in the whole memo — that one thermal chalcogenation step can simultaneously convert Mo/Ni precursors to sulfide/selenide, reduce GO to rGO, and pyrolyze binder to carbon — is not supported by any cited abstract; the cited records concern unrelated phosphate/silicate Li-ion cathode chemistries and non-chalcogenide oxide/graphene composites, so this key mechanistic/process claim is essentially fabricated evidentiary support (unsupported by the record, though the underlying idea may still be scientifically plausible in principle; this is a Pass 2 evidentiary gap, not a scientific-validity judgment). The comparative claim about Kirkendall diffusion (C5) is well supported and used appropriately (correctly noting the process was shown only for FeSex, not Mo/Ni). The template-based porosity claim (C1) is only partially supported: one cited abstract (silica-templated TiO2 microspheres) is a good analog, but the other (CaCO3-templated antigen-delivery microspheres) is from an unrelated biomedical domain and does not by itself substantiate battery-relevant transport claims, though it does illustrate the generic sacrificial-template concept.","Several cited numeric IDs (11, 23, 241, 14) are potentially ambiguous because both evidence pools A and B contain records for the same token; I attributed pool membership based on which scientist attribution the candidate text used adjacent to the citation and based on the pool label explicitly given in the supplied evidence packet, but some earlier appearances of these same IDs in the memo (e.g., 'Scientist A [ID: 11]' vs 'Scientist B [ID: 11]', 'Scientist A [ID: 14]' vs 'Scientist B [ID: 14]', 'Scientist A [ID: 241]' vs 'Scientist B [ID: 241]') could reference either pool A or B material with a shared numeric ID, and it is not fully certain the candidate consistently used correct pool attribution throughout the memo. I did not select these overlapping-ID citations as central claims for scoring to avoid guessing, per instructions, but flagged fabricated_or_invalid_citation_identifier as uncertain given this systematic ambiguity across many citations in the packet."
2,3,ds,generated,case_02__rep_03,Candidate D,3,3,5,no,uncertain,"The candidate builds its central recommendation around a well-supported precedent (D-R11, MoS2-graphene spray-dried microspheres for Na-ion storage), which is the strongest and most directly relevant piece of evidence in the packet. Several other claims about the sub-mechanisms (2D nanosheet diffusion advantages, high tap density, spray-drying versatility for void structures and graphene integration) are only partially supported because the cited abstracts pertain to different chemistries (Li-ion cathodes, Co-based selenides, TiO2, Si/C, LTO) rather than the specific Mo/Ni chalcogenide system under discussion, requiring analogical extension beyond what the abstracts state. One citation (D-R15, an SOx removal catalyst paper) is used to support spray-drying scalability but is thematically unrelated to battery materials, which weakens both evidence support and traceability for the scalability claim. No claims are directly contradicted by their cited evidence, and all identifiers correspond to real, resolvable abstracts, though the appropriateness of D-R15 as support is questionable enough to flag as uncertain rather than a clear fabrication.","D-R15 is cited among several IDs supporting spray-drying scalability but its content (SOx removal catalysts for FCC) is unrelated to battery electrode materials; this is not an invalid/fabricated identifier (the record is real and matches the ID cited) but its relevance to the claim is essentially nil, creating ambiguity about whether this constitutes a valid citation or an inappropriate one. All other identifiers were resolvable to pool-appropriate, thematically plausible records. Several supporting abstracts are for different active materials or different ion chemistries (Li vs Na) than the proposed Mo/Ni chalcogenide system, which limits the abstracts to partial/adjacent support rather than direct proof of the multicomponent Mo/Ni claims."
2,3,mpds,generated,case_02__rep_03,Candidate A,2,2,5,uncertain,yes,"Candidate A cites a substantial number of evidence records, several of which are genuinely relevant analogues (Na-ion chalcogenide/rGO nanoflowers, pitaya-like Sb@C spray-dried microspheres, spray-dried carbon microspheres) that plausibly support the general design philosophy of hierarchical, porous, carbon-integrated microspheres. However, none of the cited evidence directly concerns the specific bimetallic (Mo,Ni)Sx chalcogenide composition central to the task; support is by analogy to related but distinct single-metal chalcogenide or oxide/carbon systems. Additionally, the numeric ID 20 is cited without pool specification in two places ('Scientist B [ID: 20]' for tap density and 'Scientist A [ID: 20]' for Li-ion vs Na-ion critique), and two different records exist for ID 20 (A-R05a: nanocrystal review, unrelated; A-R05b: LiFePO4 spray-dried tap-density paper, relevant). The text context makes attribution to pool B (tap density paper) plausible for the tap-density claim, but the dual pool listing is not disambiguated by candidate text alone per module rules, and the citation of ID 20 as 'Scientist A' critiquing Li-ion extrapolation does not match either record's content directly, raising identifier-use concerns. ID 217 (AHP microencapsulation decision paper, drug delivery) is essentially irrelevant to the claim it is invoked for (scalable spray-drying for battery microspheres), representing a mismatched/near-fabricated-use citation despite being a real record.","The dual-pool ambiguity for ID 20 (nanocrystal review vs. LiFePO4 spray-drying paper) could not be fully resolved from candidate text alone, though context suggests pool B (tap density paper) was likely intended for the tap-density claim; the second invocation for the Li-ion vs Na-ion critique is not clearly supported by either record. This ambiguity affects confidence in claims C3-related tap-density support (not selected as a central claim here) but overall reduces traceability. ID 217's relevance to battery-microsphere scalability is questionable; it is a real, retrievable record but topically about pharmaceutical microencapsulation, which may or may not constitute 'fabricated_or_invalid' in the strict sense (the identifier itself is valid, but its evidentiary relevance is essentially absent), hence flagged as a citation-use problem rather than a purely fabricated ID."
2,3,sair,dual_pool_component_control,case_02__rep_03,Candidate D,3,3,5,no,no,"Candidate D cites a large number of evidence records, but the vast majority of the cited studies concern materials, chemistries, or applications (Li-ion, Li-air, Li-S, silica, dyes, drugs) that are only analogically related to the proposed Mo-Ni chalcogenide/rGO Na-ion microsphere system. Core structural/mechanistic building blocks—Kirkendall-effect hollow particle formation (D-R01, D-R02), MoS2 as a Na-ion anode (D-R09), multicomponent chalcogenide synergy (D-R10, D-R11, D-R12), and two-step carbonization/sulfidation (D-R13, D-R19, D-R20)—are each supported only in part or by analogous systems rather than by direct evidence for the specific Mo-Ni sulfide/rGO/carbon microsphere composite in Na-ion cells. No cited identifier appears fabricated or unresolvable; all provided evidence records correspond clearly to the cited IDs with pool attribution given. However, several IDs (e.g., ID: 86, ID: 114) are shared with distinct pools (A and B) and require the reader to trust the pool labels rather than an unambiguous inline indication in the candidate text itself, introducing minor traceability ambiguity. Overall, claims are broadly plausible and supported by closely analogous systems, but essential material-specific claims about the Mo-Ni-S phase and its Na-ion performance remain unverified by the supplied records.","Ambiguity exists regarding pool attribution for shared numeric IDs (e.g., ID 86 in pool A vs potential clashes), though the supplied records disambiguate this by explicit pool labeling. No claim was found to be directly contradicted; most gaps stem from cross-chemistry analogy (Li-ion, Li-air, non-battery applications) rather than outright unsupported or fabricated citations. Confidence in 'partially_supported' calls is moderate given the abstracts consistently address adjacent but not identical systems."
2,3,ses,dual_pool_component_control,case_02__rep_03,Candidate B,2,2,5,no,uncertain,"Candidate B synthesizes two hypothetical prior proposals (Scientist A and Scientist B) and cites a large number of externally sourced abstracts. Most citations are attributed to a specific pool (A or B) either explicitly in the candidate text or via the attached evidence pool label, which aids traceability, but several core claims rely on cross-domain analogy: Kirkendall-effect hollowing is demonstrated only for Fe-based selenide/oxide systems, not Mo/Ni sulfides; sacrificial-templating macroporosity is demonstrated only for TiO2 in a DSSC context, not for Na-ion chalcogenide anodes; and the double-metal chalcogenide synergy claim is demonstrated only for a Li-ion MoS2/WS2 system, not Mo/Ni or Na-ion chemistry. The rGO-conductive-network and two-step spray-drying claims are the best-supported, since multiple directly relevant Na-ion or chalcogenide-microsphere abstracts back them. Overall, evidence is real and specifically cited, but a substantial fraction of the mechanistic linchpins (hollow-particle formation, macropore templating, and bimetallic synergy) are supported only by adjacent-system analogies rather than direct demonstration in the exact proposed Mo/Ni chalcogenide sodium-ion system, which limits evidence_support to a middle-low score. Citation traceability is also limited: several cited IDs (e.g., ID:14, appearing in both pool A as a MoS2 sodium-storage paper and pool B as an SBA-15 spray-drying paper) are ambiguous bare numeric tokens not clearly resolved by surrounding text alone, though the packet's supplied evidence pool labeling appears to disambiguate many of them post hoc.","Several numeric IDs (e.g., ID:14) appear in both evidence pools A and B with different underlying papers; the candidate text attributes these to 'Scientist A' or 'Scientist B' but does not always make explicit within the running prose which literature pool is intended for every embedded citation, so some claim-to-record mappings rely on the packaged 'evidence pool' metadata rather than the candidate's own unambiguous internal disambiguation. This affects confidence in traceability scoring. Additionally, because Candidate B is a memo synthesizing two other hypothetical proposals rather than presenting its own novel primary claims, some 'central claims' are really claims made by referenced hypothetical scientists that Candidate B adopts by reference; I treated these as Candidate B's own central claims for audit purposes since the memo endorses and builds its recommendation on them."
3,1,ds,legacy_replicate_1,case_03__rep_01,Candidate C,2,2,5,yes,no,"The candidate's central claims rely heavily on analogical evidence drawn from other electrode chemistries (TiO2, Li4Ti5O12, Na3V2(PO4)3, SnO2, Zn2SnO4, LiFePO4, MoO2) rather than NiMoO4 itself, meaning no direct evidence for the core proposed material system exists in the supplied records. The tap-density argument (C4) is well and directly supported. The rGO-scaffold and yolk-shell/spray-pyrolysis mechanisms (C1, C2) are demonstrated in structurally analogous systems but not for NiMoO4, so they are only partially supported. The carbon-coating comparison (C3) is weakly supported since the cited record does not itself establish inferiority to rGO. Most seriously, the citation used to support Scientist A's engineered hollow-void concept (C5, ID 151) is a photocatalysis review with no battery or electrochemical relevance, making this a consequential unsupported claim underpinning a key architectural argument (the void-buffering mechanism). No fabricated/invalid identifiers were found; all cited IDs map to real, retrievable records, though several are topically mismatched to the specific NiMoO4 system.","Some claims (C1, C2, C3) are judged partially_supported because the same physical mechanism (spray pyrolysis yolk-shell formation, rGO scaffold benefits) is demonstrated in closely analogous metal-oxide/carbon composite systems, but none directly involve NiMoO4, leaving open whether the mechanism transfers without modification. Distinguishing between 'partially_supported' and 'unverifiable' for these cross-chemistry analogies required judgment; I treated cases where the same processing mechanism (not just the specific material) was demonstrated as partially_supported rather than unverifiable."
3,1,mpds,legacy_replicate_1,case_03__rep_01,Candidate E,2,2,5,no,no,"The candidate cites a large number of numeric IDs mapped to two evidence pools (A for Scientist A's hydrothermal/coating claims, B for Scientist B's spray-drying claims), and the surrounding text clearly attributes each ID set to the correct scientist/pool, so traceability is not hampered by pool ambiguity. However, nearly all cited abstracts are analogues from different material systems (supercapacitor electrodes, Na-ion cathodes, silica mesoporous spheres, phosphate cathodes, water-splitting catalysts) rather than direct NiMoO4 Li-ion anode studies matching the exact claims made. This pattern recurs across all five central claims: general mechanistic principles (hydrothermal hierarchical growth, polymer-assisted carbon coating, wet-pocket void formation, 3D carbon networks, spray-dried tap density) are each supported by at least one reasonably analogous abstract, but no claim is fully and specifically supported for the NiMoO4 system as proposed. This yields consistent partial support and moderate-but-incomplete traceability across the claim set.","No fabricated or clearly invalid identifiers were found; all cited IDs resolve to supplied records in the appropriate pool. However, several claims stitch together multiple partially relevant analogues (e.g., combining silica wet-pocket physics with battery carbon-coating literature) to support a single compound mechanistic claim, which introduces interpretive uncertainty about whether the aggregated evidence should be scored as fully supporting the synthesized claim or only its sub-components. I treated such compound claims as partially_supported rather than supported, given that no single cited abstract directly matches the full claim as stated for the NiMoO4 system."
3,1,sair,dual_pool_component_control,case_03__rep_01,Candidate C,0,0,1,no,no,placeholder,placeholder
3,1,ses,dual_pool_component_control,case_03__rep_01,Candidate A,2,2,5,no,no,"The candidate synthesizes two hypothetical proposals (Scientist A and B) and cites numerous numeric identifiers, all of which map to supplied evidence records without ambiguity (each ID appears with a single pool designation in the supplied records, and the candidate consistently attributes IDs to the correct scientist/pool). However, essentially none of the cited evidence records concern NiMoO4 directly; instead they are drawn from adjacent systems (TiO2, Li4Ti5O12, LiFePO4, Fe2(MoO4)3, V2O5, hydroxyapatite, MoO2, Ni/Mo2C catalysts, etc.). This provides reasonable analogical/mechanistic support for general principles (graphene scaffolds aiding conductivity and strain buffering, sacrificial salts creating voids, spray drying enabling high tap density, carbon coatings improving contact) but does not directly validate the specific NiMoO4 nanovoid microsphere claims. Central claims are therefore mostly partially supported rather than fully supported, since the material system differs from the one under study in most cases. No fabricated or clearly invalid identifiers were found; all cited IDs resolve to real, retrievable abstracts consistent with the pool the candidate ascribes to each scientist. No central claim is directly contradicted, and while transfer from analogous oxide/carbon composite systems to NiMoO4 is a reasonable inference, it introduces non-trivial extrapolation uncertainty that limits evidence_support and citation_traceability scores to the middle of the scale.","Several cited papers (e.g., Fe2(MoO4)3, MoO2, Ni/Mo2C, hydroxyapatite, SBA-15, ammonium metatungstate) are structurally or compositionally analogous rather than directly on-topic for NiMoO4; treating these as direct support for NiMoO4-specific behavior involves an interpretive leap that could be judged more harshly. The task states that if a numeric ID appears in two pools it is ambiguous unless text disambiguates; here the candidate itself labels each ID with 'Scientist A' or 'Scientist B', which appears to reliably disambiguate pool assignment, but I flagged this as only 'no' for fabricated/invalid identifiers with moderate confidence rather than full certainty, since the underlying blinding rules make definitive resolution somewhat inferential."
3,2,ds,generated,case_03__rep_02,Candidate B,2,2,5,no,no,"Candidate B's memo synthesizes two hypothetical scientists' positions and does not present its own novel technical claims but rather aggregates cited claims attributed to 'Scientist A' and 'Scientist B.' All cited evidence records are traceable to specific numeric IDs mapped into evidence pools A (for Scientist A) and B (for Scientist B), with no duplicate/ambiguous ID conflicts observed in the supplied packet register: each numeric ID appears in exactly one pool as supplied. However, nearly every citation is drawn from adjacent or analogous material systems (Ni3S2, MoS2/RGO, CoMoO4@NiMoO4 supercapacitors, Fe2(MoO4)3, Sb@C, SnO2, SBA-15, AMT, LFMP, LTO, C/S Li-S composites, and even an unrelated pharmaceutical microencapsulation paper) rather than direct evidence for hollow-void NiMoO4 microsphere anodes for Li-ion batteries. This creates a pattern of partial/analogical support across almost every central claim, with no candidate claim being directly and specifically confirmed by an on-topic NiMoO4 hollow-microsphere anode study. No claim was contradicted outright, and no fabricated/invalid IDs were found (all IDs resolve to real abstracts in the supplied pools), but one citation (ID:234, a drug-delivery microencapsulation selection paper) is essentially irrelevant to the electrochemical claim it is meant to support, weakening traceability for that portion of C4.","Ambiguity is reduced somewhat because the packet explicitly assigns each numeric ID to a single pool (A for Scientist A citations, B for Scientist B citations) with no duplicate ID appearing in both pools within this packet, so pool-level attribution is resolvable here even though the general Pass 2 rule warns about cross-pool ambiguity. Nonetheless, uncertainty remains regarding how much analogical (different-material) evidence should count toward 'support' versus 'partial support' for material-specific mechanistic claims about NiMoO4 hollow-void microspheres; I treated cross-material analogies (e.g., SnO2, Sb, Ni3S2, MoS2, silica, tungsten) as partially supporting general methodological principles (templating, spray drying, Kirkendall effect, tap density) but not as direct support for material-specific NiMoO4 Li-ion performance claims."
3,2,mpds,generated,case_03__rep_02,Candidate D,2,2,5,yes,no,"The candidate cites eight distinct evidence records across two labeled scientist pools (A and B), and all numeric IDs map to uniquely supplied records without pool ambiguity, so citation identifiers are not fabricated or ambiguous. However, several central claims are only loosely supported by their cited abstracts. Notably, C2 cites a catalytic water-splitting paper (Ni/Mo2C-PC) to support a claim about a stable anode carbide material, which is a domain mismatch (catalysis vs. Li-ion battery anode) and does not substantiate the intended architectural/stability claim -- this is a consequential unsupported claim because it underlies part of Scientist A's proposed material evolution referenced in the memo's synthesis. C3, C4, and C5 rely on analogous or adjacent systems (yolk-shell catalysis, Sb@C sodium-ion microspheres, LiFePO4/LiMnFePO4 cathodes) rather than direct NiMoO4 Li-ion anode data, so they only partially support the specific mechanistic and performance claims made about NiMoO4 microspheres. C1 is well-supported since it directly concerns NiMoO4-family nanowire anodes for Li-ion storage. Overall, evidence support is weak-to-moderate: only one of five claims is directly and specifically supported, the rest are analogical extensions to different chemistries or applications (catalysis, Na-ion, LiFePO4 cathodes) that partially generalize but leave core NiMoO4-specific mechanistic and performance claims unverified.","Some claims (C4, C5) rely on structural/process analogies from other electrode chemistries (Sb@C for Na-ion, LiFePO4/LiMnFePO4 cathodes) that are commonly used in materials science literature to justify design principles; whether this counts as adequate support or overreach is a judgment call, and I have treated it as partial support given the analogy is reasonable but not domain-specific to NiMoO4 anodes. The claim about hollow-sphere tap-density being a 'likely insurmountable' barrier is an inference in the candidate's memo not directly stated in any cited abstract, contributing to my partial-support judgment for C5."
3,2,sair,dual_pool_component_control,case_03__rep_02,Candidate B,0,0,5,yes,no,"Candidate B assembles a coherent design and synthesis framework for NiMoO4 microspheres by drawing heavily on analogy to many other electrode chemistries (LiFePO4, LiMnFePO4, Li2FeSiO4, TiNb2O7, TiO2, LTO, NVP, Sb, Fe2O3, V2O5, SnO2, MoS2, Zn2SnO4, etcorr.) processed via spray drying. While these analogies are individually well-documented in the supplied abstracts and support the general spray-drying/carbon-coating/void-engineering paradigm, none of the 25 cited records concern NiMoO4 directly, so central mechanistic claims specific to the target material (distributed vs. single void superiority, carbothermal reduction benefits for Li-ion conversion catalysis, salt-assisted lower-temperature crystallization) are not directly evidenced. The single most material-specific citation for carbothermal Ni/Mo2C formation (B-R24) is drawn from an unrelated water-splitting catalysis context, and the salt-assisted synthesis citation (B-R25) supplies only a corrigendum notice with no substantive abstract content, making that claim effectively unverifiable/unsupported. The void-network preference claim is explicitly marked '(Inference)' by the candidate itself, yet is still described as 'proven effective,' which overstates the supplied evidence. Overall, evidence support is very weak for the mechanistically central and most novel claims (C2, C4, C5), even though citation identifiers are all resolvable to valid, non-ambiguous pool-B (or pool-A) records with no fabrication detected.","All cited identifiers resolve to valid records without pool ambiguity requiring guesswork (each token was supplied with an unambiguous single record and pool). However, several key mechanistic claims rely on cross-chemistry analogies rather than NiMoO4-specific evidence, and B-R25 supplies only an erratum notice lacking substantive scientific content, making C5 essentially unverifiable from the supplied abstract despite a valid identifier. This distinction (valid but non-informative evidence) was treated as 'unsupported' rather than 'unverifiable' since a record was in fact supplied and reviewed."
3,2,ses,dual_pool_component_control,case_03__rep_02,Candidate D,2,2,5,yes,no,"Candidate D synthesizes two hypothetical proposals into an integrated NiMoO4 microsphere strategy, citing numerous IDs from two evidence pools (A and B) for its claims. All cited identifiers resolve to valid, distinct records; there is no evidence of fabricated or unresolvable IDs since the candidate consistently specifies which scientist/pool the ID belongs to, avoiding the cross-pool ambiguity issue. However, most cited abstracts pertain to different active materials (Fe2(MoO4)3, TiO2, LTO, LDH, Li2MnO3-NMC, LiFeMnPO4, SnO2, Ni3S2 catalysts, MoS2 supercapacitors) rather than NiMoO4 itself, meaning claims about NiMoO4-specific mechanisms (nanovoid buffering, single-step calcination combining three functions) are only supported by analogy to structurally or compositionally similar systems, not direct verification. The core architectural narrative (nanosheet-derived interstitial voids, GO co-spraying for rGO scaffolding, spray-drying process controls, high tap density targets) draws reasonable support from parallel literature, but the central claim of a single calcination step achieving three simultaneous functions is only weakly and partially supported (partly labeled 'inferred' by the candidate itself), which is consequential to the feasibility of the proposed 3-stage process. Overall, evidence support is moderate: several claims have plausible analogic support while at least one important mechanistic claim (single-step multi-function calcination) lacks direct support.","Uncertainty stems from the fact that nearly all central claims rely on analogical extrapolation from different active-material systems (Fe-Mo-oxide, Ti-oxide, Li-Ti-oxide, Li-Fe-Mn-phosphate, Ni-S catalysts) to the NiMoO4 target system, which cannot be fully verified as directly transferable without additional NiMoO4-specific evidence. The candidate explicitly flags two calcination functions as 'inferred,' acknowledging this evidentiary gap itself. No abstract directly discusses NiMoO4 chemistry, complicating assessment of mechanism-specific support versus general analogic plausibility."
3,3,ds,generated,case_03__rep_03,Candidate A,1,1,5,yes,no,"The candidate's central recommendation (spray-drying with sacrificial templates and in-situ carbon co-integration for NiMoO4 microspheres) is built almost entirely on evidence drawn from unrelated material systems (water-splitting catalysts, supercapacitor MoS2/RGO, CoFe2O4 spinel, and various phosphate/titanate Li-ion cathode/anode materials) rather than NiMoO4 itself or even a closely analogous conversion-type transition-metal-oxide Li-ion anode. While the general engineering principles (spray drying scalability, templated void formation, in-situ carbon coating for tap density and conductivity) are individually supported by the respective abstracts, no cited record substantiates the specific combination of nanovoid buffering, conductivity, and tap density balance in NiMoO4 for durable high-rate Li-ion storage — the actual central claim of the task. This creates a systematic mismatch between the material system in the evidence and the target material system in the proposal, which is a material, consequential gap even though no single citation is invalid or fabricated (all IDs map to real, retrievable abstracts).","All cited identifiers resolve to legitimate abstracts, so no fabrication is evident. However, every central claim about NiMoO4-specific mechanisms (void buffering, conductivity pathway formation, tap density balance) is only indirectly supported through analogy to different material systems (sulfides, phosphates, titanates, ferrites) and different applications (water splitting, supercapacitors, Na-ion, Li-S). This pattern of cross-domain evidence use is consistent but does not directly verify the material-specific mechanism proposed, warranting the 'partially_supported' or 'unsupported' classifications rather than full support."
3,3,mpds,generated,case_03__rep_03,Candidate C,1,1,5,yes,no,"The candidate constructs a synthesis/decision memo built on a debate between two hypothetical scientists, citing numerous IDs to support competing and then converging claims. Critical central claims about NiMoO4-specific hydrothermal architecture (C1) and about hydrothermal synthesis producing low-density powders unsuitable for scale (C3) are not supported by their cited abstracts: the referenced records concern different chemistries (MnMoO4, Fe2(MoO4)3), different application contexts (supercapacitors, photocatalysis), or do not address the specific claimed property (tap density limitation of hydrothermal routes). The core recommended strategy (spray drying + GO precursor + Kirkendall-effect void engineering) is better supported by evidence for the general feasibility of spray drying for scalable, dense Li-ion microspheres (C4) and for the Kirkendall mechanism analog (C5, via SnO2), though none of the supplied records directly discuss the target NiMoO4 or even a Ni-Mo bimetallic oxide system. This is a material gap: the entire proposal is anchored on a material system that has no directly cited supporting record. All the analogies advanced are for different chemistries or applications (Na-ion, supercapacitor, Fe-Mo, Sn oxide), which weakens direct evidentiary support despite plausible mechanistic transferability. No evidence label ties in fabricated identifiers — all appear to correspond to real papers as supplied — but the traceability of central mechanistic and comparative claims to specifically relevant NiMoO4 evidence is weak throughout.","Judgment calls were required regarding how strictly to weight material-system mismatch (e.g., MnMoO4 vs. NiMoO4, Fe2(MoO4)3 vs. NiMoO4) as grounds for 'unsupported' rather than 'partially_supported.' I treated cases where the abstract's core chemistry, application, or mechanism diverges substantially from the proposal's target system as unsupported rather than partially supported, since the material proposition (specific to NiMoO4-based Li-ion anodes) is not addressed. Some evidence (e.g., C-R07 on Kirkendall effect and C-R05/C-R06 on spray-drying capability) provides genuine mechanistic analogy support even though the exact chemistry differs, which I scored as partially_supported. No identifiers appeared fabricated or duplicated ambiguously between pools A and B within this candidate's citations, though the candidate's use of pool-specific IDs (e.g., [ID: 2] appearing in Scientist A's pool A citations vs. [ID: 87] in Scientist B's pool B) suggests the candidate correctly disambiguated pools via attribution to each scientist, reducing ambiguity concerns for traceability, though the underlying evidentiary relevance remains weak."
3,3,sair,dual_pool_component_control,case_03__rep_03,Candidate A,2,1,5,no,uncertain,"The candidate cites a very large number of evidence records (26 total) to support a detailed mechanistic and process proposal for NiMoO4/rGO composite microspheres with internal nanovoids. Central claims are generally supported by close analogy to structurally or chemically similar systems (other transition metal oxide anodes, spray-dried microsphere cathodes/anodes, graphene-scaffolded composites, and hollow/yolk-shell nanostructures), but almost none of the cited abstracts directly involve NiMoO4 itself. The single most directly relevant record to NiMoO4 (A-R01, cited as [ID:32]) is about NixCo1-xMoO4 nanowires, which is adjacent but not equivalent to the proposed nanocrystal/microsphere morphology. The mechanism of void buffering is well supported by an analogous Mo-Ni sulfide/selenide system (A-R12), which strengthens plausibility but is not a direct verification for the oxide-based nanovoid-buffering claim. Several citations (e.g., ID:6, ID:214, ID:9) appear to reference materials unrelated to the immediate battery-mechanism claims (e.g., catalyst synthesis for water splitting, carbon nanofiber growth), raising concerns about the specificity/accuracy of the citation-claim pairing, though these support more minor synthesis-related assertions (precursor selection, rGO reduction, carbothermal reduction risk) rather than core electrochemical claims. No claim is directly contradicted, but traceability is weak because most cited sources support only generic or analogous phenomena rather than the specific NiMoO4 system, and several citations conflate distinct evidence pools (pool A vs B) that could create ambiguity if this pattern recurs elsewhere in the packet.","Some cited IDs used for synthesis details (e.g., [ID:6] describing Ni/Mo catalyst carbon nanofiber growth, [ID:214] describing PGM-free water-splitting electrocatalysts, [ID:9] on Ni/Mo2C water-splitting catalyst) are for materials in unrelated electrochemical contexts (water splitting rather than Li-ion battery microsphere fabrication), which raises questions about whether these are miscited or repurposed loosely as inference support; however, they are used for narrow supporting details (precursor chemistry, reduction chemistry, carbothermal reduction risk) rather than central claims, so I did not select them as central claims. The 'fabricated_or_invalid_citation_identifier' flag is marked uncertain because while all cited IDs do map to real, retrievable abstracts, several appear topically mismatched to their claimed context (water-splitting catalyst papers cited for battery materials synthesis details), suggesting potential identifier misassignment or overly loose paraphrasing rather than outright fabrication."
3,3,ses,dual_pool_component_control,case_03__rep_03,Candidate C,2,2,5,no,uncertain,"The candidate is a memo synthesizing two hypothetical scientists' proposals and cites many analogous, non-NiMoO4 materials-science and even off-topic (e.g., catalysis, biomedical) papers to support each processing choice. Central claims about graphene scaffolds, spray-drying atomization effects, P123 templating, thermal annealing temperature, and tap-density outcomes are generally supported by directly relevant mechanistic analogues (rGO-wrapped microspheres, spray-drying morphology control studies, P123-templated hollow microspheres, NiMoO4-family annealing conditions, and high-tap-density microsphere syntheses), but almost none of the cited evidence is for the specific NiMoO4 Li-ion anode system central to the task. This creates a systematic gap: strong analogy-based support without any direct verification for the exact material/architecture proposed. Additionally, several IDs (e.g., [ID:27]) appear in both pool A (CoMoO4@NiMoO4 supercapacitor paper) and pool B (hydroxyapatite spray-drying paper) without the candidate text clearly disambiguating which pool is intended, creating traceability ambiguity for at least one citation used to support the initial diagnosis of mechanical instability. Other citations (e.g., [ID:9], [ID:1] for polydopamine and P123) map to catalysis/water-splitting papers rather than battery contexts, which is a genuine but non-fabricated evidentiary gap (topically adjacent, not invalid identifiers).","The [ID:27] token is used by the candidate (attributed to 'Scientist A') and two records are supplied: C-R01a (pool A, CoMoO4@NiMoO4 supercapacitor paper, directly on-topic) and C-R01b (pool B, hydroxyapatite spray-drying paper, off-topic). Because the candidate explicitly attributes this citation to 'Scientist A,' and pool A record is thematically consistent with the NiMoO4 mechanical-stability point being made, I treated pool A as the more plausible intended source, but the ambiguity is not fully resolved by the text alone, so the fabricated/invalid identifier flag is marked 'uncertain' rather than 'yes' or 'no'. I did not select this specific claim as one of the five central claims to avoid over-relying on an ambiguous mapping for scoring purposes, but it affects the overall traceability score. Several central claims about graphene scaffolds, spray-drying parameters, and tap density are supported only by analogy to other spray-dried oxide/carbon microsphere systems (not NiMoO4 itself), which is a material and consequential feasibility/performance claim, but I judged this as 'partially_supported' rather than 'contradicted' or 'unsupported' since the underlying physical mechanisms (rGO conductivity/buffering, P123 templating, spray-drying morphology control, tap density via process control) are well-established in the cited analogues, even though NiMoO4-specific validation is absent from the evidence provided."
4,1,ds,legacy_replicate_1,case_04__rep_01,Candidate E,1,1,5,yes,uncertain,"Across all five sampled central claims (spanning both the 'Scientist A' and 'Scientist B' strategies synthesized into the memo's recommendation), the cited evidence records are topically mismatched to the specific mechanistic or fabrication claims made. Cited abstracts cover unrelated systems (Mg batteries, Li-S batteries, LiFePO4/Li-ion batteries, fuel-cell coatings, photonic fibers, glucose sensors, Pickering emulsions) or only tangentially related Zn-ion vanadium oxide work (E-R01, E-R04) that does not specifically address the cited claim (e.g., spray pyrolysis porogen macrovoids, CNT backbone buffering, or pillar-ion intercalation mechanisms). None of the five claims sampled receive even partial support from their cited record. The memo's core recommendation is built on Scientist B's ID:7 pillaring claim, which is unsupported by its cited abstract (about corrosion-resistant CNT/titania coatings), representing a consequential unsupported claim underlying the entire recommended strategy.","Some evidence records (E-R05, E-R06, E-R07, E-R08, E-R09, E-R10) belong to 'pool B' as labeled, and the candidate consistently attributes these IDs to Scientist B in-text, so pool attribution itself is not ambiguous here. However, it remains uncertain whether these records were fabricated/mismatched by the candidate or are simply mismatched retrieval artifacts from the underlying evidence pipeline; the pattern of near-total topical mismatch across all cited IDs raises the possibility of fabricated or misassigned identifiers, though each ID does correspond to a real, distinct paper record supplied to the audit, so 'fabricated' is not certain—hence 'uncertain' rather than 'yes'ates."
4,1,mpds,legacy_replicate_1,case_04__rep_01,Candidate B,2,2,5,yes,uncertain,"The memo's final recommended design rests heavily on three pillars: (1) Mn-doped hydrated vanadium oxide as active material, (2) CNT microsphere architecture from spray-drying, and (3) polar oxide nanocrystal anchoring for stability. Claim C1 (active material choice) is well supported by directly relevant vanadium-oxide ZIB abstracts. However, claims C2 and C3 regarding the CNT microsphere architecture and spray-drying synthesis rely exclusively on Li-ion/Li-S battery literature with no vanadium oxide or aqueous Zn system precedent, making the extrapolation to the final recommended composite only partially supported. Most critically, claim C4, the core novel stability mechanism the Director selects as the 'most advanced' solution, cites CoO/ZnO-CNT microsphere records from Li-S battery contexts where the nanocrystals trap dissolved polysulfides via a distinct chemistry, not vanadium oxyanion species in aqueous electrolyte. This is a material mismatch that leaves a central, mechanism-defining claim unsupported by the cited evidence, which is consequential to the proposal's core rationale. Numeric ID reuse across pools (e.g., ID 1, 13, 54, 78, 81) is resolved here because the surrounding text and supplied evidence pools attribute each citation to Scientist A or B contexts distinctly, and the supplied abstracts appear correctly matched to the intended pool per the packet's own labeling, so no fabrication is confirmed, but the extensive reliance on non-analogous system evidence (Li-ion/Li-S rather than aqueous ZIB) for architecture and stability claims lowers confidence and warrants an uncertain fabrication/mismatch flag for how tightly these numeric identifiers were verified against the correct pool in the original candidate text itself, since the candidate did not explicitly denote 'Pool A' or 'Pool B' inline for each ID.","The candidate text uses bare numeric IDs (e.g., [ID: 1], [ID: 13], [ID: 78], [ID: 81]) that could plausibly refer to either evidence pool A or B given the packet structure explicitly warns of non-unique numeric tokens. I relied on the pool label supplied with each record folder (A or B) and the attribution to 'Scientist A' or 'Scientist B' in the candidate's own text to disambiguate, which is a reasonable but not fully certain method. Additionally, several claims about CNT/oxide microsphere synthesis and stability mechanisms are supported only by analogous Li-ion/Li-S battery studies rather than aqueous Zn-ion vanadium oxide systems, so 'partially_supported' or 'unsupported' ratings reflect this domain mismatch rather than an assertion that the underlying science is false or non-transferable in principle."
4,1,sair,dual_pool_component_control,case_04__rep_01,Candidate D,3,3,5,no,no,"Candidate D cites a large, generally traceable set of evidence records mapped to distinct claims (pool A vs B labeled explicitly in the record list, and the candidate consistently used 'Scientist A'/'Scientist B' tags matching pool A/B, resolving most ambiguity). Most central claims are conceptually supported by analogous literature (vanadium oxide dissolution and coating mitigation, hierarchical porous CNT microsphere architectures, CNT-supported metal oxide conductive networks, and PANI-mediated Zn2+ kinetics improvement), but nearly all analogous evidence pertains to V2O5 or other oxide/anode systems rather than the specifically proposed V2O3/CNT/Zn2+ system, and none of the records directly test the exact anchored V2O3-on-CNT-microsphere-with-macrovoids-in-aqueous-ZIB system as a whole. This creates a consistent pattern of partial/analogous support rather than direct verification, keeping evidence_support and citation_traceability in the middle range rather than higher.","Some literal claims (e.g., 'CNT as in situ reducing agent' in carbothermal reduction) are not explicitly verified by any cited abstract, though this is a plausible extrapolation rather than a direct contradiction, so it is scored partially_supported rather than unsupported. No fabricated or unresolvable identifiers were found in this candidate text; the Scientist A/B tagging system consistently disambiguates numeric IDs that would otherwise be ambiguous between pools A and B."
4,1,ses,dual_pool_component_control,case_04__rep_01,Candidate B,3,2,5,no,uncertain,"Candidate B's memorandum synthesizes two prior proposals and cites a large number of identifiers, most of which map to genuine, topically relevant abstracts (vanadium oxide ZIB cathodes, CNT microsphere engineering with porogens, PANI coatings, dissolution suppression). Central claims about pillar-ion intercalation and PANI-mediated dissolution suppression are well supported by directly on-topic aqueous ZIB literature. However, several claims rely heavily on analogical evidence from non-aqueous, non-Zn, or non-V2O3 systems (Li-ion, Na-ion, ORR catalysts) to support mechanisms proposed for the V2O3/aqueous-Zn microsphere system, which the candidate itself acknowledges as an uncertainty ('System-Specific Validation'). The most consequential feasibility claim — that a single anneal can simultaneously accomplish carbothermal reduction, porogen removal, and PANI polymerization without conflict — has no direct supporting evidence and is flagged as unsupported, though the candidate transparently frames it as a risk rather than a settled fact, softening (but not eliminating) the concern. A significant traceability issue arises from the ID:6 and ID:11 tokens, which are ambiguous between evidence pools A and B (one is a vanadium-oxide ZIB paper, the other an unrelated CNT-microsphere or battery-anode paper for a different chemistry), and the candidate text does not disambiguate which pool is intended for either occurrence, which affects claims C1 and C2.","Numeric IDs 6 and 11 are each associated with two different evidence pool records (A and B) with substantively different topics, and the candidate's surrounding text does not clearly indicate which pool is intended in either case, creating traceability ambiguity for claims C1 and C2. I did not treat this as fabrication (identifiers are valid in at least one pool) but flagged the fabricated_or_invalid_citation_identifier as uncertain because it is unclear whether the candidate intended pool A or B for these shared tokens, and misattribution could change the support assessment. No claim was found to be directly contradicted by cited evidence."
4,2,ds,generated,case_04__rep_02,Candidate D,2,2,5,yes,uncertain,"The candidate synthesizes a hybrid recommendation drawing heavily on cited literature for individual sub-components (spray-drying with porogens, PAN cross-linking, N-doping benefits, V2O3 carbothermal reduction), and most of these sub-claims find at least partial support in the analogous LIB/ORR/Li-S literature. However, none of the fourteen cited records address zinc-ion batteries, Zn2+ transport, or aqueous electrolyte systems at all -- every abstract is drawn from Li-ion, Li-S, or ORR contexts. This is a material and consequential gap because the task explicitly concerns aqueous ZIB cathodes and Zn2+ transport, yet no evidence bridges the Li-ion/Zn-ion translation. Additionally, the specific combined single-step process (PMMA decomposition + PAN pyrolysis + carbothermal reduction to V2O3 in one step) is not demonstrated in any single cited work; it is a novel synthesis of concepts from separate papers, presented with more certainty than the evidence base supports. Citation identifiers were resolvable within the given pools (all bear pool A or B labels matching the candidate's attribution of statements to 'Scientist A' or 'Scientist B'), so mapping is generally traceable, though several numeric IDs (e.g., 13, 23, 78, 54) are reused across multiple sub-claims without always specifying which aspect of the source they support, introducing minor ambiguity.","The candidate consistently labels citations with 'Scientist A' or 'Scientist B' tags that align with the evidence pool labels (A or B) supplied, which resolves most pool-ambiguity concerns; I did not treat these as fabricated. However, some individual claims bundle multiple citations that only partially or tangentially support the specific mechanistic conjunction being claimed (e.g., single-step tri-functional pyrolysis), and I have marked those as unsupported rather than fabricated, since the identifiers do point to valid, retrievable records, just not to records that directly substantiate the compound claim. No record in the packet involves zinc-ion battery chemistry, which limits verifiability of the central task-relevant performance claims but does not itself indicate the claims are false."
4,2,mpds,generated,case_04__rep_02,Candidate A,2,1,5,uncertain,yes,"The candidate memo synthesizes two hypothetical scientists' positions and recommends a hybrid V2O5/CNT-microsphere design incorporating pillar-stabilized hydrated vanadium oxide. Several central claims (pillar/hydration stabilization achieving very long cycle life; CNT microsphere architecture enabling conductivity and ion transport; Mn-HVO as active material) are plausible and partially traceable to pool-A abstracts that are topically well-matched to ZIB cathode chemistry. However, the candidate's citation style uses bare numeric IDs (and in-text compound labels like 'B54', 'B23', 'B6') that do not cleanly match the strict numeric-ID-plus-pool convention of the supplied evidence packet, and nearly every cited numeric ID has two entirely different possible source records (one relevant pool-A ZIB paper, one often irrelevant pool-B CNT-microsphere-for-other-application paper), creating pervasive ambiguity per the module's explicit disambiguation rule. This substantially undermines citation traceability. Evidence support is somewhat better because, where content can be reasonably inferred (e.g., ID 1, 6, 7, 69, 42 in pool A), the topical match to ZIB cathode chemistry is strong and specific, but the systemic ambiguity and one clearly unmatched identifier (B6/B23 label format) prevent higher scores.","Extensive ID ambiguity is the dominant source of uncertainty: nearly every cited numeric identifier (1,2,3,6,7,8,13,15,16,23,42,54,69,70,75,78,89,102,153,250) has two divergent supplied records (pool A vanadium-oxide/ZIB papers vs pool B largely unrelated CNT-microsphere-for-other-applications papers), and the candidate text's own labeling convention (prefixing 'A' or 'B' to IDs) partially self-resolves pool assignment for many claims, but the supplied evidence packet is keyed strictly by bare numeric token plus pool letter, not by the candidate's compound alphanumeric labels (e2g., 'B54'), leaving room for interpretation. I treated candidate's own A/B prefixing as reasonably indicative of intended pool where present, which improved apparent support for C1 and C3, but could not do so reliably for compound multi-ID citations without over-interpreting, hence conservative 'unverifiable' or 'unsupported' calls for C2, C4, and C5. The 'fabricated_or_invalid_citation_identifier' flag is set to yes because at least one citation format (e.g., bare 'B6') does not correspond cleanly to any single supplied record under the stated ID/pool convention. The 'consequential_unsupported_or_contradicted_claim' flag is uncertain because while no claim is directly contradicted, the architecture/transport mechanism claims (C2, C4) that are central to feasibility remain unverifiable rather than clearly supported or refuted."
4,2,sair,dual_pool_component_control,case_04__rep_02,Candidate C,2,2,5,uncertain,no,"The candidate cites a large number of evidence records, all of which resolve to valid, retrievable abstracts (no fabricated or unresolvable IDs), and it consistently distinguishes pool A and B tokens matching the supplied records, so traceability is not undermined by ambiguity in ID mapping. However, on closer claim-level inspection, most cited evidence pertains to analogous but materially different systems: V2O5, VOx, SnO2, CoO, Fe3O4, or Li/Na-ion battery cathodes/anodes rather than the specific V2O3/CNT macrovoid microsphere architecture for aqueous ZIBs central to the task. Central claims about the core synthesis route (spray-drying V2O3/CNT microspheres with macrovoid porogens) and the PPy vapor-phase coating for V2O3 dissolution suppression are each supported only by fragmented analogized precedents rather than direct experimental demonstration of the proposed system. Only the oxygen-vacancy tuning claim (C3) and the ALD-HfO2 artificial SEI claim (C5) are strongly and directly supported by literature in the correct aqueous ZIB vanadium-oxide context. This pattern of assembling partial, adjacent-system evidence to support a novel composite claim is scientifically reasonable as an extrapolation but leaves several consequential claims (feasibility of the exact synthesis route and coating chemistry for V2O3 specifically) without direct support, which is why evidence_support and citation_traceability are capped at 2, and the consequential-claim flag is marked uncertain rather than a clear yes or no, since the underlying inferences are plausible but not directly verified by the cited abstracts.","Determining 'central' claims required judgment given the large citation density; some highly specific sub-claims (e.g., exact 600-800°C window, coarsening at higher T) are stated confidently in text but only loosely supported by cited sources describing different temperature values or different vanadium oxide phases. The distinction between V2O5/VOx precursor chemistry and the target V2O3 phase is scientifically significant but many cited papers conflate or are adjacent to this distinction, so partial_supported was used liberally where the underlying mechanism (e.g., porogen-templated macrovoids, carbothermal reduction, PPy coating benefits) is validated in analogous systems but not the exact proposed V2O3/CNT/ZIB combination Recommend generic caution in interpreting these partially_supported assignments as neither fully validating nor invalidating feasibility."
4,2,ses,dual_pool_component_control,case_04__rep_02,Candidate A,2,3,5,no,no,"The candidate memorandum synthesizes two hypothetical proposals and cites numerous evidence records, all of which are resolvable to valid abstracts in the supplied evidence pools (no ambiguous dual-pool numeric IDs were left unresolved in the candidate's own labeling, since it explicitly tags each citation with 'Scientist A' or 'Scientist B' and pool letters are supplied consistently per token). However, most of the central mechanistic claims are only partially supported: the evidence largely comes from analogous systems (V2O5, SnO2, NMC, Fe3O4 microspheres, Li-ion or Na-ion contexts) rather than directly from V2O3/CNT/Zn2+ systems, which is the actual target of the task. The interlayer-expansion/pillar-ion claim (C1) conflates hydrated-water intercalation and metal-ion pillaring mechanisms across different vanadium oxide compositions. The carbon-coating/anchoring claim (C4) is supported by carbon-coated vanadium oxide literature but not by any source demonstrating carbon-mediated anchoring specifically onto a CNT scaffold within a macrovoid microsphere. The core process claim (C5) is supported only by close analogs (V2O5/CNT spray-dried microspheres, SnO2-CNT templated microspheres) rather than the specific V2O3 system. No fabricated identifiers were found; all cited IDs map to supplied abstracts. No claim is directly contradicted by the evidence, and no single unsupported claim appears consequential enough to invalidate the overall proposal, though the reliance on analogic evidence across differing oxidation states and battery chemistries introduces material uncertainty in scientific specificity.","Several evidence records concern V2O5, SnO2, or NMC oxide chemistries rather than V2O3, and Li-ion/Na-ion rather than Zn-ion systems; such analogic use is common in materials science motivation sections but weakens direct verifiability of claims specific to the V2O3/Zn2+ system. No numeric ID collisions requiring pool disambiguation were left unresolved in this packet, as tokens were paired one-to-one with supplied evidence records; however, this cannot be independently confirmed against the full underlying evidence pools that were not supplied here."
4,3,ds,generated,case_04__rep_03,Candidate C,3,4,5,no,no,"The candidate's central claims are drawn from a synthesized comparison of two sub-strategies (intrinsic material engineering vs. architectural engineering) and are each traceable to specific, uniquely identified evidence records within pool A (vanadium-oxide chemistry) or pool B (CNT microsphere architecture). Most claims are supported or partially supported: oxygen-vacancy kinetics enhancement (C1) and V2O5 capacity comparison (C5) are only partially supported because the cited evidence pertains to related but not identical material systems or electrochemical contexts (LIB vs. ZIB, generic VOx vs. specific V2O3). The architectural claims (C2, C3) and the pillar-ion claim (C4) are well supported by directly relevant abstracts, though drawn from non-V2O3 systems (SnO2, CoO, LiFePO4, NVP, NVO), meaning generalization to the V2O3/CNT system proposed remains an extrapolation rather than a directly demonstrated result. No fabricated or unresolvable identifiers were found; all cited numeric IDs matched to a single pool (A or B) with no cross-pool ambiguity, and the surrounding text differentiates attribution by scientist/strategy, aiding traceability.","Several central claims rely on analogical evidence from different electrode chemistries (SnO2, CoO, LiFePO4, NVP, generic VOx) rather than V2O3 specifically, which was judged as partial support rather than full support since the material system differs from the fixed task's V2O3 constraint. The claim regarding V2O3-δ formation via a modified calcination step (a proposed synthesis step, not itself a verifiable prior claim) was excluded from central-claim sampling because it is a novel proposed action rather than an externally verifiable claim; only the underlying kinetic benefit assertion (C1) was audited. No identifier collisions between pools A and B were observed among the cited tokens, so all evidence mappings were treated as attributable without guessing pool assignment."
4,3,mpds,generated,case_04__rep_03,Candidate E,3,3,5,no,no,"The candidate synthesizes a hybrid strategy from two hypothetical scientists and cites specific IDs for each central claim. Most citations map to clearly valid, topic-relevant records (E-R01 through E-R05 directly address vanadium-oxide ZIB cathodes and support the pillaring, zero-strain, and oxygen-vacancy claims reasonably well, with E-R03 being an especially strong direct match for the 20,000-cycle zero-strain claim). However, the architectural claims (C4, C5) rely on analogies from Li-ion and Li-S battery systems (E-R06, E-R07, E-R08, E-R09) that are not for V2O3/ZIB systems, which the candidate text itself acknowledges as a weakness of Scientist B's argument ('relies heavily on analogies... speculative and adds significant complexity and risk'). This self-aware caveat prevents overstatement, but the cited evidence does not directly verify the core architectural feasibility claims for the specific ZIB CNT-macrovoid system. All numeric IDs are clearly resolvable to a single pool via distinct evidence records without ambiguity in this packet, so no fabrication or ambiguity flag is warranted. No central claim is contradicted; oxygen vacancy claim (C3) has a nuance (excessive vacancies degrade conductivity per E-R05) that is not fully reconciled by the candidate's generalization, which is noted as a partial support rather than a contradiction since the core claim (tuning vacancies improves performance) is validated within an optimal range.","C4 and C5 rely on cross-chemistry analogies (Li-ion/Li-S to aqueous ZIB) which are inherently harder to verify as directly transferable claims from the supplied abstracts; this is reflected in partial_supported ratings rather than unsupported, since the abstracts do support the general architectural/chemical-trapping principles even though the system differs. The oxygen-vacancy claim (C3) involves a subtlety in E-R05 (vacancy concentration must be optimized, not simply maximized) that slightly complicates a clean 'supported' rating a reasonable alternative auditor might read this either as supported or partially supported."
4,3,sair,dual_pool_component_control,case_04__rep_03,Candidate B,3,3,5,no,uncertain,"The candidate cites a large number of evidence records, and most central mechanistic claims (electrostatic Zn2+-lattice interaction limiting kinetics, oxygen-vacancy/defect engineering benefits, vanadium dissolution as a fade mechanism with coating mitigation strategies, sacrificial-porogen/spray-drying route to hierarchical CNT microspheres, Mn-doping bandgap narrowing, and CNT buffering of volume change) are backed by at least one directly relevant abstract. However, a substantial fraction of the supporting evidence comes from analog systems (Li-ion, Na-ion, non-Zn, non-V2O3 materials) rather than the exact V2O3/CNT/aqueous-ZIB system under discussion, so support is often partial/adjacent rather than a precise match. Several citation tokens use bare numeric IDs (e.g., [ID: 1], [ID: 13], [ID: 156]) that appear in both evidence pools A and B; the candidate text explicitly labels them 'Scientist A' or 'Scientist B' alongside the ID, which appears to resolve pool ambiguity in most cases, but this convention is unusual and not explicitly defined as a resolution rule in the module, introducing residual ambiguity about whether the labeling reliably disambiguates identical numeric IDs across the two pools (e.g., ID 1 has both an A and B record shown, B-R28a and B-R28b, and the candidate cites 'Scientist A [ID: 1]' for one instance -- this appears resolvable via the explicit pool label, but the arrangement is atypical and merits caution). No claim was found to be directly contradicted by its cited evidence, and no clearly fabricated/nonexistent identifier was identified, but the frequent reliance on non-target-system analogs and the unusual dual-pool labeling convention justify only a middle-range evidence and traceability score.","The 'Scientist A' / 'Scientist B' labeling convention alongside numeric IDs appears to disambiguate pool membership for tokens that exist in both pools (e.g., ID 1, ID 13, ID 156, ID 156), but this is not a standard disambiguation method described in the module, so there remains some residual uncertainty about whether this labeling was reliably and correctly applied throughout by the candidate. Additionally, many claims are supported only by analog-system evidence (different battery chemistries, different metal oxides, or non-aqueous electrolytes) rather than by direct V2O3/Zn2+/aqueous-ZIB demonstrations, which affects how strictly 'supported' should be interpreted; I treated such cases as supported for the general mechanistic principle but note the extrapolation involved to the specific proposed system."
4,3,ses,dual_pool_component_control,case_04__rep_03,Candidate D,2,2,5,no,uncertain,"The candidate memorandum synthesizes two hypothetical scientist proposals into an integrated V2O3/CNT microsphere framework for aqueous ZIBs. Central claims regarding pre-intercalated pillar-ion/hydrated vanadium oxide stabilization and Zn2+ diffusion facilitation (C2) are strongly and directly supported by highly relevant ZIB-specific evidence records. The dissolution-suppression via conductive polymer coating claim (C4) is also well supported by both ZIB-specific and closely analogous vanadium-oxide/PPy-PANI literature. However, several structurally important claims about macrovoid formation via sacrificial porogens (C1) and CNT network buffering (C3) rely heavily on analogical evidence drawn from other electrode chemistries (SnO2, CoSe2, Si, V2O5 in LIBs) rather than direct demonstrations in the V2O3/Zn-ion aqueous system, so these are only partially supported. The thermal annealing/oxygen-vacancy claim (C5) is a composite claim with mixed degrees of directness across its citations. Several cited numeric IDs (e.g., [ID:8], [ID:118]) appear in both pool A and pool B evidence sets; the candidate consistently labels citations by scientist (A or B), which in most cases allows correct pool attribution, but this reliance on the surrounding scientist-label convention rather than an unambiguous global identifier introduces residual ambiguity risk for a reader auditing raw IDs alone. No claim was found to be directly contradicted by cited evidence, and no clearly fabricated/nonexistent identifier was detected within the supplied records, though the dual-pool numeric overlaps make definitive fabrication assessment uncertain.","Ambiguity exists for numeric tokens that appear in both evidence pools (e.g., ID 8, ID 118), where the candidate's attribution to 'Scientist A' or 'Scientist B' resolves pool assignment in context, but a strict reading of bare IDs alone would be ambiguous per the module's stated rule. This affects traceability more than support judgments, since the actual disambiguated records were reviewed for each claim. Several claims aggregate multiple sub-propositions (e.g., C5 bundles phase conversion, crystallinity control, and vacancy engineering), which makes support_status determinations somewhat holistic rather than atomic; a stricter per-subclaim audit might yield lower scores for some components."
8,1,ds,legacy_replicate_1,case_08__rep_01,Candidate B,2,3,5,uncertain,no,"Candidate B's central claims are grounded in real, traceable evidence records mapped one-to-one via distinct evidence pools (A for PBA/MOF-derived sulfide chemistry, B for GO/rGO and SIB anode performance), avoiding the pool-ambiguity problem noted in the module. The strongest, most load-bearing claim (C2, that one-pot hydrothermal sulfide/rGO synthesis yields excellent SIB anode performance) is well supported by three directly relevant abstracts. However, several claims central to the specific hybrid mechanism proposed (particularly C1's specific claim about hollow PBA-derived cubes retaining that morphology, and C4's claim about high-temperature thermal risks causing pore blocking) are only partially supported or entirely unverifiable from the supplied records; the cited MOF-derived sulfide papers describe nanoframes and porous nanoparticles rather than confirming the exact hollow-cube-via-hydrothermal-conversion mechanism central to the recommended hybrid strategy. No fabricated identifiers were found; all cited IDs map to real, distinct records without duplicate-pool ambiguity in this packet.","C4 (thermal shock/pore-blocking risk during high-temperature GO/PBA sulfurization) is asserted without any citation and could not be checked against any supplied record, leaving the mechanistic risk argument for rejecting Scientist A's approach unverified. This is consequential because it partly justifies the hybrid recommendation, but since 'unverifiable' does not equal 'false' per the module rules, I mark the flag as uncertain rather than yes. C1 and C3 also involve extrapolation from evidence about non-PBA-cube systems (nanoframes, nanoplates, flakes) to infer general morphology behavior, which is a reasonable but imperfect proxy for the specific hollow-cube-in-hydrothermal-bath claim central to the proposal."
8,1,mpds,legacy_replicate_1,case_08__rep_01,Candidate D,1,2,5,no,no,"The candidate cites seven distinct evidence records, all of which are valid and traceable to specific IDs mentioned in the text (54, 125, 27, 41, 256, 45, 203), with no ambiguous dual-pool identifiers requiring resolution since each numeric ID maps to a single unique record in the supplied set. However, upon reviewing the actual content of each cited abstract against the specific mechanistic claims made in the memo, none of the central claims are directly and specifically supported. Most citations serve as generic or analogous background support (e.g., general reviews on hollow chalcogenides, generic GO/rGO reduction and dispersibility chemistry, an unrelated TiO2/rGO chemically-bonded hybrid, and general rGO annealing/conductivity papers) rather than direct verification of the specific claims about sulfide nanocube behavior, sulfidation-induced GO reduction, or solvothermal chemical bonding in this particular sulfide/rGO system. The core comparative/decision claim -- that aqueous sulfidation will destabilize GO dispersions -- is supported only by generic aqueous GO chemistry papers, not by any evidence specifically involving sulfide precursors reacting with GO. Similarly, the annealing and bonding claims are supported by analogous but materially different systems (TiO2/rGO instead of metal sulfide/rGO). No citations are fabricated or unresolvable pool ambiguities, so citation traceability is not at the lowest end, but no claim reaches full/direct support, limiting evidence support to a low score.","It is unclear whether any evidence records exist for the specific claim regarding sulfide precursor-driven reduction of GO (a more specific and consequential claim), since only generic aqueous GO/rGO chemistry is available; this could reflect a genuine reference availability gap rather than an unsupported claim per se. Additionally, the macroporous scaffold transport claim (C5) is asserted without any citation, so it is marked unverifiable rather than unsupported since no evidence record was provided for it at all."
8,1,sair,dual_pool_component_control,case_08__rep_01,Candidate A,2,3,5,no,no,"The candidate cites a very large number of evidence records (nearly 60 distinct IDs), most of which map to valid, resolvable evidence pool records with clear pool identification (mostly Pool B for rGO-related claims and Pool A for PBA/sulfide claims). Central mechanistic claims (PBA-to-sulfide conversion, 3D GO scaffold mitigating restacking, high-temperature annealing improving conductivity, PDA-mediated interfacial coupling, and analogy to other graphene-encapsulated anode systems) are generally supported by the cited abstracts, though several citations are drawn from adjacent application domains (supercapacitors, biomedical scaffolds, catalysis, thermoelectrics) rather than directly from sodium-ion battery or PBA-derived-sulfide systems, so some claims (especially C1 and C4) are only partially supported rather than fully supported. No citation identifiers appear fabricated or unresolvable; ambiguous bare numeric IDs are consistently clarified by the 'Scientist A/Scientist B' pool labels in-text, allowing correct mapping to Pool A or Pool B records. Overall, evidence support is moderate (many claims rely on analogical/adjacent-domain evidence rather than direct on-topic literature), while citation traceability is comparatively good because nearly all cited IDs resolve unambiguously to supplied records.","Several cited IDs (e.g., 54, 48, 148, 86, 106, 99, 256, 377, 192, 495, 447, 12, 213, 306, 342, 45, 203, 43, 84, 133, 246, 18, 53, 189, 25, 112, 473, 267) were not individually selected as central claims because they function as supporting background citations for broader structural/mechanistic statements rather than being independently central, externally verifiable propositions; only the five most mechanism-critical, feasibility-critical claims were selected per the sampling instructions. The mapping of 'Scientist A [ID: X]' vs 'Scientist B [ID: X]' to Pool A vs Pool B was inferred from the supplied evidence pool labels rather than fully independently verified beyond what the packet provides, but this inference is consistent throughout the packet and the candidate text itself uses distinct labels."
8,1,ses,dual_pool_component_control,case_08__rep_01,Candidate C,3,2,5,no,uncertain,"The candidate cites a large number of identifiers, and most resolve to plausible, topically related records (PBA-to-sulfide conversion routes, rGO hydrothermal processing, holey graphene, freeze-dried aerogels, and annealing effects on Na-ion capacity). The single most rigorously supported central claim (C5, on annealing degrading Na-ion capacity above 500°C) maps cleanly to a directly relevant abstract. However, several other central claims rely on cross-domain analogizing: PBA-to-sulfide conversion evidence is drawn from electrocatalysis/pseudocapacitor studies rather than Na-ion battery studies, and 'benefit to Na-ion diffusion' or 'resistance to pulverization' are inferred extensions of the underlying abstracts rather than directly stated conclusions. The rGO-nanocube coupling claim also draws on a mix of directly relevant (MnS/RGO Na-ion, ID 468) and only tangentially relevant (Fe2O3/RGO Li-ion, ID 25) sources without clearly distinguishing the diminished specificity of the latter. Traceability is undermined by two structural issues: (1) ID 125 appears in both evidence pool A (an unrelated thesis on polyelectrolyte nanocomposites, C-R13a) and pool B (a paper on tailoring oxygen content of rGO, C-R13b); the candidate cites 'Scientist A [ID: 125]' once and 'Scientist B [ID: 125]' once, and while the text nominally attributes each token to a specific scientist/pool, the pool-A record (C-R13a) is about polyelectrolyte multilayers and drug delivery, not about PBA-derived sulfides or particle-level wiring, so the citation for 'the particle-level wiring Scientist A describes' does not appear to be substantively supported by the actual pool-A abstract content, raising concern that the ID/context pairing may not correspond to real, on-topic evidence. (2) ID 72 (C-R11) is an anomalous record: its title and DOI are mismatched (a Russian-language compiler-optimization paper title paired with a water-splitting abstract identical to ID 15's), suggesting either a fabricated/corrupted record or a bibliographic error; this materially weakens confidence in that specific citation without clear resolution. Given these ambiguities affecting multiple non-trivial claims (C2, C3, and the ID 125 usage), citation traceability is capped at a low-to-mid score, and evidence support reflects that most claims are only partially supported by adjacent-but-not-identical evidence rather than direct confirmation.","Two areas of residual uncertainty: (1) ID 72 (C-R11) presents a title/DOI mismatch (unrelated Russian-language paper title vs. water-splitting abstract duplicated from ID 15), which may indicate a corrupted, mislabeled, or effectively duplicate/fabricated evidence record; I could not resolve whether this reflects a genuine but mistitled source or an erroneous entry, so I did not treat it as definitively fabricated. (2) ID 125 is ambiguous across pools A and B (polyelectrolyte nanocomposite thesis vs. oxygen-content tailoring paper); although the candidate text nominally disambiguates by scientist attribution, the pool-A content does not clearly support the specific 'particle-level wiring' claim attributed to it, so I flagged this as an uncertain traceability issue rather than a clear-cut fabrication. Neither issue was severe enough on its own to be called a clearly fabricated identifier, hence 'uncertain' rather than 'yes' for that flag."
8,2,ds,generated,case_08__rep_02,Candidate A,3,4,5,no,no,"The candidate cites two clearly separated evidence pools (A for Scientist A's PBA-template claims, B for Scientist B's one-pot claims), and the surrounding text consistently attributes each numeric ID to the correct scientist/pool, resolving the ambiguity that would otherwise arise from shared numeric tokens across pools. Central claims about PBA-to-sulfide conversion (nanoframes, porous CoS2) are well supported by directly relevant abstracts, though these source studies are electrocatalysis-focused rather than SIB-specific, which is a minor omission not fully acknowledged in the text. Central claims about one-pot hydrothermal sulfide/rGO composites achieving strong SIB anode performance are strongly and specifically supported by three closely matching abstracts. The claims about in-situ growth achieving PBA-template-like benefits (hollow structures, restacking prevention) are only partially supported since the single cited abstract (A-R08) does not explicitly discuss restacking prevention, representing a moderate but non-fatal overreach.","No claim was found to be unsupported, contradicted, or based on invalid identifiers; all cited IDs map to real, distinct records in the appropriately labeled pool. The main residual uncertainty is around the compound assertions in claims C4/C5, where the cited abstract only partially covers the full set of asserted mechanistic benefits (hollow structure formation is supported, restacking prevention is not explicitly evidenced)."
8,2,mpds,generated,case_08__rep_02,Candidate C,0,0,1,no,no,placeholder,placeholder
8,2,sair,dual_pool_component_control,case_08__rep_02,Candidate D,3,3,5,no,uncertain,"Candidate D presents a detailed multi-step synthesis strategy (3D graphene hydrogel scaffold, in situ solvothermal sulfidation, freeze-drying to aerogel) supported by an extensive citation list. Most citations are relevant and thematically appropriate (sulfide/rGO composites for SIBs, 3D graphene hydrogel/aerogel fabrication methods, PBA-to-sulfide anion exchange chemistry), giving reasonable traceability. However, upon close reading, many cited abstracts support only the general concept invoked in the surrounding text (e.g., restacking, 3D architecture benefits, sulfide/rGO composites) rather than the precise combined claim being made (e.g., benefits specifically for PBA-derived hollow sulfide nanocubes in an Na-ion system with in situ solvothermal one-pot conversion within a hydrogel). Several citations (e.g., D-R09/[ID:15], D-R14/[ID:113], D-R19–D-R21, D-R16, D-R17, D-R24) refer to loosely analogous but distinct systems (Li-ion, EMI shielding, Li-S, water splitting) that are cited to support general architectural principles rather than being direct evidence for the sodium-ion-specific claims. No claim is directly contradicted, and no identifiers appear clearly fabricated, though it is uncertain whether the [ID: 15] citation truly maps well to the cobalt sulfide/PBA templating claim, since it concerns CoS2 water-splitting catalysts made via gaseous sulfurization annealing rather than solution-based anion exchange forming hollow nanocubes, creating some ambiguity in claim-evidence alignment.","Ambiguity exists in mapping several general architecture-supporting citations (D-R16, D-R17, D-R19–D-R24) to the specific PBA-derived sulfide/rGO Na-ion system central to the candidate's mechanism; these citations support adjacent but not identical propositions. The duplicate paper appearing as both D-R08/[ID:1] and D-R12/[ID:2] (same study, different language versions) is used to support multiple distinct sub-claims (template synthesis, anion-exchange sulfidation, morphological control) that go beyond what a single study on Ni-Co PBA-to-NiS nanoframe conversion actually reports, particularly regarding Na-ion battery performance, which that paper does not test. D-R09/[ID:15] describes a different fabrication route (gaseous sulfurization, not solution anion exchange) and a different application (water splitting), raising doubt about whether it appropriately supports the PBA-templating claim it is cited alongside. No citation identifiers appear invalid or absent from the supplied records, but the practice of citing broadly analogous studies from adjacent subfields (Li-ion, EMI-shielding, water-splitting) as support for Na-ion-specific mechanistic claims introduces meaningful interpretive uncertainty about the true strength of evidentiary support."
8,2,ses,dual_pool_component_control,case_08__rep_02,Candidate B,3,3,5,no,no,"Candidate B cites a substantial evidence base with valid, resolvable records for nearly all central claims, and most tokens are clearly attributable to pool B (or pool A for Scientist A citations) given the surrounding text labeling each citation by scientist. The core claims about gaseous sulfurization producing porous CoS2 (C1), the temperature-dependent Na-ion capacity penalty above 500C (C2), 3D porous architectures aiding ion transport (C3), in-situ solvothermal growth for sodium sulfide/rGO composites (C4), and polydopamine-mediated adhesion (C5) are all traceable to specific supplied records. However, several of these records support only analogous or partial propositions rather than the exact claim as stated: the CoS2 sulfidation evidence is from a water-splitting catalyst study on discrete nanoparticles, not hollow-cube-in-aerogel morphology preservation; the 3D-network transport evidence comes from MXene/Li-ion or carbon-sphere/supercapacitor systems rather than the specific PBA-sulfide/Na-ion system; and one polydopamine reference is from an unrelated sensing application. These represent legitimate but imperfect extrapolations rather than direct contradictions, so no central claim is scored as unsupported or contradicted, but the analogical stretching limits the evidence-support score to a middle value. Citation traceability is generally clear because the text explicitly labels citations by scientist and pool, resolving most ambiguity, though the degree of relevance/specificity mismatch for several claims (C1, C3, C5) still constitutes material gaps.","No fabricated or clearly invalid identifiers were found; all cited IDs map to supplied records with pool labels matching the candidate's own attribution to 'Scientist A' or 'Scientist B', reducing ambiguity for dual-pool numeric collisions since the text explicitly disambiguates them by scientist. The main uncertainty is judgment-based: whether analogous evidence from different material systems (e.g., MXene-rGO, Si-rGO, water-splitting CoS2) should be treated as 'partially_supported' versus 'supported' for claims about mechanisms in the specific PBA-sulfide/rGO Na-ion system; I treated cross-system analogies as partial support rather than full support or unsupported, given they support the underlying physical/chemical principle but not the exact system-specific proposition."
8,3,ds,generated,case_08__rep_03,Candidate E,3,3,5,no,uncertain,"The candidate's central claims are largely mechanistic syntheses of two competing strategies (pre-formed morphology-focused vs. in-situ interface-focused) as reported by two hypothetical scientists, then reconciled into a hybrid recommendation. Most cited claims map to evidence records that plausibly support the general scientific propositions (PBA-to-sulfide conversion producing porous/hollow structures; one-pot sulfide/rGO synthesis yielding good SIB performance; in-situ hollow structure formation without templating). However, one citation (ID:173, E-R06) is about CeO2 nanoparticles on RGO for hydrazine electrooxidation, entirely unrelated to sodium-ion sulfide anodes, suggesting either a mismatched attribution or an erroneous/fabricated pairing with the claim it is meant to support. This weakens the traceability and partial support for C3. Additionally, no candidate claim is directly about the specific hybrid 'PBA@GO anchored template conversion' novel proposal itself (which is unverifiable, as it is the candidate's own synthesized recommendation, not a claim attributable to an existing abstract), but this was reasonably excluded from central-claim selection since it is not an externally verifiable prior finding.","E-R06 (ID:173) is thematically unrelated to the sodium-ion/sulfide/rGO composite topic, raising the question of whether this is a genuine but poorly chosen citation or a case of an incorrect/fabricated identifier substituted for a more relevant source; flagged as uncertain rather than definitively fabricated since a valid record was in fact supplied for the token. The hybrid 'Anchored Template Conversion' strategy proposed by the Director is the candidate's own synthesis and not treated as a separately cited central claim requiring evidence, per module guidance not to select claims that are the candidate's own recommendations rather than externally verifiable propositions from cited literature. C2's application domain (electrocatalysis vs. sodium battery) is noted as an adjacency but was still deemed 'supported' for the narrower, explicitly stated technical proposition about pore formation via sulfurization, not the broader battery-performance implication."
8,3,mpds,generated,case_08__rep_03,Candidate B,2,3,5,no,no,"The candidate's memo synthesizes two proposed synthesis strategies and lands on a hybrid protocol, citing seven distinct evidence records across two labeled pools. All cited numeric IDs correspond to supplied records without ambiguity, since each ID is either uniquely present in one pool or its pool is explicitly given as A or B in the packet. The most decisive scientific claim in the memo -- that Na-ion capacity in rGO plummets above 500°C annealing -- is directly and specifically supported by B-R05, and this is used correctly as the pivotal rationale for the final protocol choice (avoiding high-temperature routes). The claim about hollow chalcogenide confinement benefiting energy storage is also well supported by a directly relevant review (B-R02). However, several other claims are only partially supported: the PBA-to-sulfide gaseous sulfurization templating claim is evidenced by a cobalt sulfide/water-splitting paper rather than a sodium-ion battery paper, and the functional-group-mediated chemical anchoring claim for the sulfide-rGO interface is supported only indirectly by papers on GO dispersibility and supercapacitor pseudocapacitance, not particle-scaffold bonding. The hydrothermal scaffold claims are supported by two papers that address structural evolution and restacking inhibition of rGO but not specifically via hydrothermal self-assembly or its effect on Na-ion capacity. Overall citation-to-claim mapping is mostly traceable and unambiguous (no pool conflicts), but the depth of match between many citations and the precise claims made is limited, with adjacent or partial evidentiary support rather than direct confirmation for several central mechanistic assertions.","No flags of fabricated/invalid identifiers were raised since each cited ID maps cleanly to a supplied record in the stated pool with no dual-pool ambiguity noted in the packet. The consequential-claim flag was set to 'no' because the single most consequential and decisively-used claim (Na capacity decline above 500°C) is well supported by its cited record; the other claims, while only partially supported, are used as background/context rather than sole load-bearing justifications for the final protocol, so no single unsupported/contradicted claim appears consequential enough to flag as 'yes' or 'uncertain'."
8,3,sair,dual_pool_component_control,case_08__rep_03,Candidate C,2,2,5,yes,yes,"Candidate C presents a coherent, well-structured mechanistic narrative for integrating PBA-derived hollow sulfide nanocubes with rGO via spray pyrolysis and controlled gaseous sulfidation. However, the evidentiary support is generally weak relative to the specificity of the claims. Most cited abstracts are from adjacent but distinct systems: lithium-ion anodes (Si, FeS, Fe2O3), supercapacitor electrodes (Ni(OH)2-MnO2-RGO, LDH/CNT/GNS, mesoporous carbon spheres), or generic GO reduction chemistry, rather than direct verification of the specific PBA-derived hollow sulfide/rGO Na-ion architecture and its unique porosity-preservation and volume-buffering mechanisms. Only C-R09 (ID 15) offers strong direct support for PBA-to-porous-sulfide conversion via gaseous sulfurization, and even that is in a water-splitting electrocatalysis context, not a battery-anode context. Critically, C-R12 (ID 72, pool A) is a corrupted/mismatched record: its title is unrelated (in Russian, concerning compiler optimization) while its abstract and DOI duplicate C-R09, making this an invalid or fabricated-appearing citation identifier that the candidate cites as if it were a separate, valid supporting reference for the PBA-sulfidation claim. This is a material problem because the candidate relies on this ID alongside C-R09 to bolster the same central mechanistic claim (C2), inflating apparent evidentiary weight. Additionally, several central mechanistic claims about the synergy between in-situ-grown sulfide spacers and preserved Na-ion transport (C3, C4) are extrapolated substantially beyond what any single cited abstract demonstrates, and many supporting citations are for lithium-ion or supercapacitor systems rather than sodium-ion sulfide/rGO systems, which is a consequential overreach given that ion-transport performance is central to the task's objective.","For claim C2, the ambiguous/invalid nature of C-R12 (mismatched title/abstract but valid-looking DOI/OpenAlex ID) creates genuine ambiguity about whether this was an intentional restatement of C-R09 or a data error; I treated it as an invalid citation which affects traceability but did not assume deliberate fabrication by the candidate. For several claims, evidence exists for structurally analogous systems (Si/rGO, metal oxide/rGO, supercapacitor spacers) that are scientifically relevant by analogy but do not directly verify the sodium-ion sulfide-specific propositions; I classified these as partially_supported rather than unsupported where the analogy was reasonably strong, and unsupported only where the mismatch between cited system and specific mechanistic claim was substantial (C4)."
8,3,ses,dual_pool_component_control,case_08__rep_03,Candidate A,2,2,5,yes,no,"The candidate memo synthesizes two hypothetical scientist proposals into a research framework, citing a large number of numeric IDs, most of which map cleanly to supplied abstracts. Traceability is reasonably clear because each cited ID is annotated with a scientist attribution and pool letter is discernible from the supplied records (all showing pool A or B alongside the token), reducing raw ambiguity. However, evidentiary support for the central mechanistic claims is weak: many key claims are supported only by analogy from unrelated materials systems (photocatalysis, supercapacitors, Li-ion anodes with oxides, sensors) rather than the specific PBA-derived sulfide/rGO Na-ion system in question. The single most specific and directly relevant piece of evidence (A-R23, gaseous sulfurization of Co-PBA) is from a water-splitting electrocatalysis context, not a battery anode context, weakening its direct support for the recommended synthesis route's stated benefit for Na-ion transport. The nitrogen-doping claim (C5) is essentially unsupported, since the cited sources concern a different active material and a different storage mechanism. The rGO-restacking/pore-blockage mechanism (C2), which is central to the transport bottleneck diagnosis, is also not well supported by directly cited abstracts (one is irrelevant, the other actually suggests good ion access can be achieved with proper rGO incorporation). Given these gaps in several claims essential to the mechanism and expected performance, evidence support and traceability are both moderate-to-low.","For several citations (e.g., ID 42, ID 125, ID 15, ID 72), the pool letter was given explicitly in the supplied evidence table, removing raw ambiguity about which record was intended; therefore no fabricated/invalid identifier flag was raised. However, the scientific relevance of several cited abstracts to the specific PBA-derived sulfide/rGO Na-ion system is uncertain because most evidence comes from analogous but distinct material systems (Li-ion oxide anodes, supercapacitors, photocatalysis, gas sensors). This creates ambiguity in judging 'supported' vs 'partially_supported' for several claims; where the mechanism was described but not for the same active material or ion, we treated it as partially_supported or unsupported. The flag for a consequential unsupported/contradicted claim is set to 'yes' because the pore-blockage/restacking mechanism (C2) and nitrogen-doping benefit (C5) are both central to the proposed synthesis strategy and are not adequately supported by the cited records."
15,1,ds,legacy_replicate_1,case_15__rep_01,Candidate D,1,1,5,yes,yes,"The candidate's answer is a synthesis of a debate rather than an original evidentiary argument, but it still makes several central, externally verifiable claims about architecture (MOF/PAN electrospinning), confinement mechanism (C-Se covalent bonding, N-doping chemisorption), and material comparison (MXene efficacy, absence of MXene in Se literature) that are essential to the proposed strategy's feasibility and mechanism. Of the five sampled central claims, none are cleanly supported by the specific cited records available in this packet: several citations point to abstracts on unrelated systems (Li-O2, Li-S with ketjen black or hollow carbon bowls, ORR catalysis, hydrogen storage, shale gas), one numeric ID is inherently ambiguous across two very different evidence pools without textual disambiguation, and one citation ('[ID: 1-500]') is not a resolvable, discrete identifier at all, effectively functioning as an unfalsifiable appeal to an entire uncited corpus. Only D-R07a, if it is the intended target of ID:15, would provide strong direct support for the N-doped MOF-derived carbon confinement claim, but the ambiguity prevents crediting this under the module's rules against guessing. Overall, evidence support and traceability are low because most cited abstracts do not substantiate the specific mechanistic or architectural claims for which they are cited.","Flag 'consequential_unsupported_or_contradicted_claim' is set to yes because the core architectural (C2) and confinement-mechanism (C3) claims underpinning the recommended strategy are not supported by their cited evidence, and these claims are consequential to the proposal's feasibility. Flag 'fabricated_or_invalid_citation_identifier' is set to yes because '[ID: 1-500]' is not a valid discrete identifier and cannot be resolved to a specific abstract; it functions as a blanket, unverifiable reference to an entire dataset. The ambiguity of ID:15 (appearing in both pool A as a highly relevant Li-Se MOF-derived carbon paper and pool B as an unrelated Li-S TiC paper) was treated as unverifiable per the module's rule against guessing when a bare numeric ID could belong to either pool without textual disambiguation."
15,1,mpds,legacy_replicate_1,case_15__rep_01,Candidate A,3,2,5,no,uncertain,"The candidate memo synthesizes two argument threads (all-carbon vs. hybrid catalytic host) and selects the all-carbon approach as primary. Central claims about all-carbon Li-Se performance (cycle life, loading, N-doping benefits) are generally well supported by the Li-Se-specific abstracts provided (A-R01 through A-R07, A-R05a). However, the memo's honest acknowledgment that Scientist B's hybrid catalytic mechanism is extrapolated from Li-S literature is corroborated by the evidence: all cited Scientist B records (A-R08 through A-R13, A-R05b) are drawn from Li-S rather than Li-Se studies, so those claims about polyselenide catalysis are only indirectly relevant to the Li-Se system and are appropriately treated as unsupported for the actual selenium system, not misrepresented as being selenium-specific. The reasoning trail is generally traceable, and the recommendation logic (favoring proven Li-Se data over speculative Li-S analogy) is consistent with the evidence records supplied.","ID 15 appears in both pool A (MOF-derived N-doped carbon, Li-Se) and pool B (TiC polar mediator, Li-S), used by Scientist A and Scistist B respectively for different purposes; the surrounding context in each case (N-doping discussion vs. catalytic mediator discussion) makes attribution reasonably clear, but strictly a bare numeric ID 15 is ambiguous without pool markers, which lowers traceability confidence. This dual-use of the same numeric ID across two unrelated evidence pools is the primary source of the 'uncertain' fabricated/invalid identifier flag, since it is unclear whether the numbering scheme was intentionally reused or is a labeling inconsistency in the underlying evidence set rather than the candidate's citation error."
15,1,sair,dual_pool_component_control,case_15__rep_01,Candidate B,3,2,5,no,uncertain,"Candidate B assembles a coherent, mechanistically plausible strategy for Li-Se cathodes and grounds many of its central claims (bimodal micro/mesoporosity, Se confinement in sub-nm ZIF-derived pores, N-doping benefits, achievable Se loading) in genuinely Se-specific literature (e.g., B-R07/ID15, B-R01/ID9, B-R04/ID4, B-R09/ID12, B-R13/ID41, B-R23/ID31, B-R21/ID24). This gives reasonable direct support for several claims. However, a substantial fraction of citations supporting the chemical-anchoring and process-control arguments are drawn from the Li-S (sulfur) or unrelated (ORR catalyst, spinel oxide anode) literature rather than Li-Se systems, which are only analogically relevant and not directly verifying claims about polyselenide-specific chemistry or Se-carbon fiber fabrication (e.g., B-R15/ID23, B-R16/ID37, B-R17/ID11, B-R18/ID96, B-R20/ID450, B-R05b/ID26, B-R24/ID49, B-R06/ID111, B-R08/ID17, B-R14/ID199). Additionally, several numeric IDs (e.g., 26, 38, 15, 17) appear in both pool A and pool B evidence sets cited elsewhere in the packet, and the candidate text does not always clearly disambiguate which pool is intended for a given inline citation, creating some ambiguity in mapping specific claims to the correct record. This lowers citation traceability, though the overall claim set is not scientifically contradicted and the core mechanistic narrative remains broadly consistent with the supplied evidence, warranting a moderate evidence-support score and a low-to-moderate traceability score given the mixed on-topic/off-topic and pool-ambiguous citations.","The 'fabricated_or_invalid_citation_identifier' flag is set to uncertain rather than yes/no because while all cited IDs resolve to real records, several tokens (e.g., ID 26, ID 38, ID 17, ID 15) exist in both pool A and pool B evidence lists elsewhere in this packet, and the candidate text does not explicitly state which pool it intends for every citation, so exact attribution for some claims is ambiguous rather than clearly resolvable or clearly fabricated. No claim was judged outright contradicted, so the consequential-contradiction flag is 'no', but note several supporting citations are only analogically relevant (sulfur-system or unrelated MOF-oxide papers) rather than directly on-topic for selenium chemistry, which affects confidence in claims C3, C4, and part of C5."
15,1,ses,dual_pool_component_control,case_15__rep_01,Candidate D,3,2,5,no,uncertain,"The candidate's central technical claims are largely traceable to real, topically relevant records once the candidate's own 'Scientist A' / 'Scientist B' labeling is used to disambiguate numeric IDs that appear in both evidence pools (e.g., ID 9, ID 15). Where the candidate attributes an ID to a specific scientist, that attribution generally resolves ambiguity for this audit's central claims (C1, C2). However, several supporting claims rely on Li-S literature (pool B, e.g., D-R04, D-R05, D-R25/26/24 for doping strategies) that the candidate explicitly frames as unproven inferences transferable to Li-Se -- a transparent and scientifically honest move, but it means several claims are only partially supported by the literal cited abstracts rather than directly proven for selenium. The ZIF+electrospinning fabrication route (C3) is supported only by an ORR catalyst paper and an unrelated Cu-S nanofiber paper, not a direct precedent for Se-loaded ZIF-derived carbon nanofibers, leaving a material gap in citation-to-claim mapping. Overall, evidence directly on-point exists for the strongest mechanistic claims (chemical bonding via vacuum heat treatment, MOF-derived N-doped micropore confinement), but traceability suffers from widespread ambiguous numeric IDs shared across pools A and B and from some claims resting on cross-chemistry (S to Se) inference flagged by the candidate itself.","Numeric ID ambiguity is pervasive (IDs 9, 15, 4, 11, 38, 86 all appear in both pools A and B in the supplied records). The candidate's own 'Scientist A'/'Scientist B' tagging next to each ID largely permits resolution for the claims I selected, but this relies on trusting that tagging rather than independent verification, hence citation_traceability is capped rather than rated higher. I marked fabricated_or_invalid_citation_identifier as 'uncertain' because while every cited numeric ID does correspond to a supplied record, the dual-pool ambiguity means some bare-looking mappings could be considered borderline invalid attributions if the surrounding text were less explicit than it is."
15,2,ds,generated,case_15__rep_02,Candidate C,0,0,5,uncertain,uncertain,"The candidate text cites numerous bracketed identifiers (e.g., 'Scientist A ID: 15', 'Scientist B ID: 40') attributed to two distinct debate participants, but the packet explicitly states that no bracketed evidence identifiers were present and no abstract records are supplied. This creates a total disconnect between the claims made (which are central to the mechanism comparison between all-carbon confinement and polar-mediator hybrid hosts) and any verifiable evidence base. Every central claim I selected is central to feasibility/mechanism (physical/chemical confinement, catalytic kinetics, comparative anchoring strength) but none can be checked against a supplied record, yielding uniform 'unverifiable' status. Because no evidence is usable at all, evidence_support and citation_traceability are scored at the floor (0).","The instructions state 'no abstract records were supplied' for this candidate, which is unusual given the dense in-text identifiers. It is unclear whether this reflects a packet-construction artifact or an intentional test of unverifiable-heavy citation practice. I have treated all cited claims as unverifiable rather than assuming fabrication, per module guidance not to guess or treat unverifiable as proof of falsity. The 'fabricated_or_invalid_citation_identifier' flag is marked uncertain because I cannot confirm whether the IDs correspond to any real records in a pool I simply wasn't shown, or whether they are unresolvable/invalid identifiers; the packet gives no evidence pool to check against. Similarly 'consequential_unsupported_or_contradicted_claim' is uncertain because the central mechanistic claims (physical/chemical confinement, catalytic effects) are consequential to the proposal's validity, but I cannot confirm they are unsupported by external science generally, only that they are unverifiable given the supplied evidence set."
15,2,mpds,generated,case_15__rep_02,Candidate E,2,2,5,no,uncertain,"The candidate builds its central recommendation on two evidentiary pillars: (1) MOF-derived N-doped carbon sponges as a proven Li-Se host, well supported directly by E-R03a (ID 15, pool A); and (2) TiC as a conductive polar catalytic mediator, well supported by Li-S evidence in E-R03b/E-R06 (both titled 'Enhanced Electrochemical Kinetics on Conductive Polar Mediators', pool B, ID 45 unambiguous, but also cited via the ambiguous ID 15). The reuse of the numeric identifier '15' for two entirely different records in different evidence pools (a Li-Se MOF-carbon paper in pool A and a Li-S TiC mediator paper in pool B) creates unresolved ambiguity every time ID 15 is invoked for Scientist B's claims, even though authorial attribution (Scientist A vs B) provides some soft disambiguation. This is a structural, non-trivial ambiguity affecting a central claim (TiC catalysis), reducing traceability. Additional claims about N,S co-doped carbon (ID 23) and MnO2-analogous redox mediation (ID 72) are supported only for Li-S systems, not Li-Se, so extrapolation to selenium chemistry remains scientifically plausible but evidentially unverified for the target system. No claim is contradicted by the supplied abstracts, and all cited numeric tokens do resolve to real, relevant records in at least one pool, so citations are not fabricated, but the recurring ID-15 ambiguity is a legitimate concern for the invalid-identifier flag.","Primary uncertainty concerns the dual use of token [ID: 15] across pools A and B for different underlying records; the candidate's authorial framing (Scientist A/B) offers partial disambiguation but is not a clean pool identifier per the stated ambiguity rule, so claims C2 and C3/C5 relying on ID 15 alone are affected. E-R03b and E-R06 appear to be near-duplicate publications (German vs. English DOI) of the same TiC mediator study, which does not affect scientific content but is worth noting for identifier hygiene. The extrapolation of Li-S mediator/catalysis findings to Li-Se systems is explicitly flagged by the candidate itself as an unproven hypothesis, which is scientifically honest but leaves those central claims unverifiable for the actual target chemistry."
15,2,sair,dual_pool_component_control,case_15__rep_02,Candidate A,2,1,5,yes,yes,"The candidate presents a generally coherent multi-mechanism strategy (hierarchical pore confinement, N-doping, 3D nanofiber network) for Se hosting, and several central claims about micropore confinement altering the Se/Li2Se reaction pathway and bimodal porosity aiding rate performance are well supported by directly relevant Se-specific evidence records (e.g., A-R01, A-R02a, A-R06, A-R05a, A-R09, A-R13, A-R14, A-R04, A-R17). However, the citation scheme heavily relies on ambiguous numeric IDs shared across pool A (mostly Se-focused, directly relevant) and pool B (mostly sulfur-focused or entirely unrelated to batteries), and the candidate's own 'Scientist A' / 'Scientist B' labels do not reliably disambiguate which pool's abstract is intended, especially since some pool-B citations (e.g., [ID:11], [ID:3], [ID:23], [ID:96], [ID:38] under Scientist B) point to sulfur-system papers being used to support selenium-specific mechanistic claims. Most critically, the citation for nitrogen dopant electrochemical stability ([ID:230]) maps only to an arsenic-water-treatment review, which is entirely unrelated and does not support the claim -- this is a clear evidentiary failure on a claim relevant to long-term cycling stability. The fabrication-route claim about Zn evaporation during pyrolysis cites a fuel-cell catalyst paper (relevant only to the general electrospinning/ZIF technique) and an unrelated spinel-oxide anode paper, neither of which supports the specific carbonization/Zn-removal mechanism for Se hosting. Overall, while some central claims have solid direct support, the pattern of pool ambiguity, sulfur-for-selenium substitution without acknowledgment, and one clearly irrelevant citation for a mechanistically important stability claim substantially undermine both evidence support and citation traceability.","For claims involving numeric IDs cited under both 'Scientist A' and 'Scientist B' labels (e.g., ID:38, ID:11, ID:3, ID:15 vs ID:23/96/230), I attempted to map based on the candidate's own attribution label matched to the pool label in the evidence records, but this introduces uncertainty since the candidate's internal scientist-labeling convention is not itself validated against the actual pool origin beyond the supplied records. Where a token was cited under 'Scientist B' and only a pool-B record was supplied, I treated that as the intended record; multiple such pool-B records turned out to be for sulfur systems, which are the closest available analogs but not directly on selenium, hence partially_supported rather than unsupported in several cases. The ID:230 mapping to an arsenic-removal review is unambiguous (only one record supplied) and clearly does not support the nitrogen-dopant-stability claim, which I judged as contradicted/invalid rather than merely unverifiable, since a specific abstract was supplied and directly reviewed as failing to support the claim on any level."
15,2,ses,dual_pool_component_control,case_15__rep_02,Candidate C,3,2,5,no,uncertain,"The candidate memo synthesizes two hypothetical sub-proposals (Scientist A and Scientist B) and cites a large number of bracketed numeric IDs. Core mechanistic claims regarding MOF-derived N-doped hierarchical porous carbon hosts for Se, melt-diffusion loading, and micro/mesopore functional division are well supported by dedicated Li-Se studies (pool A records, e.g., C-R08, C-R09, C-R02a, C-R12a, C-R25). However, many supporting claims -- especially those attributed to 'Scientist B' -- rely heavily on Li-S (sulfur) literature analogized to selenium chemistry (e.g., N-doped carbon adsorption of polysulfides, graphene reinforcement in Li-S cathodes), which the candidate appropriately flags as an inferred analogy in one place but not consistently elsewhere. A significant traceability problem arises because several numeric IDs (4, 38, 48, 9, 86) are ambiguous, existing in both evidence pool A and pool B; while the candidate's explicit 'Scientist A' / 'Scientist B' labels partially resolve pool attribution in most cases, the underlying task instructions state that bare '[ID: n]' tokens are only resolvable if the surrounding text unambiguously identifies the pool -- the Scientist A/B framing is a candidate-internal convention rather than an evidence-pool identifier per se, introducing residual ambiguity for a careful auditor. This impacts confidence in several central claims (C3, C4) where cross-pool ambiguity could not be fully resolved without guessing pool intent. No claim is directly contradicted by the supplied abstracts, and the core Se-specific claims are well grounded, but the pervasive sulfur-to-selenium analogical reasoning and partial ambiguity in numeric ID mapping limit both evidence support and citation traceability scores to the middle range.","Ambiguity centers on numeric IDs appearing in both evidence pools (4, 9, 38, 48, 86), where the candidate's 'Scientist A' or 'Scientist B' attribution is used as a disambiguation cue but this is not the same as an explicit evidence-pool identification within the cited text itself, per the module's strict guidance not to guess. Additionally, several claims explicitly extend sulfur-system mechanistic findings to selenium by analogy; while such analogical reasoning is common and defensible in the field, it is not the same as direct empirical support for the selenium system, and I have scored such claims as partially_supported rather than supported or contradicted."
15,3,ds,generated,case_15__rep_03,Candidate B,2,2,5,no,uncertain,"Candidate B's memo synthesizes two debate positions and recommends a phased research strategy. The claims attributed to 'Scientist A' regarding N-doped carbon micropore confinement, Se-C chemical bonding, and mesopore-enabled transport are well supported by directly relevant Li-Se abstracts (B-R01 through B-R08). However, the claims attributed to 'Scientist B' regarding conductive polar mediators (TiC, MXene, SnS2, TiO) rely entirely on Li-S battery literature, not Li-Se systems, which the candidate's own text acknowledges is an extrapolation Scientist A criticizes as unproven. This makes the mediator-related claims only partially supported rather than fully supported, since the cited abstracts pertain to a different (though related) chemistry. Additionally, the numeral 'ID: 15' is used ambiguously across two different evidence pools (A: MOF-derived N-doped carbon sponge; B: conductive polar mediators paper) in different parts of the text without explicit pool labeling in the citation, creating a genuine traceability ambiguity for a repeated identifier, though context makes the intended pool reasonably inferable in most instances. No claim is directly contradicted by its cited evidence, and no identifier is clearly fabricated (all cited IDs resolve to legitimate supplied records), but the recurring ambiguity of ID 15 and the cross-chemistry extrapolation for the mediator claims justify a citation traceability score of 2 and evidence support score of 2.","The main uncertainty concerns whether the repeated use of numeral 15 across two different evidence pools (A and B) in different contextual sentences constitutes a fabrication/traceability problem or is adequately disambiguated by surrounding text attributing it to 'Scientist A' vs 'Scientist B' framing. I treated this as an 'uncertain' fabrication flag rather than 'yes' because the candidate's own narrative structure (attributing citations to Scientist A vs B) provides some contextual disambiguation, but the rubric's instruction that a bare numeral shared across pools is ambiguous unless the text itself identifies the intended pool means this cannot be fully resolved with confidence. I did not mark a consequential unsupported/contradicted claim as 'yes' because no central claim is directly contradicted; the Li-S-to-Li-Se extrapolation issue is a partial-support/overreach problem rather than outright contradiction, and the candidate text itself flags this uncertainty by including Scientist A's critique of Scientist B's approach."
15,3,mpds,generated,case_15__rep_03,Candidate D,0,0,5,uncertain,yes,"The candidate packet explicitly states that no bracketed evidence identifiers or abstract records were supplied for audit, despite the candidate text containing numerous bracketed citation-style references (e.g., [Scientist A, ID: 39, 47], [Scientist B, ID: 21]). Since no evidence records exist in this packet to check against, every central claim selected is unverifiable by definition of the rubric, since there is no usable, uniquely attributable abstract for any cited identifier. This is not a judgment that the underlying science is false, but that traceability and evidentiary support cannot be established given the materials provided. All five central claims essential to the mechanism (C-Se covalent bonding, TiC catalytic hybrid host, Li-S vs Li-Se analogy limitations, bimodal pore transport rationale, and MOF-carbon web confinement) are drawn directly from bracketed identifiers that have no corresponding abstract text supplied, rendering the citation apparatus non-functional for audit purposes even though the identifiers themselves appear structurally consistent with a citation scheme used elsewhere in the case series.","Because the packet states no abstract records are supplied, it is impossible to distinguish between (a) valid but omitted evidence, (b) fabricated/invalid identifiers, or (c) an intentional design of this particular blinded sub-packet. The 'fabricated_or_invalid_citation_identifier' flag is marked 'yes' cautiously because every cited identifier lacks any resolvable backing record in this packet, which is functionally equivalent to citing non-existent evidence for audit purposes, though this may reflect a packet-construction artifact rather than candidate fabrication. The 'consequential_unsupported_or_contradicted_claim' flag is marked 'uncertain' because while no claim can be verified as supported, none is directly contradicted either -- the absence of evidence prevents a definitive determination of scientific consequence versus mere unverifiability."
15,3,sair,dual_pool_component_control,case_15__rep_03,Candidate D,3,2,5,no,uncertain,"Candidate D grounds its central mechanistic and synthesis claims in a substantial set of directly relevant selenium-carbon literature (e.g., D-R01, D-R03, D-R04, D-R16, D-R17, D-R18, D-R19, D-R11, D-R10), which is a genuine strength, particularly for the melt-diffusion and Se-loading claims (C4, largely C5). However, several supporting citations for chemical-anchoring and mesopore-transport claims (C2, C3) are drawn from Li-S rather than Li-Se literature, requiring an unstated cross-chemistry extrapolation that is scientifically plausible but not directly verified by the cited abstracts. Additionally, the numeric ID 38 is genuinely ambiguous, since two abstract records (D-R02a in pool A, directly on point, and D-R02b in pool B, an unrelated Li-S ZIF paper) are both supplied for that token; the candidate text does not explicitly disambiguate which pool is intended, though contextual content (discussion of Li2Se conversion pathways) aligns with the pool-A record. Two other cited IDs are clearly mismatched or irrelevant to their claims: ID 230 (cited for graphitic vs pyridinic/pyrrolic N-doping trade-offs with carbonization temperature) maps only to an arsenic-water-remediation paper (D-R15), which is entirely unrelated and does not support the claim at all; and ID 221 (cited for EIS validation of electrode kinetic stability) maps to a paper on SEI growth in ZnFe2O4 anodes via XAS, which is only tangentially related to using EIS as a diagnostic and does not specifically validate the claim. These clear identifier-to-content mismatches were not selected as one of the five central claims above (since they support secondary experimental-design details rather than core mechanism/feasibility claims), but they reduce overall traceability confidence and suggest some citations may be inserted for numerical density rather than genuine relevance.","The ambiguity around ID 38 (two very different records in pools A and B) was resolved by favoring the pool-A record given contextual alignment with the claim, but this is an interpretive judgment rather than a certainty. IDs 230 and 221 map to clearly irrelevant abstracts (arsenic remediation; ZFO anode SEI/XAS) relative to their cited claims about N-doping type trade-offs and EIS-based electrode validation respectively; these were not scored as central claims but weigh on the traceability score and prompted the 'uncertain' fabricated/invalid identifier flag, since it is unclear whether these are genuine mismatches, misassigned identifiers, or intentional citation of tangential works."
15,3,ses,dual_pool_component_control,case_15__rep_03,Candidate B,2,1,5,no,uncertain,"The candidate memo synthesizes two hypothetical proposals and cites many numeric IDs, several of which are ambiguous between pool A (Se-specific) and pool B (S-specific, or unrelated) records, as explicitly warned about in the task instructions (e.g., ID 11, ID 4, ID 38, ID 44, ID 33, ID 17, ID 30, ID 56, ID 297, ID 450 all appear only in pool B or have dual-pool ambiguity). Core mechanistic claims about melt-diffusion Se confinement in micropores (ID 15, ID 41) and chain-like Se_n bonding (ID 9) are well-supported by directly relevant Se-battery abstracts. However, several claims rely on analogical reasoning from Li-S literature (nitrogen doping promoting chemical adsorption, hierarchical pore tuning via ZIF precursor for gas storage) that the candidate itself flags as an inference requiring validation, which appropriately tempers claims but still leaves evidentiary gaps for a Li-Se-specific mechanism. Additionally, many cited IDs (17, 30, 33, 38, 44, 56, 297, 450) map only to pool B records concerning sulfur or unrelated (spinel oxide) systems, meaning the underlying selenium-specific claims for those points are not evidenced by directly relevant records, even though the memo text sometimes uses them appropriately as background/inspiration for the Li-S analogy it explicitly flags as uncertain.","Several IDs (4, 11) appear in both evidence pools A and B with materially different content (Se-specific vs. S-specific or unrelated), and the candidate text does not unambiguously specify the intended pool for each citation instance, creating traceability ambiguity per the module's explicit rule on dual-pool IDs. Additionally, tokens like ID 33, 38, 44, 56, 17, 30, 297, 450 only have pool B records supplied, which are sulfur-system or unrelated-oxide papers; it is uncertain whether the original candidate intended entirely different (unsupplied) Se-specific sources for these tokens, so treating them as 'invalid' vs. 'intentionally analogical' is ambiguous. I did not flag fabrication definitively because the supplied dual-pool structure suggests overlapping numeric ID namespaces between two separate literature searches (ostensibly Scientist A and Scientist B), which is a structural feature of the packet rather than clear evidence of invention by the candidate."
18,1,ds,legacy_replicate_1,case_18__rep_01,Candidate A,0,0,5,uncertain,uncertain,"The candidate memo cites numerous bracketed identifiers attributed to two hypothetical debating scientists (A and B), but the packet explicitly states that no bracketed evidence identifiers were present and no abstract records are supplied for this candidate. This creates a direct contradiction: the candidate text contains many citation-like tokens, yet the evidence packet treats them as absent/unusable. Because no abstracts are available to check any of the five selected central claims, all claims are marked unverifiable rather than unsupported or contradicted, per the rule that unverifiable does not imply falsity. Evidence support and citation traceability are scored at the floor (0) since no selected central claim has usable supporting evidence and no mapping to valid records exists. The consequential-claim flag is set to uncertain because the m-Y-S 20,000-cycle stability claim (C1) is central to the recommendation and its truth cannot be assessed one way or another given the lack of records; it is not confirmed contradicted, but the stakes are high enough to warrant caution rather than a flat 'no'. The fabricated/invalid identifier flag is uncertain because the labels appear internally consistent and formatted like real citations, but since the packet supplies no corresponding abstracts at all, it is impossible to distinguish between 'evidence withheld from this pass' and 'identifiers not backed by any real record'.","The packet's evidence-record section is empty despite the candidate text containing many bracketed IDs. This is unusual: normally absent records for cited IDs would suggest missing/unlinked evidence, but here it may reflect a deliberate design of this audit packet (e.g., testing behavior when no records are provided) rather than a flaw in the candidate's citation practice per se. Because of this ambiguity, all support statuses default to unverifiable and both flags are marked uncertain rather than yes/no, in line with the instruction not to guess or invent evidence."
18,1,mpds,legacy_replicate_1,case_18__rep_01,Candidate C,3,3,5,no,no,"The candidate synthesizes two hypothetical scientists' arguments and proposes a hybrid HE-MHCS design. Central claims about polysulfide dissolution as a failure mode, heterostructure-induced kinetic enhancement, and hollow-carbon architecture benefits are generally traceable to the supplied evidence records, with clear ID-to-record correspondence (each ID mapped to exactly one pool as labeled, no ambiguous dual-pool tokens observed in this candidate's citations). However, several claims rely on cross-chemistry extrapolation: much of the heterostructure and doping evidence is drawn from Na-ion (or Li/Na) literature rather than K-ion systems, and comparative architectural superiority claims (MHCS vs m-Y-S) are not directly tested against each other in any single supplied source. The core numerical claims (6000 cycles for VS4/SnS@C from C-R01, 20,000 cycles for m-Y-S from C-R12) are accurately and specifically supported. No fabricated or unresolvable identifiers were found among the cited records for this candidate; all cited IDs have a single, unambiguous supplied record.","Some claims are built on analogic reasoning from Na-ion/Li-ion literature to justify design choices for K-ion systems; this is a reasonable scientific inference but leaves those specific extrapolated propositions unverifiable strictly as K-ion claims from the given abstracts. The synthesis narrative (attributing specific arguments to 'Scientist A' and 'Scientist B') is presentation framing rather than a testable external claim, so it was not scored as a central claim itself."
18,1,sair,dual_pool_component_control,case_18__rep_01,Candidate C,3,2,5,no,uncertain,"The candidate provides an extensive, well-structured proposal with a large number of citations, most of which map to real, topically relevant abstracts. Central mechanistic claims (multi-yolk-shell void engineering, VS4 anchoring of KxSy, heterostructure built-in electric fields, N/S co-doping benefits, MOF-templated spray-drying synthesis) are each supported by at least one relevant abstract, but many key claims blend evidence from Li-ion or Na-ion systems and extrapolate to K-ion behavior or to a combined heterostructure/synthesis strategy not directly tested in any single source. Some ambiguous shared numeric IDs (e.g., [ID: 22], [ID: 91]) appear in both evidence pools A and B without the candidate text clearly disambiguating pool membership in-line, creating traceability risk; the task instructions flag such untagged numeric collisions as inherently ambiguous. The overall body of evidence is real and topically apt, but several important claims (co-doping synergy specifically for polysulfide chemisorption in K systems, heterostructure benefit generalized to the specific proposed SnS2/VS4 pairing, and the fully integrated MOF-templated spray-drying pipeline) are only partially supported extrapolations from adjacent-system data. No claim is directly contradicted, and no clearly fabricated identifier was found among the resolvable citations, but the ambiguous dual-pool IDs used without pool specification create meaningful uncertainty in strict traceability.","Several numeric IDs cited by the candidate (e.g., [ID: 22], [ID: 91]) have two corresponding evidence records in different pools (A and B) supplied in the packet, and the candidate's inline text does not explicitly state which pool is intended for each occurrence, creating some ambiguity in exact source attribution for those specific citations (though in most cases only one of the two pool records is topically plausible given surrounding context, e.g., spray-drying parameters vs. hollow carbon capsules). This ambiguity affects citation traceability but does not appear to invalidate the central scientific claims, since the surrounding context in each case makes one pool option more contextually fitting than the other, though this was not independently confirmable with certainty for every instance."
18,1,ses,dual_pool_component_control,case_18__rep_01,Candidate A,3,3,5,no,no,"The candidate is a memo synthesizing two hypothetical sub-proposals (Scientist A and Scientist B) with dense citation to numeric IDs matched against supplied evidence pools A and B. Most central claims regarding architecture (inner-wall anchoring, multi-yolk-shell) are strongly and specifically supported by dedicated primary sources (A-R11, A-R10) that describe nearly identical structures and performance data. The polysulfide dissolution failure mode claim is well supported by multiple relevant sources. However, some claims mixing multiple citations (e.g., N/S co-doping's specific anchoring mechanism, hierarchical porosity for transport) are only partially supported, since at least one cited source per claim addresses an adjacent context (different ion system, different application) rather than the precise mechanism/context claimed. No citation was clearly fabricated or unresolvably ambiguous within the supplied evidence pools (each cited ID resolved to a labeled pool matching the memo's Scientist A/B attribution), though the case_18 packet materials do warn that pool ambiguity can occur if the same numeric ID appears in both pools; in this packet no duplicate IDs appeared across pools A and B for the candidate's citations, so traceability is not undermined by ambiguity. Overall scientific narrative is generally consistent with the literature, but a few claims overreach beyond what the specific evidence supports.","For C4 and C5, some evidence is only tangentially relevant (different battery chemistry or application, e.g., ORR electrocatalysis or Li-ion nanofibers), so the support is judged partial rather than full. No fabricated or duplicate/ambiguous IDs were identified in the supplied records for this candidate; all cited tokens map to a single evidence pool and record as provided."
18,2,ds,generated,case_18__rep_02,Candidate E,0,0,1,no,no,x,x
18,2,mpds,generated,case_18__rep_02,Candidate B,2,3,5,no,no,"The candidate cites seven distinct evidence records, each clearly and uniquely identified with an evidence pool (A or B) alongside the numeric ID, resolving potential ambiguity from shared numeric tokens. Most core mechanistic claims (heterostructure interface kinetics, polysulfide trapping, yolk-shell stress distribution) map to specific abstracts, though several key citations (B-R01, B-R02 for K-ion kinetics; B-R05 for volume-expansion buffering; B-R07 for N-doping polysulfide anchoring) are drawn from sodium-ion battery studies rather than potassium-ion systems, which is the actual target chemistry. This introduces a systematic direct-analogy gap: the abstracts support the general heterointerface/multishell design principle but not always the K-ion-specific claim as stated. No fabricated or unresolvable identifiers were found, and pool labels are clearly given in each case, supporting traceability. However, evidence support is capped at 2 because several central claims (C1, C4, C5) rely on adjacent-system (Na-ion) evidence rather than direct K-ion validation, and no single claim is fully unsupported/contradicted enough to trigger a high-severity flag.","Judgment on partially_supported vs. supported for claims drawing on sodium-ion analogs (C1, C4, C5) involves some interpretive latitude, as the underlying physical principles (heterointerface kinetics, multishell buffering, heteroatom doping benefits) are plausible extensions to K-ion systems even though the cited abstracts are Na-ion specific. No identifiers were ambiguous in this packet since each cited token was paired with an explicit evidence pool letter (A or B) in the supplied records, distinct from the general ambiguity risk described in the rubric."
18,2,sair,dual_pool_component_control,case_18__rep_02,Candidate B,3,3,5,no,no,"Candidate B builds a multi-part architectural and compositional strategy and cites a large, mostly well-matched set of evidence records. Core claims about multi-yolk-shell stress buffering (C1) and graphene-mediated polysulfide shuttle suppression in PIBs (C5) are directly and specifically supported by PIB-relevant abstracts (B-R01, B-R11). However, several mechanistic claims are explicitly flagged by the candidate itself as inferred from adjacent battery chemistries (SIB, LIB) rather than directly demonstrated in PIBs: sulfur-doping polysulfide anchoring (C2, sourced from an SIB study), and heterointerface-driven charge-transfer kinetics (C3, partly reliant on SIB heterostructure studies rather than PIB-specific VS4/SnS work, though B-R10 does supply direct PIB support for the polysulfide-trapping portion of C3). The hierarchical porosity claim (C4) mixes PIB-relevant (B-R08) with supercapacitor-context citations (B-R06, B-R07, B-R09), diluting direct support. No fabricated or clearly invalid identifiers were found; all cited IDs map to supplied records from pool A or B without unresolved ambiguity in context. The candidate is commendably transparent about which claims are extrapolations versus direct findings, which mitigates (but does not eliminate) partial-support concerns.","Some claims (C2, C3) blend well-supported target findings (PIB-specific, e.g., B-R10) with cross-chemistry analogic evidence (SIB/LIB), so partial support reflects genuine mixed sourcing rather than an error. For C4, the inclusion of supercapacitor-context papers (B-R06, B-R07) alongside battery-specific ones makes the aggregate support moderate rather than strong; these are not necessarily wrong but they only partially verify the K-ion transport claim as stated. No numeric ID appeared ambiguously split across pools A and B in a way that affected the analysis, since the candidate's phrasing and the supplied per-token pool labels allowed unique attribution in all reviewed cases."
18,2,ses,dual_pool_component_control,case_18__rep_02,Candidate D,3,3,5,no,no,"The candidate synthesizes two hypothetical proposals and attributes many granular claims to specific numeric IDs within clearly labeled evidence pools (Scientist A vs Scientist B), which resolves the ambiguity flagged in the module rules for bare numeric IDs, since each citation explicitly states its source scientist/pool. Central mechanistic claims about multi-yolk-shell architecture, graphene pocket polysulfide trapping, VS4 heterostructure anchoring, CMC binder benefits, and NaCl-templated spray pyrolysis are all traceable to matching abstracts in the supplied records and are substantively supported, though the generalization claim about VS4 heterostructure applicability to 'any sulfide-based conversion anode' overreaches what the single-system abstract demonstrates. Some secondary claims (e.g., neuron-like network resilience, multishell buffering, N/S co-doping benefits) also map to reasonably matching abstracts (D-R06, D-R15/D-R16, D-R19/D-R20/D-R21/D-R22) though these were not selected as the five central claims to avoid redundancy. No fabricated or clearly invalid identifiers were found among the cited IDs; each has a corresponding supplied record consistent with the stated pool.","The claim regarding generalizability of the VS4 heterostructure trapping principle to 'any sulfide-based conversion anode' is explicitly flagged as inference by the candidate itself, so it is treated as partially supported rather than contradicted or unsupported, since the underlying single-system result is well supported. No identifiers appeared duplicated across pools A and B in a way that created ambiguity for the claims selected, since the candidate text consistently pairs each ID with an explicit 'Scientist A' or 'Scientist B' attribution matching the pool label in the evidence records."
18,3,ds,generated,case_18__rep_03,Candidate D,3,3,5,no,no,"The candidate synthesizes two hypothetical scientists' arguments and recommends a hybrid MOF-templated, N,S co-doped, bimetallic sulfide strategy. Central claims about m-Y-S Fe1-xS@C long cycling (C1), VS4 polysulfide anchoring (C2), and N/S co-doped hollow carbon stability (C3) are well and directly supported by their cited abstracts. However, the MOF-templating claim for simultaneously creating hollow architecture, embedding sulfide nanoparticles, and achieving N-doping (C4) mixes genuinely supportive references (D-R10, D-R11, cobalt sulfide/carbon systems, though for Li-ion not K-ion) with an irrelevant citation (D-R09, a CoP water-splitting catalyst unrelated to sulfide encapsulation or batteries), weakening its evidentiary basis. The final bimetallic heterostructure claim (C5) is supported only by an analogous selenide (not sulfide) system, so support is adjacent but not exact. No fabricated identifiers were found; all cited IDs map to real, distinguishable records in the evidence pools with pool labels resolving the token ambiguity described in the packet instructions. Overall, most central claims are at least partially supported, with a few claims stretching evidence to adjacent chemistries or irrelevant systems, matching a mid-range score for both evidence support and traceability given generally clear but imperfect ID-to-claim mapping.","For C4, the multiple citation labels [ID: 86, 167, 469] map to D-R09, D-R10, D-R11 respectively; D-R09 (CoP/water splitting) does not support the sulfide/battery claim, which pulls down the support status to partially_supported despite D-R10/D-R11 being reasonably supportive analogs (Li-ion rather than K-ion). For C5, D-R16 concerns selenides rather than sulfides, an adjacent but not identical chemistry, so support is marked partial rather than full. No numeric ID collisions requiring pool disambiguation were left unresolved in this candidate's citations, as pool labels were provided distinctly for each cited token in the supplied records."
18,3,mpds,generated,case_18__rep_03,Candidate A,2,2,5,yes,no,"The candidate builds a hybrid design by citing the Architect's and Engineer's supporting literature. Central mechanistic claims about K-ion-specific benefits of heterostructuring (C2) and porous carbon confinement (C3, C4) are only partially supported, since several of the cited abstracts pertain to Li-ion or Na-ion systems rather than the K-ion system central to the task, representing a moderate but real evidentiary gap. The most consequential issue is C5: the key comparative claim justifying rejection of the pure yolk-shell architecture (volumetric density disadvantage) cites A-R05, an evidence record about electromagnetic wave absorption in a cobalt/carbon nanocomposite that has no relevance to battery volumetric density, energy density, or yolk-shell criticism. This is a load-bearing claim in the memo's core argument (the reason for pivoting away from Scientist A's proposal) and it is unsupported by the cited evidence, warranting the consequential-unsupported flag. No fabricated numeric identifiers were found; all cited IDs map to supplied records, though some (e.g., 115 for A-R08) were cited without dedicated evidence records unless matched, and the pool-A/B duplicate-numbering issue was avoidable since author labeled scientist attribution matched pools correctly in this packet.","ID 478 mapping to A-R05 is clearly labeled as belonging to evidence pool B and is unambiguous in context (attributed to Scientist B's critique), but the content mismatch (EMI absorption paper) makes it unsupported rather than merely ambiguous. Claims C2-C4 rely on cross-ion-chemistry generalization (Li/Na-ion mechanisms extrapolated to K-ion), which is a common but scientifically nontrivial assumption not fully justified by the cited sources; this affects support_status confidence but was resolved as partially_supported rather than unsupported given at least the mechanistic principle (heterostructuring, confinement) transfers qualitatively across alkali chemistries in the literature discourse."
18,3,sair,dual_pool_component_control,case_18__rep_03,Candidate A,3,2,5,no,yes,"The candidate constructs a coherent multi-level hierarchical design (multi-yolk-shell primary particles in macroporous NaCl-templated microspheres) and grounds most central claims in relevant, topically appropriate literature. Core structural/mechanistic claims (yolk-shell void accommodation, multi-yolk design, NaCl-templated macroporous assembly, ether electrolyte benefits) are well supported by directly on-topic abstracts (A-R09, A-R08, A-R07, A-R18, A-R24, A-R03). However, several citation issues reduce traceability: (1) A-R04 (ID:470) is a corrosion-science paper entirely unrelated to batteries, cited alongside legitimate FeS2 references, constituting a clear citation-content mismatch bordering on fabricated relevance; (2) ID:2 is ambiguous, mapping to two very different records (one on polysulfide anchoring, one on unrelated Na-battery hollow carbon spheres) without clear disambiguation in text, undermining confidence in that specific attribution; (3) several other IDs (e.g., ID:45, ID:469, ID:91, ID:22, ID:101) support only generic synthesis-route analogies (ZnS-MOF composites, Co9S8 nanocages, ZIF-derived hollow carbons, Mo/Ni sulfide microspheres) rather than the specific claims they are attached to, reflecting reasonable but generic synthesis inspiration rather than tight validation. The polysulfide-anchoring extrapolation to K-ion systems (C3) is explicitly flagged by the candidate as inferential, which is scientifically honest but reduces the certainty of support. Overall, evidence is topically relevant and mostly supportive for central structural/electrolyte claims, but traceability is weakened by the ID:470 mismatch and the ID:2 pool ambiguity affecting an important mechanistic claim.","The ambiguous ID:2 citation (two very different pool-A/pool-B records) affects claim C3, a mechanistically important claim about polysulfide anchoring; without clearer in-text disambiguation, exact evidentiary support for that specific citation cannot be confirmed. The ID:470 citation (A-R04) appears to be a mismatched/irrelevant source (gas well corrosion study) misapplied to support FeS2 anode claims, which I treat as a citation-fabrication-adjacent problem (fabricated_or_invalid_citation_identifier: yes) rather than outright scientific falsity, since the surrounding claim itself is independently supported by other valid citations (A-R01, A-R03)."
18,3,ses,dual_pool_component_control,case_18__rep_03,Candidate C,3,4,5,no,no,"The candidate integrates two prior proposals into a synthesized framework and cites specific, resolvable evidence records for its most consequential mechanistic claims (m-Y-S ultra-stable K-storage, VS4 polysulfide anchoring). These two core claims are strongly and directly supported by the corresponding abstracts. However, several secondary but still important claims (doping mechanisms, interconnecting carbon network effects, general polysulfide dissolution issue) are supported only by analogy from Na-ion, Li-ion, or generic-carbon studies rather than by systems matching the exact K-ion metal-sulfide-in-carbon architecture under discussion. This is typical for a highly citation-dense synthesis where many evidence pieces are adjacent-system support rather than exact matches. No fabricated identifiers were found; all cited [ID] tokens map to explicit, evidence-pool-labeled records (A or B), and the candidate text consistently attributes each token to either 'Scientist A' or 'Scientist B', resolving the pool ambiguity described in the packet instructions. Overall, evidence support is moderate: the two most central architectural/mechanistic claims are well supported, but several other important claims rest on partial or analogic support only.","For claims C3, C4, and C5, some cited abstracts describe closely related but not identical systems (e.g., sodium-ion or lithium-ion batteries, or supercapacitors, rather than the specific potassium-ion metal-sulfide-in-hollow-carbon microsphere system). This is scored as partially_supported rather than unsupported because the underlying physical/chemical principles (polysulfide anchoring, doping effects, interconnected conductive networks) are the same class of mechanism the candidate invokes, but exact system-matched evidence is not always present for every claim component. No numeric ID amgiguity was found because the candidate consistently labels tokens by scientist (A/B), which the supplied evidence records also independently confirm via pool labels."
22,1,ds,legacy_replicate_1,case_22__rep_01,Candidate C,0,0,5,yes,no,"The candidate cites numerous numeric IDs attributed to 'Scientist A' or 'Scientist B' evidence pools, but nearly all supplied abstract records are topically mismatched to the claims they are meant to support. Most cited records concern SOFC anodes, water electrolysis, microbial fuel cells, photodetectors, solar cells, or unrelated nanobelt/oxide systems (TiO2, Nb2O5, CdSe, copper hydroxide nitrate) rather than NiO tube-in-tube nanobelt lithium-ion battery anodes. Only two records (C-R09 on hollow Co3O4 and C-R10 on Ni/NiO/carbon nanofiber composites) are even loosely relevant to Li-ion metal-oxide anode design, and even these support only adjacent/weaker propositions rather than the specific tube-in-tube NiO nanobelt claims made. No central claim receives direct, specific supporting evidence; the central mechanistic and feasibility claims (hollow-core strain relief, mesoporous wall buffering, carbon-shell conductivity, precursor-template synthesis) are essentially unsupported by the cited literature despite the appearance of dense citation.","The IDs are not literally invalid or fabricated (each maps to a real, retrievable OpenAlex record), so 'fabricated_or_invalid_citation_identifier' is marked 'no' rather than 'yes' or 'uncertain'; the issue is topical mismatch/misattribution rather than nonexistence of the record. However, given the systematic mismatch across nearly all citations, there is some possibility that the underlying evidence pool for this packet was constructed to test citation misuse detection, and reasonable readers might instead flag this as 'uncertain' for validity of citation practice; I chose 'no' since each identifier does resolve to a real, unambiguous record. The consequential_unsupported_or_contradicted_claim flag is 'yes' because the core mechanistic claims (strain relief via hollow core/mesoporous walls, carbon-shell conductivity, precursor-template synthesis feasibility) are central to the proposal's argument and lack any direct supporting evidence in the supplied records."
22,1,mpds,legacy_replicate_1,case_22__rep_01,Candidate E,2,3,5,no,no,"The candidate's central recommendation rests on synthesizing a mesoporous NiO nanobelt core with a conformal conductive shell (carbon or polypyrrole), justified by citations to topotactic conversion (ID:72, Co3O4), conductive polymer shells (ID:40 V2O5/PEDOT, ID:47 MoO3/polypyrrole), carbon coating synthesis (ID:68, MoO2), and porosity-enabled rate capability (ID:81, NiCo2O4). None of these five evidentiary anchors are drawn from NiO systems directly; all are analogical extrapolations from structurally or compositionally related but distinct metal oxide/nanobelt systems. This pattern is explicitly acknowledged within the candidate's own narrative as a critique leveled at the rival design (extrapolating from dissimilar materials like Co3O4), yet the candidate's own final recommendation relies on the same type of cross-material extrapolation for nearly every core synthetic and mechanistic claim. The one claim that is well-supported directly (C5, on NiO conductivity loss and TEM validation, ID:261) is on a diagnostic/failure-mode point rather than the proposed synthesis route itself. Citation identifiers are traceable to specific evidence pool B (Scientist B pool) or A (Scientist A pool) records without pool ambiguity issues, since all cited IDs here map to single supplied records, so traceability is reasonably good. However, evidence support is weak because the analogical evidence, while topically related, does not directly substantiate the NiO-specific mechanistic and performance claims central to the proposal.","All cited IDs resolve to single, pool-labeled records without cross-pool ambiguity, so citation traceability is not compromised by identifier collision. The main uncertainty is whether the abstracts on analogous materials (Co3O4, MoO2, MoO3, V2O5, NiCo2O4) should be treated as reasonably transferable support for a NiO-specific proposal or as insufficiently specific; I classified them as partially_supported rather than unsupported or unverifiable because the underlying mechanistic principles (topotactic mesoporosity, conductive shell coating, porosity-enabled short diffusion paths) are demonstrated for closely related nanobelt/metal-oxide systems, but I did not treat them as full support given the material substitution."
22,1,sair,dual_pool_component_control,case_22__rep_01,Candidate D,3,3,5,no,no,"The candidate cites a large number of evidence records, and each is genuinely relevant to the general theme of the nanobelt design (hollow/porous NiO or related oxide anodes, carbon coating, electrospinning morphology control), but none of the supplied abstracts describe the specific integrated tube-in-tube NiO nanobelt with hollow core + porous nanocrystalline wall + conformal carbon shell that is the candidate's central proposal. Most cited works are on analogous but distinct materials (Ni-Co oxide hollow microspheres, Co3O4 nanobelts, MoO2 nanobelts, HfO2 nanobelts, NiO films or composite anodes) rather than tube-in-tube NiO nanobelts specifically. This pattern of using adjacent/analogous literature to support component-level design principles (hollow structures relieve strain, porosity aids transport, carbon coating improves conductivity/mechanical integrity, hydrothermal routes make Ni(OH)2/NiO nanobelts) is scientifically reasonable and traceable at the mechanism level, but does not directly validate the specific integrated design or its performance claims. No citation appears fabricated or clearly invalid — all supplied IDs correspond to real records with topically relevant abstracts — but some links are stretched (e.g., citing a HfO2 nanobelt paper for general electrospinning-temperature morphology control, or a Co-based nanobelt paper for a Ni-based hydrothermal/calcination step). Overall, evidence support is moderate: most central claims have legitimate partial support from directly analogous studies, with the strongest direct support being for the porous-oxide transport claim (C3) and the hydrothermal Ni(OH)2->NiO conversion claim (C5, via D-R08). Traceability is also moderate: cited IDs map cleanly to the intended evidence pool (A or B) as labeled in-text, avoiding ambiguity, but the many multi-reference citations per claim and the analogic (not identical-system) nature of most evidence limit a higher score.","Several claims rely on cross-material analogy (Co3O4, MoO2, NiCo2O4, Ni-Co oxide, HfO2, VO2(B) systems) rather than papers specifically on tube-in-tube NiO nanobelts, so judgments of 'partially_supported' reflect genuine scientific adjacency rather than direct verification of the exact proposed architecture. No pool-ambiguous bare numeric IDs were encountered because each ID is explicitly labeled with a Scientist A/B pool tag in the candidate text, and the supplied evidence records unambiguously match a single pool per ID in this packet."
22,1,ses,dual_pool_component_control,case_22__rep_01,Candidate B,2,2,5,no,uncertain,"Candidate B's memo synthesizes claims attributed to two evidence pools (Scientist A and Scientist B), which is helpful for traceability. Central mechanistic claims about volume buffering (tube-in-tube void space) and porosity-driven ion transport are supported only by analogy to other hollow/porous metal-oxide nanostructures (Ni-Co oxide hollow spheres, NiCo2O4 nanoflakes, Co3O4 nanobelt arrays) rather than direct evidence of a NiO tube-in-tube architecture, since no such specific tube-in-tube NiO nanobelt record was supplied. The carbon-coating thickness trade-off (C4) is the best-supported claim, drawn from a directly analogous VO2(B) nanobelt carbon-coating study with quantitative results, combined with a directly relevant NiO@carbon nanoflake study. However, several citations supporting the primary failure-mode claim (C1) are misapplied: multiple IDs (129, 269, 498) refer to Ni-YSZ solid oxide fuel cell redox-cycling studies, which are a different material system, different electrochemistry (redox cycling in SOFC operation, not Li-ion conversion reactions), and not obviously transferable to the NiO/Li2O conversion mechanism, despite being cited as support for Ni nanoparticle aggregation during NiO Li-ion cycling. This is a case of evidence being stretched across an inapplicable domain. The coaxial electrospinning claim (C5) is also weakly supported, citing a paper about magnetic-fluorescent PMMA coaxial nanobelts unrelated to sacrificial-core hollow-tube fabrication or metal oxides. Overall, evidence support is moderate-to-weak: some claims have specific quantitative and mechanistic backing (carbon coating trade-off, general porosity-strain buffering logic), but the most novel and consequential structural claim—the tube-in-tube double-void geometry itself—lacks any directly matching record, and multiple analogized citations belong to unrelated systems (SOFC Ni-YSZ, PMMA coaxial fibers) rather than the LIB NiO nanobelt system under study.","There is ambiguity in several bare numeric IDs cited only as e.g. Scientist B [ID: 176] or Scientist B [ID: 6], which happen to correspond in the supplied evidence to specific pool-B records (B-R12b, B-R28) since the candidate text explicitly labels them as 'Scientist B', resolving the pool ambiguity noted in the instructions for ID 176 (which appears in both pool A and B). I therefore treated Scientist B-labeled IDs as pool B records per the candidate's own attribution. Some cited records used for claims not selected as central (e.g., ID 129/269/498 for Ni-YSZ SOFC studies) were folded into the audit of C1 because they were used to support that central claim in the text, despite being from an unrelated system; I did not treat this as a fabricated identifier since valid abstracts were supplied, but flagged as 'uncertain' for fabricated_or_invalid_citation_identifier because the applicability of these clearly off-topic SOFC citations to the stated LIB claim is questionable enough to raise doubt about whether the identifiers were appropriately or perhaps mistakenly mapped by the citing process, even though the records themselves are real and traceable."
22,2,ds,generated,case_22__rep_02,Candidate B,0,0,5,uncertain,uncertain,"The candidate text cites numerous bracketed identifiers (e.g., ID: 261, 61, 263, 339, 40, 72, 416, 76, 27, 44, 47, 13) attributed to 'Scientist A' or 'Scientist B' throughout a debate-synthesis memo. However, the packet explicitly states that no bracketed evidence identifiers were present and no abstract records are supplied for this candidate. This makes it impossible to verify any of the central scientific/mechanistic claims (nanobelt porosity synthesis, carbon coating function, CNT hybrid paper analogue, PEDOT coating stability, volume-change mechanism) against actual evidence text. Every central claim is therefore unverifiable rather than supported, partially supported, unsupported, or contradicted, since verification requires an actual abstract to compare against, and none was furnished. Because no evidence text is available at all, evidence_support and citation_traceability are scored at the floor (0), consistent with the rubric guidance that a total absence of usable supporting evidence records merits the lowest score. This is a limitation of the supplied packet rather than a scientific judgment on the underlying claims themselves.","The complete absence of abstract records for this candidate makes it impossible to distinguish between claims that would be well-supported by real evidence versus those that would be contradicted or fabricated. The 'fabricated_or_invalid_citation_identifier' flag is marked uncertain because, without abstract records, it cannot be determined whether the numeric IDs correspond to real, valid evidence entries elsewhere in the study's evidence pool or are invalid/fabricated; the packet only indicates that no records were supplied for audit purposes, which does not by itself confirm the identifiers are fabricated. Similarly, 'consequential_unsupported_or_contradicted_claim' is marked uncertain rather than yes, since we cannot rule out that the underlying claims are scientifically reasonable and would be supported by real evidence if it were provided; the issue here is evidentiary traceability, not a demonstrated scientific error or contradiction from evidence text."
22,2,mpds,generated,case_22__rep_02,Candidate D,1,1,5,yes,no,"The candidate's central claims rely heavily on citations that are frequently drawn from a mismatched materials system: several of Scientist A's key degradation-mechanism citations (ID: 62, 132, 252) are from solid oxide fuel cell (SOFC) Ni-YSZ/Ni-GDC anode literature, an entirely different electrochemical system (high-temperature ceramic fuel cells) rather than room-temperature lithium-ion battery NiO conversion anodes. This substitutes an analogous but distinct degradation phenomenon (Ni sintering in SOFC cermets) for the claimed LIB-specific NiO pulverization/Ni agglomeration mechanism, which is consequential because it underlies the central mechanistic argument for both scientists' designs and the final hybrid recommendation. Other citations (Co3O4, NiCo2O4, ZnO, MoO2, sulfide hollow spheres) are adjacent-material analogs to the NiO nanobelt system under discussion, offering only partial, generalizable support for mesoporosity/carbon-coating/void-space strategies rather than direct evidence for NiO nanobelt-specific performance or mechanism. No claim is directly and fully supported without cross-material extrapolation. No fabricated identifiers were found; all cited IDs map to supplied records, though several are poor matches for the claims they are meant to support.","Some abstracts (D-R01, D-R04-D-R13) are plausible partial analogs for the general design principles (void space, mesoporosity, carbon coating) even though they are not NiO-in-LIB-specific in every case; judgment on 'partially_supported' vs 'unsupported' involved interpretive weighing of analogy strength. The SOFC-related citations (D-R02, D-R03, D-R08) are judged unsupported/irrelevant to the LIB NiO nanobelt mechanism claim, but it is conceivable the author intended a loose analogy to sintering phenomena in general, which is a debatable rather than definitive misuse."
22,2,sair,dual_pool_component_control,case_22__rep_02,Candidate C,2,2,5,no,no,"The candidate cites a substantial number of evidence records, and all cited identifiers resolve to valid, distinct records with no missing or ambiguous pool assignments (each token maps to a single clearly labeled pool). However, many of the central mechanistic and design claims are supported only by analogous systems (Co3O4 nanobelts, Ni-Co oxide hollow microspheres, HfO2 nanobelts, SOFC anode sintering studies) rather than direct NiO-specific tube-in-tube nanobelt evidence. Some claims (e.g., C3, C4) are well supported by NiO- or Ni-composite-specific studies, but others (C1, C2, C5) rely on partial or cross-material analogies that support general principles without validating the specific tube-in-tube NiO nanobelt design or exact processing parameters (e.g., >50°C fiber collapse from an HfO2 study, or SOFC sintering data applied to LIB nanobelt context). No claim is contradicted, and no fabricated identifiers were found, but the evidentiary chain leaves material gaps for several key claims essential to feasibility and mechanism.","Support for the volume-change/conductivity claim (C1) rests partly on a broad review (C-R01) rather than NiO-specific mechanistic detail. Claims about hierarchical void architecture (C2) and thermal sintering behavior (C5) are extrapolated from structurally or chemically distinct systems (Co3O4, Ni-Co oxide microspheres, HfO2 nanobelts, SOFC Ni-Zr anodes), which are reasonable analogies but not direct verification of the tube-in-tube NiO nanobelt claims. These uncertainties reflect analogy-based rather than direct evidentiary support, not scientific implausibility."
22,2,ses,dual_pool_component_control,case_22__rep_02,Candidate A,3,3,5,no,no,"The candidate synthesizes two hypothetical proposals into a unified NiO tube-in-tube design, citing a large number of numeric IDs, all resolvable to pool A per the explicit 'Scientist A [ID: n]' or 'Scientist B [ID: n]' labeling, which removes ambiguity about pool attribution despite the note that bare numeric IDs shared across pools could be ambiguous. Central mechanistic claims regarding porosity mitigating volume strain (C1) and rGO wrapping alleviating volume swing (C4) are well and directly supported, including a near-verbatim phrase match for C4. However, several fabrication-specific claims (C2, C3) rely on evidence drawn from different compound systems (ZnO, Ni-Co hydroxide/oxide, NiO-SDCC solid-oxide-fuel-cell composites) rather than the exact proposed NiO@C tube-in-tube electrospun system, so support is only partial via analogy rather than direct demonstration. No fabricated or clearly invalid identifiers were found; every cited ID has a corresponding supplied record. No central claim is contradicted by its cited evidence, though extrapolation from analogous material systems to the specific dual-void tube-in-tube NiO architecture is an unavoidable inferential gap given available literature circa 2017.","Some claims (C2, C3) draw on evidence for different chemical systems (Ni-Co oxide/hydroxide, ZnO, NiO-SDCC fuel cell composite) rather than directly on NiO tube-in-tube nanobelts, which limits the specificity of support without making the underlying abstracts irrelevant. The prefixed 'Scientist A'/'Scientist B' labeling before each ID reduces cross-pool ambiguity, but reviewers might still debate whether all these attributions are fully unambiguous given the module's general warning about shared numeric identifiers across pools."
22,3,ds,generated,case_22__rep_03,Candidate A,1,1,5,yes,no,"The candidate cites numerous evidence records, but nearly all are only loosely analogous to the specific claims made: many key mechanistic and architectural claims (hollow-core Ni/NiO coaxial nanowire, one-step thermal conversion of a core-shell precursor producing mesoporous NiO tube with engineered void and carbonized core) are not directly supported by any cited abstract. Several citations concern different active materials entirely (Co3O4, CuO, MoO3, V2O5) or different application contexts (supercapacitors rather than lithium-ion batteries), and are used as stand-ins for NiO-specific behavior without acknowledging this substitution. The core comparative argument recommending Scientist B's architecture over Scientist A's rests on this pattern of analogy-based extrapolation across material systems, which is a consequential gap since the central recommendation depends on these unproven specifics (the one-step co-fabrication process and NiO-specific ion-transport/stress advantages). No fabricated identifiers were found -- all cited IDs resolve to real, retrievable abstracts (though many are analogically rather than directly supportive).","Some claims (C1, C3, C4, C5) draw on multiple cited abstracts collectively to support a composite claim; individual abstracts often support only fragments of the compound claims. This partial-support pattern is common but the aggregation makes several claims marginal between 'partially_supported' and 'unsupported'; I erred toward 'partially_supported' where at least the general phenomenon (e.g., topotactic conversion, conversion-reaction stress, mesoporous rate capability) was documented in an analogous oxide/system. No numeric ID appeared in both evidence pools A and B simultaneously in a way that created ambiguity in this packet, so no ambiguity-based unverifiable calls were needed for pool-crossover reasons."
22,3,mpds,generated,case_22__rep_03,Candidate C,3,3,5,no,no,"The candidate memo synthesizes two hypothetical scientists' proposals and recommends one. Most central claims are traceable to specific, clearly pooled evidence records (Pool A for SOFC/perovskite claims, Pool B for nanobelt/carbon composite claims), and each numeric ID appears in only one pool as supplied, avoiding cross-pool ambiguity. Evidence for Scientist A's SOFC-based claims (exsolution, MIEC conductivity, ceria functions) is well supported by directly relevant papers, though the redundant-conductivity/MIEC claim is only partially matched by the cited doped-titanate anode papers. Evidence for Scientist B's carbon-web/porous-nanobelt claims is generally supported by analogous nanobelt-composite systems (Co3O4, NiCo2O4, CuO, VO2, MoO3) rather than NiO specifically, so support is mostly partial/adjacent rather than a direct NiO demonstration. No claim is contradicted by its cited evidence, and no identifier appears fabricated or unresolvable given the supplied pool labeling. Overall support is solid but incomplete for material-specific extrapolation to NiO tube-in-tube nanobelts, and one central mechanistic claim (redundant MIEC conductivity) is only loosely mapped to its citations.","Several evidence records support the general phenomenon (porous nanobelt strain relief, graphene/CNT elastic wrapping, conductivity enhancement) in oxide systems other than NiO, requiring inference that the mechanism transfers to NiO; this was scored as partially_supported rather than unsupported since the physical mechanism claimed is the same. No cross-pool ID collisions were present in the supplied records for this candidate, so traceability ambiguity was not a major issue here."
22,3,sair,dual_pool_component_control,case_22__rep_03,Candidate B,1,1,5,yes,yes,"Candidate B presents a coherent hollow-core, carbon-shelled NiO nanobelt design with a detailed electrospinning synthesis route. However, the citation practice shows a systematic pattern of misapplied evidence: several numeric IDs (62, 132, 52, 300, and to a lesser extent 176, 68) map to abstracts describing solid oxide fuel cell (SOFC) Ni-cermet or Ni-YSZ anode degradation/microstructure studies at high operating temperatures (600-1000°C), or to non-NiO nanobelt materials (MoO3, MoO2), which are conceptually and physically unrelated to room-temperature lithium-ion battery conversion-anode mechanisms being claimed. This is a material citation-domain mismatch amounting to invalid identifier use for central claims regarding agglomeration suppression and electrode-level transport, both of which are consequential to the proposal's core stability and performance arguments. The remaining citations (e.g., ID 38, 261, 290, 81, 9, 179, 263) are more topically relevant but still only partially support the specific tube-in-tube NiO nanobelt claims, since they describe different morphologies (microspheres, nanoflakes, different oxide chemistries) rather than the exact hollow-core/carbon-shell NiO nanobelt architecture proposed.","It is possible the numeric IDs for SOFC-related records (62, 132, 52, 300) reflect a database/indexing artifact (i.e., the same numeric token being reused across unrelated evidence pools) rather than a deliberate citation error by the candidate; however, since the candidate text explicitly frames these citations as supporting claims about Ni agglomeration and electrode porosity in a lithium-ion nanobelt context, and the pool label supplied is 'A' for all of them without any lithium-battery relevance, the mismatch is treated as a genuine unsupported/invalid citation rather than mere ambiguity. Similarly, IDs 176 and 68 are on-topic for carbon-coated nanobelt anodes but for different active materials (MoO3, MoO2), so they were rated as partial/analogous support rather than fully invalid."
22,3,ses,dual_pool_component_control,case_22__rep_03,Candidate D,2,2,5,yes,no,"Candidate D adopts a memorandum structure synthesizing two hypothetical sub-proposals (Scientist A and B) with citations attributed to each. All cited identifiers map to supplied evidence records with clear pool attributions (A or B), so there is no ambiguity in identifier resolution and no fabricated/invalid identifiers were found. However, several central mechanistic claims — particularly the pivotal claim that single-crystalline NiO backbones improve electron transport (C1, cited to ID 6) — are supported only by an off-topic reference to TiO2 photocatalysis nanobelts, which does not address NiO or lithium-ion electron transport at all. This is a consequential unsupported claim because it underlies the primary structural recommendation (mesoporous single-crystalline NiO walls) that the candidate elevates above the alternative (polycrystalline nanoparticle assembly). Other claims (C2, C3, C5) rely on analogous-oxide systems (Co3O4, MoO3) for mechanistic support rather than NiO-specific evidence, which is reasonable as physically plausible extrapolation but constitutes only partial support given the specificity of the claims made. C4 is well supported by directly relevant NiO porosity studies. Overall evidence support is mixed: several claims have decent grounding, but the single most decision-critical claim (crystallinity choice driving the entire recommended framework) is not properly supported by the cited material, which is a significant limitation.","The claim regarding dual-nozzle electrospinning (C5) could not be confirmed as literally 'dual-nozzle' in either cited source; both describe standard electrospinning processes producing composite fibers, so it remains uncertain whether the specific dual-nozzle mechanism is validated by these sources, though the general electrospinning-for-composite-1D-structure concept is supported. Additionally, for C2, the interpretation of 'quasi-single-crystalline' Co3O4 as directly transferable evidence for a mesoporous single-crystalline NiO claim assumes structural analogy between isostructural transition-metal oxides that is common in the field but not explicitly stated in the source."
29,1,ds,legacy_replicate_1,case_29__rep_01,Candidate E,0,0,5,uncertain,uncertain,"The candidate cites numerous bracketed identifiers attributed to 'Scientist A' or 'Scientist B' throughout the memo, but the packet explicitly states that no bracketed evidence identifiers were present and no abstract records are supplied. This means every central claim selected—covering the core mechanistic and methodological assertions underpinning both the pragmatic and artifact-suppression frameworks—cannot be checked against any supplied evidence record. All five claims are therefore rated unverifiable rather than unsupported or contradicted, since unverifiable does not imply falsity. However, because there is no usable mapping from any claim to a valid evidence record, both evidence support and citation traceability are scored at the floor (0). The claims themselves are central to feasibility and mechanism (anode/cathode diagnostic logic, pH interference mechanism, anode stabilization validation, electrolyte engineering, and operando monitoring), so their unverifiability is consequential to assessing the proposal's evidentiary grounding, though this reflects an evidence-supply gap in the packet rather than a specific error by the candidate.","The flags for consequential unsupported/contradicted claim and fabricated/invalid identifier are marked 'uncertain' rather than 'yes' or 'no' because the packet states no evidence records were supplied at all, making it impossible to determine whether the cited identifiers (41, 14, 20, 10, 57, 39, 21, 27, 13, 49) are fabricated, valid-but-omitted, or genuinely nonexistent. This is a limitation of the evidence packet itself rather than a definitive finding about the candidate's citation practices."
29,1,mpds,legacy_replicate_1,case_29__rep_01,Candidate B,2,2,5,no,uncertain,"The candidate's central claims are largely well-supported by the cited abstracts: the artifact sources (dendrites, HER, corrosion) associated with pristine Zn anodes are strongly corroborated (C2), the ZHS/pH mechanism confounding intrinsic cathode signal is well supported (C1), the NGO-coated Zn anode as a stabilized platform is directly supported (C3), and the eutectic alloy alternative is directly supported (C4). The weakest link is C5, where one of the two cited sources (vanadium oxide paper, ID:86) is off-target relative to the α-MnO2-specific degradation claim, and the specific quantitative protocol parameter (1000 cycles, \u22655C) is not itself validated by either abstract, representing a procedural extrapolation beyond what the evidence establishes. Several citation tokens (e.g., ID:14, ID:8, ID:6, ID:9, ID:10, ID:65, ID:67, ID:24, ID:20, ID:11, ID:407, ID:62, ID:27, ID:39) are ambiguous within the text since the candidate attributes them to 'Scientist A' or 'Scientist B' narrative voices rather than explicit pool labels; the supplied packet resolves each token to a specific pool (A or B) already, so I treated the resolution as given by the packet's uniquely supplied record per token in this packet (no dual-pool records appeared for the same ID within this packet, so no fabricated/invalid identifier is confirmed, but I flag 'uncertain' since ID:14 appears in two different unrelated fields across pools historically, though only one B-R14a is shown here matching the citation context of GITT/diffusion kinetics for MnO2, which is consistent with the candidate's usage).","ID:14 has two possible referents across pools (B-R14a: MnO2 GITT paper; B-R14b: Zn anode encapsulation paper), but the packet only shows one as apparently relevant to the candidate's Stage 1 CV/GITT claim (B-R14a, pool A). The candidate's surrounding text ('CV to identify redox potentials and GITT...Scientist A [ID: 14, 20]') suggests pool A intent, consistent with B-R14a, so it was treated as resolvable in context, but this required inference beyond a fully explicit pool label, hence some residual ambiguity. Similarly several IDs (8, 6, 9, 10, 24, 65, 67) are attributed to 'Scientist B' passages and resolve to pool B records supplied, which is consistent, but the memo's narrative framing (fictional debate personas) makes attribution somewhat indirect rather than a direct explicit citation format, slightly reducing traceability confidence overall."
29,1,sair,dual_pool_component_control,case_29__rep_01,Candidate A,2,1,5,uncertain,no,"The candidate response is an extensive, well-structured multi-stage testing protocol supported by numerous citations. However, verification is complicated at multiple layers: (1) many numeric ID tokens are ambiguous between pool A and pool B records (e.g., ID:8, ID:30, ID:39, ID:114, ID:249, ID:355) and the candidate's surrounding text rarely disambiguates which pool the citation is drawn from, especially in the several instances where a 'Scientist A [ID: X]' or 'Scientist B [ID: X]' label is given but the underlying record could plausibly belong to either scientist's pool given the duplicate numeric identifiers in the supplied evidence set. (2) Most of the specific mechanistic and diagnostic claims made by the candidate (e.g., the N/P ratio diagnostic logic, the electrolyte-dissolution-suppression mechanism, and the specific inference architecture of comparing pristine vs MnSO4-supplemented electrolyte results) are novel synthesis/reasoning steps by the candidate rather than direct propositions found in the cited abstracts; the abstracts generally provide topically relevant but not mechanistically identical support. Some claims (e.g., air exposure inflating capacity, ID:68) are strongly and specifically supported. Others (many procedural/characterization claims like XRD, SEM, XPS, BET, Raman, GITT, EIS as general techniques) are trivially supported by topically relevant papers but such generic technique-citations were not selected as central claims per instructions to avoid trivial background statements. Overall, evidence directly and specifically supports only a minority of the selected central, mechanistically important claims, while several remain partially supported or unverifiable due to token ambiguity or mismatch between the general topic of the cited work and the specific inferential claim made by the candidate. No fabricated identifiers were found — all cited IDs correspond to at least one supplied record — but the frequent unresolved ambiguity between pools A and B for shared numeric IDs significantly impairs traceability.","Several evidentiary tokens (ID:8, ID:30, ID:39, ID:114, ID:249, ID:355) appear in both pool A and pool B evidence sets, and the candidate's inline attribution ('Scientist A' vs 'Scientist B') does not reliably resolve which specific record was intended when the same numeric ID appears in both pools with materially different content (e.g., ID:8 pool A is a MnO2 doping kinetics paper, pool B is a Zn-anode review). This ambiguity was resolved conservatively by treating support as partial or unverifiable rather than assuming the more favorable pool. The 'consequential_unsupported_or_contradicted_claim' flag is marked uncertain because while no claim is directly contradicted, several central claims involving diagnostic logic (N/P ratio comparison, dissolution-suppression electrolyte rationale) are not directly validated by the cited sources, and given these are core to the proposed evaluation framework's validity, this gap could be considered consequential depending on how strictly one interprets 'central claim support.'"
29,1,ses,dual_pool_component_control,case_29__rep_01,Candidate C,2,1,5,uncertain,yes,"The candidate is a memorandum synthesizing two hypothetical 'scientist' proposals into a four-stage evaluation framework. Central mechanistic claims are heavily interspersed with numeric bracket citations, many of which reuse identifiers that appear in both evidence pools A and B (e.g., [ID: 27], [ID: 8], [ID: 35], [ID: 61], [ID: 200] duplicated across pools), creating structural ambiguity. In most cases the surrounding text labels the citation as 'Scientist A' or 'Scientist B,' which the packet's pooling convention appears to intend as pool disambiguation (A vs. B), but this is an inference on the part of the auditor, not something stated explicitly in the rules, and for at least one important claim (the three-electrode isolation method, the single most central methodological claim in the entire framework) no numeric identifier is supplied at all, leaving it entirely unverifiable against the evidence records. Some claims (C1, C5) map crisply and directly to strong, specific, on-topic supporting abstracts. Others (C2, C4) are only loosely or partially supported: cited papers are topically relevant (MnSO4 additive; Zn anode CE/symmetric cycling) but do not specifically validate the protocol-level claims made in the text (e.g., a formalized '400-cycle' qualification threshold is not directly evidenced by any single citation). Several citations point to conspicuously irrelevant records when both pool possibilities are considered (e.g., [ID: 200] pool B is a bioceramic paper unrelated to ICP-OES Mn quantification in batteries, and [ID: 61] pool B is a corrosion-inhibitor LDH paper unrelated to ZIBs), which, if the ambiguous ID actually refers to those irrelevant pool-B records rather than the intended pool-A battery paper, would constitute a serious traceability failure; the reliance on implicit scientist-label disambiguation rather than explicit pool identification is a structural weakness across the whole citation apparatus. Given the volume of numeric citations, the mix of strong direct support for a couple of claims, partial/tangential support for others, one entirely unverifiable central mechanistic claim, and pervasive ambiguity in ID-to-pool mapping, evidence support and traceability are both weak.","Key uncertainty: whether the convention 'Scientist A [ID: n]' vs 'Scientist B [ID: n]' reliably disambiguates pool A vs pool B for shared numeric identifiers (used here for claims C2 and C4). If this convention does not actually correspond to the record's pool labeling, several of my partially_supported ratings could instead be unsupported or even contradicted. The three-electrode cell claim (C3), which is the core methodological pivot of the whole memo, has no attached identifier and cannot be checked at all, which is a significant gap for a document whose primary function is exactly this deconvolution methodology. Several irrelevant off-topic abstracts exist in evidence pool B for shared numeric tokens (bioceramics, corrosion-inhibitor LDH, ultrasonic NDT) that would represent clear invalid citations if those are in fact the intended targets; I treated the on-topic pool member as the intended reference per the scientist-label convention, but flagged the identifier practice itself as a traceability/fabrication risk."
29,2,ds,generated,case_29__rep_02,Candidate D,2,2,5,yes,yes,"Candidate D presents a detailed, internally coherent four-tier protocol synthesizing two hypothetical prior positions (Scientist A and B), citing numerous internal literature identifiers (labeled per named scientist) that map to supplied evidence records. Several central mechanistic and feasibility claims are anchored to genuinely relevant abstracts (e.g., Mn dissolution phenomena, pH artifacts near MnO2 cathodes, structural analysis methods for cathode degradation), yielding partial-to-full support for those claims. However, key claims about the specific standardized testbed (Zn@CC on carbon cloth with a defined N/P ratio and performance threshold) are only loosely analogous to the cited studies (which use different host materials, e.g., carbon nanofiber or generic carbon additive, and different cathode chemistries), reducing confidence that the cited literature substantiates the specific protocol recommendations. Most seriously, one central claim (post-mortem ICP-OES quantification of Mn dissolution, ID:200) cites a record that is completely unrelated to batteries or Mn chemistry (a bioceramic dental materials study), which is a serious evidentiary failure directly bearing on a consequential claim in the proposed Tier 3 diagnostic protocol. This constitutes either a fabricated/invalid citation mapping or a severe identifier mismatch, undermining confidence in the traceability of the citation scheme as a whole. Given the mix of adequately supported claims, partially supported/analogous claims, and one clearly contradicted/mismatched claim tied to a consequential step of the proposed protocol, overall evidence support and citation traceability are notably weakened.","For C1, the exact protocol of a 'limited number of galvanostatic cycles then ICP-OES' fingerprinting approach is not explicitly validated in the cited abstracts, which discuss Mn dissolution mechanisms more generally; this creates ambiguity about whether the abstracts were meant to support only the general phenomenon or the specific proposed protocol. For C3, it is uncertain whether the carbon cloth vs. carbon nanofiber/carbon-additive distinction was intended by the candidate to be treated as interchangeable evidence, since the underlying architectures differ. For C5, it is very likely that ID:200 was intended to refer to a battery-relevant Mn/ICP-OES study within evidence pool B, but the supplied record for that identifier is unrelated (bioceramics), so this may reflect either a genuine mismatch in the underlying source material provided for audit or an error in the candidate's citation; per instructions, I did not attempt to guess the 'correct' intended source and treated the supplied record as authoritative for this identifier, yielding a 'contradicted' status because the supplied evidence is entirely irrelevant to and does not support the claim as stated. This ambiguity is reflected in an 'uncertain'-leaning judgment but was resolved conservatively toward flagging the identifier issue rather than assuming it is scientifically false."
29,2,mpds,generated,case_29__rep_02,Candidate A,2,1,5,yes,uncertain,"The candidate builds a hybrid testing framework whose central mechanistic claims are a mix of well-supported and poorly-supported citations. The core diagnostic claim about ZHS precipitation (C1) and phase transformation to ZnMn2O4 (C2/C5) are well-supported by directly relevant abstracts. However, the Mn-dissolution-poisons-anode claim (C2) cites a lithium-ion battery paper, not an aqueous ZIB study, which is a significant evidentiary mismatch for a central mechanistic claim underpinning the 'Diagnostic Track' rationale. Additionally, several numeric IDs (e.g., ID: 8, 14, 49) appear in both evidence pools A and B without clear textual disambiguation, creating traceability problems: the candidate cites '[ID: 8, 14, 105]' for GITT/EQCM characterization (pool A makes sense contextually) but also cites Scientist B using '[ID: 8]' for anode stability discussion (pool B), and '[ID: 49]' and '[ID: 13]' consistently appear only in pool B, while '[ID: 14]' appears in both pools with different papers (one MnO2 cathode study, one Zn-anode MXene/graphene study), and the candidate uses ID:14 in a cathode-fingerprinting context (1a) which matches pool A, so that specific instance is likely resolvable by context, but the ambiguity for repeated IDs across the memo makes some claim-evidence links only weakly disambiguated by narrative framing rather than explicit reference. This creates real risk of miscitation for a reader trying to verify the exact source.","For claim C4, cited ID 23 only exists in pool B (NaTi2(PO4)3 protection layer paper), so it is technically unambiguous, but the paper's content (a specific Zn-protection technology demonstrating up to 10,000 cycles) is not clearly the generic '2000+ cycles' claim attributed to Scientist B's general framework; the abstract only shows this specific system's data, so use as generic support for the framework's feasibility is an overreach. For the fabricated/invalid citation identifier flag, I mark 'uncertain' because while all cited numeric tokens do resolve to some record in the supplied evidence (none are outright missing), several tokens (8, 14) are dual-pool tokens where the memo does not explicitly state which pool is intended, creating genuine ambiguity in attribution rather than clear-cut fabrication, per the module's instruction not to guess on ambiguous IDs."
29,2,sair,dual_pool_component_control,case_29__rep_02,Candidate D,3,2,5,no,uncertain,"Candidate D presents an extensive, well-structured multi-stage testing protocol with many specific claims, each nominally backed by numbered citations. On close inspection, the central mechanistic claims that are most consequential to the proposal's validity (Mn2+ additive suppressing dissolution; pH-driven ZHS formation; air/O2 redox-mediator artifacts) are well supported by directly relevant, specific abstracts (D-R15/ID116, D-R03/ID27, D-R21/ID68). However, several other citations are either weakly relevant, generic reviews, or entirely off-topic (e.g., ID 337 pointing to a paper on lead shot ecotoxicology, ID 223 pointing to lithium-ion NMC cathode loading studies, ID 290 pointing to phthalocyanine antioxidant chemistry, ID 61/200 pointing to corrosion-inhibitor/bioceramic ICP-OES studies unrelated to ZIBs). These mismatches suggest either citation-ID collisions between evidence pools A and B or careless sourcing, undermining confidence in the traceability of many claims, even though the most central claims are reasonably well supported. The three-electrode configuration claim (C4) relies on citations that do not address the stated design rationale (activated-carbon counter-electrode sizing, reference-electrode stability), representing a moderate traceability gap for an important methodological claim, though this does not by itself invalidate the overall proposal since the methodology is standard practice in electrochemistry.","Several cited IDs (e.g., 337, 223, 290, 61, 200, 43, 5, 148, 273) map to abstracts entirely unrelated to the candidate's stated claims (ecotoxicology, lithium-ion NMC materials, phthalocyanine chemistry, cement supercapacitors, bioceramics), which may reflect pool-crossover mismatches (multiple evidence pools per numeric ID) rather than clear fabrication; the candidate text does not disambiguate pools for these citations, so I flagged fabricated_or_invalid_citation_identifier as uncertain rather than yes, consistent with the instruction not to guess at ambiguous IDs. This affects confidence in citation_traceability broadly beyond the five sampled central claims, since numerous secondary claims throughout the protocol share the same citation-mismatch pattern."
29,2,ses,dual_pool_component_control,case_29__rep_02,Candidate B,3,2,5,no,uncertain,"Candidate B is a synthesis memo that aggregates dozens of numeric ID citations attributed to 'Scientist A' or 'Scientist B' without providing its own reference list mapping IDs to full bibliographic records; the supplied evidence records reveal several IDs are ambiguous across two evidence pools (e.g., ID:8, ID:26, ID:30 appear in both pool A and pool B with different papers). The candidate text does partially disambiguate by explicitly attributing citations to 'Scientist A' or 'Scientist B', which the packet's evidence records also label by pool (A or B), and in most sampled cases the attribution correctly aligns with the correspondingly labeled pool record. However, this reliance on secondary attribution (rather than a clear standalone reference list) leaves several claims only partially or indirectly supported, since many cited studies pertain to related but not identical materials (e.g., delta-MnO2, general MnO2, or non-alpha polymorphs) rather than the specifically claimed alpha-MnO2 system. Central claims about pH-driven degradation and DEMS-based H2 quantification are well supported by directly relevant abstracts, but claims about universal N/P ratio protocol standards and about alpha-MnO2-specific structural transformation are only loosely supported by the cited abstracts, which sometimes address different polymorphs or general aqueous ZIB systems. No claim is directly contradicted by evidence, and no clearly fabricated identifier was found, but the persistent ambiguity of dual-pool IDs (i.e., which underlying paper is intended) makes several links uncertain rather than fully traceable.","Several cited numeric tokens (e.g., ID:8, ID:26, ID:30, ID:9) appear in both evidence pools A and B with different underlying papers; the candidate's text labels citations by 'Scientist A' or 'Scientist B', which plausibly resolves the ambiguity by matching the pool label in the evidence records, but this reviewer cannot be fully certain that every attribution is accurate given the complexity and volume of citations. Because Pass 2 rules state that a bare numeric ID appearing in two pools is ambiguous unless the surrounding text clearly identifies the intended pool, and the candidate's text does specify 'Scientist A' vs 'Scientist B' for each citation (which aligns with the pool labeling in the records), I treated these as resolvable in most cases, but flagged the fabricated_or_invalid_citation_identifier as uncertain given the sheer density of citations and the difficulty of independently confirming every one against the correct pool without the full original Scientist A/B source documents (which were not supplied)."
29,3,ds,generated,case_29__rep_03,Candidate C,2,1,5,no,uncertain,"The candidate's memo synthesizes two hypothetical scientists' positions and attributes citations to each ('Scientist A [ID: x]' / 'Scientist B [ID: y]'), which is an unusual citation format that nonetheless maps largely to the supplied evidence pools. Central mechanistic claims (electrolyte-dependent MnO2 behavior, pH-microelectrode operando tracking, high-loading pouch cell validation, in-situ phase-change tracking) each have plausible supporting abstracts, but several claims bundle multiple IDs where only one is genuinely on-point (e.g., ID 267 bundled with ID 39 for the pH claim; ID 214's phase-change description doesn't demonstrate an operando XRD/Raman method as implied). The most serious traceability issue is ID 57, which exists in two evidence pools (A: MnO2 vs Mn2O3 comparison; B: GBL additive for Zn reversibility) and is invoked in two different attributions across the memo ('Scientist A [ID: 57]' in Stage 2 post-mortem section vs 'Scientist B [ID: 22, 57]' in Stage 1) without clearly and consistently disambiguating pool membership at each point of use, creating a material ambiguity for at least one important claim. No claim is directly contradicted by its cited evidence, but overreach (attributing broader methodological validation to narrow single-topic abstracts) is common across claims C3-C5.","The dual appearance of ID 57 across both Scientist A and Scientist B attributions in different sections, referencing different evidence pools (A vs B), creates genuine ambiguity about which record the candidate intends at each citation instance; this was scored as uncertain for the fabricated/invalid identifier flag rather than a definitive fabrication, since the token itself is valid in both pools but the candidate's dual usage muddies unique attribution. Additionally, several claims (C4, C5) reflect the memo's own synthesis and extrapolation beyond what the cited abstracts directly demonstrate, though this reflects overreach rather than outright contradiction, so support_status was set to partially_supported rather than unsupported or contradicted."
29,3,mpds,generated,case_29__rep_03,Candidate E,2,1,5,yes,uncertain,"The candidate's central claims are a mix of well-supported general statements (Zn anode instability, C3) and several claims that either overreach the cited evidence (C1, C4) or rely on non-analogous or irrelevant sources (C2, C5). Notably, C2 cites a lithium-ion cell degradation study to support a claim about Zn anode poisoning in aqueous ZIBs, which is a significant chemistry mismatch and constitutes an unsupported claim central to the diagnostic framework's justification. C5's ambiguous ID 355, mapping to two unrelated pools (lithium recovery vs. Zn cycle life), is not resolved by the candidate's text, undermining traceability for a claim central to the proposed validation protocol (pouch cell testing metrics). Given that C2 and C5 are both important to the mechanistic/feasibility narrative and are unsupported/unverifiable respectively, this materially weakens the evidentiary basis of the memo's central synthesis, though the overall citation practice is reasonably transparent (explicit ID tags throughout) rather than fabricated.","For C1, it is unclear whether the reviewer should treat 'diagnostic signal' language as within-scope of E-R01's demonstrated pH-mechanism finding or as an added inference; I treated it as partially supported. For C4, the two cited papers each individually fall just short of the exact quantitative bar stated (>99.5% CE), so partial support was assigned rather than full support or contradiction, since the underlying phenomena (long cycling, high CE) are demonstrated qualitatively. For C5, the ambiguous ID 355 could not be resolved from the candidate's own text since both scientists cite the same numeral without pool-specifying context, so I flagged this as an 'uncertain' fabrication/invalidity case rather than a definitive fabrication, since the identifier itself is not clearly bogus, just ambiguous across supplied pools."
29,3,sair,dual_pool_component_control,case_29__rep_03,Candidate C,2,1,5,no,uncertain,"The candidate proposes a well-structured tiered testing framework and cites a large number of numeric IDs, many of which map cleanly to directly relevant abstracts (e.g., pH/mechanism claims, MnSO4 dissolution suppression). However, several central claims rely on numeric IDs that are ambiguous across pools A and B (e.g., ID 8, ID 30, ID 114 appears with different pool records elsewhere in the packet though only one instance is given per token here), or map to abstracts on tangential topics (wound healing, dental sealants, corrosion inhibitor release) that are clearly irrelevant to the claim being made, indicating that not all IDs were verified for topical relevance before citation (e.g., ID 61 and ID 479 cited for ICP-OES/ICP-MS methodology support link to unrelated biomedical papers, and ID 338 for XAS Mn oxidation state links to an unrelated dental polymer paper). This substantially undermines citation traceability for the post-mortem/diagnostic quantification claims, even though those specific claims were not selected as the five central claims for detailed audit. Among the five sampled central claims, most have at least partial support from topically relevant abstracts, but numeric performance thresholds (e.g., >99.7% CE) are not corroborated by the actual values in the cited sources, and some inferential claims (attribution bias to cathode) go beyond what the cited abstracts establish.","Several citation identifiers throughout the full candidate text (e.g., ID 61, ID 479, ID 338) map to abstracts entirely unrelated to the surrounding scientific claims (corrosion inhibitor nanoparticles, wound-healing nanocomposites, dental sealants), suggesting possible identifier mismatch or misattribution, though these were not among the five claims formally scored. For the five sampled claims, ID 114 was supplied only as a pool A record in this packet without a pool B counterpart, so no cross-pool ambiguity applies, but its relevance to the specific dissolution-suppression claim is weak. ID 8 and ID 30 appear in both pools A and B elsewhere in the packet (for other claims not selected here), which could indicate systemic ambiguity in citation-to-pool mapping method, but since this did not affect the five selected central claims directly, it is noted here as a general uncertainty rather than folded into a specific claim rationale."
29,3,ses,dual_pool_component_control,case_29__rep_03,Candidate A,2,2,5,yes,uncertain,"This memo synthesizes two underlying proposals and cites a very large number of bracketed numeric IDs, many of which map to two different evidence pools (A and B) for the same numeral (e.g., [ID: 8], [ID: 30], [ID: 6], [ID: 10]), creating substantial ambiguity about which pool is intended unless the candidate explicitly labels 'Scientist A' or 'Scientist B' alongside the ID—which it does consistently in the text, resolving most pool ambiguity at the sentence level. However, when checking specific evidentiary content against claims, several citations are either mismatched (e.g., ID 61 pointing to an unrelated corrosion-inhibitor/LDH paper cited as support for Mn dissolution ICP-OES analysis) or only tangentially relevant (e.g., ID 147 for a specific CMC-based formulation claim, or ID 62/24 for the specific Zn||Zn symmetric-cell recommendation). The strongest, most well-matched citations are for local pH monitoring (ID 39) and H2 evolution quantification via GC/DEMS (ID 6, ID 10), which are highly specific and directly on-point. Overall, roughly half of the sampled central claims have solid direct support, while the rest show partial or weak alignment between the claim's specific mechanistic/procedural content and the cited abstract's actual scope. This pattern of overreach--citing broadly relevant review papers or loosely related studies to support specific procedural recommendations--is common throughout the memo (e.g., using general electrolyte/anode review papers to justify a specific decoupling protocol) but does not appear to represent fabricated identifiers outright, since all cited IDs are resolvable to real records; the concern is about content-relevance mismatches rather than nonexistent citations.","For claim C1, the mismatch of ID 61 (pool B) to an off-topic corrosion-inhibitor paper is a fairly clear-cut mismatch, but it is possible the candidate intended a different underlying source that was mislabeled in the evidence packet rather than the candidate fabricating a citation; hence I marked fabricated_or_invalid_citation_identifier as 'uncertain' rather than 'yes', since the ID does resolve to a real, if irrelevant, record and I cannot confirm intent. The consequential_unsupported_or_contradicted_claim flag is set to 'yes' because the Mn-dissolution/ICP-OES claim is central to the proposed evaluation framework (used to attribute degradation to electrolyte/interface artifacts) and one of its two supporting citations is essentially irrelevant, materially weakening the evidentiary basis for a claim that is used as a key decision criterion in the final framework. Other partially_supported claims (C3, C5) are less consequential to the core mechanistic argument but still reflect a pattern of loosely matched citations bolstering procedural recommendations."
30,1,ds,legacy_replicate_1,case_30__rep_01,Candidate B,2,1,5,yes,no,"The candidate's central mechanistic claims about MOF-pyrolysis conductivity failure (C2) and CNF electrospinning benefits (C3) are supported by evidence records that are thematically unrelated to the specific claims (MnS nanochains, Pd-Fe ORR catalysts, NiCo2S4 Li-storage), constituting unsupported citations for consequential feasibility arguments underpinning the director's final recommendation. Several other claims (C1, C4, C5) receive only partial support, since cited abstracts are frequently drawn from adjacent but non-identical systems (different metal ions such as K+ or Li+ rather than Na+, or non-selenide materials such as SnO2, Nb2O5, ZnFe2O4, Mo2C) or address different mechanisms (catalysis, microwave absorption, CO2 capture) rather than the sodium-ion selenide anode mechanism being argued. No numeric ID collisions across pools A and B were left ambiguous in-text (all pool tags were embedded in the evidence records themselves, not resolved by the candidate at time of writing, but each ID was cited only once per specific evidence file so traceability of raw pointer to record is not fabricated). However many cited sources do not actually substantiate the mechanistic point they are attached to, which is why citation traceability is low despite no strictly invalid/fabricated identifiers.","Several IDs (e.g., 24, 30, 492, 94, 158, 80, 83) are cited from 'pool B,' a set of records that are overwhelmingly about unrelated non-battery or non-selenide topics (catalysis, CO2 capture, microwave absorption). This raises concern that the underlying citation pool assignment used by the candidate could reflect either mismatched retrieval or hallucinated support attribution, but since the task supplies exactly one record per token, I did not treat this as 'fabricated identifiers' — the identifiers resolve to real records, just largely irrelevant ones. I flagged the consequential unsupported claims (C2, C3) as 'yes' because they underlie the director's key architectural recommendation (electrospun CNF scaffold to solve conductivity issues) yet lack genuine evidentiary support in the supplied abstracts."
30,1,mpds,legacy_replicate_1,case_30__rep_01,Candidate D,3,3,5,no,uncertain,"Candidate D presents a debate-synthesis memo comparing two architectural philosophies (hollow bimetallic selenide vs. nanofiber monometallic selenide) and cites numbered evidence IDs attributed to each fictional scientist. Most central claims map to real, topically relevant abstracts, and several key claims (yolk-shell volume buffering, heterointerface kinetics enhancement, nanofiber flexibility) find reasonable support in the cited records. However, several claims aggregate multiple citations for compound claims where only some sources support each component (e.g., mixing spin-polarization mechanisms with heterointerface built-in field mechanisms, or citing an Fe1-xS sulfide as evidence for selenide rate performance). This creates partial rather than full support in several instances. Traceability is complicated by the ID:2 token, which is explicitly noted as ambiguous (present in both pools A and B) but the candidate uses it consistently for the MOF-derived selenidation paper, which is resolvable from context. Other IDs map cleanly to single supplied records. No fabricated/inexistent identifiers were found among the supplied records, though the reviewer cannot verify if additional uncited IDs exist elsewhere in the original candidate text that were not supplied.","The token [ID: 2] is flagged in the evidence pool as ambiguous between pools A and B, though both point to the same record (D-R07), so no material ambiguity resulted in practice. This packet only supplies evidence for identifiers actually cited in the visible candidate text; it is possible additional IDs cited elsewhere (e.g., in fuller unshown debate transcripts referenced obliquely) were not included, but based on the supplied records all cited tokens resolve to specific records. The claims are compound (attributing multiple ID citations to single sentences), which limits precision in assessing whether every individual source within a bundled citation fully supports the stated mechanism; this is reflected in the partially_supported ratings rather than treating the group as either fully supported or unsupported. Because the compound claims mix supported and unsupported components without being flatly contradicted, no central claim was rated 'contradicted' or fully 'unsupported', and the consequential-claim flag is set to 'no' since the overall directional claims (hollow architecture aids volume buffering; heterointerfaces/bimetallic aid kinetics) remain broadly consistent with the cited literature, even if some specific numeric or mechanistic details are only loosely mapped to the exact cited papers."
30,1,sair,dual_pool_component_control,case_30__rep_01,Candidate B,3,3,5,no,uncertain,"Candidate B builds a well-referenced case for yolk-shell bimetallic-selenide/N-doped-carbon architectures via MOF templating. Most central claims are grounded in closely analogous or directly matching literature: the volume-expansion/degradation problem (C1) is strongly supported by four independent selenide-SIB reviews; the yolk-shell bimetallic-selenide-in-carbon strategy (C2) is directly supported by three closely matching primary studies (FeSe2, ZnCoSe, CoSe2/ZnSe systems), with one supporting citation ([ID:249]) being a sulfide rather than selenide system, introducing minor imprecision. The heterointerface built-in-field mechanism (C3) is partially supported: one cited study (ID:133) explicitly reports a DFT-confirmed interfacial electric field, but the candidate extends this to a general design principle with the hedge 'it is inferred,' appropriately signaling inference rather than established universal fact. The staggered-potential self-accommodation claim (C4) is well supported by directly relevant ZnSe/CoSe2 and bimetal-selenide/carbon composite studies. The Kirkendall-effect/differential-volatility void-formation mechanism (C5) draws on several relevant but not perfectly matching studies (monometallic NiSe2 Kirkendall effect, sulfide yolk-shell metal-evaporation method, generic MOF-derived carbon encapsulation), so the specific combined mechanism is only partially evidenced by the aggregate citations rather than a single unambiguous source. Citation traceability is generally good because most numeric IDs are explicitly assigned to 'Scientist A' or 'Scientist B' labels that disambiguate pool, and the supplied records show clear pool assignments matching those labels for nearly all cited IDs. However, ID 2 is listed as appearing identically in both pools A and B (same record), and ID 1 has two very different records in pools A and B (SIB review vs. HER catalyst), so while the candidate's explicit 'Scientist A [ID: 1]' labeling resolves the ambiguity for readers with access to the pool key, some structural ambiguity in the underlying evidence set warrants a moderate rather than top score, and constitutes the basis for the 'uncertain' fabricated/invalid identifier flag (not clearly fabricated, but the dual-pool structure creates residual identification risk without independently confirmable pool assignment logic beyond the label itself).","Some claims (C3, C5) combine multiple citations describing analogous but not identical systems (e.g., sulfide vs. selenide yolk-shell architectures, monometallic vs. bimetallic Kirkendall effect), making the precise mapping between claim and specific supporting record somewhat approximate rather than exact. The dual-pool structure for ID 1 and ID 2 introduces some structural ambiguity in the evidence set that could not be fully resolved from the candidate text alone, though the explicit 'Scientist A/B' labels appear to disambiguate intended pools in this packet."
30,1,ses,dual_pool_component_control,case_30__rep_01,Candidate D,3,2,5,no,uncertain,"Candidate D synthesizes two hypothetical proposals into a unified yolk-shell bimetallic selenide/N-doped carbon design and cites a large number of numeric IDs across two evidence pools (A and B). Most central claims regarding bimetallic selenide heterointerface benefits, void-mediated strain buffering, and NDC shell function are well supported by directly relevant, on-topic abstracts (sodium-ion selenide anodes, yolk-shell/void architectures, N-doped carbon shells). The MOF-derived synthesis claim is also reasonably well supported by directly relevant abstracts describing MOF-derived selenide anodes. However, traceability is weakened by: (1) the ambiguous ID:31 token, which appears in two evidence pools mapping to unrelated papers (a sodium-selenide anode paper in pool A vs. an unrelated vanadium-oxide lithium paper in pool B) without the candidate text clearly indicating which pool applies for that specific citation instance; (2) several citations (e.g., ID:213 OER catalyst paper, ID:406 Na-Se cathode paper, ID:14 CoNi OER catalyst paper) are used as supporting evidence for battery-anode-specific architectural or void-creation claims despite being from adjacent but distinct application domains (electrocatalysis, cathode chemistry) rather than directly on-topic selenide anode literature, representing a degree of citation overreach. These ambiguities and adjacent-domain citations reduce citation traceability below full marks, even though the core scientific claims are broadly well-grounded in the majority of the cited literature.","The ambiguity around ID:31 (two distinct records in pools A and B) is a genuine traceability problem the text does not resolve, though it does not appear to invalidate the core claim since pool A's record (D-R10a) is directly on-topic. Some citations (ID:213, ID:406, ID:14, ID:55) are from adjacent domains (OER catalysis, Na-Se cathodes, general MOF-carbon composites) rather than being selenide-anode-specific; whether these constitute 'fabricated or invalid' citations is uncertain since they are real, valid records but only loosely support the specific mechanistic claims made — this is why the fabrication flag is marked 'uncertain' rather than 'no'. No claim was found to be directly contradicted by its cited evidence."
30,2,ds,generated,case_30__rep_02,Candidate A,3,3,5,no,uncertain,"The memo synthesizes two positions and cites a large number of evidence records, most of which map to plausible, topically relevant abstracts (metal selenide anodes, carbon encapsulation, bimetallic heterostructures, yolk-shell architectures) supporting the central mechanistic claims about void engineering, encapsulation, and heterostructures. However, several supporting claims (especially C4 and C5) rely on analogic evidence from non-selenide chemistries (Si, Sn microparticle/nanofiber anodes) to support selenide-specific architectural claims, which is only partially supportive and represents an extrapolation beyond the literal system studied. Numeric ID citations are frequently ambiguous because many tokens (e.g., [ID: 2], [ID: 48], [ID: 133], [ID: 107], [ID: 371], etc.) appear in both evidence pools A and B; the packet clarifies that ID 2 is shared (same record) but does not resolve whether other bare numeric IDs used by Candidate A (many of which match pool A records in the supplied evidence, per the evidence pool column) are unambiguous. Since the supplied evidence explicitly labels each cited token with a single pool (A) except for ID:2 (A and B, same record), the mapping is largely resolvable, but the frequent reliance on cross-pool numbering system embedded in a debate memo introduces some residual ambiguity as to whether the candidate consistently intended the correct pool for every citation, especially for claims blending Scientist A and Scientist B citations together (e.g., claim 2 in the framework section citing both A-list and B-list IDs together such as [ID: 33, 59]; Scientist B [ID: 48, 160]). This creates minor uncertainty about fabricated/misattributed identifiers, though no clearly invalid or fabricated ID was found in the supplied evidence set.","Central claims C4 and C5 depend partly on evidence describing Si/Sn-based systems rather than metal selenides, which are structurally analogous but not the same material system; this is judged as partial support rather than direct support. Some cited numeric IDs (e.g., 2, 48, 133, 107, 371, 22, 389, 236, 266, 160, 14) belong to Evidence Pool B while the candidate's own labeling (Scientist A vs Scientist B) generally routes them to the correct scientist, but the packet's dual-pool numeric ID scheme creates a structural traceability risk that a reviewer without pool labels could misattribute. The fabricated/invalid identifier flag is marked 'uncertain' primarily due to this systemic ambiguity in the shared ID numbering, not because any specific record was clearly wrong or fictitious."
30,2,mpds,generated,case_30__rep_02,Candidate C,4,4,5,no,no,"The candidate's central claims are drawn from a debate synthesis and are each tied to specific evidence identifiers. Cross-checking against the supplied abstracts shows strong, direct support for most claims: the ether-electrolyte SEI mechanism (C1), yolk-shell architecture benefits (C2), spin-state/kinetic engineering (C3), and heterostructure kinetic benefits (C5) are all well matched to their cited abstracts. The hierarchical hollow-carbon encapsulation claim (C4) is only partially supported because one of the two cited records (ID: 134) concerns an FeP-based (phosphide) system rather than a selenide, making it an adjacent but not directly on-point piece of evidence for the selenide-specific claim, even though it supports the general architectural principle. No fabricated or unresolvable identifiers were found; all cited IDs map to supplied records, and where two evidence pools were provided for a token (e.g., ID: 2), the surrounding text and shared record content made attribution unambiguous. No claim was contradicted by its evidence.","ID: 2 was cited by both Scientist A and Scientist B pointing to the same underlying record (C-R07), which is unambiguous since only one record was supplied for that token. IDs 134/266/133 are pool B records mapped without ambiguity since only single records were provided per token in this packet. The main residual uncertainty is whether the FeP-based reference (ID: 134) was intended by the candidate as strong direct evidence for selenide-specific hollow-carbon nanostructuring or merely as an analogous supporting example from a related material class; this affects claim C4's support level but does not rise to a fabricated-citation or contradiction concern."
30,2,sair,dual_pool_component_control,case_30__rep_02,Candidate A,3,2,5,no,uncertain,"The candidate builds a coherent mechanistic case for a yolk-shell bimetallic-selenide/N-doped-carbon architecture, citing a large number of closely on-topic abstracts for heterostructure interface effects, void-mediated strain accommodation, N-doped carbon polyselenide trapping, and ether-electrolyte SEI benefits. Most central claims map to genuinely relevant, directly supporting records (evidence_support ~3-4 territory), but citation traceability is weakened by the packet's warning that several numeric IDs (e.g., ID 14, ID 1, ID 7) are shared between Evidence Pool A (topically relevant selenide/battery papers) and Evidence Pool B (often unrelated electrocatalysis/wastewater papers), and the candidate's bare bracketed tokens do not explicitly state which pool is intended. Although context (surrounding text about selenide chemistry) makes pool A the clearly intended source in each of these cases, the candidate itself never disambiguates pool identity, which is the specific ambiguity condition the module flags as unresolved. This lowers citation_traceability to 2. Evidence_support is set to 3 because, while most central mechanistic claims (heterointerface effects, void strain relief, polyselenide trapping, ether-electrolyte SEI) are well supported by on-topic abstracts, one claim (C2, staggered-potential stress buffering) is only partially supported (evidenced only in a lithium-ion system) and the ambiguous dual-pool IDs create residual uncertainty about the specific attributions for C3. No claim is contradicted, and no claim was found to cite a clearly fabricated/nonexistent identifier, but the systematic dual-pool ambiguity for several bare IDs makes the fabricated_or_invalid_citation_identifier flag 'uncertain' rather than 'no.'","Several numeric identifiers cited by the candidate (IDs 1, 7, 14) correspond to two different evidence-pool records each, one clearly on-topic (pool A) and one clearly off-topic/unrelated (pool B, e.g., electrocatalysis or wastewater papers). The candidate's bare bracketed citations do not explicitly state which pool is intended, though surrounding text context strongly suggests pool A in all cases. Per module rules, this ambiguity should not be resolved by guessing, so it is treated as a material traceability gap even though the likely intended source seems clear from context. This affects claims C2 and C3 specifically. No claim was judged unverifiable outright, and no clearly fabricated invalid ID was identified, but the pervasive dual-pool ambiguity motivates the 'uncertain' flag for fabricated_or_invalid_citation_identifier."
30,2,ses,dual_pool_component_control,case_30__rep_02,Candidate C,3,2,5,no,uncertain,"The candidate is a synthesis memo reconciling two hypothetical proposals (A and B), citing numerous numeric IDs tied to two separate evidence pools (A and B). Central claims about yolk-shell architecture buffering volume expansion, bimetallic heterostructures enhancing kinetics, and MOF-templated synthesis are well supported by directly on-topic abstracts (FeSe2@C, ZnCoSe@NDC, Ni3Se4/CoSe2@C, MOF-derived selenidation strategy, ZnSe@CoSe2@N-C, core-shell ZnSe@CoSe2/NC). However, several IDs are cited without explicit indication of which pool (A or B) is intended, and some cited pairs (e.g., ID 7, ID 35) resolve to entirely different chemistries (SnO2, tin oxide) in pool B versus selenide chemistry in pool A -- the candidate text nominally attributes these to 'Scientist A' or 'Scientist B' which somewhat resolves pool attribution, but this reliance on narrative framing rather than explicit evidentiary identification introduces meaningful ambiguity, especially for shared numeric tokens. The core synthesis-pathway claim (two-step alloy-intermediate-then-selenidation) is not directly demonstrated by any single supplied abstract; the closest analogues (CoNi alloy@NC for oxygen catalysis, ZnSe/CoSe2@N-C via solvothermal-selenization) are adjacent but not identical processes, constituting a partial/adjacent-proposition situation rather than direct support. The PDA-coating-for-shell-thickness-control claim is also only loosely supported, since neither cited abstract explicitly frames PDA coating as an independent thickness-tuning lever. No claim is contradicted, and no identifier is clearly fabricated, but the systematic use of bare numeric IDs across two pools with only implicit resolution via 'Scientist A/B' framing reduces confidence in traceability for several central claims.","Ambiguity in numeric-ID-to-pool attribution is pervasive: IDs 2, 7, 14, 35, 74, 80, 133, 266 (and others) appear as bare tokens explicitly labeled 'Scientist A [ID: n]' or 'Scientist B [ID: n]', which does provide some disambiguation via the surrounding candidate text, but the underlying evidence packet still presents dual-pool records for the same ID number (e.g., ID 7, ID 35), and the resolution is based on inferred authorial attribution rather than an explicit pool declaration in the evidence records themselves. This creates residual uncertainty about whether the intended record for each citation is the one that best supports the claim. The fabricated_or_invalid_citation_identifier flag is set to uncertain because no citation is clearly invalid/fabricated, but the systematic cross-pool ambiguity for several IDs cannot be fully resolved with confidence from the supplied materials alone."
30,3,ds,generated,case_30__rep_03,Candidate E,3,3,5,no,uncertain,"Candidate E constructs a memo synthesizing two hypothetical scientist positions and citing numerous IDs behind each claim. Most cited evidence records are topically relevant and provide partial-to-full support for the general claims about hollow/void architectures aiding cycling stability (C2 strongly supported) and mono-metallic viability with carbon encapsulation (C4 partially supported). However, several claims stretch cited evidence: the 'built-in electric field' mechanism for bimetallic heterostructures (C1) is only loosely tied to the actual mechanisms described in cited abstracts (interface diffusion barriers, spin-polarization), and claims about 'dead volume'/tap density advantages of nanofiber frameworks over hollow particles (C3) and distributed void space in nanofibers (C5) are supported only by analogy to different chemistries (Sn, Se cathode, Sb-based) rather than direct evidence for the metal-selenide/nanofiber system being proposed. No claim is clearly contradicted. The ID:2 token is used by both Scientist A and Scientist B camps with different implied context (MOF-derived encapsulation vs simpler system), and evidence pool for ID:2 is listed as shared (A and B same record), reducing ambiguity, but other tokens like ID:6, ID:3 are used in multiple places without incremental record repetition, requiring cross-referencing but are resolvable given supplied records with only one candidate pool listed per ID (mostly pool A). No clearly fabricated ID was identified, but the extensive reliance on adjacent-topic evidence (Sn, Sb, Se-cathode systems) for core electrode-architecture claims raises interpretive risk not amounting to fabrication.","Uncertainty exists regarding whether IDs like [ID:2] intended for both Scientist A (MOF-derived carbon encapsulated selenides) and Scientist B (simpler mono-metallic systems) arguments are being used consistently; the shared evidence record (pool A and B) reduces but does not eliminate this ambiguity, since the same source is used to support two somewhat different rhetorical points (complexity of MOF synthesis vs simplicity of mono-metallic performance). Also, several claims about nanofiber-specific 'dead volume,' 'tap density,' and 'distributed void space' properties are supported only by analogy to non-selenide chemistries (Sn, Sb, Se cathode), so it is uncertain whether the abstracts constitute genuine support or merely topical adjacency. No explicit ID was flagged as clearly fabricated, but the analogical evidence use for C3 and C5 pushes toward the lower end of support classification."
30,3,mpds,generated,case_30__rep_03,Candidate B,3,2,5,yes,uncertain,"The candidate builds a hybrid recommendation from a two-scientist debate framing, citing many identifiers. Several key mechanistic and feasibility claims (Se-C bonding, general TMSe/carbon encapsulation strategies) are well supported by directly relevant abstracts. However, some central claims rely on cross-chalcogen analogy (sulfide records cited to support selenide claims, e.g., ID 107 for Fe7Se8, ID 55 for Ni-Co selenide) that are not directly supported by the supplied abstracts, and one important claim (ether vs carbonate electrolyte SEI benefit) uses an ambiguous ID (5) that maps to two entirely different-topic records in pools A and B, making that specific citation unusable as unique support even though a same-numbered pool-A record would independently support the claim. This mixture of solid support for some claims and unresolved ambiguity/mismatch for others yields moderate evidence support and traceability.","ID 5 ambiguity is a significant issue: pool A record strongly supports the ether-electrolyte SEI mechanism, but pool B record is unrelated (ORR catalyst), and the text does not disambiguate pool despite distinguishing 'Scientist A' vs 'Scientist B' framing for other IDs. Because the surrounding text lists ID 5 under both Scientist A and Scientist B without pool-specific labeling, I treated it as unverifiable per the ambiguity rule. Similarly, ID 107, 160, 55, 7, 48, 249 all reference pool B chalcogenide/carbon-encapsulation studies that are frequently sulfide- or oxide-based analogues rather than the exact selenide systems claimed, which weakens but does not eliminate their evidentiary value for the general design principle (encapsulation, hollow carbon, MOF-derived synthesis) even though they don't confirm chemistry-specific claims one-to-one."
30,3,sair,dual_pool_component_control,case_30__rep_03,Candidate D,4,3,5,no,uncertain,"Candidate D presents a coherent, well-referenced yolk-shell bimetallic selenide/dual-carbon architecture proposal. Most central mechanistic claims (heterostructure-enhanced kinetics, void-mediated strain buffering, N-doped carbon polyselenide trapping, ether-electrolyte SEI benefits) are backed by directly relevant, topically matched abstracts from evidence pool A, and traceability is generally strong for these claims. However, some citations use bare numeric IDs (e.g., [ID: 7], [ID: 2], [ID: 149], [ID: 22], [ID: 80]/[ID:137]-adjacent tokens) that appear in both evidence pools A and B with materially different, unrelated content (e.g., ID 7 in pool B refers to an SnO2 lithium-ion anode paper, ID 149 in pool B refers to a water-splitting catalyst paper unrelated to sodium-ion selenide anodes, ID 22 in pool B refers to a silicon LIB anode paper). The candidate text attributes these to 'Scientist A' or 'Scientist B' labels distinguishing pools in most cases, which does resolve ambiguity for many claims, but a few pool-B-labeled citations (e.g., Scientist B [ID: 149], Scientist B [ID: 22], Scientist B [ID: 266], Scientist B [ID: 409], Scientist B [ID: 160]) point to abstracts on unrelated systems (water splitting, LIB Si/SnO2 anodes, red phosphorus NIB anodes, CoSe2 Li/Na dual-role anodes) that are only loosely or not at all supportive of the specific claims where they are cited, raising traceability concerns for those secondary citations, though the core central claims I selected are anchored primarily to pool A records with clear topical relevance.","The MOF-templated synthesis claim (C3) required partial inference since no single cited abstract fully describes the exact ZIF-8@ZIF-67 + PDA + thermal-mismatch void formation mechanism for the Zn-Co-Se system as stated; this is a reasonable synthesis of multiple related studies rather than a direct one-to-one match. Additionally, several Scientist B-labeled citations for peripheral claims (not among my five selected central claims) point to abstracts about unrelated battery chemistries (e.g., water splitting catalysts, Si/SnO2 LIB anodes, red phosphorus anodes), which do not directly support the specific sentences they are attached to; this affects overall traceability confidence though it does not undermine the five central claims I selected, which rely on clearly on-topic pool A evidence."
30,3,ses,dual_pool_component_control,case_30__rep_03,Candidate B,3,3,5,no,uncertain,"Candidate B synthesizes two hypothetical proposals (Scientist A and Scientist B) and cites numeric IDs attributed to each scientist's evidence pool. Most central claims regarding MOF-derived synthesis, bimetallic heterostructure charge-transfer benefits, and yolk-shell void buffering are supported by at least one directly relevant selenide-based SIB abstract (e.g., B-R05, B-R08, B-R09, B-R15, B-R16, B-R19). However, several citations attributed to 'Scientist B' point to abstracts describing non-selenide or non-SIB systems (liquid metal anode in B-R02, vanadium oxide in B-R17, SnS2 in B-R18, CoNi alloy oxygen electrocatalyst in B-R12, Ni-Co-S supercapacitor/LIB in B-R07), which only analogically support the general principles (void buffering, carbon encapsulation, MOF templating) rather than directly verifying the selenide-specific claims. This creates partial support rather than full support for several claims. The numeric ID scheme is internally consistent within the candidate's own labeling (Scientist A vs Scientist B pools), and the supplied evidence records map cleanly one-to-one to each cited token without any duplicate-ID ambiguity requiring pool disambiguation, so traceability is reasonably good, though the substantive relevance of several Scientist-B-attributed sources to the specific selenide-based claims is questionable enough to lower evidence support.","The 'fabricated_or_invalid_citation_identifier' flag is marked uncertain because although every cited ID resolves to a supplied record (no missing/ambiguous pool situation is presented for this candidate's citations), several of those resolved records (e.g., IDs 65, 31, 249, 14, 55) describe materials or chemistries (liquid metal, vanadium oxide, tin sulfide, CoNi alloy, Ni-Co-S) that are only loosely analogous to the specific selenide/SIB claims they are cited to support, raising a question about whether the citation-to-claim mapping is substantively valid even though the identifier itself is not invalid or missing. This is a matter of relevance rather than fabrication, but it affects confidence in the strength of the citation network."
