case_id,replicate_id,condition,packet_id,alias,claim_id,support_status,cited_evidence_count,cited_evidence_labels,claim_text,rationale
1,1,ds,case_01__rep_01,Candidate D,C1,supported,1,D-R01,"The primary performance bottleneck at high active material loading is a diffusive limitation at the NCM811-LPSCl interface, alleviated by employing fine (sub-micron) catholyte particles that increase contact area.","D-R01 directly reports that increasing AM:SE ratio increases diffusive limitations from small contact area, and that fine catholyte particles increase contact area and alleviate this limitation, matching the claim closely."
1,1,ds,case_01__rep_01,Candidate D,C2,supported,1,D-R07,"Aggressive milling to produce fine SE particles significantly reduces intrinsic ionic conductivity, potentially creating a resistive interface that offsets contact-area gains, motivating an optimized unimodal particle size rather than bimodal fine/coarse mixing.","D-R07 shows that longer milling reduces both particle size and ionic conductivity, and identifies an optimum milling time balancing contact area against conductivity loss, directly supporting this claim."
1,1,ds,case_01__rep_01,Candidate D,C3,partially_supported,3,D-R08|D-R04|D-R48,"A functional, Li+-conducting ionomer binder is essential for providing mechanical resilience (crack healing / contact maintenance) during NCM811 volume changes, and participates in the ionic network unlike traditional insulating binders, in a scalable dry-film process.","D-R08 supports the ionomer binder facilitating Li+ transport and good interfacial contact in a dry process, but does not itself demonstrate crack-healing/mechanical resilience during cycling-induced volume change; that mechanical-resilience aspect is attributed to [ID: 4, 48], where D-R09 (crack-healing mechanism, but for a different binder/composite, not the ionomer specifically) and D-R10 (mechanical defect modeling, general SE properties, not specific to the ionomer binder) only partially and indirectly support the specific claim that this ionomer aids crack healing. The composite claim overstates what individual sources show when combined."
1,1,ds,case_01__rep_01,Candidate D,C4,partially_supported,2,D-R04|D-R05,"An all-inorganic (binder-free) architecture, densified by cold pressing, can achieve sufficient mechanical integrity by leveraging deformability of the sulfide SE, supported by findings on densification/chemo-mechanics and by garnet-cathode work using soft halide SE.","D-R04 supports the general idea that decreasing SE particle size and improved compliance/densification reduces strain and improves active material utilization in NCM811/LPSCl systems, lending some support. However D-R05 is about a garnet-based (oxide) system with a halide SE additive, not the sulfide LPSCl binder-free architecture under discussion; its relevance to sulfide-based binder-free NCM811/LPSCl mechanical integrity is weak/analogical rather than direct, so it does not fully substantiate the specific claim as applied here."
1,1,ds,case_01__rep_01,Candidate D,C5,partially_supported,1,D-R06,"Empirical results from mixed particle-size (bimodal) SE composites demonstrate improved electrochemical performance versus uniform-sized SE, supporting the bimodal architecture strategy for NCM811/LPSCl.","D-R06 shows mixed particle-sized sulfide SE (Li7P2S8I, not LPSCl) improves capacity versus uniform-sized SE in an NCM811 composite, which is analogous but not the same solid electrolyte chemistry (LPSCl) specified in the task, so it partially but not fully supports the specific claim as framed for this system."
1,1,mpds,case_01__rep_01,Candidate A,C1,partially_supported,1,Scientist B [ID: 70],"A bimodal LPSCl particle size distribution (nano fraction for surface coverage, micron fraction for interstitial filling) provides an engineered architecture superior to a random homogeneous mixture, directly addressing ionic continuity and dense packing.","A-R03 (ID:70, pool B) shows mixed particle-sized SE composites outperform uniform-sized SE composites in capacity, which loosely supports the general idea that varied particle sizes help. However, it does not specifically test or support a bimodal nano/micron design with distinct roles for surface coating vs. interstitial filling, so it only partially supports the claim."
1,1,mpds,case_01__rep_01,Candidate A,C2,partially_supported,2,Scientist A [ID: 11]|Scientist A [ID: 10],"Liquid-phase slurry processing (fine LPSCl in IBB solvent with PVDF+LiClO4 binder) creates a homogeneous, low-tortuosity ionic network with simultaneous surface coating and interstitial filling.","A-R01 (ID:11) supports a liquid-phase method producing low-tortuosity, densely packed NCM811 composite cathodes with good performance at 80% active material, broadly consistent with the claim. A-R02 (ID:10) supports the PVDF/IBB/LiClO4 slurry approach and its performance benefits, but focuses on binder modification rather than establishing 'simultaneous coating and interstitial filling' explicitly. Together they partially but not fully substantiate the specific mechanistic claim as stated."
1,1,mpds,case_01__rep_01,Candidate A,C3,supported,3,Scientist A [ID: 20]|Scientist B [ID: 20]|Scientist B [ID: 67],"High-aspect-ratio conductive additives (e.g., CNFs) are superior to high-surface-area carbon black because they form a percolating electronic network with fewer contact points, minimizing sites for electrolyte decomposition.","The [ID:20] token is ambiguous between pool A (A-R06a, CNT+CNF combination study) and pool B (A-R06b, CB vs CNF distribution study), but both records concern conductive additive morphology and both support the general claim that CNF/large-aspect additives outperform CB in ASSLB cathodes. A-R07 (ID:67) directly supports CNF's superior electrochemical performance versus CB/CNTs due to reduced interfacial impedance. Overall the substantive claim is well supported by at least two of the three cited records regardless of which pool ID:20 resolves to."
1,1,mpds,case_01__rep_01,Candidate A,C4,partially_supported,2,Scientist B [ID: 4]|Scientist A [ID: 314],High-energy mechanofusion/milling can fracture NCM811 secondary particles and degrade LPSCl ionic conductivity.,"A-R09 (ID:314) directly supports that post-synthesis milling reduces coherence length/crystallite size and decreases ionic conductivity of the SE, backing the LPSCl degradation part. A-R08 (ID:4, pool B) discusses crack-healing of NCM composite cathodes and microcrack formation/healing during cycling under stack pressure, but does not directly address mechanofusion-induced fracture of NCM811 secondary particles during processing; it addresses cycling-induced cracks, not processing-induced fracture. So the NCM-fracture portion of the claim is not well supported by the cited record."
1,1,mpds,case_01__rep_01,Candidate A,C5,partially_supported,2,Scientist B [ID: 23]|Scientist B [ID: 96],"Solvent-based slurry processing (as in Scientist A's proposal) introduces solvent-sulfide compatibility risks and drying-related microstructural degradation, making it a scope violation and inferior for the fixed mechanofusion process.","A-R04 (ID:23) supports that solvent/binder selection is critical for sulfide-electrolyte compatibility, implying real risk if solvent/binder are not carefully chosen (though it also demonstrates a workable solvent-based route with ABR/xylene, not that all solvent routes are risky). A-R05 (ID:96) supports that drying processes above 50""C degrade adhesion/microstructure, which supports risk of solvent-based processing. Together they support the general risk framing but do not specifically demonstrate that the IBB/PVDF+LiClO4 system used by Scientist A is incompatible; in fact A-R02 shows that combination working reasonably well. This creates a partial tension/overstatement in the memo's argument."
1,1,sair,case_01__rep_01,Candidate A,C1,supported,2,ID: 345 (A-R09)|ID: 70 (A-R10),Bimodal (fine + coarse) LPSCl particle size distributions yield superior electrochemical performance compared to unimodal SE particle size distributions in NCM811 composite cathodes.,"Both A-R09 and A-R10 (duplicate abstract for the same underlying paper, one in pool A one in pool B) directly report that mixed particle-sized SE cathode composites exhibited higher specific capacity than uniform-sized SE composites, directly supporting the claim, though the underlying study used Li7P2S8I rather than LPSCl, a minor material mismatch."
1,1,sair,case_01__rep_01,Candidate A,C2,partially_supported,2,ID: 31 (A-R02a/A-R02b ambiguous)|ID: 12 (A-R01),"Fine SE particles increase interfacial contact area with NCM811, alleviating diffusive/charge-transfer limitations and improving rate performance, especially at high active material loading (>84%).","A-R02a (pool A) directly supports this claim (fine catholyte increases contact area and alleviates diffusive limitation at >84% AM, closely matching the task's >85 wt% constraint). However, ID 31 is also cited in pool B as A-R02b, a different paper about artificial CEI coatings, creating ambiguity about which record the candidate intended. A-R01 (ID 12, pool B) is a general review on cathode-electrolyte interfaces that supports the general idea of charge-transfer resistance being a key issue but does not specifically address fine-particle contact area effects, so it only weakly supports this specific claim."
1,1,sair,case_01__rep_01,Candidate A,C3,supported,2,ID: 314 (A-R03)|ID: 5 (A-R04),"Extended ball milling/processing of LPSCl (or chloride-rich argyrodite) reduces crystallite coherence and decreases ionic conductivity, creating a trade-off with reduced particle size and tortuosity.","Both A-R03 and A-R04 directly and specifically support this claim: post-synthesis milling reduces coherence length/increases disorder and decreases ionic conductivity of Li5.5PS4.5Cl1.5 argyrodite, while reducing particle size and tortuosity, matching the claim's trade-off framing closely."
1,1,sair,case_01__rep_01,Candidate A,C4,supported,3,ID: 58 (A-R12)|ID: 213 (A-R13)|ID: 76 (A-R11),"Anisotropic volume changes and structural stress in polycrystalline NCM811 primary grains during cycling cause intergranular microcracking and capacity loss, independent of SE packing architecture.","A-R12 and A-R13 both directly support the mechanism of anisotropic strain from polycrystalline primary particles causing intergranular microcracking and capacity decay in NCM811. A-R11 supports the broader chemo-mechanical framework linking grain morphology/orientation to cracking and delamination at the particle-electrolyte interface, providing corroborating mechanistic support."
1,1,sair,case_01__rep_01,Candidate A,C5,supported,1,ID: 48 (A-R05),"Higher CAM loading (>50 vol%) increases mechanical defects such as volume change, contact loss, and porosity in composite cathodes, and soft SE materials with low Young's modulus can mitigate these defects.","A-R05 directly supports this claim, explicitly stating that higher CAM loading (>50 vol%) causes increased mechanical defects (volume change, contact loss, porosity) and that soft SE materials with low Young's modulus/hardness minimize these defects, matching the candidate's use of this citation for packing/mechanical support arguments."
1,1,ses,case_01__rep_01,Candidate C,C1,supported,2,Scientist A [ID: 345]|Scientist B [ID: 70],Mixed/bimodal particle-sized LPSCl composites outperform uniform-sized SE composites electrochemically (core justification for the bimodal allocation strategy).,"Both cited records (C-R01, C-R02) are the same paper (W3206763238) directly comparing mixed vs. uniform particle-sized sulfide SE composites with NCM811, showing higher specific capacity for the mixed case. This directly supports the claim, though the study is about mixed particle sizes generally, not explicitly a bimodal coating/interstitial-fill geometric allocation as elaborated by the candidate."
1,1,ses,case_01__rep_01,Candidate C,C2,partially_supported,3,Scientist A [ID: 31]|Scientist A [ID: 252]|Scientist B [ID: 29],"Fine LPSCl particles increase CAM-SE contact area and alleviate diffusive limitations, especially at high active material loading (>84%).","C-R07 (ID 31, pool A) directly supports fine catholyte increasing contact area and alleviating diffusive limitation at >84% AM loading — strong support. C-R13 (ID 252, pool A) supports smaller SE particle size giving greater active material-electrolyte contact — supportive. C-R14 (ID 29, pool B) is about rod-like Li6PS5Cl synthesis via liquid phase, only tangentially noting smaller particle size aids intimate contact; it is a weaker, more peripheral support for this specific sub-claim, making the aggregate partially supported rather than fully supported."
1,1,ses,case_01__rep_01,Candidate C,C3,supported,2,Scientist A [ID: 314]|Scientist B [ID: 5],"Excessive mechanical processing (milling) to produce fine LPSCl particles reduces crystallite size and intrinsic ionic conductivity, creating a trade-off with particle size reduction.","C-R15 (ID 314, pool A) directly shows milling reduces coherence length/crystallite size and decreases ionic conductivity while reducing particle size and tortuosity, exactly matching the trade-off claim. The [ID: 5] token is ambiguous between pool A (C-R03a, void/morphology simulation paper) and pool B (C-R03b, milling time vs. particle size vs. ionic conductivity paper); the candidate's own attribution 'Scientist B [ID: 5]' plus context (milling trade-off) points to the pool B paper (C-R03b), which does directly support the milling/conductivity trade-off claim, so this citation is resolvable via context despite the raw ambiguity."
1,1,ses,case_01__rep_01,Candidate C,C4,supported,2,Scientist A [ID: 157]|Scientist B [ID: 27],"A disconnected/high-tortuosity SE phase creates performance-limiting lithiation gradients across the electrode, motivating a continuous ionic backbone via coarse interstitial LPSCl.","C-R08 (ID 157, tortuosity-gradient transport network paper) and C-R09 (ID 27, lithiation gradients and tortuosity in thick NMC-argyrodite cathodes) both directly support the claim that tortuosity/disconnected SE phase leads to lithiation heterogeneity/gradients, matching the stated mechanism well, though the candidate's specific inference that coarse interstitial particles are the solution is an extrapolation beyond what these general tortuosity studies directly test."
1,1,ses,case_01__rep_01,Candidate C,C5,partially_supported,3,Scientist B [ID: 20]|Scientist A [ID: 325]|Scientist A [ID: 421],"Conductive additive placement can physically obstruct the CAM-SE interface, increasing interfacial resistance, and by analogy/inference insulating SE particles could block the CAM-conductive additive interface, hindering electronic accessibility.","C-R05 (ID 20) directly supports that nano-CB additive positioned at the SE/cathode interface increases interfacial resistance, well supported. C-R11 (ID 325) and C-R12 (ID 421) both discuss conductive additive morphology/content effects on interfacial resistance between SE and cathode material, but neither directly demonstrates the reciprocal claim that SE particles block the CAM-conductive-additive interface; the candidate itself labels this portion as an inference, which is appropriately flagged, but the underlying evidence only indirectly supports it, so it is partially supported overall."
1,2,ds,case_01__rep_02,Candidate C,C1,partially_supported,4,[ID: 31]|[ID: 252]|[ID: 345]|[ID: 11],"A bimodal LPSCl particle size distribution (fine SE for NCM surface coverage to reduce interfacial resistance; coarse SE for interstitial filling to create a low-tortuosity, long-range ionic network and improve packing density) improves electrochemical performance.","C-R01a (pool A, ID 31) supports that fine catholyte increases contact area and alleviates diffusive limitation at high AM%, consistent with fine-particle surface coverage. C-R02 (ID 252) supports that smaller SE particle size increases AM-electrolyte contact but does not specifically validate a bimodal coarse/fine split for interstitial vs surface roles. C-R03 (ID 345) directly supports a mixed-particle-size SE composite outperforming uniform-sized SE, lending some support to bimodal architecture, though it uses Li7P2S8I not LPSCl. C-R04 (ID 11) supports low-tortuosity dense packing via a liquid-phase method, not a bimodal solid-state particle distribution, so it does not support the specific bimodal claim; the candidate itself flags this citation as later diverging into an unactionable liquid-phase route. Overall the bimodal claim is only partially and indirectly supported by the cited set, with the strongest single support (C-R03) using a different electrolyte chemistry."
1,2,ds,case_01__rep_02,Candidate C,C2,supported,1,[ID: 7],"A hybrid conductive network using high-aspect-ratio carbon nanofibers (CNFs) as primary electron pathway plus a small amount of CNTs (e.g., ~0.3 wt% CNT with 4.7 wt% CNF) minimizes side reactions with sulfide SE while maintaining electronic accessibility.","C-R06 (ID 7, pool B) directly reports that a low-wt% CNT coating on NCM811 combined with large-aspect-ratio CNFs as primary conductive additive achieved high initial Coulombic efficiency and capacity retention with low ionic resistance, closely matching the candidate's specific numeric claims (0.3 wt% CNT, 4.7 wt% CNF)."
1,2,ds,case_01__rep_02,Candidate C,C3,partially_supported,1,[ID: 31],"Pre-coating NCM811 with a stable ionically conductive buffer layer (e.g., LiNbO3) or forming a dry-process-compatible artificial CEI via dry-coating/heat treatment suppresses interfacial degradation without wet chemistry.","The token [ID: 31] is ambiguous: pool A (C-R01a) is about resistive/diffusive kinetics and fine catholyte, not CEI formation; pool B (C-R01b) directly describes a dry-coating + heat-treatment artificial CEI derived from sulfide electrolyte precursors suppressing degradation, which matches this claim well. Because the candidate does not disambiguate which pool is intended and the surrounding text (in Scientist A's citations) suggests pool A usage elsewhere, this specific claim's support is uncertain/partial - it is well supported only if the intended record is C-R01b, which cannot be confirmed from the text. LiNbO3 coating itself is not directly evidenced by either supplied abstract."
1,2,ds,case_01__rep_02,Candidate C,C4,supported,1,[ID: 48],"Chemo-mechanical stress accommodation and stack-pressure/mechanical effects (contact loss, volume change, porosity) are critical failure modes that must be addressed alongside geometric SE allocation, and soft/low-modulus SE and adequate stack pressure minimize these defects.","C-R09 (ID 48, pool B) directly supports this claim, detailing how CAM loading, stack pressure, and SE mechanical properties (Young's modulus, hardness) affect mechanical defects and providing design guidelines consistent with the candidate's framing."
1,2,ds,case_01__rep_02,Candidate C,C5,unverifiable,0,,"A mild-temperature (~85°C) post-fabrication pressing step increases LPSCl deformability, enabling dense, robust, stress-free contacts that enhance density and mechanical resilience.",No evidence record is cited for this specific claim about a ~85°C pressing step improving LPSCl deformability and mechanical resilience. This is a fairly consequential feasibility claim (specific temperature and mechanism) left without any traceable citation in the supplied packet.
1,2,mpds,case_01__rep_02,Candidate E,C1,supported,1,E-R01,"Fine, sub-micron LPSCl used for surface decoration maximizes charge-transfer interface and reduces diffusive limitations (attributed to Scientist A, [ID: 31]).","E-R01 directly shows fine particle catholyte increases contact area, alleviates diffusive limitation, and increases rate performance for NCM811-Li6PS5Cl cathodes, matching the claim."
1,2,mpds,case_01__rep_02,Candidate E,C2,partially_supported,1,E-R02,"Coarse LPSCl filling interstitial voids improves packing density and forms a long-range ionic highway (attributed to Scientist A, [ID: 345]).","E-R02 shows mixed particle-size SE composites outperform uniform-sized ones in specific capacity, supporting a general benefit of size distribution, but does not specifically address 'coarse particles filling interstitial voids' or 'long-range ionic highway' framing; it is a different SE chemistry (Li7P2S8I) than LPSCl."
1,2,mpds,case_01__rep_02,Candidate E,C3,supported,1,E-R03,"Milling LPSCl to fine, sub-micron sizes significantly reduces its intrinsic ionic conductivity, creating a high-resistance shell at the interface (Scientist B, [ID: 5]).","E-R03 directly demonstrates that longer milling time (smaller particle size) decreases ionic conductivity of the sulfide SE, and identifies a trade-off/optimum, supporting the claim that fine milling reduces conductivity."
1,2,mpds,case_01__rep_02,Candidate E,C4,partially_supported,2,E-R04|E-R05,"A conformal coating of fine LPSCl would physically block the conductive additive from the NCM surface, severing the electronic network and creating dead active material (Scientist B, [ID: 20, 67]).","E-R04 shows nano-CB positioned between SE and cathode material increases interfacial resistance, and E-R05 shows thick electrolyte can block electron pathways, both consistent with the general risk of electronic isolation. However, neither record specifically models a 'conformal fine-LPSCl coating' scenario; they address conductive-additive placement/morphology rather than SE particle-size-driven electronic isolation, so the specific causal claim is only partially supported."
1,2,mpds,case_01__rep_02,Candidate E,C5,supported,1,E-R08,"An interstitial-dominant network can dynamically 'heal' microcracks under stack pressure to compensate for surface contact loss (Scientist B, [ID: 4]).","E-R08 directly demonstrates a spontaneous crack-healing mechanism in NCM/sulfide composite cathodes under stack pressure, closely matching the claim, though it is specific to Li6PS5Cl0.5Br0.5 rather than pure LPSCl and to a different NCM stoichiometry."
1,2,sair,case_01__rep_02,Candidate D,C1,partially_supported,2,D-R01a|D-R01b,"Employing fine catholyte particles at the NCM811/LPSCl interface increases contact area and alleviates diffusive rate limitations, especially relevant above ~84-85% active material loading (Scientist A [ID: 31]).","D-R01a (pool A) directly supports this claim: it studies NCM811-Li6PS5Cl cathodes, finds diffusive limitation pronounced above 84% AM, and shows fine catholyte alleviates it. However, the numeric ID 31 is also mapped to D-R01b (pool B), an unrelated CEI coating paper, creating ambiguity even though the candidate text explicitly attributes it to 'Scientist A', which appears to resolve the pool. Given partial resolvability via the Scientist A/B labeling convention embedded in text, support is strong for pool A but the dual-pool listing introduces residual ambiguity for traceability purposes.'"
1,2,sair,case_01__rep_02,Candidate D,C2,supported,2,D-R07|D-R08,"A bimodal/mixed particle-size solid electrolyte composite cathode outperforms a monomodal (uniform-sized) SE composite due to a more efficient, densely packed ionic network (Scientist A [ID: 345], Scientist B [ID: 70]).","Both D-R07 and D-R08 are the identical study (mixed vs uniform particle size SE in NCM811 composites) showing mixed-size SE composites achieve higher specific capacity than uniform-sized ones, directly supporting the core mechanistic claim, despite being cited from both pools A and B under the same numeric content."
1,2,sair,case_01__rep_02,Candidate D,C3,supported,3,D-R09|D-R10|D-R11,"Sulfide solid electrolytes react with carbon-based conductive additives, forming resistive interfacial layers that degrade performance, motivating minimization of SE-carbon contact area (Scientist B [ID: 7], Scientist B [ID: 20], Scientist B [ID: 44]).","D-R09, D-R10, and D-R11 all directly address carbon additive/sulfide electrolyte interfacial reactivity and degradation, and propose strategies (CNT/CNF blends, distribution control, ZnO coating) to mitigate it, substantively supporting the claim."
1,2,sair,case_01__rep_02,Candidate D,C4,supported,2,D-R15|D-R16,"Mechanofusion/dry-coating processes are capable of producing core-shell or partial-coating composite structures between active material and solid electrolyte particles (Scientist A [ID: 316], Scientist B [ID: 411]).","D-R15 reviews scalable core-shell synthesis including mechanofusion, and D-R16 demonstrates dry-coating producing NCM@LPS core-shell particles with improved contact area and performance, both directly supporting the feasibility claim of mechanofusion-based coating architectures."
1,2,sair,case_01__rep_02,Candidate D,C5,partially_supported,3,D-R17|D-R18|D-R19,"Excessive mechanical energy during processing can fracture polycrystalline NCM811 particles (structural integrity loss) or amorphize/degrade LPSCl ionic conductivity, creating a risk trade-off in mechanofusion parameter selection (Scientist A [ID: 58]; Scientist B [ID: 5], [ID: 314]).","D-R17 discusses microcracking of polycrystalline NCM811 under electrochemical/mechanical stress but not specifically mechanofusion-induced fracture, offering only adjacent/partial support. D-R18 on ball-milling time vs. ionic conductivity of sulfide SE directly supports the amorphization/conductivity degradation part. D-R19, a general carbon-electrode review, does not clearly support the specific claim about LPSCl amorphization or NCM fracture during mechanofusion, weakening the overall support for this composite claim."
1,2,ses,case_01__rep_02,Candidate B,C1,partially_supported,2,Scientist B [ID: 70]|Scientist B [ID: 5],"Composites made with a mixed/bimodal particle-size distribution of sulfide SE exhibit superior electrochemical performance compared to those with a uniform SE particle size, justifying the bimodal LPSCl allocation strategy.","B-R23 (ID:70, pool B) is the same paper as B-R22 (ID:345, pool A), reporting that mixed particle-sized SE cathode composites outperform uniform-sized ones (127.2 vs 117.1 mAh/g) - this supports the bimodal claim reasonably directly. However, ID:5 in pool B (B-R04b) is about ball-milling time vs particle size/conductivity tradeoff in a size-ratio-optimized composite, which is only tangentially related to a bimodal distribution claim and does not itself demonstrate bimodal superiority. The dual citation creates partial rather than full support, since one of the two cited records does not directly speak to bimodal vs. unimodal performance."
1,2,ses,case_01__rep_02,Candidate B,C2,supported,4,Scientist B [ID: 12]|Scientist B [ID: 148]|Scientist B [ID: 35]|Scientist B [ID: 27],"Insufficient solid-solid contact between NCM811 and LPSCl is a primary performance bottleneck, increasing tortuosity and charge-transfer resistance and causing lithiation gradients at high loading.","B-R02 (interface review) and B-R03 (NMR study of interfacial Li transport) directly support poor solid-solid contact as a bottleneck. B-R06 supports charge-transfer resistance dominating performance. B-R07 supports lithiation gradients tied to tortuosity at high loading. Together these four records substantively support the composite claim, though the claim bundles several distinct sub-claims across four citations, slightly reducing precision."
1,2,ses,case_01__rep_02,Candidate B,C3,partially_supported,2,Scientist B [ID: 20]|Scientist B [ID: 67],"An excess of fine SE or conductive-additive particles at the CAM-SE interface can increase interfacial resistance and hinder electrochemical performance, motivating restriction of fine LPSCl coverage.","ID:20 is ambiguous: two records are supplied (B-R01a pool A, B-R01b pool B) for the same numeric token, and the candidate cites 'Scientist B [ID: 20]' without clarifying which pool underlies Scientist B's usage beyond the label itself identifying pool B (B-R01b), which does support increased interfacial resistance from nano-sized carbon black additive placement. B-R10 (ID:67) supports carbon morphology affecting interfacial impedance, generally consistent. However, the claim as framed conflates fine SE particles and fine conductive additive effects; the cited abstracts primarily address conductive additive morphology/distribution rather than fine LPSCl particle excess specifically, so support is partial."
1,2,ses,case_01__rep_02,Candidate B,C4,supported,3,Scientist B [ID: 10]|Scientist B [ID: 94]|Scientist B [ID: 306],"The NCM811-LPSCl interface has known chemical/electrochemical instability that can form a resistive interphase, representing a long-term degradation risk independent of geometry.",B-R13 explicitly states LPSCl is chemically incompatible with NCM cathode; B-R14 documents oxidation instability and CEI formation degrading NMC811/sulfide SSB performance; B-R15 discusses interfacial reaction and electrochemical decomposition of LPSCl against a similar Ni-rich cathode. These directly support the claim of interfacial instability and resistive interphase formation.
1,2,ses,case_01__rep_02,Candidate B,C5,partially_supported,3,Scientist B [ID: 29]|Scientist B [ID: 35]|Scientist B [ID: 411],"Fine LPSCl particles adhering to NCM811 surfaces establish intimate, large-area contact that alleviates diffusive/interfacial limitations, and this can be conceptualized as a partial core-shell structure.","B-R18 (rod-like LPSCl, sub-micron/liquid-phase particles improving intimate contact) and B-R20 (dry-coating core-shell NCM@LPS particles with improved contact/performance) support the mechanistic idea of fine-particle coating improving contact. B-R06 (ID:35) supports charge-transfer resistance dominance generally but does not specifically address fine-particle coverage or core-shell structures. The core-shell analogy is reasonably supported by B-R20, but the broader claim that this alleviates diffusive limitation is only indirectly supported since B-R19 (ID:31, pool A only, cited by Scientist A not B here for this specific claim) is the more direct diffusive-limitation evidence; Scientist B's own citations for this sub-claim are only partially on point."
1,3,ds,case_01__rep_03,Candidate B,C1,supported,6,B-R01|B-R02|B-R03|B-R14|B-R15|B-R16,"An ultrathin inorganic buffer coating (ZrO2 or LiNbO3) on NCM811 particles suppresses parasitic side reactions and transition metal dissolution at the NCM/LPSCl interface, improving cycling stability.","B-R01, B-R02, and B-R03 directly report LiNbO3 or ZrO2 coatings on Ni-rich cathodes paired with LPSCl-type sulfide electrolytes, showing improved capacity retention/suppressed side reactions. B-R14 also supports LNO coating benefits with NCM811. B-R15/B-R16 are review/perspective pieces reinforcing the buffer-layer rationale generally, though less specific to quantitative retention claims."
1,3,ds,case_01__rep_03,Candidate B,C2,supported,3,B-R04|B-R05|B-R17,"Using high-crystallinity, high-aspect-ratio carbon nanofibers (CNFs) as the primary conductive additive reduces reactive surface area and mitigates chemical instability at the carbon/LPSCl interface compared to amorphous carbon black, while maintaining electronic conductivity.","B-R05 directly compares CB, CNT, and CNF morphologies, showing CNF's high crystallinity gives best electrochemical performance. B-R04 supports combining low-wt% short carbon (CNT) with CNF as primary additive. B-R17 supports CNF's advantage over CB in interfacial resistance. These directly substantiate the claim."
1,3,ds,case_01__rep_03,Candidate B,C3,supported,1,B-R06,"Allocating fine LPSCl particles for surface/catholyte coverage increases contact area with NCM811 and alleviates diffusive kinetic limitations, which are the primary bottleneck in high-loading (>84-85 wt% AM) cathodes.","B-R06 (ID:31) directly states that fine particle catholyte increases contact area and alleviates diffusive limitation, especially pronounced above 84% AM, closely matching the claim's specifics."
1,3,ds,case_01__rep_03,Candidate B,C4,partially_supported,3,B-R19|B-R20|B-R18a/B-R18b (ambiguous ID:5),"Coarser LPSCl particles filling interstitial voids create a continuous, low-tortuosity ionic backbone for long-range ion transport and preserve higher intrinsic ionic conductivity compared to heavily processed (milled) fine particles.","B-R19 supports tortuosity-gradient/low-tortuosity pathways enhancing transport generally, and B-R20 supports that milling/processing reduces particle size and lowers ionic conductivity, consistent with coarse particles retaining higher conductivity. However, the [ID: 5] token is ambiguous: it maps to two different records in pools A (B-R18a, void/morphology simulation) and B (B-R18b, particle size vs ionic conductivity milling study) with no clear pool identification in text, so the specific claim of 'continuous ionic backbone' pairing to ID 5 is not unambiguously resolvable to one record."
1,3,ds,case_01__rep_03,Candidate B,C5,supported,1,B-R07,A bimodal LPSCl particle size distribution (mixed fine and coarse particles) improves overall specific capacity/electrochemical performance compared to a uniform particle size distribution.,"B-R07 directly reports that mixed particle-sized solid electrolyte composite cathodes exhibited higher specific capacity than uniform-sized composites, directly supporting the bimodal allocation strategy's benefit."
1,3,mpds,case_01__rep_03,Candidate D,C1,partially_supported,1,D-R01,"A bimodal LPSCl particle-size distribution (fine particles for surface coverage/'ionic ports', coarse particles for interstitial 'ionic highways') improves cathode composite performance versus a uniform-sized distribution.","D-R01 shows a mixed particle-sized sulfide SE cathode composite (with NCM811) achieved higher specific capacity than a uniform-sized composite, supporting the general concept that mixed/bimodal particle sizing helps. However, the abstract does not describe the specific 'ionic port'/coverage vs 'ionic highway'/filling mechanistic framing, nor does it isolate surface-coverage vs interstitial-filling roles as claimed."
1,3,mpds,case_01__rep_03,Candidate D,C2,supported,3,D-R02|D-R03|D-R04,"Fine LPSCl particles maximizing NCM/LPSCl surface area would accelerate interfacial chemical degradation, a known failure mode for Ni-rich cathodes with sulfide electrolytes.","D-R02 documents interfacial decomposition/SEI formation in Ni-rich NCM/argyrodite composites; D-R03 documents poor interfacial stability of high-voltage oxide cathodes with sulfide SEs and impedance growth from interfacial reactions; D-R04 documents degradation kinetics increasing with state of charge at the oxide/sulfide interface. Together these directly support that oxide/sulfide interfaces are chemically unstable, a known failure mode, though none directly quantifies effect of increased surface area from fine particles specifically."
1,3,mpds,case_01__rep_03,Candidate D,C3,supported,2,D-R05|D-R06,Volume/chemo-mechanical strain in polycrystalline NCM811 (intergranular/intragranular cracking from anisotropic strain) threatens the structural integrity of a rigid inorganic composite.,"D-R05 explicitly discusses intergranular/intragranular microcracking in polycrystalline NCM particles from anisotropic chemical strain at grain boundaries. D-R06 operando study confirms anisotropy-driven structural stress and microcracking in polycrystalline NCM811, directly supporting the chemo-mechanical failure claim."
1,3,mpds,case_01__rep_03,Candidate D,C4,supported,1,D-R16,"Forming an artificial CEI derived from sulfide electrolyte precursors (e.g., LPSCl) via dry-coating plus mild thermal treatment suppresses interfacial degradation and improves cycling of Ni-rich cathodes with sulfide electrolytes.","D-R16 directly demonstrates an artificial CEI derived from Li3PS4/Li6PS5Cl precursors via dry-coating and heat treatment, achieving 84% capacity retention after 100 cycles for Ni-rich cathodes, matching the claim closely."
1,3,mpds,case_01__rep_03,Candidate D,C5,supported,1,D-R17,"An optimized monomodal LPSCl particle-size distribution (via controlled milling time) can be tuned to balance particle size and ionic conductivity for optimal composite cathode performance, as an alternative to bimodal distribution.","D-R17 directly studies ball-milled sulfide SE particle size vs ionic conductivity trade-off and identifies an optimal milling time balancing particle-size ratio and conductivity for composite cathode performance, supporting the monomodal optimization claim as an alternative hypothesis to test."
1,3,sair,case_01__rep_03,Candidate C,C1,supported,1,C-R01 [ID: 31],"Fine SE particles increase active-material/electrolyte contact area and alleviate diffusive limitations that dominate at high AM loading (>84%), supporting the fine-fraction surface-coverage rationale.","C-R01 directly reports that increasing AM/SE ratio increases diffusive limitations especially above 84% AM for single-crystal NCM811, and that employing fine particle catholyte increases contact area and alleviates diffusive limitation, closely matching the claim, though the candidate's system is polycrystalline NCM811 rather than single crystal as tested in the abstract."
1,3,sair,case_01__rep_03,Candidate C,C2,partially_supported,3,C-R02a/b [ID: 20]|C-R03 [ID: 67]|C-R07 [ID: 13],Partial (non-continuous) SE coverage is necessary to preserve direct NCM811-conductive-additive contact and maintain the electronic percolation network; full/excessive fine-SE coverage risks electronically isolating active material.,"ID 20 is ambiguous between two distinct abstracts (pool A: CNT/CNF carbon additive tradeoff; pool B: CB vs CNF distribution effect on interfacial resistance), and the candidate does not disambiguate which pool is intended, so this citation is not uniquely resolvable. ID 67 (carbon additive morphology/crystallinity effects) and ID 13 (percolation threshold ~4 wt% C65) both support the general principle that conductive additive distribution and percolation threshold matter for electronic network integrity, but none of the cited abstracts specifically address SE surface coverage of NCM811 particles blocking CA contact, which is the core mechanistic claim being made. The support is therefore adjacent/partial rather than direct."
1,3,sair,case_01__rep_03,Candidate C,C3,partially_supported,1,C-R04 [ID: 157],"Coarse SE particles form a long-range, low-tortuosity ionic conduction backbone connecting NCM811 particles across the thick electrode.","C-R04 demonstrates that a tortuosity-gradient electrode architecture (not specifically coarse SE particle interstitial filling) improves ion transport and electrochemical activity in thick solid-state electrodes. It supports the general design principle of reducing tortuosity for long-range transport but does not specifically validate coarse SE particle-size-based interstitial filling as the mechanism, making this a partial/adjacent match."
1,3,sair,case_01__rep_03,Candidate C,C4,supported,2,C-R05 [ID: 345]|C-R06 [ID: 70],A multimodal/bimodal particle size distribution (mixed-size SE) improves packing density and electrochemical performance compared to uniform-sized SE composites.,"Both C-R05 and C-R06 (same paper, duplicated across pools) directly report that mixed particle-sized SE cathode composites exhibit higher specific capacity than uniform-sized SE composites, directly supporting the claim that mixed-size SE outperforms uniform-size SE. However, the abstract addresses only SE particle size mixing, not the full tri-modal (NCM+coarse SE+fine SE) packing-density argument the candidate extends it to, so there is some overreach in generalizing to volumetric packing density specifically."
1,3,sair,case_01__rep_03,Candidate C,C5,partially_supported,4,C-R09 [ID: 4]|C-R10 [ID: 48]|C-R14 [ID: 58]|C-R15 [ID: 76],"High stack pressure and mechanical integrity (dense packing) help minimize void formation and contact loss during cycling in sulfide-based ASSBs, and NCM811 mechanical stress during mechanofusion/cycling can induce microcracks accelerating chemo-mechanical degradation.","C-R09 and C-R10 support the general link between stack pressure, CAM loading, and mechanical defects (contact loss, cracking) in composite cathodes, which is consistent with the claim. C-R14 discusses microcracking in polycrystalline NCM under low stacking pressure in ASSLIBs, relevant to the microcrack claim. C-R15 is a computational chemo-mechanics study of polycrystalline NMC cracking, broadly consistent but not focused on mechanofusion processing energy inducing cracks specifically. None of these abstracts directly address mechanofusion-induced microcracking during the coating process itself, so the specific causal link claimed (processing energy -> microcracks) is only partially supported by analogy to cycling-induced mechanical degradation."
1,3,ses,case_01__rep_03,Candidate A,C1,supported,1,A-R02 ([ID: 31]),"Fine LPSCl particles increase active-material/solid-electrolyte contact area and alleviate diffusive limitations, especially in high-loading (>84%) NCM811 cathodes.","A-R02 directly reports that fine catholyte particles increase contact area and alleviate diffusive limitation in NCM811-LPSCl cathodes at >84% AM, matching the claim closely."
1,3,ses,case_01__rep_03,Candidate A,C2,supported,2,A-R12 ([ID: 345])|A-R13 ([ID: 70]),A bimodal (mixed particle size) LPSCl distribution yields superior electrochemical performance compared to a monomodal/uniform-sized distribution.,"Both A-R12 and A-R13 (same underlying paper, cited from pool A and B respectively) directly show mixed particle-sized SE composite cathodes outperform uniform-sized ones in specific capacity, supporting the bimodal claim, though the paper studies Li7P2S8I rather than LPSCl specifically, a minor adjacency."
1,3,ses,case_01__rep_03,Candidate A,C3,supported,1,A-R11 ([ID: 411]),"Dry-coating/mechanofusion-type processes can produce NCM@LPS core-shell particles with a uniform thin coating, substantially increasing CAM-SE contact area and improving performance.","A-R11 abstract explicitly describes a dry coating technology producing NCM@LPS core-shell particles with much larger contact area and improved half-cell performance, directly supporting this claim, though it uses Li3PS4 not LPSCl and a dry-coating method distinct from mechanofusion specifically."
1,3,ses,case_01__rep_03,Candidate A,C4,partially_supported,1,A-R06a/A-R06b ([ID: 20]),"Excessive or poorly structured SE phase can physically obstruct the conductive additive network, isolating active material and increasing electronic resistance; the conductive-additive/SE interface must be carefully balanced.","The [ID: 20] token is ambiguous between two distinct papers (A-R06a in pool A about CNT/CNF carbon additive interplay with sulfide SE, and A-R06b in pool B about carbon additive distribution and interfacial resistance). Both broadly support the general claim that additive/SE structuring affects electronic access and interfacial resistance, but the candidate cites this identifier without pool specification in several places, creating attribution ambiguity; content-wise the general principle is supported by both variants."
1,3,ses,case_01__rep_03,Candidate A,C5,supported,2,A-R08 ([ID: 314])|A-R09 ([ID: 5]),"Ball-milling/processing of LPSCl to reduce particle size decreases its intrinsic ionic conductivity, creating a trade-off between contact area and conductivity.","A-R08 and A-R09 both directly demonstrate that reduced particle size via milling correlates with decreased ionic conductivity in argyrodite-type SE, directly supporting this trade-off claim."
2,1,ds,case_02__rep_01,Candidate A,C1,supported,1,A-R01,"3D nanoflower/hierarchical architectures assembled from 2D nanosheets maximize electrode-electrolyte interface and provide open channels for Na-ion diffusion, addressing sluggish kinetics and volume change.","A-R01 (Cu2NiSnS4 nanoflowers with rGO) directly reports a 3D hierarchical structure providing fast ion diffusion pathways and high electrode/electrolyte contact area, plus good NIB performance, supporting the claim albeit for a different chalcogenide chemistry than Mo/Ni."
2,1,ds,case_02__rep_01,Candidate A,C2,supported,3,A-R03|A-R04|A-R08,"Spray-drying is an industrially scalable, low-cost, high-throughput technique proven for producing hierarchical microsphere battery materials, including MoS2-graphene systems with good Na storage.","A-R03 explicitly demonstrates spray-dried MoS2-graphene hierarchical microspheres with sodium storage data; A-R04 and A-R08 support scalable spray-drying for other battery materials (C/S, SnO2), corroborating general industrial scalability claim."
2,1,ds,case_02__rep_01,Candidate A,C3,partially_supported,1,A-R05,Spray-dried microspheres achieve high tap density critical for competitive volumetric energy density.,"A-R05 demonstrates high tap density and volumetric energy density benefits for a LiFeMnPO4/C system via spray drying, supporting the general principle, but this is a cathode/Li-ion system, not the Mo/Ni chalcogenide NIB anode in question, so only partial/adjacent support."
2,1,ds,case_02__rep_01,Candidate A,C4,supported,2,A-R06|A-R07,"In-situ graphene oxide integration during one-pot spray-drying yields intimate wrapping/encapsulation of active particles, ensuring electronic continuity and structural buffering.","Both A-R06 (TiO2@rGO spray-dried microspheres for Na storage) and A-R07 (one-pot spray-dried graphene-encapsulated LTO) directly demonstrate graphene encapsulation via spray-drying improving conductivity and cycling, supporting the mechanism claim, though for different active materials than Mo/Ni chalcogenides."
2,1,ds,case_02__rep_01,Candidate A,C5,partially_supported,1,A-R09,"A double transition-metal chalcogenide system (e.g., Mo/Ni or similar TMD combination) can synergistically balance capacity and conductivity for improved battery performance.","A-R09 supports the double-metal-chalcogenide synergy concept (MoS2/WS2 with N-doped graphene for LIB), demonstrating the general principle, but this is for a Mo/W system in lithium-ion batteries, not Mo/Ni in sodium-ion batteries as proposed, making it only adjacent support."
2,1,mpds,case_02__rep_01,Candidate C,C1,partially_supported,2,C-R01|C-R02,"A flexible, conductive graphene framework intimately integrated with Mo/Ni chalcogenide active material provides structural buffering and electronic continuity that mitigates pulverization and loss of contact (Scientist A [ID: 11, 69]).","C-R01 supports a related but distinct system (Cu2NiSnS4/rGO, not Mo/Ni chalcogenide) showing improved NIB performance via rGO integration. C-R02 supports MoS2/rGO composite performance for NIB anodes but does not directly address Ni-containing multicomponent chalcogenides or explicitly discuss pulverization/electronic-contact buffering mechanisms in the way claimed. Both are adjacent/supportive of the general graphene-integration concept but not a direct, specific match to the compound claim about Mo/Ni chalcogenide structural buffering."
2,1,mpds,case_02__rep_01,Candidate C,C2,unsupported,1,C-R03,"A self-assembled heterostructure of Mo/Ni-chalcogenide nanosheets grown directly onto rGO sheets is a viable, previously demonstrated architecture (Scientist A [ID: 48]).","C-R03 describes a MoS2/N-doped graphene van der Waals heterostructure for lithium-ion batteries, not sodium-ion, and does not involve Ni or a Mo/Ni-chalcogenide composition. It supports the general concept of self-assembled MoS2-graphene heterostructures but not the specific multicomponent Mo/Ni chalcogenide claim or sodium-ion applicability."
2,1,mpds,case_02__rep_01,Candidate C,C3,unsupported,2,C-R06|C-R07,"Batch hydrothermal synthesis lacks industrial scalability and produces low-tap-density 'fluffy' materials, compromising volumetric energy density (Scientist B [ID: 20, 30]).","C-R06 and C-R07 both describe spray-drying methods producing high-tap-density or controllable-structure microspheres; neither is a study of hydrothermal synthesis limitations, low tap density from hydrothermal batch processes, or scalability comparisons. They support the alternative (spray drying) but do not substantiate the specific claim about hydrothermal method drawbacks."
2,1,mpds,case_02__rep_01,Candidate C,C4,partially_supported,2,C-R07|C-R08,"Spray drying is a continuous, controllable, industrially scalable process producing dense, spherical powders suitable for battery manufacturing (Scientist B [ID: 30, 137]).","C-R07 directly supports large-scale, controllable spray-drying production of spherical carbon microspheres, consistent with the claim. C-R08, however, is about polylactide microspheres for pharmaceutical sustained drug release, unrelated to battery materials or packing density claims; it does not support the battery-relevant portion of the claim, weakening the overall citation pairing."
2,1,mpds,case_02__rep_01,Candidate C,C5,supported,1,C-R09,A 'nano-in-micro' pitaya-like composite microsphere combining carbon-coated nanocrystallites in a secondary sphere provides short diffusion paths and high packing density suitable for sodium-ion battery anodes (Scientist B [ID: 84]).,"C-R09 directly describes pitaya-like Sb@C microspheres made via spray drying for sodium-ion battery anodes, showing high capacity, good retention, and rate capability tied to maintenance of the pitaya-like configuration \u2014 directly supporting the claimed morphology and its performance rationale, though for Sb rather than Mo/Ni chalcogenide."
2,1,sair,case_02__rep_01,Candidate B,C1,partially_supported,2,"B-R04 (ID: 86, pool A)|B-R05 (ID: 114, pool B)","Hollow nanoparticle voids accommodate volume expansion during sodiation and prevent pulverization, as supported by prior work on hollow chalcogenide/oxide nanoparticles.","B-R04 (FeSex hollow nanoparticles via Kirkendall diffusion) and B-R05 (SnO2 hollow nanospheres via Kirkendall diffusion) both support the general concept of hollow nanostructures accommodating volume change and improving cycling performance, but these are single-metal oxide/selenide systems, not Mo/Ni chalcogenides, and B-R05 is for Li-ion storage rather than Na-ion. The claim is plausible by analogy but not directly demonstrated for the proposed bimetallic chalcogenide/Na-ion system."
2,1,sair,case_02__rep_01,Candidate B,C2,partially_supported,2,B-R04 (ID: 86)|B-R05 (ID: 114),"The nanoscale Kirkendall effect can be used to convert metal alloy nanoparticles into hollow metal chalcogenide nanoparticles via chalcogenation, forming the basis of the fabrication route.","Both cited records demonstrate Kirkendall-effect-based hollowing (FeSex from Fe, SnO2 from Sn) via spray pyrolysis/spray drying and post-treatment, supporting the general mechanism. However, neither involves a bimetallic Mo/Ni alloy or sulfide/selenide chalcogenation of a bimetallic system, which is the actual novel proposal; the candidate itself flags this as an open uncertainty, which is appropriate, but the core claim of feasibility for bimetallic systems remains unverified by the cited evidence."
2,1,sair,case_02__rep_01,Candidate B,C3,partially_supported,2,"B-R03 (ID: 3, pool A)|B-R02a/b (ID: 11, ambiguous)","Metal chalcogenides suffer from low intrinsic electronic conductivity, motivating the need for a conductive carbon matrix.","B-R03 directly discusses limited electronic conductivity of MoS2/WS2 TMDs, supporting the general claim for Mo-based chalcogenides. ID 11 is ambiguous (two pools: a Cu2NiSnS4/rGO chalcogenide paper in pool A, and a spray-dried LDH microsphere paper in pool B), and the candidate does not specify which pool is intended, reducing traceability for this particular citation instance."
2,1,sair,case_02__rep_01,Candidate B,C4,supported,4,B-R15 (ID: 20)|B-R18 (ID: 89)|B-R05 (ID: 114)|B-R23 (ID: 87),"Spray drying is a scalable, continuous industrial process compatible with producing spherical composite microspheres of controlled size suitable for large-scale anode production.","Multiple cited records (LiFeMnPO4/C microspheres, SnO2 hollow nanospheres via spray drying, C/S nanocomposite via spray drying, LDH microspheres) directly support that spray drying is an established, scalable method for producing microsphere composites with controlled morphology, supporting the general feasibility claim about process scalability, though none are specific to Mo/Ni chalcogenide sodium-ion anodes."
2,1,sair,case_02__rep_01,Candidate B,C5,unsupported,3,B-R12 (ID: 73)|B-R13 (ID: 152)|B-R14 (ID: 216),"The carbon matrix's inherent porosity and interstitial spaces facilitate rapid electrolyte infiltration and Na+ transport, forming a hierarchical pore network beneficial for ion transport.",B-R12 (Li2FeSiO4/C microspheres) and B-R13 (TiO2(B) nanowire photocatalytic microspheres) are unrelated to Na-ion transport or the specific mechanism claimed; B-R14 is a general review on hierarchically porous materials with no direct connection to Na-ion battery electrode porosity mechanisms. None of these cited sources specifically substantiate the claim about Na+ transport enhancement via hierarchical carbon porosity in this chalcogenide system.
2,1,ses,case_02__rep_01,Candidate D,C1,partially_supported,3,D-R01 (ID:11)|D-R02 (ID:14)|D-R03 (ID:23),"Multicomponent Mo/Ni chalcogenides offer high theoretical capacity but suffer severe volume expansion/mechanical pulverization during Na+ sodiation due to the large Na+ ion, causing capacity fade (cites Scientist A [ID:11], [ID:14], Scientist B [ID:23]).","D-R01 (Cu2NiSnS4/rGO) directly supports high theoretical capacity, low conductivity, and volume-expansion-induced morphological collapse for a related chalcogenide anode in NIBs. D-R02 (micro-MoS2) supports large Na+ radius causing poor capacity/cycling issues but is a single-metal chalcogenide, not a Mo/Ni multicomponent system. D-R03 is about a TiO2@rGO microsphere (not a chalcogenide) synthesized by spray-drying, supporting rGO's role in buffering volume change and preventing aggregation, but not the chalcogenide-specific volume-expansion claim under the Scientist B label. None of the sources describe an actual Mo-Ni bimetallic sulfide, so the specific multicomponent Mo/Ni system's degradation behavior is inferred by analogy rather than directly evidenced."
2,1,ses,case_02__rep_01,Candidate D,C2,partially_supported,2,D-R07 (ID:10)|D-R16 (ID:125),"Ultrathin 2D nanosheet primary building blocks provide high surface area and short Na+ diffusion paths, improving electrochemical performance versus other morphologies (cites Scientist A [ID:10], [ID:125]).","D-R07 concerns 2D Co0.85Se nanosheets for Li-ion batteries (not Na-ion, not Mo/Ni chalcogenide), showing 2D layered TMC nanosheets enhance conductivity/diffusion versus microspheres — supports the general morphological principle but not the Na-ion or Mo-Ni-specific claim. D-R125 discusses WS2 heteronanosheets and surface redox charge storage in hierarchical architectures, relevant to 2D nanosheet benefits but not directly to Na+ diffusion path shortening in a Mo-Ni sulfide microsphere. Both provide adjacent/analogous support rather than direct verification."
2,1,ses,case_02__rep_01,Candidate D,C3,partially_supported,2,D-R09 (ID:86)|D-R22 (ID:137),"Internal nanovoids formed via the Kirkendall effect during sulfidation of oxide/salt precursors effectively engineer porosity to buffer volume change and prevent pulverization (cites Scientist A [ID:86], [ID:137]).","D-R09 directly demonstrates the nanoscale Kirkendall diffusion process producing hollow FeSex nanoparticles from oxide precursors via spray pyrolysis and selenization, supporting the general void-creation mechanism, though for Fe-Se not Mo-Ni-S chemistry. D-R22 shows spray pyrolysis + sulfidation of WO3 to WS2-carbon composites, supporting the two-step oxide-to-sulfide conversion route but does not explicitly discuss Kirkendall voids. Together they support the mechanism analogically in different chemistries, not the specific Mo-Ni sulfide system."
2,1,ses,case_02__rep_01,Candidate D,C4,partially_supported,5,D-R20 (ID:107)|D-R08 (ID:175)|D-R21 (ID:354)|D-R03 (ID:23)|D-R10 (ID:206),"A dual-carbon network (rGO plus amorphous carbon matrix from an organic precursor such as sucrose/citric acid) provides both local conductivity/flexibility and overall mechanical integrity of the microsphere, addressing aggregation and framework collapse (cites Scientist B [ID:107], [ID:175], [ID:354], [ID:23], [ID:206]).","D-R20, D-R08, D-R21, and D-R10 all describe carbon-black/sucrose/citric-acid-derived carbon matrices in spray-dried microspheres (for Li-ion cathodes/anodes, not Na-ion Mo-Ni sulfides) that provide mechanical integrity, conductivity, and buffering—supporting the general dual-carbon/carbon-matrix concept but in unrelated chemistries. D-R03 supports rGO's role in preventing aggregation and buffering volume change for a TiO2 (not chalcogenide) Na-ion system. The overall architectural principle is supported by analogy across many different material systems, but no cited record involves the actual Mo-Ni sulfide/rGO/amorphous-carbon composite proposed."
2,1,ses,case_02__rep_01,Candidate D,C5,partially_supported,3,D-R11 (ID:116)|D-R12 (ID:72)|D-R13 (ID:87),"Spray drying of a precursor slurry (metal salts + GO + organic carbon source) followed by thermal sulfidation is a scalable, single-step process achieving simultaneous phase conversion, void creation, GO reduction, and carbonization (cites Scientist A [ID:116], Scientist B [ID:72], [ID:87]).","D-R11 is about spray-on thin-film photovoltaic solar cells and is unrelated to battery electrode synthesis; it does not support the scalability claim for this Mo-Ni sulfide microsphere process (likely a citation-mapping error or irrelevant analogy). D-R12 directly supports scalable spray-drying synthesis of MoS2-graphene hierarchical microspheres with good Na/Li storage, closely relevant to the proposed system though single-metal (Mo-only, no Ni) and lacking a Kirkendall/void-engineering step. D-R13 supports scalable spray-drying for C/S composites (Li-S battery), a different chemistry, showing general process scalability but not Mo-Ni chalcogenide relevance. Overall, evidence for the specific integrated one-pot Mo-Ni sulfidation/carbonization/void-formation process is not directly available; support is via disparate analogies of individual sub-steps."
2,2,ds,case_02__rep_02,Candidate E,C1,unverifiable,1,ID: 11 (Scientist A),"Metal chalcogenide anodes for Na-ion batteries suffer from severe volume expansion and poor intrinsic conductivity, requiring structural buffering solutions [ID: Scientist A, 11].","The cited token 'Scientist A, 11' does not correspond to a clean identifier in the supplied evidence pool; two candidate records exist for numeric ID 11 (E-R01a: Cu2NiSnS4/rGO Na-ion anode paper, which does support the general claim about volume expansion/conductivity issues; E-R01b: an unrelated LDH spray-drying paper). Because the citation format mixes an informal 'Scientist A' label with a bare numeric ID and the packet explicitly warns that dual-pool numeric IDs are ambiguous unless the text disambiguates, this cannot be confidently mapped to a single record without guessing."
2,2,ds,case_02__rep_02,Candidate E,C2,partially_supported,2,ID: 96 (Scientist B)|ID: 114 (Scientist B),"A hierarchical yolk-shell (Mo,Ni)-chalcogenide@carbon microsphere with an internal void directly and reliably accommodates volume expansion, providing superior long-term cycling stability compared to distributed nanosheet voids [ID: Scientist B, 96, 114].","E-R04b (pool B, ID 96) describes yolk-shell Sn@C microspheres via spray pyrolysis for Li-ion anodes with superior electrochemical properties—broadly analogous support for yolk-shell buffering, but it is a Li-ion, Sn-based system, not the target Mo/Ni chalcogenide Na-ion system, and does not directly demonstrate the specific claim about relative superiority to nanosheet architectures. E-R05b (pool B, ID 114) describes SnO2 hollow nanospheres via spray drying and Kirkendall diffusion for Li-ion storage—again analogous but not the same chemistry or ion. Neither record specifically substantiates a comparative claim about long-term Na-ion cycling stability for Mo/Ni chalcogenides. Also, since IDs 96 and 114 each have two competing pool candidates (A and B) and the surrounding text uses 'Scientist B' informally rather than clearly indicating pool B, attribution carries residual ambiguity, though pool B versions are thematically consistent with the argument."
2,2,ds,case_02__rep_02,Candidate E,C3,partially_supported,2,ID: 72 (Scientist B)|ID: 87 (Scientist B),"Spray-drying is a continuous, high-throughput, industrially scalable method for producing homogeneous spherical microparticles, giving it superior scalability over batch hydrothermal methods [ID: Scientist B, 72, 87].","E-R06b (pool B, ID 72) explicitly discusses spray-drying-based MoS2-graphene hierarchical microspheres for Na/Li storage using an 'industrial scale spray-drying technique', supporting the scalability claim reasonably well and even matches the Mo-chalcogenide chemistry. E-R07b (pool B, ID 87) describes spray-drying for C/S composites for Li-S batteries, supporting general scalability but not the Na-ion Mo/Ni chalcogenide claim specifically. Both are directionally supportive of the general scalability argument but not a direct, comparative validation against hydrothermal batch methods, and both IDs are ambiguous between pools per the packet's stated rule."
2,2,ds,case_02__rep_02,Candidate E,C4,partially_supported,1,ID: 20 (Scientist B),"The spherical morphology of spray-dried particles is essential for achieving high tap density required for good volumetric energy density in a practical cell [ID: Scientist B, 20].","E-R08b (pool B, ID 20) describes high tap density LiFe0.6Mn0.4PO4/C microspheres via spray drying achieving high tap density and volumetric energy density—this supports the general principle of spray-dried spherical morphology enabling higher tap density, but the material is an unrelated Li-ion cathode phosphate, not a Mo/Ni chalcogenide Na-ion anode, so it only partially substantiates the claim as applied here. Pool ambiguity with E-R08a (nanocrystal review, irrelevant) is again present per the stated dual-pool rule."
2,2,ds,case_02__rep_02,Candidate E,C5,unsupported,1,ID: 86,"A single post-synthesis thermal treatment can simultaneously convert Mo/Ni metal salts into chalcogenide phase, carbonize the shell, and remove the sacrificial template, forming the final yolk-shell structure, as supported by Scientist A's separately noted thermal-conversion approach [ID: 86].","E-R09 (the only record for ID 86) concerns FeSex/Fe2O3 hollow nanoparticle-decorated rGO balls made via nanoscale Kirkendall diffusion and selenization for Na-ion storage. While thematically adjacent (chalcogenide formation via post-treatment, Na-ion application), it does not describe or support a combined single-step chalcogenide conversion + carbonization + template removal process for a yolk-shell Mo/Ni chalcogenide microsphere; it is about Fe-based hollow nanoparticles, not Mo/Ni or yolk-shell carbon-encapsulated microspheres."
2,2,mpds,case_02__rep_02,Candidate B,C1,partially_supported,2,Scientist B [ID: 20]|Scientist B [ID: 84],"Spray drying can produce dense, spherical microspheres with high tap density critical for volumetric energy density, as demonstrated by high-tap-density LiFe0.6Mn0.4PO4/C microspheres achieving 20C rate capability and 98.9% capacity retention.","B-R05 (ID:20, pool B) directly supports the tap density, 20C rate capability, and 98.9% retention figures cited, but for a LiFePO4/Mn cathode material, not a Mo/Ni chalcogenide anode microsphere. B-R09 (ID:84) supports Sb@C microspheres via spray drying for Na-ion anodes with good rate capability but does not report the specific 20C/98.9% figures attributed to it in the memo. The claim conflates evidence from an unrelated cathode chemistry with the target Mo/Ni chalcogenide system, so it is only partially supported as a general proof-of-concept for spray-drying-derived tap density and rate performance, not for the specific chalcogenide system proposed."
2,2,mpds,case_02__rep_02,Candidate B,C2,partially_supported,2,Scientist B [ID: 87]|Scientist B [ID: 114],"High-throughput spray drying is a mature, continuous, cost-effective, and scalable industrial process suitable for producing microspheres, including kilogram-scale production.","B-R07 (ID:87) supports large-scale, cost-effective spray-drying fabrication of C/S composites for Li-S batteries. B-R08 (ID:114) supports kilogram-scale spray-drying production of SnO2 hollow nanospheres. Both support the general scalability claim for spray drying as a technique, but neither addresses Mo/Ni chalcogenide microspheres specifically, so the claim's applicability to the proposed system is not directly evidenced."
2,2,mpds,case_02__rep_02,Candidate B,C3,partially_supported,2,Scientist B [ID: 20]|Scientist B [ID: 84],"A pyrolyzed/dual-carbon matrix (amorphous carbon) provides sufficient conductivity and structural support to achieve excellent rate capability and cycling stability, comparable to rGO-based composites, as proven in demanding applications.","B-R05 shows a carbon-coated cathode microsphere with strong rate/cycling performance, and B-R09 shows Sb@C anode microspheres with good Na-ion performance. These support the general principle that carbon matrices in spray-dried microspheres can deliver good performance, but neither involves Mo/Ni chalcogenides nor directly compares carbon-matrix vs rGO-based chalcogenide performance, so the comparative/generalizing claim is only weakly supported by analogy."
2,2,mpds,case_02__rep_02,Candidate B,C4,unverifiable,1,Scientist B [ID: 11],"Hydrothermal synthesis of chalcogenide/rGO composites (Scientist A's approach) suffers from batch-process control difficulties and low packing density limitations, exemplified by ID 11 and related nanoflower/membrane architectures.","The bare token '[ID: 11]' is ambiguous: pool A (B-R02a) describes a hydrothermal rGO/Cu2NiSnS4 nanoflower synthesis for NIBs (relevant to Scientist A's approach), while pool B (B-R02b) describes spray-drying of layered double hydroxide microspheres, unrelated to hydrothermal batch limitations. The surrounding memo text discusses hydrothermal synthesis critique, suggesting pool A intent, but per the rules a bare numeric ID duplicated across pools without explicit disambiguation in-text must be treated as ambiguous/unverifiable rather than resolved by inference."
2,2,mpds,case_02__rep_02,Candidate B,C5,supported,1,Scientist A [ID: 8],Scientist A's final proposal culminates in a free-standing membrane architecture (exemplified by an Sb2Se3 nanowire membrane) that deviates from the microsphere/powder format goal.,"B-R10 (ID:8, pool A) directly describes a free-standing Sb2Se3 nanowire membrane anode for Li/Na-ion batteries, supporting the characterization of this architecture as a membrane distinct from microsphere/powder morphology, consistent with the claim's use as a contrast point."
2,2,sair,case_02__rep_02,Candidate A,C1,unsupported,1,A-R05,"Mo/Ni sulfide nanoparticles with mixed-metal composition provide synergistic benefits via nanoscale heterojunctions between Mo- and Ni-sulfide phases, hypothesized based on double transition-metal chalcogenide principles [ID: 3]","A-R05 discusses a MoS2/WS2/nitrogen-doped graphene double transition-metal dichalcogenide composite for lithium-ion batteries, not a Mo/Ni sulfide sodium-ion system. It supports the general concept of complementary chalcogenide components improving performance but does not address Mo-Ni sulfide heterojunctions or sodium-ion chemistry, so it only weakly analogizes to the claim and is explicitly flagged by the candidate as an inference/hypothesis."
2,2,sair,case_02__rep_02,Candidate A,C2,partially_supported,4,A-R02a|A-R02b|A-R03|A-R04,"MoS2-based sulfides offer high capacity but suffer from poor electronic conductivity, while certain Ni-based sulfides exhibit higher intrinsic conductivity [ID: 14, ID: 69, ID: 113]","ID 14 is ambiguous between pool A (Micro-MoS2 sodium storage paper, which does support MoS2 as promising but does not explicitly state poor conductivity) and pool B (unrelated SBA-15 spray drying paper). ID 69 (A-R03) discusses MoS2/rGO composites for Na-ion batteries, implying conductivity limitations addressed by rGO, providing partial support. ID 113 (A-R04) is about NiS as a Li-air battery catalyst, not directly establishing higher intrinsic conductivity for Na-ion sulfide anodes, so this specific comparative claim is not well supported by the cited record."
2,2,sair,case_02__rep_02,Candidate A,C3,partially_supported,3,A-R12|A-R24a|A-R24b,"Distributed internal nanovoids created during sulfidation (via oxide-to-sulfide molar volume change constrained by a rigid carbon matrix) provide localized strain buffering, as opposed to single large central voids, based on analogous Kirkendall-diffusion nanovoid formation [ID: 86, ID: 120]","A-R12 describes hollow FeSex nanoparticle formation via Kirkendall diffusion for Na-ion storage, which is analogous but describes hollow nanoparticles within an rGO ball rather than distributed nanovoids across a dual-carbon microsphere via oxide-to-sulfide conversion under a rigid carbon shell. ID 120 is ambiguous: pool A (A-R24a) is an unrelated SnS2-xSex photodetector paper with no relevance, while pool B (A-R24b) describes carbon-encapsulated Fe2O3 nanoparticles in graphitic carbon microspheres for Li-ion batteries, which is more directly relevant to carbon-confinement effects but is for a different metal/oxide and lithium chemistry. The ambiguity and partial thematic overlap merit partial support rather than full support."
2,2,sair,case_02__rep_02,Candidate A,C4,partially_supported,5,A-R14|A-R15|A-R16|A-R17|A-R18,"A scalable two-step spray drying plus two-stage thermal treatment (carbonization then sulfidation) process, using soluble metal salts, GO dispersion, and PVP, is well-suited for large-scale production of dense (non-hollow) composite microspheres with high tap density [ID: 20, ID: 87, ID: 100, ID: 114, ID: 38]","These evidence records (all pool B) describe various spray-drying-based microsphere syntheses (LiFeMnPO4/C, C/S composite, silica microspheres, SnO2 hollow nanospheres, Li2MnO3-based composite microspheres) supporting scalability and tap-density concepts in general spray-drying literature, but none directly synthesize a Mo/Ni chalcogenide dual-carbon anode via the specific two-stage carbonization-sulfidation route described, so support is only partial/analogical for the core proposed synthesis pathway."
2,2,sair,case_02__rep_02,Candidate A,C5,partially_supported,3,A-R07a|A-R07b|A-R08,"rGO forms a flexible, continuous 3D conductive network preventing nanoparticle aggregation, and can be co-assembled via spray drying with active nanoparticles into microspheres (5-15 µm) with structural/electrochemical benefits [ID: 23, ID: 39]","ID 23 is ambiguous between pool A (HER catalyst paper on MoS2/WS2, irrelevant to rGO conductive networks) and pool B (TiO2@rGO spray-dried microspheres for Na-ion storage, which directly supports the rGO network claim including 5-15 µm size). ID 39 (A-R08, pool B) supports graphene-wrapped Li4Ti5O12 microspheres via spray drying showing conductive network benefits, though for a lithium system. The ambiguity on ID 23 and the analogy to a different active material limit this to partial support."
2,2,ses,case_02__rep_02,Candidate C,C1,partially_supported,2,"ID: 199 (pool B, C-R11)|ID: 75 (pool B, C-R18)","A sacrificial silica-template method embedded in spray-dried microspheres, followed by etching, creates an interconnected hierarchical macropore/mesopore network that resolves 'dead void space' and improves electrolyte accessibility (Scientist B [ID: 199], [ID: 75]).","C-R11 (macro-mesoporous TiO2 microspheres via silica template, spray drying + etching) directly supports the sacrificial-template/etching mechanism for hierarchical porosity, though in a DSSC (not battery) context. C-R18 describes sacrificial CaCO3-templated porous microspheres for antigen delivery, an unrelated biomedical application; it supports the generic templating concept but not battery-relevant transport/void claims. Together they partially, not directly, support the specific claim as applied to Na-ion anode microspheres."
2,2,ses,case_02__rep_02,Candidate C,C2,supported,1,"ID: 144 (pool B, C-R08)","Increasing hierarchical porosity in template-assisted spray-dried microspheres improves rate performance and buffers strain, directly addressing dead-space/pore-connectivity concerns (Scientist B [ID: 144]).","C-R08 explicitly reports template-assisted spray drying producing controlled nano/macroporosity, with porosity up to 20% improving rate performance in simulated lithiation—directly supporting the porosity/rate-performance linkage claimed."
2,2,ses,case_02__rep_02,Candidate C,C3,supported,3,"ID: 69 (pool A, C-R13)|ID: 23 (pool B, C-R02)|ID: 72 (pool B, C-R14)","A three-dimensional rGO scaffold provides electronic continuity and mechanical buffering against volume change/aggregation for chalcogenide-based microsphere anodes (Scientist A [ID: 69], Scientist B [ID: 23], [ID: 72]).","All three abstracts (MoS2/rGO Na-ion anode, TiO2@rGO spray-dried microspheres, and spray-dried MoS2-graphene hierarchical microspheres for Na/Li storage) directly support the general claim that rGO scaffolds provide conductive, flexible support that buffers volume change and prevents aggregation in chalcogenide/oxide anode composites, closely analogous to the proposed Mo/Ni chalcogenide system."
2,2,ses,case_02__rep_02,Candidate C,C4,unsupported,3,"ID: 23 (pool B, C-R02)|ID: 20 (pool B, C-R19)|ID: 73 (pool B, C-R15)","Sulfur/selenium chalcogenation of Mo/Ni-oxide precursors in a spray-dried microsphere can simultaneously form the (Mo,Ni)SxSey active phase, reduce GO to rGO, and pyrolyze organic binder into a carbon coating in one thermal step (Scientist B [ID: 23], [ID: 20], [ID: 73]).","None of the cited abstracts describe simultaneous sulfur/selenium chalcogenation combined with GO reduction and carbon pyrolysis in a single step. C-R02 discusses TiO2@rGO (no chalcogenation), C-R19 discusses LiFeMnPO4/C double-carbon-coating (a phosphate cathode, no chalcogen conversion or rGO reduction), and C-R15 discusses Li2FeSiO4/C porous microspheres (again no chalcogenation or GO reduction). The specific multi-functional single-step claim central to feasibility is not supported by any of the supplied records."
2,2,ses,case_02__rep_02,Candidate C,C5,supported,1,"ID: 86 (pool A, C-R10)","Scientist A's Kirkendall-diffusion-based hollow nanoparticle formation, demonstrated for FeSex, is an inference-based, higher-uncertainty route relative to templating, because it has only been shown for a different chalcogenide system (Scientist A [ID: 86]).","C-R10 directly reports the nanoscale Kirkendall diffusion process producing hollow FeSex-rGO composite nanoparticles for Na-ion storage, substantiating that this specific effect has only been demonstrated for FeSex (an iron selenide), not for Mo/Ni chalcogenides, supporting the memo's characterization of it as an extrapolated inference with added process uncertainty."
2,3,ds,case_02__rep_03,Candidate D,C1,supported,1,D-R11,"Spray-drying has already been demonstrated to assemble MoS2 and graphene nanosheets into hierarchical microspheres for sodium-ion storage, providing a viable path forward for the proposed Mo/Ni chalcogenide/graphene design.","D-R11 directly reports spray-dried MoS2-graphene hierarchical microspheres tested for sodium and lithium storage, matching the claim closely (though it is MoS2, not the Mo/Ni multicomponent chalcogenide proposed)."
2,3,ds,case_02__rep_03,Candidate D,C2,partially_supported,1,D-R02,"2D chalcogenide nanosheets provide the shortest possible Na-ion diffusion distance and inherent flexibility, making them superior building blocks.","D-R02 supports 2D layered TMC nanosheets (Co0.85Se) having enhanced conductivity and diffusion pathways, but this is demonstrated for Li-ion storage, not Na-ion, and is a single-material example rather than a general multicomponent Mo/Ni system claim."
2,3,ds,case_02__rep_03,Candidate D,C3,partially_supported,3,D-R06|D-R07|D-R15,"Spray-drying is a proven, high-throughput, industrially feasible manufacturing process suitable for hierarchical microsphere fabrication in battery materials.","D-R06 and D-R07 support large-scale/kilogram-scale spray drying for battery composites, supporting scalability. D-R15, however, is about FCC SOx removal catalysts unrelated to batteries; its use as support for battery-relevant scalability is inappropriate/irrelevant, weakening the overall claim support to partial."
2,3,ds,case_02__rep_03,Candidate D,C4,partially_supported,1,D-R08,"Assembling active nanostructures into spherical secondary particles retains high tap density crucial for practical volumetric energy density, unlike low-density powders from solution-based assembly.","D-R08 supports that spray-dried spherical LiFePO4/Mn microspheres achieve high tap density and volumetric energy density, but this is a cathode material example (LIB, not NIB) and does not directly compare against solution-based low-density powders as claimed."
2,3,ds,case_02__rep_03,Candidate D,C5,supported,3,D-R09|D-R10|D-R13,"Spray-drying demonstrates versatility in creating complex internal void structures for buffering (e.g., pitaya-like Sb@C) and integrating conductive graphene networks, supporting its use for the proposed hierarchical porous microsphere.","D-R09 (pitaya-like Sb@C via spray drying for Na-ion), D-R10 (graphene-modified TiO2 microspheres via spray drying for Na-ion storage), and D-R13 (graphene-encapsulated spray-dried microspheres) collectively support the versatility claim, though these are different chemistries than the proposed Mo/Ni chalcogenide."
2,3,mpds,case_02__rep_03,Candidate A,C1,partially_supported,3,A-R01|A-R02|A-R03,"Hierarchical (Mo,Ni)Sx/rGO 'flower-like' nanosheet composites (analogous chalcogenide/rGO Na-ion anodes) show high gravimetric capacity and cycling stability, with void space buffering volume expansion.","The three cited abstracts (Cu2NiSnS4/rGO, MoS2/rGO, CoS/rGO) do report high capacity, cycling stability, and 3D nanoflower/void architectures buffering volume change in Na-ion systems, supporting the general design philosophy. However, none of these are actual (Mo,Ni)Sx bimetallic chalcogenides as proposed; they are analogous single-metal or different-metal sulfide/rGO systems, so the claim is only partially and analogically supported, not directly verified for the specific composition."
2,3,mpds,case_02__rep_03,Candidate A,C2,partially_supported,2,A-R01|A-R04,An integrated 3D rGO network ensures superior electronic conductivity throughout the particle (supporting Scientist A's design).,"A-R01 supports rGO integration improving conductivity/performance in a Na-ion chalcogenide/rGO composite. A-R04, however, is a Li-ion MoS2/N-doped graphene heterostructure study, not directly Na-ion, and only tangentially supports the general conductivity-network concept via analogy, not the specific claim as stated."
2,3,mpds,case_02__rep_03,Candidate A,C3,partially_supported,2,A-R07|A-R08,"Spray-drying is a proven, industrially scalable manufacturing technique for producing carbon-integrated microspheres for battery electrodes.","A-R07 supports large-scale spray-drying synthesis of a C/S composite for Li-S batteries, backing scalability. A-R08 is a generic pharmaceutical microencapsulation-method-selection paper (drug delivery, AHP decision tool) unrelated to battery electrode manufacturing; citing it for battery-relevant scalability is a mismatch, weakening the overall support for this claim."
2,3,mpds,case_02__rep_03,Candidate A,C4,partially_supported,2,A-R11|A-R09,"A dense-core conversion-material microsphere is guaranteed to pulverize due to large volume changes during sodiation, motivating porous 'nanoparticles-in-microsphere' (pitaya-like) architecture with engineered internal porosity.","A-R11 is a general review on chemical expansion and its implications for mechanical stability in ion-storage materials, supporting the general mechanism of volume-change-induced stress but not specifically proving 'guaranteed' pulverization for this chalcogenide system. A-R09 (pitaya-like Sb@C microspheres via spray drying for Na-ion anodes) directly supports the porous pitaya-like architecture as beneficial, giving reasonable support for the architectural conclusion, though the strong causal claim of guaranteed pulverization is an overstatement not directly demonstrated by either abstract."
2,3,mpds,case_02__rep_03,Candidate A,C5,partially_supported,3,A-R06|A-R12|A-R10,"Using a simple carbon precursor (sucrose/PVP) co-dissolved and carbonized in spray-drying forms an integrated conductive carbon matrix providing electronic continuity and structural reinforcement without the drawbacks of rGO (cost, low initial CE, packing density).","A-R12 (graphitized porous carbon microspheres via spray drying with sucrose) and A-R10 (Zn2SnO4-carbon core-shell via spray pyrolysis with PVP) support the feasibility of carbon-matrix formation via similar spray processes for electrode materials, aligning with the proposed method. A-R06 describes a TiO2@rGO spray-dried composite, which actually uses rGO (contrary to the claim's contrast against rGO drawbacks), making its citation somewhat contradictory/confusing for this specific point rather than supportive."
2,3,sair,case_02__rep_03,Candidate D,C1,partially_supported,2,D-R01|D-R02,Hollow metal chalcogenide/oxide nanoparticles formed via the nanoscale Kirkendall effect (metal cation outward diffusion faster than anion inward diffusion) create internal voids that accommodate volume expansion and prevent particle cracking during sodiation.,"D-R01 directly demonstrates Kirkendall-diffusion-formed hollow FeSe(x) nanoparticles with good Na-ion storage performance, supporting the general mechanism and its application to chalcogenides. D-R02 demonstrates the same Kirkendall mechanism but for SnO2 hollow nanospheres tested only for Li-ion storage, not sodium and not sulfide chemistry. Neither record involves Mo/Ni sulfides specifically, so the extension to the proposed Mo-Ni-S system is an extrapolation rather than direct evidence."
2,3,sair,case_02__rep_03,Candidate D,C2,supported,1,D-R09,"MoS2 is a known high-capacity anode material for sodium-ion batteries, and combining it with rGO improves performance.","D-R09 directly reports an exfoliated MoS2/rGO composite tested as a Na-ion battery anode with high reversible capacity, directly supporting this claim."
2,3,sair,case_02__rep_03,Candidate D,C3,partially_supported,3,D-R10|D-R11|D-R12,"Incorporating nickel (e.g., as a NiSx phase) with MoS2 in a mixed/double transition-metal chalcogenide generates synergistic effects that enhance electrochemical performance and conductivity for Na-ion storage.","D-R10 supports the general double-transition-metal chalcogenide synergy concept but for MoS2/WS2 in Li-ion batteries, not Ni-based sulfide or Na-ion. D-R11 supports multicomponent metal chalcogenide (Cu2NiSnS4)/rGO benefits for Na-ion storage, lending indirect support to the synergy concept but not to Mo-Ni-S specifically. D-R12 shows NiS as an electrocatalyst in Li-air batteries, not directly relevant to conductivity/catalytic benefits in a Na-ion Mo-Ni-S anode. Together these give plausibility but not direct confirmation of the specific Mo-Ni-S synergistic mechanism claimed."
2,3,sair,case_02__rep_03,Candidate D,C4,partially_supported,10,D-R04|D-R05|D-R06|D-R15|D-R16|D-R17|D-R18|D-R22|D-R23|D-R24,"Spray drying is a scalable, high-throughput, cost-effective industrial process suitable for producing porous carbon/graphene-metal composite microspheres with high tap density for battery electrodes.","Multiple records (D-R04, D-R05, D-R06, D-R22, D-R23, D-R24) support that spray drying is scalable and produces microspheres with tunable morphology and high tap density, though mostly for Li-ion or unrelated materials (LiFePO4, LTO/NCM, C/S composites, silica adsorbents), not Na-ion Mo-Ni sulfides. D-R15, D-R17, D-R18 are process-parameter studies on unrelated materials (ammonium metatungstate, SBA-15 silica, carvedilol drug microspheres) that support only the generic process-parameter dependency claim, not battery-specific scalability. The overall scalability claim is broadly supported by analogy but not demonstrated for the exact proposed composite."
2,3,sair,case_02__rep_03,Candidate D,C5,partially_supported,3,D-R13|D-R19|D-R20,"A two-step thermal process—reductive carbonization to form metal nanoparticles embedded in carbon, followed by sulfidation via a Kirkendall-type mechanism—enables controlled formation of hollow metal sulfide/carbon composite microspheres, analogous to prior tungsten sulfide-carbon and iron/tin-based systems.","D-R20 (WS2-carbon via two-step spray pyrolysis/sulfidation) and D-R19 (Sn nanoparticles encapsulated in hollow carbon via spray pyrolysis) support the general two-step carbonization/conversion strategy for related but different chalcogenide/metal systems (W, Sn), not Mo-Ni-S. D-R13 supports carbon encapsulation of Fe2O3 nanoparticles via spray drying-carbonization-oxidation, an analogous but oxide-based (not sulfide) system. These provide reasonable precedent for the proposed two-step route but do not directly verify it for the Mo-Ni sulfide system."
2,3,ses,case_02__rep_03,Candidate B,C1,partially_supported,1,Scientist B [ID: 199],"A sacrificial templating agent (e.g., fumed silica) added during spray drying can generate macropores in a microsphere, producing a bimodal (macro-mesoporous) porous structure that improves ion transport and buffering.","B-R16 (ID:199, pool B) describes macro-mesoporous TiO2 microspheres made via spray drying with fumed silica template, directly supporting the templating mechanism and bimodal pore structure. However, the evidence is for a TiO2/DSSC system, not a Mo/Ni chalcogenide sodium-ion anode, so the transferability of the mechanism to the proposed chemistry and to Na+ transport/buffering is not directly demonstrated, only analogized."
2,3,ses,case_02__rep_03,Candidate B,C2,partially_supported,1,Scientist A [ID: 86],"The nanoscale Kirkendall effect can be used during sulfidation/selenization of spray-pyrolyzed precursor powders to produce hollow chalcogenide (or oxide) nanoparticles that buffer volume expansion, as previously demonstrated for Fe-based systems.","B-R14 (ID:86, pool A) demonstrates hollow FeSex nanoparticle formation via nanoscale Kirkendall diffusion in an rGO matrix with good Na-ion storage performance, supporting the general mechanism. But this is for Fe chalcogenide, not the proposed Mo/Ni chalcogenide system, so the claim that this method will similarly produce hollow Mo/Ni sulfide nanoparticles is an extrapolation from a different material system."
2,3,ses,case_02__rep_03,Candidate B,C3,supported,4,Scientist B [ID: 23]|Scientist A [ID: 11]|Scientist A [ID: 69]|Scientist B [ID: 72],"Reduced graphene oxide (rGO) integrated with metal chalcogenide nanoparticles forms a continuous conductive network that improves electronic continuity and buffers mechanical stress during sodium-ion cycling, as shown for hierarchical microsphere composites.","Multiple cited abstracts (B-R04 TiO2@rGO spray-dried microspheres; B-R03 Cu2NiSnS4/rGO nanoflowers for NIBs; B-R09 MoS2/rGO composite for NIBs; B-R10 MoS2-graphene hierarchical microspheres for Na/Li storage) collectively and directly support the general claim that rGO integration with chalcogenide/oxide nanoparticles improves conductivity, buffers volume change, and enables hierarchical microsphere architectures, including sodium-ion specific systems (B-R03, B-R09, B-R10)."
2,3,ses,case_02__rep_03,Candidate B,C4,supported,3,Scientist A [ID: 137]|Scientist B [ID: 38]|Scientist B [ID: 87],"A two-step process of spray drying to form precursor microspheres followed by thermal post-treatment (annealing/sulfidation) is a scalable route to produce dense or porous composite microspheres with controlled crystallinity, as demonstrated in prior battery-material microsphere syntheses.","B-R11 (WS2-carbon composite via spray pyrolysis + sulfidation), B-R12 (two-step spray-drying of Li-Mn-Ni-Co oxide microspheres with post-treatment temperature control), and B-R13 (spray-dried C/S nanocomposite) all support the general two-step spray-drying-plus-post-treatment scalable synthesis route, though none are for Mo/Ni sulfide sodium-ion anodes specifically."
2,3,ses,case_02__rep_03,Candidate B,C5,partially_supported,1,Scientist A [ID: 3],"A mixed Mo/Ni sulfide (or combined transition-metal chalcogenide) composite may offer synergistic electrochemical benefits compared to single-metal chalcogenides, as suggested by double transition-metal chalcogenide studies.","B-R21 (ID:3, pool A) supports a double transition-metal chalcogenide concept (MoS2/WS2-NG) with synergistic performance benefits for a lithium-ion battery, not sodium-ion, and not Mo/Ni. This provides analogical but not direct support for a Mo/Ni sulfide synergy specifically in sodium-ion chemistry."
3,1,ds,case_03__rep_01,Candidate C,C1,partially_supported,2,C-R07 [ID:104]|C-R08 [ID:141],"One-pot spray pyrolysis can produce yolk-shell microspheres with a dedicated internal void, providing engineered buffering for volume change during cycling (applied here to NiMoO4).","C-R07 (Sn@C yolk-shell via spray pyrolysis) and C-R08 (Zn2SnO4-carbon core-shell via spray pyrolysis) both support that one-pot spray pyrolysis can produce yolk/core-shell microspheres with voids for different metal-oxide/carbon systems, but neither involves NiMoO4 or nickel molybdate chemistry, so the claim as applied to this specific material system is only partially supported by analogy."
3,1,ds,case_03__rep_01,Candidate C,C2,partially_supported,3,C-R05 [ID:23]|C-R06 [ID:41]|C-R11 [ID:87],"Incorporating graphene oxide (GO) into the precursor, which reduces to a conductive, flexible 3D rGO scaffold, provides superior electronic pathways and mechanical resilience/buffering compared to a simple carbon coating.","C-R05 (TiO2@rGO via spray drying), C-R06 (LTO@GS via spray drying), and C-R11 (NVP@rGO via spray drying) all support that rGO scaffolds formed from GO in spray-dried composites improve conductivity, rate capability and buffer volume change — but all are for other active materials (TiO2, Li4Ti5O12, Na3V2(PO4)3), not NiMoO4, so direct applicability to this system is an extrapolation."
3,1,ds,case_03__rep_01,Candidate C,C3,partially_supported,1,C-R10 [ID:116],"A conformal carbon coating derived from polymer pyrolysis (as favored by Scientist A) is inferior to an embedded 3D rGO network for conductivity, and provides only a simple post-synthesis surface coating.","C-R10 describes a polymer-assisted carbon coating on MoO2 on nickel foam (not NiMoO4 microspheres), showing good performance from intimate carbon contact; it does not itself demonstrate inferiority to rGO scaffolds, so the comparative claim is not directly supported, only the existence of the coating method is."
3,1,ds,case_03__rep_01,Candidate C,C4,supported,3,C-R16 [ID:20]|C-R17 [ID:190]|C-R18 [ID:241],Spray-drying/spray pyrolysis reliably produces spherical secondary particles that are critical for achieving high tap density needed for volumetric energy density in practical cells.,"All three cited records (LiFe0.6Mn0.4PO4/C, LiFePO4/C, and Li4Ti5O12 microspheres) directly demonstrate that spray-drying-based processes yield spherical secondary particles with high tap density (~1.4 g/cm3) and improved volumetric energy density, directly supporting the general mechanistic claim, though none involve NiMoO4 specifically."
3,1,ds,case_03__rep_01,Candidate C,C5,unsupported,1,C-R04 [ID:151],"Hollow/void-engineered inorganic microspheres (as templated hydrothermal hollow spheres, cited to support Scientist A's void design) provide large specific surface area and structural benefits relevant to buffering volume change.","C-R04 is a review of inorganic hollow spheres for photocatalysis, unrelated to Li-ion battery electrochemistry, volume buffering, or NiMoO4. It does not support the electrochemical buffering claim being made; the citation is topically mismatched."
3,1,mpds,case_03__rep_01,Candidate E,C1,partially_supported,3,E-R01|E-R02|E-R03,"Hydrothermal synthesis can produce hierarchical NiMoO4 microspheres composed of primary nanostructures (nanosheets/nanowires) with engineered, distributed internal porosity for strain accommodation.","E-R01 and E-R02 describe hydrothermal synthesis of NiMoO4-related nanowire/nanosheet electrodes (supercapacitor and LIB anode contexts), supporting the general synthesis route but not explicitly 'engineered internal porosity for strain accommodation' at the microsphere level (E-R01 is a core-shell nanowire/nanosheet on carbon fabric, not a microsphere with internal voids). E-R03 concerns Fe2(MoO4)3 microspheres from nanoplates, a different composition, offering only analogous but not direct support for the claimed strain-accommodation benefit of distributed porosity."
3,1,mpds,case_03__rep_01,Candidate E,C2,partially_supported,2,E-R04|E-R05,A polymer-assisted solution method can apply a conformal carbon coating while allowing decoupled thermal optimization (avoiding carbothermal reduction and preserving crystallinity).,"E-R05 supports a polymer-assisted solution carbon-coating method with claimed low-cost/scalability and performance benefits, but on MoO2, not NiMoO4, and does not explicitly discuss decoupled thermal optimization to avoid carbothermal reduction. E-R04 concerns Ni/Mo2C-PC water-splitting catalysts derived from polydopamine-coated nickel molybdate nanorods, which is a different application (electrocatalysis) and does not address Li-ion anode crystallinity/carbothermal reduction tradeoffs directly."
3,1,mpds,case_03__rep_01,Candidate E,C3,partially_supported,4,E-R06|E-R07|E-R08|E-R09,"Spray drying can simultaneously form spherical secondary particles and internal voids via controllable 'wet-pocket' process physics, while embedding an intimate carbon precursor mixture.","E-R08 directly supports the 'wet-pocket' phenomenon and void/morphology control via spray-drying parameters, but for SBA-15 silica, not a battery oxide. E-R06 and E-R07 support spray-drying of composite microspheres with carbon sources for battery anodes (TiO2@rGO, carbon microspheres) but do not address internal void formation via wet-pocket physics. E-R09 shows spray drying can yield hollow vs solid spheres depending on method, offering only generic support. None combine void formation, carbon precursor co-mixing, and battery-relevant oxide in one abstract, so the compound central claim is only partially covered by the assembled evidence."
3,1,mpds,case_03__rep_01,Candidate E,C4,partially_supported,2,E-R10|E-R11,A pervasive 3D carbon network embedded throughout a spray-dried microsphere is more robust against fracture than a simple surface coating and improves rate capability/cycling in oxide anodes/cathodes.,"E-R11 (TiNb2O7/C) directly supports the concept of a 3D conductive carbon network via spray drying improving rate capability/cycling for a Li-ion anode, closely analogous to the claim. E-R10 supports a similar concept but for a Na-ion cathode (NVP@rGO), a different chemistry/ion system, so it only partially supports the general mechanistic claim. Neither directly demonstrates the fracture-robustness comparison to surface coatings as an experimentally tested variable."
3,1,mpds,case_03__rep_01,Candidate E,C5,supported,2,E-R12|E-R13,Spherical morphology from spray drying is critical for achieving high tap density needed for practical electrode fabrication.,"Both E-R12 and E-R13 directly demonstrate that spray-drying-derived spherical microsphere morphologies (LiFeMnPO4/C and LiFePO4/C) achieve high tap density and improved volumetric energy density, directly supporting this claim, albeit for different (phosphate cathode) chemistries rather than NiMoO4 anodes—an analogy rather than a direct system match, but the tap-density mechanism claim itself is well supported."
3,1,sair,case_03__rep_01,Candidate C,C1,unverifiable,0,,placeholder,placeholder
3,1,ses,case_03__rep_01,Candidate A,C1,partially_supported,2,A-R04|A-R06,"Interlinked NiMoO4 (or closely related molybdate) nanosheet/nanoplate primary particles provide short diffusion paths and good ionic/electronic transport, making them superior to nanoparticle morphology for this system (cited to Scientist A [ID: 217], [ID: 218]).","A-R04 and A-R06 concern Fe2(MoO4)3 microspheres with nanosheet/nanoplate constituents (a different but related molybdate), showing high capacity and good electrochemical performance attributed to nanosheet morphology, porosity, and fast electron/ion transport. This supports the general concept for an analogous molybdate but not NiMoO4 specifically, and neither record makes a direct comparative claim that nanosheets are superior to nanoparticles for diffusion/transport in this exact material system."
3,1,ses,case_03__rep_01,Candidate A,C2,partially_supported,3,A-R01|A-R10|A-R11,"Incorporating a graphene oxide/rGO scaffold into a spray-dried composite microsphere provides a long-range conductive network that improves electronic contact and mitigates volume change, supporting the dual-carbon strategy for NiMoO4 (cited to Scientist B [ID: 23], [ID: 41], [ID: 87]).","A-R01, A-R10, and A-R11 all support the general principle that rGO/graphene scaffolds in spray-dried microspheres (for TiO2, Li4Ti5O12, and Na3V2(PO4)3 systems respectively) improve conductivity, buffer volume change, and enhance rate performance. This is good analogical support for the mechanism but none of these records involve NiMoO4 or nickel molybdate directly, so the claim is only partially transferable to the proposed system."
3,1,ses,case_03__rep_01,Candidate A,C3,supported,1,A-R15,A sacrificial salt such as ammonium acid carbonate can be used during spray drying and calcination to generate internal voids/hollow structures in the microspheres (cited to Scientist B [ID: 311]).,"A-R15 directly describes fabrication of hollow hydroxyapatite microspheres via spray drying using ammonium acid carbonate as a sacrificial agent, which directly supports the general mechanism of void formation via this salt, though it is demonstrated in a non-battery ceramic system rather than NiMoO4."
3,1,ses,case_03__rep_01,Candidate A,C4,partially_supported,2,A-R08|A-R09,"An amorphous carbon coating formed by pyrolyzing a polymer precursor (e.g., polydopamine) can act as both a conductor and binder, providing intimate electrical contact between a molybdate-based active material and the surrounding conductive scaffold (cited to Scientist A [ID: 116], [ID: 9]).","A-R08 supports polymer-derived carbon coating on MoO2 acting as binder/conductor with good performance, lending support to the general mechanism. A-R09 describes a polydopamine-derived carbon-supported Ni/Mo2C catalyst for water splitting, which is not a Li-ion battery anode context and does not address binder/conductivity roles for NiMoO4; this reference is only tangentially relevant, weakening overall support for the specific claim as applied to NiMoO4 anodes."
3,1,ses,case_03__rep_01,Candidate A,C5,supported,3,A-R19|A-R20|A-R21,"Producing dense, spherical secondary particles via spray drying is the primary strategy for achieving high tap density in composite electrode microspheres (cited to Scientist B [ID: 20], [ID: 190], [ID: 200]).","All three records (LiFe0.6Mn0.4PO4/C, LiFePO4/C, and LTO/NCM microspheres) directly demonstrate that spray-drying to form dense spherical secondary particles composed of primary nanoparticles yields measurably high tap density (e.g., 1.4 g/cm3, 1.04-2.07 g/cm3) along with good rate capability, directly supporting the general claim, though none involve NiMoO4 specifically."
3,2,ds,case_03__rep_02,Candidate B,C1,partially_supported,2,"Scientist A [ID: 1, 27]|Scientist A [ID: 27, 32]","Template-assisted hydrothermal synthesis produces hollow microspheres built from interconnected 2D NiMoO4 nanosheets, providing a central void for buffering and short ion/electron transport pathways.","B-R01 (ID:1) describes hollow MoOx/Ni3S2 nanosheet-based microspheres via structure-directing agent, not NiMoO4, so it is analogous but not directly on-material. B-R02 (ID:27) describes NiMoO4 nanosheets in a CoMoO4@NiMoO4 core-shell (not hollow microsphere) supercapacitor electrode with strain accommodation claims but for supercapacitors, not Li-ion anodes. B-R03 (ID:32) is on NiMoO4 nanowires (1D) for Li-ion batteries, not 2D nanosheets, so it does not support the 2D nanosheet claim and is somewhat contradictory to the '2D superior to other morphologies' framing. Overall the core architectural claim is only partially and analogically supported."
3,2,ds,case_03__rep_02,Candidate B,C2,partially_supported,2,"Scientist A [ID: 1, 49]|Scientist A [ID: 9]",Void creation via sacrificial templates/structure-directing agents is more reliable than stochastic process effects; carbon integration achieved in-situ via GO/glucose in hydrothermal solution.,"B-R01 (ID:1) supports template-directed hollow structure formation (structure-directing agent) but for a Ni3S2/MoOx water-splitting catalyst, not NiMoO4 Li-ion anode. B-R04 (ID:49) supports SiO2/GO template-based hollow microsphere synthesis (MoS2/RGO), relevant to templating methodology but again a different material and application (supercapacitor). B-R05 (ID:9) describes a porous carbon-supported Ni/Mo2C catalyst from Ni-Mo precursor with carbon integration, relevant to carbon incorporation but for HER/OER catalysis, not anode Li-ion buffering. None specifically confirms in-situ carbon coating during hydrothermal NiMoO4 synthesis for Li-ion anodes."
3,2,ds,case_03__rep_02,Candidate B,C3,partially_supported,1,Scientist A [ID: 217],"Facile hydrothermal process for NiMoO4-analog microspheres can produce uniform microspheres with good tap density, illustrated by Fe2(MoO4)3 microspheres analogy.","B-R06 (ID:217) supports a facile hydrothermal process producing Fe2(MoO4)3 microspheres with high capacity retention, an analogous molybdate anode material, but does not directly address tap density or NiMoO4 specifically; it is a reasonable proxy but not a direct claim match."
3,2,ds,case_03__rep_02,Candidate B,C4,partially_supported,3,"Scientist B [ID: 93, 234]|Scientist B [ID: 91, 221]|Scientist B [ID: 20, 241]","Spray drying is a high-throughput, industrially mature, scalable technique suitable for producing microspheres with high tap density; pitaya-like nanoparticle-in-carbon-matrix microspheres via spray drying buffer volume change and maintain performance.","B-R07 (ID:93) supports large-scale, cost-effective spray-drying for C/S composites (Li-S, not Li-ion NiMoO4). B-R08 (ID:234) is a generic microencapsulation method-selection paper (drug delivery), not battery-specific, offering only weak generic support for 'industrially mature' claim. B-R09 (ID:91) supports pitaya-like Sb@C spray-dried microspheres with good rate capability (Na-ion, not Li-ion NiMoO4). B-R10 (ID:221) supports porous carbon microsphere buffering volume change for Li-ion anodes (Mn0.5Co0.5Fe2O4), a good analogy. B-R11 (ID:20) and B-R12 (ID:241) support high tap density via spray drying for LFMP and LTO, both battery materials, supporting the tap-density claim well. Overall the general spray-drying/tap-density/buffering claims are supported by analogy across multiple materials but not NiMoO4 directly, and citation ID:234 is off-topic (pharmaceutical), weakening the traceability of that particular claim segment."
3,2,ds,case_03__rep_02,Candidate B,C5,partially_supported,2,"Scientist B [ID: 128]|Scientist B [ID: 14, 84]","Void creation via template-free Kirkendall effect during post-calcination is scalable, and spray drying can be tuned (via drying kinetics or precursor slurries) to create hollow, nanosheet-like porous structures without complex templating.","B-R15 (ID:128) directly supports scalable Kirkendall-effect hollow nanosphere formation via spray drying, though for SnO2, not NiMoO4 -- reasonable methodological analogy. B-R13 (ID:14) supports spray-drying tunability of pore structure/hollow 'bowl-like' particles for SBA-15 (silica), an inorganic non-battery material, only weakly analogous. B-R14 (ID:84) describes AMT (tungsten precursor) spray-drying morphology control (hollow vs solid spheres) for catalyst production, not battery materials. These are all methodological analogies from different material systems, supporting the general processability point but not directly the NiMoO4 system or Li-ion performance."
3,2,mpds,case_03__rep_02,Candidate D,C1,supported,1,Scientist A [ID: 32],"Pre-formed NiMoO4 (or NixCo1-xMoO4) nanowire electrodes provide efficient electron transport and enhanced electrochemical performance, motivating Scientist A's initial nanowire approach.","D-R01 directly reports NixCo1-xMoO4 nanowire electrodes with enhanced reversible capacity attributed to efficient electron transport via 1D nanostructure, matching the claim as attributed to Scientist A's argument."
3,2,mpds,case_03__rep_02,Candidate D,C2,unsupported,1,Scientist A [ID: 9],"A more stable carbide material (Ni/Mo2C) was created via thermal treatment of nickel molybdate nanorods, representing a step toward a fundamentally more stable material for the anode architecture.","D-R02 describes a Ni/Mo2C-PC composite catalyst for water-splitting (HER/OER), not a lithium-ion battery anode material or its stability during cycling. The abstract does not address conversion-anode stability, capacity, or Li-ion storage relevance, so it does not support the claim as framed in the memo (a step in anode material design)."
3,2,mpds,case_03__rep_02,Candidate D,C3,partially_supported,1,Scientist A [ID: 258],"Template-assisted synthesis can produce hollow yolk-shell microspheres, an architecture Scientist A proposed for NiMoO4 anodes.","D-R03 is a general thesis on yolk-shell nanoparticle synthesis for catalysis applications, not specifically NiMoO4 or Li-ion anodes. It supports the general feasibility of yolk-shell fabrication methods but not the specific claim about NiMoO4 microsphere anodes."
3,2,mpds,case_03__rep_02,Candidate D,C4,partially_supported,1,Scientist B [ID: 91],"A pitaya-like microsphere architecture with an integrated carbon network and in-situ generated nanovoids, produced via spray-drying, is a proven design for buffering volume strain and enabling high-rate storage.","D-R04 supports the pitaya-like Sb@C microsphere concept made by spray drying with good capacity retention and rate capability, but this is for Sb anodes in sodium-ion batteries, not NiMoO4 in Li-ion batteries. The structural/morphological principle is supported by analogy, but the claim as applied to NiMoO4 Li-ion anodes is an extrapolation."
3,2,mpds,case_03__rep_02,Candidate D,C5,partially_supported,2,"Scientist B [ID: 20, 190]|Scientist B [ID: 190]","Spray-drying-based microsphere fabrication achieves high tap density critical for practical/volumetric energy density, and hollow structures present a likely insurmountable barrier to achieving competitive tap density.","D-R05 and D-R06 both support that spray-drying methods can achieve high tap density for LiFePO4/LiFeMnPO4 cathode microspheres, supporting the general premise that spray-drying yields high tap density. However, neither reference addresses NiMoO4, hollow yolk-shell architectures, or directly substantiates the comparative claim that hollow spheres are 'likely insurmountable' barriers to tap density -- that comparative claim is an inference not directly evidenced by the cited abstracts."
3,2,sair,case_03__rep_02,Candidate B,C1,partially_supported,5,B-R01|B-R02|B-R03|B-R04|B-R05,"Hierarchical porous microspheres (5-20 µm) made of sub-100 nm primary nanoparticles promote high tap density, flowability, electrolyte wetting, and short Li-ion diffusion pathways for high-rate performance.","The cited abstracts (LiFeMnPO4/C, LiMnFePO4/C, LiFePO4/C, Li2FeSiO4/C, TiNb2O7/C microspheres) do support the general concept that spray-dried microspheres composed of nanoparticles yield high tap density, short diffusion paths, and good rate capability. However, none concern NiMoO4 or a conversion-type anode, so the claim is only supported by analogy to other chemistries, not directly verified for the material system under discussion."
3,2,sair,case_03__rep_02,Candidate B,C2,unsupported,3,B-R06|B-R07|B-R08,"A network of distributed internal nanovoids is preferable to a single large central void for buffering the volume change of primary nanoparticles and preserving internal electrical pathways, as proven effective in analogous high-capacity anode materials.","B-R06 describes multicomponent Mo/Ni sulfide/selenide microspheres with empty nanovoids (single/hollow voids, not explicitly 'distributed nanovoids' compared against single voids), B-R07 and B-R08 describe yolk-shell/hollow Sn-based structures, which are examples of single central voids rather than distributed nanovoid networks. None of the abstracts perform or report a comparison between distributed vs. single-void architectures, so the specific comparative claim of superiority of distributed voids is not supported by the cited evidence; this is explicitly flagged by the candidate as '(Inference)' but still presented as 'proven effective,' which overstates the evidence."
3,2,sair,case_03__rep_02,Candidate B,C3,partially_supported,8,B-R05|B-R09|B-R10|B-R11|B-R12|B-R13|B-R14|B-R15,"Embedding NiMoO4 primary nanoparticles in a 3D conductive carbon matrix (from graphene oxide or sucrose) enhances electron transport, provides mechanical buffering, and structural cohesion, preventing pulverization during cycling.","The cited works (TiNb2O7/C, V2O5/CNT, TiO2/rGO, LTO/graphene, NVP/rGO, Sb@C, MoO2/C on Ni foam, Fe2O3/graphitic carbon) consistently show that carbon or graphene networks in microsphere composites improve conductivity, buffer volume change, and structurally stabilize electrodes across various oxide/anode chemistries. This supports the general mechanism, but none address NiMoO4 specifically, so direct verification of the mechanism for the material under discussion is missing, and B-R14 relates to MoO2, not NiMoO4."
3,2,sair,case_03__rep_02,Candidate B,C4,unsupported,1,B-R24,"High-temperature thermal treatment of NiMoO4 in the presence of carbon can induce carbothermal reduction, forming a multi-phase composite with metallic Ni and Mo suboxides/carbides (e.g., MoO2, Mo2C), which may have superior conductivity and catalytic activity for the conversion reaction compared to phase-pure NiMoO4.","B-R24 (Ni/Mo2C-PC catalyst for water splitting, derived from nickel molybdate nanorods with polydopamine coating) does show that thermal treatment of a Ni-Mo-O precursor with carbon can yield a Ni/Mo2C composite, lending plausibility to the general chemistry, but it concerns an entirely different application (electrocatalysis for water splitting) and does not address electrochemical Li-ion storage performance, conductivity benefits for battery anodes, or catalytic activity for a conversion lithiation reaction. The extrapolation to Li-ion anode conversion catalysis is not supported by this evidence."
3,2,sair,case_03__rep_02,Candidate B,C5,unsupported,1,B-R25,"Salt-assisted synthesis (e.g., using NaCl flux) can lower the crystallization temperature and mitigate sintering, offering a path to promote crystallinity at lower processing temperatures.","B-R25 is merely a correction/corrigendum notice for a Scientific Reports article acknowledgement section; the abstract text supplied contains no scientific content about salt-assisted spray drying, crystallization temperature, or sintering mitigation. The cited record does not substantiate the claim at all, despite the title suggesting relevance; only the erratum abstract was supplied, which is not usable evidence."
3,2,ses,case_03__rep_02,Candidate D,C1,partially_supported,1,D-R01,NiMoO4 microspheres built from interconnected nanosheet primary particles create interstitial nanovoids that buffer volume expansion during cycling ([ID:218]).,"D-R01 (ID 218, pool A) describes Fe2(MoO4)3 microspheres with nanosheet constituents allowing fast ion/electron transport and high porosity for electrolyte diffusion, giving good rate capacity. It supports a related architecture (nanosheet microspheres, porosity aiding diffusion) but is about a different compound (Fe2(MoO4)3, not NiMoO4) and does not directly address void buffering of volume expansion for NiMoO4. The extrapolation from Fe2(MoO4)3 to NiMoO4 is an analogy, not direct evidence."
3,2,ses,case_03__rep_02,Candidate D,C2,supported,3,D-R02|D-R06|D-R07,"Co-spraying graphene oxide (GO) during spray drying, followed by reduction to rGO, creates a highly conductive, flexible scaffold that alleviates volume change and improves electrochemical performance, supporting the choice of GO co-spraying over other carbon-integration methods.","D-R02 (TiO2@rGO via spray drying) and D-R07 (LTO@GS via one-pot spray drying) directly support that co-spraying GO forms conductive, flexible scaffolds that alleviate volume change and improve rate capability. D-R06 (NVP@rGO) also supports graphene-scaffolded spray-dried microspheres achieving high rate and cycling stability. These are analogous materials (different active materials) but the general mechanistic claim about GO co-spraying benefits is well supported across multiple independent systems."
3,2,ses,case_03__rep_02,Candidate D,C3,partially_supported,1,D-R03,Adding a structure-directing agent such as Pluronic P123 to the precursor slurry controls assembly of primary particles during rapid drying and prevents collapse of the intended porous structure.,"D-R03 describes P123 as a structure-directing agent used in synthesis of a hollow Ni3S2-based electrocatalyst (via a different process, not spray drying), not in the context of spray-drying microsphere formation for battery anodes. The abstract supports P123's general role as a structure-directing agent but does not verify its use in the spray-drying context described, nor its effectiveness at preventing porous structure collapse during rapid drying specifically."
3,2,ses,case_03__rep_02,Candidate D,C4,unsupported,3,D-R13|D-R06|D-R03,"A single calcination step under inert/reducing atmosphere can simultaneously crystallize NiMoO4, reduce GO to rGO, and pyrolyze/remove P123 template, yielding a porous, conductive final architecture without added inactive mass.","D-R13 (Li2MnO3-based composite via two-step spray-drying, not single calcination combining crystallization/reduction/template removal) does not clearly support a single-step calcination achieving all three functions for NiMoO4/GO/P123 system. The candidate itself labels two of the three functions as 'inferred' rather than directly cited, indicating acknowledged extrapolation. No cited abstract demonstrates simultaneous crystallization, GO reduction, and template pyrolysis in one step for this or an analogous system."
3,2,ses,case_03__rep_02,Candidate D,C5,supported,2,D-R14|D-R15,"Target microspheres of 5-15 µm with tap density >1.0 g/cm3 are achievable and necessary for practical volumetric energy density in high-rate anode design, based on evidence from spray-dried microsphere systems.","D-R14 and D-R15 both directly report spray-dried microspheres (LiFe0.6Mn0.4PO4/C and Li4Ti5O12 respectively) achieving high tap densities (1.4 g/cm3) with associated volumetric energy density benefits and good rate capability, supporting the general feasibility of the tap-density target using spray-drying, though these are cathode/different-anode materials rather than NiMoO4 specifically."
3,3,ds,case_03__rep_03,Candidate A,C1,unsupported,2,A-R01|A-R02,"Template-assisted hydrothermal synthesis (Scientist A route) forms hollow NiMoO4 microspheres from nanosheet building blocks, supported by ID:1 and ID:49.","A-R01 concerns hollow Ni3S2/MoOx electrocatalysts for water splitting, not NiMoO4 Li-ion anode microspheres. A-R02 concerns MoS2/RGO hollow microspheres for supercapacitors. Neither directly supports NiMoO4 hydrothermal hollow-microsphere synthesis for Li-ion storage; at best these are adjacent material systems and different application contexts."
3,3,ds,case_03__rep_03,Candidate A,C2,partially_supported,1,A-R03,"A conformal external carbon coating (e.g., via polydopamine pyrolysis) can be applied as a final step to improve inter-particle conductivity, citing ID:9.","A-R03 describes polydopamine-coated nickel molybdate nanorods thermally treated to form porous carbon-supported Ni/Mo2C for water splitting catalysis, not for a Li-ion anode. It does support the general concept of polydopamine-derived carbon coating on a Ni-Mo-O precursor, but the electrochemical Li-ion context and performance claims are not addressed."
3,3,ds,case_03__rep_03,Candidate A,C3,partially_supported,2,A-R04|A-R05,"Spray drying is a scalable, tunable technique for producing controlled microsphere morphology, supported by ID:30 and ID:93.","Both records support that spray drying is a scalable method for producing microspheres (mesoporous carbon microspheres; C/S nanocomposite for Li-S batteries), broadly consistent with the general claim of scalability and tunability. However neither pertains to NiMoO4 or nanovoid buffering specifically, so only the generic processing claim is supported, not material-specific outcomes."
3,3,ds,case_03__rep_03,Candidate A,C4,partially_supported,1,A-R06,"Voids can be created in spray-dried microspheres using thermally removable/sacrificial templates such as polystyrene, citing ID:205.","A-R06 describes macroporous CoFe2O4 spinel microspheres made via spray drying with polystyrene template and calcination — this supports the general templating mechanism for void creation via spray drying, though the material system (spinel ferrite, not NiMoO4) differs and application is magnetic, not battery-related."
3,3,ds,case_03__rep_03,Candidate A,C5,partially_supported,4,A-R07|A-R08|A-R09|A-R10,"Co-atomizing metal precursors with carbon sources (sucrose, graphene) in spray drying followed by single calcination forms an in-situ conductive network with high tap density suitable for high-rate Li-ion batteries, citing ID:20, 41, 87, 190.","These records (LiFeMnPO4/C, LTO@graphene, NVP@rGO, LiFePO4/C) all support spray-drying-based in-situ carbon integration achieving high tap density and good rate performance in various Li-ion electrode materials, lending credible analogical support to the general mechanism. However, none involve NiMoO4 or address volume-change/void-buffering behavior specific to conversion-type anodes, so the core mechanistic claim about nanovoid buffering combined with conductivity/tap density trade-offs in NiMoO4 remains unverified by the cited literature."
3,3,mpds,case_03__rep_03,Candidate C,C1,unsupported,3,C-R01|C-R02|C-R03,"Hydrothermal synthesis of hierarchical NiMoO4 (or analogous molybdate) nanosheet microspheres interwoven with rGO intrinsically creates distributed nanovoids and a superior conductive network (cited as [ID:2, 217, 218]).","C-R01 concerns MnMoO4 (not NiMoO4) hydrothermally grown with rGO on Ni foam for supercapacitors, not Li-ion anode microspheres with internal nanovoids. C-R02 and C-R03 concern Fe2(MoO4)3 microspheres (different metal, not Ni) as anode materials; C-R03 does describe nanosheet-constituent 3D microspheres with porosity, which is adjacent but not NiMoO4 or explicitly about nanovoid buffering/rGO integration. None directly support the specific claim about NiMoO4/rGO hydrothermal microspheres with nanovoids."
3,3,mpds,case_03__rep_03,Candidate C,C2,partially_supported,3,C-R05|C-R06|C-R07,"Spray drying is a versatile, scalable platform capable of producing complex hierarchical architectures with distributed nanovoids (e.g., via the Kirkendall effect) and can incorporate high-quality rGO conductive networks (cited as [ID:87, 91, 128]).","C-R07 directly supports the Kirkendall-effect/spray-drying route for hollow nanospheres (SnO2, Li-ion), which is a strong and relevant match. C-R05 supports spray-drying with graphene scaffolding (NVP@rGO) for Na-ion, relevant to the rGO-integration sub-claim but not Li-ion or nanovoid-specific. C-R06 (Sb@C pitaya microspheres via spray drying) supports general spray-drying versatility for porous/void-like morphology in Na-ion but not directly nanovoids or rGO. Collectively partial support of the general claim, but not for NiMoO4 or Ni-Mo system specifically."
3,3,mpds,case_03__rep_03,Candidate C,C3,unsupported,3,C-R08|C-R09|C-R10,"Hydrothermal synthesis produces low-throughput, high-cost, 'fluffy' low-density powders unsuitable for practical applications (cited as [ID:20, 166, 191]).","C-R08 is about a spray-drying/double-carbon-coating method achieving HIGH tap density LiFeMnPO4/C, not about hydrothermal synthesis producing low-density powders — it does not address hydrothermal synthesis at all. C-R09 involves a hydrothermal + spray-drying combination for TiO2(B) microspheres for photocatalysis, unrelated to tap density claims for batteries. C-R10 is about spray-dried porous Si/C microspheres, not hydrothermal synthesis. None of these evidence records support the specific critique of hydrothermal synthesis's density/throughput drawbacks."
3,3,mpds,case_03__rep_03,Candidate C,C4,supported,3,C-R12|C-R13|C-R14,"Spray drying is proven for scalable, dense, spherical microsphere formation for various Li-ion electrode chemistries, supporting the choice of spray drying as core platform (cited as [ID:93, 190, 241]).","C-R12, C-R13, and C-R14 all directly describe spray-drying-based synthesis of scalable, dense (or high tap density) microspheres for Li-ion battery materials (C/S, LiFePO4/C, Li4Ti5O12), directly supporting the general feasibility claim about spray drying as a scalable platform for battery microspheres, though none are specific to NiMoO4 or Ni-Mo oxide systems."
3,3,mpds,case_03__rep_03,Candidate C,C5,partially_supported,1,C-R07,"The nanoscale Kirkendall effect during post-calcination of a spray-dried solid precursor particle can generate a well-controlled void structure without added material cost or process complexity, as a viable void-engineering strategy for the NiMoO4 system (cited as [ID:128]).","C-R07 supports the general mechanism of using nanoscale Kirkendall diffusion combined with spray drying to produce hollow/void metal oxide (SnO2) nanospheres for Li-ion storage with good cycling performance, which is a strong analogous precedent. However, it does not directly address NiMoO4, nor multi-metal (Ni-Mo) systems, nor microsphere-scale internal nanovoid distributions (vs. single hollow nanospheres), so the specific mechanistic transfer to this proposal is not directly demonstrated."
3,3,sair,case_03__rep_03,Candidate A,C1,partially_supported,1,A-R01,"NiMoO4 nanocrystal synthesis shortens Li-ion diffusion lengths, increases surface area, and improves accommodation of lattice strain, enhancing rate capability and cycling stability (cited to [ID:32]).","A-R01 (NixCo1-xMoO4 nanowire anodes) reports enhanced electrochemical performance ascribed to larger surface area and efficient electron transport via 1D nanostructure, which is adjacent support for nanostructuring improving rate capability, but it does not directly address nanocrystal (0D) morphology, diffusion length shortening in NiMoO4 microspheres, or strain accommodation during lithiation/delithiation. The claim is broader than what the cited nanowire study demonstrates."
3,3,sair,case_03__rep_03,Candidate A,C2,supported,3,A-R02|A-R03|A-R04,"Assembling nanocrystals into spherical microspheres (5-20 µm) improves powder processability and significantly increases tap density, which is essential for volumetric energy density (cited to [ID:20], [ID:190], [ID:241]).","All three cited abstracts (LiFe0.6Mn0.4PO4/C, LiFePO4/C, and Li4Ti5O12 microspheres via spray drying) directly demonstrate that spray-dried microsphere assembly increases tap density and volumetric/gravimetric performance in analogous battery materials, directly supporting the general mechanism claimed, though none involve NiMoO4 specifically."
3,3,sair,case_03__rep_03,Candidate A,C3,partially_supported,3,A-R05|A-R06|A-R07,"NiMoO4 is expected to have poor intrinsic electronic conductivity limiting rate performance, similar to other transition metal oxide conversion anodes (cited to [ID:120], [ID:210], [ID:260]).","Cited abstracts describe poor electronic conductivity issues in TiNb2O7, TiO2, and V2O5 electrode materials, which are analogous but chemically distinct transition metal oxides. This supports the general pattern of poor conductivity in metal oxide electrodes but does not directly verify the conductivity of NiMoO4 itself, which is explicitly flagged by the candidate as an 'Inference.'"
3,3,sair,case_03__rep_03,Candidate A,C4,partially_supported,4,A-R08|A-R09|A-R10|A-R11,"A 3D rGO scaffold creates a continuous electron transport network and acts as a mechanical buffer preventing electrical isolation and preserving structural integrity during volume changes (cited to [ID:23], [ID:41], [ID:87], [ID:91]).","Cited studies (TiO2@rGO, LTO@graphene, NVP@rGO, Sb@C) demonstrate that graphene/carbon scaffolds improve conductivity and buffer volume changes in various electrode materials (mostly sodium-ion systems and different active materials), supporting the general mechanism but not demonstrating it specifically for NiMoO4 or confirming quantitative claims about maintaining electrical pathways during expansion/contraction in this exact system."
3,3,sair,case_03__rep_03,Candidate A,C5,partially_supported,3,A-R12|A-R13|A-R14,"Internal voids created via sacrificial templating buffer volume expansion of the nanocrystal assembly and prevent pulverization during cycling, as demonstrated in Mo/Ni sulfide-selenide microspheres with empty nanovoids and other yolk-shell/hollow structures (cited to [ID:98], [ID:104], [ID:128]).","A-R12 (Mo,Ni sulfide/selenide microspheres with empty nanovoids) is closely analogous in structural concept (same Mo-Ni system, nanovoid buffering) though for Na-ion storage rather than Li-ion NiMoO4; A-R13 and A-R14 show yolk-shell/hollow Sn-based structures with strain buffering, supporting the general void-buffering mechanism but not NiMoO4 directly. The overall mechanism is plausible and reasonably supported by analogy, but no direct evidence for NiMoO4 void buffering is provided."
3,3,ses,case_03__rep_03,Candidate C,C1,partially_supported,3,C-R05|C-R06|C-R07,"Graphene oxide (GO) incorporated into the slurry, upon thermal treatment, forms a flexible, highly conductive graphene network that encapsulates primary particles, improves electronic contact, and buffers volume changes; this is superior to a simple carbon coating (Scientist B [ID:23], [ID:41], [ID:87]).","C-R05 (TiO2@rGO), C-R06 (LTO@graphene sheets), and C-R07 (NVP@graphene scaffold) all support that graphene/rGO scaffolds in spray-dried microspheres improve conductivity, buffer volume change, and enhance rate performance in analogous oxide systems. However, none directly involve NiMoO4, and the comparative claim that this is 'superior' to a simple carbon coating is not directly tested or supported by these abstracts, which do not compare against polydopamine or double-carbon-coating alternatives."
3,3,ses,case_03__rep_03,Candidate C,C2,supported,1,C-R04,"Airflow spray drying tends to produce hollower spheres, while centrifugal atomizers produce denser spheres, a parameter that should be selected to align with desired internal structure (Scientist B [ID:84]).","C-R04 (ammonium metatungstate spray-drying study) explicitly reports that centrifugal spray drying yields solid spheres while airflow spray drying yields hollow spheres, directly supporting this claim, albeit in a non-battery, non-NiMoO4 material system."
3,3,ses,case_03__rep_03,Candidate C,C3,partially_supported,1,C-R08,"Pluronic P123, a triblock copolymer, acts as a structure-directing agent that is burned out during annealing to create nanovoids/fine porous structure (Scientist A [ID:1]).","C-R08 describes P123 as a structure-directing agent used to create hollow, nanosheet-built MoOx/Ni3S2 composite microspheres for water splitting catalysts, supporting the general templating mechanism. However, this is a catalysis context, not a NiMoO4 Li-ion anode context, so the extrapolation to nanovoid formation in NiMoO4 microspheres for battery applications is only partially supported."
3,3,ses,case_03__rep_03,Candidate C,C4,supported,1,C-R02,A temperature around 500°C has been shown to be effective for crystallizing related NiMoO4/molybdate nanostructures (Scientist A [ID:32]).,"C-R02 reports hydrothermal synthesis of NixCo1-xMoO4 nanowires followed by post-annealing at 500°C for 2h, directly supporting the claim that 500°C annealing is used and effective for related Ni-Mo-oxide nanostructures, including NiMoO4 itself (x=1 case)."
3,3,ses,case_03__rep_03,Candidate C,C5,partially_supported,2,C-R14|C-R12,"The integrated framework produces mechanically robust, hierarchical microspheres with high tap density (Scientist B [ID:20], [ID:241]).","C-R14 (LiFe0.6Mn0.4PO4/C double-carbon-coated microspheres) and C-R12 (Li4Ti5O12 microspheres) both demonstrate high tap density (~1.4 g/cm^3) achieved via spray-drying with carbon coating/process control in other cathode/anode oxide systems, supporting the general feasibility of achieving high tap density via analogous spray-drying strategies. However, neither reference is for NiMoO4 or for a graphene-scaffolded system with internal nanovoids as proposed, so direct support for the specific combined architecture's tap density is only partial."
4,1,ds,case_04__rep_01,Candidate E,C1,unsupported,1,E-R01,"Perforated V2O3/CNT composite microspheres can be fabricated by spray pyrolysis with a sacrificial porogen (e.g., polystyrene nanobeads) that burns out to leave macrovoids acting as Zn2+ ion highways (Scientist A [ID: 13]).","E-R01 (ID 13) describes a layered calcium vanadium oxide bronze cathode for aqueous Zn batteries with high capacity/cycling stability; it does not discuss spray pyrolysis, porogens, macrovoids, or CNT microsphere fabrication. The cited record does not support this specific fabrication/mechanism claim."
4,1,ds,case_04__rep_01,Candidate E,C2,unsupported,1,E-R02,"The flexible, interconnected 3D CNT network acts as a structural backbone buffering V2O3 volume changes and creating a robust conductive network (Scientist A [ID: 54]).","E-R02 (ID 54) is about a graphene-oxide-decorated vanadium nanoparticle cathode for magnesium batteries, not CNT microspheres or Zn2+ systems. It does not support claims about CNT backbone buffering volume changes in a V2O3/CNT Zn-ion cathode."
4,1,ds,case_04__rep_01,Candidate E,C3,unsupported,1,E-R05,"Pre-intercalation of pillar ions (Na+, Ca2+) into V2O3/VOx during hydrothermal synthesis expands interlayer spacing, creates stable rapid Zn2+ diffusion pathways, and prevents irreversible collapse of vanadium oxide layers during cycling (Scientist B [ID: 7]).","E-R05 (ID 7, pool B) is about carbon nanotube/titania composite microsphere coatings for corrosion-resistant electrode supports in acidic fuel-cell-like conditions, unrelated to Zn2+ intercalation, pillar ions, or vanadium oxide chemistry. This is a central mechanistic claim in the memo's recommended strategy, and the cited evidence does not support it."
4,1,ds,case_04__rep_01,Candidate E,C4,unsupported,1,E-R10,"The pillaring/ion-pre-intercalation strategy is 'exceptionally strong' evidence, further supported by [ID: 1], for enhancing kinetics and preventing structural collapse in aqueous ZIBs.","E-R10 (ID 1) concerns a C@LiFePO4/CNT microsphere composite for lithium-ion batteries, not aqueous Zn-ion batteries or vanadium oxide pillaring. It does not substantiate the ion-pillaring claim for ZIBs."
4,1,ds,case_04__rep_01,Candidate E,C5,unsupported,1,E-R09,A two-step process—low-temperature hydrothermal synthesis of porous pillared VOx/CNT architecture followed by controlled annealing under inert atmosphere—provides superior control to achieve the V2O3/VOx mixed-valence state (Scientist B [ID: 25]).,"E-R09 (ID 25) describes MWCNT porous microspheres for lithium-sulfur battery cathodes, not a two-step hydrothermal/annealing route to V2O3/VOx phases or Zn-ion chemistry. It does not support this specific synthesis-control claim."
4,1,mpds,case_04__rep_01,Candidate B,C1,supported,2,B-R03|B-R04,"Pre-pillared Mn-doped hydrated vanadium oxide (MnxV2O5·nH2O) provides large, stable interlayer spacing enabling facile Zn2+ diffusion and improved cycling, and is a more reliable active material choice than V2O3/V2O5.","B-R03 (Mn-doped hydrated vanadium oxide, MnHVO-30) and B-R04 (Mn0.15V2O5·nH2O) both directly report expanded interlayer spacing, doping strategy, and improved Zn2+ storage kinetics/capacity retention, matching the claim's mechanism and material class."
4,1,mpds,case_04__rep_01,Candidate B,C2,partially_supported,3,B-R10|B-R07|B-R09,"CNT-interpenetrated porous microsphere architecture is essential for achieving high tap density, processability, long-range electronic conductivity, and mechanical buffering of volume changes.","B-R10 (mesoporous carbon-CNT-sulfur microspheres) supports tap density/areal capacity benefits; B-R07 (perforated metal oxide-CNT microspheres) and B-R09 (Fe3O4/carbon microspheres) support conductivity and volume-buffering claims but are all from unrelated Li-ion/Li-S systems, not vanadium oxide ZIB cathodes, so the extrapolation to this specific system is only partially supported."
4,1,mpds,case_04__rep_01,Candidate B,C3,partially_supported,3,B-R07|B-R08|B-R09,"A one-pot spray-drying/pyrolysis method can produce robust, dense composite microspheres with hierarchical pore structure suitable as a scalable synthesis framework for the target composite.","These records (SnO2-CNT, N-doped CNT, Fe3O4/carbon microspheres) demonstrate spray-drying/electrospray-based microsphere synthesis with hierarchical porosity, supporting the general synthesis feasibility claim, but none involve vanadium oxide or the specific Mn-doped hydrated VOx phase, leaving a material-specific gap."
4,1,mpds,case_04__rep_01,Candidate B,C4,unsupported,2,B-R18|B-R19,"Polar metal oxide nanocrystals (e.g., CoO or ZnO) can act as chemical anchoring sites to trap dissolved vanadium species and serve as structural rivets preventing pulverization/delamination.","B-R18 and B-R19 describe CoO/ZnO nanocrystals on CNT microspheres acting as chemical/physical traps for polysulfides in Li-S batteries, not for vanadium dissolution in aqueous ZIBs. The mechanism (polysulfide adsorption) is chemically distinct from vanadium species trapping, so these abstracts do not directly support the stated anchoring function for this system."
4,1,mpds,case_04__rep_01,Candidate B,C5,partially_supported,2,B-R06|B-R07,"Nano-architecting CNT-V2O5 composites can overcome intrinsic limitations of simpler vanadium oxides, and the proposed in-situ activation of V2O3/MXene is merely uncontrolled degradation rather than a controlled strategy.","B-R06 supports that CNT-V2O5 microspheres improve electrochemical performance over bare V2O5, supporting the nano-architecting claim. However, the second part of the claim (that in-situ activation of V2O3/MXene is 'uncontrolled degradation') is an argumentative assertion attributed to Scientist B without a directly cited counter-evidence record refuting the in-situ activation approach (which itself was separately supported by B-R05 in the debate); no record here directly contradicts or validates the degradation characterization."
4,1,sair,case_04__rep_01,Candidate D,C1,partially_supported,4,D-R01|D-R02|D-R03|D-R04,"V2O3/vanadium oxide cathodes suffer from dissolution in aqueous electrolytes, a primary mechanism of capacity fade and poor cycle life, and this can be suppressed by coatings such as PANI or other protective layers.","D-R01, D-R02, and D-R04 support dissolution as a degradation mechanism in vanadium oxide (though for Zn3V2O7(OH)2, V2O5-PANI superlattice, and V2O5@PPy respectively, not V2O3 specifically) and support coating strategies to suppress it. D-R03 concerns Li2VO2F dissolution in a non-aqueous Li-ion context, which is only tangentially relevant and does not directly support an aqueous ZIB V2O3 claim. The core mechanism is broadly supported by analogy but not for V2O3 itself, which is the actual proposed active material."
4,1,sair,case_04__rep_01,Candidate D,C2,partially_supported,6,D-R08|D-R09|D-R10|D-R11|D-R12|D-R13,"A hierarchical macrovoid/mesopore architecture in CNT microspheres (via sacrificial PMMA porogen templating with spray drying) facilitates deep electrolyte penetration and rapid Zn2+ transport, whereas simple spray-drying without a porogen yields dense microspheres that limit electrolyte access.","D-R10 (hierarchically porous materials review), D-R12, and D-R13 (CNT/PMMA-templated porous architectures) directly support the general architectural/porogen-templating rationale. D-R11 explicitly supports perforated metal-oxide-CNT composite microspheres formed with polystyrene porogen improving ion storage. D-R08 and D-R09 support hierarchical porous vanadium oxide benefits for ion transport in a battery context, though not with CNT-porogen templating specifically. None directly test Zn2+ transport in a V2O3/CNT/porogen microsphere system, so the specific mechanistic claim for this exact system remains an extrapolation from analogous systems (mostly Li-ion, Na-ion, ORR)."
4,1,sair,case_04__rep_01,Candidate D,C3,partially_supported,5,D-R17|D-R18|D-R19|D-R26|D-R27,"Growing a vanadium oxide precursor (VOx nanobelts/nanorods) directly onto functionalized CNTs via hydrothermal/solvothermal synthesis, followed by carbothermal reduction using the CNT as the in situ reducing agent, yields V2O3 intimately anchored to CNTs with good electrical wiring, preventing phase segregation.","D-R18 supports carbothermal reduction producing V2O3/C hybrid via solvothermal + carbothermal reduction (though using glucose-derived carbon, not the CNT itself as the reducing agent). D-R17 and D-R19 support hydrothermal VOx-CNT/graphene anchoring for good conductivity but describe V2O5 composites, not V2O3. D-R26 and D-R27 describe V2O3 or VOx thermal reduction routes but not anchored to CNTs specifically nor using CNT as reductant. The specific claim that the CNT itself acts as the carbothermal reducing agent for V2O3 formation is not directly demonstrated by any cited record."
4,1,sair,case_04__rep_01,Candidate D,C4,supported,3,D-R28|D-R29|D-R02,"A conformal PANI coating applied via in situ oxidative polymerization suppresses V2O3/vanadium oxide dissolution in aqueous electrolyte while simultaneously shielding Zn2+-lattice electrostatic interactions, lowering the diffusion barrier and accelerating Zn2+ transport kinetics.","D-R28 and D-R29 directly demonstrate PANI intercalation/coating on vanadium oxide (VOH, V2O5) improving Zn2+ diffusion kinetics and reducing electrostatic binding, and D-R02 shows a PANI-V2O5-x superlattice restraining dissolution while promoting Zn diffusion. These are strong, directly relevant supports for the PANI mechanism, though on V2O5-based hosts rather than V2O3."
4,1,sair,case_04__rep_01,Candidate D,C5,partially_supported,3,D-R21|D-R22|D-R23,"A 3D interconnected CNT framework in the microsphere provides electronic conductivity and mechanical resilience to buffer volume changes during cycling, preventing loss of electrical contact with active material.","D-R21 and D-R23 directly support CNT-decorated microspheres providing 3D conductive networks and rate/cycling benefits in Na-ion and Li-ion cathode/anode systems respectively. D-R22 supports a CNT framework buffering volume change for Si anodes. These are all analogous systems (different active materials, not V2O3/Zn) so support the general architectural principle but not the specific V2O3-CNT-Zn2+ system."
4,1,ses,case_04__rep_01,Candidate B,C1,partially_supported,4,Scientist B [ID: 8]|Scientist B [ID: 13]|Scientist B [ID: 23]|Scientist B [ID: 6],"Sacrificial polymer nanobead porogens (e.g., PS/PMMA) incorporated in CNT/metal-oxide spray-dried microspheres create interconnected macrovoids that facilitate electrolyte penetration and accommodate volume change, improving ion transport and cycling stability.","B-R05 (ID:13, SnO2-CNT perforated microspheres with PS nanobeads) and B-R29 (ID:8, CNT/CoO microspheres with PMMA pore former) directly support porogen-based macrovoid formation in CNT composite microspheres improving Li-ion storage. B-R32 (ID:23, PMMA-templated CNT foam) supports tunable porosity via polymer microsphere templating. However, ID:6 is ambiguous between pool A (Ca-vanadium bronze paper, irrelevant to porogens) and pool B (CNT microsphere porosity via aragonite porogen, relevant) — the candidate text does not disambiguate which pool is intended, and none of these are in the V2O3/Zn system, so the mechanistic transfer to V2O3/ZIB is not directly demonstrated, only analogous systems (Li-ion, Na-ion, ORR)."
4,1,ses,case_04__rep_01,Candidate B,C2,supported,7,Scientist A [ID: 7]|Scientist A [ID: 69]|Scientist A [ID: 428]|Scientist A [ID: 6]|Scientist A [ID: 75]|Scientist A [ID: 194]|Scientist A [ID: 1],"Pre-intercalation of pillar ions (e.g., Na+) into a hydrated vanadium oxide bronze expands interlayer spacing and buffers lattice volume change during Zn2+ cycling, improving structural stability and capacity retention.","B-R25 (ID:7, Na-stabilized V2O5 nanowire cathode for ZIBs) directly supports Na+ pillaring improving conductivity and cycling stability. B-R13 (ID:69, Mn-doped layered vanadium oxide ZIB) and B-R26 (ID:428, Na,Mn-vanadate ZIB cathode) support related pillar/doping strategies enhancing ZIB performance. B-R15 (ID:194, Mg-intercalated V2O5 ZIB) and B-R27 (ID:75, hydrated V6O13 ZIB) support interlayer spacing/hydration effects on Zn2+ diffusion. B-R01 (ID:1, Zn-vanadate hierarchical porous cathode) supports lattice buffering concept, though it is Zn-intercalated not pillared with Na. Collectively these support the pillaring/interlayer-expansion mechanism well, though ID:6 ambiguity (pool A vs B) is unresolved here as well since it appears in this claim's inference chain."
4,1,ses,case_04__rep_01,Candidate B,C3,supported,7,Scientist A [ID: 77]|Scientist A [ID: 92]|Scientist A [ID: 181]|Scientist A [ID: 365]|Scientist A [ID: 36]|Scientist A [ID: 116]|Scientist A [ID: 274],"Vanadium oxides suffer significant dissolution in aqueous electrolytes, which increases impedance and causes capacity fade; a conformal polyaniline (PANI) coating formed in situ can suppress this dissolution while also serving as a secondary conductive network and adhesion promoter.","B-R07 (ID:77, HfO2 ALD SEI suppressing ZVO dissolution) and B-R08 (ID:92, V2O5-PANI superlattice restraining dissolution) directly support both the dissolution problem and PANI's protective/conductive role in aqueous ZIBs. B-R30 (ID:36, PANI-coated V2O5 nanowires improving cycling in Li batteries) and B-R31 (ID:116, PANI-intercalated VOH for ZIBs) and B-R39 (ID:274, PANI-intercalated V2O5 for ZIB kinetics) support PANI's beneficial role. B-R09 (ID:181, SVO dissolution in non-aqueous ICD battery electrolyte) and B-R10 (ID:365, LiPON-coated LVO, non-aqueous) are only tangentially relevant (different electrolyte systems, not aqueous ZIB) and represent weaker analogical support, constituting minor overreach."
4,1,ses,case_04__rep_01,Candidate B,C4,partially_supported,5,Scientist A [ID: 2]|Scientist A [ID: 4]|Scientist A [ID: 58]|Scientist A [ID: 76]|Scientist A [ID: 230],"Strong Coulombic interactions between divalent Zn2+ and the V2O3 host lattice, combined with low intrinsic V2O3 conductivity, are major factors limiting ion transport and rate performance in aqueous ZIB cathodes.","B-R11/B-R12 (ID:2, ID:4 — duplicate DOIs of the same oxygen-deficient VO ZIB paper) directly support strong Coulombic ion-lattice interactions limiting Zn2+ stability, matching the claim well for vanadium oxide generally. B-R22 (ID:58) and B-R23 (ID:76) support low intrinsic conductivity of vanadium pentoxide (not V2O3 specifically) in Li-ion systems, an adjacent proposition. B-R24 (ID:230, V2O3/C hybrid for Li storage) discusses V2O3's poor electrical conductivity but in Li-ion context, not aqueous Zn systems, so this is an analogical rather than direct demonstration for the specific V2O3/ZIB system."
4,1,ses,case_04__rep_01,Candidate B,C5,unsupported,4,Scientist A [ID: 220]|Scientist A [ID: 16]|Scientist A [ID: 36]|Scientist A [ID: 174],"A single controlled thermal annealing step can simultaneously achieve carbothermal reduction of a vanadium oxide precursor to the V2O3 phase (potentially creating oxygen vacancies), decomposition of sacrificial porogens to form macrovoids, and in situ PANI polymerization, without destroying the CNT/PANI framework.","B-R33 (ID:220, V2O3 nanorods via N2 thermal reduction of V2O5 nanotubes) supports carbothermal-type reduction to V2O3, and B-R34 (ID:16, tunable oxygen vacancy V2O5-PEDOT) supports oxygen vacancy formation, but in a different (non-carbothermal, non-macrovoid) context. No cited record addresses the simultaneous compatibility of porogen decomposition, V2O3 phase formation, and PANI polymerization/stability in one single annealing step; this key feasibility claim about process-window compatibility is asserted as a 'risk' by the candidate itself but no evidence directly supports the claim that all three can be co-achieved in a single step."
4,2,ds,case_04__rep_02,Candidate D,C1,partially_supported,4,D-R05|D-R06|D-R09|D-R13,"Spray-drying/spray-pyrolysis with sacrificial porogens (e.g., PS or PMMA beads) reliably produces uniform, monodisperse CNT-based microspheres with an interconnected macroporous network suitable for electrolyte percolation.","D-R05 (perforated metal oxide-CNT microspheres via spray pyrolysis with PS porogen) and D-R09 (CNT microsphere porosity control via porogen) and D-R13 (spray-drying with PMMA porogen for CNT/CoO microspheres) support the general spray-drying + porogen approach for CNT microspheres with controlled porosity, but these are demonstrated for SnO2, Pt/CNT, or CoO systems, not V2O3, and none address Zn2+ transport or aqueous ZIB context. D-R06 supports spray-dried V2O5/CNT microspheres (LIB), which is adjacent chemistry (V2O5 not V2O3) and different ion (Li+ not Zn2+)."
4,2,ds,case_04__rep_02,Candidate D,C2,unsupported,2,D-R04|D-R10,"A single-step pyrolysis/carbothermal reduction step can simultaneously decompose a PMMA porogen, pyrolyze PAN into an N-doped carbon matrix, and carbothermally reduce a vanadium precursor to V2O3, while preserving CNT network integrity.","D-R04 supports template-free solvothermal + carbothermal reduction to V2O3/C hollow nanospheres using glucose as carbon source, not PAN/PMMA combined with spray-drying. D-R10 supports PMMA-templated, PAN-crosslinked CNT foam fabrication but does not involve vanadium oxide reduction or a single-step process achieving V2O3 phase formation. No supplied record demonstrates the specific combined three-outcome single-step process claimed."
4,2,ds,case_04__rep_02,Candidate D,C3,partially_supported,2,D-R10|D-R12,"Using PAN as an N-doped carbon precursor creates a cross-linked carbon matrix that forms robust mechanical joints between CNTs, yielding a mechanically resilient and highly conductive 3D framework.","D-R10 directly supports PAN-mediated cross-linking of CNTs into a foam with improved mechanical strength (via PMMA-templated CNT foam). D-R12 supports a related concept (amide-bond molecular junctions between MWCNTs and Si@C microspheres improving conductivity/mechanical robustness) but uses a different bonding chemistry, not PAN pyrolysis. The core PAN-crosslinking claim is reasonably supported by D-R10; D-R12 is only weakly analogous."
4,2,ds,case_04__rep_02,Candidate D,C4,partially_supported,1,D-R07,"N-doping of the carbon matrix creates active sites that improve reaction kinetics, supporting enhanced electrochemical performance.","D-R07 demonstrates N-doped CNT microspheres (HNCM) with high N content used as sulfur host for Li-S batteries and as anode for Li-ion batteries, showing good rate capability and cycling stability, consistent with N-doping enhancing performance. However, it does not directly demonstrate N-doped carbon creating 'active sites' that improve reaction kinetics in a V2O3/Zn2+ system; the mechanistic link to Zn2+ kinetics is not established in this abstract."
4,2,ds,case_04__rep_02,Candidate D,C5,unsupported,2,D-R03|D-R04,V2O3 is a viable cathode material for Zn-ion batteries with structural stability comparable to Li-ion cathode performance reported in the literature.,"D-R03 and D-R04 both demonstrate V2O3-based materials as cathode/anode materials for Li-ion batteries with good cycling stability, not for aqueous Zn-ion batteries. No supplied record addresses V2O3 performance or stability in a ZIB (Zn2+) system, which is the central claim of the task; this is a significant extrapolation from Li-ion to Zn-ion chemistry without direct evidence."
4,2,mpds,case_04__rep_02,Candidate A,C1,partially_supported,4,ID: A6|ID: A7|ID: A69|ID: A1,"Layered vanadium oxide bronzes pre-intercalated with pillar ions (Ca2+, Na+, Mn2+) and structural water prevent structural collapse and enable long cycle life (e.g., Zn0.3V2O5·1.5H2O achieving 96% retention over 20,000 cycles) in aqueous ZIBs.","A-R03a (Ca-vanadium bronze), A-R04a (Na-stabilized VO), A-R05a (Mn-doped hydrated VO), and A-R06a (Zn0.3V2O5·1.5H2O, 20,000 cycles) all support the general concept of pillar/hydration stabilization in ZIBs and the specific 20,000-cycle claim. However, all cited numeric IDs (1,6,7,69) are ambiguous because each has two candidate pool records (A and B) with very different topics (e.g., ID 1 also maps to a LiFePO4/CNT paper, ID 69 also to a mechanochromic fiber paper). The candidate text does not explicitly disambiguate pool assignment, though internal context (ZIB-specific bronze/pillar language) strongly implies pool A. Because the packet notes ambiguity must not be resolved by guessing, this claim is only partially supported at the traceability level despite plausible content match."
4,2,mpds,case_04__rep_02,Candidate A,C2,unverifiable,6,ID: B54|ID: B78|ID: B70|ID: B23|ID: B8|ID: B15,"Hierarchical, porous CNT microspheres fabricated by scalable spray-drying provide a 3D conductive 'superhighway' and macrovoids that act as 'ion highways' for rapid electrolyte penetration, validated by high-performance examples in Li-S and Na-ion batteries.","For every cited numeric ID (54, 78, 70, 23, 8, 15) two records are supplied, one from pool A and one from pool B, and the topics diverge sharply (e.g., ID 54 pool A = Mg battery cathode paper; pool B = CNT/V2O5 porous microsphere spray-drying paper relevant to the claim). The candidate labels these as 'B' claims but the underlying evidence packet does not let us confirm which pool record was actually intended without guessing, and some 'B' record pairs at least superficially fit CNT-microsphere/spray-drying themes (e.g., B-R09b, B-R04a) while others do not (e.g., B-R08b on EMI shielding foams, B-R14b on Na-ion electrolyte interfaces). Given the framework's rule not to resolve ambiguity by guessing, this key architectural claim's evidentiary basis remains unverifiable at the traceability level, though topically some B-pool abstracts do plausibly support the architecture claim in isolation."
4,2,mpds,case_04__rep_02,Candidate A,C3,partially_supported,2,ID: A42|ID: A69,"Manganese-doped Hydrated Vanadium Oxide (Mn-HVO) is a low-cost, high-performance active material suitable as the primary cathode candidate, citing scalable synthesis and cycling data.","A-R20a directly describes a scalable, low-temperature synthesis of Mn-doped hydrated vanadium oxide (MnHVO-30) with 341 mAh/g and 82% retention over 1200 cycles, which supports the low-cost/scalable claim but shows more modest cycling stability (1200 cycles) than implied by the memo's broader claims of 'demonstrated high performance' comparable to the 20,000-cycle bronze figure. A-R05a (interlayer Mn-doped V2O5·nH2O, 8000 cycles) supports the electrochemical performance angle. Both IDs (42, 69) are again numerically ambiguous with pool B counterparts (magnetic CNT microspheres; mechanochromic fibers) that are irrelevant, but the surrounding text ('Mn-HVO...primary candidate') sufficiently anchors pool A. However, the specific superlative ('demonstrated high performance') is an overreach relative to the actual 82%/1200-cycle result, so only partial support."
4,2,mpds,case_04__rep_02,Candidate A,C4,unverifiable,3,ID: B13|ID: B54|ID: B102,"Scientist B's CNT-network approach for conductivity and strain relief is 'proven' via examples such as spray-drying V2O5/CNT porous microspheres for LIB cathodes and other CNT-microsphere composites (e.g., B13, B54, B102).","IDs 13, 54, and 102 are each shared between pool A and pool B records with divergent topics (e.g., ID13 pool A = Ca-vanadium bronze ZIB paper vs pool B = perforated metal oxide-CNT microsphere paper for LIBs; ID102 pool A = V2O5/NiCo2O4 nanowire flexible LIB paper vs pool B = Si@C microsphere anode paper). Because the candidate does not unambiguously indicate which pool is intended for each bare numeric ID beyond general context, and the rules prohibit resolving such ambiguity by guessing, this claim's evidentiary linkage is unverifiable despite plausible topical relevance in the B-pool records if that pool assignment is correct."
4,2,mpds,case_04__rep_02,Candidate A,C5,unsupported,2,ID: B6|ID: B23,"Engineered macrovoids via sacrificial porogens (e.g., PMMA) will ensure rapid ion transport to particle surfaces in the final composite design.","No evidence record is supplied for a token 'B6' — only 'ID: 6' pool A/B pair is present (A-R03a Ca-vanadium bronze; A-R03b CNT microsphere porogen/porosity paper), and 'ID: 23' pool A/B pair (A-R12a Na-ion nanowire cathode; A-R12b PMMA-templated CNT foam). The candidate's citation 'B6' does not correspond to any supplied identifier format in the packet (all supplied records are keyed only as numeric IDs with pool A/B abstracts, not as 'B6' or 'B23' composite labels), making this citation effectively unresolvable/mismatched to the supplied evidence naming convention, and thus unsupported at a basic traceability level even though a topically relevant abstract (A-R03b, on porogen-templated CNT microsphere porosity) exists under the ambiguous ID 6."
4,2,sair,case_04__rep_02,Candidate C,C1,partially_supported,4,Scientist B [ID: 54]|Scientist B [ID: 8]|Scientist B [ID: 13]|Scientist A [ID: 40],"Spray-drying of a slurry containing vanadium precursor, CNTs, and sacrificial polymer porogen (e.g., PMMA) produces composite microspheres with engineered macrovoids after thermal treatment, and this approach is a scalable route for V2O3/CNT porous microsphere synthesis.","C-R02 (ID:54) supports spray-drying of V2O5/CNT porous microspheres, and C-R05/C-R06 (ID:8, ID:13) support spray/spray-pyrolysis with PMMA or PS porogens to create voided metal-oxide-CNT microspheres, but these are for SnO2, CoO, or V2O5, not V2O3, and C-R01 (ID:40) describes an aerosol process for graphene/VO2-V2O5, not V2O3 or macrovoid-templated microspheres. No cited record demonstrates the specific V2O3/CNT macrovoid microsphere system, so the claim is only partially supported by analogy across related but distinct material systems."
4,2,sair,case_04__rep_02,Candidate C,C2,partially_supported,3,Scientist A [ID: 230]|Scientist A [ID: 220]|Scientist A [ID: 25],"Thermal treatment at 600-800°C with a carbothermal reducing agent (glucose) converts a vanadium precursor to the V2O3 phase, and this temperature range promotes crystallinity while risking nanocrystal coarsening and CNT scaffold damage at higher temperatures.","C-R09 (ID:230) supports glucose-assisted carbothermal reduction forming V2O3/C hybrids, and C-R11 (ID:220) supports V2O3 nanorods as cathodes with good cycling, but neither explicitly specifies the 600-800°C reduction window claimed generally, and C-R12 (ID:25) discusses V2O5/VOx nanotubes reduced at 400°C, not V2O3 or 600-800°C, so the specific temperature range and coarsening trade-off are not directly verified by the cited sources."
4,2,sair,case_04__rep_02,Candidate C,C3,supported,1,Scientist A [ID: 16],"Tuning oxygen vacancy concentration in the vanadium oxide lattice via thermal reduction can improve Zn2+ reaction kinetics, but excessive vacancy concentrations are detrimental to performance.","C-R13 (ID:16) directly demonstrates tunable oxygen vacancy concentration in V2O5-PEDOT for aqueous ZIBs, showing performance improves up to ~20.3% vacancy concentration and declines with excessive vacancies due to increased band gap, closely matching the claim, though the base material is V2O5-PEDOT composite rather than the CNT-anchored V2O3 system proposed."
4,2,sair,case_04__rep_02,Candidate C,C4,partially_supported,3,Scientist B [ID: 118]|Scientist A [ID: 92]|Scientist A [ID: 242],"A conformal polypyrrole (PPy) coating applied via in situ vapor-phase polymerization can physically shield V2O3 from the aqueous electrolyte, suppress dissolution, improve interfacial conductivity, and buffer volume changes during cycling.","C-R24 (ID:118) supports in situ vapor-phase PPy polymerization as a coating method, but only for a sulfur/carbon Li-S cathode, not a vanadium oxide ZIB cathode. C-R25 (ID:92) supports a PANI (not PPy) superlattice suppressing V2O5-x dissolution in aqueous ZIBs, and C-R26 (ID:242) supports PPy-coated V2O5 yolk-shell spheres with hydrophobicity and cycling stability (via solvothermal/vapor deposition, LIB context, not ZIB). None of these directly demonstrates in situ vapor-phase PPy coating suppressing dissolution specifically for V2O3 in aqueous ZIBs, so the synthesis method and the electrochemical benefit claims are supported only by separate, non-identical precedents that must be combined by inference."
4,2,sair,case_04__rep_02,Candidate C,C5,supported,1,Scientist A [ID: 77],"An ultrathin ALD-deposited HfO2 layer can act as an artificial SEI, effectively preventing cathode dissolution in aqueous zinc-ion battery vanadium oxide cathodes, though at the cost of impeding charge transfer kinetics if not precisely thickness-controlled.","C-R22 (ID:77) directly reports ALD-deposited HfO2 as an artificial SEI on a Zn3V2O7(OH)2 cathode in aqueous ZIBs, suppressing dissolution and improving capacity retention, which closely matches the claim, although the trade-off regarding insulating character requiring precise thickness control is an inference not explicitly stated in the abstract."
4,2,ses,case_04__rep_02,Candidate A,C1,partially_supported,5,Scientist A [ID: 7]|Scientist A [ID: 57]|Scientist A [ID: 75]|Scientist A [ID: 8]|Scientist A [ID: 194],"Hydrated or pre-intercalated 'pillar' ions (e.g., NaV3O8-type precursors) expand the interlayer spacing of vanadium oxide, lowering Zn2+ diffusion barriers and improving structural resilience.","A-R10 (ID7, Na0.33V2O5) and A-R18 (ID194, Mg-intercalated V2O5) directly support pillar-ion interlayer expansion improving Zn2+/ion transport and stability. A-R12 (ID75) supports hydrated intercalation facilitating Zn2+ diffusion in V6O13, a related but distinct mechanism (co-intercalated water, not a pillar cation). A-R11 (ID57) is about a pyridine-V2O5 sodium-ion capacitor, not directly about Zn2+ or pillar-ion diffusion barriers, only tangentially relevant. Overall the core claim about pillar ions lowering Zn2+ barriers is supported by some records but conflated with a different mechanism (hydrated intercalation) and stretched to an unrelated Na-ion capacitor study, so only partial support for the composite claim as stated."
4,2,ses,case_04__rep_02,Candidate A,C2,supported,4,Scientist B [ID: 13]|Scientist B [ID: 81]|Scientist B [ID: 6]|Scientist B [ID: 23],"Sacrificial polymer nanobeads (e.g., PS, PMMA) can be used as a hard template within a CNT-containing spray-dried microsphere to create interconnected macrovoids that accelerate ion/electrolyte transport into the core.","A-R03 (ID13) directly demonstrates spray-pyrolysis of metal oxide-CNT composite microspheres using PS nanobeads to create void nanospheres, improving electrochemical performance. A-R15 (ID6) supports macroporosity via a porogen (though aragonite, not polymer beads) improving mass transfer in CNT microspheres. A-R19 (ID23) supports PMMA-templated CNT foam with tunable porosity. A-R14 (ID81) is about Fe3O4/carbon microspheres with PS as a component but does not clearly establish macrovoid templating in the same way; still broadly consistent. Together these give solid, if not perfectly uniform, support for the core mechanism."
4,2,ses,case_04__rep_02,Candidate A,C3,supported,1,Scientist B [ID: 139],CNTs form a three-dimensional interconnected conductive network that provides electrical continuity and can accommodate volume changes throughout a spray-dried composite microsphere.,"A-R08 (ID139) directly demonstrates a 3D interconnected CNT network in spray-dried composite microspheres providing electron transport, electrolyte penetration, and accommodation of volume expansion, closely matching the claim, albeit for a NMC/Li-ion anode system rather than V2O3/Zn system."
4,2,ses,case_04__rep_02,Candidate A,C4,partially_supported,3,Scientist A [ID: 144]|Scientist A [ID: 230]|Scientist B [ID: 29],"Pyrolysis of a soluble carbon source (e.g., glucose) can form a conformal carbon coating on V2O3 that anchors active material to a CNT scaffold and enhances local conductivity.","A-R13 (ID144) supports carbon-encapsulation of vanadium oxide (V2O5) nanofibers improving performance via a physical buffer, and A-R16 (ID230) supports glucose-derived carbon coating on V2O3 (urchin-like V2O3/C) improving performance, which is close to the claim's material (V2O3) and mechanism. However, neither abstract specifically shows anchoring to a CNT scaffold or spray-dried microsphere architecture; the CNT-anchoring aspect is not directly evidenced by these two records. ID29 is used elsewhere in text as A-R07 (carbon black-anchored vanadium oxide), which does support carbon anchoring generally but not specifically to CNTs in a spray-dried microsphere. The composite claim is thus only partly supported."
4,2,ses,case_04__rep_02,Candidate A,C5,partially_supported,4,Scientist A [ID: 40]|Scientist A [ID: 232]|Scientist B [ID: 13]|Scientist B [ID: 54],A two-step process of spray drying a precursor slurry (containing CNTs and vanadium source) followed by thermal treatment in a controlled atmosphere can produce V2O3/CNT-type composite microspheres with enhanced electrochemical performance.,"A-R04 (ID54) directly supports spray-drying of V2O5/CNT porous microspheres with enhanced performance, closely analogous though for V2O5 not V2O3. A-R03 (ID13) supports spray pyrolysis of metal oxide-CNT microspheres with void templating (SnO2, not vanadium oxide). A-R01 (ID40) and A-R02 (ID232) describe spray pyrolysis/drying of vanadium oxide (VO2/V2O5) microspheres but without CNTs. None of the cited records demonstrate the specific target compound V2O3 combined with CNTs via spray drying, so the claim is only partially supported by analogy across related but non-identical material systems."
4,3,ds,case_04__rep_03,Candidate C,C1,partially_supported,1,C-R01,Creating an oxygen-deficient V2O3-δ (oxygen-vacancy) phase facilitates Zn2+ reaction kinetics and enhances capacity in aqueous ZIB cathodes.,"C-R01 supports oxygen-deficient vanadium oxide (reported as vanadium oxide, not explicitly V2O3) improving Zn2+ kinetics and capacity/stability, closely matching the claim, but the exact V2O3-δ phase and generalization to this specific system is not directly demonstrated."
4,3,ds,case_04__rep_03,Candidate C,C2,supported,3,C-R09|C-R10|C-R14,"Spray-drying with sacrificial polymer templates (e.g., PS or PMMA beads) creates macrovoid/hierarchical porous CNT or metal oxide-CNT microspheres that provide ion transport pathways.","C-R09 and C-R14 directly describe spray-drying with PS/PMMA templates producing porous CNT-composite microspheres with voids; C-R10 shows PMMA-templated CNT foam with tunable porosity. Together these directly support the architectural claim, though applied to non-V2O3 systems (SnO2, CoO, generic CNT foam)."
4,3,ds,case_04__rep_03,Candidate C,C3,supported,3,C-R11|C-R07|C-R12,A 'double carbon' CNT framework (interconnected 3D CNT skeleton plus amorphous carbon) provides robust electrical conductivity and structural/mechanical stability for microsphere cathodes.,"C-R11 explicitly describes the 'double carbon' concept (amorphous + graphitized CNT carbon) improving electronic/ionic kinetics; C-R07 and C-R12 support CNT frameworks enhancing conductivity and rate performance in analogous microsphere cathodes (V2O5, NVP), though not V2O3 specifically."
4,3,ds,case_04__rep_03,Candidate C,C4,supported,1,C-R04,"Pre-intercalating 'pillar' ions (e.g., Na+) into vanadium oxide lattices expands interlayer spacing and prevents structural collapse, improving cycling stability.","C-R04 directly demonstrates Na-ion intercalation into vanadium oxide (NVO) acting as a structural pillar, improving conductivity and cycling stability, matching the claim closely."
4,3,ds,case_04__rep_03,Candidate C,C5,partially_supported,1,C-R13,"Shifting from V2O3 to V2O5 would offer higher capacity, motivating consideration of alternate active material chemistry.","C-R13 shows V2O5 nanobelts delivering higher capacity than other VOx phases in a lithium-ion (not zinc-ion) context, offering only indirect and cross-chemistry support for the V2O3-to-V2O5 capacity claim in ZIBs."
4,3,mpds,case_04__rep_03,Candidate E,C1,supported,2,E-R01|E-R02,"Pre-intercalated/hydrated vanadium oxide with cation 'pillars' (Ca2+, Na+) creates stable open channels for Zn2+ transport, improving kinetics and cycle life (ID: 6, 7)","E-R01 (Ca-vanadate bronze) shows 96% retention over 3000 cycles at 80C, and E-R02 (Na0.33V2O5) shows Na ions act as pillars stabilizing the layered structure with good conductivity/cycling. Both directly support the pillaring/stabilization claim, though neither alone reaches the superlative language used generally in the memo."
4,3,mpds,case_04__rep_03,Candidate E,C2,supported,1,E-R03,"A zero-strain mechanism via balanced ion co-intercalation (Zn2+/H3O+) enables >20,000 cycles of stability in a Zn-vanadium oxide cathode (ID: 1)","E-R03 directly describes Zn0.3V2O5·1.5H2O cathode with 96% capacity retention over 20,000 cycles and explains the lattice-contraction/expansion cancellation mechanism, matching the 'zero-strain' claim closely."
4,3,mpds,case_04__rep_03,Candidate E,C3,partially_supported,2,E-R04|E-R05,"Tuning oxygen vacancies in vanadium oxide boosts electronic conductivity and active site density, improving ZIB cathode performance (ID: 2, 16)","E-R04 reports an oxygen-deficient V2O5 cathode with improved kinetics and capacity but only ~200-2000 cycle stability, not directly demonstrating conductivity mechanism. E-R05 shows tunable oxygen vacancy concentration affects capacity/cycling and notes excessive vacancies raise band gap (reducing conductivity/kinetics), which partially contradicts a simple 'more vacancies = better conductivity' framing. The general claim about vacancies improving performance is supported, but the specific mechanistic claim about boosting electronic conductivity is only partially supported and slightly oversimplified relative to E-R05's nuance."
4,3,mpds,case_04__rep_03,Candidate E,C4,partially_supported,1,E-R06,A porous CNT microsphere scaffold (as in caddice-fly-inspired core-shell architectures) provides mechanical stability and electronic conductivity for encapsulated active materials (ID: 81),"E-R06 describes porous Fe3O4/carbon microspheres (not CNT microspheres specifically for V2O3/ZIB) demonstrating mechanical buffering and conductivity benefits for a different active material (Fe3O4) and different battery chemistry (Li-ion anode). It supports the general architectural principle but not the specific V2O3/ZIB CNT microsphere with macrovoids claim; it's an analogy from a different system, similar to Scientist B's other citations, and does not itself describe a 'caddice-fly' or CNT-only scaffold structure with macrovoids used in ZIBs."
4,3,mpds,case_04__rep_03,Candidate E,C5,partially_supported,2,E-R07|E-R08,"Functional outer 'armor' layers (e.g., N-doped carbon with polar Nb2O5) can chemically trap dissolved active-material species to prevent shuttle/dissolution effects, analogous to strategies in Li-S batteries (ID: 8, 15)","E-R07 and E-R08 both support the general architectural and chemical-trapping concept (CoO or Nb2O5 decorated CNT/N-doped carbon microspheres trapping polysulfides) but exclusively in the Li-S battery context, not for vanadium-species trapping in aqueous ZIBs. The mechanistic analogy is reasonable but the abstracts do not verify applicability to vanadium dissolution in ZIBs, which the candidate itself flags as speculative."
4,3,sair,case_04__rep_03,Candidate B,C1,supported,4,B-R01|B-R02|B-R03|B-R26,"Sluggish Zn2+ kinetics in vanadium oxide cathodes arise from strong electrostatic (Coulombic) interactions between divalent Zn2+ and the host lattice, and oxygen vacancies/defect engineering can facilitate Zn2+ reaction kinetics and improve conductivity.","B-R01/B-R02 (oxygen-deficient V2O3-family cathode) directly state that vanadium oxides suffer from strong Coulombic ion-lattice interactions with divalent Zn2+ and that an oxygen-deficient structure facilitates Zn2+ reaction kinetics. B-R26 supports the oxygen-vacancy-tunability and performance link. B-R03 supports the electrostatic-interaction bottleneck and a kinetics-improvement strategy (though via PANI intercalation rather than oxygen vacancies directly), so the core mechanistic claim is well supported."
4,3,sair,case_04__rep_03,Candidate B,C2,partially_supported,3,B-R05|B-R06|B-R07,"Capacity fade in aqueous ZIB vanadium-oxide cathodes is caused by dissolution of vanadium species in the aqueous electrolyte, and physical/chemical encapsulation (e.g., coatings, superlattice structuring) can mitigate this dissolution.","B-R05 and B-R06 directly support vanadium dissolution as a capacity-fade mechanism and show coating/structural strategies (HfO2 ALD, PANI superlattice) that suppress dissolution, closely matching the candidate's proposed contingency (PANI/PPy coating). B-R07 is about a different lithium-based cation-disordered rock-salt material (Li2VO2F) with vanadium dissolution in a non-aqueous, Li-electrolyte context, which is only weakly analogous to the aqueous Zn system, so it partially supports rather than directly substantiates the ZIB-specific claim."
4,3,sair,case_04__rep_03,Candidate B,C3,supported,6,B-R12|B-R13|B-R15|B-R20|B-R21|B-R27,"Sacrificial polymer porogens (PS/PMMA) combined with spray drying can create CNT-based composite microspheres with interconnected macrovoids that improve electrolyte penetration and ion/electron transport, as demonstrated in analogous (non-V2O3) CNT/metal-oxide microsphere systems.","B-R12 (perforated metal oxide-CNT microspheres via PS templating), B-R13 (CNT foam via PMMA templating), B-R15 (CNT microspheres with controlled porosity via porogen), B-R20 (CNT/CoO microspheres via spray drying with PMMA porogen), B-R21 (V2O5/CNT porous microspheres via spray drying), and B-R27 (hierarchically porous materials review) collectively and directly support the core synthesis/porosity concept, though these are analog systems (mostly Li-ion, not V2O3-Zn) rather than direct demonstrations in the exact proposed system."
4,3,sair,case_04__rep_03,Candidate B,C4,supported,4,B-R16|B-R17|B-R18|B-R19,Mn2+ doping of vanadium oxide narrows the bandgap and boosts electrochemical performance of vanadium oxide cathodes in ZIBs.,"B-R16 and B-R18 (same work, original + erratum notice) directly support Mn2+ interlayer doping narrowing the bandgap and improving ZIB cathode performance. B-R17 supports Mn-doped V2O5 improving conductivity via oxygen vacancies, but in a Li-ion (not Zn-ion) context, and B-R19 supports Mn-ion incorporation boosting aqueous ZIB performance via a different mechanism (Na+ migration assist). Together these substantiate the claim reasonably well, with B-R16/18 being most directly on-point."
4,3,sair,case_04__rep_03,Candidate B,C5,supported,5,B-R31|B-R29|B-R30|B-R21|B-R23,"A 3D interconnected CNT network serves as a flexible, conductive skeleton that buffers volume-change-induced mechanical stress, maintains structural integrity, and minimizes interfacial resistance during cycling, mitigating pulverization of the active material.","B-R31 (MWCNT-V2O5 composite) directly supports CNTs acting as a buffer relaxing strain during cycling in a vanadium oxide cathode context. B-R29, B-R30, B-R21, and B-R23 (various CNT-decorated metal-oxide/phosphate microsphere systems, mostly Li/Na-ion) support the general mechanism of CNT networks providing conductive pathways and accommodating volume changes, though these are analog systems rather than direct V2O3/Zn-ion demonstrations."
4,3,ses,case_04__rep_03,Candidate D,C1,partially_supported,2,D-R07|D-R10,"Sacrificial polymer porogens (e.g., PS, PMMA) added to a CNT/metal-oxide spray-drying slurry and removed during thermal treatment create a well-defined network of macrovoids in composite microspheres.","D-R07 ([ID:13], pool B) directly supports perforated/void-containing metal oxide-CNT microspheres made via spray pyrolysis with PS nanobeads as porogens, which is closely analogous but for SnO2, not V2O3, and uses spray pyrolysis rather than spray drying as stated in the candidate's process. D-R10 ([ID:65]) supports a macroporous CNT backbone via spray pyrolysis/selenization for CoSe2, not directly involving sacrificial porogens. Neither is on the actual V2O3/aqueous ZIB system, so the mechanism analogy is reasonable but the specific claim of macrovoid creation via porogen removal in this exact context is only partially substantiated."
4,3,ses,case_04__rep_03,Candidate D,C2,supported,4,D-R11|D-R12|D-R13|D-R08a,"A pre-intercalated hydrated vanadium oxide (e.g., NaxV2O5\u00b7nH2O) with 'pillar' ions and structural water stabilizes the crystal lattice against Zn2+ cycling stress and facilitates Zn2+ diffusion via electrostatic screening.",D-R11 (Na-stabilized vanadium oxide nanowire cathode for ZIBs) and D-R12 (Ca-vanadium oxide bronze cathode for ZIBs) directly support pillar-ion stabilization of layered vanadium oxide structures for Zn2+ storage. D-R13 (V6O13 hydrated intercalation) and D-R08a (hydrated layered VOH cathode for ZIBs) support the mechanism of structural water facilitating Zn2+ diffusion via electrostatic shielding. This claim is well supported by directly relevant ZIB cathode literature.
4,3,ses,case_04__rep_03,Candidate D,C3,partially_supported,2,D-R03|D-R04,"An interconnected CNT network within composite microspheres forms a flexible, conductive matrix that mechanically buffers volume changes of active nanoparticles during cycling, improving both conductivity and structural stability.","D-R03 (V2O5/CNT porous microspheres via spray drying) directly supports CNT networks providing conductivity and accommodating structural degradation, but for V2O5 in Li-ion batteries, not V2O3 in aqueous ZIBs. D-R04 (Si@C microsphere with CNT framework) supports the general buffering concept but in an unrelated Si-anode Li-ion system. The general architectural principle is supported by adjacent battery chemistries, but not demonstrated for the specific V2O3/Zn2+ system."
4,3,ses,case_04__rep_03,Candidate D,C4,supported,6,D-R14|D-R15|D-R16|D-R17|D-R20|D-R31,"Vanadium oxide dissolution in aqueous electrolytes is a major degradation mechanism, and a conductive polymer (PPy/PANI) coating applied via in-situ polymerization can act as a physical shield to suppress this dissolution while enhancing conductivity and structural stability.","D-R14 and D-R92(D-R16) directly address vanadium dissolution in aqueous ZIB electrolytes and coating/superlattice strategies to restrain it. D-R17 (PPy-coated V2O5 yolk-shell) and D-R31 (PANI-intercalated VOH for ZIBs) directly support conductive polymer coatings suppressing dissolution and improving performance in vanadium oxide ZIB-relevant systems. D-R15 is for a different Li-based disordered rock-salt system, only tangentially relevant. D-R20 supports PPy coating benefits for a different vanadium compound (AgVO3) in LIBs. Overall the core claim is well supported by directly relevant vanadium-oxide/ZIB and closely analogous PPy/PANI-vanadium-oxide evidence, albeit with some peripheral citations from unrelated systems mixed in."
4,3,ses,case_04__rep_03,Candidate D,C5,partially_supported,5,D-R26|D-R27|D-R28|D-R29|D-R30,Controlled thermal annealing in an inert atmosphere can convert a vanadium oxide precursor to the target V2O3 phase while tuning crystallinity and introducing beneficial oxygen vacancies that balance stability and kinetic performance.,"D-R27 directly supports thermal reduction of vanadium oxide nanotubes to V2O3 nanorods via N2 annealing, matching the phase-conversion claim well. D-R26 supports inert-atmosphere annealing tuning vanadium oxide nanostructure/crystallinity but for LIB cathodes, not V2O3 formation specifically. D-R28 and D-R29 support oxygen-deficient/oxygen-vacancy vanadium oxide cathodes improving Zn2+ kinetics in aqueous ZIBs, directly relevant to the vacancy-tuning part of the claim. D-R30 is about amorphous vs crystalline V2O5 for sodium-ion batteries, only loosely relevant to crystallinity tuning. The claim bundles several sub-claims (phase conversion, crystallinity tuning, vacancy creation) with evidence of varying directness, so support is partial overall."
8,1,ds,case_08__rep_01,Candidate B,C1,partially_supported,2,B-R01|B-R02,"PBA (Prussian blue analogue) nanocube templates can be converted via anion exchange/etching with a sulfide source into hollow, porous metal sulfide nanostructures with good structural robustness (supporting Scientist A's / the hybrid's template step).","B-R01 supports conversion of Ni-Co PBA nanocubes into NiS nanoframes (hollow, porous, robust) via Na2S reaction, directly analogous. B-R02 shows Co-PBA converted to porous CoS2 nanoparticles via gaseous sulfurization (not solution/hydrothermal, and not explicitly 'hollow cube' morphology), so it only partially supports the specific hollow-cube claim used in the hybrid recommendation."
8,1,ds,case_08__rep_01,Candidate B,C2,supported,3,B-R05|B-R06|B-R07,A one-pot hydrothermal/solvothermal method that combines GO reduction with in-situ sulfide nanocrystal growth on rGO sheets yields sulfide/rGO composites with excellent rate capability and cycling stability specifically as sodium-ion battery anodes.,"All three cited records (CoS/rGO, SnS2/rGO x2) directly report solvothermal/hydrothermal in-situ growth of sulfide-on-rGO composites tested as SIB anodes with high rate capability and long cycling stability, matching the claim closely."
8,1,ds,case_08__rep_01,Candidate B,C3,partially_supported,2,B-R05|B-R06,One-pot syntheses starting from simple metal salts with GO tend to produce nanoparticles or nanoplates rather than the desired hollow cube geometry.,"B-R05 explicitly describes CoS nanoplates decorated on rGO (supports plate/particle morphology, not hollow cubes). B-R06 describes SnS2 few-layered flakes on rGO, also supporting non-cube morphology. Both are consistent with the claim that one-pot solution methods yield plates/particles rather than hollow cubes, but neither directly discusses PBA-derived cube attempts failing to form cubes, so it is only indirectly supportive."
8,1,ds,case_08__rep_01,Candidate B,C4,unverifiable,0,,"High-temperature thermal conversion of PBA/GO composites in a sulfur atmosphere risks causing rGO to wrap the sulfide too densely, blocking pores, or causing thermal damage to the porous network.","No evidence record is cited for this specific risk claim about thermal shock/pore blocking during high-temperature GO/PBA sulfurization; none of the supplied abstracts address this failure mode directly, so it cannot be verified from the supplied records."
8,1,ds,case_08__rep_01,Candidate B,C5,partially_supported,1,B-R04,"Melamine-resin-mediated restacking-inhibition strategies (or similar approaches) demonstrate that avoiding harsh treatment can prevent GO restacking, supporting the rationale for using milder hydrothermal integration to avoid rGO restacking/pore blockage.","B-R04 demonstrates a restacking-inhibition strategy for GO using melamine resin and thermal treatment, achieving high surface area supercapacitor electrodes. It supports the general concept that restacking is a real risk and can be mitigated, but it does not directly address hydrothermal PBA-derived sulfide/rGO systems or sodium-ion transport, so it only partially supports the specific mechanistic claim in context."
8,1,mpds,case_08__rep_01,Candidate D,C1,partially_supported,1,D-R01,"Hollow/confined metal chalcogenide nanostructures provide abundant electroactive sites, ion/electron pathways, and structural spacing benefits, supporting the claim that pre-formed sulfide nanocubes act as built-in spacers ensuring porosity (cited as Scientist A [ID: 54]).","D-R01 is a general review on confined hollow metal chalcogenides supporting the general benefits of hollow/confined chalcogenide architectures (more ion/electron pathways, active sites, interior free space), but it does not specifically address or verify the claim that hollow sulfide nanocubes act as physical spacers between GO sheets during self-assembly. This is a broader, adjacent proposition rather than a direct verification of the specific spacer mechanism."
8,1,mpds,case_08__rep_01,Candidate D,C2,partially_supported,2,D-R03|D-R04,"The aqueous sulfidation step (e.g., using Na2S or similar sulfur sources) will cause graphene oxide to become prematurely and uncontrollably reduced, causing irreversible aggregation and destroying the precursor before final assembly (Scientist B [ID: 27, 41]).","D-R03 discusses aqueous dispersibility/pKa chemistry of GO/rGO, relevant to colloidal stability but does not address sulfide-induced reduction. D-R04 discusses chemical reduction of GO to rGO via aqueous chemistry (using NaBH4, not a sulfide source), demonstrating that aqueous reducing agents can reduce GO and increase conductivity, which lends plausibility to the general mechanism of aqueous-phase reduction destabilizing GO. However, neither source specifically discusses sulfide sources (e.g., Na2S, thioacetamide) as the reducing/aggregating agent, so the specific causal claim about sulfidation chemistry causing aggregation is not directly demonstrated -- only a generic precedent for aqueous reduction affecting GO structure/conductivity is shown."
8,1,mpds,case_08__rep_01,Candidate D,C3,partially_supported,1,D-R05,"Solvothermal growth of sulfide nanocubes directly onto rGO promotes formation of strong chemical bonds between the sulfide and rGO substrate, creating a robust electronic and mechanical interface (Scientist B [ID: 256]).","D-R05 demonstrates chemically bonded (Ti3+-C bonds) TiO2-bronze/rGO hybrids with improved Li-ion performance via a photocatalytic reduction method, supporting the general concept that chemical bonding between an active material and rGO can improve interfacial charge transfer and performance. However, this is a different material system (TiO2 vs. metal sulfide) and a different bonding/synthesis method (photocatalytic reduction vs. solvothermal growth), so it only partially and analogously supports the specific claim about sulfide-rGO chemical bonding via solvothermal synthesis; it does not directly demonstrate this bond formation for the sulfide system in question."
8,1,mpds,case_08__rep_01,Candidate D,C4,partially_supported,2,D-R06|D-R07,"A final annealing step under inert atmosphere maximizes crystallinity of the sulfide phase and improves conductivity of the rGO network, ensuring efficient electron transport (Scientist B [ID: 45, 203]).","D-R06 and D-R07 both support the general principle that high-temperature annealing of rGO improves electrical conductivity (and in D-R07's case, repairs defects and dramatically increases conductivity), which supports the rGO-conductivity portion of the claim. However, neither source addresses annealing effects on sulfide phase crystallinity or the composite sulfide/rGO system, so the claim about improving sulfide crystallinity is unverified by these citations -- only the rGO conductivity improvement portion is directly supported."
8,1,mpds,case_08__rep_01,Candidate D,C5,unverifiable,0,,"Fabricating a macroporous 3D rGO scaffold via freeze-drying and reduction guarantees an open, accessible porous network mitigating mass transport limitations (Scientist B's overall architecture-first premise, not directly tied to a specific ID in the text).","This central feasibility claim regarding the macroporous scaffold's transport benefits is asserted as a design rationale but is not tied to any specific cited evidence record in the candidate text, making it unverifiable within the supplied evidence pool."
8,1,sair,case_08__rep_01,Candidate A,C1,partially_supported,1,A-R17,"PBA nanocube templates can be converted via controlled sulfurization annealing into hollow, porous metal sulfide nanocubes while preserving morphology (Step 3 sulfidation claim, cited to [ID:15]).","A-R17 describes Co-PBA converted by gaseous sulfurization into mono-phase, highly porous CoS2 nanoparticles with high surface area, supporting the general PBA-to-sulfide conversion concept and porosity outcome. However, the cited abstract describes nanoparticles, not explicitly 'hollow nanocubes' with preserved cube morphology, so the specific morphological claim (hollow, porous, cube-shaped) is only partly supported."
8,1,sair,case_08__rep_01,Candidate A,C2,supported,6,A-R09|A-R10|A-R11|A-R12|A-R04|A-R05,A 3D graphene oxide (GO) aerogel/hydrogel scaffold formed by hydrothermal self-assembly (with pore structure tunable by concentration/pH) mitigates restacking that otherwise blocks electrolyte access in rGO composites.,A-R09 and A-R10 directly support hydrothermal self-assembly of GO into 3D porous hydrogels/aerogels; A-R11 supports pH-dependent tuning of hydrothermal rGO morphology; A-R12 supports freeze-dried rGO foam formation. A-R04 and A-R05 support that restacking is a known problem addressed by 3D/intercalated architectures. Together these directly support the mechanistic claim about 3D scaffolding countering restacking.
8,1,sair,case_08__rep_01,Candidate A,C3,supported,2,A-R18|A-R19,"High-temperature annealing (>700	o critcritical for repairing defects in rGO and restoring the sp2 network, maximizing conductivity.","A-R19 explicitly demonstrates that high-temperature annealing/graphitization repairs defects, removes oxygen groups, and dramatically raises electrical conductivity of rGO films (577,000 S/m), directly supporting the claim. A-R18 supports that high-temperature annealing changes in-plane thermal conductivity/anisotropy, an adjacent but related property, reinforcing the broader claim about temperature-dependent property changes."
8,1,sair,case_08__rep_01,Candidate A,C4,partially_supported,5,A-R13|A-R14|A-R15|A-R20|A-R21,"A polydopamine (PDA)-derived nitrogen-doped carbon interface formed via dopamine self-polymerization on GO can act as an adhesive/anchoring layer for nanoparticle growth and improve interfacial coupling, mechanical adhesion, and charge transfer in composite anodes.","A-R13 and A-R14 support PDA/dopamine self-polymerization on GO as an anchoring/functionalization strategy, and A-R15 supports PDA-rGO as a versatile anchoring platform, all consistent with the general functionalization mechanism. However, none of these are electrochemical energy-storage systems (biomedical/sensing contexts), so applicability to battery interfacial charge-transfer enhancement is an extrapolation. A-R20 and A-R21 support N-doped rGO having enhanced catalytic/adsorption or HER performance, which is adjacent to but not the same as the claimed 'enhanced interfacial charge transfer kinetics' in a sulfide/rGO Na-ion anode, making the overall composite claim only partially supported."
8,1,sair,case_08__rep_01,Candidate A,C5,supported,5,A-R22|A-R23|A-R28|A-R29|A-R08,"Analogous graphene-encapsulation architectures for other high-volume-change anode materials (e.g., silicon, sulfide, cathode materials) have demonstrated maintenance of structural and electrical integrity during cycling, supporting the inference that a similar rGO/sulfide architecture will be resilient for Na-ion conversion reactions.","A-R22 (CoS/rGO for Na-ion, directly relevant), A-R23 (FeS/rGO for Li-ion), A-R28 (Si/rGO encapsulation for Li-ion), and A-R29 (rGO-wrapped Ni-rich cathode) all support that graphene-based encapsulation/wrapping strategies improve structural and electrochemical stability for various high-volume-change electrode materials, directly supporting the analogy claim, though the extension to this specific PBA-derived sulfide/Na-ion system remains an inference as the candidate itself acknowledges."
8,1,ses,case_08__rep_01,Candidate C,C1,partially_supported,2,Scientist A [ID: 1]|Scientist A [ID: 2],Anion exchange of PBA nanocubes with Na2S solution produces well-defined nanoframes with good structural robustness suitable for resisting pulverization.,"C-R08/C-R09 describe conversion of Ni-Co PBA nanocubes via Na2S anion exchange into NiS nanoframes with good structural robustness, but the evidence is for NiS (nickel sulfide) and evaluated for capacitor/electrocatalytic applications, not explicitly sodium-ion battery cycling robustness. The candidate's extrapolation ('more resistant to pulverization than a generic hollow cube') is an inference not directly stated in the abstract, so only partial support is warranted."
8,1,ses,case_08__rep_01,Candidate C,C2,partially_supported,2,Scientist A [ID: 15]|Scientist A [ID: 72],Gaseous/controlled sulfurization of PBA templates produces highly porous sulfide nanoparticles beneficial for Na-ion diffusion.,"C-R10 supports porous CoS2 nanoparticle formation via gaseous sulfurization of Co-PBA with high surface area, consistent with porosity claim, but the study context is water-splitting electrocatalysis, not Na-ion diffusion; benefit to Na-ion diffusion is inferred, not demonstrated. C-R11 (ID 72) is a garbled/irrelevant record (mistranslated title about program compilation) that duplicates the CoS2 abstract text but lists a mismatched DOI/title, making this citation dubious or possibly corrupted in the pool."
8,1,ses,case_08__rep_01,Candidate C,C3,partially_supported,3,Scientist B [ID: 32]|Scientist B [ID: 25]|Scientist B [ID: 468],A hydrothermal process facilitates simultaneous reduction of GO and formation of strong interfacial connections between rGO sheets and nanocube surfaces (used to justify hydrothermal integration approach in Stage 2).,"C-R12 (ID 32) supports hydrothermal GO reduction and structural evolution, but does not address interfacial coupling with sulfide nanocubes specifically. C-R05 (ID 25) demonstrates rGO/Fe2O3 composite with synergistic effect for Li-ion batteries (not Na-ion, not sulfide, not hydrothermal specifically -- uses hydrazine/microwave reduction), so it only weakly supports the general concept of RGO-nanoparticle coupling. C-R02 (ID 468) shows MnS/RGO via hydrothermal method for Na-ion anodes with good performance, offering more direct support for hydrothermal sulfide-RGO coupling. Overall, the composite claim draws on several partially relevant sources rather than one directly supporting record."
8,1,ses,case_08__rep_01,Candidate C,C4,partially_supported,2,Scientist B [ID: 389]|Scientist B [ID: 136],Engineering holes into rGO sheets (holey graphene) via hydrothermal treatment creates permanent ion diffusion channels that prevent electrolyte blockage.,"C-R14 (ID 389) directly supports one-pot hydrothermal formation of holey rGO with channels beneficial for diffusion, though in a gas-sensing context rather than battery electrolyte access. C-R15 (ID 136) discusses holey rGO coupled with a hydrogen evolution catalyst, an unrelated electrocatalytic application; it supports the general concept of holey rGO improving mass/charge transfer but not electrolyte access in Na-ion batteries specifically. The core mechanistic analogy (holes aiding diffusion) is plausible but the application context differs from the sodium-ion battery electrolyte-access claim."
8,1,ses,case_08__rep_01,Candidate C,C5,supported,1,Scientist B [ID: 374],"High-temperature (>500 °C) thermal annealing to reduce GO decreases rGO interlayer spacing and severely degrades Na-ion charge capacity, so annealing above this threshold should be avoided.","C-R18 directly reports that Na-ion charge capacity sharply declines for rGO annealed above 500°C, and links this to decreased interlayer spacing with increasing annealing temperature, closely matching the claim. This is one of the most directly and specifically supported claims in the packet."
8,2,ds,case_08__rep_02,Candidate A,C1,supported,2,A-R01|A-R02,"PBA nanocube templates can be converted via etching/anion exchange or sulfurization into hollow/porous sulfide nanoframes with high surface area and structural robustness (Scientist A [ID:1, 15]).","A-R01 directly demonstrates Ni-Co PBA nanocubes converted into NiS nanoframes with high surface area and structural robustness; A-R02 demonstrates Co-PBA converted via sulfurization into porous CoS2 with large surface area (915.6 m2/g). Both directly support the claim, though these are electrocatalysis studies, not SIB anodes specifically."
8,2,ds,case_08__rep_02,Candidate A,C2,supported,1,A-R03,Hollow structures confining metal chalcogenides help buffer volume changes and provide ion/electron pathways for energy storage (Scientist A [ID:54]).,"A-R03 is a review directly discussing confined hollow metal chalcogenide structures and their role in buffering and enhancing ion/electron transport for energy storage applications, matching the claim."
8,2,ds,case_08__rep_02,Candidate A,C3,supported,3,A-R04|A-R06|A-R07,"One-pot hydrothermal/solvothermal synthesis of sulfide/rGO composites has a proven track record of producing high-performance SIB anodes with excellent capacity, rate capability, and long cycle life (Scientist B [ID:57, 133, 237]).","A-R04 (SnS2-rGO), A-R06 (CoS-rGO), and A-R07 (SnS2/rGO) all report one-pot/facile hydrothermal or solvothermal syntheses of sulfide-rGO composites with high capacity, rate capability, and long cycle life as SIB anodes, directly supporting the claim."
8,2,ds,case_08__rep_02,Candidate A,C4,partially_supported,1,A-R08,"Key benefits of the PBA template, such as creating hollow structures, are inherently achieved during direct in-situ growth of sulfide nanoparticles on rGO (Scientist B [ID:468]).","A-R08 shows MnS hollow microspheres formed in situ on rGO via hydrothermal synthesis without a PBA template, supporting that hollow structures can arise from direct growth. However, it does not directly address whether this achieves the same 'benefits' (e.g., degree of porosity, spacer effect) as PBA-templated hollow nanocubes, so the comparative claim is only partially supported."
8,2,ds,case_08__rep_02,Candidate A,C5,partially_supported,1,A-R08,"One-pot in-situ growth of sulfide on rGO simultaneously provides a conductive pathway, buffers volume expansion, and prevents restacking of rGO sheets (Scientist B [ID:468]).","A-R08 supports that RGO improves electronic conductivity and mitigates volume expansion during charge/discharge, but the abstract does not explicitly discuss prevention of rGO restacking, so the full compound claim is only partially supported by this single source."
8,2,mpds,case_08__rep_02,Candidate C,C1,unverifiable,0,,placeholder,placeholder
8,2,sair,case_08__rep_02,Candidate D,C1,partially_supported,3,D-R01|D-R02|D-R03,"Volume fluctuations during sodiation/desodiation of conversion-type sulfide anodes cause particle pulverization, loss of electrical contact, and delamination from the current collector, leading to rapid capacity fade.","The cited abstracts (CoS@rGO, VS4/rGO, MnS/RGO) report good cycling performance enabled by rGO but do not explicitly discuss pulverization, loss of electrical contact, or delamination mechanisms in detail; D-R03 mentions RGO mitigating volume expansion, offering indirect support. The specific mechanistic claims about delamination/contact loss are not directly stated in any abstract."
8,2,sair,case_08__rep_02,Candidate D,C2,partially_supported,3,D-R04|D-R05|D-R06,"rGO sheets tend to restack via van der Waals interactions during synthesis, forming dense layered films that block electrolyte pathways and limit Na-ion diffusion to the active material.",D-R04 directly supports the restacking problem in graphene. D-R05 discusses porous graphene enabling fast ion diffusion (supports the concept indirectly by contrast). D-R06 discusses 3D gelation for supercapacitors but does not specifically address blocking of sulfide nanocube pores or Na-ion diffusion in the sodium battery context; the extension to blocking sulfide nanocube porosity and Na-ion diffusion is an inference beyond the cited sources.
8,2,sair,case_08__rep_02,Candidate D,C3,partially_supported,3,D-R08|D-R12|D-R18,"Hollow sulfide nanocubes can be produced from PBA templates via anion-exchange/sulfidation, and the hollow interior buffers volume expansion during sodiation.","D-R08/D-R12 (duplicate OpenAlex records of same paper) support anion-exchange conversion of PBA nanocubes into sulfide nanoframes, validating the sulfidation route, though the product is a nanoframe rather than a hollow nanocube specifically for Na-ion storage (the paper focuses on electrocatalysis/pseudocapacitance, not SIB). D-R18 is a general review on hollow metal chalcogenides for energy storage supporting the buffering concept but not battery cycling data specific to PBA-derived sulfide nanocubes in Na-ion systems. The core structural claim is plausible and generally supported by adjacent literature but not directly demonstrated for the exact material/system proposed."
8,2,sair,case_08__rep_02,Candidate D,C4,partially_supported,8,D-R10|D-R11|D-R15|D-R16|D-R17|D-R22|D-R23|D-R24,"A 3D graphene hydrogel/aerogel scaffold formed via hydrothermal self-assembly and freeze-drying prevents GO restacking, preserves porosity, and creates an open macroporous network for electrolyte and ion transport while providing continuous electron transport pathways.","Several cited works (D-R10, D-R11, D-R15, D-R22, D-R23) directly support hydrothermal gelation and freeze-drying methods producing 3D porous rGO architectures with good ion transport and conductivity, which is central and well supported. However, some cited papers (D-R16, D-R17, D-R24) pertain to unrelated applications (Li-S batteries, microwave absorption, Li-ion current collectors) and only tangentially support the general claim of 3D rGO architecture benefits, without addressing sodium-ion transport or the specific sulfide-nanocube system, indicating partial/adjacent support rather than direct verification for the SIB context."
8,2,sair,case_08__rep_02,Candidate D,C5,partially_supported,4,D-R07|D-R01|D-R02|D-R03,"In situ growth of sulfide within a pre-formed 3D graphene scaffold creates robust interfacial coupling that prevents electrochemical isolation of active particles and mechanical disintegration during cycling, improving long-term stability.","The cited sulfide/rGO composite papers (SnS2-RGO, CoS@rGO, VS4/rGO, MnS/RGO) report improved cycling stability attributed to rGO integration, offering general support for the concept that carbon coupling improves stability. However, none specifically test or confirm the in situ 3D-hydrogel-scaffold-mediated interfacial coupling mechanism proposed by the candidate; the causal mechanism (preventing electrochemical isolation via anchoring in a pre-formed scaffold) is an extrapolation beyond what these composite studies directly demonstrate."
8,2,ses,case_08__rep_02,Candidate B,C1,partially_supported,1,Scientist A [ID: 15],Gaseous sulfurization of a Co-based PBA template converts it into highly porous CoS2 nanoparticles while preserving the precursor morphology (used to justify the gas-phase sulfidation step on the PBA@GO aerogel).,"B-R01 confirms that Co-PBA sulfurized via controlled gaseous annealing yields mono-phase, highly porous CoS2 nanoparticles with ~4nm pores and large surface area, supporting the core sulfidation chemistry. However, the cited study is about discrete nanoparticles for water-splitting catalysis, not hollow nanocubes embedded within a pre-formed 3D rGO aerogel scaffold, and does not address whether morphology/hollow-cube structure is preserved when sulfidation is performed on a PBA cube already entrapped in a GO/rGO 3D network. The extrapolation to the aerogel-embedded scenario is an overreach beyond what the abstract shows."
8,2,ses,case_08__rep_02,Candidate B,C2,supported,1,Scientist B [ID: 374],"Annealing rGO-based Na-ion electrodes above 500 degrees C is detrimental to Na-ion capacity, so the sulfidation/reduction annealing temperature must be kept below this threshold.","B-R17 directly reports that Na charge capacity sharply declines for rGO annealed above 500C, with maximum Na capacity at 500C, directly supporting the cited caution about annealing temperature limits for Na-ion cyclability."
8,2,ses,case_08__rep_02,Candidate B,C3,partially_supported,2,Scientist B [ID: 86]|Scientist B [ID: 393],"A 3D porous graphene-based network (as in MXene/rGO hybrid films) effectively facilitates rapid electrolyte-ion diffusion while maintaining conductivity, supporting the claim that a 3D rGO scaffold prevents restacking and ensures rapid ion transport.","B-R08 (ID 393, MXene/rGO 3D porous film) supports the general principle that 3D porous architectures improve ion transport and conductivity, but this is demonstrated for a MXene-rGO Li-ion system, not a PBA-derived sulfide-rGO Na-ion system, so it only partially generalizes. B-R10 (ID 86) describes mesoporous carbon spheres intercalated between rGO sheets for supercapacitors, supporting the general 3D-spacer concept but not sodium-ion sulfide nanocube systems specifically, again only an analogous/partial support."
8,2,ses,case_08__rep_02,Candidate B,C4,supported,1,Scientist B [ID: 133],"In-situ growth of cobalt sulfide on rGO (via a solvothermal one-pot method) promotes strong interfacial coupling and yields high-performance Na-ion anode composites, supporting Scientist B's one-pot in-situ approach.","B-R11 directly reports a solvothermal in-situ CoS@rGO composite anode for SIBs with strong performance attributed to synergy between CoS and rGO, directly supporting the claim about interfacial coupling and in-situ growth benefits in a Na-ion context."
8,2,ses,case_08__rep_02,Candidate B,C5,partially_supported,2,Scientist B [ID: 279]|Scientist B [ID: 342],"Surface functionalization of nanoparticles with polydopamine promotes strong adhesion to rGO, enhancing coupling between the sulfide product and the rGO network (proposed optional enhancement).","B-R15 (ID 279) demonstrates that polydopamine-coated Si nanoparticles show strong hydrogen bonding/adhesion to rGO in a Li-ion anode context, supporting the general adhesion mechanism claim. B-R16 (ID 342) demonstrates polydopamine-rGO chemistry but in an electrochemical sensing/biosensor context unrelated to battery anode adhesion, providing only tangential support for the adhesion claim rather than direct confirmation in an energy-storage composite context."
8,3,ds,case_08__rep_03,Candidate E,C1,supported,2,E-R01|E-R02,"PBA nanocube templates can be converted via anisotropic etching/anion exchange with a sulfide source into hollow, frame-like metal sulfide nanostructures with high surface area and structural robustness (Scientist A [ID:1,2]).","Both records (duplicate DOIs of the same paper) directly describe Ni-Co PBA nanocubes converted via anion exchange with Na2S into NiS nanoframes with 3D open structure, high surface area, and structural robustness, matching the claim closely."
8,3,ds,case_08__rep_03,Candidate E,C2,supported,1,E-R03,"A dedicated conversion step such as gaseous sulfurization can produce a highly porous, high-surface-area sulfide from a PBA/MOF template (Scientist A [ID:15]).","E-R03 describes Co-PBA converted by controlled sulfurization annealing into porous CoS2 nanoparticles with large surface area (915.6 m2/g), directly supporting the claim, though the application context (electrocatalysis, not sodium anode) is adjacent rather than identical."
8,3,ds,case_08__rep_03,Candidate E,C3,partially_supported,2,E-R05|E-R06,"Growing sulfide nanocrystals directly onto rGO sheets in situ (one-pot synthesis) produces an intimate composite interface with high-performance sodium-ion battery anode behavior, including good rate capability and stability (Scientist B [ID:133,173]).","E-R05 (CoS@rGO via solvothermal in situ growth) directly supports the SIB performance and interface claim. E-R06, however, is about CeO2 nanoparticles grown on rGO for hydrazine electrooxidation catalysis, unrelated to sodium-ion batteries or sulfides, so it does not support the claim and appears to be a mismatched or miscited reference, weakening overall support to partial."
8,3,ds,case_08__rep_03,Candidate E,C4,supported,3,E-R07|E-R05|E-R08,"One-pot hydrothermal/solvothermal synthesis simultaneously converting precursor to sulfide and reducing GO to rGO has been proven to yield high-performance SIB anodes with excellent stability and rate capability (Scientist B [ID:57,133,237]).","E-R07 (SnS2-rGO), E-R05 (CoS@rGO), and E-R08 (SnS2/rGO) all describe one-pot hydrothermal/solvothermal syntheses of metal sulfide-rGO composites tested as SIB anodes with strong rate capability and cycling stability, directly supporting the general claim, though these are tin/cobalt sulfides rather than PBA-derived hollow nanocubes specifically."
8,3,ds,case_08__rep_03,Candidate E,C5,partially_supported,2,E-R08|E-R09,"Sulfide nanoparticles can act as spacers preventing rGO restacking, creating a porous 3D network for electrolyte access, and hollow structures can form in situ without complex pre-templating (Scientist B [ID:237, 468]).","E-R09 supports the in-situ hollow structure formation (MnS hollow microspheres in situ crystallized on RGO) directly. E-R08 (SnS2/rGO) supports good electrochemical performance and hybrid architecture but does not explicitly discuss preventing restacking as spacers or porous 3D network formation in the abstract text, so the specific spacer/restacking mechanism claim is only partially evidenced."
8,3,mpds,case_08__rep_03,Candidate B,C1,partially_supported,1,B-R01,PBA (Prussian blue analogue) nanocubes can serve as a sacrificial template converted via gaseous sulfurization into porous metal sulfide nanoparticles/structures (supporting Scientist A's templating approach).,"B-R01 demonstrates Co-PBA used as a porous template converted by gaseous sulfurization into CoS2 nanoparticles with high surface area, supporting the general templating/sulfurization concept, though it is a different metal system (Co) and does not directly address hollow nanocube morphology or Na-ion transport relevance."
8,3,mpds,case_08__rep_03,Candidate B,C2,supported,1,B-R02,"Hollow/confined metal chalcogenide nanostructures provide abundant electroactive sites, ion/electron pathways, and free space beneficial for energy storage, justifying preservation of the hollow nanocube morphology.","B-R02 is a review directly supporting the general claim that hollow/confined metal chalcogenide nanostructures benefit energy storage via improved ion/electron transport and free volume, matching the claim's content."
8,3,mpds,case_08__rep_03,Candidate B,C3,supported,1,B-R05,"Sodium-ion charge capacity in reduced graphene oxide sharply declines when annealed above 500°C, making high-temperature reduction detrimental for Na-ion applications.","B-R05 directly reports a sharp decline in Na charge capacity for rGO annealed above 500°C and near-zero capacity after NH3 annealing, closely matching the claim as stated and used as pivotal justification for rejecting high-temperature routes."
8,3,mpds,case_08__rep_03,Candidate B,C4,partially_supported,2,B-R03|B-R04,"A hydrothermally-derived or hydrogel-based 3D rGO scaffold with tuned functional groups is critical for controlling interlayer spacing and structural properties relevant to Na-ion capacity (Scientist B's scaffold approach, referenced as background for the rejected hydrothermal route).","B-R03 supports structural evolution/tuning of hydrothermally reduced GO (interlayer spacing, functional groups) but doesn't address Na-ion capacity directly. B-R04 addresses restacking-inhibited 3D rGO via melamine resin chemistry for supercapacitors, not hydrothermal self-assembly per se, and not Na-ion systems. Together they offer only partial, indirect support for the specific claim about hydrothermal scaffold controlling Na-ion-relevant properties."
8,3,mpds,case_08__rep_03,Candidate B,C5,partially_supported,2,B-R06|B-R07,"Preserved oxygen-containing functional groups on (r)GO enable chemical anchoring/interfacial bonding with sulfide particles, contributing to structural robustness (final hybrid protocol's core interface justification).","B-R06 and B-R07 establish that GO/rGO functional groups (carboxyl, phenol, etc.) govern dispersibility, ionization behavior, and pseudocapacitive electrochemical behavior, but neither directly demonstrates chemical anchoring/bonding between rGO functional groups and metal sulfide nanoparticles, which is the specific mechanistic claim being made. This is an adjacent, weaker proposition than what is claimed."
8,3,sair,case_08__rep_03,Candidate C,C1,partially_supported,3,C-R01|C-R02|C-R03,"Metal sulfide conversion-reaction anodes undergo large volume changes that pulverize the active material, causing loss of electrical contact and rapid capacity fade (supported for CoS, FeS, MnS systems).","The cited abstracts describe rGO-sulfide composites (CoS, FeS, MnS) with good cycling performance, implicitly acknowledging volume-change mitigation via rGO wrapping, but none explicitly discuss pulverization mechanisms in detail; they support the general phenomenon of sulfide-rGO composites improving stability rather than directly documenting the pulverization/capacity-fade mechanism as stated."
8,3,sair,case_08__rep_03,Candidate C,C2,partially_supported,4,C-R09|C-R10|C-R11|C-R12,"PBA (Prussian blue analogue) nanocubes are effective templates for forming porous or hollow metal sulfides, and controlled gaseous sulfurization (sulfur powder or H2S atmosphere) preserves the pre-formed architecture during PBA-to-sulfide conversion.","C-R09 directly supports PBA-derived porous CoS2 formed via gaseous sulfurization, which is strong direct support. C-R10/C-R11 describe Ni-Co PBA nanocubes converted to NiS nanoframes via a solution-based anion exchange with Na2S, not gaseous sulfurization, so they support the PBA-templating claim but not the gaseous-sulfidation method claim. C-R12 is a corrupted/mismatched record (title in Russian about compiler optimization, unrelated to the abstract text, which duplicates C-R09's content) and cannot be treated as a valid distinct citation, undermining reliability of the citation set for this compound claim."
8,3,sair,case_08__rep_03,Candidate C,C3,partially_supported,4,C-R06|C-R07|C-R17|C-R18,"rGO sheets tend to aggregate and restack into a graphitic structure, eliminating porosity needed for electrolyte infiltration, and using rigid spacers (such as embedded nanoparticles) between rGO sheets prevents restacking and preserves a porous, ion-accessible 3D network.","C-R06 and C-R07 support the general restacking problem and porous carbon/graphene architectures counteracting it, but in supercapacitor (not sodium-ion battery) contexts. C-R17 and C-R18 describe ternary hybrid spheres and LDH/CNT/GNS composites where embedded particles prevent restacking, supporting the spacer concept, but again in supercapacitor applications, not directly verifying Na-ion transport benefits in sulfide/rGO nanocubes as claimed."
8,3,sair,case_08__rep_03,Candidate C,C4,unsupported,5,C-R04|C-R05|C-R01|C-R06|C-R18,"Rigid sulfide nanocube spacers formed in situ within the rGO matrix buffer volume changes during sodiation/desodiation, preventing pulverization and maintaining electrical contact, and simultaneously keep the rGO framework open for facilitated electrolyte and Na-ion diffusion.","The cited evidence (C-R04, C-R05) concerns Si-based lithium-ion anodes wrapped in rGO/graphene sheaths, not sulfide nanocube spacers in sodium-ion systems; C-R01 concerns CoS/rGO for Na-ion but does not address the spacer/porosity-preservation mechanism explicitly; C-R06 and C-R18 are supercapacitor-context studies. None of these abstracts directly verify the compound claim that in-situ-formed sulfide nanocubes act as structural spacers that simultaneously buffer volume change and preserve rGO porosity for Na-ion transport specifically in this material system."
8,3,sair,case_08__rep_03,Candidate C,C5,partially_supported,3,C-R14|C-R15|C-R16,"Spray pyrolysis at 200–400 °C is effective for initial thermal reduction of GO to rGO without excessive damage to precursor (PBA) structures, and gaseous sulfidation completes reduction of remaining oxygen functional groups yielding a highly conductive rGO network.","C-R14 and C-R15 describe thermal/hydrazine-thermal reduction of GO to rGO (including a 200°C step in C-R15), lending general support to thermal reduction temperature ranges, but neither is conducted via spray pyrolysis nor in the presence of a PBA precursor, so the claim about compatibility with PBA structural preservation is not directly verified. C-R16 discusses hydrothermal (not spray pyrolysis or sulfidation-driven) reduction, providing only tangential support for the final-reduction-via-sulfidation assertion."
8,3,ses,case_08__rep_03,Candidate A,C1,partially_supported,1,A-R23 ([ID: 15]),Gaseous sulfurization annealing of a PBA (cobalt Prussian blue analogue) template can convert it into a porous metal sulfide (CoS2) while preserving the precursor's hollow/porous morphology.,"A-R23 confirms that controlled sulfurization annealing converts Co-PBA into porous mono-phase CoS2 nanoparticles with ~4 nm pores and high surface area, supporting morphology-preserving porous conversion. However, the abstract describes this in the context of electrocatalysis for water splitting, not sodium-ion battery anodes, and does not directly confirm applicability to hollow nanocube integration with rGO or Na-ion transport, so the claim is only partially supported by this single record."
8,3,ses,case_08__rep_03,Candidate A,C2,unsupported,2,Scientist A [ID: 125]|Scientist B [ID: 42],"Restacking of rGO sheets creates a dense, ion-impermeable film that blocks porous nanocube walls and impedes electrolyte access and Na-ion transport.","A-R12 (ID 125, pool A) is about polyelectrolyte nanocomposites and unrelated nanofiber/coating fabrication, with no connection to rGO restacking or ion blockage in sulfide/rGO anodes. A-R11 (ID 42, pool B) discusses ZnO/rGO capacitors and actually states that when rGO is properly incorporated, ion access is facilitated via 3D network structure, which does not support the restacking-blockage claim; the candidate itself labels this citation as an 'inference,' underscoring lack of direct evidentiary support for the causal mechanism as stated."
8,3,ses,case_08__rep_03,Candidate A,C3,partially_supported,4,Scientist B [ID: 186]|Scientist B [ID: 268]|Scientist B [ID: 39]|Scientist B [ID: 256],"An in-situ growth method (PBA nanocubes grown directly on GO sheets) achieves better interfacial adhesion and higher electrochemical performance than physical mixing, using GO's oxygen functional groups as anchoring sites.","A-R27 (186) and A-R28 (268) support the general principle that GO oxygen functional groups anchor nanoparticles (TiO2, Au) during in-situ growth. A-R16 (39) and A-R18 (256) support improved interfacial charge transfer/adhesion for TiO2/rGO composites versus physical mixtures. These are all analogous metal-oxide/rGO systems, not PBA-derived sulfide nanocubes for Na-ion storage, so the mechanistic principle is supported by adjacent material systems but not directly verified for the specific claimed system."
8,3,ses,case_08__rep_03,Candidate A,C4,supported,3,Scientist B [ID: 57]|Scistist B [ID: 133]|Scientist B [ID: 216],"Hydrothermal/solvothermal one-pot synthesis has been used to create various metal sulfide/rGO composites (e.g., CoS, SnS2, VS4) for sodium-ion battery anodes with strong electrochemical performance.","A-R24 (57, SnS2-rGO), A-R22 (133, CoS-rGO), and A-R25 (216, VS4-rGO) each directly report solvothermal/hydrothermal in-situ synthesis of metal sulfide/rGO composites tested as Na-ion battery anodes with quantified capacities and cycling stability, directly supporting this claim."
8,3,ses,case_08__rep_03,Candidate A,C5,unsupported,2,Scientist A [ID: 75]|Scientist A [ID: 111],"Nitrogen doping of the rGO matrix (N-rGO) improves electronic/ionic conductivity and facilitates charge transfer, leading to superior cyclability and rate capability in the final composite.","A-R29 (75) is about nitrogen-doped carbon coating on a polyanionic Na3V2(PO4)3 cathode material, not an rGO matrix, and is a different material class/mechanism (cathode phosphate vs. sulfide/rGO anode composite). A-R08 (111) is a thesis on MoSe2/TMD sodium storage mechanisms and does not address nitrogen doping of graphene oxide or its conductivity/rate effects. Neither abstract substantiates the specific claim about N-doped rGO in a sulfide-nanocube composite."
15,1,ds,case_15__rep_01,Candidate D,C1,unverifiable,1,ID: 15,"MOF-derived N-doped hierarchically porous carbon (as sponges/hosts) can confine selenium via micropore physical confinement plus N-doping chemisorption, giving superior storage capacity and cycling stability for Li-Se batteries.","ID:15 is ambiguous between two supplied records: D-R07a (MOF-derived N-doped carbon sponge for Li-Se, directly on-topic and would strongly support this claim) and D-R07b (TiC/Li-S polar mediator paper, unrelated). The candidate text does not disambiguate which pool is intended, so per the module rules this cannot be resolved by guessing even though one of the two records would fully support the claim."
15,1,ds,case_15__rep_01,Candidate D,C2,unsupported,3,ID: 39|ID: 48|ID: 2,"Co-electrospinning a MOF precursor (e.g., ZIF-8) with a polymer (e.g., PAN) followed by one-step carbonization produces a monolithic, binder-free bimodally porous carbon nanofiber network with inherent electronic percolation, avoiding interfacial resistance/failure points of multi-component composites.","D-R03 (ID:39, pool B) is about mesoporous carbon nanocubes for Li-O2 batteries, not MOF/PAN electrospun nanofibers. D-R04 (ID:48) is a sulfur-impregnated carbon sponge with ketjen black, unrelated to electrospinning or MOF/PAN. D-R05 (ID:2) is N-doped hollow porous carbon bowls for Li-S, also unrelated to the electrospinning/carbonization route or interfacial-resistance argument. None of the cited abstracts describe the MOF-PAN co-electrospinning method or support the specific architectural claim."
15,1,ds,case_15__rep_01,Candidate D,C3,unsupported,2,ID: 9|ID: 39,"A specific heat treatment during selenium loading can transform Se into chain-like molecules that form direct C-Se covalent bonds with the carbon host, providing a robust anchor against dissolution.","D-R08 (ID:9) is a review of Li-S cathode approaches with no mention of Se or C-Se covalent bonding. D-R03 (ID:39, pool B) concerns mesoporous carbon nanocubes for Li-O2 batteries. Neither abstract supports the specific claim of heat-treatment-induced C-Se covalent bond formation."
15,1,ds,case_15__rep_01,Candidate D,C4,unsupported,3,ID: 10|ID: 15|ID: 21,"MXene nanosheets create polar Lewis acid-base sites effective at trapping polyselenide/polysulfide intermediates, based on strong evidence of efficacy in Li-S systems.","D-R02 (ID:10) is about Se-doped CNT/graphene for oxygen reduction catalysis, not MXenes or polysulfide trapping. D-R09 (ID:21) concerns capillary encapsulation of S/Se in CNTs, not MXenes. ID:15 is ambiguous (see C1) and even under the Li-Se pool (D-R07a) does not discuss MXenes; the Li-S pool (D-R07b) discusses conductive polar TiC, not MXene specifically. None of the cited records substantiate the MXene-polyselenide trapping claim attributed to this material."
15,1,ds,case_15__rep_01,Candidate D,C5,unverifiable,1,ID: 1-500,"As of 2016, a comprehensive dataset on selenium cathodes contains no mention of MXenes, making MXene inclusion speculative for Li-Se applications at that time.","The citation '[ID: 1-500]' is not a valid, attributable evidence identifier; it appears to reference an entire corpus rather than a specific abstract. Only two of the supposedly encompassed IDs (1 and 500) are supplied as records (D-R10, D-R11), and both concern unrelated topics (MgH2 hydrogen storage and shale-gas hydrocarbon recovery), providing no support for the sweeping claim about the absence of MXene mentions in a Se-cathode literature corpus."
15,1,mpds,case_15__rep_01,Candidate A,C1,partially_supported,2,A-R01|A-R02,"Micropores (<2 nm) act as primary confinement zones and can alter the reaction pathway to suppress soluble polyselenide formation (Scientist A [ID: 8, 41]).","A-R01 (ID 8) supports microporous carbon confining Se for ultrastable cycling but does not describe reaction-pathway alteration. A-R02 (ID 41) explicitly supports direct Se-to-Li2Se transformation in N-doped microporous carbon, aligning with the mechanistic claim. Combined, the pathway-alteration claim is only partly and unevenly supported."
15,1,mpds,case_15__rep_01,Candidate A,C2,partially_supported,2,A-R03|A-R04,"Mesopores serve as ion highways and buffers for volume expansion, preventing kinetic starvation of micropore-confined selenium (Scientist A [ID: 2, 4]).","Both cited abstracts (A-R03, A-R04) describe mesoporous carbon architectures aiding ion/electron transport and buffering volume change, supporting the general functional role of mesopores. However neither directly demonstrates the specific 'kinetic starvation prevention' framing tied to micropore-confined Se, so support is partial rather than direct."
15,1,mpds,case_15__rep_01,Candidate A,C3,supported,1,A-R05a,In-situ nitrogen doping from MOF precursors provides chemical anchoring for polyselenides and enhances local electronic conductivity (Scientist A [ID: 15]).,"A-R05a (pool A) directly describes MOF-derived N-doped hierarchically porous carbon with N-doping improving conductivity and micropore confinement of Se, matching the claim closely. Note: ID 15 is ambiguous across pools (A-R05a vs A-R05b, a Li-S mediator paper), but the surrounding text ('N-doped... MOF-derived') clearly identifies pool A as intended, so attribution is resolvable here despite the dual listing."
15,1,mpds,case_15__rep_01,Candidate A,C4,supported,2,A-R06|A-R07,"All-carbon Li-Se systems have demonstrated ~2000 cycles, high-rate capability, and Se loading up to 72 wt% (Scientist A [ID: 9, 31]).","A-R06 reports >400 mAh/g after 2000 cycles at 1C with good rate performance, and A-R07 reports 72% Se loading with 580 mAh/g after 1000 cycles and good rate capability at 20C. Together these directly substantiate the cycle-life, rate, and loading claims, though the '2000 cycles' figure is drawn only from A-R06 and the '72 wt%' only from A-R07, so the claim is a fair composite of the two records."
15,1,mpds,case_15__rep_01,Candidate A,C5,unsupported,2,A-R05b|A-R10,"Conductive polar mediators (TiC, MXenes, SnS2) chemisorb polyselenides and catalyze their conversion to insoluble Li2Se, enabling higher loadings and rate capability (Scientist B [ID: 15, 40]).","The cited abstracts (A-R05b: TiC polar mediator kinetics; A-R10: SnS2 stabilization) both pertain to Li-S (sulfur) systems, not Li-Se. They support the analogous mechanism in sulfur chemistry but do not provide evidence for selenium-specific behavior, which is the actual claim under evaluation (a hybrid catalytic host for Li-Se). The candidate itself acknowledges this is an extrapolation from Li-S literature, so this is appropriately unsupported for the Li-Se system rather than contradicted."
15,1,sair,case_15__rep_01,Candidate B,C1,partially_supported,5,Scientist A [ID: 15]|Scientist B [ID: 38]|Scientist A [ID: 9]|Scientist A [ID: 41]|Scientist B [ID: 199],"Small micropores (~0.4–0.55 nm) derived from ZIF-8/MOF precursors confine selenium as short Se_n chains rather than Se8 rings, and this confinement suppresses polyselenide formation/dissolution, favoring a direct Se-to-Li2Se conversion.","B-R07 (ID15, pool A) directly supports 0.4-0.55 nm micropore confinement from MOF-derived N-doped carbon and its role in preventing Se loss and cushioning volume change, and B-R01 (ID9) supports chain-like Se_n formation and chemical bonding. B-R13 (ID41) supports direct Se-to-Li2Se conversion in N-doped microporous carbon spheres, consistent with the claim. However B-R11 (ID38, pool B) is about a ZIF-8-derived microporous carbon for sulfur, not selenium, so it only partially supports the pore-size/MOF-derivation aspect and not Se-specific chemistry. B-R14 (ID199, pool B) is about sulfur sub-nano confinement, an adjacent system, not selenium, so it is only weak analogic support. Overall the core mechanistic claim is partially but not fully supported due to reliance on sulfur-system abstracts for part of the argument."
15,1,sair,case_15__rep_01,Candidate B,C2,supported,4,Scientist A [ID: 15]|Scientist B [ID: 17]|Scientist A [ID: 4]|Scientist A [ID: 12],A hierarchical bimodal pore architecture (micropores for confinement plus mesopores/macropores for ion transport and volume accommodation) is required to balance selenium confinement with fast Li+ transport and structural integrity during cycling.,"B-R07 (ID15) directly supports the bimodal micro/mesopore concept in MOF-derived carbon for Se confinement and volume accommodation. B-R04 (ID4) and B-R09 (ID12) (pool A) both describe mesoporous/hierarchical carbon architectures for Li-Se cathodes addressing volume expansion and polyselenide shuttling, directly relevant. B-R08 (ID17, pool B) describes an analogous hierarchical porous carbon (HOPC) for sulfur with mesopores for reaction and macropores for ion transport, offering a supportive but sulfur-system analogy rather than direct Se evidence."
15,1,sair,case_15__rep_01,Candidate B,C3,partially_supported,5,Scientist A [ID: 15]|Scientist B [ID: 23]|Scientist B [ID: 37]|Scientist B [ID: 11]|Scientist B [ID: 96],"Nitrogen doping (e.g., from ZIF-derived carbon) enhances electronic conductivity and introduces polar functional groups that chemically anchor polyselenides, complementing physical confinement.","B-R07 (ID15) supports N-doping improving carbon conductivity in a Se-based system. However B-R15 (ID23), B-R16 (ID37), B-R17 (ID11), and B-R18 (ID96) (all pool B) are all sulfur-system or ORR-system studies (Li-S polysulfide adsorption or oxygen reduction catalysis), not selenium/polyselenide systems. These are reasonable analogic support for the general concept of N-doping aiding polar-species adsorption, but they do not directly verify the claim for polyselenides in Li-Se cathodes, so the claim is only partially supported by directly on-topic evidence."
15,1,sair,case_15__rep_01,Candidate B,C4,partially_supported,4,Scientist B [ID: 213]|Scientist B [ID: 30]|Scientist B [ID: 38]|Scientist B [ID: 450],"Electrospinning a ZIF-8/PAN composite followed by carbonization is an established/analogous method to fabricate MOF-derived N-doped carbon nanofiber architectures with controllable microporosity, and pyrolysis conditions (temperature, ramp rate, gas flow) critically control the resulting pore structure.","B-R19 (ID213) describes electrospinning a ZIF-containing polymer solution into a nanofibrous network for a fuel-cell catalyst, supporting the general electrospinning+ZIF fabrication analogy but not for Se-carbon cathodes. B-R10 (ID30) supports that ZIF/IRZIF templates control porosity in carbon synthesis, relevant to the pyrolysis-control claim. B-R11 (ID38) is about ZIF-8-derived microporous carbon for sulfur (not fibers), a partial match. B-R20 (ID450) is about MOF-derived spinel oxide anodes for lithium storage, unrelated to carbon pore formation from ZIF pyrolysis, and does not support the specific carbonization-derived N-doped carbon domain claim; this citation appears to be a poor/irrelevant match for the process step it is attached to."
15,1,sair,case_15__rep_01,Candidate B,C5,partially_supported,4,Scientist A [ID: 15]|Scientist A [ID: 31]|Scientist B [ID: 26]|Scientist B [ID: 49],"Selenium loading of 50–70 wt% has been demonstrated in porous carbon hosts for Li-Se batteries, and overfilling mesopores blocks ion-transport pathways, degrading rate capability and Se utilization.","B-R07 (ID15, 50 wt% Se) and B-R23 (ID31, 72% Se loading) directly support the demonstrated loading range claim. However B-R05b (ID26, pool B) is a sulfur/carbon composite study and B-R24 (ID49, pool B) is a sulfur/SAXS filling-mechanism study; neither is selenium-specific, so the 'overfilling blocks transport' portion of the claim is only supported by analogy to the sulfur system rather than directly verified for Se, and ID26 is also ambiguous since a pool A version (ID26, Se/Na paper) exists distinct from the cited pool B sulfur paper, raising traceability concern."
15,1,ses,case_15__rep_01,Candidate D,C1,supported,1,D-R01a,"Vacuum heat treatment after Se infiltration transforms selenium into chain-like Sen molecules that chemically bond with the carbon host, robustly anchoring Se and mitigating dissolution (Scientist A [ID: 9]).","D-R01a (Se/microporous carbon nanofiber composite) directly describes vacuum/heat treatment converting Se particles into chainlike Sen molecules that chemically bond to carbon nanofiber inner surfaces, closely matching the claim. Note the same numeric ID 9 also maps to an unrelated Li-S review (D-R01b) but the candidate explicitly attributes this instance to 'Scientist A', resolving the ambiguity for this claim."
15,1,ses,case_15__rep_01,Candidate D,C2,supported,1,D-R02a,"MOF (ZIF)-derived N-doped hierarchically porous carbon with ~0.4-0.55 nm micropores confines Se, provides electronic conductivity, and mesopores buffer volume change, yielding strong Li-Se cycling performance.","D-R02a (MOF-derived N-doped hierarchically porous carbon sponges) directly supports the micropore size range (0.4-0.55 nm), melt-diffusion infiltration, N-doping improving conductivity, and mesopores buffering volume change and confining Se, matching the claim closely. As with ID 9, ID 15 is ambiguous between pools A and B, but the candidate's explicit 'Scientist A' attribution and the specific 0.4-0.55 nm detail identify D-R02a as intended."
15,1,ses,case_15__rep_01,Candidate D,C3,partially_supported,2,D-R17|D-R16,"Electrospinning a polymer solution containing pre-synthesized ZIF particles (e.g., ZIF-8) followed by carbonization yields a continuous carbon nanofiber network with pyrolyzed ZIF-derived microporous domains, suitable as a Se host architecture.","D-R17 (ID 213) describes electrospinning a polymer solution containing ZIF particles to form a nanofibrous network, supporting the fabrication method, but it is applied to a fuel-cell ORR catalyst, not a Se host, so it only partially supports the specific claim of building a Se-hosting bimodal carbon nanofiber architecture. D-R16 (ID 59, pool B) describes Cu-stabilized S-carbon nanofibers from electrospinning, which is adjacent (Li-S, not MOF/ZIF-based) and only weakly supports the ZIF+electrospinning route itself. No cited record directly demonstrates ZIF-in-electrospun-fiber carbonization for a Se or even S cathode host."
15,1,ses,case_15__rep_01,Candidate D,C4,partially_supported,2,D-R02a|D-R05,"Nitrogen doping of the carbon host, achievable via N-rich precursors or NH3 carbonization, improves electrical conductivity and provides polar sites enhancing chemical affinity to polyselenides, mitigating shuttle loss.","D-R02a supports N-doping improving conductivity in a Se-carbon system (NH3-treated MOF-derived carbon), directly relevant to Li-Se. D-R05 (ID 56) supports N-doped porous carbon improving sulfur/polysulfide affinity and cycling in Li-S, an adjacent but not identical chemistry; the claim's extension to 'polyselenides' via this reference is an inference from Li-S analogy, as the candidate itself acknowledges, so overall support is partial rather than full given the S-to-Se extrapolation for D-R05."
15,1,ses,case_15__rep_01,Candidate D,C5,partially_supported,1,D-R04,"Purely physical confinement of the active species within a nonpolar carbon host is insufficient to prevent shuttle loss, motivating the need for chemical anchoring strategies (Scientist B [ID: 40]).","D-R04 (SnS2 vs SnO2 stabilized S/C composites) states that S/C composites suffer capacity fading from poor physical confinement of sulfur in a nonpolar carbon host, supporting the general premise, but this is stated for sulfur/Li-S systems, not selenium/Li-Se; extrapolation to Se cathodes is a reasonable but unverified analogy, so support is partial rather than full for the Li-Se-specific claim."
15,2,ds,case_15__rep_02,Candidate C,C1,unverifiable,2,Scientist A ID: 15|Scientist A ID: 41,"Micropores (<2 nm) physically trap selenium and polyselenide intermediates, effectively preventing dissolution and the shuttle effect.",No abstract records were supplied for any cited identifiers in this packet; the claim cannot be checked against evidence.
15,2,ds,case_15__rep_02,Candidate C,C2,unverifiable,3,Scientist A ID: 9|Scientist A ID: 24|Scientist A ID: 39,"During melt-infusion, selenium forms strong chemical bonds with the carbon matrix (especially in micropores), and nitrogen-doping enhances chemical affinity for polyselenides.",No evidence abstracts were provided to verify this chemical-bonding/doping claim.
15,2,ds,case_15__rep_02,Candidate C,C3,unverifiable,1,Scientist B ID: 40,An all-carbon host is fundamentally limited because carbon's largely non-polar nature provides insufficient chemical anchoring for polar polyselenide species.,No abstract record supplied for ID 40 in this packet; cannot confirm or refute the claim from evidence.
15,2,ds,case_15__rep_02,Candidate C,C4,unverifiable,3,Scientist B ID: 10|Scientist B ID: 15|Scientist B ID: 40,"Polar conductive mediators (MXenes, TiC, SnS2) chemisorb polyselenides more strongly than N-doped carbon and drastically suppress the shuttle effect.",No supporting abstracts are supplied; the comparative strength claim against N-doped carbon cannot be verified here.
15,2,ds,case_15__rep_02,Candidate C,C5,unverifiable,2,Scientist B ID: 15|Scientist B ID: 45,"TiC and similar polar mediators act as catalysts that accelerate polyselenide conversion/precipitation kinetics, reducing polarization and improving rate capability.","No abstract records were supplied for these identifiers, so the catalytic mechanism claim is unverifiable from the given evidence pool."
15,2,mpds,case_15__rep_02,Candidate E,C1,partially_supported,2,E-R01|E-R02,"Physical confinement within ultra-micropores (<1 nm) prevents formation of soluble polyselenides, enabling ultrastable cycling (Scientist A citing [ID: 8, 41]).","E-R01 and E-R02 both support ultrastable/high-performance Se-microporous carbon composites, but neither explicitly discusses pore size <1 nm as the confinement mechanism preventing polyselenide formation; E-R02 mentions direct Se-to-Li2Se transformation, which is consistent but not identical to the specific <1 nm mechanistic claim."
15,2,mpds,case_15__rep_02,Candidate E,C2,supported,1,E-R03a,"MOF-derived N-doped hierarchical carbon sponge (from ZIF-8-type precursor) is a proven, high-performance host specifically for Li-Se cathodes with intrinsic chemical anchoring and enhanced conductivity (Scientist A [ID: 15]).","E-R03a directly describes MOF-derived N-doped carbon sponges for Li-Se batteries with hierarchical porosity (0.4-0.55 nm micropores), N-doping improving conductivity, and strong cycling performance (443.2 mAh/g at 200 cycles), matching the claim closely."
15,2,mpds,case_15__rep_02,Candidate E,C3,unverifiable,2,E-R03b|E-R06,"Conductive polar TiC nanoparticle mediators provide powerful chemisorption and electrocatalysis for polysulfide/polyselenide conversion, a principle demonstrated in advanced Li-S systems (Scientist B [ID: 15, 45]).","The numeric token [ID: 15] is ambiguous: it appears in both Evidence pool A (E-R03a, MOF-derived carbon for Li-Se) and pool B (E-R03b, TiC mediator for Li-S). The candidate text uses [ID: 15] for both Scientist A's Li-Se claim and Scientist B's TiC claim without pool-disambiguating context beyond attribution to 'Scientist A' vs 'Scientist B', which is an authorial label, not an evidence pool identifier. Per audit rules, a bare ID appearing in two pools is not attributable unless surrounding text clearly resolves it; here the surrounding text is ambiguous as to which record is intended for the TiC claim, though E-R06 [ID: 45] does independently and directly support the TiC-mediator claim for Li-S (matching content of E-R03b nearly verbatim), so the core claim is supported via ID 45, but reliance on ambiguous ID 15 undermines full traceability."
15,2,mpds,case_15__rep_02,Candidate E,C4,partially_supported,1,E-R05,"N,S-co-doped carbon provides chemical anchoring for polyselenides/polysulfides (Scientist B [ID: 23]).","E-R05 supports N,S co-doped porous carbon spheres improving polysulfide affinity in Li-S batteries, not Li-Se; the claim is analogized to Se hosting without direct Se-system evidence, so only partially supported."
15,2,mpds,case_15__rep_02,Candidate E,C5,partially_supported,2,E-R03b|E-R07,"Passive polysulfide/polyselenide trapping is insufficient and catalytic conversion (e.g., via a redox mediator) is needed to overcome kinetic bottlenecks, as demonstrated in advanced Li-S systems (Scientist B [ID: 15, 72]).","E-R07 supports a chemical mediator (MnO2) converting polysulfides in Li-S systems, consistent with the general catalytic-conversion argument. However, this is a different mechanism (MnO2 redox shuttle) than the TiC electrocatalysis argument used elsewhere, and the [ID: 15] token is again ambiguous between pools A and B. The general principle is supported for Li-S but extrapolation to Li-Se remains an unproven hypothesis, as the candidate itself concedes."
15,2,sair,case_15__rep_02,Candidate A,C1,partially_supported,3,Scientist A [ID: 15]|Scientist A [ID: 38]|Scientist B [ID: 199],"Confining Se within sub-nanometer micropores (0.4-0.55 nm) prevents Se loss and alters the electrochemical reaction pathway to a direct solid-state conversion between Se and Li2Se, improving cycling stability.","A-R01 (ID:15, pool A) directly supports 0.4-0.55 nm micropore confinement preventing Se loss and mesopore buffering. A-R02a (ID:38, pool A) supports the Se-to-Li2Se single-step conversion in microporous slit carbon. However, the candidate also cites [ID:38] with Scientist B attribution, which maps to A-R02b, an unrelated sulfur/MOF composite paper -- creating ambiguity about which record is intended. The [ID:199] citation (pool B, A-R03) is about sulfur in sub-nano confinement, not selenium, so it only partially supports the selenium-specific mechanism claim by analogy, not directly."
15,2,sair,case_15__rep_02,Candidate A,C2,partially_supported,5,Scientist A [ID: 15]|Scientist B [ID: 11]|Scientist B [ID: 96]|Scientist A [ID: 39]|Scientist B [ID: 23],"Nitrogen doping of the carbon host chemically anchors polyselenides via polar N-sites, suppressing the shuttle effect and improving capacity retention, while also enhancing electronic conductivity.","A-R01 (ID:15) supports nitrogen doping improving conductivity in a Se system, consistent with this claim. However, [ID:11] cited as Scientist B maps to A-R05b, a nitrogen-doped mesoporous carbon-sulfur (not selenium) paper about chemical adsorption -- relevant by analogy but not a Se-system-specific support. [ID:96] (A-R08) and [ID:23] (A-R10) are both sulfur-system papers about N-doped carbon anchoring polysulfides, not polyselenides, so they support an adjacent/weaker proposition. [ID:39] (A-R09) supports a Se-organic fiber system with N-containing structures but does not specifically discuss chemical anchoring of soluble polyselenide intermediates."
15,2,sair,case_15__rep_02,Candidate A,C3,partially_supported,4,Scientist A [ID: 15]|Scientist A [ID: 11]|Scientist A [ID: 24]|Scientist B [ID: 3],"A bimodal (micro/meso) pore architecture is essential: micropores host Se while mesopores enable fast Li-ion transport and buffer volume expansion, which is key for high-rate performance.","A-R01 (ID:15) and A-R06 (ID:24) directly support hierarchical/bimodal porosity aiding Se confinement, electrolyte access, and rate performance in Se systems. A-R05a (ID:11, pool A) supports interconnected porous carbon nanofiber webs for Se encapsulation, relevant. However [ID:3] cited as Scientist B maps to A-R07, a sulfur (not selenium) carbon-host pore-tuning paper, only weakly supporting the general concept by analogy rather than the Se-specific claim."
15,2,sair,case_15__rep_02,Candidate A,C4,unsupported,5,Scientist B [ID: 213]|Scientist A [ID: 15]|Scientist A [ID: 39]|Scientist B [ID: 38]|Scientist B [ID: 450],"The proposed fabrication route uses electrospinning of a PAN/ZIF-8 composite precursor followed by pyrolysis, during which Zn is removed via evaporation (boiling point 907°C), yielding N-doped hierarchically porous carbon nanofibers suitable as a continuous 3D electron/ion transport network.","A-R11 (ID:213) describes electrospinning of a polymer/ZIF precursor into a nanofiber network, but for a fuel-cell catalyst application, not for Se hosting -- it supports the general fabrication technique but not the Se-cathode-specific claim. A-R12 (ID:450, cited as Scientist B ID:450) is about MOF-derived spinel AFe2O4 anode materials, entirely unrelated to nanofiber Zn evaporation during carbonization, and does not support the Zn-removal/carbonization claim. The Zn boiling-point removal mechanism itself has no directly cited supporting record; A-R09 (ID:39) discusses CPAN/Se fibers but not the ZIF-8/Zn removal step. This central fabrication claim is essentially unsupported by the cited records as mapped."
15,2,sair,case_15__rep_02,Candidate A,C5,contradicted,1,Scientist B [ID: 230],"Nitrogen dopant type matters for stability: pyrrolic/pyridinic N can be electrochemically unstable, while higher pyrolysis temperatures (>900°C) favor thermally stable, conductive graphitic nitrogen, improving long-term cycling stability.","The cited record A-R18 (ID:230, pool B) is a review on arsenic removal from water technologies and has no relevance to nitrogen dopant electrochemistry in carbon materials. The claim about pyrrolic/pyridinic nitrogen instability is scientifically plausible in the literature generally, but the specific citation provided does not support it at all -- the abstract is on an entirely unrelated topic, so the citation is invalid/fabricated-in-context for this claim."
15,2,ses,case_15__rep_02,Candidate C,C1,supported,2,Scientist A [ID: 15]|Scientist A [ID: 24],"MOF-derived N-doped hierarchical porous carbon (micropore confinement + meso/macropore transport/buffering) with melt-diffusion Se loading yields high capacity, cycling stability, and rate performance for Li-Se cathodes.","C-R08 (ID:15, pool A) and C-R09 (ID:24, pool A) directly describe MOF-derived N-doped hierarchical porous carbon hosts for Se with melt-diffusion loading, micropore confinement, mesopore buffering, and reported high capacity/cycling/rate performance, closely matching the claim."
15,2,ses,case_15__rep_02,Candidate C,C2,partially_supported,4,Scientist A [ID: 9]|Scientist B [ID: 11]|Scientist B [ID: 56]|Scientist B [ID: 96],"Nitrogen doping enhances electronic conductivity and introduces chemical binding sites that immobilize polyselenides/polysulfides, aiding confinement.","C-R02a (ID:9, pool A) supports Se-C chemical bonding in microporous carbon nanofibers, but conductivity enhancement is not directly discussed there. C-R06 (ID:11), C-R07 (ID:56), and C-R21 (ID:96) all pertain to sulfur/polysulfide systems, not selenium, so the extension to polyselenides is an inferred analogy rather than direct evidence, which the candidate itself acknowledges as 'based on evidence for polysulfides.' This is a reasonable but only partially supported claim for the Se system."
15,2,ses,case_15__rep_02,Candidate C,C3,unverifiable,3,Scientist B [ID: 30]|Scientist B [ID: 3]|Scientist B [ID: 4],"Selecting isoreticular ZIF templates and applying post-carbonization KOH chemical activation provides more granular, reproducible control over micro/mesopore ratio than carbonization conditions alone.","The [ID: 30] token maps unambiguously to C-R16 (pool B, isoreticular ZIF porosity control), and [ID: 3] maps to C-R15 (pool B, KOH activation tuning pore structure for sulfur), both plausible support for the general mechanism. However, [ID: 4] is ambiguous: it appears in both pool A (C-R12a, Se/graphene composite) and pool B (C-R12b, silk-derived porous carbon with KOH activation for sulfur), and the candidate text does not clearly disambiguate which pool is intended in this specific claim, so full traceability for this claim is compromised despite the other two citations resolving cleanly."
15,2,ses,case_15__rep_02,Candidate C,C4,partially_supported,5,Scientist B [ID: 38]|Scientist B [ID: 142]|Scientist B [ID: 33]|Scientist B [ID: 48]|Scientist B [ID: 51],"Reinforcing the ZIF-derived carbon nanofiber framework with a secondary graphene network provides robust electronic percolation, mechanical flexibility to accommodate volume changes, and prevents isolation of active material domains during cycling.","ID:38 is ambiguous (C-R17a is pool A, on Se confined in slit micropores, vs C-R17b pool B, on graphene-wrapped sulfur/MOF-derived carbon supporting the graphene reinforcement claim); the candidate cites it as Scientist B, which would point to pool B (C-R17b), supporting graphene's conductive/flexible role, but this is for sulfur not selenium. ID:142 (C-R23) is a nitrogen-doped porous carbon directed by graphene for Li-S, generically supportive. ID:33 (C-R26) and ID:51 (C-R27) both describe graphene aerogel/porous carbon-graphene composites for Li-S with improved conductivity/cycling, supporting the general graphene-reinforcement mechanism but again only in sulfur systems, and ID:48 is ambiguous (C-R14a is pool A, Ni-MOF-derived mesoporous C@Se; C-R14b is pool B, sulfur-impregnated carbon sponge with ketjen black) -- candidate cites it as Scientist B here for graphene role, which does not clearly correspond to C-R14b's ketjen-black (not graphene) content. Overall the mechanism is plausible and generically supported by sulfur-system analogues, but direct Se-system evidence is not clearly established due to ambiguous or sulfur-only citations."
15,2,ses,case_15__rep_02,Candidate C,C5,supported,4,Scientist A [ID: 15]|Scientist B [ID: 17]|Scientist B [ID: 18]|Scientist B [ID: 26],"Hierarchical pore structure (micropores for confinement, meso/macropores as ion-transport highways) is essential; poorly optimized hierarchy can block ion transport.","C-R08 (ID:15) directly supports the mechanism for Se systems. C-R10 (ID:17, pool B) supports hierarchical meso/macropore roles for ion transport in analogous sulfur systems. C-R11 (ID:18, pool B) and C-R05 (ID:26, pool B) discuss porous carbon design tradeoffs and rate-dependent pore effects in Li-S systems, generally supporting the claim that hierarchy matters and poor optimization can limit performance, though these are sulfur-system analogues rather than direct selenium evidence."
15,3,ds,case_15__rep_03,Candidate B,C1,supported,2,Scientist A [ID: 38]|Scientist A [ID: 41],"Micropores (<2 nm) confine selenium and shift the reaction pathway to a direct solid-state Se-to-Li2Se conversion, suppressing soluble polyselenide intermediates.",B-R01 (ID 38) directly demonstrates confinement of Se in slit micropores with single-step conversion to Li2Se and long cycle life; B-R02 (ID 41) shows N-doped microporous carbon spheres enabling direct Se-to-Li2Se transformation. Both abstracts directly support the mechanistic claim.
15,3,ds,case_15__rep_03,Candidate B,C2,supported,1,Scientist A [ID: 9],"Strong, covalent-like chemical bonds form between selenium and the carbon host during heat treatment, promoting robust contact and reducing dissolution.","B-R03 explicitly describes chainlike Sen molecules chemically bonding with microporous carbon nanofiber surfaces during heat treatment, directly supporting this claim."
15,3,ds,case_15__rep_03,Candidate B,C3,partially_supported,4,Scientist A [ID: 2]|Scientist A [ID: 4]|Scientist A [ID: 15]|Scientist A [ID: 24],"A 3D interconnected nanofiber network with mesopores provides robust electronic conductivity and ion transport while buffering Se volume expansion, and N-doping enhances conductivity.","B-R04, B-R05, B-R06a, B-R07 all support porous carbon fiber/sponge architectures aiding conductivity, ion transport, and volume buffering. However, ID 15 is ambiguous: two records are supplied for this token (B-R06a, MOF-derived N-doped carbon sponge; B-R06b, an unrelated Li-S TiC mediator paper). The candidate text does not disambiguate which pool is intended in the Scientist A context, though contextually pool A (B-R06a) is clearly the intended one given the surrounding claim about N-doped carbon. This ambiguity slightly weakens strict traceability but the claim is substantively supported by the other three references."
15,3,ds,case_15__rep_03,Candidate B,C4,partially_supported,3,Scientist B [ID: 21]|Scientist B [ID: 15]|Scientist B [ID: 45],"A conductive polar mediator (e.g., TiC) chemisorbs polyselenides/polysulfides and, being metallic, enables rapid electrochemical conversion of trapped species, boosting redox kinetics (the 'capture and convert' mechanism).","B-R09 (ID 21, MXene/mesoporous carbon reservoir) and B-R10 (ID 45, conductive polar TiC mediators) support the polar-mediator mechanism for polysulfides in Li-S systems, not Li-Se systems as claimed. This is an extrapolation across chemistries not explicitly validated by the cited abstracts, consistent with Scientist A's critique noted in the candidate text itself. ID 15 is again ambiguous between B-R06a (N-doped carbon sponge, Li-Se) and B-R06b (conductive polar mediators, Li-S); in this Scientist B context the intended pool is likely B (TiC mediator paper), which does support the point, but the ambiguity itself is a traceability defect since the same bare numeral is used in two different contexts (A and B) without pool markers in-text."
15,3,ds,case_15__rep_03,Candidate B,C5,partially_supported,2,Scientist B [ID: 26]|Scientist B [ID: 40],"Reliance on micropore confinement alone (N-doped carbon) is a fragile strategy that fails at high current densities, and N-doped carbon's weak polar attraction is inferior to dedicated polar materials for chemical control.","B-R12 (ID 26) shows that pore effects on cycling stability disappear at high current density for Li-S carbon/sulfur composites, which partially supports the critique but is about sulfur, not selenium, systems. B-R13 (ID 40) discusses polar SnS2/SnO2 additives outperforming nonpolar carbon for polysulfide confinement in Li-S, again an adjacent Li-S analogy rather than direct Li-Se evidence. The claim is extrapolated across chemistries without direct Se-system support."
15,3,mpds,case_15__rep_03,Candidate D,C1,unverifiable,3,"Scientist A, ID: 39|Scientist A, ID: 47|Scientist A, ID: 33",Co-annealing selenium with PAN creates direct C-Se covalent bonds that virtually eliminate the polyselenide shuttle and enable stable cycling in carbonate electrolytes.,"No abstract records were supplied for this packet at all, so the numeric identifiers cited (39, 47, 33) cannot be checked against any evidence record."
15,3,mpds,case_15__rep_03,Candidate D,C2,unverifiable,3,"Scientist B, ID: 21|Scientist B, ID: 15|Scientist B, ID: 45","A hybrid host of TiC nanoparticles grown in-situ within a MOF-derived, N-doped carbon framework provides chemical anchoring and catalyzes electrochemical reactions to improve rate capability and utilization.",No supplied evidence abstracts exist to confirm the TiC/carbon catalytic mechanism claim; identifiers are unverifiable in this packet.
15,3,mpds,case_15__rep_03,Candidate D,C3,unverifiable,4,"Scientist B, ID: 10|Scientist B, ID: 15|Scientist B, ID: 21|Scientist A, ID: 26",MXene hosts and Li-S literature analogies are only proof-of-concept and not a guarantee of success for Li-Se systems due to distinct electrochemical environment.,"No abstract text is provided to verify whether these cited works indeed pertain to Li-S rather than Li-Se systems, or support the stated limitation."
15,3,mpds,case_15__rep_03,Candidate D,C4,unverifiable,2,"Scientist B, ID: 18|Scientist B, ID: 78",A bimodal pore structure with micropores for trapping non-bonded Se and mesopores for rapid Li-ion transport balances confinement and ion transport in the proposed nanofiber architecture.,No evidence record content is available in this packet to confirm the structure-porosity claims attributed to these IDs.
15,3,mpds,case_15__rep_03,Candidate D,C5,unverifiable,1,"Scientist A, ID: 15","The carbon framework alone (MOF-derived hierarchical carbon web) provides sufficient surface area and physical confinement for Se, as an initial proposal precursor to the CPAN/Se approach.",No abstract is supplied to verify this foundational claim about MOF-derived carbon web confinement capability.
15,3,sair,case_15__rep_03,Candidate D,C1,partially_supported,4,D-R01|D-R02a|D-R02b|D-R03,"Confining selenium in micropores (<2 nm) suppresses polyselenide dissolution and can favor a direct solid-state conversion to Li2Se, bypassing soluble long-chain polyselenides, associated with ultrastable cycling (cited to [ID:8], [ID:38], [ID:41]).","D-R01 (pool A, ID 8) directly supports microporous carbon confinement giving ultrastable cycling for Li-Se. D-R03 (ID 41, N-doped microporous carbon spheres) supports direct Se-to-Li2Se transformation and good performance. D-R02a (ID 38, pool A) directly supports the single-step conversion to Li2Se in micropores for Li anode. However, ID 38 is ambiguous: a pool B record (D-R02b, ZIF-derived microporous carbon for Li-S, unrelated to the direct-conversion claim) is also supplied for the same numeric token, creating traceability ambiguity even though the pool-A record does support the claim contextually. Overall the core mechanistic claim is well supported by the pool-A records once resolved, but the dual-pool ambiguity for ID 38 undermines clean attribution."
15,3,sair,case_15__rep_03,Candidate D,C2,partially_supported,3,D-R04|D-R05|D-R06,"Inter-fiber mesopores/macropores are critical for rapid Li+ transport, electrolyte wetting, and act as a volume-expansion buffer; lack of mesoporosity causes poor rate performance and incomplete Se utilization (cited to [ID:15], [ID:17], [ID:26]).","D-R04 (ID 15, MOF-derived N-doped hierarchically porous carbon for Se) directly supports mesopore electrolyte buffering and cycling stability in a Li-Se context. D-R05 (ID 17, pool B) is about a hierarchically porous carbon-sulfur (not selenium) cathode, supporting the general mesopore/macropore transport concept but only by analogy to sulfur, not selenium specifically. D-R06 (ID 26, pool B, carbon/sulfur composite study) shows porous structure effects on cycling but notes pore effects disappear at high rate, which is a more nuanced/partially contradictory nuance not reflected in the candidate's claim. So this claim is only partially supported, relying on cross-chemistry (S vs Se) analogy for two of three citations."
15,3,sair,case_15__rep_03,Candidate D,C3,partially_supported,4,D-R04|D-R07|D-R08|D-R09,"Nitrogen doping of the carbon host chemically adsorbs polyselenide/polysulfide intermediates via polar sites, aiding long-term cycling stability, and also enhances electronic conductivity (cited to [ID:15], [ID:11], [ID:23], [ID:96]).","D-R07 (ID 11), D-R08 (ID 23), and D-R09 (ID 96) all support N-doping (or N/S co-doping) improving polysulfide adsorption and cycling stability, but these are sulfur-battery studies, not selenium; the claim is extrapolated across chemistries without direct Se-specific evidence for this particular sub-mechanism (only D-R04 is Se-specific and supports N-doping benefits in Li-Se). This is a reasonable but unproven analogy, hence partial support rather than full support."
15,3,sair,case_15__rep_03,Candidate D,C4,supported,4,D-R04|D-R16|D-R17|D-R18,"Melt-diffusion infiltration (heating Se and carbon host above Se melting point, e.g., 260°C) is an effective method to load selenium into microporous carbon hosts (cited to [ID:15], [ID:24], [ID:92], [ID:9]).","All four cited records (D-R04, D-R16, D-R17, D-R18) are selenium- or selenium-analog (D-R17 uses Se in mesoporous CMK-3) melt-diffusion synthesis papers directly describing this infiltration method and its efficacy for Se-carbon composites, including the specific 260°C detail in D-R17. This claim is well and specifically supported by directly relevant Se-based literature."
15,3,sair,case_15__rep_03,Candidate D,C5,partially_supported,4,D-R11|D-R04|D-R19|D-R06,"A selenium loading between 50 and 70 wt% is a suitable target range balancing energy density and transport pathways; overfilling blocks ion diffusion and degrades rate capability (cited to [ID:4], [ID:15], [ID:31], and [ID:26] for overfilling risk).","D-R04 (50 wt% Se, NCS) and D-R19 (up to 72% Se loading) support the general loading range and performance trade-offs in Se systems. D-R11 (Se content 62%) also supports achievable loadings in this range with good performance. However, the specific quantitative link between 'overfilling causes pore blocking and poor rate' is drawn from D-R06, a sulfur (not selenium) study whose central finding is that pore effects vanish at high rate regardless of host, which is a different and more nuanced point than straightforward pore-blocking from overloading. This makes the overfilling-specific sub-claim only weakly supported by the cited evidence."
15,3,ses,case_15__rep_03,Candidate B,C1,supported,2,B-R01|B-R15,"Selenium should be confined by melt-diffusion/infusion into micropores (0.4-0.55 nm) of MOF-derived N-doped carbon, providing physical confinement effective for Li-Se cathode performance (Scientist A [ID: 15], [ID: 41]).","B-R01 (ID 15, pool A) directly describes NCS with 0.4-0.55 nm micropores, melt-diffusion Se loading, N-doping benefits, and strong cycling/CE data matching the memo's claims. B-R15 (ID 41, pool A) supports N-doped microporous carbon spheres for Se confinement, consistent with the physical-confinement claim."
15,3,ses,case_15__rep_03,Candidate B,C2,partially_supported,3,B-R04a|B-R04b|B-R08,"Nitrogen doping on carbon promotes chemical/electrostatic adsorption of polyselenide species analogous to polysulfide adsorption in Li-S systems (Scientist B [ID: 11], [ID: 56]).","ID 11 is ambiguous: pool A record (B-R04a) is about Se in polymer-derived carbon nanofibers, not chemical adsorption; pool B record (B-R04b) is about N-doped mesoporous carbon promoting chemical adsorption of sulfur (Li-S, not Li-Se). ID 56 (B-R08) also concerns sulfur, not selenium. The claim explicitly acknowledges this is an inference from Li-S to Li-Se (per the memo's own Section 4.0), so it is only partially supported by directly relevant (sulfur-system) evidence, with the intended pool for ID 11 left unresolved by the text."
15,3,ses,case_15__rep_03,Candidate B,C3,supported,1,B-R16,"High-temperature melt-infusion (260-600°C) can promote formation of chemically bonded, chain-like Se_n species that bind to microporous carbon nanofiber surfaces (Scientist A [ID: 9]).","B-R16 (ID 9) directly describes chainlike Se_n molecules chemically bonding to microporous carbon nanofiber surfaces under vacuum/heat treatment, matching the claim closely."
15,3,ses,case_15__rep_03,Candidate B,C4,partially_supported,2,B-R14|B-R13,"Intrinsic microporosity of ZIF-derived carbon can be tuned by selecting different ZIF precursors, and macropores can form from inter-fiber spacing in a 3D nanofiber mat, together enabling a hierarchical pore structure for ion transport (Scientist B [ID: 30], [ID: 17]).","B-R14 (ID 30) supports tuning carbon porosity via different ZIF/IRZIF precursors, but this is for gas adsorption (H2/CO2), not battery cathodes or Se/Li-ion transport specifically—an adjacent but not identical proposition. B-R13 (ID 17) describes a hierarchical porous carbon (mesopore walls + macropore channels) for Li-S sulfur cathodes, supporting the general hierarchical-pore-for-ion-transport concept but not the specific inter-fiber macropore mechanism described in the memo, nor selenium systems."
15,3,ses,case_15__rep_03,Candidate B,C5,supported,4,B-R03|B-R10a|B-R11|B-R20,"A free-standing, binder-free composite cathode with 3D interconnected carbon nanofiber network maximizes conductivity and accommodates volume expansion during Se lithiation, with selenium loadings around 50-60 wt% shown effective in related systems (Scientist A [ID: 2], [ID: 4], [ID: 24], [ID: 12]).","B-R03 (ID 2) supports free-standing porous carbon nanofiber/Se composites with good performance; B-R10a (pool A, ID 4) supports free-standing mesoporous carbon/graphene Se cathode at >60% Se loading; B-R11 (ID 24) supports Se-NCHPC with 56.2 wt% Se loading and hierarchical pores; B-R20 (ID 12) supports Se/porous hollow carbon bubbles at ~50 wt% Se with good performance. Note ID 4 is ambiguous between pool A (Se-relevant, B-R10a) and pool B (sulfur biopolymer carbon, B-R10b); the memo's context (Li-Se free-standing cathode) suggests pool A is intended, but this is not unambiguous from the token alone."
18,1,ds,case_18__rep_01,Candidate A,C1,unverifiable,1,Scientist B ID: 57,"An m-Y-S (multi-yolk-shell) architecture achieves ultra-long cycle stability (over 20,000 cycles) for potassium-ion storage.",No abstract records were supplied for this packet despite the citation label appearing in the text; the claim cannot be checked against any evidence.
18,1,ds,case_18__rep_01,Candidate A,C2,unverifiable,2,Scientist A ID: 86|Scientist A ID: 167,"Pyrolysis of core-shell ZIF precursors simultaneously forms hollow N-doped carbon polyhedra, embeds metal sulfide nanoparticles, and grows an interconnected CNT network.",No abstract corresponding to these identifiers was provided; claim cannot be verified from supplied records.
18,1,ds,case_18__rep_01,Candidate A,C3,unverifiable,1,Scientist B ID: 6,Embedding m-Y-S particles within a macroporous rGO 'sponge' creates a continuous 3D conductive network that eliminates inter-particle contact resistance.,No abstract is available for this identifier in the packet; the mechanistic claim about conductivity cannot be checked.
18,1,ds,case_18__rep_01,Candidate A,C4,unverifiable,4,Scientist A ID: 93|Scientist A ID: 461|Scientist B ID: 111|Scientist B ID: 249,"N-doping of carbon shells (from ZIF-derived precursors) creates polar sites that chemically anchor potassium polysulfides, mitigating capacity fade.","No evidence records were supplied for any of these identifiers, so the anchoring mechanism claim cannot be assessed."
18,1,ds,case_18__rep_01,Candidate A,C5,unverifiable,1,Scientist A ID: 171,Bimetallic sulfides/selenides embedded in the carbon framework improve intrinsic conductivity and reaction kinetics relative to single-metal sulfides.,No abstract was supplied for this identifier; the comparative performance claim cannot be verified.
18,1,mpds,case_18__rep_01,Candidate C,C1,supported,1,C-R01,"Polar VS4 incorporated into a SnS heterostructure chemically binds/traps potassium polysulfide intermediates, enabling ultra-long cycle life (used to justify choosing a polar chemical-trap component in the active material).","C-R01 (VS4/SnS@C paper) directly supports entrapment of KxSy intermediates by VS4 and reports long cycling (6000 cycles at 1 A g-1), matching the claim, though the candidate's earlier text references '20,000 cycles' for a different structure (m-Y-S), not this one, so no overstatement here."
18,1,mpds,case_18__rep_01,Candidate C,C2,partially_supported,2,C-R02|C-R03,"Polysulfide shuttling/dissolution is a key degradation mechanism in metal sulfide anodes, established in KIB and analogous Na-ion systems.","C-R02 and C-R03 both support polysulfide shuttling as a degradation mechanism, but only in Na-ion systems, not KIBs directly. The claim of 'directly observed in KIBs' relies on C-R01, which is KIB-specific and supports it; the Na-ion analogy claim is well supported by R02/R03. Overall the combined claim is partially supported because the KIB-specific evidence is thin (only one source) and the Na-ion sources are analogic, not direct KIB evidence."
18,1,mpds,case_18__rep_01,Candidate C,C3,partially_supported,3,C-R06|C-R07|C-R08,"Intra-particle heterointerfaces (e.g., SnS/VS4, MnS-MoS2) create built-in electric fields that lower ion diffusion barriers, supported by theoretical and experimental data.","C-R06, C-R07, C-R08 all support heterointerface engineering lowering diffusion barriers via DFT and experiments, but all are in Na-ion (or Li/Na) systems, not K-ion. The mechanistic principle is supported but the applicability to K-ion systems is an extrapolation not directly evidenced."
18,1,mpds,case_18__rep_01,Candidate C,C4,partially_supported,3,C-R11|C-R13|C-R14,"A multi-shelled hollow carbon sphere (MHCS) architecture provides staged volume accommodation, low-tortuosity porous network, and is scalable via template-free polymer synthesis, making it superior to multi-yolk-shell for K-ion storage.",C-R11 supports multishelled carbon spheres improving Na-ion storage via structural engineering. C-R13 and C-R14 support template-free synthesis of hollow carbon nanospheres and mention KIB anode application (C-R13) but do not directly compare or establish MHCS as superior to multi-yolk-shell architectures for K-ion storage specifically; comparative superiority claim is not directly evidenced.
18,1,mpds,case_18__rep_01,Candidate C,C5,supported,1,C-R12,"The multi-yolk-shell (m-Y-S) architecture has demonstrated exceptional stability for potassium storage, lasting up to 20,000 cycles.","C-R12 directly reports the m-Y-S Fe1-xS@C composite achieving ultra-stable potassium storage up to 20,000 cycles at 1 A g-1, matching the claim precisely."
18,1,sair,case_18__rep_01,Candidate C,C1,supported,1,C-R03 [ID: 57],Multi-yolk-shell configurations (multiple metal sulfide yolks in one hollow carbon shell) are superior to single-yolk designs for accommodating volume expansion and preserving structural integrity during alkali-ion (K/Na/Li) cycling.,"C-R03 directly describes a multi-yolk-shell (m-Y-S) Fe1-xS@C structure with tunable interior void space showing ultra-stable K/Na/Li storage attributed to optimized interior void space and multiple connection points, directly supporting the claim of superiority for structural stability and transport, though it is a single example rather than a general proof of superiority over single-yolk designs across all systems."
18,1,sair,case_18__rep_01,Candidate C,C2,partially_supported,2,C-R13 [ID: 67]|C-R14 [ID: 93],"N,S co-doping of the carbon shell synergistically enhances both polysulfide chemisorption and K-ion transport kinetics more effectively than single-element doping.","C-R13 and C-R14 describe S,N co-doped or S-enriched N-doped carbon materials with good cyclic/rate performance for sodium-ion batteries, but neither is a K-ion system, and neither directly demonstrates a synergistic comparison of N,S co-doping versus single doping for polysulfide chemisorption specifically in a K-ion or polysulfide-shuttle context. The claim of specific synergistic superiority over single doping is not directly established by these abstracts; support is adjacent/weaker than claimed."
18,1,sair,case_18__rep_01,Candidate C,C3,supported,1,C-R21 [ID: 49],"VS4 (vanadium sulfide), with unsaturated bridging (S2)2- anions, acts as a powerful anchoring site that stabilizes KxSy intermediates, improving reaction reversibility and cycle life, motivating its use as a stabilizing heterostructure component with a high-capacity sulfide.","C-R21 directly describes a VS4/SnS@C heterostructure using VS4's unsaturated bridging (S2)2- anions as anchoring sites for KxSy intermediates, showing improved reversibility and ultra-long lifespan in PIBs, directly supporting this claim as stated (including the heterostructure framing, though the candidate frames incorporating VS4 with a different high-capacity sulfide such as SnS2 as an extrapolated inference, which is reasonably flagged as such in the text)."
18,1,sair,case_18__rep_01,Candidate C,C4,partially_supported,4,C-R22 [ID: 7]|C-R23 [ID: 39]|C-R24 [ID: 115]|C-R25 [ID: 125],"Heterostructure interfaces (e.g., between two metal sulfides) create a built-in electric field that accelerates charge transfer and lowers the diffusion barrier for alkali ions, improving rate capability, and this concept is expected to translate similarly for SnS2/VS4 heterostructures in K-ion systems.","All four cited abstracts support the general principle that heterostructure interfaces (metal sulfide/selenide, MnS-MoS2, CoO/Co3S4, Fe1-xS/MoS2) lower diffusion barriers and enhance charge-transfer kinetics for Na or Li systems via DFT/experimental evidence. However, none of these are potassium-ion systems nor the specific SnS2/VS4 pairing proposed, so the extrapolation to K-ion SnS2/VS4 heterostructures is an inference beyond what the cited evidence directly shows."
18,1,sair,case_18__rep_01,Candidate C,C5,partially_supported,5,C-R31 [ID: 92]|C-R33 [ID: 378]|C-R34 [ID: 29]|C-R35 [ID: 78]|C-R37a [ID: 91],"A MOF-templated spray-drying process, using bimetallic MOF precursors with imidazole-based (N-source) and sulfonate-based (S-source) organic linkers, followed by pyrolysis/sulfidation, is a scalable, mechanically robust route to fabricate the proposed hierarchical yolk-shell microspheres with differential shrinkage naturally creating yolk-shell voids.","Individually, these abstracts support component sub-claims: C-R31 shows MOF (ZIF-8)-derived core-double-shell sulfide/carbon anodes; C-R33 shows sulfonate-based MOF linkers producing N/S co-doped carbon with metal sulfide nanoparticles; C-R34 shows spray-pyrolysis-derived metal sulfide/carbon composite microspheres; C-R35 shows CVD/sulfidation route to FeS@carbon; C-R37a describes carbon-coated bimetallic sulfide hollow nanocubes via a Prussian-blue-analog (not strictly MOF-spray-drying) route with differential shrinkage-type hollowing. No single abstract validates the full combined MOF-templated spray-drying process integrating all these specific choices (bimetallic MOF, dual N/S linker strategy, spray-drying, then pyrolysis/sulfidation) as one scalable pipeline; the overall synthesis strategy is a plausible but unverified synthesis of separately-supported sub-steps."
18,1,ses,case_18__rep_01,Candidate A,C1,supported,1,Scientist B [ID: 470],"An inner-wall-anchored architecture (metal sulfide nanoparticles fixed to the inner surface of hollow carbon nanospheres, e.g., FeS2@HCS) prevents contact loss and provides a central void for volume expansion, improving cycling stability for K-ion storage.","A-R11 (ID 470, pool B) directly describes FeS2 nanoparticles anchored on the inner wall of N/S-doped hollow carbon spheres fabricated by electrospray/template method, showing improved cyclic stability and rate capacity attributed to this exact architecture, closely matching the claim."
18,1,ses,case_18__rep_01,Candidate A,C2,supported,1,Scientist A [ID: 57],A multi-yolk–shell (m-Y–S) structure with multiple graphene-encapsulated iron sulfide yolks inside a larger hollow carbon sphere buffers volume expansion via tunable void space and gives ultra-stable K-ion storage.,"A-R10 (ID 57) describes exactly this m-Y-S Fe1-xS@C structure with tunable interior void space and reports ultra-stable K, Na, Li storage, matching the claim closely."
18,1,ses,case_18__rep_01,Candidate A,C3,supported,3,Scientist A [ID: 49]|Scientist A [ID: 107]|Scientist A [ID: 348],Dissolution of potassium polysulfide (KxSy) intermediates into the electrolyte is a critical failure mechanism causing active material loss and poor reversibility in metal sulfide PIB anodes.,A-R07 (ID49) explicitly discusses dissolution/agglomeration of KxSy intermediates causing loss of active ingredients and poor reversibility in PIB metal sulfides; A-R09 (ID348) discusses polysulfide dissolution and shuttle effect in FeS2 PIB anodes; A-R08 (ID107) reviews K-S battery polysulfide shuttle/pulverization issues. Together these directly support the claim.
18,1,ses,case_18__rep_01,Candidate A,C4,partially_supported,2,Scientist B [ID: 468]|Scientist B [ID: 76],"N/S co-doping of the carbon host (versus N-doping alone) expands carbon interlayers, facilitates K+ adsorption, and chemically anchors active material/polysulfides via polar-polar interactions, enhancing PIB performance.","A-R21 (ID468) supports N/S co-doped hollow carbon nanocubes expanding layer spacing and facilitating K+ adsorption with strong PIB cycling performance, supporting part of the claim. A-R22 (ID76) is about MOFs@MXene-derived hollow carbon confined CoS nanoparticles for alkali-ion batteries and does not specifically address N/S co-doping's mechanism of chemically anchoring polysulfides via polar-polar interactions, so the anchoring-mechanism portion is not directly supported by this source."
18,1,ses,case_18__rep_01,Candidate A,C5,partially_supported,2,Scientist B [ID: 100]|Scientist B [ID: 498],"Engineering hierarchical porosity (micro-, meso-, macro-) directly into the carbon shell of hollow carbon nanospheres reduces ion transport resistance and improves electrolyte accessibility, addressing the 'choking' transport bottleneck in aggregated microspheres.","A-R14 (ID100) shows pores in hollow carbon nanofibers improve Li-ion capacity/reversibility by acting as ion transport medium, supporting the general porosity-transport link but not specifically for PIBs or the described microsphere-aggregate context. A-R18 (ID498) demonstrates triple hierarchical micro-meso-macroporous N-doped carbon shells but for ORR electrocatalysis, not battery ion transport, so it only partially/analogously supports the claim of pore hierarchy benefiting transport in this system."
18,2,ds,case_18__rep_02,Candidate E,C1,unsupported,0,,x,x
18,2,mpds,case_18__rep_02,Candidate B,C1,partially_supported,2,B-R01|B-R02,"Bimetallic sulfide heterostructures (e.g., VS4/SnS@C or Fe1-xS/MoS2) create functional interfaces with built-in electric fields that accelerate K-ion kinetics.","B-R01 and B-R02 are Na-ion battery studies showing heterointerface engineering lowers Na-diffusion barriers and improves kinetics, not K-ion. The mechanism (heterointerface accelerating alkali-ion diffusion) is analogous but the claim specifically invokes K-ion kinetics, which these sodium-system papers do not directly demonstrate."
18,2,mpds,case_18__rep_02,Candidate B,C2,supported,1,B-R03,"Polar heterostructure components (e.g., VS4 in VS4/SnS@C) actively trap and stabilize potassium polysulfide intermediates.","B-R03 directly describes VS4/SnS@C heterostructure in K-ion batteries where VS4 anchors and stabilizes KxSy intermediates via entrapment effects, matching the claim closely."
18,2,mpds,case_18__rep_02,Candidate B,C3,supported,1,B-R04,"Multi-yolk-shell architectures distribute mechanical stress through multiple discrete active units, improving stability for K-ion storage.","B-R04 describes a multi-yolk-shell Fe1-xS@C structure with tunable void space that improves K/Na/Li storage stability and cycling, supporting the stress-distribution and stability claim."
18,2,mpds,case_18__rep_02,Candidate B,C4,partially_supported,1,B-R05,Multi-shelled hollow carbon spheres provide hierarchical buffering to accommodate volume expansion without catastrophic failure.,"B-R05 discusses multishelled hollow carbon nanospheres for Na-ion batteries, showing structural dependence on shell number affects plateau capacity via adsorption-filling mechanism, but does not directly address K-ion volume-expansion buffering or mechanical failure prevention, so the claim is only partially supported by analogy."
18,2,mpds,case_18__rep_02,Candidate B,C5,partially_supported,2,B-R06|B-R07,Co-doping carbon hosts with nitrogen and sulfur creates a multifunctional host providing intrinsic chemical anchoring for polysulfides and additional active sites for potassium storage.,"B-R06 supports sulfur-grafted hollow carbon spheres for K-ion batteries with high capacity and CS bonding contributing to storage (relevant to S doping and K-storage sites), but does not address polysulfide anchoring or N-S co-doping specifically. B-R07 is an N,S co-doped hollow carbon sphere study but for sodium-ion batteries, not potassium, and offers only a brief abstract with no mechanistic detail on polysulfide anchoring. Together they partially but not fully support the combined N,S co-doping claim for K-ion polysulfide management."
18,2,sair,case_18__rep_02,Candidate B,C1,supported,1,B-R01,A multi-yolk-shell (m-Y-S) architecture with multiple metal sulfide nanoparticles confined within a carbon matrix containing distributed voids effectively buffers volume expansion and preserves structural/electrical integrity over extended cycling in K-ion storage.,"B-R01 (Fe1-xS m-Y-S structure) directly demonstrates multi-yolk-shell design with tunable interior voids achieving ultra-stable K-ion storage over thousands of cycles, closely matching the claim."
18,2,sair,case_18__rep_02,Candidate B,C2,partially_supported,1,B-R14,"Sulfur doping of carbon hosts creates polar C-S bonds that chemically anchor polysulfide intermediates and extend cycle life, a mechanism demonstrated in sodium-ion batteries and inferred to apply similarly in potassium-ion batteries.","B-R14 supports the SIB mechanism (sulfur-doped carbon immobilizing polysulfides, extending cycle life for Co1-xS/s-C) but the extension to PIBs is explicitly labeled as inference by the candidate and is not directly supported by the cited abstract, which is SIB-specific."
18,2,sair,case_18__rep_02,Candidate B,C3,partially_supported,3,B-R10|B-R16|B-R17,"Heterostructured sulfides (e.g., VS4/SnS) generate built-in electric fields at interfaces that accelerate charge transfer kinetics and promote reversible conversion of KxSy intermediates, enhancing cycle life in PIBs, with VS4 acting as a polar polysulfide trap.","B-R10 (VS4/SnS@C for PIBs) directly supports the polysulfide entrapment and ultralong lifespan claim in PIBs. However, the built-in electric field/charge transfer kinetics claim is substantiated primarily via B-R16 and B-R17, which are Fe1-xS/MoS2 and CoO/Co3S4 heterostructures in sodium-ion systems, not potassium, so the PIB-specific mechanistic extension is only partially supported and explicitly flagged as inferred by the candidate."
18,2,sair,case_18__rep_02,Candidate B,C4,partially_supported,4,B-R06|B-R07|B-R08|B-R09,"Hierarchical porosity—macropores from aggregated hollow carbon nanospheres and mesopores in individual shells—enables rapid electrolyte/K-ion transport and prevents kinetically isolated dead zones, boosting rate performance.","B-R08 (MoS2 in hollow carbon skeleton) supports fast K-ion transport benefits of hollow/mesoporous carbon architectures for PIBs. B-R09 supports mesoporous carbon hollow sphere synthesis but is not battery-specific (EDLC). B-R06 and B-R07 concern supercapacitors, not K-ion batteries specifically, so the macroporous transport claim for PIB is only partially substantiated by directly relevant K-ion evidence."
18,2,sair,case_18__rep_02,Candidate B,C5,supported,1,B-R11,"A graphene shell/network provides physical encapsulation and adsorption of potassium polysulfides, inhibiting the shuttle effect as confirmed by experiments and DFT calculations specifically for potassium-ion batteries.","B-R11 (graphene-shell encapsulated FeS2 for PIBs) directly demonstrates via DFT and experiment that graphene shells adsorb polysulfides and inhibit shuttle effect in PIBs, matching the claim closely."
18,2,ses,case_18__rep_02,Candidate D,C1,supported,1,D-R03,"A multi-yolk-shell (m-Y-S) structure with multiple metal sulfide nanoparticles confined within a hollow carbon nanosheet/sphere provides optimized void distribution and redundant electrical contacts, yielding ultra-stable K-ion storage (Scientist A [ID: 57]).","D-R03 (A Partial Sulfuration Strategy Derived Multi-Yolk-Shell Structure) directly describes the m-Y-S Fe1-xS@C composite with tunable interior void space and reports ultra-stable K-ion cycling up to 20000 cycles, closely matching the claim."
18,2,ses,case_18__rep_02,Candidate D,C2,supported,1,D-R12,"Wrapping metal sulfide nanoparticles in a graphene 'pocket' provides primary physical/chemical confinement of polysulfides at the source, inhibiting the shuttle effect (Scientist A [ID: 348]).","D-R12 describes graphene-shell encapsulated FeS2 embedded in N/S codoped hollow carbon spheres, explicitly showing the graphene shell acts as a protective pocket that accommodates polysulfides and inhibits the shuttle effect, matching the claim closely."
18,2,ses,case_18__rep_02,Candidate D,C3,partially_supported,1,D-R11,"Pairing a primary storage sulfide with a polar sulfide (e.g., VS4) forms a heterostructure that chemically anchors polysulfide intermediates, improving reaction reversibility (Scientist A [ID: 49]), and this principle is claimed to be generalizable to any sulfide-based conversion anode.","D-R11 supports the specific VS4/SnS@C heterostructure result (entrapment of KxSy intermediates, enhanced reversibility), but the candidate's own text flags the broader generalization as an unverified inference; the abstract only demonstrates one system, not a generalizable principle across all sulfide anodes."
18,2,ses,case_18__rep_02,Candidate D,C4,supported,1,D-R23,"Carboxymethyl cellulose (CMC) binder provides superior adhesion versus PVDF, critical for maintaining electrode integrity under high strain from K-ion cycling, demonstrated by stable performance over thousands of cycles (Scientist B [ID: 157]).","D-R23 directly compares CMC and PVDF binders in K-ion hollow carbon submicrosphere anodes, showing CMC gives higher adhesion force and much better cycling stability (111 mAh/g over 3000 cycles vs 18 mAh/g for PVDF), matching the claim."
18,2,ses,case_18__rep_02,Candidate D,C5,supported,1,D-R24,A template-assisted spray pyrolysis process using a washable NaCl template forms metal sulfide/carbon composite microspheres with internal voids ('nanorooms') that buffer volume expansion without risk of collapse during synthesis (Scientist A [ID: 29]).,"D-R24 explicitly describes the generalized spray pyrolysis method using NaCl as a washable template to produce metal sulfide/carbon composite microspheres with cubic nanorooms, directly supporting the process and void-creation claim, though it does not itself address K-ion cycling performance or collapse-risk specifically for PIBs, which is a minor extrapolation."
18,3,ds,case_18__rep_03,Candidate D,C1,supported,1,D-R01,"A multi-yolk-shell (m-Y-S) Fe1-xS@C structure with partial sulfidation achieves ultra-stable K-ion cycling up to 20,000 cycles, attributed to optimized interior void space and multiple connection points for electron/ion transport.","D-R01 directly reports the m-Y-S Fe1-xS@C structure with 20,000 cycles at 1 A/g for K-ion storage and attributes performance to interior void space and conductive pathways, matching the claim closely."
18,3,ds,case_18__rep_03,Candidate D,C2,supported,1,D-R05,"VS4/SnS@C heterostructures use VS4's unsaturated sulfur sites to anchor and stabilize potassium polysulfide intermediates (KxSy), enabling ultralong cycling life in PIBs.","D-R05 explicitly describes VS4/SnS@C heterostructure with VS4's unsaturated bridging sites acting as anchoring sites for KxSy intermediates and reports ultra-long lifespan (6000 cycles), directly supporting the claim."
18,3,ds,case_18__rep_03,Candidate D,C3,supported,1,D-R06,"N/S co-doped hollow carbon architectures (e.g., hollow carbon nanocubes) provide robust cycling stability in K-ion batteries by facilitating K+ adsorption and relieving volume change.","D-R06 describes N/S-codoped hollow carbon nanocubes for PIBs with robust stability (100% retention after 620 cycles, 99.9% after 3000 cycles) and attributes performance to N/S dopants facilitating K+ adsorption and relieving volume change, matching the claim."
18,3,ds,case_18__rep_03,Candidate D,C4,partially_supported,3,D-R10|D-R11|D-R09,"MOF-templated pyrolysis (e.g., ZIF-67-derived) provides a proven, single-precursor pathway to simultaneously create hollow carbon architecture, embed metal sulfide nanoparticles, and achieve in-situ N-doping, as demonstrated for cobalt sulfide/carbon polyhedra composites.","D-R10 and D-R11 support ZIF-67-derived hollow cobalt sulfide/carbon composites via simultaneous pyrolysis-sulfidation, consistent with the claim for Li-ion applications, not K-ion. D-R09 is a CoP (phosphide, not sulfide) water-splitting catalyst unrelated to battery encapsulation or K-ion storage, so it does not support this specific claim and appears to be a weak/irrelevant citation bundled in. The core MOF-to-hollow-carbon-sulfide route is supported only for other alkali/non-battery systems, not directly for K-ion storage or the exact multi-functional claim as stated."
18,3,ds,case_18__rep_03,Candidate D,C5,partially_supported,1,D-R16,"Bimetallic sulfide/selenide heterostructures (e.g., MoSe2/CoSe2) encapsulated in N,S co-doped hollow carbon nanospheres deliver high-performance Na/K-ion storage, supporting the proposed bimetallic MoS2/CoSx N,S-doped carbon design.","D-R16 supports a closely analogous bimetallic selenide (not sulfide) system encapsulated in N,S co-doped hollow carbon nanospheres with good K-ion performance, offering reasonable but not exact support since the candidate's specific bimetallic sulfide (MoS2/CoSx) system is not the same chemistry (selenide vs sulfide)."
18,3,mpds,case_18__rep_03,Candidate A,C1,partially_supported,2,A-R01|A-R02,A dedicated void (yolk-shell architecture) is necessary/effective for accommodating volume expansion to achieve ultra-long cycle life in metal sulfide anodes for K/Na/Li-ion storage.,"A-R01 supports yolk-shell (multi-yolk-shell) architecture giving ultra-stable K-ion cycling with tunable void space, and A-R02 supports the void accommodating volume expansion, but for Li-ion, not K-ion. Together they partially support the general claim, but A-R02 is off-target for the K-ion-specific context of this proposal."
18,3,mpds,case_18__rep_03,Candidate A,C2,partially_supported,3,A-R03|A-R04|A-R08,Engineered hetero-interfaces (bimetallic/heterostructured sulfides) accelerate K+ kinetics and help manage polysulfide intermediates in potassium-ion batteries.,"A-R03 directly supports heterostructure entrapment of polysulfide intermediates in a K-ion system (VS4/SnS@C), which is strong support. However A-R04 is a Na-ion system and A-R08 is also Na-ion; both are cited to support a K-ion-specific mechanistic claim, so overreach exists for two of three citations."
18,3,mpds,case_18__rep_03,Candidate A,C3,partially_supported,1,A-R06,"A hierarchically porous hollow carbon sphere (HPHCS) host provides distributed stress accommodation for confined nanoparticles undergoing volume change, superior to a single large yolk-shell void.","A-R06 supports macropore-confinement of Fe3O4 nanoparticles individually accommodating volume change and preventing aggregation/pulverization, but this is a Li-ion system, not K-ion, and does not directly compare volumetric density/robustness against yolk-shell architectures as claimed."
18,3,mpds,case_18__rep_03,Candidate A,C4,partially_supported,1,A-R07,"Hierarchical/mesoporous carbon sphere hosts enable unchoked, rapid ion transport kinetics for confined metal sulfide nanoparticles.","A-R07 supports MoS2 nanosheets confined in hollow mesoporous carbon spheres achieving good rate capability, but this is a Li-ion system and a yolk-shell architecture (not the pure HPHCS integrated composite claimed by Scientist B), somewhat undermining the specific claim about a porous host distinct from yolk-shell for K-ion transport unchoking."
18,3,mpds,case_18__rep_03,Candidate A,C5,unsupported,1,A-R05,A purely yolk-shell (large-void) architecture is disadvantageous relative to an integrated porous carbon composite due to poor volumetric density (the 'Fabergé egg' critique).,"A-R05 (evidence pool B, ID 478) is about a hollow porous bowl-like Co/C nanocomposite for electromagnetic wave absorption—entirely unrelated to battery volumetric density or yolk-shell critique. This citation does not support the claim at all."
18,3,sair,case_18__rep_03,Candidate A,C1,partially_supported,4,A-R01 [ID:149]|A-R02 [ID:247]|A-R03 [ID:348]|A-R04 [ID:470],"FeS2 is a well-supported, high-theoretical-capacity, low-cost active material suitable for K-ion battery anodes, as demonstrated in nanostructured KIB anodes.","A-R01 (review of FeS2 for alkali-ion batteries) and A-R03 (FeS2 in PIBs with polysulfide shuttle mitigation) support the claim of FeS2's promise for K-ion batteries. However, A-R02 concerns Li-ion battery electrodes from FeS2 platelets, not KIBs, and A-R04 is an irrelevant gas-well corrosion study that does not support any battery-related claim, so the ID:470 citation is essentially a non-sequitur/fabricated-relevance citation despite being a valid record."
18,3,sair,case_18__rep_03,Candidate A,C2,supported,4,A-R07 [ID:104]|A-R08 [ID:43]|A-R09 [ID:57]|A-R10 [ID:394],"A yolk-shell (void) architecture accommodates the large volume expansion of conversion-type sulfide anodes during potassiation, preventing shell fracture and preserving electrical contact, with multi-yolk designs offering superior loading and stability versus single-yolk.","A-R07 (yolk@shell Bi2S3@N-doped carbon) and A-R08 (Si core-hollow carbon shell with tunable void) directly support the void-accommodation mechanism, and A-R09 explicitly demonstrates a multi-yolk-shell Fe1-xS@C structure with superior K/Na/Li storage performance attributed to optimized void space, directly supporting the multi-yolk claim. A-R10 (Si nanoparticle clusters in hollow carbon capsules) is a reasonably analogous but not identical (multi-particle-in-shell rather than multi-discrete-yolk) support, so it is only partially on-point but the core claim is well supported by A-R09."
18,3,sair,case_18__rep_03,Candidate A,C3,partially_supported,5,A-R11a/A-R11b [ID:2]|A-R12 [ID:17]|A-R13 [ID:49]|A-R14 [ID:107]|A-R03 [ID:348],"N,S co-doped hollow carbon shells can chemically anchor soluble potassium polysulfide intermediates via polar sites (e.g., pyridinic-N, C–S bonds), suppressing the shuttle effect and capacity fade, analogous to Li/Na systems.","ID:2 is ambiguous between two pools (A-R11a: sulfur-doped carbon anchoring polysulfides in Na systems; A-R11b: hollow carbon nanospheres for Na batteries, unrelated to polysulfide anchoring). The candidate text does not clearly disambiguate which pool is intended, though content suggests A-R11a was intended. A-R12 supports S-doped hollow carbon spheres for KIB anodes with C-S bonding but does not directly address polysulfide anchoring. A-R13 and A-R03 do support entrapment of K-polysulfide-like intermediates via polar sites in PIBs, providing genuine support for the extrapolated mechanism. A-R14 is a general review of K-S battery challenges, offering only background support. The claim is explicitly flagged by the candidate as an inference from Li/Na systems, and evidence partially but not fully substantiates the K-ion-specific extrapolation."
18,3,sair,case_18__rep_03,Candidate A,C4,supported,1,A-R18 [ID:29],"A sacrificial NaCl-templating strategy during spray-drying assembly can create macroporous, interconnected microspheres from metal sulfide/carbon primary particles, enabling electrolyte accessibility for high-rate performance in Na-ion analog systems.","A-R18 directly describes a NaCl-templated spray-pyrolysis method producing metal sulfide/carbon composite microspheres with cubic nanorooms for Na-ion battery anodes, closely matching the proposed process, though it is demonstrated for Na-ion rather than K-ion systems, representing a minor but reasonable extrapolation."
18,3,sair,case_18__rep_03,Candidate A,C5,supported,2,A-R24 [ID:284]|A-R03 [ID:348],"Ether-based electrolytes (e.g., DME) outperform carbonate-based electrolytes for metal sulfide KIB anodes, providing higher initial Coulombic efficiency and better cycling stability by mitigating polysulfide issues and stabilizing SEI.","A-R24 directly compares ether (DME) vs carbonate electrolytes for MoS2@C and Fe7S8@C anodes in Na/K-ion batteries, showing higher ICE and better performance in DME, directly supporting the claim. A-R03 supports the broader polysulfide-mitigation and ether-electrolyte context for FeS2 PIB anodes."
18,3,ses,case_18__rep_03,Candidate C,C1,supported,1,C-R14,A multi-yolk-shell (m-Y-S) architecture encapsulating multiple metal sulfide nanoparticles within a hollow carbon shell delivers ultra-stable potassium storage performance (cited Scientist A [ID: 57]).,"C-R14 (Multi-Yolk-Shell Fe1-xS@C) directly reports ultra-stable K-ion storage up to 20,000 cycles using an m-Y-S structure with tunable void space, matching the claim closely."
18,3,ses,case_18__rep_03,Candidate C,C2,supported,1,C-R09,"Introducing a polar VS4 component into metal sulfide heterostructures creates anchoring sites that chemically trap soluble potassium polysulfide (KxSy) intermediates, enhancing reversibility and cycle life in PIBs (cited Scientist A [ID: 49]).","C-R09 (VS4/SnS@C heterostructure) explicitly describes VS4 anchoring sites entrapping KxSy intermediates and achieving ultralong lifespan in PIBs, directly supporting the mechanism and performance claim."
18,3,ses,case_18__rep_03,Candidate C,C3,partially_supported,2,C-R08|C-R09,Formation and dissolution of soluble potassium polysulfide intermediates is a critical failure mode causing active material loss and poor cycle life in metal sulfide anodes for alkali-ion batteries (cited Scientist A [ID: 1] and [ID: 49]).,"C-R08 demonstrates polysulfide shuttling as a critical degradation factor but in sodium-ion batteries, not potassium-ion batteries; C-R09 supports the KxSy dissolution issue specifically for PIBs. The claim as stated (generalizing shuttle effect as established for PIB metal sulfides) is adequately supported by C-R09 but C-R08 is an analogic extension from Na-ion systems, making full support only partial for the PIB-specific framing."
18,3,ses,case_18__rep_03,Candidate C,C4,partially_supported,7,C-R18|C-R19|C-R22|C-R20|C-R21|C-R23|C-R24,"N,S co-doping of the carbon host improves electronic conductivity, expands interlayer spacing, and creates additional active sites for K+ storage, while S-doping introduces polar C-S bonds that immobilize polysulfides and add electrochemically active sites (cited Scientist A [ID: 50, 111, 2] and Scientist B [ID: 32, 71, 17, 281]).","Individual citations support fragments: C-R18 and C-R19 support N/S-doping improving conductivity and active sites (though C-R18 is for Na-ion, C-R19 is K-ion with hierarchical ZnS structure, not directly on doping expanding interlayers); C-R22 supports S-doped carbon immobilizing polysulfides but in Na-ion context; C-R20/C-R21 support N-doped carbon spheres for K-ion storage; C-R23/C-R24 support S-doped carbon spheres for K-ion storage with active sites. The composite claim is broadly supported across multiple partially relevant sources, but no single source demonstrates the full combined N,S co-doping mechanism as stated for this system, and several citations are for different alkali-ion systems (Na, generic) rather than directly for the K-ion sulfide-in-carbon architecture proposed."
18,3,ses,case_18__rep_03,Candidate C,C5,partially_supported,2,C-R12|C-R13,Interconnecting primary hollow-carbon-nanosphere subunits with a 3D conductive carbon nanofiber network prevents electrical isolation of active domains during cycling and maintains mechanical stability of the aggregated microsphere (cited Scientist B [ID: 94] and [ID: 140]).,"C-R12 supports a closely analogous concept: hollow carbon nanospheres cross-linked with N-doped carbon fibers into microspheres maintaining electrical contact and enabling flexible high-performance anodes (though for Si/Li-ion, not metal sulfide/K-ion). C-R13 describes a spheres-in-tube hierarchical porous carbonaceous nanostructure for supercapacitors, which supports hierarchical porosity/ion-electron transport benefits but does not directly address interconnection preventing electrical isolation during cycling for metal-sulfide K-ion anodes. Together they offer analogic but not system-specific support."
22,1,ds,case_22__rep_01,Candidate C,C1,unsupported,2,C-R01|C-R02,"Mesoporous walls within nanobelts combined with an external conductive carbon wrapping buffer strain and maintain electrical integrity (Scientist A [ID: 81, ID: 68])","C-R01 concerns SOFC Ni-YSZ anode microstructure reconstruction and C-R02 concerns oxide component effects in Ni cermet SOFC anodes. Neither relates to NiO nanobelt mesoporous walls, carbon coating, or Li-ion battery strain buffering."
22,1,ds,case_22__rep_01,Candidate C,C2,unsupported,2,C-R03|C-R04,"A tube-in-tube structure with inner hollow NiO tube (from Ni(OH)2 nanobelt precursor conversion) inside a pre-applied outer carbon tube can be synthesized via a precursor-template method (Scientist A [ID: 416, ID: 72])",C-R03 is about alkaline water electrolysis Ni anode durability; C-R04 is about a graphene-nickel foam anode for microbial fuel cells. Neither supports the claimed NiO tube-in-tube synthesis route from Ni(OH)2 nanobelt precursors.
22,1,ds,case_22__rep_01,Candidate C,C3,unsupported,1,C-R08,"The hollow core provides dedicated void space for NiO to expand inward, mitigating a primary failure mode for conversion anodes (Scientist B [ID: 38])","C-R08 discusses TiO2 nanobelt phase transformation and photocatalytic activity, unrelated to volume-change accommodation in NiO conversion anodes."
22,1,ds,case_22__rep_01,Candidate C,C4,unsupported,1,C-R09,Thin walls of hollow NiO nanobelt maintain short lithium-ion diffusion pathways critical for high-rate performance (Scientist A [ID: 305]),"C-R09 describes hollow core-shell Co3O4 (not NiO) derived from a metal-organic framework for Li/Na-ion batteries. It is a related but distinct oxide chemistry and does not directly support the specific NiO nanobelt short-diffusion-path claim; at best it is a loosely analogous system, insufficient to count as direct support."
22,1,ds,case_22__rep_01,Candidate C,C5,partially_supported,2,C-R02|C-R10,"A conformal outer carbon shell acts as an electron pathway improving conductivity and cycling stability in metal oxide anodes even with minor fractures in the inner oxide tube (Scientist A [ID: 68, ID: 339])","C-R02 (SOFC cermet anode) is irrelevant. C-R10 describes Ni/NiO/MnOx/carbon nanofiber composites for Li-ion battery anodes where metallic Ni encapsulation and carbon enhance conductivity and accommodate volumetric change, which is topically adjacent and lends partial, indirect support to the general concept of carbon/metal aiding conductivity and strain accommodation, though it is a different architecture (nanofiber composite, not tube-in-tube nanobelt with carbon shell)."
22,1,mpds,case_22__rep_01,Candidate E,C1,partially_supported,1,Scientist B [ID: 72],A topotactic conversion of a nickel hydroxide precursor nanobelt to NiO (following the route of ID:72) creates mesoporous NiO nanobelts with internal void space that accommodates volume change.,"E-R03 (ID:72) demonstrates a topotactic conversion producing mesoporous quasi-single-crystalline nanobelts, but the material system is Co3O4 from Co(OH)2, not NiO from Ni(OH)2. The mesoporosity/topotactic mechanism is analogous but the claim of direct application to NiO is not directly supported by this record; it is an extrapolation across chemically similar but distinct oxide systems, a limitation the candidate itself acknowledges elsewhere in the debate narrative."
22,1,mpds,case_22__rep_01,Candidate E,C2,partially_supported,2,Scientist B [ID: 40]|Scientist B [ID: 47],"A conductive polymer (polypyrrole) shell coating on nanobelts, applied via in-situ polymerization, offers superior mechanical flexibility to bind nanobelt fragments during cycling and provides continuous electrical pathways.","E-R04 (ID:40) shows a PEDOT-coated V2O5 nanobelt array on graphite foam with high-rate, ultrastable cycling; E-R05 (ID:47) shows polypyrrole-coated MoO3 nanobelts improving conductivity and cycling in supercapacitors. Both support the general concept of conductive polymer shells improving conductivity/stability on nanobelts, but neither is on NiO nor in a lithium-ion battery volume-buffering role for the exact claim (E-R05 is a supercapacitor context, not LIB anode). The mechanistic principle is supported by analogy but not directly demonstrated for the proposed NiO system."
22,1,mpds,case_22__rep_01,Candidate E,C3,partially_supported,1,Scientist B [ID: 68],"A carbon shell can be formed simultaneously with mesoporous NiO formation via a single calcination step using glucose as carbon source, offering maximum synthetic efficiency (following ID:68).","E-R08 (ID:68) demonstrates carbon-coated MoO2 nanobelts synthesized via hydrothermal + calcination with glucose as carbon source, retaining 1D morphology and improving LIB anode performance. This supports the general synthetic strategy but is for MoO2/MoO3, not NiO/Ni(OH)2, so it is an analogous rather than direct demonstration for the proposed system."
22,1,mpds,case_22__rep_01,Candidate E,C4,partially_supported,1,Scientist B [ID: 81],Engineered mesoporosity within a nanobelt core provides distributed void space for volume-change relief and ensures short Li-ion diffusion paths enabling good rate capability (cited as ID:81).,"E-R09 (ID:81) demonstrates porous NiCo2O4 nanoflakes/nanobelts with high capacity and rate capability attributed to void spaces cushioning volume variation and short diffusion paths. This supports the general mechanistic principle (porosity relieving volume change and enabling rate capability) but the material is NiCo2O4, not pure NiO, so it is an analogous support rather than a direct demonstration for the specific NiO nanobelt design proposed."
22,1,mpds,case_22__rep_01,Candidate E,C5,supported,1,Scientist A [ID: 261],"NiO anodes suffer from poor electronic conductivity that critically limits capacity retention, and maintaining electrical continuity after structural fracture is essential; post-mortem TEM analysis is an appropriate validation method (cited as ID:261).","E-R06 (ID:261) directly studies ordered mesoporous NiO degradation via identical-location TEM and explicitly concludes that electronic conductivity, in addition to MO structure, plays a crucial role in maintaining capacity over cycling. This directly supports both the conductivity-loss failure mode claim and the appropriateness of TEM-based structural/conductivity validation."
22,1,sair,case_22__rep_01,Candidate D,C1,partially_supported,1,D-R01,"A hollow core running the length of the nanobelt buffers volumetric expansion by allowing the NiO wall to expand inward, reducing mechanical stress and preventing pulverization (cited to Scientist A [ID: 290]).","D-R01 (Ni-Co oxide hollow microspheres, not NiO nanobelts) supports the general principle that hollow/void structures accommodate volume change and shorten ion/electron diffusion paths, but it is about a different material system (Ni-Co oxide hollow microspheres) and morphology (microspheres, not tube-in-tube nanobelts), so it only partially supports the specific claim about a nanobelt hollow core."
22,1,sair,case_22__rep_01,Candidate D,C2,partially_supported,2,D-R02|D-R03,"A porous nanocrystalline NiO wall with interconnected nanocrystals accommodates localized grain-level volume changes during conversion, mitigating mechanical stress (cited to Scientist A [ID: 261], Scientist B [ID: 82]).","D-R02 discusses mesoporous NiO (OMNiO) degradation mechanisms and links electronic conductivity to capacity fade, which is relevant but does not explicitly confirm that porosity buffers grain-level volume change during conversion. D-R03 is about mesoporous Co3O4 nanobelts (not NiO) showing good rate capability from mesoporosity, offering only analogous, not direct, support for the NiO claim."
22,1,sair,case_22__rep_01,Candidate D,C3,supported,1,D-R04,"The porous NiO wall's high surface area and interconnected pores allow thorough electrolyte penetration, shortening Li-ion diffusion paths and enhancing reaction kinetics (cited to Scientist A [ID: 179]).","D-R04 directly reports that a hierarchically porous NiO film provides fast ion/electron transfer and alleviates structural degradation, closely matching the claim about porous NiO enhancing transport and kinetics, though the cited material is a film rather than a tube-in-tube nanobelt."
22,1,sair,case_22__rep_01,Candidate D,C4,partially_supported,2,D-R05|D-R06,"A conformal carbon shell creates a conductive external network that wires NiO particles together, bypassing the poor conductivity of the lithiated Ni/Li2O composite, and also provides mechanical reinforcement preventing disintegration of the NiO wall (cited to Scientist A [ID: 263], Scientist B [ID: 68]).","D-R05 supports the concept that a carbon outer layer suppresses volume change/aggregation and improves conductivity and capacity retention for a NiO@carbon composite, which is closely analogous. D-R06 supports carbon-coated MoO2 nanobelts (different active material) showing good performance from carbon coating, providing only indirect/analogous support for the carbon-shell mechanism as applied specifically to NiO nanobelts."
22,1,sair,case_22__rep_01,Candidate D,C5,partially_supported,3,D-R07|D-R08|D-R09,"Belt-like morphology in electrospinning (versus cylindrical fiber) can be achieved by controlling solvent volatility and ambient temperature, inducing collapse of the circular jet into a flat ribbon (cited to Scientist B [ID: 166]); and a hydrothermal reaction can grow a uniform Ni(OH)2 shell that is later calcined into porous NiO nanobelts (cited to Scientist B [ID: 416] and [ID: 127]).","D-R07 supports the general electrospinning temperature-dependent nanobelt formation mechanism, but for HfO2, not the specific Ni-based sacrificial-template route described. D-R08 directly supports hydrothermal synthesis of Ni(OH)2 nanobelts converted to porous NiO nanobelts by annealing, which is strong direct support for that specific synthesis step. D-R09 is about Co3O4 nanobelt arrays with a different precursor/process (Co-based), offering only weak analogous support for the calcination-to-oxide conversion step as applied to Ni-based hydroxide precursors coated onto a polymer template."
22,1,ses,case_22__rep_01,Candidate B,C1,partially_supported,9,B-R05|B-R02|B-R01|B-R03|B-R04|B-R06|B-R07|B-R08|B-R09,"NiO undergoes large volume expansion/contraction during the NiO ↔ Ni + Li2O conversion reaction, causing pulverization, loss of electrical contact, and rapid capacity fade, with a secondary effect of Ni nanoparticle aggregation/sintering.","B-R05 (ID 261, identical-location TEM of NiO) directly supports capacity fade linked to structural decomposition and conductivity loss. B-R02 (conversion oxide review) supports the general conversion-reaction mechanism. However, several cited supporting records (B-R06, B-R08, B-R09 at IDs 129/269/498) are about Ni-YSZ SOFC anodes undergoing redox cycling, an unrelated system and mechanism (solid oxide fuel cells, not Li-ion batteries), and do not support the Li-ion NiO aggregation claim. B-R03 and B-R04 concern MoO3 and SnS nanobelts, not NiO, and only generically support 'large volume expansion' framing. The claim is thus only partially supported, with several citations misapplied to an unrelated electrochemical system."
22,1,ses,case_22__rep_01,Candidate B,C2,partially_supported,5,B-R15|B-R16|B-R17|B-R18|B-R19,"The tube-in-tube geometry's internal void and inter-tube void space provide buffer volume that accommodates NiO's volume change during cycling, preventing pulverization.","B-R15 (Ni(HCO3)2 hollow spheres), B-R16 (porous NiO array film), B-R17 (Ni-Co oxide hollow microspheres), B-R18 (porous NiCo2O4 nanoflakes/nanobelts), and B-R19 (Co3O4 nanobelt array) all support the general principle that void space/porosity in metal-oxide nanostructures buffers volume change and improves cycling performance. None of these describe a tube-in-tube geometry specifically; they support the underlying strain-buffering principle by analogy rather than the specific double-walled tube-in-tube architecture, so the claim is only partially supported."
22,1,ses,case_22__rep_01,Candidate B,C3,partially_supported,7,B-R20|B-R21|B-R22|B-R23|B-R24|B-R18|B-R14,Constructing tube walls from interconnected nanocrystals/nanoparticles creates hierarchical mesoporosity that facilitates rapid Li-ion transport via electrolyte penetration and large active surface area.,"B-R20 (NiO nanoflakes), B-R21 (hierarchical Ni-based supercapacitor electrode), B-R24 (porous Ni oxide/hydroxide interconnected nanoflakes) support the general porosity/ion-transport link but in non-tube-in-tube, non-LIB-anode contexts (supercapacitor electrodes). B-R22 (Ni(OH)2/NiO nanobelts) is directly relevant to porous NiO nanobelts. B-R23 (Co3O4 mesoporous nanobelts for H2O2 electrocatalysis) and B-R18/B-R14 (NiCo2O4, HVO nanobelts) support porosity-transport principles in adjacent oxide systems but not proposal-specific NiO tube walls. Overall partial, adjacent-system support."
22,1,ses,case_22__rep_01,Candidate B,C4,supported,4,B-R27|B-R07|B-R25|B-R26,"A thin, continuous carbon coating provides electrical continuity and mechanical buffering while an excessively thick carbon layer can block porous channels and impede Li-ion transport, making coating thickness a critical trade-off parameter.","B-R27 (carbon-coated VO2(B) nanobelts) explicitly demonstrates that carbon coating thickness is tunable and that excessively thick coatings impede Li-ion diffusion while thin coatings (~4.3 nm) optimize performance—directly supporting the stated trade-off, albeit in a VO2 (not NiO) system. B-R07 (graphene@NiO@carbon) directly supports carbon's role in suppressing NiO volume change/aggregation. This claim has the most direct and specific quantitative support among the central claims, though the exact coating-thickness data derive from a different active material."
22,1,ses,case_22__rep_01,Candidate B,C5,unsupported,1,B-R31,Coaxial electrospinning using a sacrificial polymer in the core jet is a promising route to fabricate the hollow inner tube for the tube-in-tube morphology.,"B-R31 describes coaxial electrospinning to produce magnetic-fluorescent coaxial (core-shell) nanobelts using PMMA-based core/shell components, not a sacrificial-core tube-in-tube NiO structure. It supports that coaxial electrospinning can produce core-shell nanobelt architectures in principle, but does not address use of a sacrificial polymer core to generate a hollow tube, nor does it involve metal oxide or Li-ion battery materials. The claim as stated (sacrificial-core route to hollow tube) is not directly supported by this record."
22,2,ds,case_22__rep_02,Candidate B,C1,unverifiable,1,"Scientist B, ID: 13, 72, 416","Porous NiO nanobelts can be synthesized via hydrothermal and calcination methods from hydroxide precursors, generating internal porosity that buffers volume changes while preserving 1D morphology.","No abstract records were supplied for this packet, so the cited identifiers cannot be checked against any evidence text."
22,2,ds,case_22__rep_02,Candidate B,C2,unverifiable,1,"Scientist B, ID: 44","A porous CuO/SWCNT paper analogue supports the design of a free-standing, flexible, binder-free carbon-coated NiO nanobelt/CNT hybrid paper electrode.",No abstract record for ID 44 was provided; the claim about the CuO/SWCNT analogue cannot be verified from supplied materials.
22,2,ds,case_22__rep_02,Candidate B,C3,unverifiable,1,"Scientist A, ID: 263","A conformal amorphous carbon coating (e.g., via glucose carbonization) on NiO nanobelts provides a secondary buffer against pulverization and establishes a conductive surface.","No abstract text is supplied for ID 263, so the specific mechanistic claim about carbon coating function cannot be checked."
22,2,ds,case_22__rep_02,Candidate B,C4,unverifiable,1,"Scientist A, ID: 261","NiO undergoes large volume changes during lithiation, motivating the need for a 1D framework that accommodates this expansion.","This is a widely known background claim about conversion-type oxide anodes, but no abstract for ID 261 is supplied to confirm the specific source content."
22,2,ds,case_22__rep_02,Candidate B,C5,unverifiable,1,"Scientist B, ID: 40, 47","Conductive polymer coatings (e.g., PEDOT) on metal oxide nanobelts provide stability and effective flexible electronic pathways, supporting Scientist B's shell design.","No abstract records for IDs 40 or 47 were provided in this packet, so this claim cannot be checked against evidence."
22,2,mpds,case_22__rep_02,Candidate D,C1,unsupported,3,D-R01|D-R02|D-R03,"NiO will inevitably pulverize and its constituent Ni nanoparticles will agglomerate upon cycling (Scientist A, ID: 261, 62, 132)","D-R01 concerns mesoporous NiO capacity fade linked to electronic conductivity, only loosely touching on structural decomposition, not clearly Ni nanoparticle agglomeration in a NiO nanobelt LIB context. D-R02 and D-R03 are about Ni-YSZ/Ni-GDC solid oxide fuel cell (SOFC) anodes, an entirely different application (high-temperature fuel cell cermets, not lithium-ion battery conversion-reaction anodes). These SOFC sintering studies do not support a claim about NiO conversion-anode Ni nanoparticle agglomeration during lithium cycling; the mechanism, materials system, and operating conditions differ substantially."
22,2,mpds,case_22__rep_02,Candidate D,C2,partially_supported,2,D-R04|D-R05,"Dedicated void spaces (as in hollow/tube-in-tube structures) manage stress from volume change (Scientist A, ID: 290, 316)","D-R04 (Ni-Co oxide hollow microspheres) directly supports that void space accommodates volume change and shortens diffusion paths, relevant analogy. D-R05 (nickel cobalt sulfide hollow spheres) is about sulfides for supercapacitors, not oxides for LIB volume buffering, so only partially analogous; claim is broader than what is directly supported."
22,2,mpds,case_22__rep_02,Candidate D,C3,partially_supported,3,D-R06|D-R07|D-R08,"A carbon coating layer acts as a flexible buffer, conductivity safety net, and barrier to particle sintering (Scientist A, ID: 263, 99, 252)","D-R06 (NiO@carbon nanoflakes) directly supports carbon suppressing volume change and aggregation. D-R07 (carbon/ZnO nanorod arrays) supports carbon-coating benefits but for a different oxide (ZnO), an adjacent system. D-R08 is a phase-field simulation of SOFC Ni-YSZ anode microstructure evolution, unrelated to carbon coatings or LIB NiO nanobelts, and does not support this claim at all."
22,2,mpds,case_22__rep_02,Candidate D,C4,partially_supported,1,D-R09,"A single-crystalline nanostructure is inherently robust and flexible at the nanoscale (Scientist B, ID: 13)","D-R09 describes NiO nanobelts with strong pseudocapacitive performance and cycling retention, which is consistent with robustness but does not explicitly address single-crystallinity or nanoscale flexibility as a mechanistic claim; the abstract does not discuss single-crystalline structure explicitly."
22,2,mpds,case_22__rep_02,Candidate D,C5,partially_supported,3,D-R10|D-R11|D-R13,"Intrinsic mesoporosity is a volume-efficient method for accommodating strain, more so than engineered voids (Scientist B, ID: 72, 81; also cited later as ID: 72, 82)","D-R10 and D-R13 describe mesoporous quasi-single-crystalline Co3O4 nanobelts with good rate capability, supporting mesoporosity benefits, but for Co3O4, not NiO, an adjacent material system. D-R11 (NiCo2O4 porous nanoflakes/nanobelts) similarly supports porosity benefits for volume buffering but again a different composition. None directly test the comparative efficiency claim against engineered voids (tube-in-tube), so the comparative assertion is not directly supported, only the general porosity benefit is."
22,2,sair,case_22__rep_02,Candidate C,C1,partially_supported,2,C-R01|C-R02,"NiO anodes undergo large reversible volume change via conversion reaction (NiO + 2Li+ + 2e- <-> Ni + Li2O), causing mechanical pulverization and capacity fade, and NiO has low intrinsic electronic/ionic conductivity limiting rate capability.","C-R01 is a general review of conversion-reaction oxide anodes (not NiO-specific) that broadly supports the concept of conversion reactions and nanostructuring strategies but does not specifically detail the NiO reaction equation or pulverization mechanism. C-R02 (identical-location TEM of NiO) directly supports capacity fade tied to conductivity/structural decomposition in NiO, which partially substantiates the claim. Together they give partial, not full, direct support."
22,2,sair,case_22__rep_02,Candidate C,C2,partially_supported,2,C-R03|C-R04,"A 1D nanobelt morphology with hollow core and nanoporous walls provides a hierarchical void architecture (internal + inter-belt voids) that buffers volume change at multiple length scales, more effective than 0D nanoparticle agglomerates.","C-R03 concerns Co3O4 mesoporous nanobelts (not NiO) showing porous 1D structures aid rate capability, an analogous but not identical material system. C-R04 discusses Ni-Co oxide hollow microspheres (not nanobelts) providing void space for volume buffering and short diffusion paths. Both are adjacent/analogous systems supporting the general architectural principle but not the specific tube-in-tube NiO nanobelt hierarchical claim; hence partial support."
22,2,sair,case_22__rep_02,Candidate C,C3,supported,1,C-R06,"Nanoporous walls with interconnected nanopores cushion localized NiO nanocrystal expansion and prevent pulverization, as demonstrated in porous NiO array films.","C-R06 (hierarchically ordered porous NiO array film) directly demonstrates that porous NiO architecture reduces polarization and improves cycling versus dense NiO, supporting the claim that porosity mitigates degradation in NiO specifically."
22,2,sair,case_22__rep_02,Candidate C,C4,supported,2,C-R07|C-R08,"Incorporating a conductive amorphous carbon matrix and metallic Ni nanoparticles (formed via in-situ carbothermal reduction of NiO during annealing) enhances electronic conductivity and buffers volume expansion, as shown in hierarchical electrospun Ni/NiO/carbon nanofiber composites.","C-R07 (graphene@NiO@carbon) supports carbon suppressing volume change and improving conductivity. C-R08 (electrospun Ni/NiO/MnOx/Carbon nanofiber composites) directly supports metallic Ni encapsulation via carbothermal-type processing, enhanced conductivity, and carbon accommodating volumetric change, closely matching the composite design claim."
22,2,sair,case_22__rep_02,Candidate C,C5,partially_supported,4,C-R09|C-R10|C-R11|C-R12,"The flattened nanobelt morphology can be achieved by heating the electrospinning collection chamber above ~50°C to promote rapid solvent evaporation and fiber collapse; and annealing above ~300°C is needed for precursor decomposition/carbonization, while excessive temperatures cause sintering of Ni/NiO nanoparticles that destroys nanoporosity.","C-R09 supports the >50°C collapse mechanism, but for HfO2 nanobelts, not NiO — an analogous but different material system. C-R10 (Ni-Co hydroxide/oxide carbon nanofiber) supports temperature-dependent morphology/capacity change but is a different composition. C-R11 and C-R12 concern NiO-SDCC and Ni-zirconia SOFC anode sintering, which are unrelated electrochemical contexts (solid oxide fuel cells, not Li-ion battery anodes) though they do support general Ni-particle sintering behavior at elevated temperature. The core sintering claim is only generically supported by analogy, not by LIB-relevant NiO nanobelt data."
22,2,ses,case_22__rep_02,Candidate A,C1,supported,4,A-R03|A-R04|A-R11|A-R12,"Internal porosity/mesoporous walls in NiO structures cushion volumetric strain during cycling and provide short Li-ion diffusion paths, improving cycling performance versus dense NiO.","A-R03 (hierarchically porous NiO array film) and A-R04 (porous NiCo2O4 nanoflakes/nanobelts) directly support that porosity/void space cushions volume variation and improves diffusion/rate performance. A-R11 and A-R12 support porous/mesoporous NiO nanostructures with improved electrochemical performance, though they are single-tube (not tube-in-tube) architectures, so the extrapolation to a dual-void tube-in-tube geometry is an inference beyond directly demonstrated evidence."
22,2,ses,case_22__rep_02,Candidate A,C2,partially_supported,3,A-R05|A-R13|A-R08,"Incorporating an integrated amorphous carbon matrix (via co-electrospinning with a carbon-source polymer) provides a continuous conductive pathway and mechanical binding that suppresses NiO pulverization and aggregation, improving conductivity and capacity retention.","A-R05 supports that a carbon outer layer suppresses volume change and aggregation of NiO nanoparticles in a NiO@carbon/graphene composite, closely matching the claim. A-R13 is about carbon/ZnO nanorod arrays, a different oxide system, offering only analogous/peripheral support. A-R08 describes electrospun carbon nanofiber/Ni-Co hydroxide-oxide composites showing conductivity benefits from carbon nanofiber networks, which is relevant to the co-electrospinning route but for a different composite chemistry (Ni-Co oxide, not NiO/tube-in-tube). Together these give partial, not fully direct, support for the specific integrated carbon matrix mechanism in a NiO tube-in-tube geometry."
22,2,ses,case_22__rep_02,Candidate A,C3,partially_supported,3,A-R08|A-R15|A-R16,"Co-electrospinning a nickel salt, carbon-source polymer, and sacrificial core polymer, followed by controlled annealing (300-500°C), can be used to fabricate the composite precursor fibers and produce nanocrystalline NiO within a carbonized conductive matrix while forming the tube-in-tube geometry.","A-R08 supports electrospinning-based fabrication of carbon nanofiber/metal oxide composites and the effect of annealing temperature on morphology and performance, but it is for a Ni-Co hydroxide/oxide system, not pure NiO, and does not describe a tube-in-tube or dual-polymer sacrificial-core architecture. A-R15 and A-R16 concern annealing effects on porosity/grain size for NiO-based or related composite electrodes (electrodeposited nickel hydroxide/NiO and NiO-SDCC composite for solid oxide fuel cells, respectively) but are not about electrospinning or tube-in-tube nanobelt fabrication; they only partially and indirectly support the annealing-temperature optimization principle."
22,2,ses,case_22__rep_02,Candidate A,C4,supported,2,A-R14|A-R07,"Wrapping the NiO@C tube-in-tube nanobelt with reduced graphene oxide (rGO) provides a secondary conductive, flexible network that mechanically reinforces the 1D framework and helps alleviate volume swing effects during cycling.","A-R14 directly supports that graphene wrapping of coaxial nanobelt arrays (TiO2@Co3O4) increases electrical conductivity and flexibility and improves electrochemical performance. A-R07 directly supports that rGO wrapping of MoO2 porous nanobelts stabilizes phase transitions and explicitly 'alleviates volume swing effects' during lithiation/delithiation, which is the exact phrase used in the candidate text, strongly supporting the mechanism, though both are for non-NiO oxide systems (TiO2@Co3O4 and MoO2), so direct extrapolation to NiO tube-in-tube is inferential but well grounded by analogy."
22,2,ses,case_22__rep_02,Candidate A,C5,supported,1,A-R09,Hydrothermal synthesis of a Ni(OH)2 precursor followed by annealing can produce porous NiO nanobelts (as an alternative fabrication route considered and rejected in favor of electrospinning).,"A-R09 directly reports hydrothermal synthesis of ultralong single-crystalline Ni(OH)2 nanobelts and subsequent annealing to porous NiO nanobelts, directly supporting this claim about the alternative (Scientist B) fabrication route described and appropriately set aside by the candidate."
22,3,ds,case_22__rep_03,Candidate A,C1,partially_supported,4,A-R01|A-R02|A-R03|A-R04,"Scientist A's initial proposal of growing NiO nanostructures on a continuous carbon nanofiber backbone prevents electrical isolation, evolving into a binder-free Ni@NiO core-shell nanosheet array on Ni foam for an uninterrupted electron pathway.","A-R02 (hierarchical electrospun Ni/NiO/MnOx/carbon nanofiber composites) and A-R03/A-R04 (NiO/Ni@NiO on Ni foam) are broadly consistent with the general architecture described (carbon nanofiber backbone, Ni foam-supported core-shell), but these are supercapacitor studies (A-R03, A-R04) rather than lithium-ion battery anode studies, and A-R01 discusses degradation mechanisms rather than the proposed architecture itself. The link to LIB-specific volume-change/conductivity benefits is not directly established by these abstracts."
22,3,ds,case_22__rep_03,Candidate A,C2,unsupported,2,A-R05|A-R06,"The final Scientist A architecture is a Hollow-Core Nickel/Nickel Oxide Coaxial Nanowire Array fabricated via template-assisted electrodeposition and selective etching, featuring a hollow core for inward expansion and a chemically-bonded monolithic Ni/NiO interface.","A-R05 describes Ni/Cu shell/core nanocable arrays (magnetic properties) with no NiO active material or battery context. A-R06 describes nanoporous Ni formation via selective anodic etching of Cu from Ni-Cu alloys, again with no NiO shell, lithium battery, or coaxial hollow-core nanowire claims. Neither abstract supports the specific hollow-core Ni/NiO nanowire concept described; at best they support the generic electrodeposition/etching fabrication technique in isolation from the actual proposed nanostructure or its electrochemical function."
22,3,ds,case_22__rep_03,Candidate A,C3,partially_supported,6,A-R07|A-R08|A-R13|A-R14|A-R15|A-R16,"Scientist B's design uses a mesoporous NiO nanotube (via topotactic conversion) encapsulating a carbon nanobelt core, fabricated by one-step thermal treatment of a core-shell precursor to simultaneously produce mesoporous NiO, carbonize the polymer core, and create an engineered void space -- offering superior volume buffering, short 3D ion diffusion pathways, and durable electrical continuity.","A-R07, A-R14, A-R15, A-R16 discuss topotactic conversion / mesoporous nanobelt formation, but predominantly for Co3O4, not NiO (only A-R08 and A-R14 involve NiO/Ni-based nanobelts). A-R13 describes carbon nanotubes/nanobelts made independently via electrospinning of a polymer, not as an encapsulated core within a NiO shell via one-step thermal conversion of a core-shell precursor as claimed. No cited abstract demonstrates the specific one-step co-processing of a NiO-shell/polymer-core precursor into the claimed mesoporous NiO tube with an engineered void and carbonized core; this specific integrated architecture is not directly evidenced, only analogous components in isolation (topotactic mesoporous oxide formation, separate carbon nanobelt synthesis)."
22,3,ds,case_22__rep_03,Candidate A,C4,partially_supported,2,A-R11|A-R16,"The mesoporous NiO shell allows electrolyte permeation and creates short, three-dimensional Li-ion diffusion pathways critical for high rate capability, citing CuO nanobelt/CNT and Co3O4 nanobelt studies.","A-R11 concerns porous CuO nanobelts with SWCNTs for pseudocapacitors (not NiO, not LIB rate capability in the described sense), and A-R16 concerns mesoporous Co3O4 nanobelts (not NiO) showing good rate capability in LIBs. These are adjacent/analogous material systems supporting the general principle that mesoporous 1D oxide nanobelts can enable good rate performance, but neither directly supports the specific NiO-based mechanism or magnitude claimed for the proposed architecture."
22,3,ds,case_22__rep_03,Candidate A,C5,partially_supported,1,A-R17,"The conversion reaction of NiO (analogous to other transition metal oxides) involves atomic reconstruction into metal nanograins within a Li2O matrix, imparting repeated stress at a rigid Ni/NiO interface, making delamination a significant risk -- supporting a flexible carbon core as more durable than a rigid Ni/NiO interface.","A-R17 directly documents the conversion-reaction mechanism (Mo nanograins in Li2O matrix, size expansion) via in situ TEM, but for α-MoO3, not NiO. The general conversion-reaction mechanism is a well-established class behavior extendable to NiO, so this is a reasonable analogy, but the abstract does not directly demonstrate NiO-specific stress/delamination behavior at a Ni/NiO interface as claimed."
22,3,mpds,case_22__rep_03,Candidate C,C1,supported,1,C-R01,"NiO/metal-oxide anodes suffer capacity fade linked to structural decomposition and electronic conductivity loss during cycling, motivating the need for the tube-in-tube design.","C-R01 (ID 261) directly studies NiO structural degradation and links electronic conductivity to capacity retention, matching the claim."
22,3,mpds,case_22__rep_03,Candidate C,C2,supported,1,C-R02,"Nickel particles exsolved in situ from a perovskite host are 'socketed' into the parent oxide, giving enhanced stability/coking resistance versus deposited particles.","C-R02 (ID 427) explicitly demonstrates socketed exsolved Ni particles with enhanced stability, matching Scientist A's claim as summarized."
22,3,mpds,case_22__rep_03,Candidate C,C3,partially_supported,2,C-R03|C-R04,"MIEC perovskite hosts (e.g., doped SrTiO3) provide redundant electronic conductivity, a concept proven in SOFC anodes.","C-R03/C-R04 discuss doped SrTiO3 anode conductivity and performance in SOFCs, supporting the general SOFC conductivity concept, but neither directly establishes 'MIEC' behavior or redundancy claim in the specific sense used; support is adjacent/partial."
22,3,mpds,case_22__rep_03,Candidate C,C4,supported,3,C-R08|C-R09|C-R07,Porous NiO/metal-oxide nanobelts provide intrinsic porosity that offers strain relief and improved electrochemical performance as anode materials.,"C-R08 and C-R09 directly show porous nanobelt/nanoflake oxide anodes with strain accommodation and good rate capability; C-R07 shows analogous mesoporous nanobelt behavior, collectively supporting the general claim, though for NiO specifically the direct evidence is Co3O4/NiCo2O4 analogues rather than NiO itself."
22,3,mpds,case_22__rep_03,Candidate C,C5,partially_supported,3,C-R10|C-R12|C-R13,"A flexible rGO/CNT conductive web wrapping oxide nanobelts elastically accommodates volume expansion and provides redundant electron pathways, a strategy shown effective in similar systems.","C-R10, C-R12, C-R13 all show graphene/CNT-oxide nanobelt hybrids with improved conductivity, stress buffering, and cycling stability in CuO, VO2, and MoO3 systems respectively, supporting the general mechanism but not for NiO specifically, so it is an adjacent/analogous rather than direct claim support."
22,3,sair,case_22__rep_03,Candidate B,C1,partially_supported,2,Scientist A [ID: 38]|Scientist A [ID: 261],NiO conversion reaction involves ~70% theoretical volume change causing pulverization and capacity fade,"B-R01 (ID 38) is a general review of conversion-reaction oxide anodes discussing volume change and capacity fade broadly, but does not state a specific ~70% figure for NiO. B-R02 (ID 261) discusses NiO structural decomposition and capacity fade linked to conductivity but does not quantify volume change. Neither source directly confirms the specific 70% numeric claim."
22,3,sair,case_22__rep_03,Candidate B,C2,partially_supported,2,Scientist A [ID: 290]|Scientist B [ID: 81],Hollow core structures provide void space to buffer volume expansion and prevent fracture of 1D nanobelt architecture,"B-R03 (ID 290, pool A) supports hollow structures accommodating volume change, but is about Ni-Co oxide hollow microspheres, not nanobelts. B-R04 (ID 81, pool B) is about porous NiCo2O4 nanoflakes/nanobelts with void space cushioning volume change, relevant but different composition (NiCo2O4, not NiO) and morphology (porous, not hollow-core tube). Both are adjacent/analogous rather than directly on-point for a hollow-core NiO nanobelt claim."
22,3,sair,case_22__rep_03,Candidate B,C3,partially_supported,2,Scientist A [ID: 9]|Scientist A [ID: 179],"Porous/nanocrystalline active wall shortens Li-ion diffusion paths, critical for high-rate performance","B-R05 (ID 9) concerns porous nickel oxide/hydroxide electrodes for capacitive (supercapacitor) behavior in KOH, not lithium-ion diffusion in LIBs, making it only tangentially supportive. B-R06 (ID 179) is directly on-point: porous NiO array film shows enhanced ion/electron transfer and better cycling for LIBs, supporting the general claim but not the specific tube-in-tube nanobelt design mechanism."
22,3,sair,case_22__rep_03,Candidate B,C4,contradicted,5,Scientist A [ID: 263]|Scientist B [ID: 176]|Scientist B [ID: 68]|Scientist A [ID: 62]|Scientist A [ID: 132],"Carbon shell provides mechanical reinforcement, electrical continuity, and suppresses agglomeration of Ni nanoparticles during cycling","B-R08 (ID 263) directly supports carbon-coated NiO composites suppressing volume change/aggregation and improving conductivity, relevant and supportive. However, B-R09 (ID176) and B-R10 (ID68) concern MoO3 and MoO2 nanobelts, not NiO, offering only analogous support. Critically, B-R11 (ID62) and B-R12 (ID132) are about nickel agglomeration/depletion in solid oxide fuel cell (SOFC) Ni-YSZ or Ni-GDC anodes at 850°C operating temperatures, an entirely different electrochemical system (high-temperature fuel cells, not lithium-ion battery conversion anodes). These SOFC citations do not support the LIB carbon-shell agglomeration-suppression claim and represent a mismatched/invalid application of evidence to a materially important mechanistic claim about cycling stability."
22,3,sair,case_22__rep_03,Candidate B,C5,contradicted,2,Scientist A [ID: 52]|Scientist A [ID: 300],"Electrodes built from 1D nanobelts form a more open, less tortuous macropore network than packed zero-dimensional particles, aiding electrolyte infiltration and ion transport","B-R17 (ID52) and B-R18 (ID300) are both about solid oxide fuel cell (SOFC) Ni-cermet anode microstructure and porosity effects on fuel cell electrochemical performance at high temperature, entirely unrelated to lithium-ion battery nanobelt electrode architectures or room-temperature ion transport in LIB electrolytes. These citations do not support the stated claim about 1D nanobelt electrode-level transport in LIBs."
22,3,ses,case_22__rep_03,Candidate D,C1,unsupported,1,D-R10,"A single-crystalline NiO (or analogous metal oxide) backbone provides a superior, direct pathway for electron transport along the nanobelt's length compared to a nanoparticle assembly, addressing NiO's poor conductivity (cited as Scientist B [ID: 6]).","D-R10 is about single-crystalline anatase TiO2 nanobelts and photocatalytic activity, discussing charge mobility for photocatalysis, not NiO electron transport for lithium-ion battery anodes. The material system and application are both different from the claim; the abstract does not address NiO conductivity or Li-ion transport."
22,3,ses,case_22__rep_03,Candidate D,C2,partially_supported,2,D-R14|D-R06,"Mesoporous single-crystalline (or quasi-single-crystalline) NiO nanobelts can be synthesized via a hydrothermal precursor route followed by calcination, and this mesoporosity buffers volumetric expansion during lithiation (cited as Scientist B [ID: 416], [ID: 72]).","D-R14 directly supports the hydrothermal synthesis of single-crystalline alpha-Ni(OH)2 nanobelts converted to porous NiO nanobelts, which is a strong and specific match. D-R06 supports the analogous mesoporous quasi-single-crystalline nanobelt concept and volume buffering rationale, but for Co3O4, not NiO. The claim's synthesis pathway is directly supported for NiO by D-R14, but the volume-buffering rationale relies on an analogous oxide (Co3O4), so overall this is partial support for the NiO-specific claim."
22,3,ses,case_22__rep_03,Candidate D,C3,partially_supported,1,D-R11,A wrinkled graphene or amorphous carbon outer shell provides both electrical continuity and mechanical reinforcement/stress buffering for a metal-oxide nanobelt system (cited as Scientist B [ID: 176]).,"D-R11 supports the wrinkled-graphene concept for MoO3 nanobelts, showing increased conductivity and reduced stress, which is analogous but not for NiO specifically. The mechanism (continuous electron pathways, stress buffering) is supported in a different oxide system, providing partial/adjacent support for the NiO claim rather than direct support."
22,3,ses,case_22__rep_03,Candidate D,C4,supported,3,D-R04|D-R07|D-R08,"Hierarchical porous 1D NiO architectures with internal porosity buffer volume expansion, prevent pulverization, and shorten Li-ion diffusion paths, improving capacity/retention versus dense NiO (cited as Scientist A [ID: 179], [ID: 9], [ID: 101]).","D-R04 directly demonstrates porous NiO array films outperforming dense NiO films in cycling/capacity due to hierarchical porosity enabling faster ion/electron transfer and alleviating structural degradation. D-R08 supports mesoporous NiO nanowires with outstanding LIB performance attributed to the porous 1D structure. D-R07 is about porous NiO/hydroxide electrodes for capacitive (supercapacitor) behavior, not LIB cycling, so it is a partial/adjacent match, but the core claim is well supported by D-R04 and D-R08."
22,3,ses,case_22__rep_03,Candidate D,C5,partially_supported,2,D-R12|D-R13,"Dual-nozzle electrospinning can produce coherent, composite 1D NiO-based nanostructures suitable for this application (cited as Scientist A [ID: 61], [ID: 405]).","D-R12 describes electrospun carbon nanofiber/Ni-Co hydroxide-oxide composites (single-nozzle electrospinning of a hybrid fiber, not explicitly dual-nozzle) for LIB anodes, which is a related but not identical process. D-R13 describes electrospinning of NiO-GDC composite nanofibers for SOFC anodes, not LIB, and does not specify dual-nozzle electrospinning either. Neither reference confirms the specific 'dual-nozzle' technique or its use for the tube-in-tube NiO design; support is only partial and adjacent."
29,1,ds,case_29__rep_01,Candidate E,C1,unverifiable,1,"Scientist A, ID: 41",Continuous potential monitoring of both cathode and anode against a reference electrode allows diagnosis of the locus of failure (attributing degradation to the component whose potential profile degrades).,No abstract record was supplied for ID 41 or any other identifier in this packet; the claim cannot be checked against evidence.
29,1,ds,case_29__rep_01,Candidate E,C2,unverifiable,1,"Scientist B, ID: 39","Anode side reactions inevitably alter bulk electrolyte pH, which directly interferes with proton-dependent MnO2 cathode mechanisms, an effect that simple potential monitoring cannot detect.",No abstract record was supplied for ID 39; this mechanistic claim about pH interference cannot be verified from the provided materials.
29,1,ds,case_29__rep_01,Candidate E,C3,unverifiable,1,"Scientist B, ID: 13, 49","A stabilized zinc anode (e.g., via surface coatings or 3D hosts) can be validated via symmetric cell cycling to show stable, dendrite-free operation for a minimum of 500 hours.","No abstract records were supplied for IDs 13 or 49; the specific quantitative claim (500 hours, dendrite-free) cannot be checked."
29,1,ds,case_29__rep_01,Candidate E,C4,unverifiable,1,"Scientist B, ID: 57",Electrolyte additives that modify the Zn2+ solvation shell can suppress water-related side reactions and stabilize the anode.,No abstract record was supplied for ID 57; this electrolyte-engineering claim cannot be verified against evidence.
29,1,ds,case_29__rep_01,Candidate E,C5,unverifiable,1,"Scientist B, ID: 10, 21",In situ Raman or non-destructive ultrasound techniques can monitor byproduct formation or residual gas evolution in real time during operando cell testing.,No abstract records were supplied for IDs 10 or 21; the operando technique claim cannot be verified against evidence.
29,1,mpds,case_29__rep_01,Candidate B,C1,supported,2,B-R05 (ID:27)|B-R06 (ID:9),"Zinc hydroxide sulfate (ZHS) formation on the α-MnO2 surface, driven by pH shifts from Mn3+ disproportionation, can be mistaken for the cathode's intrinsic (Zn2+ intercalation) behavior.","B-R05 (Zn hydroxide sulfate paper) directly supports the ZHS/pH mechanism and the risk of misattributing precipitation to intrinsic MnO2 intercalation. B-R06 supports ZHS as a coupled reversible reaction affecting cathode capacity, a related but not identical claim about mistaken interpretation."
29,1,mpds,case_29__rep_01,Candidate B,C2,supported,4,B-R01 (ID:407)|B-R02 (ID:62)|B-R03 (ID:6)|B-R04 (ID:8),"An unmanaged/pristine zinc anode is a primary source of artifacts including pH shifts, hydrogen evolution, and dendrite formation that can confound cathode evaluation.","All four cited abstracts (corrosion/gas accumulation, dendrite/HER mitigation via liquid metal, H2 evolution electrochemistry, and a review of Zn anode challenges) directly support the general claim that pristine Zn anodes suffer from HER, corrosion, and dendrite artifacts."
29,1,mpds,case_29__rep_01,Candidate B,C3,supported,2,B-R09 (ID:10)|B-R16 (ID:139),"An ultrathin N-doped graphene oxide (NGO) coating on Zn foil is a documented, accessible standardized stabilized anode (SSA) that suppresses dendrites and HER, suitable as a benchmark platform.","Both B-R09 and B-R16 directly describe NGO coatings on Zn foil suppressing HER/dendrites via in situ DEMS/optical evidence, matching the claim closely."
29,1,mpds,case_29__rep_01,Candidate B,C4,supported,1,B-R17 (ID:123),"Eutectic Zn-alloy anodes (e.g., Zn-Al) are a viable dendrite-free alternative to pristine Zn foil for stabilized long-term testing.","B-R17 directly reports lamella-nanostructured eutectic Zn-Al alloys as dendrite-free, reversible anodes for aqueous batteries, supporting the claim as an alternative stabilized anode."
29,1,mpds,case_29__rep_01,Candidate B,C5,partially_supported,2,B-R18 (ID:86)|B-R19 (ID:214),"A minimum of 1000 cycles at high rate (\u22655C) is required/critical to reveal slow degradation pathways like gradual dissolution or phase change in α-MnO2 cathodes, citing [ID:86, 214].","B-R18 is on vanadium oxide cathodes, not MnO2, so it does not directly support an MnO2-specific degradation claim, though it generally supports the idea that long cycling reveals dissolution/degradation. B-R19 is on MnO2 phase change during cycling and does support the general mechanism (phase collapse) but neither abstract specifically validates the quantitative '1000 cycles at \u22655C' protocol threshold as a discriminating criterion; the numeric specification appears to be the candidate's own methodological addition rather than something drawn from the cited sources."
29,1,sair,case_29__rep_01,Candidate A,C1,supported,1,Scientist A [ID: 68],"Air exposure of test cells can introduce catalytic oxygen reduction reactions (MnO2-catalyzed O2 reduction) that artificially inflate observed capacity, so cell atmosphere should be reported and controlled.","A-R20 (ID:68, pool A) directly reports that electrolytic MnO2 cathodes show inflated initial capacity near theoretical two-electron capacity when cells are exposed to air vs assembled under argon, attributing this to MnO2-catalyzed O2 reduction forming a redox mediator that converts MnO2 to Mn2+. This closely matches the claim."
29,1,sair,case_29__rep_01,Candidate A,C2,partially_supported,1,Scientist A [ID: 36],The theoretical one-electron capacity of MnO2 (MnO2 to MnOOH transition) is 308 mAh/g and should be used as the basis for C-rate calculations.,"A-R18 (ID:36) states MnO2's theoretical capacity is 308 mAh/g and demonstrates cycling to 20-100% of this value in a high-voltage aqueous battery, but the abstract does not explicitly frame 308 mAh/g as the one-electron MnO2/MnOOH transition capacity, so the specific mechanistic attribution in the claim is not directly confirmed by this abstract alone."
29,1,sair,case_29__rep_01,Candidate A,C3,partially_supported,3,Scientist B [ID: 249]|Scientist B [ID: 355]|Scientist A [ID: 8],"Using a low N/P (negative-to-positive) capacity ratio (e.g., ≤3) is more representative of practical cells but can lead to premature anode failure, while high N/P ratios mask anode instabilities; comparing low vs high N/P cells can diagnose whether failure is anode-limited.","A-R19 (ID:249, pool B) discusses an N/P ratio of ~1.39 for a V2O5/Zn system and separator design to reduce parasitic reactions, offering only indirect support for the general N/P framework claim. A-R09 (ID:355, pool B) discusses DOD and current density effects on Zn cycle life and full-cell N/P ratio of 2.4, supporting the general concept that low N/P/high DOD reduces cycle life, but neither paper is specific to MnO2 cathodes or clearly validates the exact diagnostic logic proposed (comparing low vs high N/P to isolate anode-limited failure). The [ID: 8] citation for the high N/P recommendation is ambiguous: pool A (Ni/Fe-doped MnO2 electrochemistry) does not address N/P ratios at all, while pool B (Zn anode review) discusses anode challenges generally but not N/P ratio design specifically. Overall, the claim is only loosely supported by the assembled evidence."
29,1,sair,case_29__rep_01,Candidate A,C4,unverifiable,3,Scientist A [ID: 114]|Scientist B [ID: 39]|Scientist B [ID: 325],"Adding MnSO4 to the ZnSO4 electrolyte (e.g., 2M ZnSO4 + 0.1M MnSO4) suppresses/mitigates manganese dissolution, creating a more idealized baseline for probing intrinsic cathode kinetics, distinct from the pristine electrolyte condition.","The [ID:114] token is ambiguous between pool A (electrodeposited Zn anode study using 1M ZnSO4+0.1M MnSO4 as electrolyte for full cells, not directly testing dissolution suppression mechanism) and pool B (a Zn anode interphase study). Neither pool A nor B record directly establishes or tests the mechanistic claim that MnSO4 additive suppresses cathode dissolution as an experimental design principle; they use such electrolytes incidentally. B-R05b (ID:39, pool B) does use a 2M ZnSO4+0.1M MnSO4 electrolyte and studies local pH changes, offering tangential relevance, but does not directly test or confirm the dissolution-suppression premise. A-R24/B (ID:325) uses 3M ZnSO4+0.3M MnSO4 for Cu-doped MnO2 characterization, not testing the suppression mechanism explicitly. Given the ambiguity of the ID:114 token and lack of a study directly validating the suppression mechanism, this central claim is best classified as unverifiable from the supplied records."
29,1,sair,case_29__rep_01,Candidate A,C5,partially_supported,3,Scientist B [ID: 13]|Scientist B [ID: 49]|Scientist B [ID: 55],A three-electrode cell configuration with a Zn||Zn symmetric-cell anode control can diagnose whether a full-cell failure is anode-limited by comparing symmetric-cell degradation with full-cell degradation.,"A-R27 (ID:13, pool B), A-R28 (ID:49, pool B), and A-R29 (ID:55, pool B) all describe Zn||Zn symmetric cell testing as a standard method to evaluate anode stability (dendrite growth, hydrogen evolution, Coulombic efficiency) and link symmetric-cell lifetime improvements to full-cell performance gains. These abstracts support the general practice of using symmetric cells to assess anode stability, but none explicitly validates the specific diagnostic logic of comparing symmetric-cell failure timing against full-cell failure timing to attribute failure mode, so support is partial rather than direct confirmation of the exact diagnostic framework proposed."
29,1,ses,case_29__rep_01,Candidate C,C1,supported,1,C-R01,"Limiting cycling to a restricted voltage window (e.g., >1.25 V) avoids the irreversible low-voltage conversion reaction and improves reversibility/power/life, providing a mechanism-discerning diagnostic test for a-MnO2 (Scientist A [ID: 286]).","C-R01 (Reaction Mechanisms for Long-Life Rechargeable Zn/MnO2 Batteries) directly supports this: it shows H+/Zn2+ intercalation and conversion reactions occur at different voltages, that irreversible conversion near ~1.26 V drives capacity fade, and that limiting cycling above this voltage yields ultrahigh power and long life. This is a clean, unambiguous match."
29,1,ses,case_29__rep_01,Candidate C,C2,partially_supported,3,C-R05|C-R15|C-R16,"Adding 0.1 M MnSO4 to the ZnSO4 electrolyte is a critical measure to suppress Mn dissolution from the MnO2 cathode, a key degradation mechanism (Scientist A [ID: 114], [ID: 116], [ID: 185]).","C-R15 (lambda-MnO2 size-dependent mechanism) directly supports that adding MnSO4 suppresses Mn dissolution and improves cycling. C-R05 uses 1 M ZnSO4 + 0.1 M MnSO4 electrolyte for full-cell testing but does not itself investigate or claim suppression of Mn dissolution as a mechanism - it's tangential support. C-R16 discusses MnO2 dissolution/leaching issues in composite fibers but does not test or confirm MnSO4 additive suppression of dissolution in the same framing. So the core claim is supported by one of three citations, others are only loosely related (weaker/adjacent propositions), producing partial support overall."
29,1,ses,case_29__rep_01,Candidate C,C3,unverifiable,0,,"A three-electrode cell configuration, isolating the a-MnO2 working electrode from Zn counter-electrode with a stable reference electrode, is essential for isolating the cathode's intrinsic electrochemical response, as proposed by 'Scientist B' (no numeric ID cited).","This central mechanistic claim (three-electrode cell as the key method for isolating cathode behavior) is attributed only to an unnamed 'Scientist B' proposal with no evidence identifier supplied, so no abstract record can be checked. It is a cornerstone of the whole framework but is not independently traceable to any supplied record."
29,1,ses,case_29__rep_01,Candidate C,C4,partially_supported,4,C-R06|C-R07b|C-R08|C-R11,"Formal zinc anode qualification via Zn||Zn symmetric cycling and Zn||Cu Coulombic efficiency testing (minimum 400 cycles) validates anode stability before cathode testing (Scientist B [ID: 6], [ID: 27], [ID: 49], [ID: 34]).","C-R06, C-R08, and C-R11 are all relevant Zn-anode papers discussing H2 evolution, SEI stabilization, and symmetric/half-cell cycling metrics (CE over hundreds of cycles), generally supporting the qualification approach in spirit, though none specifically establishes a '400-cycle' or a formal 'qualification protocol' as a validated standard—these are individual anode-improvement papers, not protocol-validation studies. [ID: 27] is ambiguous: pool A (C-R07a, pH evolution mechanism paper, unrelated to anode CE protocol) versus pool B (C-R07b, β-cyclodextrin Zn anode paper, relevant to dendrite/parasitic reaction suppression). The candidate text cites 'Scientist B [ID: 27]', which should map to pool B, but this remains a case of a shared numeric ID across pools requiring the text to disambiguate—here the attribution to 'Scientist B' does disambiguate to pool B, so pool B record applies, offering plausible topical support but not specifically to the 400-cycle CE claim."
29,1,ses,case_29__rep_01,Candidate C,C5,supported,1,C-R43,In-operando local pH measurement near the cathode can directly observe local pH shifts hypothesized to drive degradation (Scientist B [ID: 39]).,"C-R43 (Revealing the Local pH Value Changes of Acidic Aqueous ZIBs with MnO2 Electrode during Cycling) directly supports this claim: it describes in-operando pH-indicator and pH-microelectrode measurements showing local pH shifts near the MnO2 electrode during cycling, and pH-potential diagrams linked to dissolution and gas evolution, matching the claim closely."
29,2,ds,case_29__rep_02,Candidate D,C1,partially_supported,2,D-R01 (ID:116)|D-R13 (ID:130),"Baseline Mn dissolution rate can be quantified in a three-electrode cell using ICP-OES analysis after a limited number of galvanostatic cycles (citing ID: 116, 130 as support for this baseline-fingerprinting approach).","D-R01 discusses severe water-induced Mn dissolution in lambda-MnO2 and mitigation via MnSO4 additive, and D-R13 presents a Pourbaix diagram rationalizing Mn dissolution/capacity fade mechanisms. Both are relevant background on Mn dissolution but neither specifically validates or establishes the proposed protocol of a limited-cycle ICP-OES baseline fingerprinting method as reliable/standardized; the citations support the general phenomenon (Mn dissolution occurs, is measurable) rather than the specific protocol claim."
29,2,ds,case_29__rep_02,Candidate D,C2,partially_supported,2,D-R05 (ID:39)|D-R06 (ID:27),"Rapid Zn anode failure (dendrites, corrosion, pH changes) creates a cascade of coupled reactions that make it impossible to isolate cathode intrinsic behavior in a bare Zn foil baseline (citing ID: 39, 27).","D-R05 supports the pH-change claim directly (in operando pH microelectrode study showing local pH drop near MnO2 electrode and dissolution at low pH). D-R06 supports Zn dendrite/parasitic reaction issues via a beta-cyclodextrin additive study, but this is about mitigation strategy, not directly evidencing that Zn failure corrupts cathode-only diagnostics. Together they support components of the claim (pH change, dendrite/parasitic reactions exist) but not the specific systemic argument that these fully confound cathode intrinsic behavior."
29,2,ds,case_29__rep_02,Candidate D,C3,partially_supported,2,D-R08 (ID:176)|D-R15 (ID:355),"A 3D carbon cloth host with pre-deposited zinc (Zn@CC) can serve as a standardized stable testbed anode, and such Zn-carbon composite anodes with controlled N/P ratio around 2.4-5 have been demonstrated with meaningful cycle life data (citing ID: 176, 355).","D-R08 is about a conductive carbon additive composite anode (not carbon cloth specifically) with a symmetric cell test showing low polarization; it does not describe Zn@CC on carbon cloth. D-R15 concerns Zn on carbon nanofiber (CNF, not carbon cloth) backbones with N/P ratio 2.4, addressing DOD/current density effects on cycle life, and reports full cell data with V2O5, not MnO2. Both are adjacent (carbon-supported Zn anodes) but not exact matches to the specific Zn@CC platform and its performance thresholds proposed (e.g., >500 h at 1 mA/cm2 with <100 mV polarization is not clearly established in either)."
29,2,ds,case_29__rep_02,Candidate D,C4,supported,2,D-R09 (ID:74)|D-R10 (ID:214),"Post-mortem structural analysis (XRD, XPS, TEM/SEM) of cycled cathodes, as demonstrated in prior aqueous ZIB cathode studies, is an appropriate method to identify structural evolution and phase changes over long-term cycling (citing ID: 74, 214).","D-R09 (K2Zn2V10O28 cathode) explicitly uses ex situ XRD, XPS, TEM, HRTEM to analyze storage mechanism, and D-R10 (polyaniline-intercalated MnO2) explicitly discusses phase changes and structural collapse of MnO2 cathodes during cycling. Both directly support the general claim that such multi-technique structural analysis is an established and relevant method for evaluating cathode degradation, even though D-R09 is a vanadium-oxide cathode rather than MnO2."
29,2,ds,case_29__rep_02,Candidate D,C5,contradicted,1,D-R17 (ID:200),Post-mortem ICP-OES analysis of electrolyte and separator can quantify Mn dissolution over a meaningful cycling lifetime (citing ID: 200).,"The supplied record for ID:200 (D-R17) is about a doped calcium silicate bioceramic for dental/biomedical applications, entirely unrelated to zinc-ion batteries, Mn dissolution, or ICP-OES protocols in electrochemical cells. This is a clear mismatch between the cited identifier and the claim it purports to support; the evidence record does not support the claim at all and appears to be a wrong/irrelevant record for the given ID."
29,2,mpds,case_29__rep_02,Candidate A,C1,supported,1,A-R04,"Cathode-induced pH changes in ZnSO4 electrolyte lead to zinc hydroxide sulfate (ZHS) precipitation on alpha-MnO2, rather than simple Zn2+ intercalation (Scientist A [ID: 27]).","A-R04 (Huang et al., pH evolution paper) directly demonstrates that Zn2+ does not intercalate but ZHS precipitates due to pH rise from Mn3+ disproportionation, matching the claim closely."
29,2,mpds,case_29__rep_02,Candidate A,C2,unsupported,1,A-R05,"Mn dissolution from the cathode poisons/degrades the zinc anode, contributing to capacity loss (Scientist A [ID: 237]).","A-R05 is about Mn dissolution and SEI poisoning of the graphite negative electrode in lithium-ion NCM523 full cells, not a Zn/MnO2 aqueous zinc-ion battery system. It does not support the ZIB-specific claim about Mn poisoning the zinc anode; it is an adjacent but distinct electrochemical system."
29,2,mpds,case_29__rep_02,Candidate A,C3,partially_supported,2,A-R11|A-R10,"A stable anode platform (e.g., coatings, 3D hosts, additives) can achieve >1000 hours of stable Zn plating/stripping in a symmetric cell at practical current densities (≥5 mA cm-2) (Scientist B [ID: 13, 49]).","A-R11 (ZnF2 matrix) shows >800 h at 1 mA cm-2, and A-R10 (sericin additive) shows 4446 h but at 1.0 mA cm-2, not ≥5 mA cm-2. Both support the general concept of stabilized long-cycling symmetric cells but neither demonstrates the specific ≥5 mA cm-2 current density threshold claimed, so the quantitative claim is only partially supported."
29,2,mpds,case_29__rep_02,Candidate A,C4,unsupported,1,A-R13,"A validated stable anode platform paired with alpha-MnO2 cathode can enable evaluation to >2000 cycles, allowing degradation to be attributed to intrinsic cathode processes (Scientist B [ID: 23]).","A-R13 describes an NTP-protected Zn anode paired with Zn/MnO2 batteries achieving 10,000 cycles at 10C, which actually exceeds the 2000-cycle claim, but the ID:23 citation pool is ambiguous (pool B assigned) and the abstract does not specifically address decoupling intrinsic cathode degradation mechanisms from anode effects as claimed; it is a performance report, not a diagnostic framework validation. The link between the cited evidence and the specific analytical claim (attributing degradation to intrinsic cathode processes) is not established in the abstract."
29,2,mpds,case_29__rep_02,Candidate A,C5,supported,1,A-R16,Slow phase transformation of alpha-MnO2 to ZnMn2O4 is a marker of intrinsic long-term cathode degradation (Scientist A [ID: 130]).,"A-R16 presents a Pourbaix diagram and phase-stability analysis for Mn-Zn-H2O system including ZnMn2O4, hetaerolite, and chalcophanite transformations tied to capacity fade in Zn/MnO2 cells, directly supporting the mechanistic claim about phase transformation as a degradation indicator."
29,2,sair,case_29__rep_02,Candidate D,C1,supported,3,D-R14 [ID:114]|D-R15 [ID:116]|D-R16 [ID:325],"Adding Mn2+ (e.g., MnSO4) to the ZnSO4 electrolyte suppresses cathode Mn dissolution and enables more stable cycling of MnO2 cathodes (Performance electrolyte rationale).","D-R15 (ID 116) explicitly shows that adding MnSO4 to the electrolyte suppresses Mn dissolution and improves cycling stability of MnO2 nanoparticles, directly supporting the claim. D-R14 and D-R16 are less directly on point (D-R14 discusses Zn anode films with a ZnSO4+MnSO4 electrolyte but does not directly discuss dissolution suppression; D-R16 is a Cu-doping study using a Zn/Mn sulfate electrolyte without explicit dissolution-suppression discussion), so overall partial redundancy exists but the core claim is substantiated by at least one directly relevant abstract."
29,2,sair,case_29__rep_02,Candidate D,C2,supported,2,D-R03 [ID:27]|D-R20 [ID:39],"pH evolution in the electrolyte during cycling drives formation of secondary zinc hydroxide sulfate (ZHS) products on the MnO2 surface, critically influencing the reaction mechanism.","D-R03 directly demonstrates that pH increase during discharge causes ZHS precipitation on alpha-MnO2, and pH decreases during charge redissolve it, exactly matching the claim. D-R20 supports the related claim about local pH monitoring via indicator dye, reinforcing the mechanism. Both cited abstracts substantively support the central claim."
29,2,sair,case_29__rep_02,Candidate D,C3,supported,1,D-R21 [ID:68],"MnO2 cathodes exposed to air/oxygen can catalyze O2 reduction as a redox mediator, causing anomalously high capacity and masking intrinsic degradation mechanisms, thus necessitating inert-atmosphere cell assembly.","D-R21 directly reports that electrolytic MnO2 cathodes exposed to air show near-theoretical two-electron capacities via an O2-mediated redox mechanism, exceeding capacities seen under argon assembly, which directly supports the claim about air-exposure artifacts and the recommendation for inert-atmosphere assembly."
29,2,sair,case_29__rep_02,Candidate D,C4,unsupported,4,D-R22 [ID:148]|D-R23 [ID:273]|D-R24 [ID:14]|D-R25 [ID:214],"A three-electrode cell configuration with a high-surface-area activated carbon counter electrode (non-performance-limiting) and a stable reference electrode (e.g., Ag/AgCl or Hg/Hg2SO4) is appropriate for isolating intrinsic MnO2 cathode behavior from zinc-anode artifacts.","The cited activated-carbon references (D-R22, D-R23) describe activated-carbon electrodes used as cathodes in zinc-ion hybrid supercapacitors/cement-based supercapacitors, not as inert, non-performance-limiting counter electrodes in a three-electrode diagnostic setup for MnO2 characterization; they do not address counter-electrode sizing rationale. The reference-electrode citations (D-R24, D-R25) describe MnO2 cathode materials and performance, not reference-electrode stability or three-electrode methodology. None of the four supplied abstracts substantively support the specific claim about cell configuration design for artifact isolation."
29,2,sair,case_29__rep_02,Candidate D,C5,partially_supported,4,D-R18 [ID:264]|D-R19 [ID:399]|D-R35 [ID:61]|D-R36 [ID:200],Quantifying Mn dissolution into a Mn2+-free (diagnostic) ZnSO4 electrolyte via ICP-OES on both the electrolyte and counter-electrode after cycling reliably measures intrinsic cathode Mn dissolution.,"D-R18 discusses cathode dissolution phenomena in MnO2 nanofibers and quantifying dissolved Mn content, generally supporting the mechanism of dissolution quantification, though not specifically via ICP-OES in a Mn2+-free ZnSO4 diagnostic electrolyte. D-R19 is a first-principles study of Mn(II) migration in Li-ion spinel surfaces (non-aqueous, different chemistry), only tangentially relevant. D-R35 and D-R36 use ICP-OES but in unrelated contexts (corrosion inhibitor release from LDH nanoparticles; bioceramic ion release), providing only generic methodological analogy rather than direct support for the MnO2/ZIB dissolution-quantification claim. Overall, the citation set offers partial, indirect support."
29,2,ses,case_29__rep_02,Candidate B,C1,supported,3,Scientist A [ID: 27]|Scientist A [ID: 130]|Scientist B [ID: 39],"Local pH shifts near the cathode drive precipitation/dissolution of insulating zinc hydroxide sulfate by-products on alpha-MnO2, and this can be tracked via in operando pH microelectrode measurements near the cathode.","B-R09 (ID:27) directly demonstrates pH-driven precipitation/dissolution of layered zinc hydroxide sulfate on alpha-MnO2 linked to Mn3+ disproportionation. B-R11 (ID:39, pool B) explicitly validates use of an in operando pH microelectrode near a MnO2 electrode to track local pH changes and correlate with dissolution/gas evolution, directly supporting the proposed diagnostic tool. B-R10 (ID:130) supports the broader Pourbaix-based pH-dependent phase behavior. Together these substantiate the mechanistic claim and the proposed measurement approach."
29,2,ses,case_29__rep_02,Candidate B,C2,partially_supported,4,Scientist A [ID: 6]|Scientist A [ID: 9]|Scientist A [ID: 26]|Scientist A [ID: 226],"The alpha-MnO2 charge storage mechanism is ambiguous/condition-dependent, involving competing or synergistic Zn2+ intercalation, H+ intercalation, and dissolution-deposition pathways.","B-R12 (ID:6) supports H+ insertion/extraction with ZHS formation/dissolution as the real mechanism in a MnO2 composite (not alpha-MnO2 specifically). B-R13 (ID:9) supports dissolution/deposition reactions in K/Na-inserted MnO2 (not alpha-MnO2). ID:26 is ambiguous between two pools (A: Ag@MnO2 H+/Zn2+ insertion; B: MnO2/CC without mechanism discussion) and the candidate cites 'Scientist A [ID: 26]', which resolves to pool A (Ag@MnO2), supporting H+/Zn2+ co-insertion. B-R15 (ID:226) supports Zn-ion intercalation into alpha-MnO2 tunnels specifically via synchrotron studies. Collectively these give partial, cross-material support for the general claim about mechanistic ambiguity and multiple competing pathways, but not all citations are specific to alpha-MnO2, and the claim of 'dissolution-deposition' as a competing pathway for alpha-MnO2 specifically is only indirectly supported."
29,2,ses,case_29__rep_02,Candidate B,C3,partially_supported,3,Scientist A [ID: 2]|Scientist A [ID: 99]|Scientist A [ID: 264],Alpha-MnO2 is prone to degradation through Mn2+ dissolution and irreversible structural transformations that complicate long-term performance interpretation.,"B-R16 (ID:2) is a general review confirming Mn dissolution and structural instability as known challenges for MnO2 (not alpha-specific). B-R17 (ID:99) addresses phase transition suppression in delta-MnO2, not alpha-MnO2. B-R18 (ID:264) directly demonstrates Mn2+ dissolution mechanism and mitigation via coating on alpha-MnO2 nanorods, strongly supporting the dissolution claim for the correct polymorph. Overall the dissolution portion is well supported by ID:264, but the 'irreversible structural transformation' portion relies on a delta-MnO2 study (ID:99), which is an adjacent but not directly matching material system."
29,2,ses,case_29__rep_02,Candidate B,C4,partially_supported,2,Scientist B [ID: 249]|Scientist B [ID: 355],"Inconsistent reporting of mass loading, electrolyte volume, and N/P capacity ratio undermines cross-study comparability, and testing should be conducted at a practical N/P ratio (e.g., <5) to avoid masking anode limitations.","B-R20 (ID:249, pool B) discusses a separator study reporting an N/P ratio of ~1.39 as notably low, implicitly supporting the general point that N/P ratio matters and is often not minimized, but does not itself argue for standardized reporting protocols across studies. B-R32 (ID:355) discusses how N/P ratio (2.4) and DOD/current density affect 3D Zn anode cycle life, supporting the general principle that N/P ratio critically affects performance interpretation, consistent with the claim's rationale, but neither source explicitly discusses standardization problems or advocates a specific threshold like '<5' as a protocol recommendation; this appears to be the candidate's own synthesis rather than a documented finding in the cited abstracts."
29,2,ses,case_29__rep_02,Candidate B,C5,partially_supported,3,Scientist B [ID: 10]|Scientist B [ID: 21]|Scientist B [ID: 139],"In situ/operando techniques such as DEMS (or equivalent) can be used to monitor and quantify H2 evolution in real time, definitively attributing gas generation to the anode and assessing water-related side reactions.","B-R29 (ID:10, pool B) explicitly uses in situ differential electrochemical mass spectrometry (DEMS) and in situ Raman to show suppression of hydrogen evolution at a Zn anode interface, directly supporting the DEMS approach for anode HER quantification. B-R45 (ID:139) uses in situ optical microscopy and mass spectrometry (not explicitly DEMS) to show reduced H2 release, partially supporting the claim. B-R44 (ID:21) describes an ultrasonic non-destructive gas-evolution detection system for ZIBs, which is a different (acoustic, not mass-spectrometric) technique and only weakly supports the specific DEMS-based claim, though it does support the general principle of monitoring gas evolution in operando."
29,3,ds,case_29__rep_03,Candidate C,C1,supported,1,"Scientist A [ID: 28, 286]","α-MnO2/MnO2 cathode behavior in ZIBs is electrolyte-dependent, involving co-existing H+/Zn2+ intercalation and conversion reaction mechanisms that vary with electrolyte composition (used to justify Stage 1's electrolyte matrix and 'benchmark' testing).","C-R01 (ID 28) explicitly reports an electrolyte-dependent reaction mechanism in MnO2 with joint intercalation/conversion pathways; C-R02 (ID 286) supports H+/Zn2+ intercalation and conversion reactions occurring at different voltages driving capacity fade. Both directly back the claim, though the memo attributes them narratively to 'Scientist A' rather than as the candidate's own direct citation, complicating clean attribution."
29,3,ds,case_29__rep_03,Candidate C,C2,partially_supported,2,"Scientist B [ID: 39, 267]|Scientist B [ID: 39]",Local pH changes near the MnO2 electrode occur during cycling and can be directly monitored in operando with pH microelectrodes to link chemical changes to electrochemical events.,"C-R03 (ID 39) strongly supports the pH microelectrode operando claim. However, ID 267 (C-R04) is about CMC-induced amorphous MnO2 nanosheets with oxygen vacancies, unrelated to pH changes; it does not support the co-insertion/pH linkage claim it is bundled with, weakening the overall claim's support."
29,3,ds,case_29__rep_03,Candidate C,C3,partially_supported,1,"Scientist B [ID: 22, 57]","A representative electrolyte matrix (baseline ZnSO4, additive-modified, water-in-salt) should be used to probe different solvation/reaction environments, since electrolyte additives and solvation structure changes measurably affect Zn reversibility.","ID 22 (C-R05) supports solvation-structure engineering improving Zn utilization rate, consistent with the electrolyte-matrix rationale. ID 57 is ambiguous: two records exist (C-R07a, pool A, MnO2 vs Mn2O3 comparison; C-R07b, pool B, GBL additive for Zn anode reversibility). The candidate's own bracket cites 'Scientist B [ID: 57]', suggesting pool B (C-R07b) is intended, which does support an electrolyte-additive claim, but the ambiguity itself is a traceability problem given two pools exist for the same numeral."
29,3,ds,case_29__rep_03,Candidate C,C4,partially_supported,2,Scientist A [ID: 9]|Scientist B [ID: 355],Practical pouch-cell validation requires high mass loading (>10 mg/cm^2) and low N/P ratio to reveal realistic failure modes distinguishing intrinsic cathode behavior from artifacts.,"C-R12 (ID 9) demonstrates a high areal capacity/high mass loading (>50 mg/cm^2) MnO2 cathode, supporting the high-mass-loading claim. C-R13 (ID 355) discusses N/P ratio effects and DOD/current density on Zn anode cycle life, supporting the N/P-ratio rationale, but neither paper directly validates the combined pouch-cell 'low N/P + high loading reveals intrinsic vs artifact' framework asserted in the memo; the synthesis is an extrapolation beyond the two cited abstracts."
29,3,ds,case_29__rep_03,Candidate C,C5,partially_supported,1,Scientist B [ID: 214],In-situ XRD/Raman during operando cycling can track cathode phase changes and byproduct formation useful for distinguishing intrinsic degradation pathways.,"C-R10 (ID 214) discusses phase changes (α-, β-, γ- to layered structure) in MnO2 during cycling and a polyaniline-intercalation strategy to mitigate this, which supports the general premise of phase-change tracking as relevant, but the abstract does not itself describe or validate an in-situ XRD/Raman operando protocol; it is an ex-situ/electrochemical performance study, not a methodological demonstration of the proposed operando technique."
29,3,mpds,case_29__rep_03,Candidate E,C1,partially_supported,1,E-R01,Cathode-induced pH shifts alter the anode environment / are a critical diagnostic signal in ZIB systems (Scientist A [ID: 27]),"E-R01 documents pH evolution during α-MnO2 discharge/charge tied to Mn dissolution/precipitation of ZHS, supporting the pH-shift mechanism at the cathode. However, it does not directly demonstrate that this pH shift 'alters the anode environment' as a diagnostic signal for anode-cathode feedback; that specific coupling is an extrapolation beyond the abstract's scope."
29,3,mpds,case_29__rep_03,Candidate E,C2,unsupported,1,E-R02,"Mn dissolution poisons the anode, contributing to capacity loss (Scientist A [ID: 237])","E-R02 concerns transition metal (Mn) dissolution and SEI poisoning in lithium-ion full cells with NCM523 cathodes and graphite anodes, an entirely different chemistry (non-aqueous, Li-ion, no Zn anode). It does not support a claim about Mn poisoning of a Zn anode in aqueous ZIBs; the analogy is not established by this evidence."
29,3,mpds,case_29__rep_03,Candidate E,C3,supported,2,E-R03|E-R04,"The standard zinc anode is unstable, generating dendrites and hydrogen evolution noise that obscures cathode intrinsic behavior (Scientist B [ID: 8, 24])","Both E-R03 and E-R04 are review articles explicitly discussing Zn anode instability, dendrite growth, hydrogen evolution, and self-corrosion as major challenges in aqueous ZIBs, directly supporting this claim."
29,3,mpds,case_29__rep_03,Candidate E,C4,partially_supported,2,E-R05|E-R06,"An ultra-stable anode/electrolyte platform can meet metrics of >99.5% CE and >2000 hours symmetric cell stability (Scientist B [ID: 34, 49])","E-R05 reports 500h symmetric cycling and 99.3% CE; E-R06 reports 4446h symmetric cycling and 99.29% CE. Neither source individually meets both stated thresholds simultaneously (>99.5% CE AND >2000h), and the specific >99.5% CE figure is not matched by either abstract (99.3% and 99.29% are both slightly below 99.5%). The general direction (highly stable Zn anodes achievable) is supported, but the precise quantitative claim overstates the evidence."
29,3,mpds,case_29__rep_03,Candidate E,C5,unverifiable,2,E-R10a|E-R10b,"Practical viability requires pouch cell testing with mass loading >10 mg/cm2, lean electrolyte, and N/P ratio ≤3 (Scientist A/B [ID: 355])","The numeric ID 355 maps to two entirely different records: E-R10a is about lithium recovery via electrochemical capturing (irrelevant), and E-R10b concerns Zn anode cycle life vs. depth of discharge/current density (relevant to Zn anodes but discusses N/P ratio of 2.4, not confirming a ≤3 threshold or pouch cell/lean electrolyte specifics from a cathode mass-loading standpoint). The candidate text does not disambiguate which pool is intended, and neither record clearly supports the composite pouch-cell claim as stated."
29,3,sair,case_29__rep_03,Candidate C,C1,supported,3,Scientist A [ID: 27]|Scientist A [ID: 28]|Scientist A [ID: 66],"The dominant Zn-storage mechanism in MnO2 (H+ intercalation, Zn2+ intercalation, or conversion to ZHS) is highly dependent on electrolyte pH, composition, and cycling parameters.",C-R05 (ID 27) directly demonstrates pH-driven ZHS precipitation/dissolution mechanism; C-R06 (ID 28) shows electrolyte-dependent mixed intercalation/conversion mechanisms in delta-MnO2; C-R07 (ID 66) shows electrolyte composition controls reaction mechanism and cycling performance. All three abstracts are pool A and directly support the claim.
29,3,sair,case_29__rep_03,Candidate C,C2,partially_supported,2,Scientist B [ID: 6]|Scientist B [ID: 441],Anode-side issues such as dendrite growth and hydrogen evolution often cause cell failure that is incorrectly attributed to the cathode.,"C-R08 (ID 6, pool B) supports H2 evolution as a major degradation mechanism for Zn anodes, and C-R09 (ID 441, pool B) supports dendrite growth as a critical anode failure mode. Both abstracts substantiate that these are real anode failure modes, but neither abstract addresses the specific claim that such failures are 'incorrectly attributed to the cathode' in the literature; that inferential leap is not directly supported by the cited sources."
29,3,sair,case_29__rep_03,Candidate C,C3,partially_supported,3,Scientist A [ID: 114]|Scientist A [ID: 116]|Scientist B [ID: 39],"Adding Mn2+ ions (e.g., 0.1 M MnSO4) to the electrolyte suppresses Mn dissolution via Le Chatelier's principle, allowing differentiation of intrinsic material instability from performance in a system engineered to mitigate it.","ID 114 is ambiguous: pool A record (C-R14) discusses electrodeposited Zn anodes with a MnSO4-containing electrolyte in a full-cell context but does not center on dissolution suppression mechanism; pool B is not supplied for ID 114 here (only pool A given), reducing ambiguity, but the abstract itself is only tangentially about the claim. ID 116 (C-R15, pool A) directly supports MnSO4 addition suppressing Mn dissolution and improving cycling stability of lambda-MnO2 nanoparticles, which is strong direct support. ID 39 (C-R16, pool B) supports pH-based mechanistic monitoring near the MnO2 electrode using MnSO4-containing electrolyte, relevant to the pH-dissolution link but not a direct dissolution-suppression demonstration. Overall the claim is partially supported: one citation (116) is a strong match, but 114 and 39 provide weaker or tangential support."
29,3,sair,case_29__rep_03,Candidate C,C4,unsupported,3,Scientist B [ID: 34]|Scientist B [ID: 125]|Scientist B [ID: 270],"A stable average Coulombic efficiency of Zn plating/stripping (with >99.7% cited as a high-performance target) is a key indicator of anode stability, measured via Zn||Cu or Zn||Ti asymmetric cells.","C-R25 (ID 34) reports average CE of 99.3% in Zn/Cu half cells; C-R26 (ID 125) reports average CE of 99.37%; neither reaches the specific >99.7% benchmark cited in the text, and C-R27 (ID 270, a Zn deposition mechanism/pressure study) does not report Coulombic efficiency values relevant to the specific numeric benchmark at all. The cited abstracts support the general use of asymmetric-cell CE measurement as a stability metric, but do not substantiate the specific >99.7% threshold value asserted in the text."
29,3,sair,case_29__rep_03,Candidate C,C5,partially_supported,1,Scientist B [ID: 5],"Electrochemical Quartz Crystal Microbalance (EQCM), via molar-mass-per-electron (MPE) calculations, can help distinguish between H+ intercalation, Zn2+ intercalation, and ZHS deposition based on distinct theoretical MPE values.","C-R46 (ID 5, pool B) demonstrates use of in-situ EQCM coupled with ex situ characterization to elucidate zinc-ion storage mechanisms in a porous carbon zinc-ion capacitor, supporting the general utility of EQCM for mechanistic charge-storage analysis. However, the abstract concerns a capacitor cathode (not MnO2), and does not specifically address distinguishing H+/Zn2+ intercalation from ZHS deposition via MPE values, so it only partially supports the specific mechanistic claim made in the text."
29,3,ses,case_29__rep_03,Candidate A,C1,partially_supported,2,Scientist A [ID: 264]|Scientist B [ID: 61],"α-MnO2 cathodes in aqueous ZIBs suffer from Mn dissolution mechanistically driven by disproportionation of Mn3+ to Mn2+ and Mn4+, which is a major degradation pathway distinguishable via ICP-OES quantification of dissolved Mn.","A-R35 (ID 264, pool A) directly supports the Mn dissolution/disproportionation mechanism and ICP-type analysis of dissolved Mn, consistent with the claim. However, the second cited token [ID: 61] pool B (A-R36) is about corrosion inhibitor release from Zn-Al layered double hydroxide nanoparticles using ICP-OES for phosphate/zinc release in NaCl solution—entirely unrelated to MnO2 cathode dissolution in ZIBs. This citation does not support the claim and appears to be a mismatched or fabricated attribution."
29,3,ses,case_29__rep_03,Candidate A,C2,supported,2,Scientist B [ID: 39]|Scientist A [ID: 27],"Local pH microenvironment near the α-MnO2 cathode surface changes dynamically during cycling and can be monitored in operando using microelectrodes or indicator dyes, providing a more powerful probe of the dissolution microenvironment than bulk pH measurement.","A-R34 (ID 39, pool B) is a strong, direct match: it describes exactly this in-operando local pH monitoring near a MnO2 electrode using pH indicator and microelectrode techniques in 2M ZnSO4/0.1M MnSO4 electrolyte. A-R16 (ID 27, pool A) supports the complementary bulk pH-mechanism claim (pH evolution linked to Zn4(OH)6SO4 precipitation via Mn3+ disproportionation). Both citations are well matched to the claim."
29,3,ses,case_29__rep_03,Candidate A,C3,partially_supported,2,Scientist A [ID: 3]|Scientist A [ID: 147],"An aqueous CMC binder (e.g., 10 wt%) can be used in a standardized 80:10:10 α-MnO2 cathode formulation without introducing organic solvent artifacts, and this is a viable/beneficial baseline formulation choice.","A-R13 (ID 3) directly supports that CMC (aqueous binder) improves electrochemical performance of Zn/MnO2 batteries relative to PVdF, supporting the aqueous-binder rationale. However A-R14 (ID 147) describes a PAA-assisted MnO2/CNT free-standing cathode, not a CMC/aqueous-binder-specific standard formulation of 80:10:10 wt%—it does not support the specific formulation ratio claimed. The composite claim is only partly backed by the cited evidence."
29,3,ses,case_29__rep_03,Candidate A,C4,supported,2,Scientist B [ID: 6]|Scientist B [ID: 10],"H2 evolution and Zn anode side reactions can be quantitatively probed via Differential Electrochemical Mass Spectrometry (DEMS) or Gas Chromatography (GC), providing a direct link between coulombic inefficiency and anode parasitic reactions.","A-R10 (ID 6, pool B) directly demonstrates GC-based quantification of H2 evolution and its correlation with Zn anode side reactions/corrosion. A-R29 (ID 10, pool B) demonstrates in situ DEMS and Raman used to show suppression of hydrogen evolution reactions at a modified Zn interface. Together these directly support the claim about DEMS/GC use to quantify parasitic H2 evolution and link to anode side reactions."
29,3,ses,case_29__rep_03,Candidate A,C5,partially_supported,2,Scientist A [ID: 62]|Scientist B [ID: 24],"Zn anode instability (dendrite formation, side reactions, self-corrosion) is a major, well-documented source of artifacts confounding evaluation of Zn-MnO2 full cells, motivating independent Zn||Zn symmetric cell characterization prior to full-cell testing.","A-R09 (ID 62, pool A) discusses a liquid-metal (Ga) interface engineering strategy for dendrite-free Zn anodes, generally supporting that dendrite/side-reaction issues are real and addressable, though it is focused on a specific mitigation strategy rather than establishing the general framework point. A-R03 (ID 24, pool B) is a broad review of aqueous ZIB strategies mentioning cathode dissolution and dendrite formation as key challenges, which supports the general claim about Zn anode instability as a confound, but neither source specifically discusses or validates the recommended Zn||Zn symmetric cell protocol as a decoupling method to isolate anode artifacts from cathode behavior."
30,1,ds,case_30__rep_01,Candidate B,C1,partially_supported,3,"B-R01 (ID:2, pool A)|B-R02 (ID:51, pool A)|B-R03 (ID:115, pool A)","MOF-derived selenidation strategies can simultaneously create bimetallic selenide nanoparticles, a protective N-doped carbon shell, and void space via pyrolysis and selenidation of a single MOF precursor (Scientist A [ID: 2, 51, 115]).","B-R01 supports MOF-derived carbon-encapsulated selenides for Na-ion anodes generally, consistent with the claim. B-R03 supports MOF-derived porous NiCoSe4@NC for SIBs. B-R02, however, is about a K-ion (potassium) battery anode (NiCo2Se4@NC in carbon nanoboxes), not sodium-ion, and does not describe self-templated conductive network formation via MOF pyrolysis for electrode-scale conductivity; it is only partially relevant. None of the three explicitly demonstrate simultaneous formation of an interconnected CNT/nanosheet conductive network as claimed."
30,1,ds,case_30__rep_01,Candidate B,C2,unsupported,2,"B-R05 (ID:24, pool B)|B-R10 (ID:30, pool B)","Relying on MOF pyrolysis to spontaneously form a conductive network is risky, often producing discrete powders with high contact resistance, a critical failure point for high-rate applications (Scientist B [ID: 24, 30]).","B-R05 concerns branched carbon-encapsulated MnS nanochains for lithium-ion storage; B-R10 concerns Pd-Fe intermetallic nanoparticles encapsulated in N-doped carbon for oxygen reduction reaction catalysis. Neither abstract discusses MOF-pyrolysis-derived powders, contact resistance, or electrode-scale conductivity limitations. The cited evidence does not support this specific mechanistic/feasibility claim."
30,1,ds,case_30__rep_01,Candidate B,C3,unsupported,2,"B-R05 (ID:24, pool B)|B-R11 (ID:492, pool B)","Fabricating a binder-free carbon nanofiber (CNF) mat via electrospinning is a direct method to solve electrode-level transport bottlenecks and eliminates mass/electrochemical inactivity of binders (Scientist B [ID: 24, 492]).","B-R05 is about MnS nanochains for Li-ion storage, not CNF electrospinning. B-R11 discusses NiCo2S4@C in hollow N-doped carbon cubes for Li storage via MOF-template synthesis, not electrospun CNF mats or binder-free electrodes. Neither reference substantiates the specific electrospinning/CNF claim."
30,1,ds,case_30__rep_01,Candidate B,C4,partially_supported,2,"B-R12 (ID:14, pool A)|B-R13 (ID:133, pool A)","Using bimetallic MOFs ensures atomic-level dispersion of metals, crucial for forming homogeneous bimetallic selenide heterostructures with enhanced kinetics (Scientist A [ID: 14, 133]).","B-R12 supports formation of a Zn/Co bimetallic selenide heterostructure from a bimetal organic framework analogue with enhanced transport kinetics, broadly consistent with the claim (though for Li-ion, not Na-ion). B-R13 describes a high-entropy selenide (5-metal) for Na-ion batteries addressing polyselenide shuttling, which is a related but distinct system (not clearly MOF-derived or bimetallic in the sense claimed); it does not directly support 'atomic-level dispersion via bimetallic MOF' claim, only tangentially relevant to selenide anode performance."
30,1,ds,case_30__rep_01,Candidate B,C5,partially_supported,3,"B-R01 (ID:2, pool A)|B-R07 (ID:7, pool B)|B-R17 (ID:80, pool B)","Generating localized void space between selenide core and carbon shell during MOF-to-selenide conversion is essential for buffering volume changes during sodiation (Scientist A [ID: 2], Scientist B [ID: 7, 80]).","B-R01 supports carbon-encapsulated selenide anodes for Na-ion batteries with good cycling, consistent with the general void/carbon-shell strategy though it does not explicitly detail 'void space' formation. B-R07 supports the yolk-shell/void concept via a carbon-encapsulated porous SnO2 (Li-ion) system, analogous but not selenide- or Na-specific. B-R17 concerns Mo-carbide encapsulated in N-doped carbon as a dehydrogenation catalyst, entirely unrelated to battery anodes or void-buffering mechanisms, and does not support this claim."
30,1,mpds,case_30__rep_01,Candidate D,C1,supported,2,D-R01|D-R02,"The engineered void in a yolk-shell architecture acts as a 'shock absorber' essential for accommodating volume changes of selenides, enabling ultra-long cycle stability at high rates (Scientist A [ID: 7, 80]).","D-R01 (FeSe2@C yolk-shell) explicitly describes the yolk-shell void decreasing volume expansion and avoiding pulverization, and D-R02 (ZnCoSe@NDC yolk-shell) reports long cycling stability (2000 cycles) and high-rate performance, directly supporting the mechanistic and performance claim."
30,1,mpds,case_30__rep_01,Candidate D,C2,partially_supported,4,D-R03|D-R04|D-R05|D-R06,"Bimetallic selenide heterointerfaces generate built-in electric fields/heterojunctions that lower the Na+ diffusion barrier and enable extreme rate capabilities (>30 A/g) unmatched by monometallic systems (Scientist A [ID: 6, 23, 68, 83]).","D-R03 (Fe2CoSe4) reports rate performance up to 32 A/g supporting the extreme-rate claim, and D-R04 (ZnSe/CoSe2 heterostructure) supports the mechanistic claim about heterointerfaces lowering the Na+ diffusion barrier via vacancy/heterostructure engineering. D-R05 concerns spin polarization/p-band engineering rather than heterointerface built-in electric fields, and D-R06 discusses interface effects but does not explicitly invoke a 'built-in electric field' concept. The overall claim is a composite of several distinct mechanisms bundled together, only some of which are directly evidenced by each cited record; the '>30 A/g' figure is supported by only one of the four sources (D-R03), so the group as a whole is only partially aligned with the full claim as stated."
30,1,mpds,case_30__rep_01,Candidate D,C3,partially_supported,2,D-R07|D-R08,"MOF-derived synthesis pathways offer unparalleled control for creating complex, integrated hollow/yolk-shell bimetallic selenide-carbon architectures (Scientist A [ID: 2, 34]).","D-R07 supports MOF-derived in situ carbon-encapsulated selenide synthesis producing high-rate anodes, but the specific system reported (peapod Fe7Se8@C, porous NiSe@C) is monometallic, not bimetallic hollow/yolk-shell. D-R08 is a general review of MOF-derived materials for SIB anodes and does not itself demonstrate 'unparalleled control' for the specific bimetallic hollow architecture claimed. The claim of superiority for complex bimetallic yolk-shell control is not directly demonstrated by either citation."
30,1,mpds,case_30__rep_01,Candidate D,C4,partially_supported,1,D-R09,"A flexible, interwoven 1D nanofiber/nanotube network (Scientist B's proposal) can accommodate volume expansion via inter-fiber porosity, offering superior mechanical integrity compared to hollow void designs (Scientist B [ID: 48]).","D-R09 (Sn nanodots in N-doped carbon nanofibers) demonstrates a flexible free-standing nanofiber composite with good electrochemical performance, but it does not directly compare mechanical integrity or volume-accommodation efficacy against hollow/yolk-shell architectures, nor does it involve metal selenides. It supports the general feasibility of the nanofiber approach but not the comparative superiority claim."
30,1,mpds,case_30__rep_01,Candidate D,C5,partially_supported,2,D-R07|D-R10,"Optimizing nanoparticle size and carbon interface (without bimetallic complexity) is sufficient to achieve excellent kinetics, as demonstrated by monometallic systems performing well at high rates (e.g., 8 A/g) (Scientist B [ID: 2, 294]).","D-R10 (Fe1-xS@CNT, a sulfide not selenide) reports high capacity retention at 8000 mA/g (8 A/g), supporting the numeric rate claim but for a different chemistry (sulfide) than the selenides under discussion. D-R07 (MOF-derived monometallic selenides) supports high-rate monometallic performance generally but does not reach the specific 8 A/g figure explicitly cited. The claim is only loosely supported since the specific evidence combines a sulfide analog with a selenide source that doesn't state the exact rate value."
30,1,sair,case_30__rep_01,Candidate B,C1,supported,4,Scientist A [ID: 1]|Scientist A [ID: 12]|Scientist A [ID: 20]|Scientist A [ID: 28],"Metal selenide (MSeₓ) anodes suffer severe volume expansion during sodiation, leading to pulverization, loss of electrical contact, and unstable SEI formation, causing rapid capacity decay.","All four cited pool-A records (B-R01a, B-R02, B-R03, B-R04) are review/feature articles on metal selenide SIB anodes that explicitly describe large volume expansion, structural collapse, and poor cycling/capacity retention as the primary degradation issue, directly supporting this claim."
30,1,sair,case_30__rep_01,Candidate B,C2,supported,4,Scientist A [ID: 7]|Scientist A [ID: 80]|Scientist A [ID: 83]|Scientist B [ID: 249],"Yolk-shell nanostructures with a bimetallic selenide heterostructure yolk encapsulated in a porous N-doped carbon shell, made via MOF-templated synthesis, address strain management, electronic conductivity, and active-material accessibility.","B-R05 (FeSe2 yolk-shell microcapsules), B-R06 (ZnCoSe@N-doped dual carbon yolk-shell), and B-R07 (hollow heterostructured bimetallic selenide@NC) directly describe yolk-shell/hollow bimetallic-selenide-in-carbon architectures improving conductivity, void accommodation, and accessibility, closely matching the claim. B-R08 ([ID:249], SnS2@C yolk-shell) is a sulfide analog rather than bimetallic selenide, offering only partial/analogous support for the general yolk-shell concept rather than the specific bimetallic selenide case."
30,1,sair,case_30__rep_01,Candidate B,C3,partially_supported,3,Scientist A [ID: 23]|Scientist A [ID: 83]|Scientist B [ID: 133],"Bimetallic selenide heterostructures (e.g., ZnSe/CoSe2) create a built-in electric field at the phase interface due to differing work functions, which can accelerate Na+ transport and lower the diffusion energy barrier, improving rate capability.","B-R14 ([ID:23], Se-vacancy/heterointerface ZnSe/CoSe2) and B-R07 ([ID:83]) report heterointerface engineering lowering Na+ diffusion barriers and improving charge-transfer kinetics, consistent with the claim. B-R11 ([ID:133], Ni3Se4/CoSe2@C) explicitly reports DFT evidence that the heterostructure interface induces an electric field improving reaction kinetics, which supports the built-in-field mechanism, though the candidate frames this as an inferred general principle ('it is inferred that... if oriented correctly') rather than a directly established universal mechanism, so overreach beyond the specific systems studied remains."
30,1,sair,case_30__rep_01,Candidate B,C4,supported,3,Scientist A [ID: 14]|Scientist A [ID: 149]|Scientist A [ID: 99],"Constituent metals in a bimetallic selenide heterostructure undergo electrochemical conversion/alloying at different potentials, producing a staggered volume-change process (self-accommodation) that reduces peak mechanical stress and enhances structural stability.","B-R15 ([ID:14]) explicitly states ZnSe and CoSe2 react at different potentials, mutually buffering volume changes. B-R16 ([ID:149]) explicitly demonstrates a 'self-accommodation' effect from stepwise Li reaction potentials in bimetal selenide/carbon composites (though for Li-ion, the mechanism claimed is directly analogous). B-R10 ([ID:99], NiCo2Se4) supports the multi-phase reaction complexity point used to justify uncertainty about intermediate-phase stability, appropriately framed as a caveat."
30,1,sair,case_30__rep_01,Candidate B,C5,partially_supported,6,Scientist A [ID: 61]|Scientist B [ID: 2]|Scientist B [ID: 266]|Scientist A [ID: 27]|Scientist B [ID: 249]|Scientist A [ID: 2],"A MOF-templated route (e.g., ZIF-8@ZIF-67 core-shell) enables in situ formation of bimetallic selenide yolk plus N-doped carbon shell with a void created via the Kirkendall effect/sublimation of a more volatile core metal (e.g., Zn) versus a less volatile shell metal (e.g., Co).","B-R09 ([ID:61]) confirms ZIF-8@ZIF-67-derived ZnSe@CoSe2/NC core-shell synthesis via selenization, supporting most synthesis steps. B-R28 ([ID:27]) supports the Kirkendall-effect selenization mechanism, though for a monometallic NiSe2 system, so it is only a partial analogy for the differential-volatility bimetallic Kirkendall claim. B-R26 ([ID:2], listed in both pools A and B but noted as 'same record') supports general MOF-derived carbon-encapsulated selenide synthesis but not the yolk-shell/void-via-differential-volatility mechanism specifically. B-R27 ([ID:266]) describes an NDC-coated bimetal selenide but not explicitly a yolk-shell void formed by differential metal volatility. B-R08 ([ID:249]) is a sulfide (not selenide) analog for the void-formation-via-metal-evaporation principle. Overall, the individual synthesis steps are each partially evidenced but the specific combined mechanistic claim (differential volatility creating Kirkendall-effect void within a bimetallic MOF-derived carbon shell) is not shown as a unified demonstrated result in any single cited record."
30,1,ses,case_30__rep_01,Candidate D,C1,supported,6,D-R01 (ID:6)|D-R02 (ID:8)|D-R03 (ID:23)|D-R04 (ID:32)|D-R05 (ID:74)|D-R06 (ID:133),"Bimetallic selenide heterostructures offer superior intrinsic conductivity, enhanced Na+ diffusion kinetics via built-in electric fields at heterointerfaces, and synergistic stability improvements compared to single-metal selenides.","Multiple cited abstracts (D-R03 ZnSe/CoSe2 heterointerfaces lowering Na+ diffusion barrier, D-R04 bilateral interfaces enhancing conductivity/Na diffusion/structural stability, D-R06 DFT-confirmed built-in electric field at Ni3Se4/CoSe2 interface improving kinetics, D-R01/D-R02 binary selenides with superior intrinsic conductivity) directly and specifically support this claim as stated."
30,1,ses,case_30__rep_01,Candidate D,C2,supported,6,D-R07 (ID:7)|D-R08 (ID:35)|D-R09 (ID:80)|D-R10a/b (ID:31)|D-R05 (ID:74)|D-R11 (ID:249),"An internal void (yolk-shell architecture) is necessary to accommodate volume expansion during sodiation, preventing pulverization and preserving shell integrity.","D-R07 (yolk-shell FeSe2@C) explicitly states internal void decreases volume expansion and avoids pulverization; D-R08 and D-R09 similarly describe void space accommodating volume change and preserving structural integrity. However, ID:31 is ambiguous between two very different pools (D-R10a: FeSe2/N-C sodium anode; D-R10b: unrelated V2O5 lithium nanofiber paper) and the candidate text does not disambiguate which pool is intended, creating a traceability gap for part of the citation set."
30,1,ses,case_30__rep_01,Candidate D,C3,partially_supported,7,D-R07 (ID:7)|D-R12 (ID:21)|D-R13 (ID:40)|D-R06 (ID:133)|D-R14 (ID:266)|D-R15 (ID:137)|D-R16 (ID:406),"Nitrogen-doped carbon shells provide mechanical confinement, a continuous conductive network, enhanced electronic conductivity, and can create active sites that trap polyselenide intermediates.","D-R07, D-R12, D-R13 support NDC providing conductivity, mechanical confinement, and rate enhancement. D-R15 explicitly supports Fe-N-C bonds capturing polyselenide. However, D-R16 (ID:406) is about Se/NPCP cathodes for Na-Se batteries, a different context (cathode not anode encapsulation of selenide nanoparticles), so its use to support 'trapping polyselenide intermediates' in this anode context is only weakly analogous, not a direct match to the stated mechanism in metal selenide yolk-shell anodes."
30,1,ses,case_30__rep_01,Candidate D,C4,supported,7,D-R17 (ID:2)|D-R18 (ID:34)|D-R19 (ID:77)|D-R20 (ID:55)|D-R21 (ID:160)|D-R27 (ID:61)|D-R22 (ID:213),MOF-derived templating (including bimetallic MOF precursors and core-shell MOF precursors such as ZIF-8@ZIF-67) is an effective and reproducible route to synthesize uniform hollow/yolk-shell carbon-encapsulated metal selenide nanostructures.,"D-R17 (general MOF-derived selenidation strategy for carbon-encapsulated metal selenides), D-R27 (ZIF-8@ZIF-67-derived core-shell ZnSe@CoSe2/NC), and D-R18/D-R19 (MOF-derived SIB anode reviews) directly support the MOF-templating claim. D-R22 (ZIF67@ZIF8 core-shell for OER catalysts, not selenides/SIBs) is only weakly analogous and is used to support the specific 'void creation via core-shell MOF precursor' sub-claim without a battery-relevant selenide system, constituting partial overreach for that specific sub-point."
30,1,ses,case_30__rep_01,Candidate D,C5,partially_supported,3,D-R05 (ID:74)|D-R07 (ID:7)|D-R12 (ID:21),"The N-doped carbon shell can be tuned to be ultrathin yet robust, minimizing mass and transport penalties while still allowing electrolyte infiltration to the yolk surface.","D-R05 describes a thin (~12 nm) carbon shell and good ion/electron transport, and D-R07 discusses void ensuring electrolyte infiltration and mobilization of surface reactions, providing some support. However, none of the cited abstracts directly quantify or generalize a design principle of tuning shell thickness specifically to minimize 'mass and transport penalties' as a stated optimization target; this is an extrapolation beyond what the sources directly claim."
30,2,ds,case_30__rep_02,Candidate A,C1,supported,2,A-R15 (ID:6)|A-R16 (ID:83),"Yolk-shell nanostructures with a pre-engineered internal void prevent pulverization and enable ultra-long cycle lives of over 10,000 cycles and extraordinary rate performance in metal selenide anodes.","A-R16 (Constructing Heterostructured Bimetallic Selenides... H-CoSe2/ZnSe@NC) explicitly reports an ultralong lifespan of 10,000 cycles at 10 A/g using a hollow/pre-reserved cavity structure, and A-R15 reports extraordinary rate performance (816.3 mAh/g at 0.5 A/g, 400.2 at 32 A/g) with a hierarchically porous binary selenide. Both support the general claim of yolk-shell/hollow architectures giving ultra-long cycling and high rate, though A-R15 is porous rather than strict yolk-shell."
30,2,ds,case_30__rep_02,Candidate A,C2,supported,2,A-R6 (ID:23)|A-R27 (ID:3),"Bimetallic heterostructures (e.g., ZnSe/CoSe2, FeSe2/CoSe2) enhance electronic properties, create synergistic redox reactions, lower diffusion barriers, and accelerate charge transfer, benefiting high-rate performance.","A-R6 (Synergistic Engineering of Se Vacancies and Heterointerfaces in Zinc-Cobalt Selenide) directly supports that heterostructure/vacancy engineering lowers Na+ diffusion barrier and accelerates charge transfer. A-R27 supports heterostructure engineering (metal sulfide/selenide) improving rate performance via lower diffusion barriers, consistent with the general mechanistic claim, though it is about sulfide/selenide rather than bimetallic selenide/selenide specifically."
30,2,ds,case_30__rep_02,Candidate A,C3,supported,2,A-R8 (ID:31)|A-R9 (ID:107),"Carbon encapsulation (e.g., N-doped carbon shells) buffers volume-change strain and improves conductivity in metal selenide/sulfide anodes.","A-R8 (FeSe2 coated with N-doped carbon) and A-R9 (Fe7S8 carbon-encapsulated nanocrystals) both directly support that carbon encapsulation buffers volume expansion and improves conductivity/cyclability, matching the claim closely (R9 is a sulfide analog but mechanistically the same encapsulation principle)."
30,2,ds,case_30__rep_02,Candidate A,C4,partially_supported,2,A-R18 (ID:22)|A-R19 (ID:389),"Discrete yolk-shell/particle architectures suffer from poor volumetric efficiency (low tap density, 'dead volume') and rely on inefficient particle-to-particle electron hopping, a limitation Scientist B raises against Scientist A's approach.","A-R18 and A-R19 discuss volumetric capacity/density issues in Si and Sn-based carbon-encapsulated anodes (not metal selenides), showing that carbon encapsulation of particles can reduce packing density and that dense monoliths improve volumetric capacity. This supports the general principle underlying the practical critique of particulate architectures, but neither evidence record specifically addresses metal selenide yolk-shell particles or explicitly discusses 'electron hopping' between particles, so it is only partial/adjacent support."
30,2,ds,case_30__rep_02,Candidate A,C5,partially_supported,2,A-R3 (ID:2)|A-R20 (ID:48),"Integrated 1D frameworks such as bimetallic selenide 'peapods' within carbon nanotubes/nanofibers create continuous electron transport pathways, enable binder-free electrodes, and are synthesized via scalable, cost-effective methods like electrospinning.","A-R3 (MOF-derived selenidation, peapod-like Fe7Se8@C nanorods) supports the peapod-like 1D nanostructure concept and high-rate anode performance, but does not discuss binder-free electrode fabrication or electrospinning. A-R20 (Sn nanodots in porous N-doped carbon nanofibers, free-standing anode via electrospinning) supports the binder-free/electrospinning claim but is for Sn, not metal selenide peapods. Together they partially but not fully support the combined claim about selenide 1D peapods with binder-free electrospun fabrication."
30,2,mpds,case_30__rep_02,Candidate C,C1,supported,1,C-R01,"An ether-based electrolyte forms a thin, stable, flexible SEI on metal selenide anodes, enabling faster Na+ transfer and reduced need for complex carbon superstructures (Scientist A [ID: 5]).","C-R01 directly demonstrates that ether-based electrolytes on FeSe2 form a thin, smooth double-layer SEI enabling fast Na+ transfer and low interface impedance, matching the claim closely."
30,2,mpds,case_30__rep_02,Candidate C,C2,supported,2,C-R02|C-R03,"A minimalist yolk-shell architecture (core selenide with carbon shell and inner void) provides mechanical protection, low mass, and direct ion pathways for Na-ion storage (Scientist A [ID: 7, 35]).","Both cited abstracts describe yolk-shell/core-shell FeSe2@carbon structures with inner void space that reduce volume expansion, improve mechanical strength, and support ion/electron transport, consistent with the claim."
30,2,mpds,case_30__rep_02,Candidate C,C3,supported,1,C-R04,Atomic-level engineering of the selenide's electronic/spin structure improves intrinsic Na-ion diffusion kinetics (Scientist A [ID: 68]).,"C-R04 shows spin-state regulation in (Co,Cu)Se2 lifting the p-band center of Se to accelerate Na+ transfer kinetics, directly supporting the claim about atomic-level kinetic engineering."
30,2,mpds,case_30__rep_02,Candidate C,C4,partially_supported,2,C-R05|C-R06,"Encapsulating core-shell nanoparticles within a secondary hollow carbon superstructure (nanoboxes/nanofibers) provides a defense-in-depth architecture that accommodates volume expansion and stabilizes SEI/electrical network for durable cycling (Scientist B [ID: 134, 266]).","C-R06 (Ni-Co selenide in N-doped carbon nanoboxes) directly supports the hierarchical selenide/carbon-nanobox concept. C-R05 is about FeP (a phosphide, not a selenide) encapsulated in graphene/hollow carbon, which supports the general hollow-carbon encapsulation mechanism but not the selenide-specific claim, so overall only partial support for the selenide-focused proposition."
30,2,mpds,case_30__rep_02,Candidate C,C5,supported,2,C-R08|C-R09,"Bimetallic/heterostructured selenide cores (e.g., sulfide/selenide or selenide/selenide interfaces) provide kinetic benefits via faster ion diffusion channels, a point of consensus between both scientists (Scientist A [ID: 3], Scientist B [ID: 133]).","C-R08 shows heterostructure interfaces (e.g., Na2S/Na2Se) lower Na diffusion barriers and improve rate performance; C-R09 shows a Ni3Se4/CoSe2 heterostructure with carbon encapsulation improving ion/electron transport kinetics via DFT and experiment. Both directly support the heterostructure kinetic-benefit claim."
30,2,sair,case_30__rep_02,Candidate A,C1,supported,6,A-R05 [ID:23]|A-R08 [ID:46]|A-R09 [ID:68]|A-R10 [ID:83]|A-R06 [ID:92]|A-R07 [ID:114],"Bimetallic selenide heterostructures (e.g., FeSe2/CoSe2, ZnSe/CoSe2, NiSe/CoSe2) create a built-in electric field at the interface that promotes charge redistribution, enhances Na+ adsorption, and lowers the Na+ diffusion energy barrier, confirmed by DFT calculations.","Multiple supplied abstracts (A-R05 ZnSe/CoSe2, A-R08 CoSe2/FeSe2, A-R07 CoSe/MoSe2, A-R06 MoSe2-x/ZnSe) explicitly report DFT-confirmed built-in electric fields, lowered Na+/K+ diffusion barriers, and enhanced adsorption at heterostructure interfaces, directly supporting the mechanistic claim, though the specific NiSe/CoSe2 combination is not directly evidenced."
30,2,sair,case_30__rep_02,Candidate A,C2,partially_supported,1,A-R13a [ID:14],"Bimetallic selenide components undergo conversion/alloying reactions at distinct potentials, staggering volume expansion over a wider voltage window and reducing peak mechanical stress on the shell, thereby enhancing structural resilience.","A-R13a describes ZnSe/CoSe2 reacting at different potentials that 'buffer volume changes mutually' for a lithium-ion system, which is analogous but not a sodium-ion demonstration; it partially supports the staggered-potential buffering mechanism but does not fully confirm reduced peak mechanical stress or shell protection in the Na-ion context. Additionally, ID 14 is ambiguous between pool A (bimetallic selenide LIB anode) and pool B (CoNi@N-C ORR catalyst, A-R13b) which is irrelevant; the candidate text context (bimetallic selenide staggered potentials) points to A-R13a, but the dual-pool listing introduces ambiguity."
30,2,sair,case_30__rep_02,Candidate A,C3,supported,8,A-R15a [ID:1]|A-R16 [ID:12]|A-R17a [ID:7]|A-R18 [ID:35]|A-R19 [ID:80]|A-R20 [ID:219]|A-R21 [ID:249]|A-R22 [ID:137],"A void space between the yolk and shell is essential for accommodating large volume changes (>100%) in MSeₓ conversion/alloying reactions, preventing shell fracture and preserving structural integrity, while allowing electrolyte infiltration for high active-material utilization.","Several directly relevant abstracts (A-R17a FeSe2 yolk-shell microcapsules, A-R18 FeSe2@C with inner void, A-R20 FeSe2@carbon peanut-shaped yolk-shell, A-R22 FeSe2@NDC nanoboxes) explicitly confirm that void space accommodates volume expansion and enables electrolyte infiltration, supporting the claim. However, ID 7 and ID 1 are each split across two evidence pools (A-R17a/A-R17b and A-R15a/A-R15b), and the bare tokens are not unambiguously resolved by the text alone, introducing some traceability uncertainty even though the pool-A record is clearly the relevant one contextually."
30,2,sair,case_30__rep_02,Candidate A,C4,supported,2,A-R22 [ID:137]|A-R29 [ID:157],"N-doping of the carbon shell increases surface polarity, enabling chemical trapping of soluble polyselenide intermediates (e.g., Na2Sex) and mitigating their dissolution into the electrolyte, thereby reducing active material loss.",A-R29 (Bi2Se3-x@DNC) explicitly demonstrates N-doped carbon (pyridine/pyrrole N sites) chemisorbing sodium polyselenides and suppressing dissolution/shuttle effects; A-R22 also describes Fe-N-C bonds capturing polyselenide. Both directly support the mechanistic claim.
30,2,sair,case_30__rep_02,Candidate A,C5,supported,5,A-R44 [ID:5]|A-R45 [ID:70]|A-R46 [ID:100]|A-R43 [ID:28]|A-R47 [ID:76],"Ether-based electrolytes (e.g., diglyme) form a thin, uniform, mechanically stable SEI on selenide anodes that facilitates rapid Na+ transport and inhibits polyselenide dissolution, and are recommended over carbonate-based electrolytes despite lower oxidative stability limiting high-voltage cathode pairing.","A-R44 directly confirms ether-based electrolytes form thin, smooth double-layer SEI enabling fast Na+ transfer and structural stability versus ester/carbonate electrolytes; A-R45 and A-R46 corroborate ether-electrolyte benefits for selenide anodes including polyselenide shuttle suppression. A-R43 is a general review supporting electrolyte optimization strategies. The oxidative-stability trade-off is a well-known general property not directly evidenced by a specific abstract here but is a reasonable inference consistent with cited context."
30,2,ses,case_30__rep_02,Candidate C,C1,supported,4,"C-R08a (ID:7, pool A)|C-R10 (ID:219)|C-R11 (ID:74)|C-R12 (ID:249)",A yolk-shell structure with an engineered void between the metal selenide 'yolk' and the carbon 'shell' accommodates volume expansion during sodiation and preserves structural integrity.,"C-R08a, C-R10, C-R11, and C-R12 all describe yolk-shell/hollow carbon-encapsulated selenide (or analogous chalcogenide) architectures where the internal void accommodates volume expansion, directly supporting this claim. Note ID 7 is ambiguous between pool A (FeSe2 yolk-shell, relevant) and pool B (SnO2 yolk-shell, also relevant to the general principle but different chemistry); since Scientist A's citation context (selenide yolk-shell) aligns with pool A record, that resolves reasonably, but the ambiguity itself is a traceability weakness."
30,2,ses,case_30__rep_02,Candidate C,C2,supported,4,C-R13 (ID:6)|C-R14 (ID:8)|C-R15 (ID:23)|C-R06 (ID:133),Bimetallic selenide heterostructures create heterointerfaces/built-in electric fields that enhance electronic conductivity and accelerate ion transport kinetics.,"C-R06 (Ni3Se4/CoSe2 heterostructure) explicitly reports DFT evidence that the heterostructure interface induces an electric field improving reaction kinetics. C-R13, C-R14, and C-R15 support related claims about binary/heterostructured selenides improving conductivity and kinetics via vacancies/heterointerfaces, providing reasonable convergent support."
30,2,ses,case_30__rep_02,Candidate C,C3,supported,3,C-R19 (ID:2)|C-R21 (ID:61)|C-R22 (ID:77),"Bimetallic MOFs (e.g., Prussian blue analogues or ZIFs) serve as effective self-sacrificing templates for generating yolk-shell selenide@carbon architectures in situ.","C-R19 and its erratum C-R22 directly describe a general MOF-derived selenidation strategy for in situ carbon-encapsulated selenides. C-R21 demonstrates a ZIF-8@ZIF-67-derived core-shell bimetallic selenide/NC composite, supporting the MOF-templating claim well."
30,2,ses,case_30__rep_02,Candidate C,C4,partially_supported,5,C-R24 (ID:14)|C-R07 (ID:266)|C-R19 (ID:2)|C-R11 (ID:74)|C-R06 (ID:133),"A two-step process (pyrolysis of MOF to bimetallic alloy@N-doped carbon intermediate, followed by separate gas-phase selenidation) is a viable, controllable route to the target yolk-shell bimetallic selenide@carbon architecture.","C-R24 describes a MOF-derived CoNi alloy@N-doped carbon intermediate but for an oxygen electrocatalysis application, not selenidation, so it only partially supports the pyrolysis-intermediate step by analogy. C-R07 and C-R19 describe one-pot or direct selenization routes rather than a clearly separated two-step alloy-then-selenidation protocol as described by the candidate. C-R11 and C-R06 are solvothermal/hydrothermal-then-selenization routes, not exactly the pyrolysis-then-gas-phase-selenidation sequence claimed. No single record cleanly demonstrates the full two-step alloy-intermediate-to-selenide conversion process as central to the recommendation, leaving an important mechanistic/procedural gap."
30,2,ses,case_30__rep_02,Candidate C,C5,partially_supported,2,C-R09 (ID:80)|C-R25 (ID:137),"Coating MOF precursors with a polymer such as polydopamine (PDA) provides an independent, tunable lever to control final carbon shell thickness, addressing the transport/mass tradeoff.","C-R09 describes a yolk-shell ZnCoSe@N-doped dual carbon architecture but abstract does not explicitly mention PDA coating or shell-thickness tunability. C-R25 explicitly describes PDA-wrapped Prussian blue precursors forming a dual carbon layer (NC-coated FeSe2@NDC), which does support the PDA-coating-for-shell-control concept, but does not explicitly discuss controlling shell thickness as an independent tunable lever versus MOF carbonization. Together these give partial, not full, support for the specific mechanistic claim about independent thickness control."
30,3,ds,case_30__rep_03,Candidate E,C1,partially_supported,3,E-R01|E-R02|E-R03,"Bimetallic selenide heterostructures offer superior intrinsic conductivity/kinetics via built-in electric fields at heterojunctions that lower Na+ diffusion barriers, compared to mono-metallic systems (Scientist A position, [ID:3,8,68]).","E-R01 supports heterostructure interfaces lowering Na diffusion barriers (Na2S/Na2Se interface, 0.39 eV), but this is a discharge-product interface, not directly a metal-metal bimetallic selenide heterojunction built-in field. E-R02 supports binary transition metal selenides having superior intrinsic conductivity/richer redox vs mono-metal chalcogenides, directly relevant. E-R03 discusses a bimetallic (Co,Cu)Se2 spin-polarization mechanism affecting Se p-band and Na+ kinetics, supporting enhanced kinetics but via a different mechanism (electronic spin-state) than 'built-in electric fields.' Overall partial support: general claim of bimetallic conductivity/redox advantage is supported (E-R02), but the specific 'built-in electric field' diffusion-barrier mechanism is only loosely supported."
30,3,ds,case_30__rep_03,Candidate E,C2,supported,3,E-R04|E-R05|E-R06,"Engineered voids (yolk-shell/hollow carbon frameworks) are functionally necessary to accommodate volume changes and enable ultra-long cycle life in metal selenide anodes ([ID:7,27,35]).","All three cited abstracts (yolk-shell FeSe2@C microcapsules, hollow NiSe2 microspheres, FeSe2@C microrods with inner void) directly support that void space/hollow carbon shells accommodate volume expansion and improve cycling stability and rate performance, matching the claim closely."
30,3,ds,case_30__rep_03,Candidate E,C3,partially_supported,2,E-R09|E-R10,"Mono-metallic selenide nanoparticles encapsulated in continuous 1D carbon nanofiber frameworks (freestanding, binder-free) avoid dead volume/low tap density issues and eliminate transport penalties from particle-to-particle junctions, maximizing volumetric capacity ([ID:48,407]).","E-R09 (Sn nanodots in N-doped carbon nanofibers, freestanding, binder-free anode for SIBs) directly supports the freestanding/binder-free concept and good performance, but Sn is not a metal selenide, and it doesn't discuss 'dead volume' or tap density explicitly. E-R10 is about a Se cathode (Na-Se battery), not a metal selenide anode, and addresses volume change mitigation but is a different application/chemistry. Neither evidence directly discusses 'volumetric efficiency' or 'dead volume' concept versus hollow structures as stated in the claim; support is indirect/partial."
30,3,ds,case_30__rep_03,Candidate E,C4,partially_supported,2,E-R07|E-R11,"Mono-metallic selenide systems (e.g., Fe7Se8@C, CoSe2@C) can achieve excellent rate capability and cycle life comparable to bimetallic systems, suggesting host architecture is the dominant performance factor ([ID:2,160]).","E-R07 (MOF-derived Fe7Se8@C, NiSe@C) supports mono-metallic selenides with carbon encapsulation achieving good cycling performance, and E-R11 (CoSe2@N-CF/CNTs) supports high mono-metallic performance too. Both are relevant and supportive of mono-metallic viability, but neither directly claims or demonstrates that architecture (not composition) is the 'dominant' performance factor -- that specific comparative/causal claim is an inference beyond what the abstracts state."
30,3,ds,case_30__rep_03,Candidate E,C5,partially_supported,2,E-R12|E-R13,"The porous carbon nanofiber framework provides distributed void space to manage volume expansion, analogous to Sb-based nanowire/nanorod carbon encapsulation examples ([ID:75,236]).","E-R12 (Sb2S3@N-C nanowires) and E-R13 (Sb nanorods in N,S-doped carbon) both support carbon encapsulation alleviating volume expansion and improving cycling, but both concern antimony-based anodes (Sb2S3, Sb), not metal selenides, and porosity/distributed void space specifically is not clearly detailed in either abstract (E-R13 mentions 'cross-linked carbon networks alleviating volume expansion' generally). The analogy is reasonable but the claim of 'distributed void space' management is not explicitly demonstrated in the cited abstracts."
30,3,mpds,case_30__rep_03,Candidate B,C1,partially_supported,3,B-R01|B-R02|B-R03,"Se vacancies and heterostructure engineering (e.g., ZnSe/CoSe2) create built-in electric fields/lower diffusion barriers that accelerate Na-ion kinetics (Scientist A claim, [ID:3,23,68]).","B-R02 (ZnSe/CoSe2, Se vacancies) directly supports improved kinetics and capacity via vacancies/heterointerfaces. B-R01 supports heterostructure lowering diffusion barrier but for SnS/SnSe2, not ZnSe/CoSe2. B-R03 supports a spin-polarization mechanism in (Co,Cu)Se2, a different mechanism (p-band center) not built-in electric fields. Collectively they support the general strategy but not the specific 'built-in electric field' claim precisely."
30,3,mpds,case_30__rep_03,Candidate B,C2,supported,2,B-R04|B-R05,"Se-C bonding in the carbon host ensures robust charge transfer and structural integrity between core and shell (Scientist A, [ID:52,81]).","Both B-R04 (SnSe2@SeC) and B-R05 (Cu2-xSe@3D-CN) directly demonstrate Se-C bonding enhancing charge transfer and cycling performance, matching the claim closely."
30,3,mpds,case_30__rep_03,Candidate B,C3,unverifiable,2,B-R06a|B-R06b,"Ether-based electrolytes form a more stable, low-impedance SEI that unlocks metal selenide anode performance, whereas carbonate electrolytes are the standard baseline (Scientist A/B, [ID:5]).","ID 5 is ambiguous: pool A record (B-R06a) directly supports the ether-electrolyte SEI claim (FeSe2 study), but pool B record (B-R06b) is an unrelated ORR catalyst paper. The candidate text does not disambiguate which pool is intended, so per rules this citation is not uniquely attributable despite one candidate record being highly supportive."
30,3,mpds,case_30__rep_03,Candidate B,C4,partially_supported,2,B-R08|B-R09,"Simple single-metal or bimetallic selenides (CoSe2, Fe7Se8) are a well-understood, stable starting platform before adding heterostructure complexity (Scientist B, [ID:107,160]).","B-R08 is on Fe7S8 (a sulfide, not selenide) and B-R09 is on CoSe2, both showing carbon-encapsulated simple metal chalcogenides with good performance, supporting the general 'simple core' strategy but B-R08 is a sulfide analogue rather than the selenide claimed (Fe7Se8), a partial mismatch."
30,3,mpds,case_30__rep_03,Candidate B,C5,unsupported,1,B-R14,"A bimetallic Ni-Co selenide core can be synthesized from a single MOF precursor, ensuring scalability and reproducibility (Scientist B, [ID:55]).","B-R14 describes MOF-derived Ni-Co-S (sulfide) nanoparticles for supercapacitors/Li-ion batteries, not Ni-Co selenide for Na-ion storage. It supports the general MOF-derived bimetallic hollow carbon synthesis concept but not the specific Ni-Co selenide claim; the chalcogen and application differ from what is claimed."
30,3,sair,case_30__rep_03,Candidate D,C1,supported,3,D-R06 [ID: 23]|D-R11 [ID: 46]|D-R08 [ID: 114],"Bimetallic selenide heterostructures (e.g., ZnSe/CoSe2, FeSe2/CoSe2) generate built-in electric fields at heterointerfaces that lower Na+ diffusion barriers and accelerate charge transfer kinetics compared to monometallic selenides.","D-R06 explicitly demonstrates Se vacancy/heterostructure engineering lowering Na+ diffusion barrier and accelerating charge transfer in ZnSe/CoSe2. D-R08 similarly shows heterointerface-induced built-in electric field amplifying Na+ diffusion kinetics in CoSe/MoSe2. D-R11 supports the built-in electric field mechanism but for K+ storage (analogous system, adjacent ion), providing supporting but not identical-ion evidence. Overall the core mechanistic claim is well supported by directly relevant abstracts."
30,3,sair,case_30__rep_03,Candidate D,C2,supported,4,D-R14a [ID: 7]|D-R16 [ID: 35]|D-R17 [ID: 80]|D-R18 [ID: 219],"A yolk-shell architecture with an engineered void between the selenide yolk and carbon shell buffers volume expansion during sodiation, preventing pulverization and shell fracture.","D-R14a, D-R16, D-R17, and D-R18 all directly describe yolk-shell selenide@carbon architectures with internal void space that accommodate volume expansion and prevent pulverization/fracture, closely matching the claim's mechanism and rationale."
30,3,sair,case_30__rep_03,Candidate D,C3,partially_supported,3,D-R25 [ID: 61]|D-R17 [ID: 80]|D-R20 [ID: 137],"A MOF-templated synthesis route (e.g., ZIF-8@ZIF-67 bimetallic MOF precursors coated with PDA, then selenized) can produce a Zn-Co-Se@NDC yolk-shell architecture via thermally-induced shrinkage mismatch that creates the void.","D-R25 supports the ZIF-8@ZIF-67 core-shell MOF precursor route to ZnSe@CoSe2/NC composites, but describes a core-shell (not explicitly yolk-shell with void) structure. D-R17 directly supports the yolk-shell ZnCoSe@NDC dual carbon architecture claim including PDA-derived outer shell and void formation via MOF templating, closely matching the claim. D-R20 (FeSe2@NDC nanoboxes from polydopamine-wrapped Prussian blue) supports the general PDA-coating-to-void mechanism but for a different metal system. Combined, the specific ZIF-8@ZIF-67 + PDA + selenization pathway for Zn-Co-Se is supported by D-R17 and D-R25 but the precise thermal-mismatch void-formation mechanism is inferred/extrapolated rather than explicitly stated in the cited abstracts for this exact system."
30,3,sair,case_30__rep_03,Candidate D,C4,supported,3,D-R22 [ID: 27]|D-R23 [ID: 31]|D-R24 [ID: 157],"Nitrogen-doped carbon shells chemically adsorb and immobilize soluble polyselenide intermediates, mitigating the shuttle effect and improving Coulombic efficiency.","D-R22 and D-R23 both describe N-doped carbon coatings that trap polyselenides via M-N-C bonds and improve reversible conversion reactions. D-R24 directly demonstrates N-doped carbon (pyridine/pyrrole N sites) suppressing polyselenide dissolution and shuttle effect via chemisorption, closely matching the claim's mechanism."
30,3,sair,case_30__rep_03,Candidate D,C5,supported,3,D-R33 [ID: 5]|D-R34 [ID: 70]|D-R35 [ID: 100],"Ether-based electrolytes form a thinner, more flexible, and more ionically conductive SEI on selenide surfaces compared to conventional ester-based electrolytes, improving kinetics and cycling efficiency.","D-R33 directly investigates ether vs ester electrolytes on FeSe2 anodes, finding ether-derived thin, smooth double-layer SEI facilitates ion transport and structural stability, directly supporting the claim. D-R34 and D-R35 corroborate ether-based electrolytes' benefits for selenide anode SEI stability and kinetics, though with less direct SEI thickness/flexibility comparison detail."
30,3,ses,case_30__rep_03,Candidate B,C1,partially_supported,2,B-R02 (Scientist B [ID: 65])|B-R03 (Scientist A [ID: 28]),"Metal selenide anodes suffer from significant volume expansion leading to structural degradation, and poor intrinsic conductivity (motivating the encapsulation strategy).","B-R03 (ID 28, pool A) directly supports the claim that metal selenides suffer from poor ionic/electronic conductivity and volume changes. However, the [ID: 65] citation attributed to Scientist B for volume expansion is a liquid-metal (gallium-indium) anode paper, not a metal selenide paper; it supports an analogous but different material system's volume-expansion problem, so it only weakly/partially supports the claim as applied to selenides."
30,3,ses,case_30__rep_03,Candidate B,C2,supported,3,B-R05 (ID: 2)|B-R06 (ID: 36)|B-R07 (ID: 55),"Bimetallic MOFs can serve as reproducible, self-sacrificing templates to generate uniform, hierarchical carbon-encapsulated selenide nanostructures with well-dispersed active material.","B-R05 (ID 2) directly demonstrates a MOF-derived selenidation strategy producing in situ carbon-encapsulated selenides with uniform nanostructures for high-rate SIB anodes. B-R06 (ID 36) reviews MOF-derived materials for sodium storage supporting the general templating rationale. B-R07 (ID 55), though about a sulfide/bimetallic system for supercapacitors/LIBs rather than SIB selenides, supports the general bimetallic MOF-hollow-carbon templating concept."
30,3,ses,case_30__rep_03,Candidate B,C3,supported,3,B-R08 (ID: 83)|B-R09 (ID: 133)|B-R10 (ID: 23),"Bimetallic selenide heterostructures (e.g., Ni-Co, Zn-Co selenides) create built-in electric fields at heterointerfaces that accelerate charge transfer and enhance rate performance in Na-ion batteries.","B-R08 (ID 83) and B-R10 (ID 23) directly support heterostructure-induced accelerated charge transfer kinetics via DFT/spectroscopy in selenide/selenide heterostructures for SIBs. B-R09 (ID 133, pool B) explicitly confirms via DFT that the Ni3Se4/CoSe2 heterostructure induces an electric field improving reaction kinetics, directly supporting the built-in electric field claim."
30,3,ses,case_30__rep_03,Candidate B,C4,partially_supported,4,B-R15 (ID: 7)|B-R16 (ID: 80)|B-R17 (ID: 31)|B-R18 (ID: 249),"An internal void space (yolk-shell architecture) within the carbon shell is essential to accommodate volume expansion of the selenide core during sodiation, preserving structural integrity.","B-R15 (ID 7) and B-R16 (ID 80) directly support yolk-shell selenide architectures buffering volume expansion in alkali-ion/Na-ion batteries, strongly supporting the claim. However, B-R17 (ID 31, pool B) concerns a vanadium-oxide (not selenide) lithium-storage system, and B-R18 (ID 249, pool B) concerns SnS2 (a sulfide, not selenide) for Na/K storage; both support the general void-buffering principle in analogous but non-selenide systems, weakening direct support for the selenide-specific claim as cited under Scientist B's numbering."
30,3,ses,case_30__rep_03,Candidate B,C5,supported,2,B-R05 (ID: 2)|B-R19 (ID: 61),A one-step thermal treatment (heating MOF precursor with selenium powder) can simultaneously achieve carbonization and selenization to form the target carbon-encapsulated selenide architecture.,"B-R05 (ID 2) describes a MOF-derived selenidation strategy producing in situ carbon-encapsulated selenides, consistent with a one-step-type process. B-R19 (ID 61) describes a core-shell bimetallic selenide/N-doped carbon framework from a ZIF-8@ZIF-67 precursor, supporting the feasibility of MOF-to-selenide-carbon conversion, though the abstract does not explicitly confirm a strictly simultaneous one-step co-treatment with Se powder versus a sequential internal process, leaving some procedural ambiguity."
