source_snapshot,source_file,local_id,openalex_id,doi,year,title
snapshot_1,Topic_NCM811_composite_cathode_solid-state_battery_2015-2024_Knowledge.txt,1,https://openalex.org/W3196638913,https://doi.org/10.1002/anie.202110917,2021,Stable Interface Chemistry and Multiple Ion Transport of Composite Electrolyte Contribute to Ultra‐long Cycling Solid‐State LiNi<sub>0.8</sub>Co<sub>0.1</sub>Mn<sub>0.1</sub>O<sub>2</sub>/Lithium Metal Batteries
snapshot_1,Topic_NCM811_composite_cathode_solid-state_battery_2015-2024_Knowledge.txt,2,https://openalex.org/W3200327606,https://doi.org/10.1002/adma.202105329,2021,High Energy Density Solid State Lithium Metal Batteries Enabled by Sub‐5 µm Solid Polymer Electrolytes
snapshot_1,Topic_NCM811_composite_cathode_solid-state_battery_2015-2024_Knowledge.txt,3,https://openalex.org/W4281774464,https://doi.org/10.1021/acsaem.2c00533,2022,All-Solid-State Li Batteries with NCM–Garnet-Based Composite Cathodes: The Impact of NCM Composition on Material Compatibility
snapshot_1,Topic_NCM811_composite_cathode_solid-state_battery_2015-2024_Knowledge.txt,4,https://openalex.org/W3211043528,https://doi.org/10.1002/adma.202107183,2021,A Quasi‐Double‐Layer Solid Electrolyte with Adjustable Interphases Enabling High‐Voltage Solid‐State Batteries
snapshot_1,Topic_NCM811_composite_cathode_solid-state_battery_2015-2024_Knowledge.txt,5,https://openalex.org/W4210739757,https://doi.org/10.1149/1945-7111/ac50df,2022,"Influence of Lithium Ion Kinetics, Particle Morphology and Voids on the Electrochemical Performance of Composite Cathodes for All-Solid-State Batteries"
snapshot_1,Topic_NCM811_composite_cathode_solid-state_battery_2015-2024_Knowledge.txt,6,https://openalex.org/W4390795283,https://doi.org/10.1007/s40820-023-01301-4,2024,Highly Efficient Aligned Ion-Conducting Network and Interface Chemistries for Depolarized All-Solid-State Lithium Metal Batteries
snapshot_1,Topic_NCM811_composite_cathode_solid-state_battery_2015-2024_Knowledge.txt,7,https://openalex.org/W4402520625,https://doi.org/10.1002/adfm.202410350,2024,Tailoring Stable PEO‐Based Electrolyte/Electrodes Interfaces via Molecular Coordination Regulating Enables 4.5 V Solid‐State Lithium Metal Batteries
snapshot_1,Topic_NCM811_composite_cathode_solid-state_battery_2015-2024_Knowledge.txt,8,https://openalex.org/W4395009581,https://doi.org/10.1002/anie.202400091,2024,Neuron‐Like Silicone Nanofilaments@Montmorillonite Nanofillers of PEO‐Based Solid‐State Electrolytes for Lithium Metal Batteries with Wide Operation Temperature
snapshot_1,Topic_NCM811_composite_cathode_solid-state_battery_2015-2024_Knowledge.txt,9,https://openalex.org/W4394783187,https://doi.org/10.1002/aenm.202400725,2024,Constructing Robust LiF‐Enriched Interfaces in High‐Voltage Solid‐State Lithium Batteries Utilizing Tailored Oriented Ceramic Fiber Electrolytes
snapshot_1,Topic_NCM811_composite_cathode_solid-state_battery_2015-2024_Knowledge.txt,10,https://openalex.org/W4323666059,https://doi.org/10.1002/adfm.202214274,2023,Toward the Practical and Scalable Fabrication of Sulfide‐Based All‐Solid‐State Batteries: Exploration of Slurry Process and Performance Enhancement Via the Addition of LiClO<sub>4</sub>
snapshot_1,Topic_NCM811_composite_cathode_solid-state_battery_2015-2024_Knowledge.txt,11,https://openalex.org/W4396962225,https://doi.org/10.1002/aenm.202400985,2024,Liquid‐Phase Preparation of Low‐Tortuosity Composite Cathode for High Active Material Content All‐Solid‐State Lithium Batteries
snapshot_1,Topic_NCM811_composite_cathode_solid-state_battery_2015-2024_Knowledge.txt,12,https://openalex.org/W4321464669,https://doi.org/10.1016/j.jpowsour.2023.232849,2023,Constructing a PVDF-based composite solid-state electrolyte with high ionic conductivity Li6.5La3Zr1.5Ta0.1Nb0.4O12 for lithium metal battery
snapshot_1,Topic_NCM811_composite_cathode_solid-state_battery_2015-2024_Knowledge.txt,13,https://openalex.org/W4401815893,https://doi.org/10.1016/j.nanoen.2024.110160,2024,Construction of flexible asymmetric composite polymer electrolytes for high-voltage lithium metal batteries with superior performance
snapshot_1,Topic_NCM811_composite_cathode_solid-state_battery_2015-2024_Knowledge.txt,14,https://openalex.org/W4405067971,https://doi.org/10.1021/acsaem.4c02380,2024,Metal Organic Framework (MOF-808) Incorporated Composite Polymer Electrolyte for Stable All-Solid-State Lithium Batteries
snapshot_1,Topic_NCM811_composite_cathode_solid-state_battery_2015-2024_Knowledge.txt,15,https://openalex.org/W4310241426,https://doi.org/10.1021/acsami.2c16174,2022,"Composite Electrolytes Prepared by Improving the Interfacial Compatibility of Organic–Inorganic Electrolytes for Dendrite-Free, Long-Life All-Solid Lithium Metal Batteries"
snapshot_1,Topic_NCM811_composite_cathode_solid-state_battery_2015-2024_Knowledge.txt,16,https://openalex.org/W4282971603,https://doi.org/10.1002/celc.202200317,2022,Composite Solid Electrolyte for High Voltage Solid‐State Li‐Metal Battery
snapshot_1,Topic_NCM811_composite_cathode_solid-state_battery_2015-2024_Knowledge.txt,17,https://openalex.org/W4315619656,https://doi.org/10.1021/acsami.2c19157,2023,Negatively Charged Laponite Sheets Enhanced Solid Polymer Electrolytes for Long-Cycling Lithium-Metal Batteries
snapshot_1,Topic_NCM811_composite_cathode_solid-state_battery_2015-2024_Knowledge.txt,18,https://openalex.org/W3203286022,https://doi.org/10.1021/acsaem.1c02097,2021,Patterning and a Composite Protective Layer Provide Modified Li Metal Anodes for Dendrite-Free High-Voltage Solid-State Lithium Batteries
snapshot_1,Topic_NCM811_composite_cathode_solid-state_battery_2015-2024_Knowledge.txt,19,https://openalex.org/W3112167541,https://doi.org/10.1038/s43246-020-00095-x,2020,Future material demand for automotive lithium-based batteries
snapshot_1,Topic_NCM811_composite_cathode_solid-state_battery_2015-2024_Knowledge.txt,20,https://openalex.org/W4401728816,https://doi.org/10.1021/acsami.4c08670,2024,Understanding the Carbon Additive/Sulfide Solid Electrolyte Interface in Nickel-Rich Cathode Composites and Prioritizing the Corresponding Interplay between the Electrical and Ionic Conductive Networks to Enhance All-Solid-State-Battery Rate Capability
snapshot_1,Topic_NCM811_composite_cathode_solid-state_battery_2015-2024_Knowledge.txt,21,https://openalex.org/W4387232013,https://doi.org/10.1016/j.jmat.2023.08.015,2023,LATP-coated LiNi0.8Co0.1Mn0.1O2 cathode with compatible interface with ultrathin PVDF-reinforced PEO-LLZTO electrolyte for stable solid-state lithium batteries
snapshot_1,Topic_NCM811_composite_cathode_solid-state_battery_2015-2024_Knowledge.txt,22,https://openalex.org/W3213328656,https://doi.org/10.1002/aenm.202103005,2021,A Review of Degradation Mechanisms and Recent Achievements for Ni‐Rich Cathode‐Based Li‐Ion Batteries
snapshot_1,Topic_NCM811_composite_cathode_solid-state_battery_2015-2024_Knowledge.txt,23,https://openalex.org/W4292560040,https://doi.org/10.3389/fenrg.2022.967756,2022,Improvement in lithium-ion transport performance of cathodes by PEGDA-based solid-state electrolyte
snapshot_1,Topic_NCM811_composite_cathode_solid-state_battery_2015-2024_Knowledge.txt,24,https://openalex.org/W4212943626,https://doi.org/10.1002/ange.202110917,2021,Stable Interface Chemistry and Multiple Ion Transport of Composite Electrolyte Contribute to Ultra‐long Cycling Solid‐State LiNi<sub>0.8</sub>Co<sub>0.1</sub>Mn<sub>0.1</sub>O<sub>2</sub>/Lithium Metal Batteries
snapshot_1,Topic_NCM811_composite_cathode_solid-state_battery_2015-2024_Knowledge.txt,25,https://openalex.org/W4280525069,https://doi.org/10.1039/d2ra01430k,2022,Effect of a self-assembling La<sub>2</sub>(Ni<sub>0.5</sub>Li<sub>0.5</sub>)O<sub>4</sub> and amorphous garnet<i>-</i>type solid electrolyte composite on a layered cathode material in all-solid-state batteries
snapshot_1,Topic_NCM811_composite_cathode_solid-state_battery_2015-2024_Knowledge.txt,26,https://openalex.org/W2942348480,https://doi.org/10.1002/adma.201900985,2019,"Chemical, Structural, and Electronic Aspects of Formation and Degradation Behavior on Different Length Scales of Ni‐Rich NCM and Li‐Rich HE‐NCM Cathode Materials in Li‐Ion Batteries"
snapshot_1,Topic_NCM811_composite_cathode_solid-state_battery_2015-2024_Knowledge.txt,27,https://openalex.org/W4387498321,https://doi.org/10.3390/batteries9100507,2023,A Layered Hybrid Oxide–Sulfide All-Solid-State Battery with Lithium Metal Anode
snapshot_1,Topic_NCM811_composite_cathode_solid-state_battery_2015-2024_Knowledge.txt,28,https://openalex.org/W4229079925,https://doi.org/10.1038/s41467-022-29199-3,2022,Fluorinated ether electrolyte with controlled solvation structure for high voltage lithium metal batteries
snapshot_1,Topic_NCM811_composite_cathode_solid-state_battery_2015-2024_Knowledge.txt,29,https://openalex.org/W4318049711,https://doi.org/10.1038/s41467-023-35933-2,2023,A non-academic perspective on the future of lithium-based batteries
snapshot_1,Topic_NCM811_composite_cathode_solid-state_battery_2015-2024_Knowledge.txt,30,https://openalex.org/W2981478793,https://doi.org/10.1007/s41918-019-00053-3,2019,Degradation Mechanisms and Mitigation Strategies of Nickel-Rich NMC-Based Lithium-Ion Batteries
snapshot_1,Topic_NCM811_composite_cathode_solid-state_battery_2015-2024_Knowledge.txt,31,https://openalex.org/W4396675040,https://doi.org/10.1149/1945-7111/ad47d7,2024,Quantifying Resistive and Diffusive Kinetic Limitations of Thiophosphate Composite Cathodes in All-Solid-State Batteries
snapshot_1,Topic_NCM811_composite_cathode_solid-state_battery_2015-2024_Knowledge.txt,32,https://openalex.org/W4318475796,https://doi.org/10.1038/s41467-023-35857-x,2023,Tailoring polymer electrolyte ionic conductivity for production of low- temperature operating quasi-all-solid-state lithium metal batteries
snapshot_1,Topic_NCM811_composite_cathode_solid-state_battery_2015-2024_Knowledge.txt,33,https://openalex.org/W3128517243,https://doi.org/10.1038/s41467-021-21106-6,2021,Replacing conventional battery electrolyte additives with dioxolone derivatives for high-energy-density lithium-ion batteries
snapshot_1,Topic_NCM811_composite_cathode_solid-state_battery_2015-2024_Knowledge.txt,34,https://openalex.org/W4220909851,https://doi.org/10.1016/j.egyr.2022.03.016,2022,Overview of batteries and battery management for electric vehicles
snapshot_1,Topic_NCM811_composite_cathode_solid-state_battery_2015-2024_Knowledge.txt,35,https://openalex.org/W4404937967,https://doi.org/10.1002/aenm.202404044,2024,Voltage Noise Failure Induced by Li Dendritic Micro‐Penetration in All‐Solid‐State Li‐Metal Battery with Composite Solid Electrolyte
snapshot_1,Topic_NCM811_composite_cathode_solid-state_battery_2015-2024_Knowledge.txt,36,https://openalex.org/W3089842506,https://doi.org/10.1002/aenm.202002027,2020,"Recent Progress and Perspective of Advanced High‐Energy Co‐Less Ni‐Rich Cathodes for Li‐Ion Batteries: Yesterday, Today, and Tomorrow"
snapshot_1,Topic_NCM811_composite_cathode_solid-state_battery_2015-2024_Knowledge.txt,37,https://openalex.org/W4312156068,https://doi.org/10.1038/s41467-022-35636-0,2022,Dual fluorination of polymer electrolyte and conversion-type cathode for high-capacity all-solid-state lithium metal batteries
snapshot_1,Topic_NCM811_composite_cathode_solid-state_battery_2015-2024_Knowledge.txt,38,https://openalex.org/W4387451585,https://doi.org/10.1038/s41467-023-41808-3,2023,Phase regulation enabling dense polymer-based composite electrolytes for solid-state lithium metal batteries
snapshot_1,Topic_NCM811_composite_cathode_solid-state_battery_2015-2024_Knowledge.txt,39,https://openalex.org/W3044365402,https://doi.org/10.1021/jacs.0c06363,2020,Electrolyte Oxidation Pathways in Lithium-Ion Batteries
snapshot_1,Topic_NCM811_composite_cathode_solid-state_battery_2015-2024_Knowledge.txt,40,https://openalex.org/W4224307721,https://doi.org/10.1038/s41467-022-29596-8,2022,Promoting favorable interfacial properties in lithium-based batteries using chlorine-rich sulfide inorganic solid-state electrolytes
snapshot_1,Topic_NCM811_composite_cathode_solid-state_battery_2015-2024_Knowledge.txt,41,https://openalex.org/W4403053543,https://doi.org/10.1021/acsaem.4c01615,2024,"Synergy of Si, Sn, and SWCNT Enables a Superior Mixed-Conductive Slurry-Coated Anode for All-Solid-State Lithium Batteries"
snapshot_1,Topic_NCM811_composite_cathode_solid-state_battery_2015-2024_Knowledge.txt,42,https://openalex.org/W4288438084,https://doi.org/10.1002/aenm.202201425,2022,Designing Cathodes and Cathode Active Materials for Solid‐State Batteries
snapshot_1,Topic_NCM811_composite_cathode_solid-state_battery_2015-2024_Knowledge.txt,43,https://openalex.org/W3199065526,https://doi.org/10.1038/s41467-021-25848-1,2021,An electron-deficient carbon current collector for anode-free Li-metal batteries
snapshot_1,Topic_NCM811_composite_cathode_solid-state_battery_2015-2024_Knowledge.txt,44,https://openalex.org/W3134565144,https://doi.org/10.1002/sus2.4,2021,A perspective on sustainable energy materials for lithium batteries
snapshot_1,Topic_NCM811_composite_cathode_solid-state_battery_2015-2024_Knowledge.txt,45,https://openalex.org/W4220682425,https://doi.org/10.1002/aesr.202100193,2022,Thin Yet Strong Composite Polymer Electrolyte Reinforced by Nanofibrous Membrane for Flexible Dendrite‐Free Solid‐State Lithium Metal Batteries
snapshot_1,Topic_NCM811_composite_cathode_solid-state_battery_2015-2024_Knowledge.txt,46,https://openalex.org/W4319449261,https://doi.org/10.1002/adfm.202213168,2023,"A Materials Perspective on Direct Recycling of Lithium‐Ion Batteries: Principles, Challenges and Opportunities"
snapshot_1,Topic_NCM811_composite_cathode_solid-state_battery_2015-2024_Knowledge.txt,47,https://openalex.org/W3017137950,https://doi.org/10.1016/j.electacta.2020.136271,2020,Li2CO3 decomposition in Li-ion batteries induced by the electrochemical oxidation of the electrolyte and of electrolyte impurities
snapshot_1,Topic_NCM811_composite_cathode_solid-state_battery_2015-2024_Knowledge.txt,48,https://openalex.org/W3049304483,https://doi.org/10.3390/nano10081606,2020,Sulfide and Oxide Inorganic Solid Electrolytes for All-Solid-State Li Batteries: A Review
snapshot_1,Topic_NCM811_composite_cathode_solid-state_battery_2015-2024_Knowledge.txt,49,https://openalex.org/W4319834844,https://doi.org/10.1002/inf2.12394,2023,Challenges of polymer electrolyte with wide electrochemical window for high energy solid‐state lithium batteries
snapshot_1,Topic_NCM811_composite_cathode_solid-state_battery_2015-2024_Knowledge.txt,50,https://openalex.org/W2955291639,https://doi.org/10.3389/fenrg.2019.00065,2019,Safety Issues in Lithium Ion Batteries: Materials and Cell Design
snapshot_1,Topic_NCM811_composite_cathode_solid-state_battery_2015-2024_Knowledge.txt,51,https://openalex.org/W4220682882,https://doi.org/10.1038/s41467-022-28959-5,2022,A dual-function liquid electrolyte additive for high-energy non-aqueous lithium metal batteries
snapshot_1,Topic_NCM811_composite_cathode_solid-state_battery_2015-2024_Knowledge.txt,52,https://openalex.org/W4315476827,https://doi.org/10.1038/s41467-022-35667-7,2023,A gradient oxy-thiophosphate-coated Ni-rich layered oxide cathode for stable all-solid-state Li-ion batteries
snapshot_1,Topic_NCM811_composite_cathode_solid-state_battery_2015-2024_Knowledge.txt,53,https://openalex.org/W2989937242,https://doi.org/10.3390/ma12233892,2019,Building Better Batteries in the Solid State: A Review
snapshot_1,Topic_NCM811_composite_cathode_solid-state_battery_2015-2024_Knowledge.txt,54,https://openalex.org/W2914585595,https://doi.org/10.3390/coatings9020092,2019,Ultrathin Al2O3 Coating on LiNi0.8Co0.1Mn0.1O2 Cathode Material for Enhanced Cycleability at Extended Voltage Ranges
snapshot_1,Topic_NCM811_composite_cathode_solid-state_battery_2015-2024_Knowledge.txt,55,https://openalex.org/W4224321801,https://doi.org/10.1038/s41467-022-29531-x,2022,High-energy and durable lithium metal batteries using garnet-type solid electrolytes with tailored lithium-metal compatibility
snapshot_1,Topic_NCM811_composite_cathode_solid-state_battery_2015-2024_Knowledge.txt,56,https://openalex.org/W4394920130,https://doi.org/10.1039/d3cs00551h,2024,Gel polymer electrolytes for rechargeable batteries toward wide-temperature applications
snapshot_1,Topic_NCM811_composite_cathode_solid-state_battery_2015-2024_Knowledge.txt,57,https://openalex.org/W2903697882,https://doi.org/10.3389/fchem.2018.00616,2018,Interfaces Between Cathode and Electrolyte in Solid State Lithium Batteries: Challenges and Perspectives
snapshot_1,Topic_NCM811_composite_cathode_solid-state_battery_2015-2024_Knowledge.txt,58,https://openalex.org/W4391639780,https://doi.org/10.1149/ma2023-022222mtgabs,2023,(Invited) Investigating Microstructural Effects of Composite NCM811 Cathodes on ALL-Solid-State Li-Ion Batteries Performance Under Low Operation Stacking Pressure
snapshot_1,Topic_NCM811_composite_cathode_solid-state_battery_2015-2024_Knowledge.txt,59,https://openalex.org/W4377690877,https://doi.org/10.1007/s40820-023-01104-7,2023,Polyimides as Promising Materials for Lithium-Ion Batteries: A Review
snapshot_1,Topic_NCM811_composite_cathode_solid-state_battery_2015-2024_Knowledge.txt,60,https://openalex.org/W4385454505,https://doi.org/10.1038/s41467-023-40394-8,2023,Non-flammable solvent-free liquid polymer electrolyte for lithium metal batteries
snapshot_1,Topic_NCM811_composite_cathode_solid-state_battery_2015-2024_Knowledge.txt,61,https://openalex.org/W4395005198,https://doi.org/10.1002/ange.202400091,2024,Neuron‐Like Silicone Nanofilaments@Montmorillonite Nanofillers of PEO‐Based Solid‐State Electrolytes for Lithium Metal Batteries with Wide Operation Temperature
snapshot_1,Topic_NCM811_composite_cathode_solid-state_battery_2015-2024_Knowledge.txt,62,https://openalex.org/W4387122082,https://doi.org/10.1039/d3im00089c,2023,Design of functional binders for high-specific-energy lithium-ion batteries: from molecular structure to electrode properties
snapshot_1,Topic_NCM811_composite_cathode_solid-state_battery_2015-2024_Knowledge.txt,63,https://openalex.org/W4367319125,https://doi.org/10.1002/adfm.202300892,2023,Incombustible Polymer Electrolyte Boosting Safety of Solid‐State Lithium Batteries: A Review
snapshot_1,Topic_NCM811_composite_cathode_solid-state_battery_2015-2024_Knowledge.txt,64,https://openalex.org/W3040151426,https://doi.org/10.1038/s41598-020-67818-5,2020,Use of carbon coating on LiNi0.8Co0.1Mn0.1O2 cathode material for enhanced performances of lithium-ion batteries
snapshot_1,Topic_NCM811_composite_cathode_solid-state_battery_2015-2024_Knowledge.txt,65,https://openalex.org/W4391264207,https://doi.org/10.1051/e3sconf/202448101007,2024,Utilization of Coal Fly-Ash derived Silicon (Si) as Capacity Enhancer of Li-Ion Batteries Anode Material
snapshot_1,Topic_NCM811_composite_cathode_solid-state_battery_2015-2024_Knowledge.txt,66,https://openalex.org/W4392013241,https://doi.org/10.1007/s40820-024-01354-z,2024,PDOL-Based Solid Electrolyte Toward Practical Application: Opportunities and Challenges
snapshot_1,Topic_NCM811_composite_cathode_solid-state_battery_2015-2024_Knowledge.txt,67,https://openalex.org/W3104798233,https://doi.org/10.1021/acs.chemmater.0c02808,2020,Impact of Residual Lithium on the Adoption of High-Nickel Layered Oxide Cathodes for Lithium-Ion Batteries
snapshot_1,Topic_NCM811_composite_cathode_solid-state_battery_2015-2024_Knowledge.txt,68,https://openalex.org/W2888035576,https://doi.org/10.3389/fenrg.2018.00082,2018,In situ and Operando Raman Spectroscopy of Layered Transition Metal Oxides for Li-ion Battery Cathodes
snapshot_1,Topic_NCM811_composite_cathode_solid-state_battery_2015-2024_Knowledge.txt,69,https://openalex.org/W4388523645,https://doi.org/10.1038/s41467-023-43093-6,2023,Tailoring chemical composition of solid electrolyte interphase by selective dissolution for long-life micron-sized silicon anode
snapshot_1,Topic_NCM811_composite_cathode_solid-state_battery_2015-2024_Knowledge.txt,70,https://openalex.org/W4392347693,https://doi.org/10.1002/anie.202320149,2024,The Versatile Establishment of Charge Storage in Polymer Solid Electrolyte with Enhanced Charge Transfer for LiF‐Rich SEI Generation in Lithium Metal Batteries
snapshot_1,Topic_NCM811_composite_cathode_solid-state_battery_2015-2024_Knowledge.txt,71,https://openalex.org/W3146527266,https://doi.org/10.1021/acsenergylett.1c00332,2021,Fabrication of High-Quality Thin Solid-State Electrolyte Films Assisted by Machine Learning
snapshot_1,Topic_NCM811_composite_cathode_solid-state_battery_2015-2024_Knowledge.txt,72,https://openalex.org/W4322506517,https://doi.org/10.1002/adfm.202214432,2023,Composition and Structure Design of Poly(vinylidene fluoride)‐Based Solid Polymer Electrolytes for Lithium Batteries
snapshot_1,Topic_NCM811_composite_cathode_solid-state_battery_2015-2024_Knowledge.txt,73,https://openalex.org/W4281751049,https://doi.org/10.1002/adma.202202780,2022,Gradient Design for High‐Energy and High‐Power Batteries
snapshot_1,Topic_NCM811_composite_cathode_solid-state_battery_2015-2024_Knowledge.txt,74,https://openalex.org/W4362475299,https://doi.org/10.1007/s40820-023-01055-z,2023,Rational Design of High-Performance PEO/Ceramic Composite Solid Electrolytes for Lithium Metal Batteries
snapshot_1,Topic_NCM811_composite_cathode_solid-state_battery_2015-2024_Knowledge.txt,75,https://openalex.org/W2988985428,https://doi.org/10.3389/fmats.2019.00309,2019,"Surface-Coated LiNi0.8Co0.1Mn0.1O2 (NCM811) Cathode Materials by Al2O3, ZrO2, and Li2O-2B2O3 Thin-Layers for Improving the Performance of Lithium Ion Batteries"
snapshot_1,Topic_NCM811_composite_cathode_solid-state_battery_2015-2024_Knowledge.txt,76,https://openalex.org/W3146022533,https://doi.org/10.1038/s41467-021-22403-w,2021,Graphene collage on Ni-rich layered oxide cathodes for advanced lithium-ion batteries
snapshot_1,Topic_NCM811_composite_cathode_solid-state_battery_2015-2024_Knowledge.txt,77,https://openalex.org/W4385444104,https://doi.org/10.1021/acs.accounts.3c00308,2023,Constructing Pure Si Anodes for Advanced Lithium Batteries
snapshot_1,Topic_NCM811_composite_cathode_solid-state_battery_2015-2024_Knowledge.txt,78,https://openalex.org/W3129992818,https://doi.org/10.3390/met11020291,2021,Challenges in Ecofriendly Battery Recycling and Closed Material Cycles: A Perspective on Future Lithium Battery Generations
snapshot_1,Topic_NCM811_composite_cathode_solid-state_battery_2015-2024_Knowledge.txt,79,https://openalex.org/W3207801106,https://doi.org/10.33961/jecst.2021.00836,2021,Principles and Applications of Galvanostatic Intermittent Titration Technique for Lithium-ion Batteries
snapshot_1,Topic_NCM811_composite_cathode_solid-state_battery_2015-2024_Knowledge.txt,80,https://openalex.org/W4288709752,https://doi.org/10.1038/s41467-022-32031-7,2022,Development of quasi-solid-state anode-free high-energy lithium sulfide-based batteries
snapshot_1,Topic_NCM811_composite_cathode_solid-state_battery_2015-2024_Knowledge.txt,81,https://openalex.org/W4363651897,https://doi.org/10.1007/s41918-023-00179-5,2023,Recent Progress in and Perspectives on Emerging Halide Superionic Conductors for All-Solid-State Batteries
snapshot_1,Topic_NCM811_composite_cathode_solid-state_battery_2015-2024_Knowledge.txt,82,https://openalex.org/W4394014871,https://doi.org/10.1038/s41467-024-47352-y,2024,Overcoming low initial coulombic efficiencies of Si anodes through prelithiation in all-solid-state batteries
snapshot_1,Topic_NCM811_composite_cathode_solid-state_battery_2015-2024_Knowledge.txt,83,https://openalex.org/W4403674805,https://doi.org/10.1038/s41467-024-53094-8,2024,Strong Lewis-acid coordinated PEO electrolyte achieves 4.8 V-class all-solid-state batteries over 580 Wh kg−1
snapshot_1,Topic_NCM811_composite_cathode_solid-state_battery_2015-2024_Knowledge.txt,84,https://openalex.org/W4388824059,https://doi.org/10.1007/s40820-023-01234-y,2023,From Liquid to Solid-State Lithium Metal Batteries: Fundamental Issues and Recent Developments
snapshot_1,Topic_NCM811_composite_cathode_solid-state_battery_2015-2024_Knowledge.txt,85,https://openalex.org/W4385564140,https://doi.org/10.1002/adma.202304686,2023,Hybrid Crosslinked Solid Polymer Electrolyte via In‐Situ Solidification Enables High‐Performance Solid‐State Lithium Metal Batteries
snapshot_1,Topic_NCM811_composite_cathode_solid-state_battery_2015-2024_Knowledge.txt,86,https://openalex.org/W2609603936,https://doi.org/10.3390/inorganics5020032,2017,Study of Cathode Materials for Lithium-Ion Batteries: Recent Progress and New Challenges
snapshot_1,Topic_NCM811_composite_cathode_solid-state_battery_2015-2024_Knowledge.txt,87,https://openalex.org/W4212990368,https://doi.org/10.1039/d1ta09846b,2022,Investigating dry room compatibility of sulfide solid-state electrolytes for scalable manufacturing
snapshot_1,Topic_NCM811_composite_cathode_solid-state_battery_2015-2024_Knowledge.txt,88,https://openalex.org/W4387433648,https://doi.org/10.1002/bte2.20230030,2023,"Lithium‐based batteries, history, current status, challenges, and future perspectives"
snapshot_1,Topic_NCM811_composite_cathode_solid-state_battery_2015-2024_Knowledge.txt,89,https://openalex.org/W4285144809,https://doi.org/10.1039/d2ya00043a,2022,Progress in electrode and electrolyte materials: path to all-solid-state Li-ion batteries
snapshot_1,Topic_NCM811_composite_cathode_solid-state_battery_2015-2024_Knowledge.txt,90,https://openalex.org/W4362636821,https://doi.org/10.1126/sciadv.adf1550,2023,Surface engineering toward stable lithium metal anodes
snapshot_1,Topic_NCM811_composite_cathode_solid-state_battery_2015-2024_Knowledge.txt,91,https://openalex.org/W4315703202,https://doi.org/10.1039/d2im00051b,2023,Ionic liquid/poly(ionic liquid)-based electrolytes for lithium batteries
snapshot_1,Topic_NCM811_composite_cathode_solid-state_battery_2015-2024_Knowledge.txt,92,https://openalex.org/W4389683572,https://doi.org/10.1002/inf2.12512,2023,Safer <scp>solid‐state</scp> lithium metal batteries: Mechanisms and strategies
snapshot_1,Topic_NCM811_composite_cathode_solid-state_battery_2015-2024_Knowledge.txt,93,https://openalex.org/W3206923212,https://doi.org/10.1038/s41467-021-26143-9,2021,On the crystallography and reversibility of lithium electrodeposits at ultrahigh capacity
snapshot_1,Topic_NCM811_composite_cathode_solid-state_battery_2015-2024_Knowledge.txt,94,https://openalex.org/W3037779758,https://doi.org/10.3390/batteries6030035,2020,"A Review on Temperature-Dependent Electrochemical Properties, Aging, and Performance of Lithium-Ion Cells"
snapshot_1,Topic_NCM811_composite_cathode_solid-state_battery_2015-2024_Knowledge.txt,95,https://openalex.org/W4361007275,https://doi.org/10.1002/anie.202300243,2023,High Dielectric Poly(vinylidene fluoride)‐Based Polymer Enables Uniform Lithium‐Ion Transport in Solid‐State Ionogel Electrolytes
snapshot_1,Topic_NCM811_composite_cathode_solid-state_battery_2015-2024_Knowledge.txt,96,https://openalex.org/W4384039564,https://doi.org/10.1007/s41918-023-00192-8,2023,Emerging Atomic Layer Deposition for the Development of High-Performance Lithium-Ion Batteries
snapshot_1,Topic_NCM811_composite_cathode_solid-state_battery_2015-2024_Knowledge.txt,97,https://openalex.org/W4318827082,https://doi.org/10.1126/sciadv.ade5802,2023,A smart risk-responding polymer membrane for safer batteries
snapshot_1,Topic_NCM811_composite_cathode_solid-state_battery_2015-2024_Knowledge.txt,98,https://openalex.org/W4280578319,https://doi.org/10.1007/s40145-022-0582-6,2022,Self-ball milling strategy to construct high-entropy oxide coated LiNi0.8Co0.1Mn0.1O2 with enhanced electrochemical performance
snapshot_1,Topic_NCM811_composite_cathode_solid-state_battery_2015-2024_Knowledge.txt,99,https://openalex.org/W4391092031,https://doi.org/10.1073/pnas.2316212121,2024,Electrolyte design combining fluoro- with cyano-substitution solvents for anode-free Li metal batteries
snapshot_1,Topic_NCM811_composite_cathode_solid-state_battery_2015-2024_Knowledge.txt,100,https://openalex.org/W4388002335,https://doi.org/10.1002/adfm.202311301,2023,Optimizing Current Collector Interfaces for Efficient “Anode‐Free” Lithium Metal Batteries
snapshot_1,Topic_NCM811_composite_cathode_solid-state_battery_2015-2024_Knowledge.txt,101,https://openalex.org/W4283220626,https://doi.org/10.26599/nre.2022.9120016,2022,Tailoring the LiNbO<sub>3</sub>coating of Ni-rich cathode materials for stable and high-performance all-solid-state batteries
snapshot_1,Topic_NCM811_composite_cathode_solid-state_battery_2015-2024_Knowledge.txt,102,https://openalex.org/W2933320252,https://doi.org/10.1038/s41598-019-41767-0,2019,Effect of Low-Temperature Al2O3 ALD Coating on Ni-Rich Layered Oxide Composite Cathode on the Long-Term Cycling Performance of Lithium-Ion Batteries
snapshot_1,Topic_NCM811_composite_cathode_solid-state_battery_2015-2024_Knowledge.txt,103,https://openalex.org/W4292176156,https://doi.org/10.1007/s40820-022-00917-2,2022,Critical Review on cathode–electrolyte Interphase Toward High-Voltage Cathodes for Li-Ion Batteries
snapshot_1,Topic_NCM811_composite_cathode_solid-state_battery_2015-2024_Knowledge.txt,104,https://openalex.org/W4229025758,https://doi.org/10.1002/aenm.202200147,2022,Perspectives on Improving the Safety and Sustainability of High Voltage Lithium‐Ion Batteries Through the Electrolyte and Separator Region
snapshot_1,Topic_NCM811_composite_cathode_solid-state_battery_2015-2024_Knowledge.txt,105,https://openalex.org/W4387782483,https://doi.org/10.1038/s41893-023-01237-y,2023,Electrolyte design for lithium-ion batteries with a cobalt-free cathode and silicon oxide anode
snapshot_1,Topic_NCM811_composite_cathode_solid-state_battery_2015-2024_Knowledge.txt,106,https://openalex.org/W4362528545,https://doi.org/10.1002/adma.202203218,2023,Enabling Future Closed‐Loop Recycling of Spent Lithium‐Ion Batteries: Direct Cathode Regeneration
snapshot_1,Topic_NCM811_composite_cathode_solid-state_battery_2015-2024_Knowledge.txt,107,https://openalex.org/W4392914257,https://doi.org/10.1007/s41918-024-00212-1,2024,Li–Solid Electrolyte Interfaces/Interphases in All-Solid-State Li Batteries
snapshot_1,Topic_NCM811_composite_cathode_solid-state_battery_2015-2024_Knowledge.txt,108,https://openalex.org/W4402697848,https://doi.org/10.1007/s40820-024-01498-y,2024,Advancements and Challenges in Organic–Inorganic Composite Solid Electrolytes for All-Solid-State Lithium Batteries
snapshot_1,Topic_NCM811_composite_cathode_solid-state_battery_2015-2024_Knowledge.txt,109,https://openalex.org/W4288781634,https://doi.org/10.1039/d2ee00803c,2022,Different interfacial reactivity of lithium metal chloride electrolytes with high voltage cathodes determines solid-state battery performance
snapshot_1,Topic_NCM811_composite_cathode_solid-state_battery_2015-2024_Knowledge.txt,110,https://openalex.org/W4229371581,https://doi.org/10.1038/s41467-022-30112-1,2022,"Redox-homogeneous, gel electrolyte-embedded high-mass-loading cathodes for high-energy lithium metal batteries"
snapshot_1,Topic_NCM811_composite_cathode_solid-state_battery_2015-2024_Knowledge.txt,111,https://openalex.org/W4391324110,https://doi.org/10.1007/s40820-023-01308-x,2024,Macroporous Directed and Interconnected Carbon Architectures Endow Amorphous Silicon Nanodots as Low-Strain and Fast-Charging Anode for Lithium-Ion Batteries
snapshot_1,Topic_NCM811_composite_cathode_solid-state_battery_2015-2024_Knowledge.txt,112,https://openalex.org/W4309554819,https://doi.org/10.1002/aenm.202201939,2022,Oxide‐Based Solid‐State Batteries: A Perspective on Composite Cathode Architecture
snapshot_1,Topic_NCM811_composite_cathode_solid-state_battery_2015-2024_Knowledge.txt,113,https://openalex.org/W4387520111,https://doi.org/10.1002/aenm.202301886,2023,A Roadmap for Solid‐State Batteries
snapshot_1,Topic_NCM811_composite_cathode_solid-state_battery_2015-2024_Knowledge.txt,114,https://openalex.org/W4220674602,https://doi.org/10.1007/s40820-022-00833-5,2022,An Endotenon Sheath-Inspired Double-Network Binder Enables Superior Cycling Performance of Silicon Electrodes
snapshot_1,Topic_NCM811_composite_cathode_solid-state_battery_2015-2024_Knowledge.txt,115,https://openalex.org/W4362717052,https://doi.org/10.1002/adma.202301320,2023,Physicochemical Dual Cross‐Linking Conductive Polymeric Networks Combining High Strength and High Toughness Enable Stable Operation of Silicon Microparticle Anodes
snapshot_1,Topic_NCM811_composite_cathode_solid-state_battery_2015-2024_Knowledge.txt,116,https://openalex.org/W4390100406,https://doi.org/10.1002/adma.202308493,2023,Fluorinating All Interfaces Enables Super‐Stable Solid‐State Lithium Batteries by In Situ Conversion of Detrimental Surface Li<sub>2</sub>CO<sub>3</sub>
snapshot_1,Topic_NCM811_composite_cathode_solid-state_battery_2015-2024_Knowledge.txt,117,https://openalex.org/W2766171211,https://doi.org/10.1021/acsami.7b13597,2017,From Coating to Dopant: How the Transition Metal Composition Affects Alumina Coatings on Ni-Rich Cathodes
snapshot_1,Topic_NCM811_composite_cathode_solid-state_battery_2015-2024_Knowledge.txt,118,https://openalex.org/W4399855167,https://doi.org/10.1002/adma.202407648,2024,An Ultralight Composite Current Collector Enabling High‐Energy‐Density and High‐Rate Anode‐Free Lithium Metal Battery
snapshot_1,Topic_NCM811_composite_cathode_solid-state_battery_2015-2024_Knowledge.txt,119,https://openalex.org/W4386772569,https://doi.org/10.1038/s41467-023-41513-1,2023,Regulating electrostatic phenomena by cationic polymer binder for scalable high-areal-capacity Li battery electrodes
snapshot_1,Topic_NCM811_composite_cathode_solid-state_battery_2015-2024_Knowledge.txt,120,https://openalex.org/W4386023748,https://doi.org/10.1002/aenm.202301983,2023,In Situ Gas Analysis by Differential Electrochemical Mass Spectrometry for Advanced Rechargeable Batteries: A Review
snapshot_1,Topic_NCM811_composite_cathode_solid-state_battery_2015-2024_Knowledge.txt,121,https://openalex.org/W4388851765,https://doi.org/10.1002/exp.20230056,2023,"Recent advances in battery characterization using in situ XAFS, SAXS, XRD, and their combining techniques: From single scale to multiscale structure detection"
snapshot_1,Topic_NCM811_composite_cathode_solid-state_battery_2015-2024_Knowledge.txt,122,https://openalex.org/W4390954856,https://doi.org/10.3390/batteries10010029,2024,Advancements and Challenges in Solid-State Battery Technology: An In-Depth Review of Solid Electrolytes and Anode Innovations
snapshot_1,Topic_NCM811_composite_cathode_solid-state_battery_2015-2024_Knowledge.txt,123,https://openalex.org/W4393064844,https://doi.org/10.1002/adma.202401057,2024,Ratiometric Fluorescence Optical Fiber Enabling Operando Temperature Monitoring in Pouch‐Type Battery
snapshot_1,Topic_NCM811_composite_cathode_solid-state_battery_2015-2024_Knowledge.txt,124,https://openalex.org/W4321327799,https://doi.org/10.1002/advs.202206995,2023,Suppressing Local Dendrite Hotspots via Current Density Redistribution Using a Superlithiophilic Membrane for Stable Lithium Metal Anode
snapshot_1,Topic_NCM811_composite_cathode_solid-state_battery_2015-2024_Knowledge.txt,125,https://openalex.org/W4389289233,https://doi.org/10.1002/advs.202305753,2023,Electrolyte Engineering Toward High Performance High Nickel (Ni ≥ 80%) Lithium‐Ion Batteries
snapshot_1,Topic_NCM811_composite_cathode_solid-state_battery_2015-2024_Knowledge.txt,126,https://openalex.org/W4281734827,https://doi.org/10.3390/nano12111888,2022,Challenges and Modification Strategies of Ni-Rich Cathode Materials Operating at High-Voltage
snapshot_1,Topic_NCM811_composite_cathode_solid-state_battery_2015-2024_Knowledge.txt,127,https://openalex.org/W4292343572,https://doi.org/10.34133/2022/9837586,2022,Electrolyte Engineering for High-Voltage Lithium Metal Batteries
snapshot_1,Topic_NCM811_composite_cathode_solid-state_battery_2015-2024_Knowledge.txt,128,https://openalex.org/W4200588044,https://doi.org/10.1016/j.joule.2021.11.005,2021,Toward high-energy Mn-based disordered-rocksalt Li-ion cathodes
snapshot_1,Topic_NCM811_composite_cathode_solid-state_battery_2015-2024_Knowledge.txt,129,https://openalex.org/W4367550843,https://doi.org/10.1002/adma.202301631,2023,Aging Property of Halide Solid Electrolyte at the Cathode Interface
snapshot_1,Topic_NCM811_composite_cathode_solid-state_battery_2015-2024_Knowledge.txt,130,https://openalex.org/W4394853825,https://doi.org/10.1002/adma.202400970,2024,Lignin Derived Ultrathin All‐Solid Polymer Electrolytes with 3D Single‐Ion Nanofiber Ionic Bridge Framework for High Performance Lithium Batteries
snapshot_1,Topic_NCM811_composite_cathode_solid-state_battery_2015-2024_Knowledge.txt,131,https://openalex.org/W3112445364,https://doi.org/10.3389/fenrg.2020.593009,2020,"The Formation, Detriment and Solution of Residual Lithium Compounds on Ni-Rich Layered Oxides in Lithium-Ion Batteries"
snapshot_1,Topic_NCM811_composite_cathode_solid-state_battery_2015-2024_Knowledge.txt,132,https://openalex.org/W4286630460,https://doi.org/10.34133/2022/9842651,2022,Air/Water Stability Problems and Solutions for Lithium Batteries
snapshot_1,Topic_NCM811_composite_cathode_solid-state_battery_2015-2024_Knowledge.txt,133,https://openalex.org/W4213439436,https://doi.org/10.1002/adfm.202111829,2022,Advanced Nanoparticle Coatings for Stabilizing Layered Ni‐Rich Oxide Cathodes in Solid‐State Batteries
snapshot_1,Topic_NCM811_composite_cathode_solid-state_battery_2015-2024_Knowledge.txt,134,https://openalex.org/W4393305638,https://doi.org/10.1126/sciadv.adl4842,2024,"An ultralight, pulverization-free integrated anode toward lithium-less lithium metal batteries"
snapshot_1,Topic_NCM811_composite_cathode_solid-state_battery_2015-2024_Knowledge.txt,135,https://openalex.org/W4376877576,https://doi.org/10.1002/aenm.202300850,2023,High‐Voltage Stability of Small‐Size Single Crystal Ni‐Rich Layered Cathode for Sulfide‐Based All‐Solid‐State Lithium Battery at 4.5 V
snapshot_1,Topic_NCM811_composite_cathode_solid-state_battery_2015-2024_Knowledge.txt,136,https://openalex.org/W4390794909,https://doi.org/10.1007/s40820-023-01294-0,2024,Construction of a High-Performance Composite Solid Electrolyte Through In-Situ Polymerization within a Self-Supported Porous Garnet Framework
snapshot_1,Topic_NCM811_composite_cathode_solid-state_battery_2015-2024_Knowledge.txt,137,https://openalex.org/W4315977504,https://doi.org/10.1002/adfm.202213905,2023,A Novel 3D Li/Li<sub>9</sub>Al<sub>4</sub>/Li‐Mg Alloy Anode for Superior Lithium Metal Batteries
snapshot_1,Topic_NCM811_composite_cathode_solid-state_battery_2015-2024_Knowledge.txt,138,https://openalex.org/W4396589930,https://doi.org/10.1002/aenm.202400521,2024,"Unveiling the Potential of Covalent Organic Frameworks for Energy Storage: Developments, Challenges, and Future Prospects"
snapshot_1,Topic_NCM811_composite_cathode_solid-state_battery_2015-2024_Knowledge.txt,139,https://openalex.org/W3166150391,https://doi.org/10.3390/en14113145,2021,Recent Advances on Materials for Lithium-Ion Batteries
snapshot_1,Topic_NCM811_composite_cathode_solid-state_battery_2015-2024_Knowledge.txt,140,https://openalex.org/W4379766786,https://doi.org/10.1002/cey2.356,2023,Design of multifunctional polymeric binders in silicon anodes for lithium‐ion batteries
snapshot_1,Topic_NCM811_composite_cathode_solid-state_battery_2015-2024_Knowledge.txt,141,https://openalex.org/W4377011884,https://doi.org/10.1002/advs.202207744,2023,In Situ Polymerization on a 3D Ceramic Framework of Composite Solid Electrolytes for Room‐Temperature Solid‐State Batteries
snapshot_1,Topic_NCM811_composite_cathode_solid-state_battery_2015-2024_Knowledge.txt,142,https://openalex.org/W4285399827,https://doi.org/10.1149/ma2022-012160mtgabs,2022,Novel Acrylonitrile-Based Polymers for Solid–State Polymer Electrolyte and Solid-State Lithium Ion Battery
snapshot_1,Topic_NCM811_composite_cathode_solid-state_battery_2015-2024_Knowledge.txt,143,https://openalex.org/W4389222401,https://doi.org/10.1007/s41918-023-00198-2,2023,Exploring More Functions in Binders for Lithium Batteries
snapshot_1,Topic_NCM811_composite_cathode_solid-state_battery_2015-2024_Knowledge.txt,144,https://openalex.org/W4385742904,https://doi.org/10.1039/d3sc02093b,2023,"Halide solid-state electrolytes for all-solid-state batteries: structural design, synthesis, environmental stability, interface optimization and challenges"
snapshot_1,Topic_NCM811_composite_cathode_solid-state_battery_2015-2024_Knowledge.txt,145,https://openalex.org/W4392105406,https://doi.org/10.1002/aenm.202304295,2024,"Electrolyte Degradation During Aging Process of Lithium‐Ion Batteries: Mechanisms, Characterization, and Quantitative Analysis"
snapshot_1,Topic_NCM811_composite_cathode_solid-state_battery_2015-2024_Knowledge.txt,146,https://openalex.org/W4381548214,https://doi.org/10.1002/cey2.377,2023,Multilevel carbon architecture of subnanoscopic silicon for fast‐charging high‐energy‐density lithium‐ion batteries
snapshot_1,Topic_NCM811_composite_cathode_solid-state_battery_2015-2024_Knowledge.txt,147,https://openalex.org/W4220730394,https://doi.org/10.3390/nano12071056,2022,Thermally Stable PVDF-HFP-Based Gel Polymer Electrolytes for High-Performance Lithium-Ion Batteries
snapshot_1,Topic_NCM811_composite_cathode_solid-state_battery_2015-2024_Knowledge.txt,148,https://openalex.org/W4313398761,https://doi.org/10.1016/j.jpowsour.2022.232550,2022,Lithium-ion batteries for low-temperature applications: Limiting factors and solutions
snapshot_1,Topic_NCM811_composite_cathode_solid-state_battery_2015-2024_Knowledge.txt,149,https://openalex.org/W4386440153,https://doi.org/10.1038/s41467-023-41087-y,2023,Large-scale assembly of isotropic nanofiber aerogels based on columnar-equiaxed crystal transition
snapshot_1,Topic_NCM811_composite_cathode_solid-state_battery_2015-2024_Knowledge.txt,150,https://openalex.org/W4384818984,https://doi.org/10.1002/adma.202303312,2023,A Spidroin‐Inspired Hierarchical‐Structure Binder Achieves Highly Integrated Silicon‐Based Electrodes
snapshot_1,Topic_NCM811_composite_cathode_solid-state_battery_2015-2024_Knowledge.txt,151,https://openalex.org/W3022151786,https://doi.org/10.1039/d0ta02984j,2020,Mechanical <i>vs.</i> chemical stability of sulphide-based solid-state batteries. Which one is the biggest challenge to tackle? Overview of solid-state batteries and hybrid solid state batteries
snapshot_1,Topic_NCM811_composite_cathode_solid-state_battery_2015-2024_Knowledge.txt,152,https://openalex.org/W4386980065,https://doi.org/10.1093/nsr/nwad252,2023,Challenges and approaches of single-crystal Ni-rich layered cathodes in lithium batteries
snapshot_1,Topic_NCM811_composite_cathode_solid-state_battery_2015-2024_Knowledge.txt,153,https://openalex.org/W2978488681,https://doi.org/10.1038/s41598-019-49568-1,2019,S-containing and Si-containing compounds as highly effective electrolyte additives for SiOx -based anodes/NCM 811 cathodes in lithium ion cells
snapshot_1,Topic_NCM811_composite_cathode_solid-state_battery_2015-2024_Knowledge.txt,154,https://openalex.org/W4296322228,https://doi.org/10.1007/s40820-022-00936-z,2022,Insights Into the Interfacial Degradation of High-Voltage All-Solid-State Lithium Batteries
snapshot_1,Topic_NCM811_composite_cathode_solid-state_battery_2015-2024_Knowledge.txt,155,https://openalex.org/W4395667754,https://doi.org/10.1007/s40820-024-01389-2,2024,12.6 μm-Thick Asymmetric Composite Electrolyte with Superior Interfacial Stability for Solid-State Lithium-Metal Batteries
snapshot_1,Topic_NCM811_composite_cathode_solid-state_battery_2015-2024_Knowledge.txt,156,https://openalex.org/W4401748773,https://doi.org/10.1039/d4ee02358g,2024,Safety concerns in solid-state lithium batteries: from materials to devices
snapshot_1,Topic_NCM811_composite_cathode_solid-state_battery_2015-2024_Knowledge.txt,157,https://openalex.org/W4310166688,https://doi.org/10.1093/nsr/nwac272,2022,Effective transport network driven by tortuosity gradient enables high-electrochem-active solid-state batteries
snapshot_1,Topic_NCM811_composite_cathode_solid-state_battery_2015-2024_Knowledge.txt,158,https://openalex.org/W4402533941,https://doi.org/10.1002/adfm.202413081,2024,Hierarchical Yolk‐Shell Silicon/Carbon Anode Materials Enhanced by Vertical Graphene Sheets for Commercial Lithium‐Ion Battery Applications
snapshot_1,Topic_NCM811_composite_cathode_solid-state_battery_2015-2024_Knowledge.txt,159,https://openalex.org/W4401387297,https://doi.org/10.1126/sciadv.ado7348,2024,High-voltage electrosynthesis of organic-inorganic hybrid with ultrahigh fluorine content toward fast Li-ion transport
snapshot_1,Topic_NCM811_composite_cathode_solid-state_battery_2015-2024_Knowledge.txt,160,https://openalex.org/W4405268995,https://doi.org/10.1038/s41560-024-01676-7,2024,Techno-economic assessment of thin lithium metal anodes for solid-state batteries
snapshot_1,Topic_NCM811_composite_cathode_solid-state_battery_2015-2024_Knowledge.txt,161,https://openalex.org/W4283361921,https://doi.org/10.1002/admi.202102078,2022,Face to Face at the Cathode Electrolyte Interphase: From Interface Features to Interphase Formation and Dynamics
snapshot_1,Topic_NCM811_composite_cathode_solid-state_battery_2015-2024_Knowledge.txt,162,https://openalex.org/W4394819936,https://doi.org/10.1007/s40820-024-01385-6,2024,Advances in All-Solid-State Lithium–Sulfur Batteries for Commercialization
snapshot_1,Topic_NCM811_composite_cathode_solid-state_battery_2015-2024_Knowledge.txt,163,https://openalex.org/W4321789519,https://doi.org/10.1002/adfm.202214987,2023,Plasma Enhanced Lithium Coupled with Cobalt Fibers Arrays for Advanced Energy Storage
snapshot_1,Topic_NCM811_composite_cathode_solid-state_battery_2015-2024_Knowledge.txt,164,https://openalex.org/W4391779904,https://doi.org/10.1002/adma.202311912,2024,Electrolytes Design for Extending the Temperature Adaptability of Lithium‐Ion Batteries: from Fundamentals to Strategies
snapshot_1,Topic_NCM811_composite_cathode_solid-state_battery_2015-2024_Knowledge.txt,165,https://openalex.org/W4396687134,https://doi.org/10.1002/anie.202406511,2024,Recent Progress in Using Covalent Organic Frameworks to Stabilize Metal Anodes for Highly‐Efficient Rechargeable Batteries
snapshot_1,Topic_NCM811_composite_cathode_solid-state_battery_2015-2024_Knowledge.txt,166,https://openalex.org/W4283397846,https://doi.org/10.1039/d2ta02085h,2022,Design of a multi-functional gel polymer electrolyte with a 3D compact stacked polymer micro-sphere matrix for high-performance lithium metal batteries
snapshot_1,Topic_NCM811_composite_cathode_solid-state_battery_2015-2024_Knowledge.txt,167,https://openalex.org/W4328126046,https://doi.org/10.1002/adfm.202300425,2023,Regulation of Interphase Layer by Flexible Quasi‐Solid Block Polymer Electrolyte to Achieve Highly Stable Lithium Metal Batteries
snapshot_1,Topic_NCM811_composite_cathode_solid-state_battery_2015-2024_Knowledge.txt,168,https://openalex.org/W4297217566,https://doi.org/10.1007/s41918-022-00166-2,2022,Single-Crystal Nickel-Based Cathodes: Fundamentals and Recent Advances
snapshot_1,Topic_NCM811_composite_cathode_solid-state_battery_2015-2024_Knowledge.txt,169,https://openalex.org/W3137833862,https://doi.org/10.1002/aenm.202003227,2021,Utilizing Oxygen Redox in Layered Cathode Materials from Multiscale Perspective
snapshot_1,Topic_NCM811_composite_cathode_solid-state_battery_2015-2024_Knowledge.txt,170,https://openalex.org/W4200260904,https://doi.org/10.1002/advs.202104699,2021,High‐Polarity Fluoroalkyl Ether Electrolyte Enables Solvation‐Free Li<sup>+</sup> Transfer for High‐Rate Lithium Metal Batteries
snapshot_1,Topic_NCM811_composite_cathode_solid-state_battery_2015-2024_Knowledge.txt,171,https://openalex.org/W4386169383,https://doi.org/10.1021/acsmaterialslett.3c00485,2023,Tailored PVDF Graft Copolymers via ATRP as High-Performance NCM811 Cathode Binders
snapshot_1,Topic_NCM811_composite_cathode_solid-state_battery_2015-2024_Knowledge.txt,172,https://openalex.org/W4385319645,https://doi.org/10.1002/adfm.202304407,2023,"Superlithiophilic, Ultrastable, and Ionic‐Conductive Interface Enabled Long Lifespan All‐Solid‐State Lithium‐Metal Batteries under High Mass Loading"
snapshot_1,Topic_NCM811_composite_cathode_solid-state_battery_2015-2024_Knowledge.txt,173,https://openalex.org/W4375868129,https://doi.org/10.26599/nre.2023.9120077,2023,Recent advances of SiO <sub> <i>x</i> </sub>-based anodes for sustainable lithium-ion batteries
snapshot_1,Topic_NCM811_composite_cathode_solid-state_battery_2015-2024_Knowledge.txt,174,https://openalex.org/W3209624812,https://doi.org/10.1002/adma.202106402,2021,Elucidating and Mitigating High‐Voltage Degradation Cascades in Cobalt‐Free LiNiO<sub>2</sub> Lithium‐Ion Battery Cathodes
snapshot_1,Topic_NCM811_composite_cathode_solid-state_battery_2015-2024_Knowledge.txt,175,https://openalex.org/W4379209524,https://doi.org/10.1002/adma.202303355,2023,Dendritic Solid Polymer Electrolytes: A New Paradigm for High‐Performance Lithium‐Based Batteries
snapshot_1,Topic_NCM811_composite_cathode_solid-state_battery_2015-2024_Knowledge.txt,176,https://openalex.org/W4283819140,https://doi.org/10.1002/idm2.12045,2022,"Scalable, thin asymmetric composite solid electrolyte for high‐performance all‐solid‐state lithium metal batteries"
snapshot_1,Topic_NCM811_composite_cathode_solid-state_battery_2015-2024_Knowledge.txt,177,https://openalex.org/W4309097461,https://doi.org/10.1002/advs.202203916,2022,A New In Situ Prepared MOF‐Natural Polymer Composite Electrolyte for Solid Lithium Metal Batteries with Superior High‐ Rate Capability and Long‐Term Cycling Stability at Ultrahigh Current Density
snapshot_1,Topic_NCM811_composite_cathode_solid-state_battery_2015-2024_Knowledge.txt,178,https://openalex.org/W4400885847,https://doi.org/10.1007/s41918-024-00211-2,2024,Safety Issues and Improvement Measures of Ni-Rich Layered Oxide Cathode Materials for Li-Ion Batteries
snapshot_1,Topic_NCM811_composite_cathode_solid-state_battery_2015-2024_Knowledge.txt,179,https://openalex.org/W4283465016,https://doi.org/10.1002/advs.202202474,2022,Percolated Sulfide in Salt‐Concentrated Polymer Matrices Extricating High‐Voltage All‐Solid‐State Lithium‐metal Batteries
snapshot_1,Topic_NCM811_composite_cathode_solid-state_battery_2015-2024_Knowledge.txt,180,https://openalex.org/W4389832374,https://doi.org/10.1002/adma.202308494,2023,Recycling and Reusing of Graphite from Retired Lithium‐ion Batteries: A Review
snapshot_1,Topic_NCM811_composite_cathode_solid-state_battery_2015-2024_Knowledge.txt,181,https://openalex.org/W4402146236,https://doi.org/10.1002/aenm.202403086,2024,Robust Nitrogen/Sulfur Co‐Doped Carbon Frameworks as Multifunctional Coating Layer on Si Anodes Toward Superior Lithium Storage
snapshot_1,Topic_NCM811_composite_cathode_solid-state_battery_2015-2024_Knowledge.txt,182,https://openalex.org/W4401994152,https://doi.org/10.3390/gels10090563,2024,A Comprehensive Review of Functional Gel Polymer Electrolytes and Applications in Lithium-Ion Battery
snapshot_1,Topic_NCM811_composite_cathode_solid-state_battery_2015-2024_Knowledge.txt,183,https://openalex.org/W4399210349,https://doi.org/10.1002/anie.202403617,2024,Constructing An Oxyhalide Interface for 4.8 V‐Tolerant High‐Nickel Cathodes in All‐Solid‐State Lithium‐Ion Batteries
snapshot_1,Topic_NCM811_composite_cathode_solid-state_battery_2015-2024_Knowledge.txt,184,https://openalex.org/W4391104114,https://doi.org/10.1002/eem2.12699,2024,Interface Engineering on Constructing Physical and Chemical Stable <scp>Solid‐State</scp> Electrolyte Toward Practical Lithium Batteries
snapshot_1,Topic_NCM811_composite_cathode_solid-state_battery_2015-2024_Knowledge.txt,185,https://openalex.org/W4390913198,https://doi.org/10.3390/polym16020254,2024,Polymeric Binder Design for Sustainable Lithium-Ion Battery Chemistry
snapshot_1,Topic_NCM811_composite_cathode_solid-state_battery_2015-2024_Knowledge.txt,186,https://openalex.org/W4281290458,https://doi.org/10.1021/acsami.2c04487,2022,A High-Capacity Polyethylene Oxide-Based All-Solid-State Battery Using a Metal–Organic Framework Hosted Silicon Anode
snapshot_1,Topic_NCM811_composite_cathode_solid-state_battery_2015-2024_Knowledge.txt,187,https://openalex.org/W4385380205,https://doi.org/10.1002/anie.202307802,2023,Progress and Perspectives on the Development of Pouch‐Type Lithium Metal Batteries
snapshot_1,Topic_NCM811_composite_cathode_solid-state_battery_2015-2024_Knowledge.txt,188,https://openalex.org/W4379161018,https://doi.org/10.1002/aenm.202300466,2023,Prelithiation: A Critical Strategy Towards Practical Application of High‐Energy‐Density Batteries
snapshot_1,Topic_NCM811_composite_cathode_solid-state_battery_2015-2024_Knowledge.txt,189,https://openalex.org/W3029576577,https://doi.org/10.3390/molecules25112494,2020,Towards a High-Power Si@graphite Anode for Lithium Ion Batteries through a Wet Ball Milling Process
snapshot_1,Topic_NCM811_composite_cathode_solid-state_battery_2015-2024_Knowledge.txt,190,https://openalex.org/W4389836966,https://doi.org/10.1073/pnas.2314264120,2023,A polyimine aerogel separator with electron cloud design to boost Li-ion transport for stable Li metal batteries
snapshot_1,Topic_NCM811_composite_cathode_solid-state_battery_2015-2024_Knowledge.txt,191,https://openalex.org/W4387103509,https://doi.org/10.1002/exp.20210255,2023,Toward maximum energy density enabled by anode‐free lithium metal batteries: Recent progress and perspective
snapshot_1,Topic_NCM811_composite_cathode_solid-state_battery_2015-2024_Knowledge.txt,192,https://openalex.org/W4393342988,https://doi.org/10.1038/s43246-024-00482-8,2024,Sulfide-based composite solid electrolyte films for all-solid-state batteries
snapshot_1,Topic_NCM811_composite_cathode_solid-state_battery_2015-2024_Knowledge.txt,193,https://openalex.org/W4385223624,https://doi.org/10.1002/idm2.12109,2023,Progress and perspectives of in situ polymerization method for lithium‐based batteries
snapshot_1,Topic_NCM811_composite_cathode_solid-state_battery_2015-2024_Knowledge.txt,194,https://openalex.org/W4367369025,https://doi.org/10.1002/adfm.202300973,2023,Progress and Perspectives of Lithium Aluminum Germanium Phosphate‐Based Solid Electrolytes for Lithium Batteries
snapshot_1,Topic_NCM811_composite_cathode_solid-state_battery_2015-2024_Knowledge.txt,195,https://openalex.org/W4391931773,https://doi.org/10.1007/s40820-024-01358-9,2024,Enhanced High-Temperature Cycling Stability of Garnet-Based All Solid-State Lithium Battery Using a Multi-Functional Catholyte Buffer Layer
snapshot_1,Topic_NCM811_composite_cathode_solid-state_battery_2015-2024_Knowledge.txt,196,https://openalex.org/W4220959878,https://doi.org/10.1002/eem2.12383,2022,Nitrile Electrolyte Strategy for 4.9 <scp>V‐Class Lithium‐Metal</scp> Batteries Operating in Flame
snapshot_1,Topic_NCM811_composite_cathode_solid-state_battery_2015-2024_Knowledge.txt,197,https://openalex.org/W4327954447,https://doi.org/10.1002/idm2.12077,2023,Challenges and strategies of formulating low‐temperature electrolytes in lithium‐ion batteries
snapshot_1,Topic_NCM811_composite_cathode_solid-state_battery_2015-2024_Knowledge.txt,198,https://openalex.org/W4394726536,https://doi.org/10.1021/acsnano.4c00110,2024,Ether-Based High-Voltage Lithium Metal Batteries: The Road to Commercialization
snapshot_1,Topic_NCM811_composite_cathode_solid-state_battery_2015-2024_Knowledge.txt,199,https://openalex.org/W2998744192,https://doi.org/10.1039/c9ra09841k,2020,A LiPO<sub>2</sub>F<sub>2</sub>/LiPF<sub>6</sub> dual-salt electrolyte enabled stable cycling performance of nickel-rich lithium ion batteries
snapshot_1,Topic_NCM811_composite_cathode_solid-state_battery_2015-2024_Knowledge.txt,200,https://openalex.org/W4400530297,https://doi.org/10.1021/acsenergylett.4c01358,2024,High-Entropy Electrolytes for Lithium-Ion Batteries
snapshot_1,Topic_NCM811_composite_cathode_solid-state_battery_2015-2024_Knowledge.txt,201,https://openalex.org/W4389265297,https://doi.org/10.1002/smll.202307494,2023,Growth of Vertical Graphene Sheets on Silicon Nanoparticles Well‐Dispersed on Graphite Particles for High‐Performance Lithium‐Ion Battery Anode
snapshot_1,Topic_NCM811_composite_cathode_solid-state_battery_2015-2024_Knowledge.txt,202,https://openalex.org/W2994727139,https://doi.org/10.1039/c9ra09200e,2019,Asymmetrically coated LAGP/PP/PVDF–HFP composite separator film and its effect on the improvement of NCM battery performance
snapshot_1,Topic_NCM811_composite_cathode_solid-state_battery_2015-2024_Knowledge.txt,203,https://openalex.org/W4205735178,https://doi.org/10.20517/energymater.2021.21,2022,Modulating the lithiophilicity at electrode/electrolyte interface for high-energy Li-metal batteries
snapshot_1,Topic_NCM811_composite_cathode_solid-state_battery_2015-2024_Knowledge.txt,204,https://openalex.org/W4362705804,https://doi.org/10.1021/acs.nanolett.3c00764,2023,Design Principles for Fluorinated Interphase Evolution via Conversion-Type Alloying Processes for Anticorrosive Lithium Metal Anodes
snapshot_1,Topic_NCM811_composite_cathode_solid-state_battery_2015-2024_Knowledge.txt,205,https://openalex.org/W4360860504,https://doi.org/10.3390/en16072960,2023,Early Warning Method and Fire Extinguishing Technology of Lithium-Ion Battery Thermal Runaway: A Review
snapshot_1,Topic_NCM811_composite_cathode_solid-state_battery_2015-2024_Knowledge.txt,206,https://openalex.org/W3088686289,https://doi.org/10.3390/polym12102192,2020,Assembly of MXene/PP Separator and Its Enhancement for Ni-Rich LiNi0.8Co0.1Mn0.1O2 Electrochemical Performance
snapshot_1,Topic_NCM811_composite_cathode_solid-state_battery_2015-2024_Knowledge.txt,207,https://openalex.org/W4389804856,https://doi.org/10.1002/aenm.202303641,2023,Ultrathin All‐Inorganic Halide Solid‐State Electrolyte Membranes for All‐Solid‐State Li‐Ion Batteries
snapshot_1,Topic_NCM811_composite_cathode_solid-state_battery_2015-2024_Knowledge.txt,208,https://openalex.org/W4387184897,https://doi.org/10.1002/eom2.12416,2023,"Toward thin and stable anodes for practical lithium metal batteries: A review, strategies, and perspectives"
snapshot_1,Topic_NCM811_composite_cathode_solid-state_battery_2015-2024_Knowledge.txt,209,https://openalex.org/W4392347978,https://doi.org/10.1002/ange.202320149,2024,The Versatile Establishment of Charge Storage in Polymer Solid Electrolyte with Enhanced Charge Transfer for LiF‐Rich SEI Generation in Lithium Metal Batteries
snapshot_1,Topic_NCM811_composite_cathode_solid-state_battery_2015-2024_Knowledge.txt,210,https://openalex.org/W4400838623,https://doi.org/10.1002/adma.202406151,2024,Perspective on Lewis Acid‐Base Interactions in Emerging Batteries
snapshot_1,Topic_NCM811_composite_cathode_solid-state_battery_2015-2024_Knowledge.txt,211,https://openalex.org/W4321454645,https://doi.org/10.1002/adma.202300982,2023,Durable and Adjustable Interfacial Engineering of Polymeric Electrolytes for Both Stable Ni‐Rich Cathodes and High‐Energy Metal Anodes
snapshot_1,Topic_NCM811_composite_cathode_solid-state_battery_2015-2024_Knowledge.txt,212,https://openalex.org/W4297225174,https://doi.org/10.3390/nano12193320,2022,Solvent-Free Fabrication of Thick Electrodes in Thermoplastic Binders for High Energy Density Lithium-Ion Batteries
snapshot_1,Topic_NCM811_composite_cathode_solid-state_battery_2015-2024_Knowledge.txt,213,https://openalex.org/W4401867697,https://doi.org/10.1093/nsr/nwae254,2024,<i>Operando</i> chemo-mechanical evolution in LiNi0.8Co0.1Mn0.1O2 cathodes
snapshot_1,Topic_NCM811_composite_cathode_solid-state_battery_2015-2024_Knowledge.txt,214,https://openalex.org/W4285156093,https://doi.org/10.1039/d2ee01067d,2022,Highly reversible Li<sub>2</sub>RuO<sub>3</sub> cathodes in sulfide-based all solid-state lithium batteries
snapshot_1,Topic_NCM811_composite_cathode_solid-state_battery_2015-2024_Knowledge.txt,215,https://openalex.org/W4385971610,https://doi.org/10.1021/acsami.3c07225,2023,Insights into the Chemistry of the Cathodic Electrolyte Interphase for PTFE-Based Dry-Processed Cathodes
snapshot_1,Topic_NCM811_composite_cathode_solid-state_battery_2015-2024_Knowledge.txt,216,https://openalex.org/W4391606443,https://doi.org/10.3390/ma17040801,2024,Advancements and Challenges in High-Capacity Ni-Rich Cathode Materials for Lithium-Ion Batteries
snapshot_1,Topic_NCM811_composite_cathode_solid-state_battery_2015-2024_Knowledge.txt,217,https://openalex.org/W4210665819,https://doi.org/10.1002/bte2.20210012,2022,"Fibrous skeleton‐framed, flexible high‐energy‐density quasi‐solid‐state lithium metal batteries"
snapshot_1,Topic_NCM811_composite_cathode_solid-state_battery_2015-2024_Knowledge.txt,218,https://openalex.org/W4285187028,https://doi.org/10.20517/energymater.2022.18,2022,Research progress on the surface/interface modification of high-voltage lithium oxide cathode materials
snapshot_1,Topic_NCM811_composite_cathode_solid-state_battery_2015-2024_Knowledge.txt,219,https://openalex.org/W3081639799,https://doi.org/10.3389/fchem.2020.00761,2020,Research Progress on the Surface of High-Nickel Nickel–Cobalt–Manganese Ternary Cathode Materials: A Mini Review
snapshot_1,Topic_NCM811_composite_cathode_solid-state_battery_2015-2024_Knowledge.txt,220,https://openalex.org/W4220666458,https://doi.org/10.1002/eem2.12370,2022,"In Situ Directional Polymerization of Poly(1,3‐dioxolane) Solid Electrolyte Induced by Cellulose Paper‐Based Composite Separator for Lithium Metal Batteries"
snapshot_1,Topic_NCM811_composite_cathode_solid-state_battery_2015-2024_Knowledge.txt,221,https://openalex.org/W4319347625,https://doi.org/10.1038/s41467-023-35982-7,2023,Self-organized hetero-nanodomains actuating super Li+ conduction in glass ceramics
snapshot_1,Topic_NCM811_composite_cathode_solid-state_battery_2015-2024_Knowledge.txt,222,https://openalex.org/W4387741154,https://doi.org/10.1002/aenm.202302845,2023,Striking a Balance: Exploring Optimal Functionalities and Composition of Highly Adhesive and Dispersing Binders for High‐Nickel Cathodes in Lithium‐Ion Batteries
snapshot_1,Topic_NCM811_composite_cathode_solid-state_battery_2015-2024_Knowledge.txt,223,https://openalex.org/W4388830546,https://doi.org/10.3390/ma16227232,2023,A Polytetrafluoroethylene-Based Solvent-Free Procedure for the Manufacturing of Lithium-Ion Batteries
snapshot_1,Topic_NCM811_composite_cathode_solid-state_battery_2015-2024_Knowledge.txt,224,https://openalex.org/W4388543150,https://doi.org/10.1039/d3qi01857a,2023,The role of niobium in layered oxide cathodes for conventional lithium-ion and solid-state batteries
snapshot_1,Topic_NCM811_composite_cathode_solid-state_battery_2015-2024_Knowledge.txt,225,https://openalex.org/W4389675932,https://doi.org/10.1002/anie.202316112,2023,Implanting Transition Metal into Li<sub>2</sub>O‐Based Cathode Prelithiation Agent for High‐Energy‐Density and Long‐Life Li‐Ion Batteries
snapshot_1,Topic_NCM811_composite_cathode_solid-state_battery_2015-2024_Knowledge.txt,226,https://openalex.org/W4400349823,https://doi.org/10.1126/sciadv.ado4719,2024,Solid-state polymer-particle hybrid electrolytes: Structure and electrochemical properties
snapshot_1,Topic_NCM811_composite_cathode_solid-state_battery_2015-2024_Knowledge.txt,227,https://openalex.org/W3176239313,https://doi.org/10.1039/d1ra00857a,2021,Surface modification of Ni-rich LiNi<sub>0.8</sub>Co<sub>0.1</sub>Mn<sub>0.1</sub>O<sub>2</sub> with perovskite LaFeO<sub>3</sub> for high voltage cathode materials
snapshot_1,Topic_NCM811_composite_cathode_solid-state_battery_2015-2024_Knowledge.txt,228,https://openalex.org/W2972442922,https://doi.org/10.34133/2019/2198906,2019,Facilitating Lithium-Ion Diffusion in Layered Cathode Materials by Introducing Li <sup>+</sup> /Ni <sup>2+</sup> Antisite Defects for High-Rate Li-Ion Batteries
snapshot_1,Topic_NCM811_composite_cathode_solid-state_battery_2015-2024_Knowledge.txt,229,https://openalex.org/W4206468071,https://doi.org/10.1002/advs.202104506,2022,Regulating Interfacial Li‐Ion Transport via an Integrated Corrugated 3D Skeleton in Solid Composite Electrolyte for All‐Solid‐State Lithium Metal Batteries
snapshot_1,Topic_NCM811_composite_cathode_solid-state_battery_2015-2024_Knowledge.txt,230,https://openalex.org/W3133795961,https://doi.org/10.1039/d0ta10252k,2021,Designing positive electrodes with high energy density for lithium-ion batteries
snapshot_1,Topic_NCM811_composite_cathode_solid-state_battery_2015-2024_Knowledge.txt,231,https://openalex.org/W4379600390,https://doi.org/10.1021/acsami.3c05105,2023,Inert Filler Selection Strategies in Li-Ion Gel Polymer Electrolytes
snapshot_1,Topic_NCM811_composite_cathode_solid-state_battery_2015-2024_Knowledge.txt,232,https://openalex.org/W4324146035,https://doi.org/10.1002/eom2.12338,2023,Advances of <scp>sulfide‐type solid‐state</scp> batteries with negative electrodes: Progress and perspectives
snapshot_1,Topic_NCM811_composite_cathode_solid-state_battery_2015-2024_Knowledge.txt,233,https://openalex.org/W4321481634,https://doi.org/10.1038/s43246-023-00343-w,2023,A jigsaw-structured artificial solid electrolyte interphase for high-voltage lithium metal batteries
snapshot_1,Topic_NCM811_composite_cathode_solid-state_battery_2015-2024_Knowledge.txt,234,https://openalex.org/W3200442535,https://doi.org/10.1016/j.xcrp.2021.100584,2021,High safety and cycling stability of ultrahigh energy lithium ion batteries
snapshot_1,Topic_NCM811_composite_cathode_solid-state_battery_2015-2024_Knowledge.txt,235,https://openalex.org/W4386480350,https://doi.org/10.1002/adfm.202307281,2023,Dynamic Concentration of Alloying Element on Anode Surface Enabling Cycle‐Stable Li Metal Batteries
snapshot_1,Topic_NCM811_composite_cathode_solid-state_battery_2015-2024_Knowledge.txt,236,https://openalex.org/W4405472507,https://doi.org/10.1039/d4ya00542b,2024,"Composite solid-state electrolytes for all solid-state lithium batteries: progress, challenges and outlook"
snapshot_1,Topic_NCM811_composite_cathode_solid-state_battery_2015-2024_Knowledge.txt,237,https://openalex.org/W4306367194,https://doi.org/10.3390/coatings12101543,2022,Recent Report on the Hydrothermal Growth of LiFePO4 as a Cathode Material
snapshot_1,Topic_NCM811_composite_cathode_solid-state_battery_2015-2024_Knowledge.txt,238,https://openalex.org/W4387877892,https://doi.org/10.1002/adfm.202307746,2023,Water Harvesting MOF Enables Stable Cycling of Nickel‐Rich Batteries
snapshot_1,Topic_NCM811_composite_cathode_solid-state_battery_2015-2024_Knowledge.txt,239,https://openalex.org/W4321004772,https://doi.org/10.1002/advs.202207056,2023,Constructing a Superlithiophilic 3D Burr‐Microsphere Interface on Garnet for High‐Rate and Ultra‐Stable Solid‐State Li Batteries
snapshot_1,Topic_NCM811_composite_cathode_solid-state_battery_2015-2024_Knowledge.txt,240,https://openalex.org/W4389303123,https://doi.org/10.1021/acsenergylett.3c02307,2023,Fluorine-Substituted Lithium Chloride Solid Electrolytes for High-Voltage All-Solid-State Lithium-Ion Batteries
snapshot_1,Topic_NCM811_composite_cathode_solid-state_battery_2015-2024_Knowledge.txt,241,https://openalex.org/W4389136736,https://doi.org/10.1007/s40820-023-01245-9,2023,Electrolyte Design for Low-Temperature Li-Metal Batteries: Challenges and Prospects
snapshot_1,Topic_NCM811_composite_cathode_solid-state_battery_2015-2024_Knowledge.txt,242,https://openalex.org/W4394808471,https://doi.org/10.1002/adfm.202314822,2024,"Silicon Solid State Battery: The Solid‐State Compatibility, Particle Size, and Carbon Compositing for High Energy Density"
snapshot_1,Topic_NCM811_composite_cathode_solid-state_battery_2015-2024_Knowledge.txt,243,https://openalex.org/W4388858105,https://doi.org/10.3390/polym15234477,2023,Advances in Polymer Binder Materials for Lithium-Ion Battery Electrodes and Separators
snapshot_1,Topic_NCM811_composite_cathode_solid-state_battery_2015-2024_Knowledge.txt,244,https://openalex.org/W4394821247,https://doi.org/10.1002/celc.202300702,2024,Recent Progress on Multifunctional Electrolyte Additives for High‐Energy‐Density Li Batteries – A Review
snapshot_1,Topic_NCM811_composite_cathode_solid-state_battery_2015-2024_Knowledge.txt,245,https://openalex.org/W4322502442,https://doi.org/10.3390/polym15051145,2023,Self-Healing Polymer Electrolytes for Next-Generation Lithium Batteries
snapshot_1,Topic_NCM811_composite_cathode_solid-state_battery_2015-2024_Knowledge.txt,246,https://openalex.org/W4376643548,https://doi.org/10.1002/adma.202301540,2023,Toward Sustainable All Solid‐State Li–Metal Batteries: Perspectives on Battery Technology and Recycling Processes
snapshot_1,Topic_NCM811_composite_cathode_solid-state_battery_2015-2024_Knowledge.txt,247,https://openalex.org/W4214742384,https://doi.org/10.20517/energymater.2022.01,2022,Recent progress of sulfide electrolytes for all-solid-state lithium batteries
snapshot_1,Topic_NCM811_composite_cathode_solid-state_battery_2015-2024_Knowledge.txt,248,https://openalex.org/W4388509583,https://doi.org/10.1002/adfm.202310259,2023,Ultra‐Stable Breathing Anode for Li‐Free All‐Solid‐State Battery Based on Li Concentration Gradient in Magnesium Particles
snapshot_1,Topic_NCM811_composite_cathode_solid-state_battery_2015-2024_Knowledge.txt,249,https://openalex.org/W4391320928,https://doi.org/10.1002/bte2.20230062,2024,Lithium dendrites in all‐solid‐state batteries: From formation to suppression
snapshot_1,Topic_NCM811_composite_cathode_solid-state_battery_2015-2024_Knowledge.txt,250,https://openalex.org/W4390479237,https://doi.org/10.3390/ma17010239,2024,Technological Advances and Market Developments of Solid-State Batteries: A Review
snapshot_1,Topic_NCM811_composite_cathode_solid-state_battery_2015-2024_Knowledge.txt,251,https://openalex.org/W4320497680,https://doi.org/10.1002/smm2.1185,2023,Recent progress in electrolyte design for advanced lithium metal batteries
snapshot_1,Topic_NCM811_composite_cathode_solid-state_battery_2015-2024_Knowledge.txt,252,https://openalex.org/W4398137787,https://doi.org/10.1002/aenm.202304544,2024,Operando Investigation on the Role of Densification and Chemo‐Mechanics on Solid‐State Cathodes
snapshot_1,Topic_NCM811_composite_cathode_solid-state_battery_2015-2024_Knowledge.txt,253,https://openalex.org/W3045948237,https://doi.org/10.3390/en13153885,2020,Effects of Overdischarge Rate on Thermal Runaway of NCM811 Li-Ion Batteries
snapshot_1,Topic_NCM811_composite_cathode_solid-state_battery_2015-2024_Knowledge.txt,254,https://openalex.org/W4389099054,https://doi.org/10.1002/adfm.202311353,2023,Dispersant‐Free Colloidal and Interfacial Engineering of Si‐Nanocarbon Hybrid Anode Materials for High‐Performance Li‐Ion Batteries
snapshot_1,Topic_NCM811_composite_cathode_solid-state_battery_2015-2024_Knowledge.txt,255,https://openalex.org/W3178813075,https://doi.org/10.3390/en14144223,2021,Future Material Developments for Electric Vehicle Battery Cells Answering Growing Demands from an End-User Perspective
snapshot_1,Topic_NCM811_composite_cathode_solid-state_battery_2015-2024_Knowledge.txt,256,https://openalex.org/W3113035789,https://doi.org/10.1002/aenm.202002821,2020,"Insights into the Nanostructure, Solvation, and Dynamics of Liquid Electrolytes through Small‐Angle X‐Ray Scattering"
snapshot_1,Topic_NCM811_composite_cathode_solid-state_battery_2015-2024_Knowledge.txt,257,https://openalex.org/W4380085018,https://doi.org/10.3390/batteries9060319,2023,High-Performance High-Nickel Multi-Element Cathode Materials for Lithium-Ion Batteries
snapshot_1,Topic_NCM811_composite_cathode_solid-state_battery_2015-2024_Knowledge.txt,258,https://openalex.org/W4384497837,https://doi.org/10.1002/adma.202305386,2023,Long‐Life Quasi‐Solid‐State Anode‐Free Batteries Enabled by Li Compensation Coupled Interface Engineering
snapshot_1,Topic_NCM811_composite_cathode_solid-state_battery_2015-2024_Knowledge.txt,259,https://openalex.org/W4283258641,https://doi.org/10.1002/bte2.20210019,2022,Thermal safety and thermal management of batteries
snapshot_1,Topic_NCM811_composite_cathode_solid-state_battery_2015-2024_Knowledge.txt,260,https://openalex.org/W4401585883,https://doi.org/10.1002/inf2.12551,2024,Promoting uniform lithium deposition with Janus gel polymer electrolytes enabling stable lithium metal batteries
snapshot_1,Topic_NCM811_composite_cathode_solid-state_battery_2015-2024_Knowledge.txt,261,https://openalex.org/W4404993770,https://doi.org/10.1002/anie.202416897,2024,Metal–Organic Coordination Enhanced Metallopolymer Electrolytes for Wide‐Temperature Solid‐State Lithium Metal Batteries
snapshot_1,Topic_NCM811_composite_cathode_solid-state_battery_2015-2024_Knowledge.txt,262,https://openalex.org/W4387077715,https://doi.org/10.1002/advs.202303985,2023,Typology of Battery Cells – From Liquid to Solid Electrolytes
snapshot_1,Topic_NCM811_composite_cathode_solid-state_battery_2015-2024_Knowledge.txt,263,https://openalex.org/W4207056669,https://doi.org/10.1002/eem2.12355,2022,"Designing Advanced Liquid Electrolytes for Alkali Metal Batteries: Principles, Progress, and Perspectives"
snapshot_1,Topic_NCM811_composite_cathode_solid-state_battery_2015-2024_Knowledge.txt,264,https://openalex.org/W4399382886,https://doi.org/10.1007/s40820-024-01436-y,2024,Approaching Ultimate Synthesis Reaction Rate of Ni-Rich Layered Cathodes for Lithium-Ion Batteries
snapshot_1,Topic_NCM811_composite_cathode_solid-state_battery_2015-2024_Knowledge.txt,265,https://openalex.org/W4311595399,https://doi.org/10.26599/nre.2023.9120048,2022,Present and future of functionalized Cu current collectors for stabilizing lithium metal anodes
snapshot_1,Topic_NCM811_composite_cathode_solid-state_battery_2015-2024_Knowledge.txt,266,https://openalex.org/W4400586115,https://doi.org/10.1038/s41467-024-50075-9,2024,Advanced parametrization for the production of high-energy solid-state lithium pouch cells containing polymer electrolytes
snapshot_1,Topic_NCM811_composite_cathode_solid-state_battery_2015-2024_Knowledge.txt,267,https://openalex.org/W4405219546,https://doi.org/10.1093/nsr/nwae443,2024,Conjugated phthalocyanine-based framework as artificial SEI for over 400 Wh kg−1 lithium-metal battery
snapshot_1,Topic_NCM811_composite_cathode_solid-state_battery_2015-2024_Knowledge.txt,268,https://openalex.org/W4402074591,https://doi.org/10.1002/anie.202409327,2024,Scalable Production of Thin and Durable Practical Li Metal Anode for High‐Energy‐Density Batteries
snapshot_1,Topic_NCM811_composite_cathode_solid-state_battery_2015-2024_Knowledge.txt,269,https://openalex.org/W4404186848,https://doi.org/10.1021/jacs.4c10650,2024,Grain-Boundary-Rich Interphases for Rechargeable Batteries
snapshot_1,Topic_NCM811_composite_cathode_solid-state_battery_2015-2024_Knowledge.txt,270,https://openalex.org/W4377092586,https://doi.org/10.1002/adma.202302872,2023,Mechano‐Electrochemically Promoting Lithium Atom Diffusion and Relieving Accumulative Stress for Deep‐Cycling Lithium Metal Anodes
snapshot_1,Topic_NCM811_composite_cathode_solid-state_battery_2015-2024_Knowledge.txt,271,https://openalex.org/W4386304965,https://doi.org/10.1002/anie.202306904,2023,Polyimide Compounds For Post‐Lithium Energy Storage Applications
snapshot_1,Topic_NCM811_composite_cathode_solid-state_battery_2015-2024_Knowledge.txt,272,https://openalex.org/W4281298707,https://doi.org/10.1557/s43578-022-00586-2,2022,In situ analysis of gas evolution in liquid- and solid-electrolyte-based batteries with current and next-generation cathode materials
snapshot_1,Topic_NCM811_composite_cathode_solid-state_battery_2015-2024_Knowledge.txt,273,https://openalex.org/W4387897936,https://doi.org/10.1002/aenm.202302411,2023,Hard–Soft Segment Synergism Binder Facilitates the Implementation of Practical SiC600 Electrodes
snapshot_1,Topic_NCM811_composite_cathode_solid-state_battery_2015-2024_Knowledge.txt,274,https://openalex.org/W4386526176,https://doi.org/10.3390/polym15183690,2023,Engineering Polymer-Based Porous Membrane for Sustainable Lithium-Ion Battery Separators
snapshot_1,Topic_NCM811_composite_cathode_solid-state_battery_2015-2024_Knowledge.txt,275,https://openalex.org/W4367054201,https://doi.org/10.1002/adfm.202301638,2023,"In Situ Derived Mixed Ion/Electron Conducting Layer on Top of a Functional Separator for High‐Performance, Dendrite‐Free Rechargeable Lithium‐Metal Batteries"
snapshot_1,Topic_NCM811_composite_cathode_solid-state_battery_2015-2024_Knowledge.txt,276,https://openalex.org/W4392767211,https://doi.org/10.26599/nre.2024.9120118,2024,Recent advances in solid-state lithium batteries based on anode engineering
snapshot_1,Topic_NCM811_composite_cathode_solid-state_battery_2015-2024_Knowledge.txt,277,https://openalex.org/W4388087259,https://doi.org/10.1002/metm.6,2023,"Lithium metal anode: Past, present, and future"
snapshot_1,Topic_NCM811_composite_cathode_solid-state_battery_2015-2024_Knowledge.txt,278,https://openalex.org/W2965321530,https://doi.org/10.1021/acsaem.9b00976,2019,Dehydration Rather Than HF Capture Explains Performance Improvements of Li-Ion Cells by Ceramic Nanoparticles
snapshot_1,Topic_NCM811_composite_cathode_solid-state_battery_2015-2024_Knowledge.txt,279,https://openalex.org/W4388298640,https://doi.org/10.1038/s43246-023-00418-8,2023,Morphology controlled performance of ternary layered oxide cathodes
snapshot_1,Topic_NCM811_composite_cathode_solid-state_battery_2015-2024_Knowledge.txt,280,https://openalex.org/W3171577284,https://doi.org/10.3389/fenrg.2021.695902,2021,Accelerated Atomistic Modeling of Solid-State Battery Materials With Machine Learning
snapshot_1,Topic_NCM811_composite_cathode_solid-state_battery_2015-2024_Knowledge.txt,281,https://openalex.org/W4386098824,https://doi.org/10.3390/ma16175769,2023,Lithium Iron Phosphate and Layered Transition Metal Oxide Cathode for Power Batteries: Attenuation Mechanisms and Modification Strategies
snapshot_1,Topic_NCM811_composite_cathode_solid-state_battery_2015-2024_Knowledge.txt,282,https://openalex.org/W4386256252,https://doi.org/10.3390/batteries9090439,2023,Recent Progress in Flame-Retardant Polymer Electrolytes for Solid-State Lithium Metal Batteries
snapshot_1,Topic_NCM811_composite_cathode_solid-state_battery_2015-2024_Knowledge.txt,283,https://openalex.org/W4307338078,https://doi.org/10.1021/acsnano.2c07314,2022,Single- to Few-Layer Nanoparticle Cathode Coating for Thiophosphate-Based All-Solid-State Batteries
snapshot_1,Topic_NCM811_composite_cathode_solid-state_battery_2015-2024_Knowledge.txt,284,https://openalex.org/W4391610886,https://doi.org/10.1002/adfm.202310925,2024,Bipolar Current Collectors of Cu/polymer/Al Composite for Anode‐Free Batteries
snapshot_1,Topic_NCM811_composite_cathode_solid-state_battery_2015-2024_Knowledge.txt,285,https://openalex.org/W4306390943,https://doi.org/10.3390/batteries8100187,2022,Examining the Benefits of Using Boron Compounds in Lithium Batteries: A Comprehensive Review of Literature
snapshot_1,Topic_NCM811_composite_cathode_solid-state_battery_2015-2024_Knowledge.txt,286,https://openalex.org/W4399578975,https://doi.org/10.1002/aenm.202401336,2024,Prospects and Strategies for Single‐Crystal NCM Materials to Solve All‐Solid‐State Battery Cathode Interface Problems
snapshot_1,Topic_NCM811_composite_cathode_solid-state_battery_2015-2024_Knowledge.txt,287,https://openalex.org/W4206396013,https://doi.org/10.3390/ma15010396,2022,Improving Fast Charging-Discharging Performances of Ni-Rich LiNi0.8Co0.1Mn0.1O2 Cathode Material by Electronic Conductor LaNiO3 Crystallites
snapshot_1,Topic_NCM811_composite_cathode_solid-state_battery_2015-2024_Knowledge.txt,288,https://openalex.org/W4322770942,https://doi.org/10.3390/batteries9030156,2023,"Safety Issues of Layered Nickel-Based Cathode Materials for Lithium-Ion Batteries: Origin, Strategies and Prospects"
snapshot_1,Topic_NCM811_composite_cathode_solid-state_battery_2015-2024_Knowledge.txt,289,https://openalex.org/W4403355241,https://doi.org/10.1038/s41467-024-52767-8,2024,Nb1.60Ti0.32W0.08O5−δ as negative electrode active material for durable and fast-charging all-solid-state Li-ion batteries
snapshot_1,Topic_NCM811_composite_cathode_solid-state_battery_2015-2024_Knowledge.txt,290,https://openalex.org/W4388239011,https://doi.org/10.20517/energymater.2023.48,2023,"Ionic liquids and their derivatives for lithium batteries: role, design strategy, and perspectives"
snapshot_1,Topic_NCM811_composite_cathode_solid-state_battery_2015-2024_Knowledge.txt,291,https://openalex.org/W3204131366,https://doi.org/10.1002/eom2.12141,2021,Recent advance in structure regulation of high‐capacity Ni‐rich layered oxide cathodes
snapshot_1,Topic_NCM811_composite_cathode_solid-state_battery_2015-2024_Knowledge.txt,292,https://openalex.org/W4383376431,https://doi.org/10.1002/idm2.12108,2023,Architectural design and electrochemical performance of MOF‐based solid‐state electrolytes for high‐performance secondary batteries
snapshot_1,Topic_NCM811_composite_cathode_solid-state_battery_2015-2024_Knowledge.txt,293,https://openalex.org/W4206275902,https://doi.org/10.3390/polym14030403,2022,Designing Versatile Polymers for Lithium-Ion Battery Applications: A Review
snapshot_1,Topic_NCM811_composite_cathode_solid-state_battery_2015-2024_Knowledge.txt,294,https://openalex.org/W4404777692,https://doi.org/10.1002/smll.202408045,2024,PEO‐Based Solid‐State Polymer Electrolytes for Wide‐Temperature Solid‐State Lithium Metal Batteries
snapshot_1,Topic_NCM811_composite_cathode_solid-state_battery_2015-2024_Knowledge.txt,295,https://openalex.org/W4392701805,https://doi.org/10.1002/ange.202401428,2024,Solvation‐Tailored PVDF‐Based Solid‐State Electrolyte for High‐Voltage Lithium Metal Batteries
snapshot_1,Topic_NCM811_composite_cathode_solid-state_battery_2015-2024_Knowledge.txt,296,https://openalex.org/W4404008856,https://doi.org/10.1038/s44172-024-00306-0,2024,Cost modeling for the GWh-scale production of modern lithium-ion battery cells
snapshot_1,Topic_NCM811_composite_cathode_solid-state_battery_2015-2024_Knowledge.txt,297,https://openalex.org/W4375858462,https://doi.org/10.1007/s12209-023-00355-0,2023,Recent Advances in Electrolytes for High-Voltage Cathodes of Lithium-Ion Batteries
snapshot_1,Topic_NCM811_composite_cathode_solid-state_battery_2015-2024_Knowledge.txt,298,https://openalex.org/W4367277945,https://doi.org/10.1039/d3gc00323j,2023,Waste to wealth: direct utilization of spent materials for electrocatalysis and energy storage
snapshot_1,Topic_NCM811_composite_cathode_solid-state_battery_2015-2024_Knowledge.txt,299,https://openalex.org/W3173293842,https://doi.org/10.1002/aesr.202100088,2021,Recent Progresses on Applications of Conducting Polymers for Modifying Electrode of Rechargeable Batteries
snapshot_1,Topic_NCM811_composite_cathode_solid-state_battery_2015-2024_Knowledge.txt,300,https://openalex.org/W4377195634,https://doi.org/10.1002/adfm.202303077,2023,Manipulating Ion Transfer and Interface Stability by A Bulk Interphase Framework for Stable Lithium Metal Batteries
snapshot_1,Topic_NCM811_composite_cathode_solid-state_battery_2015-2024_Knowledge.txt,301,https://openalex.org/W4389056243,https://doi.org/10.3390/molecules28237788,2023,Coatings on Lithium Battery Separators: A Strategy to Inhibit Lithium Dendrites Growth
snapshot_1,Topic_NCM811_composite_cathode_solid-state_battery_2015-2024_Knowledge.txt,302,https://openalex.org/W4311393081,https://doi.org/10.3390/batteries8120287,2022,Review on Battery Packing Design Strategies for Superior Thermal Management in Electric Vehicles
snapshot_1,Topic_NCM811_composite_cathode_solid-state_battery_2015-2024_Knowledge.txt,303,https://openalex.org/W4385061259,https://doi.org/10.1039/d3qm00362k,2023,<i>In situ</i> fabrication of fluorine-modified acrylate-based gel polymer electrolytes for lithium-metal batteries
snapshot_1,Topic_NCM811_composite_cathode_solid-state_battery_2015-2024_Knowledge.txt,304,https://openalex.org/W4388284352,https://doi.org/10.1126/sciadv.adj8171,2023,A prototype of dual-ion conductor for all-solid-state lithium batteries
snapshot_1,Topic_NCM811_composite_cathode_solid-state_battery_2015-2024_Knowledge.txt,305,https://openalex.org/W4404062263,https://doi.org/10.1039/d4ta05906a,2024,Solvation and interfacial chemistry in ionic liquid based electrolytes toward rechargeable lithium-metal batteries
snapshot_1,Topic_NCM811_composite_cathode_solid-state_battery_2015-2024_Knowledge.txt,306,https://openalex.org/W4324303517,https://doi.org/10.1002/smll.202300494,2023,Stable LiF‐Rich Electrode–Electrolyte Interface toward High‐Voltage and High‐Energy‐Density Lithium Metal Solid Batteries
snapshot_1,Topic_NCM811_composite_cathode_solid-state_battery_2015-2024_Knowledge.txt,307,https://openalex.org/W4399680986,https://doi.org/10.1039/d4ta02003k,2024,Anode-free lithium metal batteries: a promising flexible energy storage system
snapshot_1,Topic_NCM811_composite_cathode_solid-state_battery_2015-2024_Knowledge.txt,308,https://openalex.org/W3085957543,https://doi.org/10.3389/fenrg.2020.00170,2020,Surface and Interface Modification of Electrode Materials for Lithium-Ion Batteries With Organic Liquid Electrolyte
snapshot_1,Topic_NCM811_composite_cathode_solid-state_battery_2015-2024_Knowledge.txt,309,https://openalex.org/W4392712624,https://doi.org/10.3389/fchem.2024.1324840,2024,Influence of cathode materials on thermal characteristics of lithium-ion batteries
snapshot_1,Topic_NCM811_composite_cathode_solid-state_battery_2015-2024_Knowledge.txt,310,https://openalex.org/W4391162313,https://doi.org/10.1002/adfm.202313308,2024,Enhanced Air Stability and Li Metal Compatibility of Li‐Argyrodite Electrolytes Triggered by In<sub>2</sub>O<sub>3</sub> Co‐Doping for All‐Solid‐State Li Metal Batteries
snapshot_1,Topic_NCM811_composite_cathode_solid-state_battery_2015-2024_Knowledge.txt,311,https://openalex.org/W4392723764,https://doi.org/10.1039/d3sc06999k,2024,The status and challenging perspectives of 3D-printed micro-batteries
snapshot_1,Topic_NCM811_composite_cathode_solid-state_battery_2015-2024_Knowledge.txt,312,https://openalex.org/W4312794665,https://doi.org/10.20517/energymater.2022.42,2022,Enabling 4.6 V LiNi0.6Co0.2Mn0.2O2 cathodes with excellent structural stability: combining surface LiLaO2 self-assembly and subsurface La-pillar engineering
snapshot_1,Topic_NCM811_composite_cathode_solid-state_battery_2015-2024_Knowledge.txt,313,https://openalex.org/W4375948095,https://doi.org/10.1002/anie.202304339,2023,A Chemically Bonded Ultraconformal Layer between the Elastic Solid Electrolyte and Lithium Anode for High‐performance Lithium Metal Batteries
snapshot_1,Topic_NCM811_composite_cathode_solid-state_battery_2015-2024_Knowledge.txt,314,https://openalex.org/W4402269041,https://doi.org/10.1002/aenm.202403291,2024,"Influence of Post‐Synthesis Processing on the Structure, Transport, and Performance of the Solid Electrolyte Li<sub>5.5</sub>PS<sub>4.5</sub>Cl<sub>1.5</sub> in All‐Solid‐State Batteries"
snapshot_1,Topic_NCM811_composite_cathode_solid-state_battery_2015-2024_Knowledge.txt,315,https://openalex.org/W4402928287,https://doi.org/10.1039/d4im00082j,2024,<i>In situ</i> polymerization of fluorinated electrolytes for high-voltage and long-cycling solid-state lithium metal batteries
snapshot_1,Topic_NCM811_composite_cathode_solid-state_battery_2015-2024_Knowledge.txt,316,https://openalex.org/W4378348923,https://doi.org/10.1002/smtd.202300345,2023,Review of the Scalable Core–Shell Synthesis Methods: The Improvements of Li‐Ion Battery Electrochemistry and Cycling Stability
snapshot_1,Topic_NCM811_composite_cathode_solid-state_battery_2015-2024_Knowledge.txt,317,https://openalex.org/W4401973099,https://doi.org/10.1002/adfm.202409492,2024,New Nitrate Additive Enabling Highly Stable and Conductive SEI for Fast‐Charging Lithium Metal Batteries
snapshot_1,Topic_NCM811_composite_cathode_solid-state_battery_2015-2024_Knowledge.txt,318,https://openalex.org/W4367679499,https://doi.org/10.1002/aenm.202300123,2023,Approaching Microsized Alloy Anodes via Solid Electrolyte Interphase Design for Advanced Rechargeable Batteries
snapshot_1,Topic_NCM811_composite_cathode_solid-state_battery_2015-2024_Knowledge.txt,319,https://openalex.org/W4214629753,https://doi.org/10.3390/coatings12030319,2022,Improved Cycling Performance and High Rate Capacity of LiNi0.8Co0.1Mn0.1O2 Cathode Achieved by Al(PO3)3 Modification via Dry Coating Ball Milling
snapshot_1,Topic_NCM811_composite_cathode_solid-state_battery_2015-2024_Knowledge.txt,320,https://openalex.org/W4311628530,https://doi.org/10.3390/en15239165,2022,Electrochemical Failure Results Inevitable Capacity Degradation in Li-Ion Batteries—A Review
snapshot_1,Topic_NCM811_composite_cathode_solid-state_battery_2015-2024_Knowledge.txt,321,https://openalex.org/W4387188364,https://doi.org/10.3389/fbael.2023.1272439,2023,Reasonable design of thick electrodes in lithium-ion batteries
snapshot_1,Topic_NCM811_composite_cathode_solid-state_battery_2015-2024_Knowledge.txt,322,https://openalex.org/W4403244123,https://doi.org/10.1007/s12613-024-2948-y,2024,Recent progress in Ni-rich layered oxides and related cathode materials for Li-ion cells
snapshot_1,Topic_NCM811_composite_cathode_solid-state_battery_2015-2024_Knowledge.txt,323,https://openalex.org/W4399077223,https://doi.org/10.1002/smll.202402123,2024,Localized High‐Concentration Sulfone Electrolytes with High‐Voltage Stability and Flame Retardancy for Ni‐Rich Lithium Metal Batteries
snapshot_1,Topic_NCM811_composite_cathode_solid-state_battery_2015-2024_Knowledge.txt,324,https://openalex.org/W4388900740,https://doi.org/10.1002/aenm.202303020,2023,Supramolecular Salt‐Assisted Quasi‐Solid‐State Electrolyte Promoting Dual Conductive Interface for High‐Energy‐Density Lithium Metal Batteries
snapshot_1,Topic_NCM811_composite_cathode_solid-state_battery_2015-2024_Knowledge.txt,325,https://openalex.org/W4389222643,https://doi.org/10.3390/nano13233065,2023,The Effect of Conductive Additive Morphology and Crystallinity on the Electrochemical Performance of Ni-Rich Cathodes for Sulfide All-Solid-State Lithium-Ion Batteries
snapshot_1,Topic_NCM811_composite_cathode_solid-state_battery_2015-2024_Knowledge.txt,326,https://openalex.org/W4403821264,https://doi.org/10.1002/idm2.12225,2024,Anion‐repulsive polyoxometalate@MOF‐modified separators for dendrite‐free and high‐rate lithium batteries
snapshot_1,Topic_NCM811_composite_cathode_solid-state_battery_2015-2024_Knowledge.txt,327,https://openalex.org/W4388116100,https://doi.org/10.1016/j.heliyon.2023.e21881,2023,Benchmarking the electrochemical parameters of the LiNi0.8Mn0.1Co0.1O2 positive electrode material for Li-ion batteries
snapshot_1,Topic_NCM811_composite_cathode_solid-state_battery_2015-2024_Knowledge.txt,328,https://openalex.org/W4391754335,https://doi.org/10.1016/j.nanoms.2024.01.004,2024,Progress in doping and crystal deformation for polyanions cathode based lithium-ion batteries
snapshot_1,Topic_NCM811_composite_cathode_solid-state_battery_2015-2024_Knowledge.txt,329,https://openalex.org/W4389886189,https://doi.org/10.1002/inf2.12487,2023,Frameworked electrolytes: Ionic transport behavior and high mobility for solid state batteries
snapshot_1,Topic_NCM811_composite_cathode_solid-state_battery_2015-2024_Knowledge.txt,330,https://openalex.org/W4392110526,https://doi.org/10.1007/s40820-024-01341-4,2024,Insights into Nano- and Micro-Structured Scaffolds for Advanced Electrochemical Energy Storage
snapshot_1,Topic_NCM811_composite_cathode_solid-state_battery_2015-2024_Knowledge.txt,331,https://openalex.org/W4401376313,https://doi.org/10.1038/s41598-024-69330-6,2024,Efficacy of atomic layer deposition of Al2O3 on composite LiNi0.8Mn0.1Co0.1O2 electrode for Li-ion batteries
snapshot_1,Topic_NCM811_composite_cathode_solid-state_battery_2015-2024_Knowledge.txt,332,https://openalex.org/W4400990075,https://doi.org/10.1002/advs.202405135,2024,In Situ Encapsulation of SnS <sub>2</sub> /MoS <sub>2</sub> Heterojunctions by Amphiphilic Graphene for High‐Energy and Ultrastable Lithium‐Ion Anodes
snapshot_1,Topic_NCM811_composite_cathode_solid-state_battery_2015-2024_Knowledge.txt,333,https://openalex.org/W4316465427,https://doi.org/10.3390/molecules28020823,2023,Electrolyte Design Strategies for Non-Aqueous High-Voltage Potassium-Based Batteries
snapshot_1,Topic_NCM811_composite_cathode_solid-state_battery_2015-2024_Knowledge.txt,334,https://openalex.org/W4395110494,https://doi.org/10.1002/celc.202300759,2024,Challenges and Advances in Wide‐Temperature Electrolytes for Lithium‐Ion Batteries
snapshot_1,Topic_NCM811_composite_cathode_solid-state_battery_2015-2024_Knowledge.txt,335,https://openalex.org/W3132960898,https://doi.org/10.3389/fphy.2020.616066,2021,First-Principles Investigation on Electrochemical Performance of Na-Doped LiNi1/3Co1/3Mn1/3O2
snapshot_1,Topic_NCM811_composite_cathode_solid-state_battery_2015-2024_Knowledge.txt,336,https://openalex.org/W3181717427,https://doi.org/10.1155/2021/9312358,2021,Hydrothermal Synthesis of Li2MnO3-Stabilized LiMnO2 as a Cathode Material for Li-Ion Battery
snapshot_1,Topic_NCM811_composite_cathode_solid-state_battery_2015-2024_Knowledge.txt,337,https://openalex.org/W4389335814,https://doi.org/10.1039/d3ta04822e,2023,Enhancing ionic conductivity and suppressing Li dendrite formation in lithium batteries using a vinylene-linked covalent organic framework solid polymer electrolyte
snapshot_1,Topic_NCM811_composite_cathode_solid-state_battery_2015-2024_Knowledge.txt,338,https://openalex.org/W4402441219,https://doi.org/10.1038/s41467-024-52226-4,2024,Unveiling crystal orientation-dependent interface property in composite cathodes for solid-state batteries by in situ microscopic probe
snapshot_1,Topic_NCM811_composite_cathode_solid-state_battery_2015-2024_Knowledge.txt,339,https://openalex.org/W4401779781,https://doi.org/10.1002/aesr.202400135,2024,Progress and Challenges in Buffer Layers Between Cathode Materials and Sulfide Solid Electrolytes in All‐Solid‐State Batteries
snapshot_1,Topic_NCM811_composite_cathode_solid-state_battery_2015-2024_Knowledge.txt,340,https://openalex.org/W4399749647,https://doi.org/10.1007/s40820-024-01415-3,2024,Stable Cycling of All-Solid-State Lithium Batteries Enabled by Cyano-Molecular Diamond Improved Polymer Electrolytes
snapshot_1,Topic_NCM811_composite_cathode_solid-state_battery_2015-2024_Knowledge.txt,341,https://openalex.org/W4366975694,https://doi.org/10.3390/mi14050907,2023,Silver Nanocoating of LiNi0.8Co0.1Mn0.1O2 Cathode Material for Lithium-Ion Batteries
snapshot_1,Topic_NCM811_composite_cathode_solid-state_battery_2015-2024_Knowledge.txt,342,https://openalex.org/W4315780981,https://doi.org/10.3390/nano13020324,2023,Solvent-Free Processed Cathode Slurry with Carbon Nanotube Conductors for Li-Ion Batteries
snapshot_1,Topic_NCM811_composite_cathode_solid-state_battery_2015-2024_Knowledge.txt,343,https://openalex.org/W4224288574,https://doi.org/10.23919/ien.2022.0003,2022,A perspective on energy chemistry of low-temperature lithium metal batteries
snapshot_1,Topic_NCM811_composite_cathode_solid-state_battery_2015-2024_Knowledge.txt,344,https://openalex.org/W4311206278,https://doi.org/10.1002/advs.202205108,2022,Directional Ion Transport Enabled by Self‐Luminous Framework for High‐Performance Quasi‐Solid‐State Lithium Metal Batteries
snapshot_1,Topic_NCM811_composite_cathode_solid-state_battery_2015-2024_Knowledge.txt,345,https://openalex.org/W3206763238,https://doi.org/10.1039/d1ra05897e,2021,Improving the electrochemical performance of cathode composites using different sized solid electrolytes for all solid-state lithium batteries
snapshot_1,Topic_NCM811_composite_cathode_solid-state_battery_2015-2024_Knowledge.txt,346,https://openalex.org/W4387728388,https://doi.org/10.1002/adma.202305748,2023,Reducing Gases Triggered Cathode Surface Reconstruction for Stable Cathode–Electrolyte Interface in Practical All‐Solid‐State Lithium Batteries
snapshot_1,Topic_NCM811_composite_cathode_solid-state_battery_2015-2024_Knowledge.txt,347,https://openalex.org/W4390607430,https://doi.org/10.1002/metm.13,2024,Interface challenges and research progress toward solid polymer electrolytes‐based lithium metal batteries
snapshot_1,Topic_NCM811_composite_cathode_solid-state_battery_2015-2024_Knowledge.txt,348,https://openalex.org/W4367055014,https://doi.org/10.3390/batteries9050244,2023,Lithium Niobate for Fast Cycling in Li-ion Batteries: Review and New Experimental Results
snapshot_1,Topic_NCM811_composite_cathode_solid-state_battery_2015-2024_Knowledge.txt,349,https://openalex.org/W4310288524,https://doi.org/10.1002/cssc.202202161,2022,Enabling Aqueous Processing of Ni‐Rich Layered Oxide Cathode Materials by Addition of Lithium Sulfate
snapshot_1,Topic_NCM811_composite_cathode_solid-state_battery_2015-2024_Knowledge.txt,350,https://openalex.org/W4400472893,https://doi.org/10.1002/sus2.218,2024,Air‐stable Li<sub>3.12</sub>P<sub>0.94</sub>Bi<sub>0.06</sub>S<sub>3.91</sub>I<sub>0.18</sub> solid‐state electrolyte with high ionic conductivity and lithium anode compatibility toward high‐performance all‐solid‐state lithium metal batteries
snapshot_1,Topic_NCM811_composite_cathode_solid-state_battery_2015-2024_Knowledge.txt,351,https://openalex.org/W4365145643,https://doi.org/10.1002/batt.202300057,2023,<i>In situ</i> Synthesis of Gel Polymer Electrolytes for Lithium Batteries
snapshot_1,Topic_NCM811_composite_cathode_solid-state_battery_2015-2024_Knowledge.txt,352,https://openalex.org/W4376565683,https://doi.org/10.1002/adfm.202302229,2023,The Restrained Li/Gel Polymer Electrolyte Interface Deterioration Enabled by the Synergetic Effect of Ultra‐Lithiophilic Interphase and Interfacial Coupling Skeleton
snapshot_1,Topic_NCM811_composite_cathode_solid-state_battery_2015-2024_Knowledge.txt,353,https://openalex.org/W4391847004,https://doi.org/10.3390/batteries10020062,2024,Intrinsic Safety Risk Control and Early Warning Methods for Lithium-Ion Power Batteries
snapshot_1,Topic_NCM811_composite_cathode_solid-state_battery_2015-2024_Knowledge.txt,354,https://openalex.org/W4391377542,https://doi.org/10.1021/acsenergylett.3c02117,2024,Hydroborate Solid-State Lithium Battery with High-Voltage NMC811 Cathode
snapshot_1,Topic_NCM811_composite_cathode_solid-state_battery_2015-2024_Knowledge.txt,355,https://openalex.org/W4400901884,https://doi.org/10.1002/aenm.202402064,2024,Generalized Interphase Design for Stabilized Li/Inorganic Electrolyte Interfaces
snapshot_1,Topic_NCM811_composite_cathode_solid-state_battery_2015-2024_Knowledge.txt,356,https://openalex.org/W4391942440,https://doi.org/10.1002/smll.202311500,2024,Recent Advances in Understanding of the Singlet Oxygen in Energy Storage and Conversion
snapshot_1,Topic_NCM811_composite_cathode_solid-state_battery_2015-2024_Knowledge.txt,357,https://openalex.org/W4385614099,https://doi.org/10.1002/advs.202302263,2023,Design Strategies for Anodes and Interfaces Toward Practical Solid‐State Li‐Metal Batteries
snapshot_1,Topic_NCM811_composite_cathode_solid-state_battery_2015-2024_Knowledge.txt,358,https://openalex.org/W3123185224,https://doi.org/10.1039/d0ta07814j,2021,Essential effect of the electrolyte on the mechanical and chemical degradation of LiNi<sub>0.8</sub>Co<sub>0.15</sub>Al<sub>0.05</sub>O<sub>2</sub> cathodes upon long-term cycling
snapshot_1,Topic_NCM811_composite_cathode_solid-state_battery_2015-2024_Knowledge.txt,359,https://openalex.org/W4403157853,https://doi.org/10.1002/eem2.12831,2024,Tailored Engineering on the Interface Between Lithium Metal Anode and Solid‐State Electrolytes
snapshot_1,Topic_NCM811_composite_cathode_solid-state_battery_2015-2024_Knowledge.txt,360,https://openalex.org/W4380589151,https://doi.org/10.1039/d3ra02488a,2023,An ionic liquid- and PEO-based ternary polymer electrolyte for lithium metal batteries: an advanced processing solvent-free approach for solid electrolyte processing
snapshot_1,Topic_NCM811_composite_cathode_solid-state_battery_2015-2024_Knowledge.txt,361,https://openalex.org/W4386422677,https://doi.org/10.3390/en16176407,2023,Investigation of the Electrochemical and Thermal Characteristics of NCM811-21700 Cylindrical Lithium-Ion Battery: A Numerical Study and Model Validation
snapshot_1,Topic_NCM811_composite_cathode_solid-state_battery_2015-2024_Knowledge.txt,362,https://openalex.org/W4390655446,https://doi.org/10.20944/preprints202401.0401.v1,2024,Advancements and Challenges in Solid-State Battery Technology: An In-Depth Review of Solid Electrolytes and Anode Innovations
snapshot_1,Topic_NCM811_composite_cathode_solid-state_battery_2015-2024_Knowledge.txt,363,https://openalex.org/W4321350442,https://doi.org/10.1002/advs.202206714,2023,Interface Engineering via Regulating Electrolyte for High‐Voltage Layered Oxide Cathodes‐Based Li‐Ion Batteries
snapshot_1,Topic_NCM811_composite_cathode_solid-state_battery_2015-2024_Knowledge.txt,364,https://openalex.org/W4386753554,https://doi.org/10.1002/adfm.202308103,2023,Stabilizing Li Growth Using Li/LLZO Composites for High‐Performance Li‐Metal‐Based Batteries
snapshot_1,Topic_NCM811_composite_cathode_solid-state_battery_2015-2024_Knowledge.txt,365,https://openalex.org/W4376139763,https://doi.org/10.3390/molecules28104007,2023,Layered-Oxide Cathode Materials for Fast-Charging Lithium-Ion Batteries: A Review
snapshot_1,Topic_NCM811_composite_cathode_solid-state_battery_2015-2024_Knowledge.txt,366,https://openalex.org/W4405091386,https://doi.org/10.1002/cey2.651,2024,Vertical channels enable excellent lithium storage kinetics and cycling stability in silicon/carbon thick electrode
snapshot_1,Topic_NCM811_composite_cathode_solid-state_battery_2015-2024_Knowledge.txt,367,https://openalex.org/W4396605137,https://doi.org/10.1038/s41467-024-47950-w,2024,Polymer hetero-electrolyte enabled solid-state 2.4-V Zn/Li hybrid batteries
snapshot_1,Topic_NCM811_composite_cathode_solid-state_battery_2015-2024_Knowledge.txt,368,https://openalex.org/W4405326960,https://doi.org/10.1002/aenm.202403678,2024,Flame Retardant Polyurethane‐Based Semi‐Interpenetrating Network Electrolyte with Continuous Ion Channel for High‐Voltage Lithium‐Metal Batteries
snapshot_1,Topic_NCM811_composite_cathode_solid-state_battery_2015-2024_Knowledge.txt,369,https://openalex.org/W4387331540,https://doi.org/10.3390/batteries9100503,2023,New Insights of Infiltration Process of Argyrodite Li6PS5Cl Solid Electrolyte into Conventional Lithium-Ion Electrodes for Solid-State Batteries
snapshot_1,Topic_NCM811_composite_cathode_solid-state_battery_2015-2024_Knowledge.txt,370,https://openalex.org/W4401524570,https://doi.org/10.1039/d4nr02119c,2024,A buffering PVDF-HFP-based gel polymer electrolyte for stable and flexible lithium batteries
snapshot_1,Topic_NCM811_composite_cathode_solid-state_battery_2015-2024_Knowledge.txt,371,https://openalex.org/W4390673858,https://doi.org/10.1007/s40820-023-01265-5,2024,Textured Asymmetric Membrane Electrode Assemblies of Piezoelectric Phosphorene and Ti3C2Tx MXene Heterostructures for Enhanced Electrochemical Stability and Kinetics in LIBs
snapshot_1,Topic_NCM811_composite_cathode_solid-state_battery_2015-2024_Knowledge.txt,372,https://openalex.org/W4380686153,https://doi.org/10.33961/jecst.2023.00290,2023,Improved Performance of Lithium-Ion Batteries using a Multilayer Cathode of LiFePO4 and LiNi0.8Co0.1Mn0.1O2
snapshot_1,Topic_NCM811_composite_cathode_solid-state_battery_2015-2024_Knowledge.txt,373,https://openalex.org/W4405116671,https://doi.org/10.1002/eem2.12859,2024,Volumetric Stress Managements on Silicon Anode of Lithium‐Ion Batteries by a Self‐Adaptable Binder
snapshot_1,Topic_NCM811_composite_cathode_solid-state_battery_2015-2024_Knowledge.txt,374,https://openalex.org/W4390765227,https://doi.org/10.1002/adfm.202305934,2024,High Long‐Term Performance of 325‐Mesh Silicon Microparticle Anodes in Li‐Ion Batteries Enabled by Hierarchical Structure of Graphene Oxide and DNA Binder
snapshot_1,Topic_NCM811_composite_cathode_solid-state_battery_2015-2024_Knowledge.txt,375,https://openalex.org/W4362716640,https://doi.org/10.1002/smll.202300500,2023,Asymmetric Swelling Behaviors of High‐Energy‐Density Lithium‐Ion Batteries with a SiO<i><sub>x</sub></i>/Graphite Composite Anode
snapshot_1,Topic_NCM811_composite_cathode_solid-state_battery_2015-2024_Knowledge.txt,376,https://openalex.org/W4400509386,https://doi.org/10.1002/sstr.202400050,2024,Quasi‐Solid Composite Polymer Electrolyte‐Based Structural Batteries with High Ionic Conductivity and Excellent Mechanical Properties
snapshot_1,Topic_NCM811_composite_cathode_solid-state_battery_2015-2024_Knowledge.txt,377,https://openalex.org/W2948320858,https://doi.org/10.1039/c9ra03087e,2019,Controllable TiO<sub>2</sub> coating on the nickel-rich layered cathode through TiCl<sub>4</sub> hydrolysis <i>via</i> fluidized bed chemical vapor deposition
snapshot_1,Topic_NCM811_composite_cathode_solid-state_battery_2015-2024_Knowledge.txt,378,https://openalex.org/W4399432832,https://doi.org/10.1002/smtd.202400029,2024,Mechanism and Control Strategies of Lithium‐Ion Battery Safety: A Review
snapshot_1,Topic_NCM811_composite_cathode_solid-state_battery_2015-2024_Knowledge.txt,379,https://openalex.org/W4381664087,https://doi.org/10.1002/idm2.12105,2023,Electrolyte engineering and material modification for graphite‐based lithium‐ion batteries operated at low temperature
snapshot_1,Topic_NCM811_composite_cathode_solid-state_battery_2015-2024_Knowledge.txt,380,https://openalex.org/W4375843887,https://doi.org/10.3901/jme.2022.10.112,2022,Review of Overcharge-to-thermal Runaway and the Control Strategy for Lithium-ion Traction Batteries in Electric Vehicles
snapshot_1,Topic_NCM811_composite_cathode_solid-state_battery_2015-2024_Knowledge.txt,381,https://openalex.org/W4389669551,https://doi.org/10.3390/gels9120975,2023,Gel Polymer Electrolytes for Lithium-Ion Batteries Enabled by Photo Crosslinked Polymer Network
snapshot_1,Topic_NCM811_composite_cathode_solid-state_battery_2015-2024_Knowledge.txt,382,https://openalex.org/W3009181060,https://doi.org/10.15541/jim20190568,2020,Research Progress on Coating and Doping Modification of Nickel Rich Ternary Cathode Materials
snapshot_1,Topic_NCM811_composite_cathode_solid-state_battery_2015-2024_Knowledge.txt,383,https://openalex.org/W4405782342,https://doi.org/10.1039/d4nr04583a,2024,Design strategies and performance enhancements of PVDF-based flexible electrolytes for high-performance all-solid-state lithium metal batteries
snapshot_1,Topic_NCM811_composite_cathode_solid-state_battery_2015-2024_Knowledge.txt,384,https://openalex.org/W4403498132,https://doi.org/10.1039/d4sc04454a,2024,Molecular brush-based ultrathin polymer electrolytes with stable interfaces for high-voltage large-areal-capacity lithium metal batteries
snapshot_1,Topic_NCM811_composite_cathode_solid-state_battery_2015-2024_Knowledge.txt,385,https://openalex.org/W4386059241,https://doi.org/10.1039/d3se00844d,2023,The genesis and control of microcracks in nickel-rich cathode materials for lithium-ion batteries
snapshot_1,Topic_NCM811_composite_cathode_solid-state_battery_2015-2024_Knowledge.txt,386,https://openalex.org/W4376614413,https://doi.org/10.3390/coatings13050916,2023,Al2O3 Ceramic/Nanocellulose-Coated Non-Woven Separator for Lithium-Metal Batteries
snapshot_1,Topic_NCM811_composite_cathode_solid-state_battery_2015-2024_Knowledge.txt,387,https://openalex.org/W4312119855,https://doi.org/10.1002/smsc.202200073,2022,Atomic Layer Deposition Derived Zirconia Coatings on Ni‐Rich Cathodes in Solid‐State Batteries: Correlation Between Surface Constitution and Cycling Performance
snapshot_1,Topic_NCM811_composite_cathode_solid-state_battery_2015-2024_Knowledge.txt,388,https://openalex.org/W4389049869,https://doi.org/10.3390/nano13233027,2023,A Biodegradable Polyester-Based Polymer Electrolyte for Solid-State Lithium Batteries
snapshot_1,Topic_NCM811_composite_cathode_solid-state_battery_2015-2024_Knowledge.txt,389,https://openalex.org/W4296552804,https://doi.org/10.1021/acsami.2c10589,2022,Differences in the Interfacial Mechanical Properties of Thiophosphate and Argyrodite Solid Electrolytes and Their Composites
snapshot_1,Topic_NCM811_composite_cathode_solid-state_battery_2015-2024_Knowledge.txt,390,https://openalex.org/W4390471102,https://doi.org/10.3390/batteries10010013,2023,The Next Frontier in Energy Storage: A Game-Changing Guide to Advances in Solid-State Battery Cathodes
snapshot_1,Topic_NCM811_composite_cathode_solid-state_battery_2015-2024_Knowledge.txt,391,https://openalex.org/W4402750236,https://doi.org/10.3390/polym16182661,2024,Electrolytes for High-Safety Lithium-Ion Batteries at Low Temperature: A Review
snapshot_1,Topic_NCM811_composite_cathode_solid-state_battery_2015-2024_Knowledge.txt,392,https://openalex.org/W4405200643,https://doi.org/10.1002/aenm.202403944,2024,Solvation Structure Engineering via Inorganic–Organic Composite Layer for Corrosion‐Resistant Lithium Metal Anodes in High‐Concentration Electrolyte
snapshot_1,Topic_NCM811_composite_cathode_solid-state_battery_2015-2024_Knowledge.txt,393,https://openalex.org/W4402481530,https://doi.org/10.1002/cey2.610,2024,Regulating Li electrodeposition by constructing Cu–Sn nanotube thin layer for reliable and robust anode‐free all‐solid‐state batteries
snapshot_1,Topic_NCM811_composite_cathode_solid-state_battery_2015-2024_Knowledge.txt,394,https://openalex.org/W4403836077,https://doi.org/10.1002/advs.202411421,2024,In Situ Constructing Robust Interface by Deep Eutectic Polymeric Electrolyte Enables High Performance Lithium Metal Batteries with High‐Loading Cathode
snapshot_1,Topic_NCM811_composite_cathode_solid-state_battery_2015-2024_Knowledge.txt,395,https://openalex.org/W4392723989,https://doi.org/10.1093/nsr/nwae081,2024,Ordered mesoporous nanofibers mimicking vascular bundles for lithium metal batteries
snapshot_1,Topic_NCM811_composite_cathode_solid-state_battery_2015-2024_Knowledge.txt,396,https://openalex.org/W4310235272,https://doi.org/10.1002/aenm.202203143,2022,Phase Transformation and Microstructural Evolution of CuS Electrodes in Solid‐State Batteries Probed by In Situ 3D X‐Ray Tomography
snapshot_1,Topic_NCM811_composite_cathode_solid-state_battery_2015-2024_Knowledge.txt,397,https://openalex.org/W4402128342,https://doi.org/10.3390/ma17174344,2024,Advancements in Polyethylene Oxide (PEO)–Active Filler Composite Polymer Electrolytes for Lithium-Ion Batteries: A Comprehensive Review and Prospects
snapshot_1,Topic_NCM811_composite_cathode_solid-state_battery_2015-2024_Knowledge.txt,398,https://openalex.org/W4402146541,https://doi.org/10.1002/adfm.202410845,2024,Ultrafast One‐Step Synthesis of Garnet‐Type Solid Electrolytes With Modified Surface and Microstructure for Solid‐State Lithium‐Metal Batteries
snapshot_1,Topic_NCM811_composite_cathode_solid-state_battery_2015-2024_Knowledge.txt,399,https://openalex.org/W4387996365,https://doi.org/10.1002/cssc.202301242,2023,"Ionic Liquid Boosting the Electrochemical Stability of a Poly(1,3‐dioxolane) Gel Electrolyte for High‐voltage Solid‐State Lithium Batteries"
snapshot_1,Topic_NCM811_composite_cathode_solid-state_battery_2015-2024_Knowledge.txt,400,https://openalex.org/W4392199802,https://doi.org/10.1002/aenm.202304543,2024,A Sintering‐Free Cathode for Garnet‐Based All‐Solid‐State Li Metal Batteries
snapshot_1,Topic_NCM811_composite_cathode_solid-state_battery_2015-2024_Knowledge.txt,401,https://openalex.org/W4403436083,https://doi.org/10.1002/ente.202401420,2024,Doping Strategies for Improving Performance of Li‐Argyrodite Solid‐State Electrolyte
snapshot_1,Topic_NCM811_composite_cathode_solid-state_battery_2015-2024_Knowledge.txt,402,https://openalex.org/W4388228593,https://doi.org/10.20517/energymater.2023.47,2023,High-stability room temperature ionic liquids: enabling efficient charge transfer in solid-state batteries by minimizing interfacial resistance
snapshot_1,Topic_NCM811_composite_cathode_solid-state_battery_2015-2024_Knowledge.txt,403,https://openalex.org/W4378602829,https://doi.org/10.1002/smll.202301005,2023,The Interaction in Electrolyte Additives Accelerates Ion Transport to Achieve High‐Energy Non‐Aqueous Lithium Metal Batteries
snapshot_1,Topic_NCM811_composite_cathode_solid-state_battery_2015-2024_Knowledge.txt,404,https://openalex.org/W4399644464,https://doi.org/10.1002/sstr.202400196,2024,Intercalation‐Conversion Hybrid Cathode Enabled by MXene‐Driven TiO<sub>2</sub>/TiS<sub>2</sub> Heterostructure for High‐Energy‐Density Li–S Battery
snapshot_1,Topic_NCM811_composite_cathode_solid-state_battery_2015-2024_Knowledge.txt,405,https://openalex.org/W4390587727,https://doi.org/10.1002/adma.202310756,2024,Air‐Stable Li<sub>2</sub>S Cathodes Enabled by an In Situ‐Formed Li<sup>+</sup> Conductor for Graphite‐Li<sub>2</sub>S Pouch Cells
snapshot_1,Topic_NCM811_composite_cathode_solid-state_battery_2015-2024_Knowledge.txt,406,https://openalex.org/W4320502815,https://doi.org/10.20517/energymater.2022.64,2023,Recent progress of multilayer polymer electrolytes for lithium batteries
snapshot_1,Topic_NCM811_composite_cathode_solid-state_battery_2015-2024_Knowledge.txt,407,https://openalex.org/W3124889935,https://doi.org/10.3390/nano11020300,2021,Improved Cycle Stability of LiSn Alloy Anode for Different Electrolyte Systems in Lithium Battery
snapshot_1,Topic_NCM811_composite_cathode_solid-state_battery_2015-2024_Knowledge.txt,408,https://openalex.org/W4379231299,https://doi.org/10.3390/nano13111789,2023,A Review of the Relationship between Gel Polymer Electrolytes and Solid Electrolyte Interfaces in Lithium Metal Batteries
snapshot_1,Topic_NCM811_composite_cathode_solid-state_battery_2015-2024_Knowledge.txt,409,https://openalex.org/W3108893153,https://doi.org/10.3390/su12229764,2020,Feasibility Study for Sustainable Use of Lithium-Ion Batteries Considering Different Positive Electrode Active Materials under Various Driving Cycles by Using Cell to Electric Vehicle (EV) Simulation
snapshot_1,Topic_NCM811_composite_cathode_solid-state_battery_2015-2024_Knowledge.txt,410,https://openalex.org/W4391892344,https://doi.org/10.1039/d3im00126a,2024,Strategies to enable microsized alloy anodes for high-energy and long-life alkali-ion batteries
snapshot_1,Topic_NCM811_composite_cathode_solid-state_battery_2015-2024_Knowledge.txt,411,https://openalex.org/W4390976570,https://doi.org/10.1007/s12274-023-6406-3,2024,Preface to special issue on celebrating the 100th anniversary of Xinjiang University
snapshot_1,Topic_NCM811_composite_cathode_solid-state_battery_2015-2024_Knowledge.txt,412,https://openalex.org/W4324091702,https://doi.org/10.3390/ma16062240,2023,Application and Research Progress of Covalent Organic Frameworks for Solid-State Electrolytes in Lithium Metal Batteries
snapshot_1,Topic_NCM811_composite_cathode_solid-state_battery_2015-2024_Knowledge.txt,413,https://openalex.org/W4405651189,https://doi.org/10.1002/aenm.202403183,2024,Fire‐Resistant Carboxylate‐Based Electrolyte for Safe and Wide‐Temperature Lithium‐Ion Batteries
snapshot_1,Topic_NCM811_composite_cathode_solid-state_battery_2015-2024_Knowledge.txt,414,https://openalex.org/W4250560116,https://doi.org/10.26434/chemrxiv.12469853.v1,2020,Electrolyte Oxidation Pathways in Lithium-Ion Batteries
snapshot_1,Topic_NCM811_composite_cathode_solid-state_battery_2015-2024_Knowledge.txt,415,https://openalex.org/W4226390187,https://doi.org/10.5796/electrochemistry.22-00018,2022,Cycle Degradation Analysis by High Precision Coulometry for Sulfide-Based All-Solid-State Battery Cathode under Various Potentials
snapshot_1,Topic_NCM811_composite_cathode_solid-state_battery_2015-2024_Knowledge.txt,416,https://openalex.org/W4396706354,https://doi.org/10.1002/ange.202406511,2024,Recent Progress in Using Covalent Organic Frameworks to Stabilize Metal Anodes for Highly‐Efficient Rechargeable Batteries
snapshot_1,Topic_NCM811_composite_cathode_solid-state_battery_2015-2024_Knowledge.txt,417,https://openalex.org/W4319927861,https://doi.org/10.1002/ente.202201397,2023,Recent Achievements on the Liquid Electrolytes for Fast‐Charging Lithium Metal Batteries
snapshot_1,Topic_NCM811_composite_cathode_solid-state_battery_2015-2024_Knowledge.txt,418,https://openalex.org/W4318689819,https://doi.org/10.1002/ente.202200945,2023,Production of Nickel‐Rich Cathodes for Lithium‐Ion Batteries from Lab to Pilot Scale under Investigation of the Process Atmosphere
snapshot_1,Topic_NCM811_composite_cathode_solid-state_battery_2015-2024_Knowledge.txt,419,https://openalex.org/W4401641035,https://doi.org/10.1002/batt.202400432,2024,"Electrolyte Developments for All‐Solid‐State Lithium Batteries: Classifications, Recent Advances and Synthesis Methods"
snapshot_1,Topic_NCM811_composite_cathode_solid-state_battery_2015-2024_Knowledge.txt,420,https://openalex.org/W4389037268,https://doi.org/10.1002/smll.202308126,2023,Rational Design of High‐Loading Electrodes with Superior Performances Toward Practical Application for Energy Storage Devices
snapshot_1,Topic_NCM811_composite_cathode_solid-state_battery_2015-2024_Knowledge.txt,421,https://openalex.org/W4390176479,https://doi.org/10.3390/en17010109,2023,Analyzing the Effect of Nano-Sized Conductive Additive Content on Cathode Electrode Performance in Sulfide All-Solid-State Lithium-Ion Batteries
snapshot_1,Topic_NCM811_composite_cathode_solid-state_battery_2015-2024_Knowledge.txt,422,https://openalex.org/W4401526170,https://doi.org/10.1002/anie.202413502,2024,Long‐Life All‐Solid‐State Batteries Enabled by Cold‐Pressed Garnet Composite Electrolytes with Enhanced Li<sup>+</sup> Conduction
snapshot_1,Topic_NCM811_composite_cathode_solid-state_battery_2015-2024_Knowledge.txt,423,https://openalex.org/W2586465487,https://doi.org/10.15541/jim20160255,2017,Research Progress on the Capacity Fading Mechanisms of High-Nickel Ternary Layered Oxide Cathode Materials
snapshot_1,Topic_NCM811_composite_cathode_solid-state_battery_2015-2024_Knowledge.txt,424,https://openalex.org/W4380083285,https://doi.org/10.3390/pr11061756,2023,The Modification of WO3 for Lithium Batteries with Nickel-Rich Ternary Cathode Materials
snapshot_1,Topic_NCM811_composite_cathode_solid-state_battery_2015-2024_Knowledge.txt,425,https://openalex.org/W4391872821,https://doi.org/10.1002/celc.202300705,2024,A Perspective on the Requirements of Ni‐rich Cathode Surface Modifications for Application in Lithium‐ion Batteries and All‐Solid‐State Lithium‐ion Batteries
snapshot_1,Topic_NCM811_composite_cathode_solid-state_battery_2015-2024_Knowledge.txt,426,https://openalex.org/W4391151228,https://doi.org/10.1002/bte2.20230045,2024,Nanoscale characterization of the solid electrolyte interphase and lithium growth by atomic force microscopy
snapshot_1,Topic_NCM811_composite_cathode_solid-state_battery_2015-2024_Knowledge.txt,427,https://openalex.org/W4312655236,https://doi.org/10.1039/d2ya00224h,2022,Flexible “polymer-in-ceramic” composite solid electrolyte PI–PEO<sub>0.2</sub>–PDA@LATP<sub>0.8</sub> and its ionic conductivity
snapshot_1,Topic_NCM811_composite_cathode_solid-state_battery_2015-2024_Knowledge.txt,428,https://openalex.org/W4398142456,https://doi.org/10.1002/smll.202401345,2024,Damage‐Tolerant and Self‐Repairing Web‐Like Borate Type Binder Enable Stable Operation of Efficient Si‐Based Anodes
snapshot_1,Topic_NCM811_composite_cathode_solid-state_battery_2015-2024_Knowledge.txt,429,https://openalex.org/W4394876520,https://doi.org/10.3390/batteries10040135,2024,Behavior of NO3−-Based Electrolyte Additive in Lithium Metal Batteries
snapshot_1,Topic_NCM811_composite_cathode_solid-state_battery_2015-2024_Knowledge.txt,430,https://openalex.org/W4366962378,https://doi.org/10.20517/energymater.2023.03,2023,Quasi-solid-state electrolytes - strategy towards stabilising Li|inorganic solid electrolyte interfaces in solid-state Li metal batteries
snapshot_1,Topic_NCM811_composite_cathode_solid-state_battery_2015-2024_Knowledge.txt,431,https://openalex.org/W4394834147,https://doi.org/10.1002/smll.202400272,2024,"Ultrathin, Mechanically Durable, and Scalable Polymer‐in‐Salt Solid Electrolyte for High‐Rate Lithium Metal Batteries"
snapshot_1,Topic_NCM811_composite_cathode_solid-state_battery_2015-2024_Knowledge.txt,432,https://openalex.org/W4367000445,https://doi.org/10.48550/arxiv.2304.12208,2023,Can ChatGPT be used to generate scientific hypotheses?
snapshot_1,Topic_NCM811_composite_cathode_solid-state_battery_2015-2024_Knowledge.txt,433,https://openalex.org/W4226174382,https://doi.org/10.14447/jnmes.v24i4.a02,2021,Cathode Materials for Lithium-ion Batteries: A Brief Review
snapshot_1,Topic_NCM811_composite_cathode_solid-state_battery_2015-2024_Knowledge.txt,434,https://openalex.org/W4400456153,https://doi.org/10.3390/mi15070894,2024,Advancing Lithium-Ion Batteries’ Electrochemical Performance: Ultrathin Alumina Coating on Li(Ni0.8Co0.1Mn0.1)O2 Cathode Materials
snapshot_1,Topic_NCM811_composite_cathode_solid-state_battery_2015-2024_Knowledge.txt,435,https://openalex.org/W4318426641,https://doi.org/10.1016/j.heliyon.2023.e13292,2023,"Safety, high-performing and effects of the N/P ratio of a solid lithium ion battery using PEGDME based polymer electrolytes"
snapshot_1,Topic_NCM811_composite_cathode_solid-state_battery_2015-2024_Knowledge.txt,436,https://openalex.org/W4313485309,https://doi.org/10.31635/ccschem.023.202202635,2023,Pushing the Limit of Flexible Batteries
snapshot_1,Topic_NCM811_composite_cathode_solid-state_battery_2015-2024_Knowledge.txt,437,https://openalex.org/W4400240913,https://doi.org/10.1002/cey2.594,2024,Li‐ion transport mechanisms in Ge/Cl dual‐doped Li<sub>10</sub>GeP<sub>2</sub>S<sub>12</sub> solid electrolytes: Synergistic insights from experimental structural characterization and machine‐learning‐assisted atomistic modeling
snapshot_1,Topic_NCM811_composite_cathode_solid-state_battery_2015-2024_Knowledge.txt,438,https://openalex.org/W4392862628,https://doi.org/10.1021/acs.energyfuels.4c00039,2024,Elucidating the Role of Carbon Conductive Additive in the Processing and Electrochemical Behavior of Surface-Modified Si Anodes
snapshot_1,Topic_NCM811_composite_cathode_solid-state_battery_2015-2024_Knowledge.txt,439,https://openalex.org/W4403699466,https://doi.org/10.1002/smll.202407284,2024,"Performance Degradation Mechanism of the Si@N, S‐Doped Carbon Anode in Sulfide‐Based All‐Solid‐State Batteries"
snapshot_1,Topic_NCM811_composite_cathode_solid-state_battery_2015-2024_Knowledge.txt,440,https://openalex.org/W4220860739,https://doi.org/10.1021/acsaem.1c04106,2022,Polymer-Stabilized Liquid Metal Nanoparticles as a Scalable Current Collector Engineering Approach Enabling Lithium Metal Anodes
snapshot_1,Topic_NCM811_composite_cathode_solid-state_battery_2015-2024_Knowledge.txt,441,https://openalex.org/W4398237059,https://doi.org/10.3390/molecules29112454,2024,"In Situ-Initiated Poly-1,3-dioxolane Gel Electrolyte for High-Voltage Lithium Metal Batteries"
snapshot_1,Topic_NCM811_composite_cathode_solid-state_battery_2015-2024_Knowledge.txt,442,https://openalex.org/W4381742879,https://doi.org/10.1021/acs.chemmater.3c00851,2023,Enabling Ambient Stability of LiNiO<sub>2</sub> Lithium-Ion Battery Cathode Materials via Graphene–Cellulose Composite Coatings
snapshot_1,Topic_NCM811_composite_cathode_solid-state_battery_2015-2024_Knowledge.txt,443,https://openalex.org/W4403482325,https://doi.org/10.1038/s41427-024-00555-7,2024,Infiltration-driven performance enhancement of poly-crystalline cathodes in all-solid-state batteries
snapshot_1,Topic_NCM811_composite_cathode_solid-state_battery_2015-2024_Knowledge.txt,444,https://openalex.org/W4386994351,https://doi.org/10.1002/sstr.202300247,2023,Construction of Stable Oxygen Redox by Electrochemical Activation O–TM–Se in Nickel‐Rich Layered Oxides for Lithium‐Ion Batteries
snapshot_1,Topic_NCM811_composite_cathode_solid-state_battery_2015-2024_Knowledge.txt,445,https://openalex.org/W4392985483,https://doi.org/10.1002/cssc.202301808,2024,"Challenges and Recent Progress on Solid‐State Batteries and Electrolytes, using Qualitative Systematic Analysis. A Short Review"
snapshot_1,Topic_NCM811_composite_cathode_solid-state_battery_2015-2024_Knowledge.txt,446,https://openalex.org/W4385443303,https://doi.org/10.1088/1361-6528/acec4f,2023,Recent advances on low-Co and Co-free high entropy layered oxide cathodes for lithium-ion batteries
snapshot_1,Topic_NCM811_composite_cathode_solid-state_battery_2015-2024_Knowledge.txt,447,https://openalex.org/W4402808098,https://doi.org/10.1002/adfm.202413958,2024,Assessment of “Inverse” Cross‐Talk (Anode to Cathode) in High‐Voltage Li/Mn‐Rich Layered Oxide || Li Cells
snapshot_1,Topic_NCM811_composite_cathode_solid-state_battery_2015-2024_Knowledge.txt,448,https://openalex.org/W4312975465,https://doi.org/10.6023/a22070314,2022,Key Advances of High-voltage Solid-state Lithium Metal Batteries Based on Poly(ethylene oxide) Polymer Electrolytes
snapshot_1,Topic_NCM811_composite_cathode_solid-state_battery_2015-2024_Knowledge.txt,449,https://openalex.org/W4378573909,https://doi.org/10.3390/batteries9060292,2023,Li3BO3-Li3PO4 Composites for Efficient Buffer Layer of Sulphide-Based All-Solid-State Batteries
snapshot_1,Topic_NCM811_composite_cathode_solid-state_battery_2015-2024_Knowledge.txt,450,https://openalex.org/W4401521878,https://doi.org/10.33961/jecst.2024.00759,2024,Recent Advances in Anode-free Solid-state Batteries: A Review
snapshot_1,Topic_NCM811_composite_cathode_solid-state_battery_2015-2024_Knowledge.txt,451,https://openalex.org/W4384299705,https://doi.org/10.3390/catal13071096,2023,Progress in the Preparation of Metal Oxide Electrodes for the Electrochemical Treatment of Organic Wastewater: A Short Review
snapshot_1,Topic_NCM811_composite_cathode_solid-state_battery_2015-2024_Knowledge.txt,452,https://openalex.org/W4297546673,https://doi.org/10.3390/nano12193354,2022,Synergetic Effect of Hybrid Conductive Additives for High-Capacity and Excellent Cyclability in Si Anodes
snapshot_1,Topic_NCM811_composite_cathode_solid-state_battery_2015-2024_Knowledge.txt,453,https://openalex.org/W3043626401,https://doi.org/10.1038/s41598-020-68865-8,2020,Facile formulation and fabrication of the cathode using a self-lithiated carbon for all-solid-state batteries
snapshot_1,Topic_NCM811_composite_cathode_solid-state_battery_2015-2024_Knowledge.txt,454,https://openalex.org/W4402379306,https://doi.org/10.1039/d4ta04857a,2024,Synthesis of a crosslinked ether-based polymer for high-performance semi-solid lithium metal batteries <i>via in situ</i> integration
snapshot_1,Topic_NCM811_composite_cathode_solid-state_battery_2015-2024_Knowledge.txt,455,https://openalex.org/W4281634990,https://doi.org/10.1038/s41529-022-00255-z,2022,A greyscale erosion algorithm for tomography (GREAT) to rapidly detect battery particle defects
snapshot_1,Topic_NCM811_composite_cathode_solid-state_battery_2015-2024_Knowledge.txt,456,https://openalex.org/W4403158361,https://doi.org/10.1002/smtd.202400571,2024,Li–Sb Alloy Formation Strategy to Improve Interfacial Stability of All‐Solid‐State Lithium Batteries
snapshot_1,Topic_NCM811_composite_cathode_solid-state_battery_2015-2024_Knowledge.txt,457,https://openalex.org/W4390244815,https://doi.org/10.1002/smll.202307997,2023,Toward High‐Quality Sulfide Solid Electrolytes: A Liquid‐Phase Approach Featured with an Interparticle Coupled Unification Effect
snapshot_1,Topic_NCM811_composite_cathode_solid-state_battery_2015-2024_Knowledge.txt,458,https://openalex.org/W4280590045,https://doi.org/10.1107/s1600576722003089,2022,A multipurpose laboratory diffractometer for <i>operando</i> powder X-ray diffraction investigations of energy materials
snapshot_1,Topic_NCM811_composite_cathode_solid-state_battery_2015-2024_Knowledge.txt,459,https://openalex.org/W4399942795,https://doi.org/10.1021/acsami.4c01661,2024,Operando Study Insights into Lithiation/Delithiation Processes in a Poly(ethylene oxide) Electrolyte of All-Solid-State Lithium Batteries by Grazing-Incidence X-ray Scattering
snapshot_1,Topic_NCM811_composite_cathode_solid-state_battery_2015-2024_Knowledge.txt,460,https://openalex.org/W4280534017,https://doi.org/10.3389/fchem.2022.884308,2022,"Rational Engineering of Anode Current Collector for Dendrite-Free Lithium Deposition: Strategy, Application, and Perspective"
snapshot_1,Topic_NCM811_composite_cathode_solid-state_battery_2015-2024_Knowledge.txt,461,https://openalex.org/W4226199737,https://doi.org/10.20517/energymater.2022.02,2022,Multi-dimensional correlation of layered Li-rich Mn-based cathode materials
snapshot_1,Topic_NCM811_composite_cathode_solid-state_battery_2015-2024_Knowledge.txt,462,https://openalex.org/W4386524326,https://doi.org/10.1021/acs.joc.3c01056,2023,"Pyrene-Based Cationic Fluorophores with High Affinity for BF<sub>4</sub><sup>–</sup>, PF<sub>6</sub><sup>–</sup>, and ClO<sub>4</sub><sup>–</sup> Anions: Detection and Removal"
snapshot_1,Topic_NCM811_composite_cathode_solid-state_battery_2015-2024_Knowledge.txt,463,https://openalex.org/W4389781998,https://doi.org/10.3390/batteries9120590,2023,Analysis of Ni-Rich Cathode Composite Electrode Performance According to the Conductive Additive Distribution for Application in Sulfide All-Solid-State Lithium-Ion Batteries
snapshot_1,Topic_NCM811_composite_cathode_solid-state_battery_2015-2024_Knowledge.txt,464,https://openalex.org/W4306398936,https://doi.org/10.3390/nano12203610,2022,Electrochemical Performance of Layer-Structured Ni0.8Co0.1Mn0.1O2 Cathode Active Materials Synthesized by Carbonate Co-Precipitation
snapshot_1,Topic_NCM811_composite_cathode_solid-state_battery_2015-2024_Knowledge.txt,465,https://openalex.org/W4387184641,https://doi.org/10.20944/preprints202309.1982.v1,2023,Advances in Polymer Binder Materials for Lithium-Ion Battery Electrodes and Separators
snapshot_1,Topic_NCM811_composite_cathode_solid-state_battery_2015-2024_Knowledge.txt,466,https://openalex.org/W4380589675,https://doi.org/10.1002/admi.202300254,2023,Carbonized Polymer Dots Enhancing Interface Stability of LiNi<sub>0.8</sub>Co<sub>0.1</sub>Mn<sub>0.1</sub>O<sub>2</sub> Cathodes
snapshot_1,Topic_NCM811_composite_cathode_solid-state_battery_2015-2024_Knowledge.txt,467,https://openalex.org/W4404240642,https://doi.org/10.3390/ma17225466,2024,Poly (Propylene Carbonate) with Extremely Alternating Structure Used as Binders for High-Loading Cathodes by Solvent-Free Method in High-Performance NCM811 Batteries
snapshot_1,Topic_NCM811_composite_cathode_solid-state_battery_2015-2024_Knowledge.txt,468,https://openalex.org/W4323639538,N/A,2023,Solvent-Free and Non-Sintered 500 Wh/kg All Solid-State Battery
snapshot_1,Topic_NCM811_composite_cathode_solid-state_battery_2015-2024_Knowledge.txt,469,https://openalex.org/W4319916508,https://doi.org/10.1155/2023/4624762,2023,Surface Modification of Polyethylene Separator for Li-Ion Batteries via Imine Formation
snapshot_1,Topic_NCM811_composite_cathode_solid-state_battery_2015-2024_Knowledge.txt,470,https://openalex.org/W4404716982,https://doi.org/10.3390/en17235930,2024,Electrochemical Mechanism Underlying Lithium Plating in Batteries: Non-Invasive Detection and Mitigation
snapshot_1,Topic_NCM811_composite_cathode_solid-state_battery_2015-2024_Knowledge.txt,471,https://openalex.org/W4400612608,https://doi.org/10.1016/j.heliyon.2024.e34436,2024,Fabrication electro-spun Poly(vinyl alcohol)-Melamine nonwoven membrane composite separator for high-power lithium-ion batteries
snapshot_1,Topic_NCM811_composite_cathode_solid-state_battery_2015-2024_Knowledge.txt,472,https://openalex.org/W4321377473,https://doi.org/10.21926/jept.2301010,2023,The Liquid-Mediated Synthesis and Performance Evaluation of Li-Zr-F Composite for Ion-Conduction
snapshot_1,Topic_NCM811_composite_cathode_solid-state_battery_2015-2024_Knowledge.txt,473,https://openalex.org/W4393199201,https://doi.org/10.1002/batt.202400048,2024,ZnO Substitution in Argyrodite Li<sub>5.5+3x</sub>Zn<sub>x</sub>P<sub>1‐x</sub>O<sub>x</sub>S<sub>4.5‐x</sub>Br<sub>1.5</sub> Electrolyte with Enhanced Interface Performance for All‐Solid‐State Battery
snapshot_1,Topic_NCM811_composite_cathode_solid-state_battery_2015-2024_Knowledge.txt,474,https://openalex.org/W4309819144,https://doi.org/10.1149/ma2022-024386mtgabs,2022,Interfacial and Charge-Transport Impedances of NCM Composite Cathodes with Halide Solid Electrolytes for All-Solid-State Batteries
snapshot_1,Topic_NCM811_composite_cathode_solid-state_battery_2015-2024_Knowledge.txt,475,https://openalex.org/W4362518627,https://doi.org/10.1002/eem2.12622,2023,Recent Advances in Nanoengineering of Electrode‐Electrolyte Interfaces to Realize High‐Performance Li‐Ion Batteries
snapshot_1,Topic_NCM811_composite_cathode_solid-state_battery_2015-2024_Knowledge.txt,476,https://openalex.org/W4390655904,https://doi.org/10.20517/microstructures.2023.64,2024,Construction and ultrasonic inspection of the high-capacity Li-ion battery based on the MnO<sub>2</sub> decorated by Au nanoparticles anode
snapshot_1,Topic_NCM811_composite_cathode_solid-state_battery_2015-2024_Knowledge.txt,477,https://openalex.org/W4367052515,https://doi.org/10.3390/batteries9050245,2023,The Role of Protective Surface Coatings on the Thermal Stability of Delithiated Ni-Rich Layered Oxide Cathode Materials
snapshot_1,Topic_NCM811_composite_cathode_solid-state_battery_2015-2024_Knowledge.txt,478,https://openalex.org/W4391880531,https://doi.org/10.1002/smll.202311652,2024,Bottom Deposition Enables Stable All‐Solid‐State Batteries with Ultrathin Lithium Metal Anode
snapshot_1,Topic_NCM811_composite_cathode_solid-state_battery_2015-2024_Knowledge.txt,479,https://openalex.org/W4382721607,https://doi.org/10.3390/en16135003,2023,An Overview on Transport Phenomena within Solid Electrolyte Interphase and Their Impact on the Performance and Durability of Lithium-Ion Batteries
snapshot_1,Topic_NCM811_composite_cathode_solid-state_battery_2015-2024_Knowledge.txt,480,https://openalex.org/W4396889747,https://doi.org/10.3390/coatings14050608,2024,Development of Si-Based Anodes for All-Solid-State Li-Ion Batteries
snapshot_1,Topic_NCM811_composite_cathode_solid-state_battery_2015-2024_Knowledge.txt,481,https://openalex.org/W4392457317,https://doi.org/10.1002/ange.202402910,2024,A Triply‐Periodic‐Minimal‐Surface Structured Interphase based on Fluorinated Polymers Strengthening High‐energy Lithium Metal Batteries
snapshot_1,Topic_NCM811_composite_cathode_solid-state_battery_2015-2024_Knowledge.txt,482,https://openalex.org/W4303943897,https://doi.org/10.3390/batteries8100171,2022,Li-Ion Battery Short-Circuit Protection by Voltage-Driven Switchable Resistance Polymer Layer
snapshot_1,Topic_NCM811_composite_cathode_solid-state_battery_2015-2024_Knowledge.txt,483,https://openalex.org/W4285742402,https://doi.org/10.1039/d2se00520d,2022,Conductive Co-based metal organic framework nanostructures for excellent potassium- and lithium-ion storage: kinetics and mechanism studies
snapshot_1,Topic_NCM811_composite_cathode_solid-state_battery_2015-2024_Knowledge.txt,484,https://openalex.org/W4405880928,https://doi.org/10.1002/ange.202417105,2024,Enhancing Microdomain Consistency in Polymer Electrolytes towards Sustainable Lithium Batteries
snapshot_1,Topic_NCM811_composite_cathode_solid-state_battery_2015-2024_Knowledge.txt,485,https://openalex.org/W4405171192,https://doi.org/10.1073/pnas.2410406121,2024,Origin of fast charging in solid-state batteries revealed by Cryo-transmission X-ray microscopy
snapshot_1,Topic_NCM811_composite_cathode_solid-state_battery_2015-2024_Knowledge.txt,486,https://openalex.org/W4387695272,https://doi.org/10.1002/batt.202300344,2023,Fast Charging Lithium Metal Batteries with Liquid and Solid‐State Electrolytes
snapshot_1,Topic_NCM811_composite_cathode_solid-state_battery_2015-2024_Knowledge.txt,487,https://openalex.org/W4390226230,https://doi.org/10.26434/chemrxiv-2023-8s8zw,2023,Enabling Uniform and Accurate Control of Cycling Pressure for All-Solid-State Batteries
snapshot_1,Topic_NCM811_composite_cathode_solid-state_battery_2015-2024_Knowledge.txt,488,https://openalex.org/W4212808670,https://doi.org/10.3389/fmats.2022.815204,2022,Electrospun Ternary Composite Metal Oxide Fibers as an Anode for Lithium-Ion Batteries
snapshot_1,Topic_NCM811_composite_cathode_solid-state_battery_2015-2024_Knowledge.txt,489,https://openalex.org/W4398197699,https://doi.org/10.1002/cplu.202400251,2024,Inherent Behavior of Electrode Materials of Lithium‐Ion Batteries
snapshot_1,Topic_NCM811_composite_cathode_solid-state_battery_2015-2024_Knowledge.txt,490,https://openalex.org/W4366000605,https://doi.org/10.33889/pmsl.2023.2.1.003,2023,Materials Towards the Development of Li Rechargeable Thin Film Battery
snapshot_1,Topic_NCM811_composite_cathode_solid-state_battery_2015-2024_Knowledge.txt,491,https://openalex.org/W4399044729,https://doi.org/10.1002/aesr.202400129,2024,Toward High Specific Energy and Long Cycle Life Li/Mn‐Rich Layered Oxide || Graphite Lithium‐Ion Batteries via Optimization of Voltage Window
snapshot_1,Topic_NCM811_composite_cathode_solid-state_battery_2015-2024_Knowledge.txt,492,https://openalex.org/W4289114651,https://doi.org/10.54227/mlab.20220036,2022,Advances and Challenges on Recycling the Electrode and Electrolyte Materials in Spent Lithium-Ion Batteries
snapshot_1,Topic_NCM811_composite_cathode_solid-state_battery_2015-2024_Knowledge.txt,493,https://openalex.org/W4311789562,https://doi.org/10.3390/coatings12121964,2022,Enhanced Electrochemical Performance of LiNi1/3Co1/3Mn1/3O2 at a High Cut-Off Voltage of 4.6 V by Li1.3Al0.3Ti1.7(PO4)3 Coating
snapshot_1,Topic_NCM811_composite_cathode_solid-state_battery_2015-2024_Knowledge.txt,494,https://openalex.org/W4402418184,https://doi.org/10.1002/smll.202405007,2024,Entropy‐Driven 60 mol% Li Electrolyte for Li Metal‐Free Batteries
snapshot_1,Topic_NCM811_composite_cathode_solid-state_battery_2015-2024_Knowledge.txt,495,https://openalex.org/W4400100349,https://doi.org/10.1002/cplu.202400427,2024,Simple Solution Plasma Synthesis of Ni@NiO as High‐Performance Anode Material for Lithium‐Ion Batteries Application
snapshot_1,Topic_NCM811_composite_cathode_solid-state_battery_2015-2024_Knowledge.txt,496,https://openalex.org/W4206603655,https://doi.org/10.3390/inorganics10010005,2021,Remedies to Avoid Failure Mechanisms of Lithium-Metal Anode in Li-Ion Batteries
snapshot_1,Topic_NCM811_composite_cathode_solid-state_battery_2015-2024_Knowledge.txt,497,https://openalex.org/W4387500435,https://doi.org/10.3389/fenrg.2023.1235721,2023,Solution-processed ZnO coated on LiNi0.8Mn0.1Co0.1O2(NMC811) for enhanced performance of Li-ion battery cathode
snapshot_1,Topic_NCM811_composite_cathode_solid-state_battery_2015-2024_Knowledge.txt,498,https://openalex.org/W4283067566,https://doi.org/10.1021/acsami.2c04249,2022,Reactivity at the Electrode–Electrolyte Interfaces in Li-Ion and Gel Electrolyte Lithium Batteries for LiNi<sub>0.6</sub>Mn<sub>0.2</sub>Co<sub>0.2</sub>O<sub>2</sub> with Different Particle Sizes
snapshot_1,Topic_NCM811_composite_cathode_solid-state_battery_2015-2024_Knowledge.txt,499,https://openalex.org/W4405456205,https://doi.org/10.33961/jecst.2024.01144,2024,Synchrotron-Based X-ray Techniques for Probing Electronic and Structural Dynamics in Energy Storage Materials
snapshot_1,Topic_NCM811_composite_cathode_solid-state_battery_2015-2024_Knowledge.txt,500,https://openalex.org/W4386810365,https://doi.org/10.6023/a23030085,2023,Research Progress of Ion-initiated in situ Generated Solid Polymer Electrolytes for High-safety Lithium Batteries<sup>★</sup>
snapshot_2,Topic_sulfide_solid-state_battery_cathode_composite_2015-2024_Knowledge.txt,1,https://openalex.org/W2948001760,https://doi.org/10.1038/s41598-019-44629-x,2019,Cathode coating using LiInO2-LiI composite for stable sulfide-based all-solid-state batteries
snapshot_2,Topic_sulfide_solid-state_battery_cathode_composite_2015-2024_Knowledge.txt,2,https://openalex.org/W4316038740,https://doi.org/10.3390/nano13020327,2023,Rational Optimization of Cathode Composites for Sulfide-Based All-Solid-State Batteries
snapshot_2,Topic_sulfide_solid-state_battery_cathode_composite_2015-2024_Knowledge.txt,3,https://openalex.org/W4317862990,https://doi.org/10.1021/acsenergylett.2c02430,2023,High-Spatial-Resolution Quantitative Chemomechanical Mapping of Organic Composite Cathodes for Sulfide-Based Solid-State Batteries
snapshot_2,Topic_sulfide_solid-state_battery_cathode_composite_2015-2024_Knowledge.txt,4,https://openalex.org/W4316135825,https://doi.org/10.1016/j.ensm.2023.01.012,2023,Revealing crack-healing mechanism of NCM composite cathode for sustainable cyclability of sulfide-based solid-state batteries
snapshot_2,Topic_sulfide_solid-state_battery_cathode_composite_2015-2024_Knowledge.txt,5,https://openalex.org/W4223457561,https://doi.org/10.1002/batt.202200041,2022,Ionic Conductivity versus Particle Size of Ball‐Milled Sulfide‐Based Solid Electrolytes: Strategy Towards Optimized Composite Cathode Performance in All‐Solid‐State Batteries
snapshot_2,Topic_sulfide_solid-state_battery_cathode_composite_2015-2024_Knowledge.txt,6,https://openalex.org/W4312422156,https://doi.org/10.1039/d2ta05021h,2022,Design of densified nickel-rich layered composite cathode <i>via</i> the dry-film process for sulfide-based solid-state batteries
snapshot_2,Topic_sulfide_solid-state_battery_cathode_composite_2015-2024_Knowledge.txt,7,https://openalex.org/W4401728816,https://doi.org/10.1021/acsami.4c08670,2024,Understanding the Carbon Additive/Sulfide Solid Electrolyte Interface in Nickel-Rich Cathode Composites and Prioritizing the Corresponding Interplay between the Electrical and Ionic Conductive Networks to Enhance All-Solid-State-Battery Rate Capability
snapshot_2,Topic_sulfide_solid-state_battery_cathode_composite_2015-2024_Knowledge.txt,8,https://openalex.org/W4402325211,https://doi.org/10.1039/d4ta04063e,2024,Unraveling electrochemo-mechanical aspects of core–shell composite cathode for sulfide based all-solid-state batteries
snapshot_2,Topic_sulfide_solid-state_battery_cathode_composite_2015-2024_Knowledge.txt,9,https://openalex.org/W4393941329,https://doi.org/10.1021/acsami.4c01652,2024,Halide and Sulfide Electrolytes in Cathode Composites for Sodium All-Solid-State Batteries and their Stability
snapshot_2,Topic_sulfide_solid-state_battery_cathode_composite_2015-2024_Knowledge.txt,10,https://openalex.org/W4362601472,https://doi.org/10.1021/acsami.3c00178,2023,Slurry-Coated LiNi<sub>0.8</sub>Co<sub>0.1</sub>Mn<sub>0.1</sub>O<sub>2</sub>–Li<sub>3</sub>InCl<sub>6</sub> Composite Cathode with Enhanced Interfacial Stability for Sulfide-Based All-Solid-State Batteries
snapshot_2,Topic_sulfide_solid-state_battery_cathode_composite_2015-2024_Knowledge.txt,11,https://openalex.org/W2329970688,https://doi.org/10.1021/acs.chemmater.5b04940,2016,Bulk-Type All Solid-State Batteries with 5 V Class LiNi<sub>0.5</sub>Mn<sub>1.5</sub>O<sub>4</sub> Cathode and Li<sub>10</sub>GeP<sub>2</sub>S<sub>12</sub> Solid Electrolyte
snapshot_2,Topic_sulfide_solid-state_battery_cathode_composite_2015-2024_Knowledge.txt,12,https://openalex.org/W2903697882,https://doi.org/10.3389/fchem.2018.00616,2018,Interfaces Between Cathode and Electrolyte in Solid State Lithium Batteries: Challenges and Perspectives
snapshot_2,Topic_sulfide_solid-state_battery_cathode_composite_2015-2024_Knowledge.txt,13,https://openalex.org/W4389782275,https://doi.org/10.3390/batteries9120595,2023,Percolation Behavior of a Sulfide Electrolyte–Carbon Additive Matrix for Composite Cathodes in All-Solid-State Batteries
snapshot_2,Topic_sulfide_solid-state_battery_cathode_composite_2015-2024_Knowledge.txt,14,https://openalex.org/W2943638974,https://doi.org/10.1021/acs.chemmater.9b00770,2019,Visualization of the Interfacial Decomposition of Composite Cathodes in Argyrodite-Based All-Solid-State Batteries Using Time-of-Flight Secondary-Ion Mass Spectrometry
snapshot_2,Topic_sulfide_solid-state_battery_cathode_composite_2015-2024_Knowledge.txt,15,https://openalex.org/W3131711820,https://doi.org/10.1038/s41467-021-21488-7,2021,"A stable cathode-solid electrolyte composite for high-voltage, long-cycle-life solid-state sodium-ion batteries"
snapshot_2,Topic_sulfide_solid-state_battery_cathode_composite_2015-2024_Knowledge.txt,16,https://openalex.org/W4361219278,https://doi.org/10.1007/s40820-023-01053-1,2023,Sulfide-Based All-Solid-State Lithium–Sulfur Batteries: Challenges and Perspectives
snapshot_2,Topic_sulfide_solid-state_battery_cathode_composite_2015-2024_Knowledge.txt,17,https://openalex.org/W3011261422,https://doi.org/10.1021/acsenergylett.0c00256,2020,Eliminating the Detrimental Effects of Conductive Agents in Sulfide-Based Solid-State Batteries
snapshot_2,Topic_sulfide_solid-state_battery_cathode_composite_2015-2024_Knowledge.txt,18,https://openalex.org/W4213280520,https://doi.org/10.1021/acsenergylett.1c02756,2022,All-Solid-State Lithium Batteries: Li<sup>+</sup>-Conducting Ionomer Binder for Dry-Processed Composite Cathodes
snapshot_2,Topic_sulfide_solid-state_battery_cathode_composite_2015-2024_Knowledge.txt,19,https://openalex.org/W3001329108,https://doi.org/10.1016/j.ensm.2020.01.022,2020,High loading CuS-based cathodes for all-solid-state lithium sulfur batteries with enhanced volumetric capacity
snapshot_2,Topic_sulfide_solid-state_battery_cathode_composite_2015-2024_Knowledge.txt,20,https://openalex.org/W4389781998,https://doi.org/10.3390/batteries9120590,2023,Analysis of Ni-Rich Cathode Composite Electrode Performance According to the Conductive Additive Distribution for Application in Sulfide All-Solid-State Lithium-Ion Batteries
snapshot_2,Topic_sulfide_solid-state_battery_cathode_composite_2015-2024_Knowledge.txt,21,https://openalex.org/W4280593196,https://doi.org/10.1002/aenm.202200660,2022,Super Long‐Cycling All‐Solid‐State Battery with Thin Li <sub>6</sub> PS <sub>5</sub> Cl‐Based Electrolyte
snapshot_2,Topic_sulfide_solid-state_battery_cathode_composite_2015-2024_Knowledge.txt,22,https://openalex.org/W2921580945,https://doi.org/10.1002/adma.201808100,2019,High‐Performance Li–SeS<i><sub>x</sub></i> All‐Solid‐State Lithium Batteries
snapshot_2,Topic_sulfide_solid-state_battery_cathode_composite_2015-2024_Knowledge.txt,23,https://openalex.org/W2738153656,https://doi.org/10.1149/2.1341709jes,2017,Selection of Binder and Solvent for Solution-Processed All-Solid-State Battery
snapshot_2,Topic_sulfide_solid-state_battery_cathode_composite_2015-2024_Knowledge.txt,24,https://openalex.org/W2603442821,https://doi.org/10.1039/c6cs00776g,2017,Sodium-ion batteries: present and future
snapshot_2,Topic_sulfide_solid-state_battery_cathode_composite_2015-2024_Knowledge.txt,25,https://openalex.org/W2889421387,https://doi.org/10.1021/acsami.8b11244,2018,LiI-Doped Sulfide Solid Electrolyte: Enabling a High-Capacity Slurry-Cast Electrode by Low-Temperature Post-Sintering for Practical All-Solid-State Lithium Batteries
snapshot_2,Topic_sulfide_solid-state_battery_cathode_composite_2015-2024_Knowledge.txt,26,https://openalex.org/W2792169753,https://doi.org/10.1021/acsnano.7b08856,2018,High-Performance All-Solid-State Na–S Battery Enabled by Casting–Annealing Technology
snapshot_2,Topic_sulfide_solid-state_battery_cathode_composite_2015-2024_Knowledge.txt,27,https://openalex.org/W4318985163,https://doi.org/10.1021/acsenergylett.2c02699,2023,Lithiation Gradients and Tortuosity Factors in Thick NMC111-Argyrodite Solid-State Cathodes
snapshot_2,Topic_sulfide_solid-state_battery_cathode_composite_2015-2024_Knowledge.txt,28,https://openalex.org/W2972549375,https://doi.org/10.1021/acsaem.9b01166,2019,Unlocking the Potential of Fluoride-Based Solid Electrolytes for Solid-State Lithium Batteries
snapshot_2,Topic_sulfide_solid-state_battery_cathode_composite_2015-2024_Knowledge.txt,29,https://openalex.org/W2905158451,https://doi.org/10.1149/2.0301903jes,2018,Application of Rod-Like Li<sub>6</sub>PS<sub>5</sub>Cl Directly Synthesized by a Liquid Phase Process to Sheet-Type Electrodes for All-Solid-State Lithium Batteries
snapshot_2,Topic_sulfide_solid-state_battery_cathode_composite_2015-2024_Knowledge.txt,30,https://openalex.org/W3081091687,https://doi.org/10.1021/acsami.0c08261,2020,Stable and Flexible Sulfide Composite Electrolyte for High-Performance Solid-State Lithium Batteries
snapshot_2,Topic_sulfide_solid-state_battery_cathode_composite_2015-2024_Knowledge.txt,31,https://openalex.org/W4319312110,https://doi.org/10.1021/acsenergylett.2c02835,2023,Formation of an Artificial Cathode–Electrolyte Interphase to Suppress Interfacial Degradation of Ni-Rich Cathode Active Material with Sulfide Electrolytes for Solid-State Batteries
snapshot_2,Topic_sulfide_solid-state_battery_cathode_composite_2015-2024_Knowledge.txt,32,https://openalex.org/W4286214881,https://doi.org/10.1002/aenm.202201555,2022,Heuristic Design of Cathode Hybrid Coating for Power‐Limited Sulfide‐Based All‐Solid‐State Lithium Batteries
snapshot_2,Topic_sulfide_solid-state_battery_cathode_composite_2015-2024_Knowledge.txt,33,https://openalex.org/W4307341691,https://doi.org/10.1002/advs.202204633,2022,Room Temperature Halide‐Eutectic Solid Electrolytes with Viscous Feature and Ultrahigh Ionic Conductivity
snapshot_2,Topic_sulfide_solid-state_battery_cathode_composite_2015-2024_Knowledge.txt,34,https://openalex.org/W4380263706,https://doi.org/10.1002/aenm.202300962,2023,High Energy Density Sulfur‐Rich MoS<sub>6</sub>‐Based Nanocomposite for Room Temperature All‐Solid‐State Lithium Metal Batteries
snapshot_2,Topic_sulfide_solid-state_battery_cathode_composite_2015-2024_Knowledge.txt,35,https://openalex.org/W4213097105,https://doi.org/10.1021/acsami.1c24895,2022,Facile Method for the Formation of Intimate Interfaces in Sulfide-Based All-Solid-State Batteries
snapshot_2,Topic_sulfide_solid-state_battery_cathode_composite_2015-2024_Knowledge.txt,36,https://openalex.org/W3025501455,https://doi.org/10.1002/advs.202000237,2020,Improving the Interfacial Stability between Lithium and Solid‐State Electrolyte via Dipole‐Structured Lithium Layer Deposited on Graphene Oxide
snapshot_2,Topic_sulfide_solid-state_battery_cathode_composite_2015-2024_Knowledge.txt,37,https://openalex.org/W3013252775,https://doi.org/10.1038/s41467-020-15355-0,2020,A reflection on lithium-ion battery cathode chemistry
snapshot_2,Topic_sulfide_solid-state_battery_cathode_composite_2015-2024_Knowledge.txt,38,https://openalex.org/W4388898776,https://doi.org/10.1021/acsomega.3c05635,2023,Transition-Metal Sulfides for High-Performance Lithium Sulfide Cathodes in All-Solid-State Lithium–Sulfur Batteries
snapshot_2,Topic_sulfide_solid-state_battery_cathode_composite_2015-2024_Knowledge.txt,39,https://openalex.org/W4392380538,https://doi.org/10.1021/acsenergylett.4c00033,2024,Interplay of Cathode–Halide Solid Electrolyte in Enhancing Thermal Stability of Charged Cathode Material in All-Solid-State Batteries
snapshot_2,Topic_sulfide_solid-state_battery_cathode_composite_2015-2024_Knowledge.txt,40,https://openalex.org/W3127929569,https://doi.org/10.3389/fenrg.2020.606494,2021,High-Performance All-Solid-State Lithium–Sulfur Batteries Enabled by Slurry-Coated Li6PS5Cl/S/C Composite Electrodes
snapshot_2,Topic_sulfide_solid-state_battery_cathode_composite_2015-2024_Knowledge.txt,41,https://openalex.org/W4387973124,https://doi.org/10.1021/acsaem.3c01894,2023,Understanding Interfaces at the Positive and Negative Electrodes on Sulfide-Based Solid-State Batteries
snapshot_2,Topic_sulfide_solid-state_battery_cathode_composite_2015-2024_Knowledge.txt,42,https://openalex.org/W3129925304,https://doi.org/10.1002/aenm.202003469,2021,Isotropous Sulfurized Polyacrylonitrile Interlayer with Homogeneous Na<sup>+</sup> Flux Dynamics for Solid‐State Na Metal Batteries
snapshot_2,Topic_sulfide_solid-state_battery_cathode_composite_2015-2024_Knowledge.txt,43,https://openalex.org/W2982516344,https://doi.org/10.1021/acs.chemrev.9b00248,2019,Recent Advances in Electrocatalytic Hydrogen Evolution Using Nanoparticles
snapshot_2,Topic_sulfide_solid-state_battery_cathode_composite_2015-2024_Knowledge.txt,44,https://openalex.org/W4384560369,https://doi.org/10.1021/acsami.3c05713,2023,Rationally Designed Solution-Processible Conductive Carbon Additive Coating for Sulfide-based All-Solid-State Batteries
snapshot_2,Topic_sulfide_solid-state_battery_cathode_composite_2015-2024_Knowledge.txt,45,https://openalex.org/W3213688009,https://doi.org/10.1002/aenm.202102962,2021,Room‐Temperature All‐Solid‐State Lithium–Organic Batteries Based on Sulfide Electrolytes and Organodisulfide Cathodes
snapshot_2,Topic_sulfide_solid-state_battery_cathode_composite_2015-2024_Knowledge.txt,46,https://openalex.org/W3043448976,https://doi.org/10.1021/acsami.0c08564,2020,Rational Designed Mixed-Conductive Sulfur Cathodes for All-Solid-State Lithium Batteries
snapshot_2,Topic_sulfide_solid-state_battery_cathode_composite_2015-2024_Knowledge.txt,47,https://openalex.org/W4311087672,https://doi.org/10.1016/j.jpowsour.2022.232450,2022,Understanding the impedance spectra of all-solid-state lithium battery cells with sulfide superionic conductors
snapshot_2,Topic_sulfide_solid-state_battery_cathode_composite_2015-2024_Knowledge.txt,48,https://openalex.org/W4386583350,https://doi.org/10.1021/acsaem.3c01681,2023,Mechanical Investigations of Composite Cathode Degradation in All-Solid-State Batteries
snapshot_2,Topic_sulfide_solid-state_battery_cathode_composite_2015-2024_Knowledge.txt,49,https://openalex.org/W4392519266,https://doi.org/10.1002/adfm.202315555,2024,"High Ionic Conductive, Mechanical Robust Sulfide Solid Electrolyte Films and Interface Design for All‐Solid‐State Lithium Metal Batteries"
snapshot_2,Topic_sulfide_solid-state_battery_cathode_composite_2015-2024_Knowledge.txt,50,https://openalex.org/W4392503982,https://doi.org/10.1016/j.cej.2024.150221,2024,Dry-film technology employing cryo-pulverized polytetrafluoroethylene binder for all-solid-state batteries
snapshot_2,Topic_sulfide_solid-state_battery_cathode_composite_2015-2024_Knowledge.txt,51,https://openalex.org/W2969306505,https://doi.org/10.1002/smll.201902138,2019,Sulfide‐Compatible Conductive and Adhesive Glue‐Like Interphase Engineering for Sheet‐Type All‐Solid‐State Battery
snapshot_2,Topic_sulfide_solid-state_battery_cathode_composite_2015-2024_Knowledge.txt,52,https://openalex.org/W2889625325,https://doi.org/10.1002/adfm.201804589,2018,Lithium–Sulfur Batteries: Co‐Existence of Challenges and Opportunities
snapshot_2,Topic_sulfide_solid-state_battery_cathode_composite_2015-2024_Knowledge.txt,53,https://openalex.org/W4388128541,https://doi.org/10.1021/acsenergylett.3c01717,2023,Waxing Bare High-Voltage Cathode Surfaces to Enable Sulfide Solid-State Batteries
snapshot_2,Topic_sulfide_solid-state_battery_cathode_composite_2015-2024_Knowledge.txt,54,https://openalex.org/W4323666059,https://doi.org/10.1002/adfm.202214274,2023,Toward the Practical and Scalable Fabrication of Sulfide‐Based All‐Solid‐State Batteries: Exploration of Slurry Process and Performance Enhancement Via the Addition of LiClO<sub>4</sub>
snapshot_2,Topic_sulfide_solid-state_battery_cathode_composite_2015-2024_Knowledge.txt,55,https://openalex.org/W4319659575,https://doi.org/10.1002/eom2.12327,2023,A comprehensive cognition for the capacity fading mechanism of <scp>FeS<sub>2</sub></scp> in argyrodite‐based all‐solid‐state lithium battery
snapshot_2,Topic_sulfide_solid-state_battery_cathode_composite_2015-2024_Knowledge.txt,56,https://openalex.org/W4396636818,https://doi.org/10.1002/adma.202401909,2024,Fusion Bonding Technique for Solvent‐Free Fabrication of All‐Solid‐State Battery with Ultrathin Sulfide Electrolyte
snapshot_2,Topic_sulfide_solid-state_battery_cathode_composite_2015-2024_Knowledge.txt,57,https://openalex.org/W4399983739,https://doi.org/10.1002/aenm.202400802,2024,Wet‐Processable Binder in Composite Cathode for High Energy Density All‐Solid‐State Lithium Batteries
snapshot_2,Topic_sulfide_solid-state_battery_cathode_composite_2015-2024_Knowledge.txt,58,https://openalex.org/W4391109125,https://doi.org/10.1002/aenm.202304244,2024,Constructing Resilient Cross‐Linked Network Toward Stable All‐Solid‐State Lithium‐Sulfur Batteries
snapshot_2,Topic_sulfide_solid-state_battery_cathode_composite_2015-2024_Knowledge.txt,59,https://openalex.org/W1989121075,https://doi.org/10.1038/ncomms6682,2015,A highly efficient polysulfide mediator for lithium–sulfur batteries
snapshot_2,Topic_sulfide_solid-state_battery_cathode_composite_2015-2024_Knowledge.txt,60,https://openalex.org/W4391446473,https://doi.org/10.1002/adfm.202311564,2024,Elevating Cycle Stability and Reaction Kinetics in Ni‐Rich Cathodes Through Tailored Bulk and Interface Chemistry for Sulfide‐Based All‐Solid‐State Lithium Batteries
snapshot_2,Topic_sulfide_solid-state_battery_cathode_composite_2015-2024_Knowledge.txt,61,https://openalex.org/W2793437327,https://doi.org/10.1021/acsami.7b18211,2018,High Capacity and Superior Cyclic Performances of All-Solid-State Lithium Batteries Enabled by a Glass–Ceramics Solo
snapshot_2,Topic_sulfide_solid-state_battery_cathode_composite_2015-2024_Knowledge.txt,62,https://openalex.org/W2801873687,https://doi.org/10.1038/s41467-018-04060-8,2018,Aqueous rechargeable zinc/sodium vanadate batteries with enhanced performance from simultaneous insertion of dual carriers
snapshot_2,Topic_sulfide_solid-state_battery_cathode_composite_2015-2024_Knowledge.txt,63,https://openalex.org/W4307444470,https://doi.org/10.1021/acsaem.2c02110,2022,Tailored Li<sub>7</sub>P<sub>3</sub>S<sub>11</sub> Electrolyte by In<sub>2</sub>S<sub>3</sub> Doping Suppresses Electrochemical Decomposition for High-Performance All-Solid-State Lithium–Sulfur Batteries
snapshot_2,Topic_sulfide_solid-state_battery_cathode_composite_2015-2024_Knowledge.txt,64,https://openalex.org/W2326232602,https://doi.org/10.1038/ncomms11203,2016,Balancing surface adsorption and diffusion of lithium-polysulfides on nonconductive oxides for lithium–sulfur battery design
snapshot_2,Topic_sulfide_solid-state_battery_cathode_composite_2015-2024_Knowledge.txt,65,https://openalex.org/W2463532845,https://doi.org/10.1038/ncomms12122,2016,Array of nanosheets render ultrafast and high-capacity Na-ion storage by tunable pseudocapacitance
snapshot_2,Topic_sulfide_solid-state_battery_cathode_composite_2015-2024_Knowledge.txt,66,https://openalex.org/W3182030449,https://doi.org/10.1002/asia.202100765,2021,Recent Progress in High‐Performance Lithium Sulfur Batteries: The Emerging Strategies for Advanced Separators/Electrolytes Based on Nanomaterials and Corresponding Interfaces
snapshot_2,Topic_sulfide_solid-state_battery_cathode_composite_2015-2024_Knowledge.txt,67,https://openalex.org/W4389222643,https://doi.org/10.3390/nano13233065,2023,The Effect of Conductive Additive Morphology and Crystallinity on the Electrochemical Performance of Ni-Rich Cathodes for Sulfide All-Solid-State Lithium-Ion Batteries
snapshot_2,Topic_sulfide_solid-state_battery_cathode_composite_2015-2024_Knowledge.txt,68,https://openalex.org/W3173415615,https://doi.org/10.1149/1945-7111/ac0f5c,2021,Enhanced Electrochemical Stability and Moisture Reactivity of Al <sub>2</sub> S <sub>3</sub> Doped Argyrodite Solid Electrolyte
snapshot_2,Topic_sulfide_solid-state_battery_cathode_composite_2015-2024_Knowledge.txt,69,https://openalex.org/W3180677679,https://doi.org/10.1038/s41545-021-00127-0,2021,Removal of heavy metal ions from wastewater: a comprehensive and critical review
snapshot_2,Topic_sulfide_solid-state_battery_cathode_composite_2015-2024_Knowledge.txt,70,https://openalex.org/W3206763238,https://doi.org/10.1039/d1ra05897e,2021,Improving the electrochemical performance of cathode composites using different sized solid electrolytes for all solid-state lithium batteries
snapshot_2,Topic_sulfide_solid-state_battery_cathode_composite_2015-2024_Knowledge.txt,71,https://openalex.org/W4399983039,https://doi.org/10.1002/anie.202406126,2024,Synergistic Electrocatalysis and Spatial Nanoconfinement to Accelerate Sulfur Conversion Kinetics in Aqueous Zn−S Battery
snapshot_2,Topic_sulfide_solid-state_battery_cathode_composite_2015-2024_Knowledge.txt,72,https://openalex.org/W2809502094,https://doi.org/10.1126/sciadv.aas9820,2018,Materials for lithium-ion battery safety
snapshot_2,Topic_sulfide_solid-state_battery_cathode_composite_2015-2024_Knowledge.txt,73,https://openalex.org/W2808260231,https://doi.org/10.1039/c8ee01053f,2018,New horizons for inorganic solid state ion conductors
snapshot_2,Topic_sulfide_solid-state_battery_cathode_composite_2015-2024_Knowledge.txt,74,https://openalex.org/W2260914718,https://doi.org/10.1002/aenm.201501590,2016,Electrochemical Stability of Li<sub>10</sub>GeP<sub>2</sub>S<sub>12</sub> and Li<sub>7</sub>La<sub>3</sub>Zr<sub>2</sub>O<sub>12</sub> Solid Electrolytes
snapshot_2,Topic_sulfide_solid-state_battery_cathode_composite_2015-2024_Knowledge.txt,75,https://openalex.org/W2906681363,https://doi.org/10.1002/cctc.201802013,2019,"Sulfur‐Rich Colloidal Nickel Sulfides as Bifunctional Catalyst for All‐Solid‐State, Flexible and Rechargeable Zn‐Air Batteries"
snapshot_2,Topic_sulfide_solid-state_battery_cathode_composite_2015-2024_Knowledge.txt,76,https://openalex.org/W4395085557,https://doi.org/10.1016/j.eml.2024.102164,2024,Microstructure-chemomechanics relations of polycrystalline cathodes in solid-state batteries
snapshot_2,Topic_sulfide_solid-state_battery_cathode_composite_2015-2024_Knowledge.txt,77,https://openalex.org/W2948999417,https://doi.org/10.1002/aenm.201900161,2019,Commercialization of Lithium Battery Technologies for Electric Vehicles
snapshot_2,Topic_sulfide_solid-state_battery_cathode_composite_2015-2024_Knowledge.txt,78,https://openalex.org/W4392144191,https://doi.org/10.1002/adfm.202315701,2024,"High‐Capacity, Long‐Life Sulfide All‐Solid‐State Batteries with Single‐Crystal Ni‐Rich Layered Oxide Cathodes"
snapshot_2,Topic_sulfide_solid-state_battery_cathode_composite_2015-2024_Knowledge.txt,79,https://openalex.org/W4393259896,https://doi.org/10.1002/aenm.202303490,2024,Crack‐Free Single‐Crystalline LiNiO<sub>2</sub> for High Energy Density All‐Solid‐State Batteries
snapshot_2,Topic_sulfide_solid-state_battery_cathode_composite_2015-2024_Knowledge.txt,80,https://openalex.org/W2265160803,https://doi.org/10.1038/ncomms8436,2015,The synergetic effect of lithium polysulfide and lithium nitrate to prevent lithium dendrite growth
snapshot_2,Topic_sulfide_solid-state_battery_cathode_composite_2015-2024_Knowledge.txt,81,https://openalex.org/W4390471102,https://doi.org/10.3390/batteries10010013,2023,The Next Frontier in Energy Storage: A Game-Changing Guide to Advances in Solid-State Battery Cathodes
snapshot_2,Topic_sulfide_solid-state_battery_cathode_composite_2015-2024_Knowledge.txt,82,https://openalex.org/W4391951201,https://doi.org/10.1021/acsami.3c18675,2024,Constructing the Interconnected Charge Transfer Pathways in Sulfur Composite Cathode for All-Solid-State Lithium–Sulfur Batteries
snapshot_2,Topic_sulfide_solid-state_battery_cathode_composite_2015-2024_Knowledge.txt,83,https://openalex.org/W4405443748,https://doi.org/10.1021/acs.chemmater.4c02159,2024,Compatibility of Halide Electrolytes in Solid-State Li–S Battery Cathodes
snapshot_2,Topic_sulfide_solid-state_battery_cathode_composite_2015-2024_Knowledge.txt,84,https://openalex.org/W4297520680,https://doi.org/10.1149/1945-7111/ac95d1,2022,Benchmarking Solid-State Batteries Containing Sulfide Separators: Effects of Electrode Composition and Stack Pressure
snapshot_2,Topic_sulfide_solid-state_battery_cathode_composite_2015-2024_Knowledge.txt,85,https://openalex.org/W4382582424,https://doi.org/10.3390/batteries9070347,2023,Manufacturing High-Energy-Density Sulfidic Solid-State Batteries
snapshot_2,Topic_sulfide_solid-state_battery_cathode_composite_2015-2024_Knowledge.txt,86,https://openalex.org/W4388730283,https://doi.org/10.1021/acsaelm.3c01230,2023,Flexible High-Energy-Density 4.3 V Supercapacitor Based on a Trimetallic Sulfide Cathode and a Bimetallic Sulfide-Polypyrrole Anode with an Ionic Liquid Gel Polymer Electrolyte
snapshot_2,Topic_sulfide_solid-state_battery_cathode_composite_2015-2024_Knowledge.txt,87,https://openalex.org/W4200580961,https://doi.org/10.1021/acssuschemeng.1c06035,2021,Bimetallic Hexagonal Layered Ni–Co Sulfides with High Electrochemical Performance for All-Solid-State Lithium Batteries
snapshot_2,Topic_sulfide_solid-state_battery_cathode_composite_2015-2024_Knowledge.txt,88,https://openalex.org/W4387765702,https://doi.org/10.1021/acsami.3c09256,2023,Protective NaSICON Interlayer between a Sodium–Tin Alloy Anode and Sulfide-Based Solid Electrolytes for All-Solid-State Sodium Batteries
snapshot_2,Topic_sulfide_solid-state_battery_cathode_composite_2015-2024_Knowledge.txt,89,https://openalex.org/W4313988000,https://doi.org/10.1007/s12274-022-5291-5,2023,Optimization on transport of charge carriers in cathode of sulfide electrolyte-based solid-state lithium-sulfur batteries
snapshot_2,Topic_sulfide_solid-state_battery_cathode_composite_2015-2024_Knowledge.txt,90,https://openalex.org/W2963819993,https://doi.org/10.1038/s42004-019-0184-6,2019,Metal-organic framework functionalization and design strategies for advanced electrochemical energy storage devices
snapshot_2,Topic_sulfide_solid-state_battery_cathode_composite_2015-2024_Knowledge.txt,91,https://openalex.org/W4283698008,https://doi.org/10.1002/eem2.12461,2022,The Contact Interface Engineering of All‐Sulfide‐Based Solid State Batteries via Infiltrating Dissoluble Sulfide Electrolyte
snapshot_2,Topic_sulfide_solid-state_battery_cathode_composite_2015-2024_Knowledge.txt,92,https://openalex.org/W2103884570,https://doi.org/10.1002/ese3.95,2015,"Li‐ion batteries: basics, progress, and challenges"
snapshot_2,Topic_sulfide_solid-state_battery_cathode_composite_2015-2024_Knowledge.txt,93,https://openalex.org/W4361858005,https://doi.org/10.7498/aps.72.20230258,2023,Research advance of lithium-rich cathode materials in all-solid-state lithium batteries
snapshot_2,Topic_sulfide_solid-state_battery_cathode_composite_2015-2024_Knowledge.txt,94,https://openalex.org/W4403763163,https://doi.org/10.1039/d4mh01211a,2024,Effects of catholyte aging on high-nickel NMC cathodes in sulfide all-solid-state batteries
snapshot_2,Topic_sulfide_solid-state_battery_cathode_composite_2015-2024_Knowledge.txt,95,https://openalex.org/W4402999719,https://doi.org/10.1002/aenm.202403374,2024,Mechano‐Electrochemical Behavior of Nanostructured Li‐ and Mn‐Rich Layered Oxides with Superior Capacity Retention and Voltage Decay for Sulfide‐Based All‐Solid‐State Batteries
snapshot_2,Topic_sulfide_solid-state_battery_cathode_composite_2015-2024_Knowledge.txt,96,https://openalex.org/W4321498992,https://doi.org/10.1002/ente.202300098,2023,Drying Process of Sulfide‐Based All‐Solid‐State Battery Components—Investigation on Adhesion Strength and Microstructural Changes
snapshot_2,Topic_sulfide_solid-state_battery_cathode_composite_2015-2024_Knowledge.txt,97,https://openalex.org/W2809930309,https://doi.org/10.2109/jcersj2.18011,2018,Synthesis of submicron-sized NiPS&lt;sub&gt;3&lt;/sub&gt; particles and electrochemical properties as active materials in all-solid-state lithium batteries
snapshot_2,Topic_sulfide_solid-state_battery_cathode_composite_2015-2024_Knowledge.txt,98,https://openalex.org/W2010764629,https://doi.org/10.1038/ncomms7929,2015,Na+ intercalation pseudocapacitance in graphene-coupled titanium oxide enabling ultra-fast sodium storage and long-term cycling
snapshot_2,Topic_sulfide_solid-state_battery_cathode_composite_2015-2024_Knowledge.txt,99,https://openalex.org/W2619010848,https://doi.org/10.1039/c7ee01047h,2017,Electrocatalysis of polysulfide conversion by sulfur-deficient MoS<sub>2</sub> nanoflakes for lithium–sulfur batteries
snapshot_2,Topic_sulfide_solid-state_battery_cathode_composite_2015-2024_Knowledge.txt,100,https://openalex.org/W4403359914,https://doi.org/10.1002/anie.202415891,2024,Integrating Prelithiation and Interface Protection to Achieve High‐Energy All‐Solid‐State Batteries
snapshot_2,Topic_sulfide_solid-state_battery_cathode_composite_2015-2024_Knowledge.txt,101,https://openalex.org/W4387708144,https://doi.org/10.1002/smll.202304747,2023,Exploring the Cathode Active Materials for Sulfide‐Based All‐Solid‐State Lithium Batteries with High Energy Density
snapshot_2,Topic_sulfide_solid-state_battery_cathode_composite_2015-2024_Knowledge.txt,102,https://openalex.org/W3154409837,https://doi.org/10.1039/d0cs01569e,2021,Covalent organic frameworks (COFs) for electrochemical applications
snapshot_2,Topic_sulfide_solid-state_battery_cathode_composite_2015-2024_Knowledge.txt,103,https://openalex.org/W2604150433,https://doi.org/10.1126/sciadv.1601659,2017,"Toward garnet electrolyte–based Li metal batteries: An ultrathin, highly effective, artificial solid-state electrolyte/metallic Li interface"
snapshot_2,Topic_sulfide_solid-state_battery_cathode_composite_2015-2024_Knowledge.txt,104,https://openalex.org/W4391015537,https://doi.org/10.1021/acsami.3c16067,2024,Synergistic Interfacial Optimization for High-Sulfur-Content All-Solid-State Lithium–Sulfur Batteries
snapshot_2,Topic_sulfide_solid-state_battery_cathode_composite_2015-2024_Knowledge.txt,105,https://openalex.org/W2414107837,https://doi.org/10.1039/c6cs00173d,2016,The rise of organic electrode materials for energy storage
snapshot_2,Topic_sulfide_solid-state_battery_cathode_composite_2015-2024_Knowledge.txt,106,https://openalex.org/W3112839340,https://doi.org/10.1038/s41467-020-19991-4,2020,Prospects for lithium-ion batteries and beyond—a 2030 vision
snapshot_2,Topic_sulfide_solid-state_battery_cathode_composite_2015-2024_Knowledge.txt,107,https://openalex.org/W4368362700,https://doi.org/10.1021/acsaem.3c00540,2023,Enhanced Li-Ion Conductivity and Air Stability of Sb-Substituted Li<sub>4</sub>GeS<sub>4</sub> toward All-Solid-State Li-Ion Batteries
snapshot_2,Topic_sulfide_solid-state_battery_cathode_composite_2015-2024_Knowledge.txt,108,https://openalex.org/W4404259345,https://doi.org/10.1002/eom2.12502,2024,Impact of conducting agents on sulfide and halide electrolytes in disordered rocksalt cathode‐based all‐solid‐state batteries
snapshot_2,Topic_sulfide_solid-state_battery_cathode_composite_2015-2024_Knowledge.txt,109,https://openalex.org/W4391070653,https://doi.org/10.1016/j.jechem.2024.01.018,2024,Revealing the specific role of sulfide and nano-alumina in composite solid-state electrolytes for performance-reinforced ether-nitrile copolymers
snapshot_2,Topic_sulfide_solid-state_battery_cathode_composite_2015-2024_Knowledge.txt,110,https://openalex.org/W2737378308,https://doi.org/10.1002/adma.201701169,2017,Protected Lithium‐Metal Anodes in Batteries: From Liquid to Solid
snapshot_2,Topic_sulfide_solid-state_battery_cathode_composite_2015-2024_Knowledge.txt,111,https://openalex.org/W2744496034,https://doi.org/10.1039/c7cs00139h,2017,A review of flexible lithium–sulfur and analogous alkali metal–chalcogen rechargeable batteries
snapshot_2,Topic_sulfide_solid-state_battery_cathode_composite_2015-2024_Knowledge.txt,112,https://openalex.org/W4399983143,https://doi.org/10.1002/ange.202406126,2024,Synergistic Electrocatalysis and Spatial Nanoconfinement to Accelerate Sulfur Conversion Kinetics in Aqueous Zn−S Battery
snapshot_2,Topic_sulfide_solid-state_battery_cathode_composite_2015-2024_Knowledge.txt,113,https://openalex.org/W2622248414,https://doi.org/10.1149/2.1571707jes,2017,Review—Practical Challenges Hindering the Development of Solid State Li Ion Batteries
snapshot_2,Topic_sulfide_solid-state_battery_cathode_composite_2015-2024_Knowledge.txt,114,https://openalex.org/W4400552182,https://doi.org/10.1002/smll.202403147,2024,An Effective Catholyte for Sulfide‐Based All‐Solid‐State Batteries Utilizing Gas Absorbents
snapshot_2,Topic_sulfide_solid-state_battery_cathode_composite_2015-2024_Knowledge.txt,115,https://openalex.org/W4247106343,https://doi.org/10.1038/ncomms11722,2016,A stable room-temperature sodium–sulfur battery
snapshot_2,Topic_sulfide_solid-state_battery_cathode_composite_2015-2024_Knowledge.txt,116,https://openalex.org/W4402140160,https://doi.org/10.1007/s11367-024-02355-1,2024,Cradle-to-gate life cycle assessment of cylindrical sulfide-based solid-state batteries
snapshot_2,Topic_sulfide_solid-state_battery_cathode_composite_2015-2024_Knowledge.txt,117,https://openalex.org/W3006115260,https://doi.org/10.1002/adfm.201910274,2020,Non‐Noble‐Metal‐Based Electrocatalysts toward the Oxygen Evolution Reaction
snapshot_2,Topic_sulfide_solid-state_battery_cathode_composite_2015-2024_Knowledge.txt,118,https://openalex.org/W2592267057,https://doi.org/10.1038/ncomms14264,2017,Low-crystalline iron oxide hydroxide nanoparticle anode for high-performance supercapacitors
snapshot_2,Topic_sulfide_solid-state_battery_cathode_composite_2015-2024_Knowledge.txt,119,https://openalex.org/W4318049711,https://doi.org/10.1038/s41467-023-35933-2,2023,A non-academic perspective on the future of lithium-based batteries
snapshot_2,Topic_sulfide_solid-state_battery_cathode_composite_2015-2024_Knowledge.txt,120,https://openalex.org/W4401014899,https://doi.org/10.1016/j.device.2024.100468,2024,Spraying Li6PS5Cl and silver-carbon multilayers to facilitate large-scale fabrication of all-solid-state batteries
snapshot_2,Topic_sulfide_solid-state_battery_cathode_composite_2015-2024_Knowledge.txt,121,https://openalex.org/W4391467806,https://doi.org/10.1149/1945-7111/ad2594,2024,Editors’ Choice—Alleviating the Kinetic Limitations of the Li-In Alloy Anode in All-Solid-State Batteries
snapshot_2,Topic_sulfide_solid-state_battery_cathode_composite_2015-2024_Knowledge.txt,122,https://openalex.org/W2945986935,https://doi.org/10.1002/adma.201901125,2019,Current Status and Future Prospects of Metal–Sulfur Batteries
snapshot_2,Topic_sulfide_solid-state_battery_cathode_composite_2015-2024_Knowledge.txt,123,https://openalex.org/W2982681138,https://doi.org/10.1038/s41467-019-12857-4,2019,Conductive 2D metal-organic framework for high-performance cathodes in aqueous rechargeable zinc batteries
snapshot_2,Topic_sulfide_solid-state_battery_cathode_composite_2015-2024_Knowledge.txt,124,https://openalex.org/W2994940560,https://doi.org/10.1007/s40820-019-0337-2,2019,Dendritic Nanostructured Waste Copper Wires for High-Energy Alkaline Battery
snapshot_2,Topic_sulfide_solid-state_battery_cathode_composite_2015-2024_Knowledge.txt,125,https://openalex.org/W3148416643,https://doi.org/10.1039/d1ee00505g,2021,High-entropy energy materials: challenges and new opportunities
snapshot_2,Topic_sulfide_solid-state_battery_cathode_composite_2015-2024_Knowledge.txt,126,https://openalex.org/W4404873519,https://doi.org/10.1016/j.nanoen.2024.110531,2024,Fast-charging all-solid-state battery cathodes with long cycle life
snapshot_2,Topic_sulfide_solid-state_battery_cathode_composite_2015-2024_Knowledge.txt,127,https://openalex.org/W4384028923,https://doi.org/10.1002/cssc.202300517,2023,“Win‐Win” Modification of LiCoO<sub>2</sub> Enables Stable and Long‐Life Cycling of Sulfide‐Based All Solid‐State Batteries
snapshot_2,Topic_sulfide_solid-state_battery_cathode_composite_2015-2024_Knowledge.txt,128,https://openalex.org/W4205771230,https://doi.org/10.1002/aenm.202102917,2022,"Recycling of Lithium‐Ion Batteries—Current State of the Art, Circular Economy, and Next Generation Recycling"
snapshot_2,Topic_sulfide_solid-state_battery_cathode_composite_2015-2024_Knowledge.txt,129,https://openalex.org/W2898852317,https://doi.org/10.1021/jacs.8b10282,2018,Inducing High Ionic Conductivity in the Lithium Superionic Argyrodites Li<sub>6+<i>x</i></sub>P<sub>1–<i>x</i></sub>Ge<sub><i>x</i></sub>S<sub>5</sub>I for All-Solid-State Batteries
snapshot_2,Topic_sulfide_solid-state_battery_cathode_composite_2015-2024_Knowledge.txt,130,https://openalex.org/W4394971084,https://doi.org/10.1021/acs.iecr.4c00901,2024,Thermal-Induced Cathodic Interface Change on Na<sub>3</sub>PS<sub>4</sub>-Based All-Solid-State Sodium Batteries
snapshot_2,Topic_sulfide_solid-state_battery_cathode_composite_2015-2024_Knowledge.txt,131,https://openalex.org/W2805857153,https://doi.org/10.1038/s41467-018-02889-7,2018,Boosting lithium storage in covalent organic framework via activation of 14-electron redox chemistry
snapshot_2,Topic_sulfide_solid-state_battery_cathode_composite_2015-2024_Knowledge.txt,132,https://openalex.org/W2885156520,https://doi.org/10.1142/s012908351850002x,2017,Lithium distribution analysis in all-solid-state lithium battery using microbeam particle-induced X-ray emission and particle-induced gamma-ray emission techniques
snapshot_2,Topic_sulfide_solid-state_battery_cathode_composite_2015-2024_Knowledge.txt,133,https://openalex.org/W2891605669,https://doi.org/10.1038/s41467-018-06443-3,2018,A room-temperature sodium–sulfur battery with high capacity and stable cycling performance
snapshot_2,Topic_sulfide_solid-state_battery_cathode_composite_2015-2024_Knowledge.txt,134,https://openalex.org/W4401284001,https://doi.org/10.1016/j.cej.2024.154534,2024,Accelerating ionic–electronic percolation pathways via catecholate coordination of bioinspired-polymer dopamine in all-solid-state composite cathode
snapshot_2,Topic_sulfide_solid-state_battery_cathode_composite_2015-2024_Knowledge.txt,135,https://openalex.org/W4402977366,https://doi.org/10.1002/aenm.202470145,2024,Wet‐Processable Binder in Composite Cathode for High Energy Density All‐Solid‐State Lithium Batteries (Adv. Energy Mater. 35/2024)
snapshot_2,Topic_sulfide_solid-state_battery_cathode_composite_2015-2024_Knowledge.txt,136,https://openalex.org/W3106249981,https://doi.org/10.1021/acs.chemrev.0c00275,2020,Lithium Metal Anodes with Nonaqueous Electrolytes
snapshot_2,Topic_sulfide_solid-state_battery_cathode_composite_2015-2024_Knowledge.txt,137,https://openalex.org/W2735944262,https://doi.org/10.1002/aenm.201700544,2017,Design of Efficient Bifunctional Oxygen Reduction/Evolution Electrocatalyst: Recent Advances and Perspectives
snapshot_2,Topic_sulfide_solid-state_battery_cathode_composite_2015-2024_Knowledge.txt,138,https://openalex.org/W2807433987,https://doi.org/10.1002/adfm.201801188,2018,Progress on the Critical Parameters for Lithium–Sulfur Batteries to be Practically Viable
snapshot_2,Topic_sulfide_solid-state_battery_cathode_composite_2015-2024_Knowledge.txt,139,https://openalex.org/W3040411002,https://doi.org/10.1002/aenm.202001304,2020,Host Materials Anchoring Polysulfides in Li–S Batteries Reviewed
snapshot_2,Topic_sulfide_solid-state_battery_cathode_composite_2015-2024_Knowledge.txt,140,https://openalex.org/W4393252761,https://doi.org/10.1021/acsami.4c01808,2024,Heteroionic Interfaces in Hybrid Solid-State Batteries─Current Constriction at the Interface between Different Solid Electrolytes
snapshot_2,Topic_sulfide_solid-state_battery_cathode_composite_2015-2024_Knowledge.txt,141,https://openalex.org/W3189065864,https://doi.org/10.1039/d1ee01530c,2021,Battery cost forecasting: a review of methods and results with an outlook to 2050
snapshot_2,Topic_sulfide_solid-state_battery_cathode_composite_2015-2024_Knowledge.txt,142,https://openalex.org/W4403953808,https://doi.org/10.1002/smll.202406298,2024,Self‐Templated 3D Sulfide‐Based Solid Composite Electrolyte for Solid‐State Sodium Metal Batteries
snapshot_2,Topic_sulfide_solid-state_battery_cathode_composite_2015-2024_Knowledge.txt,143,https://openalex.org/W3082928566,https://doi.org/10.1007/s10311-020-01075-w,2020,Advanced materials and technologies for supercapacitors used in energy conversion and storage: a review
snapshot_2,Topic_sulfide_solid-state_battery_cathode_composite_2015-2024_Knowledge.txt,144,https://openalex.org/W3048606076,https://doi.org/10.1021/acsnano.0c05482,2020,Rational Design of Two-Dimensional Transition Metal Carbide/Nitride (MXene) Hybrids and Nanocomposites for Catalytic Energy Storage and Conversion
snapshot_2,Topic_sulfide_solid-state_battery_cathode_composite_2015-2024_Knowledge.txt,145,https://openalex.org/W2218635931,https://doi.org/10.1039/c5mh00260e,2015,The evolution of ‘sol–gel’ chemistry as a technique for materials synthesis
snapshot_2,Topic_sulfide_solid-state_battery_cathode_composite_2015-2024_Knowledge.txt,146,https://openalex.org/W2254106991,https://doi.org/10.1038/ncomms9689,2015,Uniform yolk-shell iron sulfide–carbon nanospheres for superior sodium–iron sulfide batteries
snapshot_2,Topic_sulfide_solid-state_battery_cathode_composite_2015-2024_Knowledge.txt,147,https://openalex.org/W2967943101,https://doi.org/10.1007/s41918-019-00048-0,2019,"Solid-State Electrolytes for Lithium-Ion Batteries: Fundamentals, Challenges and Perspectives"
snapshot_2,Topic_sulfide_solid-state_battery_cathode_composite_2015-2024_Knowledge.txt,148,https://openalex.org/W2765536246,https://doi.org/10.1038/s41467-017-01187-y,2017,"Accessing the bottleneck in all-solid state batteries, lithium-ion transport over the solid-electrolyte-electrode interface"
snapshot_2,Topic_sulfide_solid-state_battery_cathode_composite_2015-2024_Knowledge.txt,149,https://openalex.org/W2957014459,https://doi.org/10.3389/fchem.2019.00522,2019,Review on Polymer-Based Composite Electrolytes for Lithium Batteries
snapshot_2,Topic_sulfide_solid-state_battery_cathode_composite_2015-2024_Knowledge.txt,150,https://openalex.org/W4389986487,https://doi.org/10.1021/acsami.3c16173,2023,New Quasi-Solid-State Li-SPAN Battery Enhanced by In Situ Thermally Polymerized Gel Polymer Electrolytes
snapshot_2,Topic_sulfide_solid-state_battery_cathode_composite_2015-2024_Knowledge.txt,151,https://openalex.org/W4403259690,https://doi.org/10.1149/1945-7111/ad851f,2024,Exploring the Optimal Binder Content in Composite Electrodes for Sulfide-Based All-Solid-State Lithium-Ion Batteries
snapshot_2,Topic_sulfide_solid-state_battery_cathode_composite_2015-2024_Knowledge.txt,152,https://openalex.org/W1913335229,https://doi.org/10.1073/pnas.1504901112,2015,High-capacity electrode materials for rechargeable lithium batteries: Li <sub>3</sub> NbO <sub>4</sub> -based system with cation-disordered rocksalt structure
snapshot_2,Topic_sulfide_solid-state_battery_cathode_composite_2015-2024_Knowledge.txt,153,https://openalex.org/W2787667840,https://doi.org/10.1039/c7cs00464h,2018,Ionic liquids and derived materials for lithium and sodium batteries
snapshot_2,Topic_sulfide_solid-state_battery_cathode_composite_2015-2024_Knowledge.txt,154,https://openalex.org/W4390947843,https://doi.org/10.1039/d3sc05105f,2024,Alternatives to fluorinated binders: recyclable copolyester/carbonate electrolytes for high-capacity solid composite cathodes
snapshot_2,Topic_sulfide_solid-state_battery_cathode_composite_2015-2024_Knowledge.txt,155,https://openalex.org/W4391896863,https://doi.org/10.1002/chem.202400074,2024,Engineering Detrimental Functional Groups in Conductive Additives Toward High‐Performance All‐Solid‐State Batteries
snapshot_2,Topic_sulfide_solid-state_battery_cathode_composite_2015-2024_Knowledge.txt,156,https://openalex.org/W3152601855,https://doi.org/10.1007/s40145-021-0477-y,2021,"High-entropy ceramics: Present status, challenges, and a look forward"
snapshot_2,Topic_sulfide_solid-state_battery_cathode_composite_2015-2024_Knowledge.txt,157,https://openalex.org/W2773352941,https://doi.org/10.1002/aenm.201702384,2017,Recent Progress and Perspective in Electrode Materials for K‐Ion Batteries
snapshot_2,Topic_sulfide_solid-state_battery_cathode_composite_2015-2024_Knowledge.txt,158,https://openalex.org/W2799915630,https://doi.org/10.1038/s41578-018-0005-z,2018,Accelerating the discovery of materials for clean energy in the era of smart automation
snapshot_2,Topic_sulfide_solid-state_battery_cathode_composite_2015-2024_Knowledge.txt,159,https://openalex.org/W4366316315,https://doi.org/10.1016/j.procir.2023.02.032,2023,Identification of target materials for recycling of solid-state batteries from environmental and economic perspective using information theory entropy
snapshot_2,Topic_sulfide_solid-state_battery_cathode_composite_2015-2024_Knowledge.txt,160,https://openalex.org/W4388134708,https://doi.org/10.20944/preprints202310.1999.v1,2023,The Next Frontier in Energy Storage: A Game-Changing Guide to Advances in Solid-State Battery Cathodes
snapshot_2,Topic_sulfide_solid-state_battery_cathode_composite_2015-2024_Knowledge.txt,161,https://openalex.org/W3184400016,https://doi.org/10.1038/s41467-021-24697-2,2021,A cost-effective and humidity-tolerant chloride solid electrolyte for lithium batteries
snapshot_2,Topic_sulfide_solid-state_battery_cathode_composite_2015-2024_Knowledge.txt,162,https://openalex.org/W2316223329,https://doi.org/10.1038/ncomms11204,2016,Coupled molybdenum carbide and reduced graphene oxide electrocatalysts for efficient hydrogen evolution
snapshot_2,Topic_sulfide_solid-state_battery_cathode_composite_2015-2024_Knowledge.txt,163,https://openalex.org/W4281679590,https://doi.org/10.1186/s12951-022-01477-8,2022,"Nanoparticle classification, physicochemical properties, characterization, and applications: a comprehensive review for biologists"
snapshot_2,Topic_sulfide_solid-state_battery_cathode_composite_2015-2024_Knowledge.txt,164,https://openalex.org/W2996992994,https://doi.org/10.1038/s41598-019-55207-6,2019,"Fe-doped mayenite electride composite with 2D reduced Graphene Oxide: As a non-platinum based, highly durable electrocatalyst for Oxygen Reduction Reaction"
snapshot_2,Topic_sulfide_solid-state_battery_cathode_composite_2015-2024_Knowledge.txt,165,https://openalex.org/W4403033777,https://doi.org/10.2351/7.0001578,2024,Establishing laser cutting of components for sulfide-based solid-state batteries
snapshot_2,Topic_sulfide_solid-state_battery_cathode_composite_2015-2024_Knowledge.txt,166,https://openalex.org/W4399462007,https://doi.org/10.1002/adfm.202407166,2024,Activation of Li<sub>2</sub>S Cathode by an Organoselenide Salt Mediator for All‐Solid‐State Lithium–Sulfur Batteries
snapshot_2,Topic_sulfide_solid-state_battery_cathode_composite_2015-2024_Knowledge.txt,167,https://openalex.org/W4394904488,https://doi.org/10.1021/acs.langmuir.4c00682,2024,Selenium-Doped Sulfurized Polyacrylonitrile Hybrid Cathodes with Ultrahigh Sulfur Content for High-Performance Solid-State Lithium Sulfur Batteries
snapshot_2,Topic_sulfide_solid-state_battery_cathode_composite_2015-2024_Knowledge.txt,168,https://openalex.org/W2745464750,https://doi.org/10.1039/c6cs00752j,2017,Counter electrodes in dye-sensitized solar cells
snapshot_2,Topic_sulfide_solid-state_battery_cathode_composite_2015-2024_Knowledge.txt,169,https://openalex.org/W2607825147,https://doi.org/10.1039/c7ee00534b,2017,Compatibility issues between electrodes and electrolytes in solid-state batteries
snapshot_2,Topic_sulfide_solid-state_battery_cathode_composite_2015-2024_Knowledge.txt,170,https://openalex.org/W4308680515,https://doi.org/10.1007/s40820-022-00960-z,2022,Metal–Organic Frameworks Functionalized Separators for Robust Aqueous Zinc-Ion Batteries
snapshot_2,Topic_sulfide_solid-state_battery_cathode_composite_2015-2024_Knowledge.txt,171,https://openalex.org/W2593380324,https://doi.org/10.1038/ncomms14628,2017,Foldable interpenetrated metal-organic frameworks/carbon nanotubes thin film for lithium–sulfur batteries
snapshot_2,Topic_sulfide_solid-state_battery_cathode_composite_2015-2024_Knowledge.txt,172,https://openalex.org/W4402029780,https://doi.org/10.1149/1945-7111/ad75bd,2024,"PVDF Binder in All-Solid-State Lithium Batteries with NCM/Sulfide/PVDF Cathode, Oxide/PEO SE Layer, and Li-metal Anode"
snapshot_2,Topic_sulfide_solid-state_battery_cathode_composite_2015-2024_Knowledge.txt,173,https://openalex.org/W4388233743,https://doi.org/10.3390/batteries9110543,2023,Co-Sintering of Li1.3Al0.3Ti1.7(PO4)3 and LiFePO4 in Tape-Casted Composite Cathodes for Oxide Solid-State Batteries
snapshot_2,Topic_sulfide_solid-state_battery_cathode_composite_2015-2024_Knowledge.txt,174,https://openalex.org/W2262464189,https://doi.org/10.1038/ncomms8149,2015,Wearable red–green–blue quantum dot light-emitting diode array using high-resolution intaglio transfer printing
snapshot_2,Topic_sulfide_solid-state_battery_cathode_composite_2015-2024_Knowledge.txt,175,https://openalex.org/W2974541005,https://doi.org/10.1002/anie.201910309,2019,Metal–Organic Frameworks Based Electrocatalysts for the Oxygen Reduction Reaction
snapshot_2,Topic_sulfide_solid-state_battery_cathode_composite_2015-2024_Knowledge.txt,176,https://openalex.org/W2945331209,https://doi.org/10.1002/adma.201806620,2019,Review of Recent Development of In Situ/Operando Characterization Techniques for Lithium Battery Research
snapshot_2,Topic_sulfide_solid-state_battery_cathode_composite_2015-2024_Knowledge.txt,177,https://openalex.org/W4225285080,https://doi.org/10.1038/s41467-022-29987-x,2022,Corrosion as the origin of limited lifetime of vanadium oxide-based aqueous zinc ion batteries
snapshot_2,Topic_sulfide_solid-state_battery_cathode_composite_2015-2024_Knowledge.txt,178,https://openalex.org/W2908249283,https://doi.org/10.1039/c8ee03282c,2019,Direct observation of active catalyst surface phases and the effect of dynamic self-optimization in NiFe-layered double hydroxides for alkaline water splitting
snapshot_2,Topic_sulfide_solid-state_battery_cathode_composite_2015-2024_Knowledge.txt,179,https://openalex.org/W2894627180,https://doi.org/10.1038/s41467-018-06629-9,2018,Exceptional catalytic effects of black phosphorus quantum dots in shuttling-free lithium sulfur batteries
snapshot_2,Topic_sulfide_solid-state_battery_cathode_composite_2015-2024_Knowledge.txt,180,https://openalex.org/W4383175724,https://doi.org/10.48550/arxiv.2307.00145,2023,Mechanical investigations of composite cathode degradation in all-solid-state-batteries
snapshot_2,Topic_sulfide_solid-state_battery_cathode_composite_2015-2024_Knowledge.txt,181,https://openalex.org/W2918742558,https://doi.org/10.1038/s41467-019-09061-9,2019,A complex hydride lithium superionic conductor for high-energy-density all-solid-state lithium metal batteries
snapshot_2,Topic_sulfide_solid-state_battery_cathode_composite_2015-2024_Knowledge.txt,182,https://openalex.org/W2997464980,https://doi.org/10.1002/anie.201914478,2020,Enhanced Surface Interactions Enable Fast Li<sup>+</sup> Conduction in Oxide/Polymer Composite Electrolyte
snapshot_2,Topic_sulfide_solid-state_battery_cathode_composite_2015-2024_Knowledge.txt,183,https://openalex.org/W4403359970,https://doi.org/10.1002/ange.202415891,2024,Integrating Prelithiation and Interface Protection to Achieve High‐Energy All‐Solid‐State Batteries
snapshot_2,Topic_sulfide_solid-state_battery_cathode_composite_2015-2024_Knowledge.txt,184,https://openalex.org/W3080874027,https://doi.org/10.1093/nsr/nwaa178,2020,Molecular grafting towards high-fraction active nanodots implanted in N-doped carbon for sodium dual-ion batteries
snapshot_2,Topic_sulfide_solid-state_battery_cathode_composite_2015-2024_Knowledge.txt,185,https://openalex.org/W2908585500,https://doi.org/10.1038/s41467-018-07980-7,2019,Electrochemically activated spinel manganese oxide for rechargeable aqueous aluminum battery
snapshot_2,Topic_sulfide_solid-state_battery_cathode_composite_2015-2024_Knowledge.txt,186,https://openalex.org/W4283268869,https://doi.org/10.1002/cey2.219,2022,Carbon nanomaterials and their composites for supercapacitors
snapshot_2,Topic_sulfide_solid-state_battery_cathode_composite_2015-2024_Knowledge.txt,187,https://openalex.org/W4386917125,https://doi.org/10.1126/science.abg5998,2023,Solid-state batteries: The critical role of mechanics
snapshot_2,Topic_sulfide_solid-state_battery_cathode_composite_2015-2024_Knowledge.txt,188,https://openalex.org/W4220909851,https://doi.org/10.1016/j.egyr.2022.03.016,2022,Overview of batteries and battery management for electric vehicles
snapshot_2,Topic_sulfide_solid-state_battery_cathode_composite_2015-2024_Knowledge.txt,189,https://openalex.org/W4308342665,https://doi.org/10.1021/acsami.2c08723,2022,Air-Stable Li<sub>3</sub>SbS<sub>4</sub>–LiI Electrolytes Synthesized via an Aqueous Ion-Exchange Process and the Unique Temperature Dependence of Conductivity
snapshot_2,Topic_sulfide_solid-state_battery_cathode_composite_2015-2024_Knowledge.txt,190,https://openalex.org/W3049304483,https://doi.org/10.3390/nano10081606,2020,Sulfide and Oxide Inorganic Solid Electrolytes for All-Solid-State Li Batteries: A Review
snapshot_2,Topic_sulfide_solid-state_battery_cathode_composite_2015-2024_Knowledge.txt,191,https://openalex.org/W4366278627,https://doi.org/10.1002/adfm.202301291,2023,Developing Cathode Materials for Aqueous Zinc Ion Batteries: Challenges and Practical Prospects
snapshot_2,Topic_sulfide_solid-state_battery_cathode_composite_2015-2024_Knowledge.txt,192,https://openalex.org/W4394843726,https://doi.org/10.3390/batteries10040132,2024,Influence of Solid Fraction on Particle Size during Wet-Chemical Synthesis of β-Li3PS4 in Tetrahydrofuran
snapshot_2,Topic_sulfide_solid-state_battery_cathode_composite_2015-2024_Knowledge.txt,193,https://openalex.org/W3015480975,https://doi.org/10.1002/aenm.202000093,2020,Electrolytes and Interphases in Sodium‐Based Rechargeable Batteries: Recent Advances and Perspectives
snapshot_2,Topic_sulfide_solid-state_battery_cathode_composite_2015-2024_Knowledge.txt,194,https://openalex.org/W4295997634,https://doi.org/10.1021/acs.langmuir.2c01882,2022,Synergistic Effect of Co<sub>9</sub>S<sub>8</sub> and FeS<sub>2</sub> Inlaid on N-Doped Carbon Nanofibers toward a Bifunctional Catalyst for Zn–Air Batteries
snapshot_2,Topic_sulfide_solid-state_battery_cathode_composite_2015-2024_Knowledge.txt,195,https://openalex.org/W3183449888,https://doi.org/10.1038/s41467-021-24701-9,2021,A high capacity small molecule quinone cathode for rechargeable aqueous zinc-organic batteries
snapshot_2,Topic_sulfide_solid-state_battery_cathode_composite_2015-2024_Knowledge.txt,196,https://openalex.org/W2910256922,https://doi.org/10.1038/s41467-018-07975-4,2019,Achieving three-dimensional lithium sulfide growth in lithium-sulfur batteries using high-donor-number anions
snapshot_2,Topic_sulfide_solid-state_battery_cathode_composite_2015-2024_Knowledge.txt,197,https://openalex.org/W3102869822,https://doi.org/10.1038/s41467-020-19726-5,2020,In-situ visualization of the space-charge-layer effect on interfacial lithium-ion transport in all-solid-state batteries
snapshot_2,Topic_sulfide_solid-state_battery_cathode_composite_2015-2024_Knowledge.txt,198,https://openalex.org/W4402768283,https://doi.org/10.1039/d4cc04395b,2024,A LiI doped MoS<sub>6</sub> composite for room temperature all-solid-state lithium batteries
snapshot_2,Topic_sulfide_solid-state_battery_cathode_composite_2015-2024_Knowledge.txt,199,https://openalex.org/W3040795836,https://doi.org/10.1039/c9cs00636b,2020,Developing high safety Li-metal anodes for future high-energy Li-metal batteries: strategies and perspectives
snapshot_2,Topic_sulfide_solid-state_battery_cathode_composite_2015-2024_Knowledge.txt,200,https://openalex.org/W2794435994,https://doi.org/10.1002/adma.201704561,2018,Clay‐Inspired MXene‐Based Electrochemical Devices and Photo‐Electrocatalyst: State‐of‐the‐Art Progresses and Challenges
snapshot_2,Topic_sulfide_solid-state_battery_cathode_composite_2015-2024_Knowledge.txt,201,https://openalex.org/W3143432907,https://doi.org/10.1360/tb-2020-1326,2021,Modification and regulation of electrode/electrolyte interface for high specific energy and long life lithium ion batteries
snapshot_2,Topic_sulfide_solid-state_battery_cathode_composite_2015-2024_Knowledge.txt,202,https://openalex.org/W2972016194,https://doi.org/10.1038/s41467-019-11925-z,2019,Conductive carbon nanofiber interpenetrated graphene architecture for ultra-stable sodium ion battery
snapshot_2,Topic_sulfide_solid-state_battery_cathode_composite_2015-2024_Knowledge.txt,203,https://openalex.org/W2748359615,https://doi.org/10.1038/ncomms15806,2017,Understanding materials challenges for rechargeable ion batteries with in situ transmission electron microscopy
snapshot_2,Topic_sulfide_solid-state_battery_cathode_composite_2015-2024_Knowledge.txt,204,https://openalex.org/W2987240825,https://doi.org/10.1002/inf2.12056,2019,Expediting redox kinetics of sulfur species by atomic‐scale electrocatalysts in lithium–sulfur batteries
snapshot_2,Topic_sulfide_solid-state_battery_cathode_composite_2015-2024_Knowledge.txt,205,https://openalex.org/W4381189700,https://doi.org/10.1038/s41467-023-39366-9,2023,Fe/Cu diatomic catalysts for electrochemical nitrate reduction to ammonia
snapshot_2,Topic_sulfide_solid-state_battery_cathode_composite_2015-2024_Knowledge.txt,206,https://openalex.org/W3020702954,https://doi.org/10.1021/acs.macromol.9b02742,2020,Perspectives for Polymer Electrolytes: A View from Fundamentals of Ionic Conductivity
snapshot_2,Topic_sulfide_solid-state_battery_cathode_composite_2015-2024_Knowledge.txt,207,https://openalex.org/W2544377650,https://doi.org/10.1002/aenm.201601196,2016,A Self‐Forming Composite Electrolyte for Solid‐State Sodium Battery with Ultralong Cycle Life
snapshot_2,Topic_sulfide_solid-state_battery_cathode_composite_2015-2024_Knowledge.txt,208,https://openalex.org/W2600902863,https://doi.org/10.1038/ncomms14873,2017,Rapid electron transfer by the carbon matrix in natural pyrogenic carbon
snapshot_2,Topic_sulfide_solid-state_battery_cathode_composite_2015-2024_Knowledge.txt,209,https://openalex.org/W3013260401,https://doi.org/10.1038/s41467-020-15416-4,2020,Atomically dispersed cobalt catalyst anchored on nitrogen-doped carbon nanosheets for lithium-oxygen batteries
snapshot_2,Topic_sulfide_solid-state_battery_cathode_composite_2015-2024_Knowledge.txt,210,https://openalex.org/W2004683913,https://doi.org/10.3762/bjnano.6.105,2015,From lithium to sodium: cell chemistry of room temperature sodium–air and sodium–sulfur batteries
snapshot_2,Topic_sulfide_solid-state_battery_cathode_composite_2015-2024_Knowledge.txt,211,https://openalex.org/W4318616036,https://doi.org/10.1007/s40820-022-00996-1,2023,Tailoring Practically Accessible Polymer/Inorganic Composite Electrolytes for All-Solid-State Lithium Metal Batteries: A Review
snapshot_2,Topic_sulfide_solid-state_battery_cathode_composite_2015-2024_Knowledge.txt,212,https://openalex.org/W2920715038,https://doi.org/10.1038/s41467-019-08818-6,2019,Ether-compatible sulfurized polyacrylonitrile cathode with excellent performance enabled by fast kinetics via selenium doping
snapshot_2,Topic_sulfide_solid-state_battery_cathode_composite_2015-2024_Knowledge.txt,213,https://openalex.org/W4402487452,https://doi.org/10.1002/adsu.202400313,2024,Interface Stability of Sulfide/PVDF‐HFP Solid Composite Electrolyte with High Voltage NMC Cathode
snapshot_2,Topic_sulfide_solid-state_battery_cathode_composite_2015-2024_Knowledge.txt,214,https://openalex.org/W2949489612,https://doi.org/10.3390/app9122489,2019,Recent Advances and Applications of Semiconductor Photocatalytic Technology
snapshot_2,Topic_sulfide_solid-state_battery_cathode_composite_2015-2024_Knowledge.txt,215,https://openalex.org/W4220815223,https://doi.org/10.1021/acs.chemrev.1c00838,2022,"Review of Multifunctional Separators: Stabilizing the Cathode and the Anode for Alkali (Li, Na, and K) Metal–Sulfur and Selenium Batteries"
snapshot_2,Topic_sulfide_solid-state_battery_cathode_composite_2015-2024_Knowledge.txt,216,https://openalex.org/W2989937242,https://doi.org/10.3390/ma12233892,2019,Building Better Batteries in the Solid State: A Review
snapshot_2,Topic_sulfide_solid-state_battery_cathode_composite_2015-2024_Knowledge.txt,217,https://openalex.org/W2784532118,https://doi.org/10.1021/acs.accounts.7b00487,2018,Understanding Conversion-Type Electrodes for Lithium Rechargeable Batteries
snapshot_2,Topic_sulfide_solid-state_battery_cathode_composite_2015-2024_Knowledge.txt,218,https://openalex.org/W3014672812,https://doi.org/10.1007/s40820-020-0413-7,2020,"Comprehensive Insight into the Mechanism, Material Selection and Performance Evaluation of Supercapatteries"
snapshot_2,Topic_sulfide_solid-state_battery_cathode_composite_2015-2024_Knowledge.txt,219,https://openalex.org/W3034591340,https://doi.org/10.1021/acscatal.0c01641,2020,A Review on Challenges and Successes in Atomic-Scale Design of Catalysts for Electrochemical Synthesis of Hydrogen Peroxide
snapshot_2,Topic_sulfide_solid-state_battery_cathode_composite_2015-2024_Knowledge.txt,220,https://openalex.org/W2465112285,https://doi.org/10.3390/molecules21070900,2016,Photocatalytic Water Splitting—The Untamed Dream: A Review of Recent Advances
snapshot_2,Topic_sulfide_solid-state_battery_cathode_composite_2015-2024_Knowledge.txt,221,https://openalex.org/W4296252154,https://doi.org/10.1002/aenm.202202094,2022,"Sulfur Reduction Reaction in Lithium–Sulfur Batteries: Mechanisms, Catalysts, and Characterization"
snapshot_2,Topic_sulfide_solid-state_battery_cathode_composite_2015-2024_Knowledge.txt,222,https://openalex.org/W2883757223,https://doi.org/10.1007/s41918-018-0014-z,2018,Recent Progresses in Electrocatalysts for Water Electrolysis
snapshot_2,Topic_sulfide_solid-state_battery_cathode_composite_2015-2024_Knowledge.txt,223,https://openalex.org/W2997981563,https://doi.org/10.1039/c9tc04916a,2019,Reduced graphene oxide today
snapshot_2,Topic_sulfide_solid-state_battery_cathode_composite_2015-2024_Knowledge.txt,224,https://openalex.org/W2922785149,https://doi.org/10.1007/s40820-019-0256-2,2019,V2O5 Nanospheres with Mixed Vanadium Valences as High Electrochemically Active Aqueous Zinc-Ion Battery Cathode
snapshot_2,Topic_sulfide_solid-state_battery_cathode_composite_2015-2024_Knowledge.txt,225,https://openalex.org/W4401247195,https://doi.org/10.1021/acsami.4c07252,2024,High Areal Capacity Cation and Anionic Redox Solid-State Batteries Enabled by Transition Metal Sulfide Conversion
snapshot_2,Topic_sulfide_solid-state_battery_cathode_composite_2015-2024_Knowledge.txt,226,https://openalex.org/W4206321081,https://doi.org/10.1007/s40820-021-00782-5,2022,"Zinc Anode for Mild Aqueous Zinc-Ion Batteries: Challenges, Strategies, and Perspectives"
snapshot_2,Topic_sulfide_solid-state_battery_cathode_composite_2015-2024_Knowledge.txt,227,https://openalex.org/W2741612022,https://doi.org/10.3365/kjmm.2017.55.7.503,2017,Effect of Preparation Methods on the Electrochemical Performance of All-solid-state Li-S Batteries
snapshot_2,Topic_sulfide_solid-state_battery_cathode_composite_2015-2024_Knowledge.txt,228,https://openalex.org/W4295900394,https://doi.org/10.1038/s41467-022-33007-3,2022,Reversible hydrogen spillover in Ru-WO3-x enhances hydrogen evolution activity in neutral pH water splitting
snapshot_2,Topic_sulfide_solid-state_battery_cathode_composite_2015-2024_Knowledge.txt,229,https://openalex.org/W2965255951,https://doi.org/10.1038/s41467-019-11176-y,2019,Highly active nanostructured CoS2/CoS heterojunction electrocatalysts for aqueous polysulfide/iodide redox flow batteries
snapshot_2,Topic_sulfide_solid-state_battery_cathode_composite_2015-2024_Knowledge.txt,230,https://openalex.org/W4386866787,https://doi.org/10.1149/ma2023-0161012mtgabs,2023,Usage of Co-Solvent for Fabricating the Composite Cathode for Sulfide-Based All-Solid-State Lithium Batteries
snapshot_2,Topic_sulfide_solid-state_battery_cathode_composite_2015-2024_Knowledge.txt,231,https://openalex.org/W4206223970,https://doi.org/10.1038/s41467-021-27866-5,2022,Single-dispersed polyoxometalate clusters embedded on multilayer graphene as a bifunctional electrocatalyst for efficient Li-S batteries
snapshot_2,Topic_sulfide_solid-state_battery_cathode_composite_2015-2024_Knowledge.txt,232,https://openalex.org/W2570189725,https://doi.org/10.3389/fmicb.2016.02106,2017,"Resource Recovery from Wastewater by Biological Technologies: Opportunities, Challenges, and Prospects"
snapshot_2,Topic_sulfide_solid-state_battery_cathode_composite_2015-2024_Knowledge.txt,233,https://openalex.org/W4309818414,https://doi.org/10.1149/ma2022-024434mtgabs,2022,Composite Cathode with High Active Mass Loading for Sulfide-Based All-Solid-State Lithium Batteries
snapshot_2,Topic_sulfide_solid-state_battery_cathode_composite_2015-2024_Knowledge.txt,234,https://openalex.org/W3204237804,https://doi.org/10.1007/s40820-021-00726-z,2021,Rational Design of MOF-Based Materials for Next-Generation Rechargeable Batteries
snapshot_2,Topic_sulfide_solid-state_battery_cathode_composite_2015-2024_Knowledge.txt,235,https://openalex.org/W4318425186,https://doi.org/10.1063/5.0129001,2023,Structure–transport correlations in Na11Sn2SbSe12 and its sulfide solid solutions
snapshot_2,Topic_sulfide_solid-state_battery_cathode_composite_2015-2024_Knowledge.txt,236,https://openalex.org/W4403605375,https://doi.org/10.1002/adfm.202415299,2024,Hierarchical Nanowire Host Material for High‐Areal‐Capacity All‐Solid‐State S/SeS<sub>2</sub> Batteries
snapshot_2,Topic_sulfide_solid-state_battery_cathode_composite_2015-2024_Knowledge.txt,237,https://openalex.org/W3016049632,https://doi.org/10.1002/smtd.202000039,2020,Toward Green Battery Cells: Perspective on Materials and Technologies
snapshot_2,Topic_sulfide_solid-state_battery_cathode_composite_2015-2024_Knowledge.txt,238,https://openalex.org/W2999800642,https://doi.org/10.1039/c9ee02803j,2020,Cation-disordered rocksalt transition metal oxides and oxyfluorides for high energy lithium-ion cathodes
snapshot_2,Topic_sulfide_solid-state_battery_cathode_composite_2015-2024_Knowledge.txt,239,https://openalex.org/W2768421128,https://doi.org/10.1038/s41467-017-01772-1,2017,High magnesium mobility in ternary spinel chalcogenides
snapshot_2,Topic_sulfide_solid-state_battery_cathode_composite_2015-2024_Knowledge.txt,240,https://openalex.org/W4323364582,https://doi.org/10.26434/chemrxiv-2023-p784w,2023,Water-mediated synthesis of halide solid electrolyte and conducting polymer hybrid materials for all solid-state batteries
snapshot_2,Topic_sulfide_solid-state_battery_cathode_composite_2015-2024_Knowledge.txt,241,https://openalex.org/W2980196518,https://doi.org/10.1002/adma.201903891,2019,Design Strategies to Enable the Efficient Use of Sodium Metal Anodes in High‐Energy Batteries
snapshot_2,Topic_sulfide_solid-state_battery_cathode_composite_2015-2024_Knowledge.txt,242,https://openalex.org/W2592034847,https://doi.org/10.1038/srep42233,2017,3D Printed Graphene Based Energy Storage Devices
snapshot_2,Topic_sulfide_solid-state_battery_cathode_composite_2015-2024_Knowledge.txt,243,https://openalex.org/W2995583187,https://doi.org/10.1002/eem2.12056,2019,Density Functional Theory for Battery Materials
snapshot_2,Topic_sulfide_solid-state_battery_cathode_composite_2015-2024_Knowledge.txt,244,https://openalex.org/W2949704504,https://doi.org/10.1038/s41467-019-10551-z,2019,Tailoring sodium intercalation in graphite for high energy and power sodium ion batteries
snapshot_2,Topic_sulfide_solid-state_battery_cathode_composite_2015-2024_Knowledge.txt,245,https://openalex.org/W2895948418,https://doi.org/10.3390/nano8100810,2018,Surface Modification of Magnetic Iron Oxide Nanoparticles
snapshot_2,Topic_sulfide_solid-state_battery_cathode_composite_2015-2024_Knowledge.txt,246,https://openalex.org/W3040716950,https://doi.org/10.1021/acsnano.9b08575,2020,Achieving Fast and Durable Lithium Storage through Amorphous FeP Nanoparticles Encapsulated in Ultrathin 3D P-Doped Porous Carbon Nanosheets
snapshot_2,Topic_sulfide_solid-state_battery_cathode_composite_2015-2024_Knowledge.txt,247,https://openalex.org/W2029682325,https://doi.org/10.1038/ncomms7152,2015,A dendrite-suppressing composite ion conductor from aramid nanofibres
snapshot_2,Topic_sulfide_solid-state_battery_cathode_composite_2015-2024_Knowledge.txt,248,https://openalex.org/W3134565144,https://doi.org/10.1002/sus2.4,2021,A perspective on sustainable energy materials for lithium batteries
snapshot_2,Topic_sulfide_solid-state_battery_cathode_composite_2015-2024_Knowledge.txt,249,https://openalex.org/W3008456757,https://doi.org/10.1039/c8cs00938d,2020,Poly(ionic liquid) composites
snapshot_2,Topic_sulfide_solid-state_battery_cathode_composite_2015-2024_Knowledge.txt,250,https://openalex.org/W2560701263,https://doi.org/10.1002/advs.201600289,2016,MoS<sub>2</sub>‐Based Nanocomposites for Electrochemical Energy Storage
snapshot_2,Topic_sulfide_solid-state_battery_cathode_composite_2015-2024_Knowledge.txt,251,https://openalex.org/W2522932354,https://doi.org/10.1021/acsami.6b09059,2016,About the Compatibility between High Voltage Spinel Cathode Materials and Solid Oxide Electrolytes as a Function of Temperature
snapshot_2,Topic_sulfide_solid-state_battery_cathode_composite_2015-2024_Knowledge.txt,252,https://openalex.org/W4361218022,https://doi.org/10.1007/s40820-023-01051-3,2023,The Critical Role of Fillers in Composite Polymer Electrolytes for Lithium Battery
snapshot_2,Topic_sulfide_solid-state_battery_cathode_composite_2015-2024_Knowledge.txt,253,https://openalex.org/W4394680686,https://doi.org/10.1039/d3cs00295k,2024,Zn-based batteries for sustainable energy storage: strategies and mechanisms
snapshot_2,Topic_sulfide_solid-state_battery_cathode_composite_2015-2024_Knowledge.txt,254,https://openalex.org/W3042598581,https://doi.org/10.1007/s40820-020-00487-1,2020,High-Performance Aqueous Zinc-Ion Batteries Realized by MOF Materials
snapshot_2,Topic_sulfide_solid-state_battery_cathode_composite_2015-2024_Knowledge.txt,255,https://openalex.org/W2753169497,https://doi.org/10.1038/s41598-017-10632-3,2017,Preparation of Monolayer MoS2 Quantum Dots using Temporally Shaped Femtosecond Laser Ablation of Bulk MoS2 Targets in Water
snapshot_2,Topic_sulfide_solid-state_battery_cathode_composite_2015-2024_Knowledge.txt,256,https://openalex.org/W2002028277,https://doi.org/10.1038/ncomms7567,2015,Highly porous non-precious bimetallic electrocatalysts for efficient hydrogen evolution
snapshot_2,Topic_sulfide_solid-state_battery_cathode_composite_2015-2024_Knowledge.txt,257,https://openalex.org/W3119375998,https://doi.org/10.1039/d0ee02848g,2021,Biomass-based materials for green lithium secondary batteries
snapshot_2,Topic_sulfide_solid-state_battery_cathode_composite_2015-2024_Knowledge.txt,258,https://openalex.org/W4405591153,https://doi.org/10.1149/ma2024-0281182mtgabs,2024,Exploring the Optimal Binder Content of Composite Cathode and Anode for Sulfide-Based All-Solid-State Batteries
snapshot_2,Topic_sulfide_solid-state_battery_cathode_composite_2015-2024_Knowledge.txt,259,https://openalex.org/W4392234005,https://doi.org/10.1002/cey2.464,2024,A 30‐year overview of sodium‐ion batteries
snapshot_2,Topic_sulfide_solid-state_battery_cathode_composite_2015-2024_Knowledge.txt,260,https://openalex.org/W4281894007,https://doi.org/10.1002/cey2.196,2022,Understanding of the sodium storage mechanism in hard carbon anodes
snapshot_2,Topic_sulfide_solid-state_battery_cathode_composite_2015-2024_Knowledge.txt,261,https://openalex.org/W3120112151,https://doi.org/10.1039/d0ee03407j,2021,Polyoxometalates (POMs): from electroactive clusters to energy materials
snapshot_2,Topic_sulfide_solid-state_battery_cathode_composite_2015-2024_Knowledge.txt,262,https://openalex.org/W2588261270,https://doi.org/10.1002/advs.201600445,2017,Advanced Micro/Nanostructures for Lithium Metal Anodes
snapshot_2,Topic_sulfide_solid-state_battery_cathode_composite_2015-2024_Knowledge.txt,263,https://openalex.org/W2787436741,https://doi.org/10.3390/batteries4010004,2018,"Pre-Lithiation Strategies for Rechargeable Energy Storage Technologies: Concepts, Promises and Challenges"
snapshot_2,Topic_sulfide_solid-state_battery_cathode_composite_2015-2024_Knowledge.txt,264,https://openalex.org/W4391262793,https://doi.org/10.1038/s41563-023-01792-x,2024,Chemo-mechanical failure mechanisms of the silicon anode in solid-state batteries
snapshot_2,Topic_sulfide_solid-state_battery_cathode_composite_2015-2024_Knowledge.txt,265,https://openalex.org/W2800829505,https://doi.org/10.3390/nano8040256,2018,"Recent Advances in Metal Chalcogenides (MX; X = S, Se) Nanostructures for Electrochemical Supercapacitor Applications: A Brief Review"
snapshot_2,Topic_sulfide_solid-state_battery_cathode_composite_2015-2024_Knowledge.txt,266,https://openalex.org/W2907244600,https://doi.org/10.1038/s41467-018-07646-4,2018,Manganese based layered oxides with modulated electronic and thermodynamic properties for sodium ion batteries
snapshot_2,Topic_sulfide_solid-state_battery_cathode_composite_2015-2024_Knowledge.txt,267,https://openalex.org/W3163217037,https://doi.org/10.1002/inf2.12189,2021,Strategies to anode protection in lithium metal battery: A review
snapshot_2,Topic_sulfide_solid-state_battery_cathode_composite_2015-2024_Knowledge.txt,268,https://openalex.org/W2969861869,https://doi.org/10.1002/adma.201807376,2019,Mutual Insight on Ferroelectrics and Hybrid Halide Perovskites: A Platform for Future Multifunctional Energy Conversion
snapshot_2,Topic_sulfide_solid-state_battery_cathode_composite_2015-2024_Knowledge.txt,269,https://openalex.org/W4224325514,https://doi.org/10.1007/s40820-022-00844-2,2022,High-Energy Batteries: Beyond Lithium-Ion and Their Long Road to Commercialisation
snapshot_2,Topic_sulfide_solid-state_battery_cathode_composite_2015-2024_Knowledge.txt,270,https://openalex.org/W2593326986,https://doi.org/10.1039/c7ta03199h,2017,"Modeling of internal mechanical failure of all-solid-state batteries during electrochemical cycling, and implications for battery design"
snapshot_2,Topic_sulfide_solid-state_battery_cathode_composite_2015-2024_Knowledge.txt,271,https://openalex.org/W3087761127,https://doi.org/10.1016/j.jpowsour.2020.228872,2020,Challenges of today for Na-based batteries of the future: From materials to cell metrics
snapshot_2,Topic_sulfide_solid-state_battery_cathode_composite_2015-2024_Knowledge.txt,272,https://openalex.org/W2922361666,https://doi.org/10.1038/s41427-019-0112-3,2019,Three-dimensional ordered porous electrode materials for electrochemical energy storage
snapshot_2,Topic_sulfide_solid-state_battery_cathode_composite_2015-2024_Knowledge.txt,273,https://openalex.org/W2891092794,https://doi.org/10.1038/s41467-018-05786-1,2018,Boosting potassium-ion batteries by few-layered composite anodes prepared via solution-triggered one-step shear exfoliation
snapshot_2,Topic_sulfide_solid-state_battery_cathode_composite_2015-2024_Knowledge.txt,274,https://openalex.org/W4360976907,https://doi.org/10.1002/9781119817741.ch4,2023,Solid Batteries Chemistries Beyond Lithium
snapshot_2,Topic_sulfide_solid-state_battery_cathode_composite_2015-2024_Knowledge.txt,275,https://openalex.org/W2533416009,https://doi.org/10.1038/ncomms13216,2016,Ultrasmall and phase-pure W2C nanoparticles for efficient electrocatalytic and photoelectrochemical hydrogen evolution
snapshot_2,Topic_sulfide_solid-state_battery_cathode_composite_2015-2024_Knowledge.txt,276,https://openalex.org/W4224307721,https://doi.org/10.1038/s41467-022-29596-8,2022,Promoting favorable interfacial properties in lithium-based batteries using chlorine-rich sulfide inorganic solid-state electrolytes
snapshot_2,Topic_sulfide_solid-state_battery_cathode_composite_2015-2024_Knowledge.txt,277,https://openalex.org/W4317616189,https://doi.org/10.31635/renewables.022.202200004,2023,2H-MoS <sub>2</sub> Modified Nitrogen-Doped Hollow Mesoporous Carbon Spheres as the Efficient Catalytic Cathode Catalyst for Aprotic Lithium-Oxygen Batteries
snapshot_2,Topic_sulfide_solid-state_battery_cathode_composite_2015-2024_Knowledge.txt,278,https://openalex.org/W2956355373,https://doi.org/10.1002/adfm.201904481,2019,"Self‐Catalyzed Growth of Co, N‐Codoped CNTs on Carbon‐Encased CoS<i><sub>x</sub></i> Surface: A Noble‐Metal‐Free Bifunctional Oxygen Electrocatalyst for Flexible Solid Zn–Air Batteries"
snapshot_2,Topic_sulfide_solid-state_battery_cathode_composite_2015-2024_Knowledge.txt,279,https://openalex.org/W2543702931,https://doi.org/10.1021/acsnano.6b06369,2016,A Carbon-Cotton Cathode with Ultrahigh-Loading Capability for Statically and Dynamically Stable Lithium–Sulfur Batteries
snapshot_2,Topic_sulfide_solid-state_battery_cathode_composite_2015-2024_Knowledge.txt,280,https://openalex.org/W3196775087,https://doi.org/10.1126/sciadv.abh1896,2021,A universal wet-chemistry synthesis of solid-state halide electrolytes for all-solid-state lithium-metal batteries
snapshot_2,Topic_sulfide_solid-state_battery_cathode_composite_2015-2024_Knowledge.txt,281,https://openalex.org/W3199122702,https://doi.org/10.1002/adfm.202106608,2021,"From Lithium‐Metal toward Anode‐Free Solid‐State Batteries: Current Developments, Issues, and Challenges"
snapshot_2,Topic_sulfide_solid-state_battery_cathode_composite_2015-2024_Knowledge.txt,282,https://openalex.org/W3092231781,https://doi.org/10.1038/s41467-020-18820-y,2020,High-power lithium–selenium batteries enabled by atomic cobalt electrocatalyst in hollow carbon cathode
snapshot_2,Topic_sulfide_solid-state_battery_cathode_composite_2015-2024_Knowledge.txt,283,https://openalex.org/W3037477222,https://doi.org/10.1002/aenm.202000997,2020,Lithium Manganese Spinel Cathodes for Lithium‐Ion Batteries
snapshot_2,Topic_sulfide_solid-state_battery_cathode_composite_2015-2024_Knowledge.txt,284,https://openalex.org/W3102199393,https://doi.org/10.1002/smm2.1007,2020,Advanced energy materials for flexible batteries in energy storage: A review
snapshot_2,Topic_sulfide_solid-state_battery_cathode_composite_2015-2024_Knowledge.txt,285,https://openalex.org/W2619272795,https://doi.org/10.1038/s41598-017-02479-5,2017,Sonochemical Synthesis of Sulfur Doped Reduced Graphene Oxide Supported CuS Nanoparticles for the Non-Enzymatic Glucose Sensor Applications
snapshot_2,Topic_sulfide_solid-state_battery_cathode_composite_2015-2024_Knowledge.txt,286,https://openalex.org/W3118662766,https://doi.org/10.1039/d0ma00087f,2021,Carbon based materials: a review of adsorbents for inorganic and organic compounds
snapshot_2,Topic_sulfide_solid-state_battery_cathode_composite_2015-2024_Knowledge.txt,287,https://openalex.org/W2219374902,https://doi.org/10.1039/c5nr04383b,2015,Performance study of magnesium–sulfur battery using a graphene based sulfur composite cathode electrode and a non-nucleophilic Mg electrolyte
snapshot_2,Topic_sulfide_solid-state_battery_cathode_composite_2015-2024_Knowledge.txt,288,https://openalex.org/W3000865745,https://doi.org/10.1149/1945-7111/ab68c3,2020,Multi-Physics Simulation of Solid-State Batteries with Active Material Coating
snapshot_2,Topic_sulfide_solid-state_battery_cathode_composite_2015-2024_Knowledge.txt,289,https://openalex.org/W3149529417,https://doi.org/10.1002/batt.202100068,2021,Lithium Metal Anode: Processing and Interface Engineering
snapshot_2,Topic_sulfide_solid-state_battery_cathode_composite_2015-2024_Knowledge.txt,290,https://openalex.org/W3037008878,https://doi.org/10.1002/aenm.202000845,2020,Electrospinning‐Based Strategies for Battery Materials
snapshot_2,Topic_sulfide_solid-state_battery_cathode_composite_2015-2024_Knowledge.txt,291,https://openalex.org/W2924740925,https://doi.org/10.1021/acs.chemmater.8b05020,2019,Role of Polyacrylic Acid (PAA) Binder on the Solid Electrolyte Interphase in Silicon Anodes
snapshot_2,Topic_sulfide_solid-state_battery_cathode_composite_2015-2024_Knowledge.txt,292,https://openalex.org/W3087683102,https://doi.org/10.1002/adfm.202004891,2020,Solid Electrolyte Interphases on Sodium Metal Anodes
snapshot_2,Topic_sulfide_solid-state_battery_cathode_composite_2015-2024_Knowledge.txt,293,https://openalex.org/W3059994287,https://doi.org/10.3390/met10081107,2020,Industrial Recycling of Lithium-Ion Batteries—A Critical Review of Metallurgical Process Routes
snapshot_2,Topic_sulfide_solid-state_battery_cathode_composite_2015-2024_Knowledge.txt,294,https://openalex.org/W3127635613,https://doi.org/10.1039/d0ee03527k,2021,<i>In situ</i>polymerization process: an essential design tool for lithium polymer batteries
snapshot_2,Topic_sulfide_solid-state_battery_cathode_composite_2015-2024_Knowledge.txt,295,https://openalex.org/W4363651897,https://doi.org/10.1007/s41918-023-00179-5,2023,Recent Progress in and Perspectives on Emerging Halide Superionic Conductors for All-Solid-State Batteries
snapshot_2,Topic_sulfide_solid-state_battery_cathode_composite_2015-2024_Knowledge.txt,296,https://openalex.org/W3093684561,https://doi.org/10.31635/ccschem.020.202000520,2020,Amorphous NaVOPO <sub>4</sub> as a High-Rate and Ultrastable Cathode Material for Sodium-Ion Batteries
snapshot_2,Topic_sulfide_solid-state_battery_cathode_composite_2015-2024_Knowledge.txt,297,https://openalex.org/W4386253613,https://doi.org/10.1002/aenm.202301746,2023,Polymer‐Based Solid‐State Electrolytes for High‐Energy‐Density Lithium‐Ion Batteries – Review
snapshot_2,Topic_sulfide_solid-state_battery_cathode_composite_2015-2024_Knowledge.txt,298,https://openalex.org/W2980833533,https://doi.org/10.1007/s40820-019-0322-9,2019,Recent Progress on Zinc-Ion Rechargeable Batteries
snapshot_2,Topic_sulfide_solid-state_battery_cathode_composite_2015-2024_Knowledge.txt,299,https://openalex.org/W2891396998,https://doi.org/10.1038/s41467-018-06126-z,2018,Lithiophilic-lithiophobic gradient interfacial layer for a highly stable lithium metal anode
snapshot_2,Topic_sulfide_solid-state_battery_cathode_composite_2015-2024_Knowledge.txt,300,https://openalex.org/W4382345114,https://doi.org/10.1038/s41467-023-39522-1,2023,"A cost-effective, ionically conductive and compressible oxychloride solid-state electrolyte for stable all-solid-state lithium-based batteries"
snapshot_2,Topic_sulfide_solid-state_battery_cathode_composite_2015-2024_Knowledge.txt,301,https://openalex.org/W2520047915,https://doi.org/10.1038/ncomms12765,2016,Efficient hydrogen evolution by ternary molybdenum sulfoselenide particles on self-standing porous nickel diselenide foam
snapshot_2,Topic_sulfide_solid-state_battery_cathode_composite_2015-2024_Knowledge.txt,302,https://openalex.org/W3185297040,https://doi.org/10.1038/s41467-021-24873-4,2021,Thickness-independent scalable high-performance Li-S batteries with high areal sulfur loading via electron-enriched carbon framework
snapshot_2,Topic_sulfide_solid-state_battery_cathode_composite_2015-2024_Knowledge.txt,303,https://openalex.org/W2326604655,https://doi.org/10.1021/nl504764m,2015,High Performance Pseudocapacitor Based on 2D Layered Metal Chalcogenide Nanocrystals
snapshot_2,Topic_sulfide_solid-state_battery_cathode_composite_2015-2024_Knowledge.txt,304,https://openalex.org/W2902753526,https://doi.org/10.1126/sciadv.aau8131,2018,Solid electrolyte interphases for high-energy aqueous aluminum electrochemical cells
snapshot_2,Topic_sulfide_solid-state_battery_cathode_composite_2015-2024_Knowledge.txt,305,https://openalex.org/W3176022823,https://doi.org/10.1039/d1cs00186h,2021,"Layered double hydroxide-based electrocatalysts for the oxygen evolution reaction: identification and tailoring of active sites, and superaerophobic nanoarray electrode assembly"
snapshot_2,Topic_sulfide_solid-state_battery_cathode_composite_2015-2024_Knowledge.txt,306,https://openalex.org/W2981864891,https://doi.org/10.1021/acsami.9b13955,2019,Revealing Nanoscale Solid–Solid Interfacial Phenomena for Long-Life and High-Energy All-Solid-State Batteries
snapshot_2,Topic_sulfide_solid-state_battery_cathode_composite_2015-2024_Knowledge.txt,307,https://openalex.org/W2013667701,https://doi.org/10.1021/am507679x,2015,Low-Surface-Area Hard Carbon Anode for Na-Ion Batteries via Graphene Oxide as a Dehydration Agent
snapshot_2,Topic_sulfide_solid-state_battery_cathode_composite_2015-2024_Knowledge.txt,308,https://openalex.org/W4309360826,https://doi.org/10.1002/adma.202209074,2022,Progress and Prospects of Inorganic Solid‐State Electrolyte‐Based All‐Solid‐State Pouch Cells
snapshot_2,Topic_sulfide_solid-state_battery_cathode_composite_2015-2024_Knowledge.txt,309,https://openalex.org/W2580166624,https://doi.org/10.1002/aenm.201602011,2017,Compliant Yet Brittle Mechanical Behavior of Li<sub>2</sub>S–P<sub>2</sub>S<sub>5</sub> Lithium‐Ion‐Conducting Solid Electrolyte
snapshot_2,Topic_sulfide_solid-state_battery_cathode_composite_2015-2024_Knowledge.txt,310,https://openalex.org/W2945568498,https://doi.org/10.1039/c8cs00826d,2019,"The role of polysulfide dianions and radical anions in the chemical, physical and biological sciences, including sulfur-based batteries"
snapshot_2,Topic_sulfide_solid-state_battery_cathode_composite_2015-2024_Knowledge.txt,311,https://openalex.org/W2912962928,https://doi.org/10.1038/s41467-019-08653-9,2019,Selective electroreduction of carbon dioxide to methanol on copper selenide nanocatalysts
snapshot_2,Topic_sulfide_solid-state_battery_cathode_composite_2015-2024_Knowledge.txt,312,https://openalex.org/W4283369160,https://doi.org/10.1021/bk-2022-1413.ch015,2022,Solid Composite Electrolytes for Solid-State Alkali Metal Batteries
snapshot_2,Topic_sulfide_solid-state_battery_cathode_composite_2015-2024_Knowledge.txt,313,https://openalex.org/W3025146714,https://doi.org/10.1002/smtd.202000218,2020,"A Chronicle Review of Nonsilicon (Sn, Sb, Ge)‐Based Lithium/Sodium‐Ion Battery Alloying Anodes"
snapshot_2,Topic_sulfide_solid-state_battery_cathode_composite_2015-2024_Knowledge.txt,314,https://openalex.org/W4366986204,https://doi.org/10.1002/advs.202301045,2023,Recent Advances in Carbon‐Based Electrodes for Energy Storage and Conversion
snapshot_2,Topic_sulfide_solid-state_battery_cathode_composite_2015-2024_Knowledge.txt,315,https://openalex.org/W4405591508,https://doi.org/10.1149/ma2024-0281238mtgabs,2024,High Energy Density Sulfide-Based All-Solid-State Batteries by Tailoring Electronic Conductivity within Composite Cathode
snapshot_2,Topic_sulfide_solid-state_battery_cathode_composite_2015-2024_Knowledge.txt,316,https://openalex.org/W3166167186,https://doi.org/10.1038/s41699-021-00239-8,2021,Prospects challenges and stability of 2D MXenes for clean energy conversion and storage applications
snapshot_2,Topic_sulfide_solid-state_battery_cathode_composite_2015-2024_Knowledge.txt,317,https://openalex.org/W2807398957,https://doi.org/10.1038/s41467-018-03116-z,2018,Chemisorption of polysulfides through redox reactions with organic molecules for lithium–sulfur batteries
snapshot_2,Topic_sulfide_solid-state_battery_cathode_composite_2015-2024_Knowledge.txt,318,https://openalex.org/W2791904612,https://doi.org/10.1002/adfm.201704443,2018,Honeycomb‐Like Spherical Cathode Host Constructed from Hollow Metallic and Polar Co<sub>9</sub>S<sub>8</sub> Tubules for Advanced Lithium–Sulfur Batteries
snapshot_2,Topic_sulfide_solid-state_battery_cathode_composite_2015-2024_Knowledge.txt,319,https://openalex.org/W4319845309,https://doi.org/10.1002/aenm.202203540,2023,"Covalent Organic Framework Based Lithium–Sulfur Batteries: Materials, Interfaces, and Solid‐State Electrolytes"
snapshot_2,Topic_sulfide_solid-state_battery_cathode_composite_2015-2024_Knowledge.txt,320,https://openalex.org/W4385774049,https://doi.org/10.1038/s41467-023-40609-y,2023,A reflection on polymer electrolytes for solid-state lithium metal batteries
snapshot_2,Topic_sulfide_solid-state_battery_cathode_composite_2015-2024_Knowledge.txt,321,https://openalex.org/W2270477849,https://doi.org/10.1038/ncomms9622,2015,Encapsulation of sulfur with thin-layered nickel-based hydroxides for long-cyclic lithium–sulfur cells
snapshot_2,Topic_sulfide_solid-state_battery_cathode_composite_2015-2024_Knowledge.txt,322,https://openalex.org/W4390670057,https://doi.org/10.1038/s41467-023-43467-w,2024,Interfacial self-healing polymer electrolytes for long-cycle solid-state lithium-sulfur batteries
snapshot_2,Topic_sulfide_solid-state_battery_cathode_composite_2015-2024_Knowledge.txt,323,https://openalex.org/W4388568984,https://doi.org/10.1007/s40820-023-01223-1,2023,Engineering Strategies for Suppressing the Shuttle Effect in Lithium–Sulfur Batteries
snapshot_2,Topic_sulfide_solid-state_battery_cathode_composite_2015-2024_Knowledge.txt,324,https://openalex.org/W2763629673,https://doi.org/10.1038/s41467-017-00974-x,2017,Organosulfide-plasticized solid-electrolyte interphase layer enables stable lithium metal anodes for long-cycle lithium-sulfur batteries
snapshot_2,Topic_sulfide_solid-state_battery_cathode_composite_2015-2024_Knowledge.txt,325,https://openalex.org/W2801403847,https://doi.org/10.1126/sciadv.aaq0148,2018,Thermodynamic limit for synthesis of metastable inorganic materials
snapshot_2,Topic_sulfide_solid-state_battery_cathode_composite_2015-2024_Knowledge.txt,326,https://openalex.org/W2912668234,https://doi.org/10.1038/s41467-019-08430-8,2019,Catalytic inverse vulcanization
snapshot_2,Topic_sulfide_solid-state_battery_cathode_composite_2015-2024_Knowledge.txt,327,https://openalex.org/W2582777463,https://doi.org/10.1002/aenm.201602380,2017,Functionalized Boron Nitride Nanosheets/Graphene Interlayer for Fast and Long‐Life Lithium–Sulfur Batteries
snapshot_2,Topic_sulfide_solid-state_battery_cathode_composite_2015-2024_Knowledge.txt,328,https://openalex.org/W4285891021,https://doi.org/10.1016/j.xinn.2022.100281,2022,Metal-organic framework nanocrystal-derived hollow porous materials: Synthetic strategies and emerging applications
snapshot_2,Topic_sulfide_solid-state_battery_cathode_composite_2015-2024_Knowledge.txt,329,https://openalex.org/W2522940439,https://doi.org/10.1038/srep33733,2016,Room-Temperature All-solid-state Rechargeable Sodium-ion Batteries with a Cl-doped Na3PS4 Superionic Conductor
snapshot_2,Topic_sulfide_solid-state_battery_cathode_composite_2015-2024_Knowledge.txt,330,https://openalex.org/W2954186218,https://doi.org/10.3390/lubricants7070057,2019,Solid Lubrication with MoS<sub>2</sub>: A Review
snapshot_2,Topic_sulfide_solid-state_battery_cathode_composite_2015-2024_Knowledge.txt,331,https://openalex.org/W2733290666,https://doi.org/10.1038/ncomms15888,2017,Sodium vanadium titanium phosphate electrode for symmetric sodium-ion batteries with high power and long lifespan
snapshot_2,Topic_sulfide_solid-state_battery_cathode_composite_2015-2024_Knowledge.txt,332,https://openalex.org/W2978827016,https://doi.org/10.3389/fchem.2019.00671,2019,"A Mini Review on Carbon Quantum Dots: Preparation, Properties, and Electrocatalytic Application"
snapshot_2,Topic_sulfide_solid-state_battery_cathode_composite_2015-2024_Knowledge.txt,333,https://openalex.org/W2774293935,https://doi.org/10.1021/acsnano.7b04646,2017,High-Performance Transition Metal Phosphide Alloy Catalyst for Oxygen Evolution Reaction
snapshot_2,Topic_sulfide_solid-state_battery_cathode_composite_2015-2024_Knowledge.txt,334,https://openalex.org/W2982230823,https://doi.org/10.1038/s41467-019-11600-3,2019,Nickel sulfide nanocrystals on nitrogen-doped porous carbon nanotubes with high-efficiency electrocatalysis for room-temperature sodium-sulfur batteries
snapshot_2,Topic_sulfide_solid-state_battery_cathode_composite_2015-2024_Knowledge.txt,335,https://openalex.org/W2910383994,https://doi.org/10.1080/10643389.2018.1540760,2019,Recent advances on hydrometallurgical recovery of critical and precious elements from end of life electronic wastes - a review
snapshot_2,Topic_sulfide_solid-state_battery_cathode_composite_2015-2024_Knowledge.txt,336,https://openalex.org/W2899723692,https://doi.org/10.3390/polym10111237,2018,Development of the PEO Based Solid Polymer Electrolytes for All-Solid State Lithium Ion Batteries
snapshot_2,Topic_sulfide_solid-state_battery_cathode_composite_2015-2024_Knowledge.txt,337,https://openalex.org/W4288438084,https://doi.org/10.1002/aenm.202201425,2022,Designing Cathodes and Cathode Active Materials for Solid‐State Batteries
snapshot_2,Topic_sulfide_solid-state_battery_cathode_composite_2015-2024_Knowledge.txt,338,https://openalex.org/W4327743357,https://doi.org/10.1038/s41467-023-37034-6,2023,Synergy of cations in high entropy oxide lithium ion battery anode
snapshot_2,Topic_sulfide_solid-state_battery_cathode_composite_2015-2024_Knowledge.txt,339,https://openalex.org/W1800610964,https://doi.org/10.1039/c5cs00307e,2015,Multifunctional metal–organic frameworks: from academia to industrial applications
snapshot_2,Topic_sulfide_solid-state_battery_cathode_composite_2015-2024_Knowledge.txt,340,https://openalex.org/W2929465105,https://doi.org/10.1038/s41524-019-0173-4,2019,New frontiers for the materials genome initiative
snapshot_2,Topic_sulfide_solid-state_battery_cathode_composite_2015-2024_Knowledge.txt,341,https://openalex.org/W4405592281,https://doi.org/10.1149/ma2024-027920mtgabs,2024,Enabling 5V Solid-State Lithium Metal Batteries Using Catholyte for LiNi<sub>0.5</sub>Mn<sub>1.5</sub>O<sub>4</sub> Spinel
snapshot_2,Topic_sulfide_solid-state_battery_cathode_composite_2015-2024_Knowledge.txt,342,https://openalex.org/W2892611636,https://doi.org/10.1038/s41467-018-06123-2,2018,Advanced sulfide solid electrolyte by core-shell structural design
snapshot_2,Topic_sulfide_solid-state_battery_cathode_composite_2015-2024_Knowledge.txt,343,https://openalex.org/W2291774548,https://doi.org/10.1002/aenm.201501937,2016,Mesoporous MoS<sub>2</sub> as a Transition Metal Dichalcogenide Exhibiting Pseudocapacitive Li and Na‐Ion Charge Storage
snapshot_2,Topic_sulfide_solid-state_battery_cathode_composite_2015-2024_Knowledge.txt,344,https://openalex.org/W4224505437,https://doi.org/10.1002/cey2.185,2022,Status and perspectives of hierarchical porous carbon materials in terms of high‐performance lithium–sulfur batteries
snapshot_2,Topic_sulfide_solid-state_battery_cathode_composite_2015-2024_Knowledge.txt,345,https://openalex.org/W2890470832,https://doi.org/10.1038/s41467-018-06343-6,2018,Rechargeable potassium-ion batteries with honeycomb-layered tellurates as high voltage cathodes and fast potassium-ion conductors
snapshot_2,Topic_sulfide_solid-state_battery_cathode_composite_2015-2024_Knowledge.txt,346,https://openalex.org/W3198502890,https://doi.org/10.1038/s41699-021-00259-4,2021,Recent advances of MXenes as electrocatalysts for hydrogen evolution reaction
snapshot_2,Topic_sulfide_solid-state_battery_cathode_composite_2015-2024_Knowledge.txt,347,https://openalex.org/W2057297363,https://doi.org/10.1149/2.0441504jes,2015,All Solid-State Lithium–Sulfur Battery Using a Glass-Type P<sub>2</sub>S<sub>5</sub>–Li<sub>2</sub>S Electrolyte: Benefits on Anode Kinetics
snapshot_2,Topic_sulfide_solid-state_battery_cathode_composite_2015-2024_Knowledge.txt,348,https://openalex.org/W3217544085,https://doi.org/10.3390/en14227779,2021,"A Review of Supercapacitors: Materials Design, Modification, and Applications"
snapshot_2,Topic_sulfide_solid-state_battery_cathode_composite_2015-2024_Knowledge.txt,349,https://openalex.org/W4392296737,https://doi.org/10.1007/s40820-024-01328-1,2024,A Review of Rechargeable Zinc–Air Batteries: Recent Progress and Future Perspectives
snapshot_2,Topic_sulfide_solid-state_battery_cathode_composite_2015-2024_Knowledge.txt,350,https://openalex.org/W2970220256,https://doi.org/10.1038/s41467-019-11599-7,2019,Carbon dioxide electroreduction to C2 products over copper-cuprous oxide derived from electrosynthesized copper complex
snapshot_2,Topic_sulfide_solid-state_battery_cathode_composite_2015-2024_Knowledge.txt,351,https://openalex.org/W2810461784,https://doi.org/10.1002/aenm.201800935,2018,Ultrafine Pt Nanoparticle‐Decorated Pyrite‐Type CoS<sub>2</sub> Nanosheet Arrays Coated on Carbon Cloth as a Bifunctional Electrode for Overall Water Splitting
snapshot_2,Topic_sulfide_solid-state_battery_cathode_composite_2015-2024_Knowledge.txt,352,https://openalex.org/W2899403632,https://doi.org/10.1038/s41467-018-07159-0,2018,Electrochemically-mediated selective capture of heavy metal chromium and arsenic oxyanions from water
snapshot_2,Topic_sulfide_solid-state_battery_cathode_composite_2015-2024_Knowledge.txt,353,https://openalex.org/W3006884899,https://doi.org/10.3390/polym12030505,2020,Carbon-Based Polymer Nanocomposite for High-Performance Energy Storage Applications
snapshot_2,Topic_sulfide_solid-state_battery_cathode_composite_2015-2024_Knowledge.txt,354,https://openalex.org/W3024519000,https://doi.org/10.1149/ma2020-014558mtgabs,2020,High Mass Loading Copper Sulfide Based Composite Cathodes for All-Solid-State Lithium Sulfur Batteries Enables High Volumetric Capacity
snapshot_2,Topic_sulfide_solid-state_battery_cathode_composite_2015-2024_Knowledge.txt,355,https://openalex.org/W2592553327,https://doi.org/10.1039/c7gc00014f,2017,Green chemistry and polymers made from sulfur
snapshot_2,Topic_sulfide_solid-state_battery_cathode_composite_2015-2024_Knowledge.txt,356,https://openalex.org/W2980009188,https://doi.org/10.1038/s41467-019-12542-6,2019,Cathode porosity is a missing key parameter to optimize lithium-sulfur battery energy density
snapshot_2,Topic_sulfide_solid-state_battery_cathode_composite_2015-2024_Knowledge.txt,357,https://openalex.org/W3157307438,https://doi.org/10.1002/adma.202100404,2021,Poor Stability of Li<sub>2</sub>CO<sub>3</sub> in the Solid Electrolyte Interphase of a Lithium‐Metal Anode Revealed by Cryo‐Electron Microscopy
snapshot_2,Topic_sulfide_solid-state_battery_cathode_composite_2015-2024_Knowledge.txt,358,https://openalex.org/W3183732257,https://doi.org/10.1088/2515-7655/ac01ef,2021,2021 roadmap for sodium-ion batteries
snapshot_2,Topic_sulfide_solid-state_battery_cathode_composite_2015-2024_Knowledge.txt,359,https://openalex.org/W4362635226,https://doi.org/10.1038/s41467-023-37564-z,2023,Realizing high-capacity all-solid-state lithium-sulfur batteries using a low-density inorganic solid-state electrolyte
snapshot_2,Topic_sulfide_solid-state_battery_cathode_composite_2015-2024_Knowledge.txt,360,https://openalex.org/W3048949665,https://doi.org/10.1002/aenm.202002152,2020,Mesoporous Materials for Electrochemical Energy Storage and Conversion
snapshot_2,Topic_sulfide_solid-state_battery_cathode_composite_2015-2024_Knowledge.txt,361,https://openalex.org/W4282588270,https://doi.org/10.1016/j.cej.2022.137468,2022,Plant-derived hard carbon as anode for sodium-ion batteries: A comprehensive review to guide interdisciplinary research
snapshot_2,Topic_sulfide_solid-state_battery_cathode_composite_2015-2024_Knowledge.txt,362,https://openalex.org/W2237668177,https://doi.org/10.1021/acsami.5b11492,2016,Self-Assembly-Induced Alternately Stacked Single-Layer MoS<sub>2</sub> and N-doped Graphene: A Novel van der Waals Heterostructure for Lithium-Ion Batteries
snapshot_2,Topic_sulfide_solid-state_battery_cathode_composite_2015-2024_Knowledge.txt,363,https://openalex.org/W2045756932,https://doi.org/10.1038/ncomms7230,2015,Stable silicon-ionic liquid interface for next-generation lithium-ion batteries
snapshot_2,Topic_sulfide_solid-state_battery_cathode_composite_2015-2024_Knowledge.txt,364,https://openalex.org/W4312156068,https://doi.org/10.1038/s41467-022-35636-0,2022,Dual fluorination of polymer electrolyte and conversion-type cathode for high-capacity all-solid-state lithium metal batteries
snapshot_2,Topic_sulfide_solid-state_battery_cathode_composite_2015-2024_Knowledge.txt,365,https://openalex.org/W3023554825,https://doi.org/10.1002/aenm.202000089,2020,Side by Side Battery Technologies with Lithium‐Ion Based Batteries
snapshot_2,Topic_sulfide_solid-state_battery_cathode_composite_2015-2024_Knowledge.txt,366,https://openalex.org/W4229451246,https://doi.org/10.1002/aenm.202200383,2022,"Sustainable Electric Vehicle Batteries for a Sustainable World: Perspectives on Battery Cathodes, Environment, Supply Chain, Manufacturing, Life Cycle, and Policy"
snapshot_2,Topic_sulfide_solid-state_battery_cathode_composite_2015-2024_Knowledge.txt,367,https://openalex.org/W2754495635,https://doi.org/10.1038/s41467-017-00649-7,2017,A rechargeable iodine-carbon battery that exploits ion intercalation and iodine redox chemistry
snapshot_2,Topic_sulfide_solid-state_battery_cathode_composite_2015-2024_Knowledge.txt,368,https://openalex.org/W4366742392,https://doi.org/10.1038/s41467-023-37997-6,2023,Polyfluorinated crosslinker-based solid polymer electrolytes for long-cycling 4.5 V lithium metal batteries
snapshot_2,Topic_sulfide_solid-state_battery_cathode_composite_2015-2024_Knowledge.txt,369,https://openalex.org/W2896785383,https://doi.org/10.1039/c8ta07220e,2018,Metal-based nanostructured materials for advanced lithium–sulfur batteries
snapshot_2,Topic_sulfide_solid-state_battery_cathode_composite_2015-2024_Knowledge.txt,370,https://openalex.org/W4362636821,https://doi.org/10.1126/sciadv.adf1550,2023,Surface engineering toward stable lithium metal anodes
snapshot_2,Topic_sulfide_solid-state_battery_cathode_composite_2015-2024_Knowledge.txt,371,https://openalex.org/W3031370339,https://doi.org/10.1007/s40820-020-00451-z,2020,A Review on Nano-/Microstructured Materials Constructed by Electrochemical Technologies for Supercapacitors
snapshot_2,Topic_sulfide_solid-state_battery_cathode_composite_2015-2024_Knowledge.txt,372,https://openalex.org/W2788289359,https://doi.org/10.1007/s41918-018-0002-3,2018,A Review of Carbon-Composited Materials as Air-Electrode Bifunctional Electrocatalysts for Metal–Air Batteries
snapshot_2,Topic_sulfide_solid-state_battery_cathode_composite_2015-2024_Knowledge.txt,373,https://openalex.org/W4391663513,https://doi.org/10.1149/ma2023-02653064mtgabs,2023,Chemomechanical Failure of Solid Composite Cathodes Accelerated by High-Strain Anodes in All-Solid-State Batteries
snapshot_2,Topic_sulfide_solid-state_battery_cathode_composite_2015-2024_Knowledge.txt,374,https://openalex.org/W2917577241,https://doi.org/10.1038/s41467-019-08877-9,2019,Atomically engineering activation sites onto metallic 1T-MoS2 catalysts for enhanced electrochemical hydrogen evolution
snapshot_2,Topic_sulfide_solid-state_battery_cathode_composite_2015-2024_Knowledge.txt,375,https://openalex.org/W4315476827,https://doi.org/10.1038/s41467-022-35667-7,2023,A gradient oxy-thiophosphate-coated Ni-rich layered oxide cathode for stable all-solid-state Li-ion batteries
snapshot_2,Topic_sulfide_solid-state_battery_cathode_composite_2015-2024_Knowledge.txt,376,https://openalex.org/W2591143090,https://doi.org/10.1039/c7qm00007c,2017,Metal organic frameworks as precursors for the manufacture of advanced catalytic materials
snapshot_2,Topic_sulfide_solid-state_battery_cathode_composite_2015-2024_Knowledge.txt,377,https://openalex.org/W2906776524,https://doi.org/10.1038/s41528-018-0045-x,2018,Energy autonomous electronic skin
snapshot_2,Topic_sulfide_solid-state_battery_cathode_composite_2015-2024_Knowledge.txt,378,https://openalex.org/W2899238307,https://doi.org/10.1007/s12274-018-2225-3,2018,Review of MXenes as new nanomaterials for energy storage/delivery and selected environmental applications
snapshot_2,Topic_sulfide_solid-state_battery_cathode_composite_2015-2024_Knowledge.txt,379,https://openalex.org/W2791380345,https://doi.org/10.1002/aenm.201702403,2018,"Challenges in Developing Electrodes, Electrolytes, and Diagnostics Tools to Understand and Advance Sodium‐Ion Batteries"
snapshot_2,Topic_sulfide_solid-state_battery_cathode_composite_2015-2024_Knowledge.txt,380,https://openalex.org/W4367310821,https://doi.org/10.1038/s41467-023-38037-z,2023,Boosting the interfacial superionic conduction of halide solid electrolytes for all-solid-state batteries
snapshot_2,Topic_sulfide_solid-state_battery_cathode_composite_2015-2024_Knowledge.txt,381,https://openalex.org/W3212835053,https://doi.org/10.1038/s41467-021-26895-4,2021,A mechanistic investigation of the Li10GeP2S12|LiNi1-x-yCoxMnyO2 interface stability in all-solid-state lithium batteries
snapshot_2,Topic_sulfide_solid-state_battery_cathode_composite_2015-2024_Knowledge.txt,382,https://openalex.org/W3015661989,https://doi.org/10.1002/inf2.12117,2020,Development of flexible Li‐ion batteries for flexible electronics
snapshot_2,Topic_sulfide_solid-state_battery_cathode_composite_2015-2024_Knowledge.txt,383,https://openalex.org/W4367319125,https://doi.org/10.1002/adfm.202300892,2023,Incombustible Polymer Electrolyte Boosting Safety of Solid‐State Lithium Batteries: A Review
snapshot_2,Topic_sulfide_solid-state_battery_cathode_composite_2015-2024_Knowledge.txt,384,https://openalex.org/W4285393136,https://doi.org/10.3390/batteries8070070,2022,On the Current and Future Outlook of Battery Chemistries for Electric Vehicles—Mini Review
snapshot_2,Topic_sulfide_solid-state_battery_cathode_composite_2015-2024_Knowledge.txt,385,https://openalex.org/W3084002589,https://doi.org/10.1002/anie.202010093,2020,Metal–Organic Framework Derived Bimetallic Materials for Electrochemical Energy Storage
snapshot_2,Topic_sulfide_solid-state_battery_cathode_composite_2015-2024_Knowledge.txt,386,https://openalex.org/W3164573855,https://doi.org/10.1038/s41467-021-23155-3,2021,Artificial dual solid-electrolyte interfaces based on in situ organothiol transformation in lithium sulfur battery
snapshot_2,Topic_sulfide_solid-state_battery_cathode_composite_2015-2024_Knowledge.txt,387,https://openalex.org/W4381889868,https://doi.org/10.1038/s41467-023-39197-8,2023,A family of oxychloride amorphous solid electrolytes for long-cycling all-solid-state lithium batteries
snapshot_2,Topic_sulfide_solid-state_battery_cathode_composite_2015-2024_Knowledge.txt,388,https://openalex.org/W3170910059,https://doi.org/10.1007/s40820-021-00656-w,2021,"Design Engineering, Synthesis Protocols, and Energy Applications of MOF-Derived Electrocatalysts"
snapshot_2,Topic_sulfide_solid-state_battery_cathode_composite_2015-2024_Knowledge.txt,389,https://openalex.org/W4210290291,https://doi.org/10.3390/ma15030920,2022,Synthesis and Applications of Graphene Oxide
snapshot_2,Topic_sulfide_solid-state_battery_cathode_composite_2015-2024_Knowledge.txt,390,https://openalex.org/W2905688128,https://doi.org/10.33945/sami/jcr.2019.1.1934,2019,A Review on Conducting Polymers-Based Composites for Energy Storage Application
snapshot_2,Topic_sulfide_solid-state_battery_cathode_composite_2015-2024_Knowledge.txt,391,https://openalex.org/W4206924036,https://doi.org/10.1002/sus2.42,2022,Designing principles of advanced sulfur cathodes toward practical lithium‐sulfur batteries
snapshot_2,Topic_sulfide_solid-state_battery_cathode_composite_2015-2024_Knowledge.txt,392,https://openalex.org/W2734835383,https://doi.org/10.1021/acsami.7b05326,2017,Improvement of the Cathode Electrolyte Interphase on P2-Na<sub>2/3</sub>Ni<sub>1/3</sub>Mn<sub>2/3</sub>O<sub>2</sub> by Atomic Layer Deposition
snapshot_2,Topic_sulfide_solid-state_battery_cathode_composite_2015-2024_Knowledge.txt,393,https://openalex.org/W4281293936,https://doi.org/10.1038/s41467-022-30517-y,2022,An electrochemically stable homogeneous glassy electrolyte formed at room temperature for all-solid-state sodium batteries
snapshot_2,Topic_sulfide_solid-state_battery_cathode_composite_2015-2024_Knowledge.txt,394,https://openalex.org/W2584863852,https://doi.org/10.1039/c7ta00282c,2017,Cathode materials for rechargeable aluminum batteries: current status and progress
snapshot_2,Topic_sulfide_solid-state_battery_cathode_composite_2015-2024_Knowledge.txt,395,https://openalex.org/W1529571442,https://doi.org/10.11648/j.ajop.20150305.17,2015,Types of Solar Cells and Application
snapshot_2,Topic_sulfide_solid-state_battery_cathode_composite_2015-2024_Knowledge.txt,396,https://openalex.org/W4387433648,https://doi.org/10.1002/bte2.20230030,2023,"Lithium‐based batteries, history, current status, challenges, and future perspectives"
snapshot_2,Topic_sulfide_solid-state_battery_cathode_composite_2015-2024_Knowledge.txt,397,https://openalex.org/W3018480425,https://doi.org/10.1038/s41467-020-15853-1,2020,Dynamic electrocatalyst with current-driven oxyhydroxide shell for rechargeable zinc-air battery
snapshot_2,Topic_sulfide_solid-state_battery_cathode_composite_2015-2024_Knowledge.txt,398,https://openalex.org/W4247399253,https://doi.org/10.1149/ma2019-02/7/694,2019,Effect of Pressure on Sulfide Based All Solid-State Batteries
snapshot_2,Topic_sulfide_solid-state_battery_cathode_composite_2015-2024_Knowledge.txt,399,https://openalex.org/W2981670102,https://doi.org/10.1039/c9ee02115a,2019,"Carbon-based materials for stable, cheaper and large-scale processable perovskite solar cells"
snapshot_2,Topic_sulfide_solid-state_battery_cathode_composite_2015-2024_Knowledge.txt,400,https://openalex.org/W3009942473,https://doi.org/10.1002/inf2.12101,2020,Metal chalcogenides for potassium storage
snapshot_2,Topic_sulfide_solid-state_battery_cathode_composite_2015-2024_Knowledge.txt,401,https://openalex.org/W2997032530,https://doi.org/10.1002/smll.201906851,2019,An Ultrafast Conducting Polymer@MXene Positive Electrode with High Volumetric Capacitance for Advanced Asymmetric Supercapacitors
snapshot_2,Topic_sulfide_solid-state_battery_cathode_composite_2015-2024_Knowledge.txt,402,https://openalex.org/W2902916285,https://doi.org/10.1002/adma.201802822,2018,Nonlithium Metal–Sulfur Batteries: Steps Toward a Leap
snapshot_2,Topic_sulfide_solid-state_battery_cathode_composite_2015-2024_Knowledge.txt,403,https://openalex.org/W2990842605,https://doi.org/10.1002/inf2.12046,2019,A compact inorganic layer for robust anode protection in lithium‐sulfur batteries
snapshot_2,Topic_sulfide_solid-state_battery_cathode_composite_2015-2024_Knowledge.txt,404,https://openalex.org/W3131324723,https://doi.org/10.34133/2021/9204217,2021,Ionic Liquid-Based Electrolytes for Aluminum/Magnesium/Sodium-Ion Batteries
snapshot_2,Topic_sulfide_solid-state_battery_cathode_composite_2015-2024_Knowledge.txt,405,https://openalex.org/W4381435014,https://doi.org/10.1002/eem2.12633,2023,Optimization Strategies Toward Functional Sodium‐Ion Batteries
snapshot_2,Topic_sulfide_solid-state_battery_cathode_composite_2015-2024_Knowledge.txt,406,https://openalex.org/W2745916776,https://doi.org/10.1002/aenm.201700826,2017,Macroscopic‐Scale Three‐Dimensional Carbon Nanofiber Architectures for Electrochemical Energy Storage Devices
snapshot_2,Topic_sulfide_solid-state_battery_cathode_composite_2015-2024_Knowledge.txt,407,https://openalex.org/W4383815174,https://doi.org/10.1038/s41467-023-39686-w,2023,"Realizing long-cycling all-solid-state Li-In||TiS2 batteries using Li6+xMxAs1-xS5I (M=Si, Sn) sulfide solid electrolytes"
snapshot_2,Topic_sulfide_solid-state_battery_cathode_composite_2015-2024_Knowledge.txt,408,https://openalex.org/W2621334637,https://doi.org/10.1021/acsami.7b04161,2017,Titanium Sulfides as Intercalation-Type Cathode Materials for Rechargeable Aluminum Batteries
snapshot_2,Topic_sulfide_solid-state_battery_cathode_composite_2015-2024_Knowledge.txt,409,https://openalex.org/W3110994556,https://doi.org/10.1039/d0ee03382k,2020,Electrochemical carbon dioxide capture to close the carbon cycle
snapshot_2,Topic_sulfide_solid-state_battery_cathode_composite_2015-2024_Knowledge.txt,410,https://openalex.org/W3003721858,https://doi.org/10.1038/s41467-020-14505-8,2020,Stabilizing lithium metal anode by octaphenyl polyoxyethylene-lithium complexation
snapshot_2,Topic_sulfide_solid-state_battery_cathode_composite_2015-2024_Knowledge.txt,411,https://openalex.org/W3010888382,https://doi.org/10.2497/jjspm.67.149,2020,Design of Composite Particle of Electrode Active Material and Ionic Conductive Material by Means of a Dry Coating Technology
snapshot_2,Topic_sulfide_solid-state_battery_cathode_composite_2015-2024_Knowledge.txt,412,https://openalex.org/W3206414838,https://doi.org/10.3390/en14206805,2021,Technology for the Recovery of Lithium from Geothermal Brines
snapshot_2,Topic_sulfide_solid-state_battery_cathode_composite_2015-2024_Knowledge.txt,413,https://openalex.org/W4384038181,https://doi.org/10.3390/su151410891,2023,Synthesis and Characterization of Nanomaterials for Application in Cost-Effective Electrochemical Devices
snapshot_2,Topic_sulfide_solid-state_battery_cathode_composite_2015-2024_Knowledge.txt,414,https://openalex.org/W2552520795,https://doi.org/10.1039/c6ee02641a,2016,Self-polymerized dopamine as an organic cathode for Li- and Na-ion batteries
snapshot_2,Topic_sulfide_solid-state_battery_cathode_composite_2015-2024_Knowledge.txt,415,https://openalex.org/W2972773136,https://doi.org/10.31635/ccschem.019.20190003,2019,Imine-Rich Poly( <i>o</i> -phenylenediamine) as High-Capacity Trifunctional Organic Electrode for Alkali-Ion Batteries
snapshot_2,Topic_sulfide_solid-state_battery_cathode_composite_2015-2024_Knowledge.txt,416,https://openalex.org/W2996934530,https://doi.org/10.1007/s40820-019-0355-0,2020,Graphitic Carbon Quantum Dots Modified Nickel Cobalt Sulfide as Cathode Materials for Alkaline Aqueous Batteries
snapshot_2,Topic_sulfide_solid-state_battery_cathode_composite_2015-2024_Knowledge.txt,417,https://openalex.org/W4245318672,https://doi.org/10.1038/srep08763,2015,Electrocatalysis of Lithium Polysulfides: Current Collectors as Electrodes in Li/S Battery Configuration
snapshot_2,Topic_sulfide_solid-state_battery_cathode_composite_2015-2024_Knowledge.txt,418,https://openalex.org/W4388627454,https://doi.org/10.18297/etd/4054,2023,Super p-sulfur cathodes for quasi-solid-state lithium-sulfur-batteries.
snapshot_2,Topic_sulfide_solid-state_battery_cathode_composite_2015-2024_Knowledge.txt,419,https://openalex.org/W2571503343,https://doi.org/10.1093/nsr/nww098,2017,Progress and directions in low-cost redox-flow batteries for large-scale energy storage
snapshot_2,Topic_sulfide_solid-state_battery_cathode_composite_2015-2024_Knowledge.txt,420,https://openalex.org/W3093130977,https://doi.org/10.1038/s41467-020-19070-8,2020,Dual redox mediators accelerate the electrochemical kinetics of lithium-sulfur batteries
snapshot_2,Topic_sulfide_solid-state_battery_cathode_composite_2015-2024_Knowledge.txt,421,https://openalex.org/W2942899979,https://doi.org/10.3389/fchem.2019.00268,2019,The Aluminum-Ion Battery: A Sustainable and Seminal Concept?
snapshot_2,Topic_sulfide_solid-state_battery_cathode_composite_2015-2024_Knowledge.txt,422,https://openalex.org/W3094287994,https://doi.org/10.1002/advs.202000761,2020,A Low Cost Aqueous Zn–S Battery Realizing Ultrahigh Energy Density
snapshot_2,Topic_sulfide_solid-state_battery_cathode_composite_2015-2024_Knowledge.txt,423,https://openalex.org/W4224988215,https://doi.org/10.1002/smm2.1110,2022,Organic materials‐based cathode for zinc ion battery
snapshot_2,Topic_sulfide_solid-state_battery_cathode_composite_2015-2024_Knowledge.txt,424,https://openalex.org/W4361284918,https://doi.org/10.1002/advs.202205557,2023,Functional Carbon from Nature: Biomass‐Derived Carbon Materials and the Recent Progress of Their Applications
snapshot_2,Topic_sulfide_solid-state_battery_cathode_composite_2015-2024_Knowledge.txt,425,https://openalex.org/W4392013241,https://doi.org/10.1007/s40820-024-01354-z,2024,PDOL-Based Solid Electrolyte Toward Practical Application: Opportunities and Challenges
snapshot_2,Topic_sulfide_solid-state_battery_cathode_composite_2015-2024_Knowledge.txt,426,https://openalex.org/W4289653769,https://doi.org/10.1002/aenm.202201585,2022,Advances in High Sulfur Loading Cathodes for Practical Lithium‐Sulfur Batteries
snapshot_2,Topic_sulfide_solid-state_battery_cathode_composite_2015-2024_Knowledge.txt,427,https://openalex.org/W3204803069,https://doi.org/10.1007/s40820-021-00728-x,2021,MOF-Derived ZnS Nanodots/Ti3C2Tx MXene Hybrids Boosting Superior Lithium Storage Performance
snapshot_2,Topic_sulfide_solid-state_battery_cathode_composite_2015-2024_Knowledge.txt,428,https://openalex.org/W2522973911,https://doi.org/10.1039/c6ee02346k,2016,Leveraging valuable synergies by combining alloying and conversion for lithium-ion anodes
snapshot_2,Topic_sulfide_solid-state_battery_cathode_composite_2015-2024_Knowledge.txt,429,https://openalex.org/W2079653074,https://doi.org/10.1038/ncomms7824,2015,Enhancing grain boundary ionic conductivity in mixed ionic–electronic conductors
snapshot_2,Topic_sulfide_solid-state_battery_cathode_composite_2015-2024_Knowledge.txt,430,https://openalex.org/W2907793881,https://doi.org/10.1002/eem2.12021,2018,Revisiting Scientific Issues for Industrial Applications of Lithium–Sulfur Batteries
snapshot_2,Topic_sulfide_solid-state_battery_cathode_composite_2015-2024_Knowledge.txt,431,https://openalex.org/W3090491572,https://doi.org/10.1002/aenm.202002580,2020,Fibrous Materials for Flexible Li–S Battery
snapshot_2,Topic_sulfide_solid-state_battery_cathode_composite_2015-2024_Knowledge.txt,432,https://openalex.org/W3093118731,https://doi.org/10.1038/s41467-020-19078-0,2020,Metal chalcogenide hollow polar bipyramid prisms as efficient sulfur hosts for Na-S batteries
snapshot_2,Topic_sulfide_solid-state_battery_cathode_composite_2015-2024_Knowledge.txt,433,https://openalex.org/W2294453881,https://doi.org/10.1039/c6ta00265j,2016,Rational design of silicon-based composites for high-energy storage devices
snapshot_2,Topic_sulfide_solid-state_battery_cathode_composite_2015-2024_Knowledge.txt,434,https://openalex.org/W3169220044,https://doi.org/10.1002/anie.202103824,2021,"Principles of Water Electrolysis and Recent Progress in Cobalt‐, Nickel‐, and Iron‐Based Oxides for the Oxygen Evolution Reaction"
snapshot_2,Topic_sulfide_solid-state_battery_cathode_composite_2015-2024_Knowledge.txt,435,https://openalex.org/W4388564171,https://doi.org/10.1002/smll.202305778,2023,Binder‐Free MOF‐Based and MOF‐Derived Nanoarrays for Flexible Electrochemical Energy Storage: Progress and Perspectives
snapshot_2,Topic_sulfide_solid-state_battery_cathode_composite_2015-2024_Knowledge.txt,436,https://openalex.org/W3044421150,https://doi.org/10.1002/cey2.69,2020,Recent progress and challenges of carbon materials for Zn‐ion hybrid supercapacitors
snapshot_2,Topic_sulfide_solid-state_battery_cathode_composite_2015-2024_Knowledge.txt,437,https://openalex.org/W3157222413,https://doi.org/10.1039/d0ma00681e,2021,"Recent developments in sustainable corrosion inhibitors: design, performance and industrial scale applications"
snapshot_2,Topic_sulfide_solid-state_battery_cathode_composite_2015-2024_Knowledge.txt,438,https://openalex.org/W4319834844,https://doi.org/10.1002/inf2.12394,2023,Challenges of polymer electrolyte with wide electrochemical window for high energy solid‐state lithium batteries
snapshot_2,Topic_sulfide_solid-state_battery_cathode_composite_2015-2024_Knowledge.txt,439,https://openalex.org/W3038358171,https://doi.org/10.1016/j.jpowsour.2020.228803,2020,Current status and future perspectives of lithium metal batteries
snapshot_2,Topic_sulfide_solid-state_battery_cathode_composite_2015-2024_Knowledge.txt,440,https://openalex.org/W4387569448,https://doi.org/10.1038/s41467-023-42109-5,2023,Manipulating Li2S2/Li2S mixed discharge products of all-solid-state lithium sulfur batteries for improved cycle life
snapshot_2,Topic_sulfide_solid-state_battery_cathode_composite_2015-2024_Knowledge.txt,441,https://openalex.org/W2995292310,https://doi.org/10.1007/s40820-019-0341-6,2019,Rational Design of Porous N-Ti3C2 MXene@CNT Microspheres for High Cycling Stability in Li–S Battery
snapshot_2,Topic_sulfide_solid-state_battery_cathode_composite_2015-2024_Knowledge.txt,442,https://openalex.org/W3135716140,https://doi.org/10.1038/s41699-021-00211-6,2021,"Intercalation as a versatile tool for fabrication, property tuning, and phase transitions in 2D materials"
snapshot_2,Topic_sulfide_solid-state_battery_cathode_composite_2015-2024_Knowledge.txt,443,https://openalex.org/W3043824166,https://doi.org/10.1002/aenm.202001320,2020,Enabling High‐Energy Solid‐State Batteries with Stable Anode Interphase by the Use of Columnar Silicon Anodes
snapshot_2,Topic_sulfide_solid-state_battery_cathode_composite_2015-2024_Knowledge.txt,444,https://openalex.org/W4229025758,https://doi.org/10.1002/aenm.202200147,2022,Perspectives on Improving the Safety and Sustainability of High Voltage Lithium‐Ion Batteries Through the Electrolyte and Separator Region
snapshot_2,Topic_sulfide_solid-state_battery_cathode_composite_2015-2024_Knowledge.txt,445,https://openalex.org/W2950076321,https://doi.org/10.1002/adfm.201903842,2019,Combined High Catalytic Activity and Efficient Polar Tubular Nanostructure in Urchin‐Like Metallic NiCo<sub>2</sub>Se<sub>4</sub> for High‐Performance Lithium–Sulfur Batteries
snapshot_2,Topic_sulfide_solid-state_battery_cathode_composite_2015-2024_Knowledge.txt,446,https://openalex.org/W4200338087,https://doi.org/10.1038/s41467-021-27551-7,2021,A Mo5N6 electrocatalyst for efficient Na2S electrodeposition in room-temperature sodium-sulfur batteries
snapshot_2,Topic_sulfide_solid-state_battery_cathode_composite_2015-2024_Knowledge.txt,447,https://openalex.org/W2337239102,https://doi.org/10.1149/ma2016-01/2/264,2016,Characterizing the Stability and Kinetics of Hybrid Oxide-Sulfide Solid Electrolyte Cells
snapshot_2,Topic_sulfide_solid-state_battery_cathode_composite_2015-2024_Knowledge.txt,448,https://openalex.org/W2982531609,https://doi.org/10.1002/cey2.19,2019,Carbon materials from melamine sponges for supercapacitors and lithium battery electrode materials: A review
snapshot_2,Topic_sulfide_solid-state_battery_cathode_composite_2015-2024_Knowledge.txt,449,https://openalex.org/W3017998134,https://doi.org/10.1007/s40820-020-00430-4,2020,Recent Advances on Boosting the Cell Voltage of Aqueous Supercapacitors
snapshot_2,Topic_sulfide_solid-state_battery_cathode_composite_2015-2024_Knowledge.txt,450,https://openalex.org/W3089700121,https://doi.org/10.1007/s41918-020-00082-3,2020,Challenges and Development of Tin-Based Anode with High Volumetric Capacity for Li-Ion Batteries
snapshot_2,Topic_sulfide_solid-state_battery_cathode_composite_2015-2024_Knowledge.txt,451,https://openalex.org/W3183454938,https://doi.org/10.1039/d1ee00767j,2021,Strategies towards enabling lithium metal in batteries: interphases and electrodes
snapshot_2,Topic_sulfide_solid-state_battery_cathode_composite_2015-2024_Knowledge.txt,452,https://openalex.org/W2937407145,https://doi.org/10.1002/advs.201802373,2019,"Structural Engineering of Low‐Dimensional Metal–Organic Frameworks: Synthesis, Properties, and Applications"
snapshot_2,Topic_sulfide_solid-state_battery_cathode_composite_2015-2024_Knowledge.txt,453,https://openalex.org/W3124686282,https://doi.org/10.1038/s41467-021-23209-6,2021,A universal strategy towards high–energy aqueous multivalent–ion batteries
snapshot_2,Topic_sulfide_solid-state_battery_cathode_composite_2015-2024_Knowledge.txt,454,https://openalex.org/W3010861391,https://doi.org/10.1007/s41918-020-00062-7,2020,From Liquid- to Solid-State Batteries: Ion Transfer Kinetics of Heteroionic Interfaces
snapshot_2,Topic_sulfide_solid-state_battery_cathode_composite_2015-2024_Knowledge.txt,455,https://openalex.org/W4291953812,https://doi.org/10.1038/s41467-022-32139-w,2022,Understanding the lithium–sulfur battery redox reactions via operando confocal Raman microscopy
snapshot_2,Topic_sulfide_solid-state_battery_cathode_composite_2015-2024_Knowledge.txt,456,https://openalex.org/W2322394490,https://doi.org/10.1038/ncomms10998,2016,Silicon oxycarbide glass-graphene composite paper electrode for long-cycle lithium-ion batteries
snapshot_2,Topic_sulfide_solid-state_battery_cathode_composite_2015-2024_Knowledge.txt,457,https://openalex.org/W2956716589,https://doi.org/10.1002/anie.201905875,2019,A Four‐Electron Sulfur Electrode Hosting a Cu<sup>2+</sup>/Cu<sup>+</sup> Redox Charge Carrier
snapshot_2,Topic_sulfide_solid-state_battery_cathode_composite_2015-2024_Knowledge.txt,458,https://openalex.org/W3007621071,https://doi.org/10.1007/s41918-020-00063-6,2020,Supercapatteries as High-Performance Electrochemical Energy Storage Devices
snapshot_2,Topic_sulfide_solid-state_battery_cathode_composite_2015-2024_Knowledge.txt,459,https://openalex.org/W3022603908,https://doi.org/10.1002/adma.202000030,2020,Tuning the Anode–Electrolyte Interface Chemistry for Garnet‐Based Solid‐State Li Metal Batteries
snapshot_2,Topic_sulfide_solid-state_battery_cathode_composite_2015-2024_Knowledge.txt,460,https://openalex.org/W4387520111,https://doi.org/10.1002/aenm.202301886,2023,A Roadmap for Solid‐State Batteries
snapshot_2,Topic_sulfide_solid-state_battery_cathode_composite_2015-2024_Knowledge.txt,461,https://openalex.org/W2753279140,https://doi.org/10.1038/s41467-017-00656-8,2017,In situ wrapping of the cathode material in lithium-sulfur batteries
snapshot_2,Topic_sulfide_solid-state_battery_cathode_composite_2015-2024_Knowledge.txt,462,https://openalex.org/W3007550778,https://doi.org/10.1002/inf2.12094,2020,Machine learning: Accelerating materials development for energy storage and conversion
snapshot_2,Topic_sulfide_solid-state_battery_cathode_composite_2015-2024_Knowledge.txt,463,https://openalex.org/W3133828717,https://doi.org/10.1002/adma.202007262,2021,CoPSe: A New Ternary Anode Material for Stable and High‐Rate Sodium/Potassium‐Ion Batteries
snapshot_2,Topic_sulfide_solid-state_battery_cathode_composite_2015-2024_Knowledge.txt,464,https://openalex.org/W2382946056,https://doi.org/10.1021/acs.nanolett.6b00577,2016,Safe and Durable High-Temperature Lithium–Sulfur Batteries via Molecular Layer Deposited Coating
snapshot_2,Topic_sulfide_solid-state_battery_cathode_composite_2015-2024_Knowledge.txt,465,https://openalex.org/W2309920419,https://doi.org/10.1149/ma2016-03/2/663,2016,Electrochemical Stability of Li<sub>10</sub>GeP<sub>2</sub>S<sub>12</sub> and Li<sub>7</sub>La<sub>3</sub>Zr<sub>2</sub>O<sub>12 </sub>Solid Electrolytes
snapshot_2,Topic_sulfide_solid-state_battery_cathode_composite_2015-2024_Knowledge.txt,466,https://openalex.org/W4210265212,https://doi.org/10.3133/mcs2022,2022,Mineral commodity summaries 2022
snapshot_2,Topic_sulfide_solid-state_battery_cathode_composite_2015-2024_Knowledge.txt,467,https://openalex.org/W3097235984,https://doi.org/10.1007/s40820-020-00526-x,2020,Interface Engineering of CoS/CoO@N-Doped Graphene Nanocomposite for High-Performance Rechargeable Zn–Air Batteries
snapshot_2,Topic_sulfide_solid-state_battery_cathode_composite_2015-2024_Knowledge.txt,468,https://openalex.org/W4323354960,https://doi.org/10.18297/etd/4014,2022,Wet chemical synthesis and properties of argyrodite sulfide solid electrolytes for solid state lithium batteries.
snapshot_2,Topic_sulfide_solid-state_battery_cathode_composite_2015-2024_Knowledge.txt,469,https://openalex.org/W2775729696,https://doi.org/10.1002/smll.201701986,2017,Chemical Immobilization Effect on Lithium Polysulfides for Lithium–Sulfur Batteries
snapshot_2,Topic_sulfide_solid-state_battery_cathode_composite_2015-2024_Knowledge.txt,470,https://openalex.org/W3166523645,https://doi.org/10.1007/s40820-021-00669-5,2021,Recent Advances on MOF Derivatives for Non-Noble Metal Oxygen Electrocatalysts in Zinc-Air Batteries
snapshot_2,Topic_sulfide_solid-state_battery_cathode_composite_2015-2024_Knowledge.txt,471,https://openalex.org/W3095343991,https://doi.org/10.1007/s40820-020-00541-y,2020,Advanced Anode Materials of Potassium Ion Batteries: from Zero Dimension to Three Dimensions
snapshot_2,Topic_sulfide_solid-state_battery_cathode_composite_2015-2024_Knowledge.txt,472,https://openalex.org/W4403053543,https://doi.org/10.1021/acsaem.4c01615,2024,"Synergy of Si, Sn, and SWCNT Enables a Superior Mixed-Conductive Slurry-Coated Anode for All-Solid-State Lithium Batteries"
snapshot_2,Topic_sulfide_solid-state_battery_cathode_composite_2015-2024_Knowledge.txt,473,https://openalex.org/W2573718679,https://doi.org/10.1039/c6nh00224b,2017,Cobalt oxide and N-doped carbon nanosheets derived from a single two-dimensional metal–organic framework precursor and their application in flexible asymmetric supercapacitors
snapshot_2,Topic_sulfide_solid-state_battery_cathode_composite_2015-2024_Knowledge.txt,474,https://openalex.org/W2980932864,https://doi.org/10.1038/s41597-019-0224-1,2019,Text-mined dataset of inorganic materials synthesis recipes
snapshot_2,Topic_sulfide_solid-state_battery_cathode_composite_2015-2024_Knowledge.txt,475,https://openalex.org/W3092639872,https://doi.org/10.1039/d0ee02062a,2020,All ceramic cathode composite design and manufacturing towards low interfacial resistance for garnet-based solid-state lithium batteries
snapshot_2,Topic_sulfide_solid-state_battery_cathode_composite_2015-2024_Knowledge.txt,476,https://openalex.org/W4400362459,https://doi.org/10.1007/s40820-024-01424-2,2024,"Next-Generation Green Hydrogen: Progress and Perspective from Electricity, Catalyst to Electrolyte in Electrocatalytic Water Splitting"
snapshot_2,Topic_sulfide_solid-state_battery_cathode_composite_2015-2024_Knowledge.txt,477,https://openalex.org/W3164857517,https://doi.org/10.1007/s40820-021-00642-2,2021,Recent Developments of Transition Metal Compounds-Carbon Hybrid Electrodes for High Energy/Power Supercapacitors
snapshot_2,Topic_sulfide_solid-state_battery_cathode_composite_2015-2024_Knowledge.txt,478,https://openalex.org/W3094212375,https://doi.org/10.1093/nsr/nwaa261,2020,Carbon nanotubes for flexible batteries: recent progress and future perspective
snapshot_2,Topic_sulfide_solid-state_battery_cathode_composite_2015-2024_Knowledge.txt,479,https://openalex.org/W2969081191,https://doi.org/10.1021/acsaem.9b01111,2019,Enabling Thin and Flexible Solid-State Composite Electrolytes by the Scalable Solution Process
snapshot_2,Topic_sulfide_solid-state_battery_cathode_composite_2015-2024_Knowledge.txt,480,https://openalex.org/W3194360913,https://doi.org/10.1002/eem2.12265,2021,"Designing Advanced Aqueous Zinc‐Ion Batteries: Principles, Strategies, and Perspectives"
snapshot_2,Topic_sulfide_solid-state_battery_cathode_composite_2015-2024_Knowledge.txt,481,https://openalex.org/W4316813038,https://doi.org/10.1038/s41467-023-35920-7,2023,Understanding the failure process of sulfide-based all-solid-state lithium batteries via operando nuclear magnetic resonance spectroscopy
snapshot_2,Topic_sulfide_solid-state_battery_cathode_composite_2015-2024_Knowledge.txt,482,https://openalex.org/W1592422044,https://doi.org/10.1038/am.2015.63,2015,Three-dimensional-networked NiCo2S4 nanosheet array/carbon cloth anodes for high-performance lithium-ion batteries
snapshot_2,Topic_sulfide_solid-state_battery_cathode_composite_2015-2024_Knowledge.txt,483,https://openalex.org/W3083164898,https://doi.org/10.1039/d0ee02088e,2020,Reaction heterogeneity in practical high-energy lithium–sulfur pouch cells
snapshot_2,Topic_sulfide_solid-state_battery_cathode_composite_2015-2024_Knowledge.txt,484,https://openalex.org/W3037779758,https://doi.org/10.3390/batteries6030035,2020,"A Review on Temperature-Dependent Electrochemical Properties, Aging, and Performance of Lithium-Ion Cells"
snapshot_2,Topic_sulfide_solid-state_battery_cathode_composite_2015-2024_Knowledge.txt,485,https://openalex.org/W2956231099,https://doi.org/10.3390/app9142787,2019,Recent Progress of Metal–Air Batteries—A Mini Review
snapshot_2,Topic_sulfide_solid-state_battery_cathode_composite_2015-2024_Knowledge.txt,486,https://openalex.org/W3154620779,https://doi.org/10.3390/polym13091354,2021,On the Solubility and Stability of Polyvinylidene Fluoride
snapshot_2,Topic_sulfide_solid-state_battery_cathode_composite_2015-2024_Knowledge.txt,487,https://openalex.org/W2944404756,https://doi.org/10.1007/s00170-019-03438-2,2019,A review of aerosol jet printing—a non-traditional hybrid process for micro-manufacturing
snapshot_2,Topic_sulfide_solid-state_battery_cathode_composite_2015-2024_Knowledge.txt,488,https://openalex.org/W4285551764,https://doi.org/10.3133/mcs2021,2021,Mineral commodity summaries 2021
snapshot_2,Topic_sulfide_solid-state_battery_cathode_composite_2015-2024_Knowledge.txt,489,https://openalex.org/W3129992818,https://doi.org/10.3390/met11020291,2021,Challenges in Ecofriendly Battery Recycling and Closed Material Cycles: A Perspective on Future Lithium Battery Generations
snapshot_2,Topic_sulfide_solid-state_battery_cathode_composite_2015-2024_Knowledge.txt,490,https://openalex.org/W2922903526,https://doi.org/10.1038/s41467-019-09384-7,2019,A polymer-direct-intercalation strategy for MoS2/carbon-derived heteroaerogels with ultrahigh pseudocapacitance
snapshot_2,Topic_sulfide_solid-state_battery_cathode_composite_2015-2024_Knowledge.txt,491,https://openalex.org/W2523390464,https://doi.org/10.1002/advs.201600152,2016,One‐dimensional TiO<sub>2</sub> Nanotube Photocatalysts for Solar Water Splitting
snapshot_2,Topic_sulfide_solid-state_battery_cathode_composite_2015-2024_Knowledge.txt,492,https://openalex.org/W4310707848,https://doi.org/10.1007/s40820-022-00974-7,2022,Waste-Derived Catalysts for Water Electrolysis: Circular Economy-Driven Sustainable Green Hydrogen Energy
snapshot_2,Topic_sulfide_solid-state_battery_cathode_composite_2015-2024_Knowledge.txt,493,https://openalex.org/W3197093887,https://doi.org/10.1002/eem2.12250,2021,Electrochemical Kinetic Modulators in Lithium–Sulfur Batteries: From Defect‐Rich Catalysts to Single Atomic Catalysts
snapshot_2,Topic_sulfide_solid-state_battery_cathode_composite_2015-2024_Knowledge.txt,494,https://openalex.org/W2945427467,https://doi.org/10.1038/s41467-019-09931-2,2019,Phase evolution of conversion-type electrode for lithium ion batteries
snapshot_2,Topic_sulfide_solid-state_battery_cathode_composite_2015-2024_Knowledge.txt,495,https://openalex.org/W4390409948,https://doi.org/10.1002/ece2.18,2023,Transition metal carbide‐based nanostructures for electrochemical hydrogen and oxygen evolution reactions
snapshot_2,Topic_sulfide_solid-state_battery_cathode_composite_2015-2024_Knowledge.txt,496,https://openalex.org/W2620178520,https://doi.org/10.1016/j.gee.2017.05.003,2017,Synthesis and applications of MOF-derived porous nanostructures
snapshot_2,Topic_sulfide_solid-state_battery_cathode_composite_2015-2024_Knowledge.txt,497,https://openalex.org/W4385454505,https://doi.org/10.1038/s41467-023-40394-8,2023,Non-flammable solvent-free liquid polymer electrolyte for lithium metal batteries
snapshot_2,Topic_sulfide_solid-state_battery_cathode_composite_2015-2024_Knowledge.txt,498,https://openalex.org/W3087703122,https://doi.org/10.1002/eom2.12048,2020,Post‐lithium battery materials and technology
snapshot_2,Topic_sulfide_solid-state_battery_cathode_composite_2015-2024_Knowledge.txt,499,https://openalex.org/W2805163993,https://doi.org/10.1038/s41598-018-25861-3,2018,Three-Dimensional Printed Electrode and Its Novel Applications in Electronic Devices
snapshot_2,Topic_sulfide_solid-state_battery_cathode_composite_2015-2024_Knowledge.txt,500,https://openalex.org/W2772969497,https://doi.org/10.1002/adma.201704313,2017,Thermodynamics and Kinetics of Sulfur Cathode during Discharge in MgTFSI<sub>2</sub>–DME Electrolyte
