source_snapshot,source_file,local_id,openalex_id,doi,year,title
snapshot_1,Topic_metal_chalcogenide_anodes_2007-2016_Knowledge.txt,1,https://openalex.org/W2065077785,https://doi.org/10.1016/j.mattod.2014.10.040,2014,Li-ion battery materials: present and future
snapshot_1,Topic_metal_chalcogenide_anodes_2007-2016_Knowledge.txt,2,https://openalex.org/W2515360998,https://doi.org/10.1002/adma.201603219,2016,Novel Metal Chalcogenide SnSSe as a High‐Capacity Anode for Sodium‐Ion Batteries
snapshot_1,Topic_metal_chalcogenide_anodes_2007-2016_Knowledge.txt,3,https://openalex.org/W2317280347,https://doi.org/10.1021/ie503759v,2014,Double Transition-Metal Chalcogenide as a High-Performance Lithium-Ion Battery Anode Material
snapshot_1,Topic_metal_chalcogenide_anodes_2007-2016_Knowledge.txt,4,https://openalex.org/W2036119403,https://doi.org/10.1021/ar2002705,2012,Evolution of Strategies for Modern Rechargeable Batteries
snapshot_1,Topic_metal_chalcogenide_anodes_2007-2016_Knowledge.txt,5,https://openalex.org/W2315117632,https://doi.org/10.1021/jz400181m,2013,"CuInS<sub>2</sub>-Sensitized Quantum Dot Solar Cell. Electrophoretic Deposition, Excited-State Dynamics, and Photovoltaic Performance"
snapshot_1,Topic_metal_chalcogenide_anodes_2007-2016_Knowledge.txt,6,https://openalex.org/W2043979991,https://doi.org/10.1038/am.2013.53,2013,A perspective of mesoscopic solar cells based on metal chalcogenide quantum dots and organometal-halide perovskites
snapshot_1,Topic_metal_chalcogenide_anodes_2007-2016_Knowledge.txt,7,https://openalex.org/W1595427178,https://doi.org/10.1063/1.4921089,2015,Mechanism for resistive switching in chalcogenide-based electrochemical metallization memory cells
snapshot_1,Topic_metal_chalcogenide_anodes_2007-2016_Knowledge.txt,8,https://openalex.org/W2557466771,https://doi.org/10.1021/acsami.6b11544,2016,Ultralong Sb<sub>2</sub>Se<sub>3</sub> Nanowire-Based Free-Standing Membrane Anode for Lithium/Sodium Ion Batteries
snapshot_1,Topic_metal_chalcogenide_anodes_2007-2016_Knowledge.txt,9,https://openalex.org/W2530330091,https://doi.org/10.1002/adma.201670278,2016,Sodium‐Ion Batteries: Novel Metal Chalcogenide SnSSe as a High‐Capacity Anode for Sodium‐Ion Batteries (Adv. Mater. 39/2016)
snapshot_1,Topic_metal_chalcogenide_anodes_2007-2016_Knowledge.txt,10,https://openalex.org/W2502827419,https://doi.org/10.1039/c6nr03571j,2016,Two dimensional layered Co<sub>0.85</sub>Se nanosheets as a high-capacity anode for lithium-ion batteries
snapshot_1,Topic_metal_chalcogenide_anodes_2007-2016_Knowledge.txt,11,https://openalex.org/W2298846530,https://doi.org/10.1021/acsami.6b01725,2016,Integrating 3D Flower-Like Hierarchical Cu<sub>2</sub>NiSnS<sub>4</sub> with Reduced Graphene Oxide as Advanced Anode Materials for Na-Ion Batteries
snapshot_1,Topic_metal_chalcogenide_anodes_2007-2016_Knowledge.txt,12,https://openalex.org/W2085537249,https://doi.org/10.1126/science.1226419,2013,Liquid Exfoliation of Layered Materials
snapshot_1,Topic_metal_chalcogenide_anodes_2007-2016_Knowledge.txt,13,https://openalex.org/W2179253212,https://doi.org/10.1021/acsami.5b07768,2015,Tin Disulfide Nanoplates on Graphene Nanoribbons for Full Lithium Ion Batteries
snapshot_1,Topic_metal_chalcogenide_anodes_2007-2016_Knowledge.txt,14,https://openalex.org/W2146853342,https://doi.org/10.1002/chem.201406635,2015,Micro‐MoS<sub>2</sub> with Excellent Reversible Sodium‐Ion Storage
snapshot_1,Topic_metal_chalcogenide_anodes_2007-2016_Knowledge.txt,15,https://openalex.org/W2279759354,https://doi.org/10.1021/acsnano.5b06614,2015,Size-Controlled Intercalation-to-Conversion Transition in Lithiation of Transition-Metal Chalcogenides—NbSe<sub>3</sub>
snapshot_1,Topic_metal_chalcogenide_anodes_2007-2016_Knowledge.txt,16,https://openalex.org/W2008934502,https://doi.org/10.1021/am400364u,2013,Stabilized CdSe-CoPi Composite Photoanode for Light-Assisted Water Oxidation by Transformation of a CdSe/Cobalt Metal Thin Film
snapshot_1,Topic_metal_chalcogenide_anodes_2007-2016_Knowledge.txt,17,https://openalex.org/W2534297795,https://doi.org/10.1039/c6ta08075h,2016,A review on noble-metal-free bifunctional heterogeneous catalysts for overall electrochemical water splitting
snapshot_1,Topic_metal_chalcogenide_anodes_2007-2016_Knowledge.txt,18,https://openalex.org/W2152829396,https://doi.org/10.3390/molecules191219732,2014,Photocatalysis for Renewable Energy Production Using PhotoFuelCells
snapshot_1,Topic_metal_chalcogenide_anodes_2007-2016_Knowledge.txt,19,https://openalex.org/W2341914402,https://doi.org/10.1021/acsnano.5b05157,2015,Anti-MoS<sub>2</sub> Nanostructures: Tl<sub>2</sub>S and Its Electrochemical and Electronic Properties
snapshot_1,Topic_metal_chalcogenide_anodes_2007-2016_Knowledge.txt,20,https://openalex.org/W1965606768,https://doi.org/10.1021/nn506223h,2015,Prospects of Nanoscience with Nanocrystals
snapshot_1,Topic_metal_chalcogenide_anodes_2007-2016_Knowledge.txt,21,https://openalex.org/W2058252944,https://doi.org/10.1021/cm4021518,2013,Will Solar-Driven Water-Splitting Devices See the Light of Day?
snapshot_1,Topic_metal_chalcogenide_anodes_2007-2016_Knowledge.txt,22,https://openalex.org/W1978941266,https://doi.org/10.1021/la062906+,2007,Photoassisted Tuning of Silicon Nanocrystal Photoluminescence
snapshot_1,Topic_metal_chalcogenide_anodes_2007-2016_Knowledge.txt,23,https://openalex.org/W2161346221,https://doi.org/10.1039/c1ee01970h,2011,Recent developments of molybdenum and tungsten sulfides as hydrogen evolution catalysts
snapshot_1,Topic_metal_chalcogenide_anodes_2007-2016_Knowledge.txt,24,https://openalex.org/W2342787304,https://doi.org/10.1038/ncomms10672,2016,Pure and stable metallic phase molybdenum disulfide nanosheets for hydrogen evolution reaction
snapshot_1,Topic_metal_chalcogenide_anodes_2007-2016_Knowledge.txt,25,https://openalex.org/W2120185412,https://doi.org/10.1039/c3ee43161d,2013,The origin of high efficiency in low-temperature solution-processable bilayer organometal halide hybrid solar cells
snapshot_1,Topic_metal_chalcogenide_anodes_2007-2016_Knowledge.txt,26,https://openalex.org/W2077266128,https://doi.org/10.1002/adma.201305929,2014,"25th Anniversary Article: Semiconductor Nanowires – Synthesis, Characterization, and Applications"
snapshot_1,Topic_metal_chalcogenide_anodes_2007-2016_Knowledge.txt,27,https://openalex.org/W2413738889,N/A,2007,Cyclic Voltammetry Study of Copper Tin Sulfide Compounds
snapshot_1,Topic_metal_chalcogenide_anodes_2007-2016_Knowledge.txt,28,https://openalex.org/W2158508516,https://doi.org/10.3390/ma3042260,2010,Quantum Dots and Their Multimodal Applications: A Review
snapshot_1,Topic_metal_chalcogenide_anodes_2007-2016_Knowledge.txt,29,https://openalex.org/W2044479329,https://doi.org/10.1109/jsen.2014.2375203,2014,Technologies for Printing Sensors and Electronics Over Large Flexible Substrates: A Review
snapshot_1,Topic_metal_chalcogenide_anodes_2007-2016_Knowledge.txt,30,https://openalex.org/W2149157108,https://doi.org/10.1039/c3cs60159e,2013,"Salt melt synthesis of ceramics, semiconductors and carbon nanostructures"
snapshot_1,Topic_metal_chalcogenide_anodes_2007-2016_Knowledge.txt,31,https://openalex.org/W2076766246,https://doi.org/10.1038/ncomms7954,2015,P2-Na0.6[Cr0.6Ti0.4]O2 cation-disordered electrode for high-rate symmetric rechargeable sodium-ion batteries
snapshot_1,Topic_metal_chalcogenide_anodes_2007-2016_Knowledge.txt,32,https://openalex.org/W2095617966,https://doi.org/10.1038/ncomms5358,2014,A 3.8-V earth-abundant sodium battery electrode
snapshot_1,Topic_metal_chalcogenide_anodes_2007-2016_Knowledge.txt,33,https://openalex.org/W2071082437,https://doi.org/10.1039/c3cs35468g,2013,Hallmarks of mechanochemistry: from nanoparticles to technology
snapshot_1,Topic_metal_chalcogenide_anodes_2007-2016_Knowledge.txt,34,https://openalex.org/W2557092610,https://doi.org/10.1002/adfm.201603886,2016,Photodetectors Based on Two‐Dimensional Layered Materials Beyond Graphene
snapshot_1,Topic_metal_chalcogenide_anodes_2007-2016_Knowledge.txt,35,https://openalex.org/W1678748398,https://doi.org/10.3390/electronics4030586,2015,Conduction Mechanism of Valence Change Resistive Switching Memory: A Survey
snapshot_1,Topic_metal_chalcogenide_anodes_2007-2016_Knowledge.txt,36,https://openalex.org/W2157671049,https://doi.org/10.1039/c1ra00260k,2011,Graphene–inorganic nanocomposites
snapshot_1,Topic_metal_chalcogenide_anodes_2007-2016_Knowledge.txt,37,https://openalex.org/W2340990410,https://doi.org/10.1038/ncomms11296,2016,Scalable salt-templated synthesis of two-dimensional transition metal oxides
snapshot_1,Topic_metal_chalcogenide_anodes_2007-2016_Knowledge.txt,38,https://openalex.org/W1968807146,https://doi.org/10.1590/s1516-14392009000100002,2009,"Nanocomposites: synthesis, structure, properties and new application opportunities"
snapshot_1,Topic_metal_chalcogenide_anodes_2007-2016_Knowledge.txt,39,https://openalex.org/W2017393564,https://doi.org/10.1038/srep05787,2014,"Ultrathin Nickel Hydroxide and Oxide Nanosheets: Synthesis, Characterizations and Excellent Supercapacitor Performances"
snapshot_1,Topic_metal_chalcogenide_anodes_2007-2016_Knowledge.txt,40,https://openalex.org/W2121923209,https://doi.org/10.1039/c4cc03109a,2014,Nanostructured electrochromic smart windows: traditional materials and NIR-selective plasmonic nanocrystals
snapshot_1,Topic_metal_chalcogenide_anodes_2007-2016_Knowledge.txt,41,https://openalex.org/W4231401098,https://doi.org/10.1149/ma2015-01/9/849,2015,Mxenes: A New Family of Two-Dimensional Materials and Its Application As Electrodes for Li and Na-Ion Batteries
snapshot_1,Topic_metal_chalcogenide_anodes_2007-2016_Knowledge.txt,42,https://openalex.org/W2077693842,https://doi.org/10.1002/elan.200804390,2009,Electrochemical Investigation of Metal Sulfides at Mercury Electrodes Using Thiourea as a Source of Sulfide Ion
snapshot_1,Topic_metal_chalcogenide_anodes_2007-2016_Knowledge.txt,43,https://openalex.org/W2100833014,https://doi.org/10.1039/c4ee03389b,2014,Spinel compounds as multivalent battery cathodes: a systematic evaluation based on ab initio calculations
snapshot_1,Topic_metal_chalcogenide_anodes_2007-2016_Knowledge.txt,44,https://openalex.org/W2100074107,https://doi.org/10.1109/jproc.2012.2190168,2012,Flexible Electronics: The Next Ubiquitous Platform
snapshot_1,Topic_metal_chalcogenide_anodes_2007-2016_Knowledge.txt,45,https://openalex.org/W4293105400,https://doi.org/10.3390/s8031400,2008,Electrochemical Biosensors - Sensor Principles and Architectures
snapshot_1,Topic_metal_chalcogenide_anodes_2007-2016_Knowledge.txt,46,https://openalex.org/W2396261957,https://doi.org/10.1002/adma.201600669,2016,Perovskite Materials for Light‐Emitting Diodes and Lasers
snapshot_1,Topic_metal_chalcogenide_anodes_2007-2016_Knowledge.txt,47,https://openalex.org/W2563361866,https://doi.org/10.1002/advs.201600380,2016,One‐Dimensional Earth‐Abundant Nanomaterials for Water‐Splitting Electrocatalysts
snapshot_1,Topic_metal_chalcogenide_anodes_2007-2016_Knowledge.txt,48,https://openalex.org/W2237668177,https://doi.org/10.1021/acsami.5b11492,2016,Self-Assembly-Induced Alternately Stacked Single-Layer MoS<sub>2</sub> and N-doped Graphene: A Novel van der Waals Heterostructure for Lithium-Ion Batteries
snapshot_1,Topic_metal_chalcogenide_anodes_2007-2016_Knowledge.txt,49,https://openalex.org/W2343093142,https://doi.org/10.1021/acsami.5b02904,2015,First-Principles Analysis of Defect Thermodynamics and Ion Transport in Inorganic SEI Compounds: LiF and NaF
snapshot_1,Topic_metal_chalcogenide_anodes_2007-2016_Knowledge.txt,50,https://openalex.org/W2507198627,https://doi.org/10.1021/acs.chemmater.6b02648,2016,Data-Driven First-Principles Methods for the Study and Design of Alkali Superionic Conductors
snapshot_1,Topic_metal_chalcogenide_anodes_2007-2016_Knowledge.txt,51,https://openalex.org/W2078119797,https://doi.org/10.3390/catal3010036,2013,"Brookite, the Least Known TiO2 Photocatalyst"
snapshot_1,Topic_metal_chalcogenide_anodes_2007-2016_Knowledge.txt,52,https://openalex.org/W1865332387,https://doi.org/10.1063/1.4929512,2015,Resistive switching phenomena: A review of statistical physics approaches
snapshot_1,Topic_metal_chalcogenide_anodes_2007-2016_Knowledge.txt,53,https://openalex.org/W2080284576,https://doi.org/10.1038/srep01936,2013,High-performance flexible electrochromic device based on facile semiconductor-to-metal transition realized by WO3·2H2O ultrathin nanosheets
snapshot_1,Topic_metal_chalcogenide_anodes_2007-2016_Knowledge.txt,54,https://openalex.org/W2327884926,https://doi.org/10.1002/advs.201500426,2016,Anchoring CoO Domains on CoSe<sub>2</sub> Nanobelts as Bifunctional Electrocatalysts for Overall Water Splitting in Neutral Media
snapshot_1,Topic_metal_chalcogenide_anodes_2007-2016_Knowledge.txt,55,https://openalex.org/W2533416009,https://doi.org/10.1038/ncomms13216,2016,Ultrasmall and phase-pure W2C nanoparticles for efficient electrocatalytic and photoelectrochemical hydrogen evolution
snapshot_1,Topic_metal_chalcogenide_anodes_2007-2016_Knowledge.txt,56,https://openalex.org/W2014977999,https://doi.org/10.1038/srep03282,2013,Superior Field Emission Properties of Layered WS2-RGO Nanocomposites
snapshot_1,Topic_metal_chalcogenide_anodes_2007-2016_Knowledge.txt,57,https://openalex.org/W2097156402,https://doi.org/10.1039/c5nr06718a,2015,Recent advances in transition-metal dichalcogenide based nanomaterials for water splitting
snapshot_1,Topic_metal_chalcogenide_anodes_2007-2016_Knowledge.txt,58,https://openalex.org/W2262222115,https://doi.org/10.1021/acsami.5b10024,2016,"Origin of Electrochemical, Structural, and Transport Properties in Nonaqueous Zinc Electrolytes"
snapshot_1,Topic_metal_chalcogenide_anodes_2007-2016_Knowledge.txt,59,https://openalex.org/W2176380301,https://doi.org/10.1039/c5cs00733j,2015,Dye-sensitised semiconductors modified with molecular catalysts for light-driven H<sub>2</sub> production
snapshot_1,Topic_metal_chalcogenide_anodes_2007-2016_Knowledge.txt,60,https://openalex.org/W2064431169,https://doi.org/10.2478/s11532-011-0155-y,2012,A review on the synthesis of TiO2 nanoparticles by solution route
snapshot_1,Topic_metal_chalcogenide_anodes_2007-2016_Knowledge.txt,61,https://openalex.org/W2088487620,https://doi.org/10.1038/ncomms3887,2013,An integrated approach to realizing high-performance liquid-junction quantum dot sensitized solar cells
snapshot_1,Topic_metal_chalcogenide_anodes_2007-2016_Knowledge.txt,62,https://openalex.org/W2317809091,https://doi.org/10.3390/polym8040118,2016,Recent Advances in Nanostructured Conducting Polymers: from Synthesis to Practical Applications
snapshot_1,Topic_metal_chalcogenide_anodes_2007-2016_Knowledge.txt,63,https://openalex.org/W2520090679,https://doi.org/10.1021/acsnano.6b05746,2016,Phase Restructuring in Transition Metal Dichalcogenides for Highly Stable Energy Storage
snapshot_1,Topic_metal_chalcogenide_anodes_2007-2016_Knowledge.txt,64,https://openalex.org/W2537786790,https://doi.org/10.1186/s12951-016-0225-6,2016,"Pure and multi metal oxide nanoparticles: synthesis, antibacterial and cytotoxic properties"
snapshot_1,Topic_metal_chalcogenide_anodes_2007-2016_Knowledge.txt,65,https://openalex.org/W2506098969,https://doi.org/10.15406/jnmr.2015.02.00042,2015,Study of Composition and Morphology of Cadmium Oxide (CdO) Nanoparticles for Eliminating Cancer Cells
snapshot_1,Topic_metal_chalcogenide_anodes_2007-2016_Knowledge.txt,66,https://openalex.org/W2525292295,https://doi.org/10.1073/pnas.1607471113,2016,Metal halide perovskite light emitters
snapshot_1,Topic_metal_chalcogenide_anodes_2007-2016_Knowledge.txt,67,https://openalex.org/W2515623107,https://doi.org/10.1002/ese3.128,2016,MoS<sub>2</sub> as a co‐catalyst for photocatalytic hydrogen production from water
snapshot_1,Topic_metal_chalcogenide_anodes_2007-2016_Knowledge.txt,68,https://openalex.org/W2951087934,https://doi.org/10.1002/chin.201651015,2016,ChemInform Abstract: Novel Metal Chalcogenide SnSSe as a High‐Capacity Anode for Sodium‐Ion Batteries.
snapshot_1,Topic_metal_chalcogenide_anodes_2007-2016_Knowledge.txt,69,https://openalex.org/W2409390695,https://doi.org/10.1038/srep12571,2015,Exfoliated MoS2 Sheets and Reduced Graphene Oxide-An Excellent and Fast Anode for Sodium-ion Battery
snapshot_1,Topic_metal_chalcogenide_anodes_2007-2016_Knowledge.txt,70,https://openalex.org/W2164765610,https://doi.org/10.1155/2014/856592,2014,"Copper Oxide Nanomaterials Prepared by Solution Methods, Some Properties, and Potential Applications: A Brief Review"
snapshot_1,Topic_metal_chalcogenide_anodes_2007-2016_Knowledge.txt,71,https://openalex.org/W2136065413,https://doi.org/10.1039/c4cp05552g,2015,Recent progress in theoretical and computational investigations of Li-ion battery materials and electrolytes
snapshot_1,Topic_metal_chalcogenide_anodes_2007-2016_Knowledge.txt,72,https://openalex.org/W2514362056,https://doi.org/10.1039/c6ra15057h,2016,"Nanostructured platinum-free electrocatalysts in alkaline direct alcohol fuel cells: catalyst design, principles and applications"
snapshot_1,Topic_metal_chalcogenide_anodes_2007-2016_Knowledge.txt,73,https://openalex.org/W2511283171,https://doi.org/10.3390/ijms17091452,2016,Controlled Synthesis of Polyions of Heavy Main-Group Elements in Ionic Liquids
snapshot_1,Topic_metal_chalcogenide_anodes_2007-2016_Knowledge.txt,74,https://openalex.org/W2029514712,https://doi.org/10.1039/c4cc02021a,2014,"Ionic liquids for energy, materials, and medicine"
snapshot_1,Topic_metal_chalcogenide_anodes_2007-2016_Knowledge.txt,75,https://openalex.org/W2291774548,https://doi.org/10.1002/aenm.201501937,2016,Mesoporous MoS<sub>2</sub> as a Transition Metal Dichalcogenide Exhibiting Pseudocapacitive Li and Na‐Ion Charge Storage
snapshot_1,Topic_metal_chalcogenide_anodes_2007-2016_Knowledge.txt,76,https://openalex.org/W1591551585,https://doi.org/10.3390/nano5020906,2015,Nanostructured Electrode Materials for Electrochemical Capacitor Applications
snapshot_1,Topic_metal_chalcogenide_anodes_2007-2016_Knowledge.txt,77,https://openalex.org/W2340045389,https://doi.org/10.1038/ncomms10037,2015,A monotopic aluminum telluride with an Al=Te double bond stabilized by N-heterocyclic carbenes
snapshot_1,Topic_metal_chalcogenide_anodes_2007-2016_Knowledge.txt,78,https://openalex.org/W2528192529,https://doi.org/10.1073/pnas.1610554113,2016,Spectroscopic elucidation of energy transfer in hybrid inorganic–biological organisms for solar-to-chemical production
snapshot_1,Topic_metal_chalcogenide_anodes_2007-2016_Knowledge.txt,79,https://openalex.org/W2518186897,https://doi.org/10.1038/srep32531,2016,Ultra-high electrochemical catalytic activity of MXenes
snapshot_1,Topic_metal_chalcogenide_anodes_2007-2016_Knowledge.txt,80,https://openalex.org/W1971589196,https://doi.org/10.1039/c4qi00059e,2014,Routes to tin chalcogenide materials as thin films or nanoparticles: a potentially important class of semiconductor for sustainable solar energy conversion
snapshot_1,Topic_metal_chalcogenide_anodes_2007-2016_Knowledge.txt,81,https://openalex.org/W2159804279,https://doi.org/10.1146/annurev-matsci-070813-113329,2014,Chemical Expansion: Implications for Electrochemical Energy Storage and Conversion Devices
snapshot_1,Topic_metal_chalcogenide_anodes_2007-2016_Knowledge.txt,82,https://openalex.org/W1716402385,https://doi.org/10.1002/9780470974001.f206050,2010,Methanol effects on the<scp>O</scp><sub>2</sub>reduction reaction
snapshot_1,Topic_metal_chalcogenide_anodes_2007-2016_Knowledge.txt,83,https://openalex.org/W2472772094,https://doi.org/10.3389/fenrg.2016.00025,2016,Development of Sulfide Solid Electrolytes and Interface Formation Processes for Bulk-Type All-Solid-State Li and Na Batteries
snapshot_1,Topic_metal_chalcogenide_anodes_2007-2016_Knowledge.txt,84,https://openalex.org/W2068088917,https://doi.org/10.3390/ma7032155,2014,A Review on Resistive Switching in High-k Dielectrics: A Nanoscale Point of View Using Conductive Atomic Force Microscope
snapshot_1,Topic_metal_chalcogenide_anodes_2007-2016_Knowledge.txt,85,https://openalex.org/W2152940535,https://doi.org/10.1002/chem.201406437,2015,Photobiocatalysis: The Power of Combining Photocatalysis and Enzymes
snapshot_1,Topic_metal_chalcogenide_anodes_2007-2016_Knowledge.txt,86,https://openalex.org/W2289899172,https://doi.org/10.1038/srep22432,2016,Na-ion Storage Performances of FeSex and Fe2O3 Hollow Nanoparticles-Decorated Reduced Graphene Oxide Balls prepared by Nanoscale Kirkendall Diffusion Process
snapshot_1,Topic_metal_chalcogenide_anodes_2007-2016_Knowledge.txt,87,https://openalex.org/W2566517043,https://doi.org/10.1039/c6sc04474c,2016,Metal halide perovskite nanomaterials: synthesis and applications
snapshot_1,Topic_metal_chalcogenide_anodes_2007-2016_Knowledge.txt,88,https://openalex.org/W1768442093,https://doi.org/10.1039/c5cs00651a,2015,Solution based CVD of main group materials
snapshot_1,Topic_metal_chalcogenide_anodes_2007-2016_Knowledge.txt,89,https://openalex.org/W2035428425,https://doi.org/10.1155/2014/613173,2014,A Review on Development Prospect of CZTS Based Thin Film Solar Cells
snapshot_1,Topic_metal_chalcogenide_anodes_2007-2016_Knowledge.txt,90,https://openalex.org/W2509117568,https://doi.org/10.1038/am.2016.132,2016,In situ anchoring of Co9S8 nanoparticles on N and S co-doped porous carbon tube as bifunctional oxygen electrocatalysts
snapshot_1,Topic_metal_chalcogenide_anodes_2007-2016_Knowledge.txt,91,https://openalex.org/W2125959020,https://doi.org/10.1039/c3cs60437c,2014,Two-dimensional carbon leading to new photoconversion processes
snapshot_1,Topic_metal_chalcogenide_anodes_2007-2016_Knowledge.txt,92,https://openalex.org/W2159674581,https://doi.org/10.1038/srep00442,2012,Deterministic conversion between memory and threshold resistive switching via tuning the strong electron correlation
snapshot_1,Topic_metal_chalcogenide_anodes_2007-2016_Knowledge.txt,93,https://openalex.org/W2539594707,https://doi.org/10.1039/c6ta07962h,2016,One-step solid phase synthesis of a highly efficient and robust cobalt pentlandite electrocatalyst for the oxygen evolution reaction
snapshot_1,Topic_metal_chalcogenide_anodes_2007-2016_Knowledge.txt,94,https://openalex.org/W2043534878,https://doi.org/10.1039/c4mh00040d,2014,Recent progress on graphene-based hybrid electrocatalysts
snapshot_1,Topic_metal_chalcogenide_anodes_2007-2016_Knowledge.txt,95,https://openalex.org/W2110994841,https://doi.org/10.1039/c4ra04493b,2014,“The green side of the moon: ecofriendly aspects of organoselenium chemistry”
snapshot_1,Topic_metal_chalcogenide_anodes_2007-2016_Knowledge.txt,96,https://openalex.org/W1734768115,https://doi.org/10.1002/advs.201500120,2015,Construction of Efficient 3D Gas Evolution Electrocatalyst for Hydrogen Evolution: Porous FeP Nanowire Arrays on Graphene Sheets
snapshot_1,Topic_metal_chalcogenide_anodes_2007-2016_Knowledge.txt,97,https://openalex.org/W2090367417,https://doi.org/10.1039/c5ra01819f,2015,"Plasmon-enhanced light harvesting: applications in enhanced photocatalysis, photodynamic therapy and photovoltaics"
snapshot_1,Topic_metal_chalcogenide_anodes_2007-2016_Knowledge.txt,98,https://openalex.org/W2075573931,https://doi.org/10.4028/www.scientific.net/amr.760-762.732,2013,Synthesis of Single-Crystal Copper Indium Gallium Diselenide (CIGS) Nanotubes Using AAO Templates
snapshot_1,Topic_metal_chalcogenide_anodes_2007-2016_Knowledge.txt,99,https://openalex.org/W2097792966,https://doi.org/10.1351/pac-rep-09-08-16,2010,"Electrochemical nucleic acid-based biosensors: Concepts, terms, and methodology (IUPAC Technical Report)"
snapshot_1,Topic_metal_chalcogenide_anodes_2007-2016_Knowledge.txt,100,https://openalex.org/W2261536002,https://doi.org/10.3390/s16020223,2016,Application of 2D Non-Graphene Materials and 2D Oxide Nanostructures for Biosensing Technology
snapshot_1,Topic_metal_chalcogenide_anodes_2007-2016_Knowledge.txt,101,https://openalex.org/W966176930,https://doi.org/10.1021/acsnano.5b02326,2015,Air-Stable and Efficient PbSe Quantum-Dot Solar Cells Based upon ZnSe to PbSe Cation-Exchanged Quantum Dots
snapshot_1,Topic_metal_chalcogenide_anodes_2007-2016_Knowledge.txt,102,https://openalex.org/W1569567406,https://doi.org/10.1002/9781118942857.ch11,2014,Primary Lithium Batteries
snapshot_1,Topic_metal_chalcogenide_anodes_2007-2016_Knowledge.txt,103,https://openalex.org/W2548569975,https://doi.org/10.1038/srep36294,2016,Nanostructured MoS2/BiVO4 Composites for Energy Storage Applications
snapshot_1,Topic_metal_chalcogenide_anodes_2007-2016_Knowledge.txt,104,https://openalex.org/W2269290328,https://doi.org/10.1039/c5ee03847b,2016,Light trapping in mesoporous solar cells with plasmonic nanostructures
snapshot_1,Topic_metal_chalcogenide_anodes_2007-2016_Knowledge.txt,105,https://openalex.org/W2096499616,https://doi.org/10.1117/1.oe.53.7.071819,2014,Glass optical waveguides: a review of fabrication techniques
snapshot_1,Topic_metal_chalcogenide_anodes_2007-2016_Knowledge.txt,106,https://openalex.org/W1981386365,https://doi.org/10.1021/nn5067478,2014,High Infrared Photoconductivity in Films of Arsenic-Sulfide-Encapsulated Lead-Sulfide Nanocrystals
snapshot_1,Topic_metal_chalcogenide_anodes_2007-2016_Knowledge.txt,107,https://openalex.org/W1503946019,https://doi.org/10.1007/s13204-015-0469-8,2015,Mixed-phase bismuth ferrite nanoflake electrodes for supercapacitor application
snapshot_1,Topic_metal_chalcogenide_anodes_2007-2016_Knowledge.txt,108,https://openalex.org/W2106558625,https://doi.org/10.1103/physrevb.87.035118,2013,Determining binding energies of valence-band electrons in insulators and semiconductors via lanthanide spectroscopy
snapshot_1,Topic_metal_chalcogenide_anodes_2007-2016_Knowledge.txt,109,https://openalex.org/W2117077316,https://doi.org/10.1007/s11671-008-9193-6,2008,Tube Formation in Nanoscale Materials
snapshot_1,Topic_metal_chalcogenide_anodes_2007-2016_Knowledge.txt,110,https://openalex.org/W2337177236,https://doi.org/10.1038/am.2016.46,2016,Layer-controlled growth of MoS2 on self-assembled flower-like Bi2S3 for enhanced photocatalysis under visible light irradiation
snapshot_1,Topic_metal_chalcogenide_anodes_2007-2016_Knowledge.txt,111,https://openalex.org/W2021201588,https://doi.org/10.1038/srep07716,2015,Hexagonal-like Nb2O5 Nanoplates-Based Photodetectors and Photocatalyst with High Performances
snapshot_1,Topic_metal_chalcogenide_anodes_2007-2016_Knowledge.txt,112,https://openalex.org/W2490316847,https://doi.org/10.1038/srep31224,2016,MoS2 memristor with photoresistive switching
snapshot_1,Topic_metal_chalcogenide_anodes_2007-2016_Knowledge.txt,113,https://openalex.org/W2418803055,https://doi.org/10.1038/srep18199,2015,Novel Flower-like Nickel Sulfide as an Efficient Electrocatalyst for Non-aqueous Lithium-Air Batteries
snapshot_1,Topic_metal_chalcogenide_anodes_2007-2016_Knowledge.txt,114,https://openalex.org/W1986775145,https://doi.org/10.1155/2014/518156,2014,Research and Development Aspects on Chemical Preparation Techniques of Photoanodes for Dye Sensitized Solar Cells
snapshot_1,Topic_metal_chalcogenide_anodes_2007-2016_Knowledge.txt,115,https://openalex.org/W2129905314,https://doi.org/10.1002/adma.201405319,2015,Atomically Thick Pt‐Cu Nanosheets: Self‐Assembled Sandwich and Nanoring‐Like Structures
snapshot_1,Topic_metal_chalcogenide_anodes_2007-2016_Knowledge.txt,116,https://openalex.org/W1992676545,https://doi.org/10.3390/coatings4010060,2014,"Spray-on Thin Film PV Solar Cells: Advances, Potentials and Challenges"
snapshot_1,Topic_metal_chalcogenide_anodes_2007-2016_Knowledge.txt,117,https://openalex.org/W2528511242,https://doi.org/10.1088/0022-3727/49/43/433001,2016,The 2016 oxide electronic materials and oxide interfaces roadmap
snapshot_1,Topic_metal_chalcogenide_anodes_2007-2016_Knowledge.txt,118,https://openalex.org/W2613581643,N/A,2013,Non-Precious Cathode Electrocatalytic Materials for Zinc-Air Battery
snapshot_1,Topic_metal_chalcogenide_anodes_2007-2016_Knowledge.txt,119,https://openalex.org/W2075646173,https://doi.org/10.1038/ncomms7570,2015,Rational design of a chalcogenopyrylium-based surface-enhanced resonance Raman scattering nanoprobe with attomolar sensitivity
snapshot_1,Topic_metal_chalcogenide_anodes_2007-2016_Knowledge.txt,120,https://openalex.org/W2414951168,https://doi.org/10.1038/srep17109,2015,Ternary SnS2–xSex Alloys Nanosheets and Nanosheet Assemblies with Tunable Chemical Compositions and Band Gaps for Photodetector Applications
snapshot_1,Topic_metal_chalcogenide_anodes_2007-2016_Knowledge.txt,121,https://openalex.org/W2128089389,https://doi.org/10.1002/adfm.201500964,2015,"Revisiting Metal Sulfide Semiconductors: A Solution‐Based General Protocol for Thin Film Formation, Hall Effect Measurement, and Application Prospects"
snapshot_1,Topic_metal_chalcogenide_anodes_2007-2016_Knowledge.txt,122,https://openalex.org/W2555462004,https://doi.org/10.1063/1.4966963,2016,Nanoribbons: From fundamentals to state-of-the-art applications
snapshot_1,Topic_metal_chalcogenide_anodes_2007-2016_Knowledge.txt,123,https://openalex.org/W2559950826,https://doi.org/10.3389/fenrg.2016.00038,2016,"Lithium Superionic Conductor Li9.42Si1.02P2.1S9.96O2.04 with Li10GeP2S12-Type Structure in the Li2S–P2S5–SiO2 Pseudoternary System: Synthesis, Electrochemical Properties, and Structure–Composition Relationships"
snapshot_1,Topic_metal_chalcogenide_anodes_2007-2016_Knowledge.txt,124,https://openalex.org/W1569731142,https://doi.org/10.3390/catal5031079,2015,Microwave Synthesis of High Activity FeSe2/C Catalyst toward Oxygen Reduction Reaction
snapshot_1,Topic_metal_chalcogenide_anodes_2007-2016_Knowledge.txt,125,https://openalex.org/W1998758722,https://doi.org/10.1021/nl504200y,2015,Unveiling Surface Redox Charge Storage of Interacting Two-Dimensional Heteronanosheets in Hierarchical Architectures
snapshot_1,Topic_metal_chalcogenide_anodes_2007-2016_Knowledge.txt,126,https://openalex.org/W2133293143,https://doi.org/10.2475/08.2010.02,2010,The biogeochemistry of technetium: A review of the behavior of an artificial element in the natural environment
snapshot_1,Topic_metal_chalcogenide_anodes_2007-2016_Knowledge.txt,127,https://openalex.org/W2076765548,https://doi.org/10.1038/srep04063,2014,Few-Layer MoSe2 Possessing High Catalytic Activity towards Iodide/Tri-iodide Redox Shuttles
snapshot_1,Topic_metal_chalcogenide_anodes_2007-2016_Knowledge.txt,128,https://openalex.org/W1754346341,https://doi.org/10.1039/c5cy00938c,2015,Recent progress in g-C<sub>3</sub>N<sub>4</sub> based low cost photocatalytic system: activity enhancement and emerging applications
snapshot_1,Topic_metal_chalcogenide_anodes_2007-2016_Knowledge.txt,129,https://openalex.org/W2559829835,https://doi.org/10.3390/c2040024,2016,Recent Progress in Design of Biomass-Derived Hard Carbons for Sodium Ion Batteries
snapshot_1,Topic_metal_chalcogenide_anodes_2007-2016_Knowledge.txt,130,https://openalex.org/W1867857713,https://doi.org/10.1039/c5ta03193a,2015,Layered ternary sulfide CuSbS<sub>2</sub> nanoplates for flexible solid-state supercapacitors
snapshot_1,Topic_metal_chalcogenide_anodes_2007-2016_Knowledge.txt,131,https://openalex.org/W2119149596,https://doi.org/10.1038/am.2013.54,2013,High-performance polypyrrole functionalized PtPd electrocatalysts based on PtPd/PPy/PtPd three-layered nanotube arrays for the electrooxidation of small organic molecules
snapshot_1,Topic_metal_chalcogenide_anodes_2007-2016_Knowledge.txt,132,https://openalex.org/W2137577343,https://doi.org/10.1351/pac-con-09-11-40,2010,One-dimensional inorganic semiconductor nanostructures: A new carrier for nanosensors
snapshot_1,Topic_metal_chalcogenide_anodes_2007-2016_Knowledge.txt,133,https://openalex.org/W2435503662,https://doi.org/10.1038/srep27957,2016,"Encapsulation of Fe3O4 Nanoparticles into N, S co-Doped Graphene Sheets with Greatly Enhanced Electrochemical Performance"
snapshot_1,Topic_metal_chalcogenide_anodes_2007-2016_Knowledge.txt,134,https://openalex.org/W2314886524,https://doi.org/10.1038/srep22503,2016,Ultrafast Microwave Nano-manufacturing of Fullerene-Like Metal Chalcogenides
snapshot_1,Topic_metal_chalcogenide_anodes_2007-2016_Knowledge.txt,135,https://openalex.org/W2343746112,https://doi.org/10.1515/nanoph-2016-0027,2016,Towards efficient solar-to-hydrogen conversion: Fundamentals and recent progress in copper-based chalcogenide photocathodes
snapshot_1,Topic_metal_chalcogenide_anodes_2007-2016_Knowledge.txt,136,https://openalex.org/W2023569253,https://doi.org/10.1155/2013/371356,2013,Ag<sub>3</sub>PO<sub>4</sub> Semiconductor Photocatalyst: Possibilities and Challenges
snapshot_1,Topic_metal_chalcogenide_anodes_2007-2016_Knowledge.txt,137,https://openalex.org/W1991089673,https://doi.org/10.1038/srep05755,2014,Electrochemical properties of tungsten sulfide–carbon composite microspheres prepared by spray pyrolysis
snapshot_1,Topic_metal_chalcogenide_anodes_2007-2016_Knowledge.txt,138,https://openalex.org/W2170667294,https://doi.org/10.1002/adma.201405944,2015,"A Motion‐ and Sound‐Activated, 3D‐Printed, Chalcogenide‐Based Triboelectric Nanogenerator"
snapshot_1,Topic_metal_chalcogenide_anodes_2007-2016_Knowledge.txt,139,https://openalex.org/W2346420018,https://doi.org/10.1021/acsnano.6b01532,2016,Ag–Ag<sub>2</sub>S Hybrid Nanoprisms: Structural<i>versus</i>Plasmonic Evolution
snapshot_1,Topic_metal_chalcogenide_anodes_2007-2016_Knowledge.txt,140,https://openalex.org/W2115729182,https://doi.org/10.1111/1574-6968.12353,2013,Comparison of the effects of silver phosphate and selenium nanoparticles on<i>Staphylococcus aureus</i>growth reveals potential for selenium particles to prevent infection
snapshot_1,Topic_metal_chalcogenide_anodes_2007-2016_Knowledge.txt,141,https://openalex.org/W2164840669,https://doi.org/10.1039/c3tc31969e,2013,Down-scaling of resistive switching to nanoscale using porous anodic alumina membranes
snapshot_1,Topic_metal_chalcogenide_anodes_2007-2016_Knowledge.txt,142,https://openalex.org/W1598530710,https://doi.org/10.3390/en8054416,2015,"Graded-Bandgap Solar Cells Using All-Electrodeposited ZnS, CdS and CdTe Thin-Films"
snapshot_1,Topic_metal_chalcogenide_anodes_2007-2016_Knowledge.txt,143,https://openalex.org/W2034071760,https://doi.org/10.3390/nano3030325,2013,Photoelectrochemical Properties of Graphene and Its Derivatives
snapshot_1,Topic_metal_chalcogenide_anodes_2007-2016_Knowledge.txt,144,https://openalex.org/W2339462174,https://doi.org/10.1039/c5nr08465b,2016,Nanoparticles and DNA – a powerful and growing functional combination in bionanotechnology
snapshot_1,Topic_metal_chalcogenide_anodes_2007-2016_Knowledge.txt,145,https://openalex.org/W2477565447,https://doi.org/10.1039/c6ee01655c,2016,Polymer-based photocathodes with a solution-processable cuprous iodide anode layer and a polyethyleneimine protective coating
snapshot_1,Topic_metal_chalcogenide_anodes_2007-2016_Knowledge.txt,146,https://openalex.org/W2544956095,https://doi.org/10.3390/nano6110194,2016,Black Phosphorus: Critical Review and Potential for Water Splitting Photocatalyst
snapshot_1,Topic_metal_chalcogenide_anodes_2007-2016_Knowledge.txt,147,https://openalex.org/W2138030267,https://doi.org/10.3390/polym7101491,2015,High Specific Capacitance of Polyaniline/Mesoporous Manganese Dioxide Composite Using KI-H2SO4 Electrolyte
snapshot_1,Topic_metal_chalcogenide_anodes_2007-2016_Knowledge.txt,148,https://openalex.org/W2213935698,https://doi.org/10.3390/met5042383,2015,A Simple Up-Scalable Thermal Treatment Method for Synthesis of ZnO Nanoparticles
snapshot_1,Topic_metal_chalcogenide_anodes_2007-2016_Knowledge.txt,149,https://openalex.org/W2133220696,https://doi.org/10.4028/www.scientific.net/msf.657.143,2010,Components for PEM Fuel Cells: An Overview
snapshot_1,Topic_metal_chalcogenide_anodes_2007-2016_Knowledge.txt,150,https://openalex.org/W2039163682,https://doi.org/10.1038/am.2014.21,2014,Metal oxide mesocrystals with tailored structures and properties for energy conversion and storage applications
snapshot_1,Topic_metal_chalcogenide_anodes_2007-2016_Knowledge.txt,151,https://openalex.org/W1990325270,https://doi.org/10.3390/ma2042228,2009,Nanostructured Photocatalysts and Their Applications in the Photocatalytic Transformation of Lignocellulosic Biomass: An Overview
snapshot_1,Topic_metal_chalcogenide_anodes_2007-2016_Knowledge.txt,152,https://openalex.org/W2554728240,https://doi.org/10.1002/smll.201602637,2016,Fullerene‐Like Nickel Oxysulfide Hollow Nanospheres as Bifunctional Electrocatalysts for Water Splitting
snapshot_1,Topic_metal_chalcogenide_anodes_2007-2016_Knowledge.txt,153,https://openalex.org/W2027724673,https://doi.org/10.1155/2013/987879,2013,Synthesis and Characterization of Ag<sub>2</sub>S Layers Formed on Polypropylene
snapshot_1,Topic_metal_chalcogenide_anodes_2007-2016_Knowledge.txt,154,https://openalex.org/W1529708178,https://doi.org/10.3390/electronics4030424,2015,Review on Physically Flexible Nonvolatile Memory for Internet of Everything Electronics
snapshot_1,Topic_metal_chalcogenide_anodes_2007-2016_Knowledge.txt,155,https://openalex.org/W2040346266,https://doi.org/10.1155/2013/178017,2013,Optical and Electrical Properties of Thin Films of CuS Nanodisks Ensembles Annealed in a Vacuum and Their Photocatalytic Activity
snapshot_1,Topic_metal_chalcogenide_anodes_2007-2016_Knowledge.txt,156,https://openalex.org/W1973153585,https://doi.org/10.1007/s11671-009-9375-x,2009,Trioctylphosphine as Both Solvent and Stabilizer to Synthesize CdS Nanorods
snapshot_1,Topic_metal_chalcogenide_anodes_2007-2016_Knowledge.txt,157,https://openalex.org/W2055328183,https://doi.org/10.1007/s12161-013-9649-x,2013,Classification of Green and Black Teas by PCA and SVM Analysis of Cyclic Voltammetric Signals from Metallic Oxide-Modified Electrode
snapshot_1,Topic_metal_chalcogenide_anodes_2007-2016_Knowledge.txt,158,https://openalex.org/W2044937995,https://doi.org/10.3390/s131013744,2013,Development of an Amorphous Selenium-Based Photodetector Driven by a Diamond Cold Cathode
snapshot_1,Topic_metal_chalcogenide_anodes_2007-2016_Knowledge.txt,159,https://openalex.org/W2059453576,https://doi.org/10.3390/inorganics2030468,2014,Microwave Plasma Synthesis of Materials—From Physics and Chemistry to Nanoparticles: A Materials Scientist’s Viewpoint
snapshot_1,Topic_metal_chalcogenide_anodes_2007-2016_Knowledge.txt,160,https://openalex.org/W2135328359,https://doi.org/10.1007/s10008-007-0472-4,2008,Modified carbon-containing electrodes in stripping voltammetry of metals
snapshot_1,Topic_metal_chalcogenide_anodes_2007-2016_Knowledge.txt,161,https://openalex.org/W2114594744,https://doi.org/10.1109/mwsym.2008.4633016,2008,A novel nanoionics-based switch for microwave applications
snapshot_1,Topic_metal_chalcogenide_anodes_2007-2016_Knowledge.txt,162,https://openalex.org/W1575853846,https://doi.org/10.5772/52947,2012,Overview of Membrane Electrode Assembly Preparation Methods for Solid Polymer Electrolyte Electrolyzer
snapshot_1,Topic_metal_chalcogenide_anodes_2007-2016_Knowledge.txt,163,https://openalex.org/W2344019666,https://doi.org/10.1103/physrevx.5.021016,2015,"Design of Semiconducting Tetrahedral<mml:math xmlns:mml=""http://www.w3.org/1998/Math/MathML"" display=""inline""><mml:mrow><mml:msub><mml:mrow><mml:mi>Mn</mml:mi></mml:mrow><mml:mrow><mml:mn>1</mml:mn><mml:mo>−</mml:mo><mml:mi>x</mml:mi></mml:mrow></mml:msub><mml:msub><mml:mrow><mml:mi>Zn</mml:mi></mml:mrow><mml:mrow><mml:mi>x</mml:mi></mml:mrow></mml:msub><mml:mi mathvariant=""normal"">O</mml:mi></mml:mrow></mml:math>Alloys and Their Application to Solar Water Splitting"
snapshot_1,Topic_metal_chalcogenide_anodes_2007-2016_Knowledge.txt,164,https://openalex.org/W2317556153,https://doi.org/10.1007/s10008-016-3185-8,2016,Optimization of boron-doping process of titania nanotubes via electrochemical method toward enhanced photoactivity
snapshot_1,Topic_metal_chalcogenide_anodes_2007-2016_Knowledge.txt,165,https://openalex.org/W1980880575,https://doi.org/10.1007/s11434-011-4730-6,2011,Carbon-nitrogen/graphene composite as metal-free electrocatalyst for the oxygen reduction reaction
snapshot_1,Topic_metal_chalcogenide_anodes_2007-2016_Knowledge.txt,166,https://openalex.org/W2135458668,https://doi.org/10.1155/2015/654840,2015,Electrical Switching in Thin Film Structures Based on Transition Metal Oxides
snapshot_1,Topic_metal_chalcogenide_anodes_2007-2016_Knowledge.txt,167,https://openalex.org/W2101237915,https://doi.org/10.1186/1556-276x-6-165,2011,Quasi-radial growth of metal tube on si nanowires template
snapshot_1,Topic_metal_chalcogenide_anodes_2007-2016_Knowledge.txt,168,https://openalex.org/W2530865166,https://doi.org/10.1021/acsami.6b09888,2016,Fe<sub>3</sub>O<sub>4</sub>@NiFe<sub><i>x</i></sub>O<sub><i>y</i></sub> Nanoparticles with Enhanced Electrocatalytic Properties for Oxygen Evolution in Carbonate Electrolyte
snapshot_1,Topic_metal_chalcogenide_anodes_2007-2016_Knowledge.txt,169,https://openalex.org/W2064887701,https://doi.org/10.1039/c5cc00661a,2015,An in situ vapour phase hydrothermal surface doping approach for fabrication of high performance Co<sub>3</sub>O<sub>4</sub> electrocatalysts with an exceptionally high S-doped active surface
snapshot_1,Topic_metal_chalcogenide_anodes_2007-2016_Knowledge.txt,170,https://openalex.org/W2024142837,https://doi.org/10.3390/coatings4010162,2014,Applications of Oxide Coatings in Photovoltaic Devices
snapshot_1,Topic_metal_chalcogenide_anodes_2007-2016_Knowledge.txt,171,https://openalex.org/W2276529053,https://doi.org/10.1002/ppap.201500187,2016,Low‐Temperature Atmospheric Pressure Plasma Processes for “Green” Third Generation Photovoltaics
snapshot_1,Topic_metal_chalcogenide_anodes_2007-2016_Knowledge.txt,172,https://openalex.org/W2235150300,https://doi.org/10.1039/c5cc09456a,2016,Enhancing electrocatalytic hydrogen evolution by nickel salicylaldimine complexes with alkali metal cations in aqueous media
snapshot_1,Topic_metal_chalcogenide_anodes_2007-2016_Knowledge.txt,173,https://openalex.org/W2000899520,https://doi.org/10.1038/srep03330,2013,Towards Visible Light Hydrogen Generation: Quantum Dot-Sensitization via Efficient Light Harvesting of Hybrid-TiO2
snapshot_1,Topic_metal_chalcogenide_anodes_2007-2016_Knowledge.txt,174,https://openalex.org/W2102573231,https://doi.org/10.1111/jace.12033,2012,Challenges in Ceramic Science: A Report from the Workshop on Emerging Research Areas in Ceramic Science
snapshot_1,Topic_metal_chalcogenide_anodes_2007-2016_Knowledge.txt,175,https://openalex.org/W2503867024,https://doi.org/10.3390/met6080181,2016,Structure and Physical Properties of NiO/Co3O4 Nanoparticles
snapshot_1,Topic_metal_chalcogenide_anodes_2007-2016_Knowledge.txt,176,https://openalex.org/W2345734240,https://doi.org/10.1149/ma2016-03/2/403,2016,Ultrasonic Synthesis and Multi-Scale Model of a Carbon Compartment &amp; Sulfur Composite
snapshot_1,Topic_metal_chalcogenide_anodes_2007-2016_Knowledge.txt,177,https://openalex.org/W1989721211,https://doi.org/10.1039/c5mh00030k,2015,Non-aqueous electrodeposition of functional semiconducting metal chalcogenides: Ge<sub>2</sub>Sb<sub>2</sub>Te<sub>5</sub> phase change memory
snapshot_1,Topic_metal_chalcogenide_anodes_2007-2016_Knowledge.txt,178,https://openalex.org/W2174711004,https://doi.org/10.1039/c5ta07283b,2015,Band gap narrowing of SnS<sub>2</sub>superstructures with improved hydrogen production
snapshot_1,Topic_metal_chalcogenide_anodes_2007-2016_Knowledge.txt,179,https://openalex.org/W2255956470,https://doi.org/10.1063/1.4941062,2016,Hydrogen generation <i>via</i> photoelectrochemical water splitting using chemically exfoliated MoS2 layers
snapshot_1,Topic_metal_chalcogenide_anodes_2007-2016_Knowledge.txt,180,https://openalex.org/W1982572380,https://doi.org/10.2478/mms-2014-0057,2014,Infrared Devices And Techniques (Revision)
snapshot_1,Topic_metal_chalcogenide_anodes_2007-2016_Knowledge.txt,181,https://openalex.org/W1965888859,https://doi.org/10.3390/ma3010401,2010,Synthetic Fabrication of Nanoscale MoS2-Based Transition Metal Sulfides
snapshot_1,Topic_metal_chalcogenide_anodes_2007-2016_Knowledge.txt,182,https://openalex.org/W2056992613,https://doi.org/10.1155/2013/829430,2013,Preparation and Characterization of Nanocrystalline CuS Thin Films for Dye-Sensitized Solar cells
snapshot_1,Topic_metal_chalcogenide_anodes_2007-2016_Knowledge.txt,183,https://openalex.org/W2330073348,https://doi.org/10.1021/acsami.6b00784,2016,"Expanding the Repertoire of Molecular Linkages to Silicon: Si–S, Si–Se, and Si–Te Bonds"
snapshot_1,Topic_metal_chalcogenide_anodes_2007-2016_Knowledge.txt,184,https://openalex.org/W1979071373,https://doi.org/10.1039/c4cp02580f,2014,Field-enhanced bulk conductivity and resistive-switching in Ca-doped BiFeO<sub>3</sub> ceramics
snapshot_1,Topic_metal_chalcogenide_anodes_2007-2016_Knowledge.txt,185,https://openalex.org/W2128322679,https://doi.org/10.3390/s100907947,2010,Recent Trends in Monitoring of European Water Framework Directive Priority Substances Using Micro-Sensors: A 2007–2009 Review
snapshot_1,Topic_metal_chalcogenide_anodes_2007-2016_Knowledge.txt,186,https://openalex.org/W1999990712,https://doi.org/10.2478/s13531-011-0012-y,2011,Microfluidic fuel cell systems
snapshot_1,Topic_metal_chalcogenide_anodes_2007-2016_Knowledge.txt,187,https://openalex.org/W2145112050,https://doi.org/10.1007/s00339-011-6269-4,2011,Intrinsic constrains on thermally-assisted memristive switching
snapshot_1,Topic_metal_chalcogenide_anodes_2007-2016_Knowledge.txt,188,https://openalex.org/W2070514156,https://doi.org/10.1155/2013/174834,2012,High Performance PEM Fuel Cell with Low Platinum Loading at the Cathode Using Magnetron Sputter Deposition
snapshot_1,Topic_metal_chalcogenide_anodes_2007-2016_Knowledge.txt,189,https://openalex.org/W2085383553,https://doi.org/10.1039/c4dt02694b,2014,Niobium(<scp>v</scp>) and tantalum(<scp>v</scp>) halide chalcogenoether complexes – towards single source CVD precursors for ME<sub>2</sub>thin films
snapshot_1,Topic_metal_chalcogenide_anodes_2007-2016_Knowledge.txt,190,https://openalex.org/W1989613172,N/A,2007,Proton exchange membrane fuel cells with chromium nitride nanocrystals as \nelectrocatalysts
snapshot_1,Topic_metal_chalcogenide_anodes_2007-2016_Knowledge.txt,191,https://openalex.org/W2029173756,https://doi.org/10.3390/s130404367,2013,A Solid-Contact Ion Selective Electrode for Copper(II) Using a Succinimide Derivative as Ionophore
snapshot_1,Topic_metal_chalcogenide_anodes_2007-2016_Knowledge.txt,192,https://openalex.org/W2157279937,https://doi.org/10.3389/fchem.2015.00038,2015,Graphene hybrids: synthesis strategies and applications in sensors and sensitized solar cells
snapshot_1,Topic_metal_chalcogenide_anodes_2007-2016_Knowledge.txt,193,https://openalex.org/W2098168008,https://doi.org/10.1039/c4nj01461h,2014,Synthesis of pyrite thin films and transition metal doped pyrite thin films by aerosol-assisted chemical vapour deposition
snapshot_1,Topic_metal_chalcogenide_anodes_2007-2016_Knowledge.txt,194,https://openalex.org/W1984378051,https://doi.org/10.1039/c3nr03014h,2013,Fast and robust infiltration of functional material inside titania nanotube layers: case study of a chalcogenide glass sensitizer
snapshot_1,Topic_metal_chalcogenide_anodes_2007-2016_Knowledge.txt,195,https://openalex.org/W2326521627,https://doi.org/10.15393/j8.art.2013.3002,2013,Oxide Electronics and Vanadium Dioxide Perspective: A Review
snapshot_1,Topic_metal_chalcogenide_anodes_2007-2016_Knowledge.txt,196,https://openalex.org/W1990688594,https://doi.org/10.1103/physrevb.89.064202,2014,"Structure, electronic, and vibrational properties of amorphous<mml:math xmlns:mml=""http://www.w3.org/1998/Math/MathML""><mml:msub><mml:mtext>AsS</mml:mtext><mml:mn>2</mml:mn></mml:msub></mml:math>and<mml:math xmlns:mml=""http://www.w3.org/1998/Math/MathML""><mml:mtext>Ag</mml:mtext><mml:msub><mml:mtext>AsS</mml:mtext><mml:mn>2</mml:mn></mml:msub></mml:math>: Experimentally constrained density functional study"
snapshot_1,Topic_metal_chalcogenide_anodes_2007-2016_Knowledge.txt,197,https://openalex.org/W2127622915,https://doi.org/10.1039/c4cp01566e,2014,Improved efficiency of bulk heterojunction hybrid solar cells by utilizing CdSe quantum dot–graphene nanocomposites
snapshot_1,Topic_metal_chalcogenide_anodes_2007-2016_Knowledge.txt,198,https://openalex.org/W2465559493,https://doi.org/10.1038/srep20397,2016,Iron Pyrite/Titanium Dioxide Photoanode for Extended Near Infrared Light Harvesting in a Photoelectrochemical Cell
snapshot_1,Topic_metal_chalcogenide_anodes_2007-2016_Knowledge.txt,199,https://openalex.org/W2086955396,https://doi.org/10.3389/fenrg.2014.00009,2014,"Effect of Sintering Temperature on Microstructure, Chemical Stability, and Electrical Properties of Transition Metal or Yb-Doped BaZr0.1Ce0.7Y0.1M0.1O3âˆ’Î´ (Mâ€‰=â€‰Fe, Ni, Co, and Yb)"
snapshot_1,Topic_metal_chalcogenide_anodes_2007-2016_Knowledge.txt,200,https://openalex.org/W2076758410,https://doi.org/10.1007/s40097-015-0151-4,2015,Surface passivation by l-arginine and enhanced optical properties of CdS quantum dots co-doped with Nd3+–Li+
snapshot_1,Topic_metal_chalcogenide_anodes_2007-2016_Knowledge.txt,201,https://openalex.org/W2289627033,https://doi.org/10.1002/advs.201500350,2016,Ambient Aqueous Growth of Cu<sub>2</sub>Te Nanostructures with Excellent Electrocatalytic Activity toward Sulfide Redox Shuttles
snapshot_1,Topic_metal_chalcogenide_anodes_2007-2016_Knowledge.txt,202,https://openalex.org/W2553518979,https://doi.org/10.1002/admi.201600755,2016,Combinatorial In Situ Photoelectron Spectroscopy Investigation of Sb<sub>2</sub>Se<sub>3</sub>/ZnS Heterointerfaces
snapshot_1,Topic_metal_chalcogenide_anodes_2007-2016_Knowledge.txt,203,https://openalex.org/W2511299261,https://doi.org/10.1039/c6ra14275c,2016,Solution-processed CdS quantum dots on TiO<sub>2</sub>: light-induced electrochemical properties
snapshot_1,Topic_metal_chalcogenide_anodes_2007-2016_Knowledge.txt,204,https://openalex.org/W2552140478,https://doi.org/10.3390/ma9110921,2016,"Oxygen Evolution at Manganite Perovskite Ruddlesden-Popper Type Particles: Trends of Activity on Structure, Valence and Covalence"
snapshot_1,Topic_metal_chalcogenide_anodes_2007-2016_Knowledge.txt,205,https://openalex.org/W2499858957,https://doi.org/10.1149/2.0091610jes,2016,Experimental and Computational Evaluation of a Sodium-Rich Anti-Perovskite for Solid State Electrolytes
snapshot_1,Topic_metal_chalcogenide_anodes_2007-2016_Knowledge.txt,206,https://openalex.org/W2021761579,https://doi.org/10.3390/ma5050985,2012,Direct Wafer Bonding and Its Application to Waveguide Optical Isolators
snapshot_1,Topic_metal_chalcogenide_anodes_2007-2016_Knowledge.txt,207,https://openalex.org/W2034566388,https://doi.org/10.2320/matertrans.m2013125,2013,Cyclic Voltammetric and Chronoamperometric Deposition of CdS
snapshot_1,Topic_metal_chalcogenide_anodes_2007-2016_Knowledge.txt,208,https://openalex.org/W2079513639,https://doi.org/10.1155/2010/386860,2010,"Structural Properties, Cytotoxicity, and Anti‐Inflammatory Activity of Silver(I) Complexes with tris(p‐tolyl)Phosphine and 5‐Chloro‐2‐Mercaptobenzothiazole"
snapshot_1,Topic_metal_chalcogenide_anodes_2007-2016_Knowledge.txt,209,https://openalex.org/W2224264638,https://doi.org/10.1039/c5ee03165f,2016,"Industrially scalable and cost-effective Mn<sup>2+</sup> doped Zn<sub>x</sub>Cd<sub>1−x</sub>S/ZnS nanocrystals with 70% photoluminescence quantum yield, as efficient down-shifting materials in photovoltaics"
snapshot_1,Topic_metal_chalcogenide_anodes_2007-2016_Knowledge.txt,210,https://openalex.org/W2476649963,https://doi.org/10.3390/ma9070588,2016,Novel Mg-Doped SrMoO3 Perovskites Designed as Anode Materials for Solid Oxide Fuel Cells
snapshot_1,Topic_metal_chalcogenide_anodes_2007-2016_Knowledge.txt,211,https://openalex.org/W2437116728,https://doi.org/10.1038/srep19843,2016,Ultradispersed Nanoarchitecture of LiV3O8 Nanoparticle/Reduced Graphene Oxide with High-Capacity and Long-Life Lithium-Ion Battery Cathodes
snapshot_1,Topic_metal_chalcogenide_anodes_2007-2016_Knowledge.txt,212,https://openalex.org/W2329302212,https://doi.org/10.1039/c6nr00569a,2016,Kinetic factors determining conducting filament formation in solid polymer electrolyte based planar devices
snapshot_1,Topic_metal_chalcogenide_anodes_2007-2016_Knowledge.txt,213,https://openalex.org/W2542595961,https://doi.org/10.1107/s160057671601428x,2016,Versatile electrochemical cell for Li/Na-ion batteries and high-throughput setup for combined <i>operando</i> X-ray diffraction and absorption spectroscopy
snapshot_1,Topic_metal_chalcogenide_anodes_2007-2016_Knowledge.txt,214,https://openalex.org/W2301234759,https://doi.org/10.1063/1.4944432,2016,Space charge limited current mechanism in Bi2S3 nanowires
snapshot_1,Topic_metal_chalcogenide_anodes_2007-2016_Knowledge.txt,215,https://openalex.org/W2232509121,https://doi.org/10.5772/61456,2015,Electrodeposition of Thin Films for Low-cost Solar Cells
snapshot_1,Topic_metal_chalcogenide_anodes_2007-2016_Knowledge.txt,216,https://openalex.org/W2010131615,https://doi.org/10.1155/2014/397681,2014,"The CdS/CdSe/ZnS Photoanode Cosensitized Solar Cells Basedon Pt, CuS, <b>Cu</b><sub><b>2</b></sub><b>S</b>, and PbS Counter Electrodes"
snapshot_1,Topic_metal_chalcogenide_anodes_2007-2016_Knowledge.txt,217,https://openalex.org/W2138628335,https://doi.org/10.5772/57139,2014,Energy Storage: Battery Materials and Architectures at the Nanoscale
snapshot_1,Topic_metal_chalcogenide_anodes_2007-2016_Knowledge.txt,218,https://openalex.org/W2490674227,https://doi.org/10.1515/nuka-2015-0153,2015,Pyrochemical reprocessing of molten salt fast reactor fuel: focus on the reductive extraction step
snapshot_1,Topic_metal_chalcogenide_anodes_2007-2016_Knowledge.txt,219,https://openalex.org/W2024373305,https://doi.org/10.1155/2013/370578,2013,Effect of Pd and Au Sensitization of Bath Deposited Flowerlike TiO<sub>2</sub> Thin Films on CO Sensing and Photocatalytic Properties
snapshot_1,Topic_metal_chalcogenide_anodes_2007-2016_Knowledge.txt,220,https://openalex.org/W2019190633,https://doi.org/10.1007/s11669-010-9791-8,2010,Thermodynamic Description of the Ag-Pb-Te Ternary System
snapshot_1,Topic_metal_chalcogenide_anodes_2007-2016_Knowledge.txt,221,https://openalex.org/W2105402054,https://doi.org/10.3390/s8095466,2008,Mid-Infrared Tunable Resonant Cavity Enhanced Detectors
snapshot_1,Topic_metal_chalcogenide_anodes_2007-2016_Knowledge.txt,222,https://openalex.org/W1989164845,https://doi.org/10.3390/molecules190915075,2014,Are TiO2 Nanotubes Worth Using in Photocatalytic Purification of Air and Water?
snapshot_1,Topic_metal_chalcogenide_anodes_2007-2016_Knowledge.txt,223,https://openalex.org/W2132247876,https://doi.org/10.1351/pac-con-11-11-05,2012,Interface engineering: Boosting the energy conversion efficiencies for nanostructured solar cells
snapshot_1,Topic_metal_chalcogenide_anodes_2007-2016_Knowledge.txt,224,https://openalex.org/W1501757562,https://doi.org/10.1063/1.4926866,2015,Large scale micro-structured optical second harmonic generation response imprinted on glass surface by thermal poling
snapshot_1,Topic_metal_chalcogenide_anodes_2007-2016_Knowledge.txt,225,https://openalex.org/W2163689103,https://doi.org/10.1155/2011/186528,2011,Hydrothermal Synthesis of Sb<sub>2</sub>S<sub>3</sub>Nanorods Using Iodine via Redox Mechanism
snapshot_1,Topic_metal_chalcogenide_anodes_2007-2016_Knowledge.txt,226,https://openalex.org/W2053744831,https://doi.org/10.1371/journal.pone.0102218,2014,Removal Efficiency of Radioactive Cesium and Iodine Ions by a Flow-Type Apparatus Designed for Electrochemically Reduced Water Production
snapshot_1,Topic_metal_chalcogenide_anodes_2007-2016_Knowledge.txt,227,https://openalex.org/W2550881612,https://doi.org/10.3390/ma9110922,2016,"(Bi,Sr) (Fe1−x,Mx)O3−δ (M = Co, Ni and Mn) Cathode Materials with Mixed Electro-Ionic Conductivity"
snapshot_1,Topic_metal_chalcogenide_anodes_2007-2016_Knowledge.txt,228,https://openalex.org/W2315900117,https://doi.org/10.1515/amm-2015-0009,2015,The Voltammetric Analysis of Selenium Electrodeposition from H2SeO3 Solution on Gold Electrode
snapshot_1,Topic_metal_chalcogenide_anodes_2007-2016_Knowledge.txt,229,https://openalex.org/W1743105895,https://doi.org/10.1155/2015/186375,2015,Electrochemical Characterization of Nanoporous Nickel Oxide Thin Films Spray-Deposited onto Indium-Doped Tin Oxide for Solar Conversion Scopes
snapshot_1,Topic_metal_chalcogenide_anodes_2007-2016_Knowledge.txt,230,https://openalex.org/W2041052560,https://doi.org/10.1007/s12274-009-9030-y,2009,Vacancy ordering and lithium insertion in III2VI3 nanowires
snapshot_1,Topic_metal_chalcogenide_anodes_2007-2016_Knowledge.txt,231,https://openalex.org/W2055655368,https://doi.org/10.1038/srep01230,2013,The chemically driven phase transformation in a memristive abacus capable of calculating decimal fractions
snapshot_1,Topic_metal_chalcogenide_anodes_2007-2016_Knowledge.txt,232,https://openalex.org/W2091760493,https://doi.org/10.5539/ep.v3n4p59,2014,Electrodeposition of Aluminum on Cathodes in Ionic Liquid Based Choline Chloride/Urea/ALCL3
snapshot_1,Topic_metal_chalcogenide_anodes_2007-2016_Knowledge.txt,233,https://openalex.org/W2096987212,https://doi.org/10.3390/s8042331,2008,Developments in the Field of Conducting and Non-conducting Polymer Based Potentiometric Membrane Sensors for Ions Over the Past Decade
snapshot_1,Topic_metal_chalcogenide_anodes_2007-2016_Knowledge.txt,234,https://openalex.org/W2134656464,https://doi.org/10.2174/1876531901103010091,2010,Nanowire Joining Methods
snapshot_1,Topic_metal_chalcogenide_anodes_2007-2016_Knowledge.txt,235,https://openalex.org/W2530300262,https://doi.org/10.1002/admi.201600335,2016,Atomic Layer Deposition to Materials for Gas Sensing Applications
snapshot_1,Topic_metal_chalcogenide_anodes_2007-2016_Knowledge.txt,236,https://openalex.org/W2078232149,https://doi.org/10.2478/amm-2014-0147,2014,Microgravimetric Studies of Selenium Electrodeposition Onto Different Substrates
snapshot_1,Topic_metal_chalcogenide_anodes_2007-2016_Knowledge.txt,237,https://openalex.org/W2011478024,https://doi.org/10.1524/ract.2012.1967,2012,Radionuclide behaviour in the near-field of a geological repository for spent nuclear fuel
snapshot_1,Topic_metal_chalcogenide_anodes_2007-2016_Knowledge.txt,238,https://openalex.org/W2338040076,N/A,2011,The mechanisms of the passivation of sulfide minerals in oxidative leaching processes
snapshot_1,Topic_metal_chalcogenide_anodes_2007-2016_Knowledge.txt,239,https://openalex.org/W1497911874,https://doi.org/10.5772/21635,2011,Composite Cathode Material for Li-Ion Batteries Based on LiFePO4 System.
snapshot_1,Topic_metal_chalcogenide_anodes_2007-2016_Knowledge.txt,240,https://openalex.org/W1832479554,https://doi.org/10.1155/2015/494015,2015,"Investigation of an Electrochemical Method for Separation of Copper, Indium, and Gallium from Pretreated CIGS Solar Cell Waste Materials"
snapshot_1,Topic_metal_chalcogenide_anodes_2007-2016_Knowledge.txt,241,https://openalex.org/W2175276167,N/A,2012,"Voltage, Stability and Diffusion Barrier Differences between Sodium-ion and Lithium-ion intercalation Materials"
snapshot_1,Topic_metal_chalcogenide_anodes_2007-2016_Knowledge.txt,242,https://openalex.org/W2043839631,https://doi.org/10.1021/jp103157t,2010,Pore Structure and Interconnectivity of CdS Aerogels and Xerogels by Hyperpolarized Xenon NMR
snapshot_1,Topic_metal_chalcogenide_anodes_2007-2016_Knowledge.txt,243,https://openalex.org/W2028411122,https://doi.org/10.1007/s40243-013-0018-x,2013,Preparation and electrochemical characterization of (100 − x)(0.7Li2S·0.3P2S5)·xLiBr glass–ceramic electrolytes
snapshot_1,Topic_metal_chalcogenide_anodes_2007-2016_Knowledge.txt,244,https://openalex.org/W1999851312,https://doi.org/10.4028/www.scientific.net/nh.1.23,2012,Novel Fork Architectures of Ag&lt;sub&gt;2&lt;/sub&gt;S Nanoparticles Synthesized through &lt;i&gt;In Situ&lt;/i&gt; Self-Assembly inside Chitosan Matrix
snapshot_1,Topic_metal_chalcogenide_anodes_2007-2016_Knowledge.txt,245,https://openalex.org/W2087392338,https://doi.org/10.1038/srep04864,2014,Tailoring self-organized nanostructured morphologies in kilometer-long polymer fiber
snapshot_1,Topic_metal_chalcogenide_anodes_2007-2016_Knowledge.txt,246,https://openalex.org/W2155069062,https://doi.org/10.1186/2193-8865-3-33,2013,A potentiometric solid state copper electrode based on nanostructure polypyrrole conducting polymer film doped with 5-sulfosalicylic acid
snapshot_1,Topic_metal_chalcogenide_anodes_2007-2016_Knowledge.txt,247,https://openalex.org/W2407937798,https://doi.org/10.3390/nano6060097,2016,Improving the Photocurrent in Quantum-Dot-Sensitized Solar Cells by Employing Alloy PbxCd1−xS Quantum Dots as Photosensitizers
snapshot_1,Topic_metal_chalcogenide_anodes_2007-2016_Knowledge.txt,248,https://openalex.org/W2278923786,https://doi.org/10.1155/2016/9520972,2016,Electrochemical Characterization of a New Biodegradable FeMnSi Alloy Coated with Hydroxyapatite-Zirconia by PLD Technique
snapshot_1,Topic_metal_chalcogenide_anodes_2007-2016_Knowledge.txt,249,https://openalex.org/W2155385116,https://doi.org/10.1039/c3nr00716b,2013,Electrically conductive magnetic nanowires using an electrochemical DNA-templating route
snapshot_1,Topic_metal_chalcogenide_anodes_2007-2016_Knowledge.txt,250,https://openalex.org/W2013329398,https://doi.org/10.1155/2012/503839,2011,"An Enthusiastic Glance in to the Visible Responsive Photocatalysts for Energy Production and Pollutant Removal, with Special Emphasis on Titania"
snapshot_1,Topic_metal_chalcogenide_anodes_2007-2016_Knowledge.txt,251,https://openalex.org/W2148749045,https://doi.org/10.1039/c4cp03094j,2014,Coupled organic–inorganic nanostructures (COIN)
snapshot_1,Topic_metal_chalcogenide_anodes_2007-2016_Knowledge.txt,252,https://openalex.org/W1604487609,https://doi.org/10.5772/28529,2012,Optical Fiber Sensors: An Overview
snapshot_1,Topic_metal_chalcogenide_anodes_2007-2016_Knowledge.txt,253,https://openalex.org/W2012927597,https://doi.org/10.1088/0256-307x/25/3/076,2008,Polarity-Free Resistive Switching Characteristics of Cu <sub>x</sub> O Films for Non-volatile Memory Applications
snapshot_1,Topic_metal_chalcogenide_anodes_2007-2016_Knowledge.txt,254,https://openalex.org/W2335865309,https://doi.org/10.1515/amm-2015-0178,2015,Electrowinning Of Tellurium From Acidic Solutions
snapshot_1,Topic_metal_chalcogenide_anodes_2007-2016_Knowledge.txt,255,https://openalex.org/W2048179577,https://doi.org/10.2109/jcersj2.116.1007,2008,Poled glasses and poled fibre devices
snapshot_1,Topic_metal_chalcogenide_anodes_2007-2016_Knowledge.txt,256,https://openalex.org/W2162844302,https://doi.org/10.1155/2014/951297,2014,Electrical Switching in Thin Film Structures Based on Molybdenum Oxides
snapshot_1,Topic_metal_chalcogenide_anodes_2007-2016_Knowledge.txt,257,https://openalex.org/W2081260946,https://doi.org/10.1155/2014/594516,2014,Room-Temperature Voltage Stressing Effects on Resistive Switching of Conductive-Bridging RAM Cells with Cu-Doped SiO<sub><b>2</b></sub>Films
snapshot_1,Topic_metal_chalcogenide_anodes_2007-2016_Knowledge.txt,258,https://openalex.org/W2024289715,https://doi.org/10.1155/2011/907129,2011,Contrast and Synergy between Electrocatalysis and Heterogeneous Catalysis
snapshot_1,Topic_metal_chalcogenide_anodes_2007-2016_Knowledge.txt,259,https://openalex.org/W1968823014,https://doi.org/10.4236/jsemat.2012.22013,2012,Influence of Deposition Time on the Microstructure and Transport Properties of CdO Thin Films Prepared by Chemical Bath Deposition
snapshot_1,Topic_metal_chalcogenide_anodes_2007-2016_Knowledge.txt,260,https://openalex.org/W2058247295,https://doi.org/10.1515/ntrev-2012-0013,2012,Tailoring nanostructured catalysts for electrochemical energy conversion systems
snapshot_1,Topic_metal_chalcogenide_anodes_2007-2016_Knowledge.txt,261,https://openalex.org/W2069450666,https://doi.org/10.1155/2013/713640,2013,A Review on the Fabrication of Polymer‐Based Thermoelectric Materials and Fabrication Methods
snapshot_1,Topic_metal_chalcogenide_anodes_2007-2016_Knowledge.txt,262,https://openalex.org/W2343765877,https://doi.org/10.1364/oe.24.014513,2016,Microresonator Brillouin laser stabilization using a microfabricated rubidium cell
snapshot_1,Topic_metal_chalcogenide_anodes_2007-2016_Knowledge.txt,263,https://openalex.org/W1995746671,https://doi.org/10.4061/2011/830541,2011,Microwave Assisted Synthesis of Osmium Electrocatalysts for the Oxygen Reduction Reaction in the Absence and Presence of Aqueous Methanol
snapshot_1,Topic_metal_chalcogenide_anodes_2007-2016_Knowledge.txt,264,https://openalex.org/W2081651592,https://doi.org/10.1155/2013/685614,2013,Au-TiO<sub>2</sub>Nanocomposites and Efficient Photocatalytic Hydrogen Production under UV-Visible and Visible Light Illuminations: A Comparison of Different Crystalline Forms of TiO<sub>2</sub>
snapshot_1,Topic_metal_chalcogenide_anodes_2007-2016_Knowledge.txt,265,https://openalex.org/W2072630182,https://doi.org/10.2109/jcersj2.122.748,2014,Synthesis and modification of two-dimensional crystalline silicon nanosheets
snapshot_1,Topic_metal_chalcogenide_anodes_2007-2016_Knowledge.txt,266,https://openalex.org/W2061901432,https://doi.org/10.1155/2014/270946,2014,Effective Photodegradation of Methyl Orange Using Fluidized Bed Reactor Loaded with Cross-Linked Chitosan Embedded Nano-CdS Photocatalyst
snapshot_1,Topic_metal_chalcogenide_anodes_2007-2016_Knowledge.txt,267,https://openalex.org/W2559864784,https://doi.org/10.1088/2053-1591/3/12/125017,2016,Synthesis and characterization of nanoparticles of CZTSe by microwave-assited chemical synthesis
snapshot_1,Topic_metal_chalcogenide_anodes_2007-2016_Knowledge.txt,268,https://openalex.org/W2566977481,https://doi.org/10.3389/fmats.2016.00056,2016,Colloidal Magnetic Heterostructured Nanocrystals with Asymmetric Topologies: Seeded-Growth Synthetic Routes and Formation Mechanisms
snapshot_1,Topic_metal_chalcogenide_anodes_2007-2016_Knowledge.txt,269,https://openalex.org/W2524725011,https://doi.org/10.3390/molecules21101318,2016,Growing and Etching MoS2 on Carbon Nanotube Film for Enhanced Electrochemical Performance
snapshot_1,Topic_metal_chalcogenide_anodes_2007-2016_Knowledge.txt,270,https://openalex.org/W2550653164,https://doi.org/10.5772/65092,2016,"Manganese Sulfide (MnS) Nanocrystals: Synthesis, Properties, and Applications"
snapshot_1,Topic_metal_chalcogenide_anodes_2007-2016_Knowledge.txt,271,https://openalex.org/W1992328002,https://doi.org/10.1590/s0103-97332010000100006,2010,CGS based solar cells with In2S3 buffer layer deposited by CBD and coevaporation
snapshot_1,Topic_metal_chalcogenide_anodes_2007-2016_Knowledge.txt,272,https://openalex.org/W2043364407,https://doi.org/10.1155/2014/498540,2014,Hierarchical Structures from Inorganic Nanocrystal Self-Assembly for Photoenergy Utilization
snapshot_1,Topic_metal_chalcogenide_anodes_2007-2016_Knowledge.txt,273,https://openalex.org/W1991286396,https://doi.org/10.1590/s1517-70762008000400002,2008,"Structural analysis and shape-dependent catalytic activity of Au, Pt and Au/Pt nanoparticles"
snapshot_1,Topic_metal_chalcogenide_anodes_2007-2016_Knowledge.txt,274,https://openalex.org/W2146712642,https://doi.org/10.1039/c4dt00185k,2014,"Band gap expansion, shear inversion phase change behaviour and low-voltage induced crystal oscillation in low-dimensional tin selenide crystals"
snapshot_1,Topic_metal_chalcogenide_anodes_2007-2016_Knowledge.txt,275,https://openalex.org/W2022816810,https://doi.org/10.1155/2013/952612,2013,"Temperature Dependent Mechanical Analysis of Chalcogenide (CdS, ZnS) Coated PET Films"
snapshot_1,Topic_metal_chalcogenide_anodes_2007-2016_Knowledge.txt,276,https://openalex.org/W2515859835,https://doi.org/10.3390/app6090250,2016,Local Oxidation Nanolithography on Metallic Transition Metal Dichalcogenides Surfaces
snapshot_1,Topic_metal_chalcogenide_anodes_2007-2016_Knowledge.txt,277,https://openalex.org/W2527828273,https://doi.org/10.3126/njst.v17i1.25054,2016,Synthesis and characterization of ZnTe nanoparticles
snapshot_1,Topic_metal_chalcogenide_anodes_2007-2016_Knowledge.txt,278,https://openalex.org/W2030986121,https://doi.org/10.1186/s40712-014-0018-3,2014,Structural studies of NiTe2 thin films with the influence of amino additives
snapshot_1,Topic_metal_chalcogenide_anodes_2007-2016_Knowledge.txt,279,https://openalex.org/W1554585402,N/A,2009,The effect of particle size on performance of cathode materials of Li-ion batteries
snapshot_1,Topic_metal_chalcogenide_anodes_2007-2016_Knowledge.txt,280,https://openalex.org/W3148874782,N/A,2007,Green Nanotechnology: It's Easier Than You Think
snapshot_1,Topic_metal_chalcogenide_anodes_2007-2016_Knowledge.txt,281,https://openalex.org/W2063796202,https://doi.org/10.1111/j.1551-2916.2012.05289.x,2012,"Electrical Properties of <scp> <scp>Nb</scp> </scp> ‐, <scp> <scp>Ga</scp> </scp> ‐, and <scp> <scp>Y</scp> </scp> ‐Substituted Nanocrystalline Anatase <scp> <scp>TiO</scp> </scp> <sub>2</sub> Prepared by Hydrothermal Synthesis"
snapshot_1,Topic_metal_chalcogenide_anodes_2007-2016_Knowledge.txt,282,https://openalex.org/W2408673467,https://doi.org/10.1039/c6nr01663d,2016,Long-chain amine-templated synthesis of gallium sulfide and gallium selenide nanotubes
snapshot_1,Topic_metal_chalcogenide_anodes_2007-2016_Knowledge.txt,283,https://openalex.org/W2026392071,https://doi.org/10.1002/lpor.200810028,2009,More power to X‐rays: New developments in X‐ray spectroscopy
snapshot_1,Topic_metal_chalcogenide_anodes_2007-2016_Knowledge.txt,284,https://openalex.org/W2560334992,https://doi.org/10.3390/ma9120987,2016,Optoelectronic Properties and the Electrical Stability of Ga-Doped ZnO Thin Films Prepared via Radio Frequency Sputtering
snapshot_1,Topic_metal_chalcogenide_anodes_2007-2016_Knowledge.txt,285,https://openalex.org/W2016048421,https://doi.org/10.5599/jese.2014.0053,2014,Electroanalytical methods in characterization of sulfur species in aqueous environment
snapshot_1,Topic_metal_chalcogenide_anodes_2007-2016_Knowledge.txt,286,https://openalex.org/W1585591206,https://doi.org/10.2174/1874183500801010011,2008,Prediction of Formability in Perovskite-Type Oxides~!2008-08-05~!2008-10-08~!2008-12-05~!
snapshot_1,Topic_metal_chalcogenide_anodes_2007-2016_Knowledge.txt,287,https://openalex.org/W2323155017,https://doi.org/10.1515/htmp-2013-0097,2014,Oxidation Mechanism of Copper Selenide
snapshot_1,Topic_metal_chalcogenide_anodes_2007-2016_Knowledge.txt,288,https://openalex.org/W2099751736,https://doi.org/10.1186/1556-276x-9-631,2014,A composite CdS thin film/TiO2 nanotube structure by ultrafast successive electrochemical deposition toward photovoltaic application
snapshot_1,Topic_metal_chalcogenide_anodes_2007-2016_Knowledge.txt,289,https://openalex.org/W2295832061,https://doi.org/10.3762/bjnano.7.24,2016,Case studies on the formation of chalcogenide self-assembled monolayers on surfaces and dissociative processes
snapshot_1,Topic_metal_chalcogenide_anodes_2007-2016_Knowledge.txt,290,https://openalex.org/W1570616031,https://doi.org/10.5772/19060,2011,"One-Dimensional Crystals inside Single-Walled Carbon Nanotubes: Growth, Structure and Electronic Properties"
snapshot_1,Topic_metal_chalcogenide_anodes_2007-2016_Knowledge.txt,291,https://openalex.org/W4211192127,https://doi.org/10.2172/1818064,2015,Closed Fuel Cycle Waste Treatment Strategy
snapshot_1,Topic_metal_chalcogenide_anodes_2007-2016_Knowledge.txt,292,https://openalex.org/W2036338399,https://doi.org/10.1155/2014/891395,2014,Hybrid Materials for Integrated Photonics
snapshot_1,Topic_metal_chalcogenide_anodes_2007-2016_Knowledge.txt,293,https://openalex.org/W2548845765,https://doi.org/10.1039/c6ra23065b,2016,On the agent role of Mn<sup>2+</sup> in redirecting the synthesis of Zn(OH)<sub>2</sub> towards nano-ZnO with variable morphology
snapshot_1,Topic_metal_chalcogenide_anodes_2007-2016_Knowledge.txt,294,https://openalex.org/W2168778780,https://doi.org/10.3390/s8084560,2008,Anodic Voltammetry of Thioacetamide and its Amperometric Determination in Aqueous Media
snapshot_1,Topic_metal_chalcogenide_anodes_2007-2016_Knowledge.txt,295,https://openalex.org/W2133561297,https://doi.org/10.1351/pac-con-09-08-10,2010,"Anodic oxidation of m-terphenyl thio-, seleno- and telluroethers: Lowered oxidation potentials due to chalcogen···π interaction"
snapshot_1,Topic_metal_chalcogenide_anodes_2007-2016_Knowledge.txt,296,https://openalex.org/W2126011163,https://doi.org/10.3390/ma7096377,2014,"Ultrathin Ferroelectric Films: Growth, Characterization, Physics and Applications"
snapshot_1,Topic_metal_chalcogenide_anodes_2007-2016_Knowledge.txt,297,https://openalex.org/W2209011153,https://doi.org/10.3390/s151229888,2015,Mechanism of Electrochemical Delamination of Two-Dimensional Materials from Their Native Substrates by Bubbling
snapshot_1,Topic_metal_chalcogenide_anodes_2007-2016_Knowledge.txt,298,https://openalex.org/W2517314938,https://doi.org/10.5772/63947,2016,Two‐Dimensional Transition Metal Dichalcogenides for Electrocatalytic Energy Conversion Applications
snapshot_1,Topic_metal_chalcogenide_anodes_2007-2016_Knowledge.txt,299,https://openalex.org/W2331618936,https://doi.org/10.3389/fenrg.2016.00010,2016,Experimental and Computational Approaches to Interfacial Resistance in Solid-State Batteries
snapshot_1,Topic_metal_chalcogenide_anodes_2007-2016_Knowledge.txt,300,https://openalex.org/W2019781267,https://doi.org/10.1007/s40820-014-0028-y,2015,The Electrochemical Behavior of Au/AuNPs/PNA/ZnSe-QD/ACA Electrode Towards CySH Oxidation
snapshot_1,Topic_metal_chalcogenide_anodes_2007-2016_Knowledge.txt,301,https://openalex.org/W2131413390,https://doi.org/10.1039/c2dt30741c,2012,Photophysical studies of CdTe quantum dots in the presence of a zinc cationic porphyrin
snapshot_1,Topic_metal_chalcogenide_anodes_2007-2016_Knowledge.txt,302,https://openalex.org/W2357693357,https://doi.org/10.1149/ma2015-01/10/934,2015,(Photo)Electrochemically Prepared Organic/Inorganic Hybrid Assemblies for Energy Conversion and Storage
snapshot_1,Topic_metal_chalcogenide_anodes_2007-2016_Knowledge.txt,303,https://openalex.org/W2336688305,https://doi.org/10.15407/spqeo19.01.098,2016,Electronic structure of 2H-SnSe2: ab initio modeling and comparison with experiment
snapshot_1,Topic_metal_chalcogenide_anodes_2007-2016_Knowledge.txt,304,https://openalex.org/W2469605338,https://doi.org/10.21127/yaoyigc20160002,2016,&amp;nbsp;
snapshot_1,Topic_metal_chalcogenide_anodes_2007-2016_Knowledge.txt,305,https://openalex.org/W2161849602,https://doi.org/10.1186/1556-276x-7-365,2012,Luminescence behavior of silicon and carbon nanoparticles dispersed in low-polar liquids
snapshot_1,Topic_metal_chalcogenide_anodes_2007-2016_Knowledge.txt,306,https://openalex.org/W4237859620,https://doi.org/10.21275/v4i12.nov152475,2015,Effect of Manganese Percentage Doping on Thickness and Conductivity of Zinc Sulphidenanofilms Prepared by Electrodeposition Method
snapshot_1,Topic_metal_chalcogenide_anodes_2007-2016_Knowledge.txt,307,https://openalex.org/W2131013311,https://doi.org/10.15226/2374-8141/1/1/00104,2013,Polymer Nanocomposites and Cr(VI) Removal from Water
snapshot_1,Topic_metal_chalcogenide_anodes_2007-2016_Knowledge.txt,308,https://openalex.org/W2527255836,https://doi.org/10.1155/2016/6201546,2016,Three-Dimensional Zn<sub>0.5</sub>Cd<sub>0.5</sub>S/Reduced Graphene Oxide Hybrid Aerogel: Facile Synthesis and the Visible-Light-Driven Photocatalytic Property for Reduction of Cr(VI) in Water
snapshot_1,Topic_metal_chalcogenide_anodes_2007-2016_Knowledge.txt,309,https://openalex.org/W113704240,https://doi.org/10.54014/8vd8-ypkd,2012,"Al/CuxO/Cu memristive devices : fabrication, characterization, and modeling"
snapshot_1,Topic_metal_chalcogenide_anodes_2007-2016_Knowledge.txt,310,https://openalex.org/W2145344854,https://doi.org/10.1590/s0103-50532010000400003,2010,Pt-Cu/C and Pd Modified Pt-Cu/C electrocatalysts for the oxygen reduction reaction in direct methanol fuel cells
snapshot_1,Topic_metal_chalcogenide_anodes_2007-2016_Knowledge.txt,311,https://openalex.org/W1522592850,https://doi.org/10.5772/59103,2014,Light-Emitting Devices – Luminescence from Low-Dimensional Nanostructures
snapshot_1,Topic_metal_chalcogenide_anodes_2007-2016_Knowledge.txt,312,https://openalex.org/W2013696203,https://doi.org/10.1155/2014/302159,2014,Optimization of the Electrodeposition Parameters to Improve the Stoichiometry of In<sub>2</sub>S<sub>3</sub> Films for Solar Applications Using the Taguchi Method
snapshot_1,Topic_metal_chalcogenide_anodes_2007-2016_Knowledge.txt,313,https://openalex.org/W2507468808,https://doi.org/10.5772/63916,2016,Graphene against Other Two‐Dimensional Materials: A Comparative Study on the Basis of Electronic Applications
snapshot_1,Topic_metal_chalcogenide_anodes_2007-2016_Knowledge.txt,314,https://openalex.org/W2076739924,https://doi.org/10.1145/2579671,2014,Endurance-aware cache line management for non-volatile caches
snapshot_1,Topic_metal_chalcogenide_anodes_2007-2016_Knowledge.txt,315,https://openalex.org/W1523481008,https://doi.org/10.5772/8146,2010,Nanofiber Reinforced Composite Polymer Electrolyte Membranes
snapshot_1,Topic_metal_chalcogenide_anodes_2007-2016_Knowledge.txt,316,https://openalex.org/W2015866972,https://doi.org/10.1109/jeds.2015.2412937,2015,Nonvolatile Electrochemical Metallization Memory Based on Nanocrystalline La&lt;sub&gt;2&lt;/sub&gt;O&lt;sub&gt;3&lt;/sub&gt; Solid Electrolyte Thin Film
snapshot_1,Topic_metal_chalcogenide_anodes_2007-2016_Knowledge.txt,317,https://openalex.org/W2104136632,https://doi.org/10.4067/s0717-97072013000200017,2013,SYNTHESIS OF NOVEL HIGHLY POROUS CuS GOLF BALLS BY HYDROTHERMAL METHOD AND THEIR APPLICATION IN AMMONIA GAS SENSING
snapshot_1,Topic_metal_chalcogenide_anodes_2007-2016_Knowledge.txt,318,https://openalex.org/W2327821027,https://doi.org/10.1515/amm-2015-0015,2015,Electrochemical Studies of Lead Telluride Behavior in Acidic Nitrate Solutions
snapshot_1,Topic_metal_chalcogenide_anodes_2007-2016_Knowledge.txt,319,https://openalex.org/W2111156885,https://doi.org/10.1155/2012/586526,2012,"MWCNT‐Based Ag<sub>2</sub>S‐TiO<sub>2</sub> Nanocomposites Photocatalyst: Ultrasound‐Assisted Synthesis, Characterization, and Enhanced Catalytic Efficiency"
snapshot_1,Topic_metal_chalcogenide_anodes_2007-2016_Knowledge.txt,320,https://openalex.org/W1647240075,https://doi.org/10.17760/d20000127,2010,Investigations of oxygen reduction reactions in non-aqueous electrolytes and the lithium-air battery
snapshot_1,Topic_metal_chalcogenide_anodes_2007-2016_Knowledge.txt,321,https://openalex.org/W2347122892,https://doi.org/10.32657/10356/66927,2016,"Synthesis, assembly and applications of novel two-dimensional metal chalcogenide nanomaterials"
snapshot_1,Topic_metal_chalcogenide_anodes_2007-2016_Knowledge.txt,322,https://openalex.org/W2097337982,https://doi.org/10.5012/bkcs.2014.35.10.2895,2014,Improved Performance of CdS/CdTe Quantum Dot-Sensitized Solar Cells Incorporating Single-Walled Carbon Nanotubes
snapshot_1,Topic_metal_chalcogenide_anodes_2007-2016_Knowledge.txt,323,https://openalex.org/W2024578793,https://doi.org/10.5012/bkcs.2010.31.11.3145,2010,Polyol Synthesis of Ruthenium Selenide Catalysts for Oxygen Reduction Reaction
snapshot_1,Topic_metal_chalcogenide_anodes_2007-2016_Knowledge.txt,324,https://openalex.org/W2078491687,https://doi.org/10.4314/ijest.v3i1.67647,2011,Electrodeposition route to synthesize cigs films – an economical way to harness solar energy
snapshot_1,Topic_metal_chalcogenide_anodes_2007-2016_Knowledge.txt,325,https://openalex.org/W2562605630,https://doi.org/10.5445/ir/1000045310,2015,Mechanisms of Dendrite Growth in Lithium Metal Batteries
snapshot_1,Topic_metal_chalcogenide_anodes_2007-2016_Knowledge.txt,326,https://openalex.org/W2034027004,https://doi.org/10.1002/pssb.200879549,2008,Laudatio for Professor Helmut Tributsch
snapshot_1,Topic_metal_chalcogenide_anodes_2007-2016_Knowledge.txt,327,https://openalex.org/W2484224609,https://doi.org/10.1063/1.4960690,2016,On the origin of resistive switching volatility in Ni/TiO2/Ni stacks
snapshot_1,Topic_metal_chalcogenide_anodes_2007-2016_Knowledge.txt,328,https://openalex.org/W2038132154,https://doi.org/10.1380/ejssnt.2012.578,2012,Deposition of Nanofilms inside a Polymer Template:Formation of Metal Nanotubes
snapshot_1,Topic_metal_chalcogenide_anodes_2007-2016_Knowledge.txt,329,https://openalex.org/W2951149466,https://doi.org/10.2533/chimia.2013.316,2013,Chemical Design of Nanocrystal Solids
snapshot_1,Topic_metal_chalcogenide_anodes_2007-2016_Knowledge.txt,330,https://openalex.org/W4240579347,https://doi.org/10.5772/19286,2011,Non-Volatile Memory Devices Based on Chalcogenide Materials
snapshot_1,Topic_metal_chalcogenide_anodes_2007-2016_Knowledge.txt,331,https://openalex.org/W2334147061,https://doi.org/10.1021/cm504433y,2015,Au-Assisted Growth of Anisotropic and Epitaxial CdSe Colloidal Nanocrystals via in Situ Dismantling of Quantum Dots
snapshot_1,Topic_metal_chalcogenide_anodes_2007-2016_Knowledge.txt,332,https://openalex.org/W2491069074,https://doi.org/10.4172/2167-7662.1000221,2016,Synthesis and Physicochemical Properties of Two-Dimensional Gallium Sulfide Crystals
snapshot_1,Topic_metal_chalcogenide_anodes_2007-2016_Knowledge.txt,333,https://openalex.org/W1822461765,https://doi.org/10.1155/2015/362152,2015,"Generalized Synthesis of <i>E</i>As [<i>E</i> = Fe, Co, Mn, Cr] Nanostructures and Investigating Their Morphology Evolution"
snapshot_1,Topic_metal_chalcogenide_anodes_2007-2016_Knowledge.txt,334,https://openalex.org/W2603338289,N/A,2011,A study of tellurite glasses for electro-optic optical fibre devices.
snapshot_1,Topic_metal_chalcogenide_anodes_2007-2016_Knowledge.txt,335,https://openalex.org/W1757888112,https://doi.org/10.1063/1.4927006,2015,Reversible migration of silver on memorized pathways in Ag-Ge40S60 films
snapshot_1,Topic_metal_chalcogenide_anodes_2007-2016_Knowledge.txt,336,https://openalex.org/W2523781721,https://doi.org/10.3144/expresspolymlett.2016.92,2016,Fluorescence detection system based on silicon quantum dots–polysilane nanocomposites
snapshot_1,Topic_metal_chalcogenide_anodes_2007-2016_Knowledge.txt,337,https://openalex.org/W2587205404,https://doi.org/10.15436/2377-1372.16.1114,2016,STRUCTURE AND PROPERTIES OF AG2S/AG SEMICONDUCTOR/METAL HETERONANOSTRUCTURE
snapshot_1,Topic_metal_chalcogenide_anodes_2007-2016_Knowledge.txt,338,https://openalex.org/W2165660742,https://doi.org/10.3390/ma3031640,2010,New Development in the Preparation of Micro/Nano-Wires of Molecular (Magnetic) Conductors
snapshot_1,Topic_metal_chalcogenide_anodes_2007-2016_Knowledge.txt,339,https://openalex.org/W1593999828,https://doi.org/10.5772/39007,2012,"Electrochemical Cells with the Liquid Electrolyte in the Study of Semiconductor, Metallic and Oxide Systems"
snapshot_1,Topic_metal_chalcogenide_anodes_2007-2016_Knowledge.txt,340,https://openalex.org/W2332937680,https://doi.org/10.1360/032011-847,2012,Current status of vehicle fuel cells and electrocatalysis
snapshot_1,Topic_metal_chalcogenide_anodes_2007-2016_Knowledge.txt,341,https://openalex.org/W2059946107,https://doi.org/10.2533/chimia.2015.30,2015,Artificial Photosynthesis with Semiconductor–Liquid Junctions
snapshot_1,Topic_metal_chalcogenide_anodes_2007-2016_Knowledge.txt,342,https://openalex.org/W1833185184,https://doi.org/10.1002/andp.201300016,2013,ZnS:Cr and ZnSe:Cr thin‐film waveguide structures as electrically pumped laser media with an impact excitation mechanism
snapshot_1,Topic_metal_chalcogenide_anodes_2007-2016_Knowledge.txt,343,https://openalex.org/W2157370093,https://doi.org/10.5012/bkcs.2010.31.8.2185,2010,Photoelectrochemical Cell Study on Closely Arranged Vertical Nanorod Bundles of CdSe and Zn doped CdSe Films
snapshot_1,Topic_metal_chalcogenide_anodes_2007-2016_Knowledge.txt,344,https://openalex.org/W2109702865,https://doi.org/10.1186/1556-276x-9-488,2014,"Silver(I)-directed growth of metal-organic complex nanocrystals with bidentate ligands of hydroquinine anthraquinone-1,4-diyl diethers as linkers at the water-chloroform interface"
snapshot_1,Topic_metal_chalcogenide_anodes_2007-2016_Knowledge.txt,345,https://openalex.org/W2331534208,https://doi.org/10.1515/pjct-2015-0074,2015,Reduced graphene oxide and inorganic nanoparticles composites – synthesis and characterization
snapshot_1,Topic_metal_chalcogenide_anodes_2007-2016_Knowledge.txt,346,https://openalex.org/W2571225779,https://doi.org/10.15781/t2b853k34,2016,Studies of potential anode materials for lithium-ion batteries
snapshot_1,Topic_metal_chalcogenide_anodes_2007-2016_Knowledge.txt,347,https://openalex.org/W2270648201,https://doi.org/10.4236/msce.2015.310001,2015,"The Investigation of Microstructure and the X-Ray Phase Analysis of Re-X Alloys (X = S, Se, Te)"
snapshot_1,Topic_metal_chalcogenide_anodes_2007-2016_Knowledge.txt,348,https://openalex.org/W2121518736,https://doi.org/10.1117/1.jpe.5.050997,2015,The role of photonics in energy
snapshot_1,Topic_metal_chalcogenide_anodes_2007-2016_Knowledge.txt,349,https://openalex.org/W2180036443,https://doi.org/10.1063/1.4936349,2015,Unipolar resistive switching in metal oxide/organic semiconductor non-volatile memories as a critical phenomenon
snapshot_1,Topic_metal_chalcogenide_anodes_2007-2016_Knowledge.txt,350,https://openalex.org/W2017607551,https://doi.org/10.1016/s1464-2859(09)70133-6,2009,Canada–USA PEM Fuel Cell Network Research Workshop: Report
snapshot_1,Topic_metal_chalcogenide_anodes_2007-2016_Knowledge.txt,351,https://openalex.org/W1737708424,https://doi.org/10.3390/molecules200814386,2015,Synergy of Cobalt and Silver Microparticles Electrodeposited on Glassy Carbon for the Electrocatalysis of the Oxygen Reduction Reaction: An Electrochemical Investigation
snapshot_1,Topic_metal_chalcogenide_anodes_2007-2016_Knowledge.txt,352,https://openalex.org/W1562063691,https://doi.org/10.1155/2015/109734,2015,Synthesis of Co‐Doped CdS Nanocrystals by Direct Thermolysis of Cadmium and Cobalt Thiolate Clusters
snapshot_1,Topic_metal_chalcogenide_anodes_2007-2016_Knowledge.txt,353,https://openalex.org/W2072140771,https://doi.org/10.1155/2014/179289,2014,Doped Heterojunction Used in Quantum Dot Sensitized Solar Cell
snapshot_1,Topic_metal_chalcogenide_anodes_2007-2016_Knowledge.txt,354,https://openalex.org/W1723320767,https://doi.org/10.1002/ejic.201500355,2015,<i>N</i>‐Derivatives of <i>peri</i>‐Substituted Dichalcogenide [FeFe]‐Hydrogenase Mimics: Towards Photocatalytic Dyads for Hydrogen Production
snapshot_1,Topic_metal_chalcogenide_anodes_2007-2016_Knowledge.txt,355,https://openalex.org/W1540622565,https://doi.org/10.1524/rcpr.2011.0031,2011,"Separation of Am(III), Cm(III), and Cf(III) using capillary electrophoresis"
snapshot_1,Topic_metal_chalcogenide_anodes_2007-2016_Knowledge.txt,356,https://openalex.org/W2619498251,https://doi.org/10.15781/t2xw4823k,2016,"Electrodeposition of metals, chalcogenides, and metal chalcogenides from ionic liquids"
snapshot_1,Topic_metal_chalcogenide_anodes_2007-2016_Knowledge.txt,357,https://openalex.org/W2520571244,https://doi.org/10.1039/c6dt02979e,2016,"Niobium tetrachloride complexes with thio-, seleno- and telluro-ether coordination – synthesis and structures"
snapshot_1,Topic_metal_chalcogenide_anodes_2007-2016_Knowledge.txt,358,https://openalex.org/W1992727809,https://doi.org/10.2478/mesbi-2013-0001,2013,Celecoxib confinement within mesoporous silicon for enhanced oral bioavailability
snapshot_1,Topic_metal_chalcogenide_anodes_2007-2016_Knowledge.txt,359,https://openalex.org/W2929763076,https://doi.org/10.31438/trf.hh2016.50,2016,SOLID STATE ELECTROCHEMICAL ALKALI SOURCES FOR COLD ATOM SENSING
snapshot_1,Topic_metal_chalcogenide_anodes_2007-2016_Knowledge.txt,360,https://openalex.org/W1983348184,https://doi.org/10.1063/1.4907867,2015,Photoconductive properties of Bi2S3 nanowires
snapshot_1,Topic_metal_chalcogenide_anodes_2007-2016_Knowledge.txt,361,https://openalex.org/W2329775883,https://doi.org/10.15393/j8.art.2013.3005,2013,Switching Effects and Metal−Insulator Transition in Manganese Oxide
snapshot_1,Topic_metal_chalcogenide_anodes_2007-2016_Knowledge.txt,362,https://openalex.org/W2484809657,https://doi.org/10.1007/s40097-016-0202-5,2016,Electrochemical synthesis and optical properties of ultra-fine CdSe nanoparticles
snapshot_1,Topic_metal_chalcogenide_anodes_2007-2016_Knowledge.txt,363,https://openalex.org/W1536382540,https://doi.org/10.5772/21589,2011,Field Emission from Nanowires
snapshot_1,Topic_metal_chalcogenide_anodes_2007-2016_Knowledge.txt,364,https://openalex.org/W1830220629,https://doi.org/10.24297/jac.v7i3.2373,2011,Electrochemical Behavior of Selenium as Part of Composite Electrode in Sulfuric Acid Medium
snapshot_1,Topic_metal_chalcogenide_anodes_2007-2016_Knowledge.txt,365,https://openalex.org/W2637365961,N/A,2011,Carbon paste electrodes in potentiometry: the state of the art and applications in modern electroanalysis (a review)
snapshot_1,Topic_metal_chalcogenide_anodes_2007-2016_Knowledge.txt,366,https://openalex.org/W15483858,https://doi.org/10.1116/1.3653275,2011,Review Article: Rare-earth monosulfides as durable and efficient cold cathodes
snapshot_1,Topic_metal_chalcogenide_anodes_2007-2016_Knowledge.txt,367,https://openalex.org/W2030202309,https://doi.org/10.4236/ajac.2010.12010,2010,Application of H-Point Standard Addition Method and Multivariate Calibration Methods to the Simultaneous Kinetic-Potentiometric Determination of Cerium(IV) and Dichoromate
snapshot_1,Topic_metal_chalcogenide_anodes_2007-2016_Knowledge.txt,368,https://openalex.org/W2524709408,https://doi.org/10.3390/met6100233,2016,The Evolution of Microstructures and the Properties of Bulk Metallic Glass with Consubstantial Composition Laser Welding
snapshot_1,Topic_metal_chalcogenide_anodes_2007-2016_Knowledge.txt,369,https://openalex.org/W2337277651,https://doi.org/10.5772/62238,2016,Components of Natural Photosynthetic Apparatus in Solar Cells
snapshot_1,Topic_metal_chalcogenide_anodes_2007-2016_Knowledge.txt,370,https://openalex.org/W1969532320,https://doi.org/10.1155/2014/342132,2014,Electronic Structure and Optical Properties of N/Si-Codoped Anatase TiO<sub><b>2</b></sub>Evaluated Using First Principles Calculations
snapshot_1,Topic_metal_chalcogenide_anodes_2007-2016_Knowledge.txt,371,https://openalex.org/W2356280487,https://doi.org/10.1002/poc.3568,2016,Electrochemical and computational study of the initiation step in the photoinduced electron transfer reaction between sulphur and selenide nucleophiles toward 1‐bromonaphthalene
snapshot_1,Topic_metal_chalcogenide_anodes_2007-2016_Knowledge.txt,372,https://openalex.org/W14296137,N/A,2010,EFFECT OF IMPURITIES ON PERFORMANCE OF PROTON EXCHANGE MEMBRANE FUEL CELL COMPONENTS
snapshot_1,Topic_metal_chalcogenide_anodes_2007-2016_Knowledge.txt,373,https://openalex.org/W1501542533,https://doi.org/10.5772/21452,2011,Comparative Study of Dye-Sensitized Solar Cell Based on ZnO and TiO2 Nanostructures
snapshot_1,Topic_metal_chalcogenide_anodes_2007-2016_Knowledge.txt,374,https://openalex.org/W2625538838,N/A,2016,Electrolysis of a molten semiconductor
snapshot_1,Topic_metal_chalcogenide_anodes_2007-2016_Knowledge.txt,375,https://openalex.org/W1528849384,N/A,2011,Anisotropic Thermal Property Measurement of Carbon-fiber/Epoxy Composite Materials
snapshot_1,Topic_metal_chalcogenide_anodes_2007-2016_Knowledge.txt,376,https://openalex.org/W2135426643,https://doi.org/10.1039/c4dt01941e,2014,Facile synthesis of phosphine free ultra-small PbSe nanocrystals and their light harvesting studies in ETA solar cells
snapshot_1,Topic_metal_chalcogenide_anodes_2007-2016_Knowledge.txt,377,https://openalex.org/W2531567425,N/A,2014,Corrosion Mechanisms of Mild Steel in Weak Acids
snapshot_1,Topic_metal_chalcogenide_anodes_2007-2016_Knowledge.txt,378,https://openalex.org/W2563894692,https://doi.org/10.17265/2161-6213/2016.5-6.002,2016,Influence of Ag Doping on Physico-Chemical Properties of the Ge28Sb12Se60 Chalcogenide Glassy Matrix
snapshot_1,Topic_metal_chalcogenide_anodes_2007-2016_Knowledge.txt,379,https://openalex.org/W2277327004,N/A,2015,Manufacturing novel fibre
snapshot_1,Topic_metal_chalcogenide_anodes_2007-2016_Knowledge.txt,380,https://openalex.org/W2411116195,https://doi.org/10.1590/1516-1439.361514,2015,Pechini Synthesis of Nanostructured Li1.05M0.02Mn1.98O4 (M = Al3+ or Ga3+)
snapshot_1,Topic_metal_chalcogenide_anodes_2007-2016_Knowledge.txt,381,https://openalex.org/W2317811206,https://doi.org/10.1515/pac-2013-1203,2014,Light harvester band gap engineering in excitonic solar cells: A case study on semiconducting quantum dots sensitized rainbow solar cells
snapshot_1,Topic_metal_chalcogenide_anodes_2007-2016_Knowledge.txt,382,https://openalex.org/W280660226,N/A,2012,Experimental and Simulation Study of Resistive Switches for Memory Applications
snapshot_1,Topic_metal_chalcogenide_anodes_2007-2016_Knowledge.txt,383,https://openalex.org/W2320136176,N/A,2013,Inkjet-printed Light-emitting Devices: Applying Inkjet Microfabrication to Multilayer Electronics
snapshot_1,Topic_metal_chalcogenide_anodes_2007-2016_Knowledge.txt,384,https://openalex.org/W2289586374,N/A,2015,An electrochemical investigation of platinum group minerals
snapshot_1,Topic_metal_chalcogenide_anodes_2007-2016_Knowledge.txt,385,https://openalex.org/W191628483,N/A,2012,Characterization and optimization of solution-derived chalcogenide glass thin films
snapshot_1,Topic_metal_chalcogenide_anodes_2007-2016_Knowledge.txt,386,https://openalex.org/W2356047645,N/A,2007,Research of Electronic Tongue Integrated MEA with LAPS for Environmental Monitoring
snapshot_1,Topic_metal_chalcogenide_anodes_2007-2016_Knowledge.txt,387,https://openalex.org/W2188355586,N/A,2008,PP053 USING THIOUREA AS SOURCE FOR ELECTRO- CHEMICAL GENERATION OF METAL SULFIDES
snapshot_1,Topic_metal_chalcogenide_anodes_2007-2016_Knowledge.txt,388,https://openalex.org/W1606158601,https://doi.org/10.5772/48290,2012,Injection and Optical Spectroscopy of Localized States in II-VI Semiconductor Films
snapshot_1,Topic_metal_chalcogenide_anodes_2007-2016_Knowledge.txt,389,https://openalex.org/W4233378440,https://doi.org/10.1186/preaccept-9047619127147283,2014,Use of titanium dioxide nanoparticles biosynthesized by
snapshot_1,Topic_metal_chalcogenide_anodes_2007-2016_Knowledge.txt,390,https://openalex.org/W560690502,https://doi.org/10.3384/lic.diva-111128,2014,Synthesis and Characterization of 2D Nanocrystals and Thin Films of Transition Metal Carbides (MXenes)
snapshot_1,Topic_metal_chalcogenide_anodes_2007-2016_Knowledge.txt,391,https://openalex.org/W1554004626,https://doi.org/10.5772/34346,2012,Optical Fiber Interferometers and Their Applications
snapshot_1,Topic_metal_chalcogenide_anodes_2007-2016_Knowledge.txt,392,https://openalex.org/W2047449424,https://doi.org/10.4028/www.scientific.net/amr.71-73.541,2009,"Today’s Wastes, Tomorrow’s Materials for Environmental Protection"
snapshot_1,Topic_metal_chalcogenide_anodes_2007-2016_Knowledge.txt,393,https://openalex.org/W2412286780,https://doi.org/10.4314/bajopas.v8i2.11,2016,Growth techniques used to develop CDS/CDTE thin film solar cells: a review
snapshot_1,Topic_metal_chalcogenide_anodes_2007-2016_Knowledge.txt,394,https://openalex.org/W182790693,N/A,2014,Nanoscale Memristive Devices For Memory And Logic Applications
snapshot_1,Topic_metal_chalcogenide_anodes_2007-2016_Knowledge.txt,395,https://openalex.org/W3139264491,https://doi.org/10.15541/jim20140617,2015,Application and Development of Hybrid Perovskite Materials in the Field of Solar Cells
snapshot_1,Topic_metal_chalcogenide_anodes_2007-2016_Knowledge.txt,396,https://openalex.org/W2065822694,https://doi.org/10.1524/zkri.2007.222.7.356,2007,A detailed study of the variation in lattice parameter and structure with temperature and dilution in yttrium-substituted holmium hexachloro-elpasolite Cs<sub>2</sub>NaY<i> <sub>x</sub> </i>Ho<sub>1–<i>x</i> </sub>Cl<sub>6</sub>
snapshot_1,Topic_metal_chalcogenide_anodes_2007-2016_Knowledge.txt,397,https://openalex.org/W4246967291,https://doi.org/10.1016/s0026-0657(13)70225-x,2013,Graphene 3D project approved
snapshot_1,Topic_metal_chalcogenide_anodes_2007-2016_Knowledge.txt,398,https://openalex.org/W2344216262,N/A,2015,Investigation of molten salt electrolytes for low-temperature liquid metal batteries
snapshot_1,Topic_metal_chalcogenide_anodes_2007-2016_Knowledge.txt,399,https://openalex.org/W1493263427,https://doi.org/10.5772/14868,2011,Advances in Thermoelectric Energy Conversion Nanocomposites
snapshot_1,Topic_metal_chalcogenide_anodes_2007-2016_Knowledge.txt,400,https://openalex.org/W2051295306,https://doi.org/10.4236/ojinm.2015.52004,2015,Electronic Structure of Sodium Thiogermanate
snapshot_1,Topic_metal_chalcogenide_anodes_2007-2016_Knowledge.txt,401,https://openalex.org/W2049297534,https://doi.org/10.2174/1874396x01307010035,2013,"Mass Spectrometric Study of Stability, Thermochemistry and Structures of the Gaseous Oxyacid Salts"
snapshot_1,Topic_metal_chalcogenide_anodes_2007-2016_Knowledge.txt,402,https://openalex.org/W2114948738,https://doi.org/10.1039/c5ta00471c,2015,Low-activated Li-ion mobility and metal to semiconductor transition in CdP<sub>2</sub>@Li phases
snapshot_1,Topic_metal_chalcogenide_anodes_2007-2016_Knowledge.txt,403,https://openalex.org/W2048680826,https://doi.org/10.4236/msa.2012.310105,2012,Photoelectrochemical Studies at CdS/PTTh Nanoparticles Interfaces
snapshot_1,Topic_metal_chalcogenide_anodes_2007-2016_Knowledge.txt,404,https://openalex.org/W2436024783,https://doi.org/10.1116/1.4953549,2016,"Bulk crystal growth and surface preparation of NiSb, MnSb, and NiMnSb"
snapshot_1,Topic_metal_chalcogenide_anodes_2007-2016_Knowledge.txt,405,https://openalex.org/W2310353367,https://doi.org/10.17760/d20001048,2011,Electrocatalysis of oxygen reduction in alkaline media and a study of perfluorinated ionomer membrane degradation
snapshot_1,Topic_metal_chalcogenide_anodes_2007-2016_Knowledge.txt,406,https://openalex.org/W2296173067,N/A,2015,Application of Nanomaterials for X-ray Shielding and Dosimetry in Diagnostic Radiology
snapshot_1,Topic_metal_chalcogenide_anodes_2007-2016_Knowledge.txt,407,https://openalex.org/W2575192999,https://doi.org/10.21474/ijar01/2446,2016,SYNTHESIS OF COBALT SULPHIDE THIN FILM ELECTRODE BY MODIFIED CHEMICAL BATH DEPOSITION ROUTE AND ITS SUPERCAPACITORS PERFORMANCE.
snapshot_1,Topic_metal_chalcogenide_anodes_2007-2016_Knowledge.txt,408,https://openalex.org/W2512286897,N/A,2016,III-VI metal chalcogenide semiconductor nanosheets and heterostructures
snapshot_1,Topic_metal_chalcogenide_anodes_2007-2016_Knowledge.txt,409,https://openalex.org/W2339104203,https://doi.org/10.17344/acsi.2014.1065,2015,"Bis(1,2-dithiosquarato)nickelates(II) – Synthesis, Structure, EPR and Thermal Behavior"
snapshot_1,Topic_metal_chalcogenide_anodes_2007-2016_Knowledge.txt,410,https://openalex.org/W4252170756,https://doi.org/10.1201/9781420059137,2009,Nanoparticle Engineering for Chemical-Mechanical Planarization
snapshot_1,Topic_metal_chalcogenide_anodes_2007-2016_Knowledge.txt,411,https://openalex.org/W3000473085,https://doi.org/10.30970/cma6.0241,2013,"Chemical surface deposition of Cd(S,Se) films: influence of the starting cadmium-containing salt on microstructure and optical properties"
snapshot_1,Topic_metal_chalcogenide_anodes_2007-2016_Knowledge.txt,412,https://openalex.org/W1894390067,N/A,2010,Solution Processed Silver Sulfide Thin Films for Filament Memory Applications
snapshot_1,Topic_metal_chalcogenide_anodes_2007-2016_Knowledge.txt,413,https://openalex.org/W2517394937,https://doi.org/10.18297/etd/2428,2016,"Synthesis, characterization, and electronic properties of novel 2D materials : transition metal dichalcogenides and phosphorene."
snapshot_1,Topic_metal_chalcogenide_anodes_2007-2016_Knowledge.txt,414,https://openalex.org/W4298011929,https://doi.org/10.48550/arxiv.1611.04456,2016,"TiO$_2$-based Memristors and ReRAM: Materials, Mechanisms and Models (a\n Review)"
snapshot_1,Topic_metal_chalcogenide_anodes_2007-2016_Knowledge.txt,415,https://openalex.org/W300015617,N/A,2013,MECHANISMS OF ENHANCED ACTIVITY OF MODEL TiO2/CARBON and TiO2/METAL NANOCOMPOSITE PHOTOCATALYSTS
snapshot_1,Topic_metal_chalcogenide_anodes_2007-2016_Knowledge.txt,416,https://openalex.org/W2286362665,N/A,2010,Integration of resistive switching devices in crossbar structures
snapshot_1,Topic_metal_chalcogenide_anodes_2007-2016_Knowledge.txt,417,https://openalex.org/W69732103,N/A,2012,Alloys as Anode Materials in Magnesium Ion Batteries
snapshot_1,Topic_metal_chalcogenide_anodes_2007-2016_Knowledge.txt,418,https://openalex.org/W2164976825,https://doi.org/10.1186/1556-276x-7-442,2012,Abnormal conductivity behavior in porous lead telluride films
snapshot_1,Topic_metal_chalcogenide_anodes_2007-2016_Knowledge.txt,419,https://openalex.org/W1501918514,N/A,2007,Copper sulfide solid-state electrolytic memory devices
snapshot_1,Topic_metal_chalcogenide_anodes_2007-2016_Knowledge.txt,420,https://openalex.org/W2343565997,https://doi.org/10.3390/ma9050329,2016,"Synthesis of AgInS2-xAg2S-yZnS-zIn6S7 (x, y, z = 0, or 1) Nanocomposites with Composition-Dependent Activity towards Solar Hydrogen Evolution"
snapshot_1,Topic_metal_chalcogenide_anodes_2007-2016_Knowledge.txt,421,https://openalex.org/W1525255028,N/A,2007,Microfluidic reactors for the synthesis of nanocrystals
snapshot_1,Topic_metal_chalcogenide_anodes_2007-2016_Knowledge.txt,422,https://openalex.org/W783452456,N/A,2013,Wireless Chalcogenide Nanoionic-Based Radio-Frequency Switch
snapshot_1,Topic_metal_chalcogenide_anodes_2007-2016_Knowledge.txt,423,https://openalex.org/W2061800527,https://doi.org/10.4236/msce.2014.24002,2014,Electrode Property of Sintered Ceramic Based on CaMnO3 in LiOH Aqueous Solution
snapshot_1,Topic_metal_chalcogenide_anodes_2007-2016_Knowledge.txt,424,https://openalex.org/W1518979837,https://doi.org/10.1039/c2ra20827j,2012,Combined electrophoretic deposition–anodization method to fabricate reduced graphene oxide–TiO2 nanotube films
snapshot_1,Topic_metal_chalcogenide_anodes_2007-2016_Knowledge.txt,425,https://openalex.org/W2807544971,N/A,2013,Cycling critical absorber materials of CdTe- and CIGS-photovoltaics: Material efficiency along the life-cycle
snapshot_1,Topic_metal_chalcogenide_anodes_2007-2016_Knowledge.txt,426,https://openalex.org/W2123405797,https://doi.org/10.1002/pssc.200860035,2008,Preface: phys. stat. sol. (c) 5/11
snapshot_1,Topic_metal_chalcogenide_anodes_2007-2016_Knowledge.txt,427,https://openalex.org/W2523026136,N/A,2011,"Memristor Devices: Fabrication, Characterization, Simulation, and Circuit Design"
snapshot_1,Topic_metal_chalcogenide_anodes_2007-2016_Knowledge.txt,428,https://openalex.org/W1985768642,https://doi.org/10.1155/2014/920785,2014,"Au/<mml:math xmlns:mml=""http://www.w3.org/1998/Math/MathML"" id=""M1""><mml:mrow><mml:msub><mml:mrow><mml:mtext>C</mml:mtext><mml:mtext>u</mml:mtext></mml:mrow><mml:mrow><mml:mtext>2</mml:mtext></mml:mrow></mml:msub></mml:mrow></mml:math>Te/CdTe/CdS/TCO/Glass Solar Cells with<mml:math xmlns:mml=""http://www.w3.org/1998/Math/MathML"" id=""M2""><mml:mtext>C</mml:mtext><mml:mtext>d</mml:mtext><mml:msub><mml:mrow><mml:mtext>I</mml:mtext><mml:mtext>n</mml:mtext></mml:mrow><mml:mrow><mml:mtext>2</mml:mtext></mml:mrow></mml:msub><mml:msub><mml:mrow><mml:mtext>O</mml:mtext></mml:mrow><mml:mrow><mml:mtext>4</mml:mtext></mml:mrow></mml:msub></mml:math>Obtained by Sol-Gel as TCO"
snapshot_1,Topic_metal_chalcogenide_anodes_2007-2016_Knowledge.txt,429,https://openalex.org/W1641205977,N/A,2015,Synthesis and Fabrication of Graphene/Conducting Polymer/Metal Oxide Nanocomposite Materials for Supercapacitor Applications
snapshot_1,Topic_metal_chalcogenide_anodes_2007-2016_Knowledge.txt,430,https://openalex.org/W2566336816,https://doi.org/10.17265/2159-5348/2016.04.008,2016,In-Situ High Pressure Studies on Nanocrystalline Mercury Sulphide
snapshot_1,Topic_metal_chalcogenide_anodes_2007-2016_Knowledge.txt,431,https://openalex.org/W1504227934,https://doi.org/10.1590/s1517-70762010000100002,2010,Efeito da co-dopagem com Pr e Mn nas propriedades elétricas de Sr-LaAlO3
snapshot_1,Topic_metal_chalcogenide_anodes_2007-2016_Knowledge.txt,432,https://openalex.org/W2591719925,https://doi.org/10.5229/jecst.2016.7.4.316,2016,Applications of Scanning Electrochemical Microscopy (SECM) Coupled to Atomic Force Microscopy with Sub-Micrometer Spatial Resolution to the Development and Discovery of Electrocatalysts
snapshot_1,Topic_metal_chalcogenide_anodes_2007-2016_Knowledge.txt,433,https://openalex.org/W1631986099,N/A,2008,Integration of process diagnostics and three dimensional simulations in thermal spraying
snapshot_1,Topic_metal_chalcogenide_anodes_2007-2016_Knowledge.txt,434,https://openalex.org/W2345725809,https://doi.org/10.32657/10356/66936,2016,Optical characterization of molybdenum disulfide by raman and photoluminescence
snapshot_1,Topic_metal_chalcogenide_anodes_2007-2016_Knowledge.txt,435,https://openalex.org/W2565052112,https://doi.org/10.25560/33734,2015,Nano-structured carbon materials for energy generation and storage
snapshot_1,Topic_metal_chalcogenide_anodes_2007-2016_Knowledge.txt,436,https://openalex.org/W2093035704,https://doi.org/10.1117/1.oe.53.7.071801,2014,Special Section Guest Editorial: Special Section on Glass Photonics for Integrated Optics
snapshot_1,Topic_metal_chalcogenide_anodes_2007-2016_Knowledge.txt,437,https://openalex.org/W2562727906,N/A,2014,Electrodeposition of chromium using novel deep eutectic solvents
snapshot_1,Topic_metal_chalcogenide_anodes_2007-2016_Knowledge.txt,438,https://openalex.org/W2327672155,https://doi.org/10.15276/opu.3.42.2013.34,2013,Structural and microstructural properties of ZnO thin films obtained by spray pyrolysis technique
snapshot_1,Topic_metal_chalcogenide_anodes_2007-2016_Knowledge.txt,439,https://openalex.org/W2597771855,N/A,2014,Exfoliation of Transitional Metal Dichalcogenides (TMDS) and the Application of Co-Exfoliation of MoS2/Natural Graphite in Lithium Ion Battery (LIB)
snapshot_1,Topic_metal_chalcogenide_anodes_2007-2016_Knowledge.txt,440,https://openalex.org/W1533963549,N/A,2008,Studies on Chemical Bath Deposited Semiconducting Copper Selenide and Iron Sulfide Thin Films Useful For Photovoltaic Applications
snapshot_1,Topic_metal_chalcogenide_anodes_2007-2016_Knowledge.txt,441,https://openalex.org/W2247748798,N/A,2014,Indirect conversion amorphous selenium photodetectors for medical imaging applications
snapshot_1,Topic_metal_chalcogenide_anodes_2007-2016_Knowledge.txt,442,https://openalex.org/W1964608952,https://doi.org/10.1039/c0dt01658f,2011,"Synthesis, structural, spectroscopic and electrochemical studies of carborane substituted naphthyl selenides"
snapshot_1,Topic_metal_chalcogenide_anodes_2007-2016_Knowledge.txt,443,https://openalex.org/W2529175731,N/A,2016,Toward efficient and stable quantum dot solar cells : design and characterization
snapshot_1,Topic_metal_chalcogenide_anodes_2007-2016_Knowledge.txt,444,https://openalex.org/W2233694906,https://doi.org/10.1098/rsta.2015.0087,2016,The effect of Mg location on Co-Mg-Ru/γ-Al <sub>2</sub> O <sub>3</sub> Fischer–Tropsch catalysts
snapshot_1,Topic_metal_chalcogenide_anodes_2007-2016_Knowledge.txt,445,https://openalex.org/W2567454103,https://doi.org/10.33915/etd.7051,2016,Enhancing the ionic conductivity of solid state electrolytes by oxide glass doping
snapshot_1,Topic_metal_chalcogenide_anodes_2007-2016_Knowledge.txt,446,https://openalex.org/W2043394322,https://doi.org/10.1155/2014/758572,2014,"Synthesis and Characterization of One-Dimensional Porous (Zn,Cd)S/SiO<sub>2</sub>Composite Nanostructural Materials"
snapshot_1,Topic_metal_chalcogenide_anodes_2007-2016_Knowledge.txt,447,https://openalex.org/W1890272911,https://doi.org/10.5287/ora-wvp4ayqm6,2014,Semiconductor colloidal quantum dots for photovoltaic applications
snapshot_1,Topic_metal_chalcogenide_anodes_2007-2016_Knowledge.txt,448,https://openalex.org/W4247418972,https://doi.org/10.25130/tjes.23.2.12,2016,Modeling and Simulation of Nonvolatile Memory Based on copper sulfide
snapshot_1,Topic_metal_chalcogenide_anodes_2007-2016_Knowledge.txt,449,https://openalex.org/W1602820866,https://doi.org/10.3990/1.9789036526500,2008,Measurement and modelling of the defect chemistry and transport properties of ceramic oxide mixed ionic and electronic conductors
snapshot_1,Topic_metal_chalcogenide_anodes_2007-2016_Knowledge.txt,450,https://openalex.org/W2290453081,https://doi.org/10.14945/00009279,2015,Synthesis of Phase Controlled Nickel Sulfide Nanostructures and their Catalytic Applications
snapshot_1,Topic_metal_chalcogenide_anodes_2007-2016_Knowledge.txt,451,https://openalex.org/W2807216706,https://doi.org/10.25560/56200,2016,Electrocatalytic and catalytic oxygen reduction utilising transition metal and heteroatom doped carbon materials
snapshot_1,Topic_metal_chalcogenide_anodes_2007-2016_Knowledge.txt,452,https://openalex.org/W1977384265,https://doi.org/10.5755/j01.ms.20.2.6222,2014,Photoresponse of Metal-PbTe Structures to CO2 Laser Excitation
snapshot_1,Topic_metal_chalcogenide_anodes_2007-2016_Knowledge.txt,453,https://openalex.org/W1739806542,https://doi.org/10.18419/opus-863,2007,Effect of H2S on the Thermodynamic Stability and Electrochemical Performance of Ni Cermet-type of Anodes for Solid Oxide Fuel Cells
snapshot_1,Topic_metal_chalcogenide_anodes_2007-2016_Knowledge.txt,454,https://openalex.org/W2551195453,https://doi.org/10.5772/64448,2016,Microfluidics in Membraneless Fuel Cells
snapshot_1,Topic_metal_chalcogenide_anodes_2007-2016_Knowledge.txt,455,https://openalex.org/W2113690553,N/A,2015,Synthesis of CoSe2/RGO Composites and Their Application in a Counter Electrode of Dye-sensitized Solar Cells
snapshot_1,Topic_metal_chalcogenide_anodes_2007-2016_Knowledge.txt,456,https://openalex.org/W302216714,N/A,2014,Chemical Expansion in Barium Zirconate
snapshot_1,Topic_metal_chalcogenide_anodes_2007-2016_Knowledge.txt,457,https://openalex.org/W2055639653,https://doi.org/10.2533/chimia.2011.738,2011,Photonic and Optoelectronic Devices Based on Mesoscopic Thin Films
snapshot_1,Topic_metal_chalcogenide_anodes_2007-2016_Knowledge.txt,458,https://openalex.org/W2232423608,https://doi.org/10.1149/ma2015-02/47/1888,2015,Synergistic Effect of Cobalt Nanoparticles Embedded in Nitrogen-Doped Carbon As a Pt Alternative Electrocatalyst for Dye-Sensitized Solar Cells
snapshot_1,Topic_metal_chalcogenide_anodes_2007-2016_Knowledge.txt,459,https://openalex.org/W41250058,N/A,2012,The Electrodeposition of PbTe Nanowires for Thermoelectric Applications
snapshot_1,Topic_metal_chalcogenide_anodes_2007-2016_Knowledge.txt,460,https://openalex.org/W2908596487,https://doi.org/10.2172/1476715,2014,Molten Carbonate Fuel Cell Interactions with Impurities in Synthetic Flue Gas
snapshot_1,Topic_metal_chalcogenide_anodes_2007-2016_Knowledge.txt,461,https://openalex.org/W2524274875,https://doi.org/10.17760/d20128832,2015,Investigation of the alkaline electrochemical interface and development of composite metal/metal-oxides for hydrogen and oxygen electrodes
snapshot_1,Topic_metal_chalcogenide_anodes_2007-2016_Knowledge.txt,462,https://openalex.org/W2390766717,https://doi.org/10.1149/ma2016-01/1/66,2016,Novel Cobalt Sulfide/Reduced Graphene Oxides Composite As Advanced Anode for Sodium-Ion Batteries
snapshot_1,Topic_metal_chalcogenide_anodes_2007-2016_Knowledge.txt,463,https://openalex.org/W163590412,N/A,2007,Novel Approaches To Photoassisted Deposition Of Semiconductors And Nanocomposite Materials
snapshot_1,Topic_metal_chalcogenide_anodes_2007-2016_Knowledge.txt,464,https://openalex.org/W1481282542,https://doi.org/10.5772/29853,2012,"Development of 2"" AlN Substrates Using SiC Seeds"
snapshot_1,Topic_metal_chalcogenide_anodes_2007-2016_Knowledge.txt,465,https://openalex.org/W2885838411,N/A,2016,Fungal Biotransformation of Polyfluoroalkyl Substances: Identification of Growth Substrates for Favorable Biotransformation Pathways
snapshot_1,Topic_metal_chalcogenide_anodes_2007-2016_Knowledge.txt,466,https://openalex.org/W15093102,N/A,2011,High density crossbar structure for memory application
snapshot_1,Topic_metal_chalcogenide_anodes_2007-2016_Knowledge.txt,467,https://openalex.org/W2199252660,https://doi.org/10.33899/rengj.2014.86990,2014,Preparation and Study of SnO2 MOM Structure by The Thermal Vacuum Evaporation Deposition
snapshot_1,Topic_metal_chalcogenide_anodes_2007-2016_Knowledge.txt,468,https://openalex.org/W94592909,N/A,2012,Electronic transport in amorphous phase-change materials
snapshot_1,Topic_metal_chalcogenide_anodes_2007-2016_Knowledge.txt,469,https://openalex.org/W2551776254,N/A,2015,Molecular Ink Processed Iron Pyrite Thin Films for Photovoltaics
snapshot_1,Topic_metal_chalcogenide_anodes_2007-2016_Knowledge.txt,470,https://openalex.org/W2120500275,https://doi.org/10.17760/d10018840,2009,Operando spectroscopy of electrochemical energy conversion devices
snapshot_1,Topic_metal_chalcogenide_anodes_2007-2016_Knowledge.txt,471,https://openalex.org/W2521685028,https://doi.org/10.54014/jeks-jz8a,2015,Two-dimensional chalcogenides : material synthesis and nano-device applications
snapshot_1,Topic_metal_chalcogenide_anodes_2007-2016_Knowledge.txt,472,https://openalex.org/W2531042370,https://doi.org/10.25148/etd.fidc000789,2016,Advanced Electrode Materials by Electrostatic Spray Deposition for Li-ion Batteries
snapshot_1,Topic_metal_chalcogenide_anodes_2007-2016_Knowledge.txt,473,https://openalex.org/W2517781372,https://doi.org/10.18297/etd/2382,2016,Direct band gap gallium antimonide phosphide (GaSbxP1-x) for solar fuels.
snapshot_1,Topic_metal_chalcogenide_anodes_2007-2016_Knowledge.txt,474,https://openalex.org/W1504147179,https://doi.org/10.5772/26720,2012,Hybrid Polyfluorene-Based Optoelectronic Devices
snapshot_1,Topic_metal_chalcogenide_anodes_2007-2016_Knowledge.txt,475,https://openalex.org/W2273995401,N/A,2013,Nanostructure Silicon Anodes Prepared by Chemical Reduction Method for Lithium Ion Batteries
snapshot_1,Topic_metal_chalcogenide_anodes_2007-2016_Knowledge.txt,476,https://openalex.org/W271913206,N/A,2014,Microwave-assisted processing of solid materials for sustainable energy related electronic and optoelectronic applications
snapshot_1,Topic_metal_chalcogenide_anodes_2007-2016_Knowledge.txt,477,https://openalex.org/W2775734519,N/A,2016,Development of advanced electrode materials for alkali metal ions batteries
snapshot_1,Topic_metal_chalcogenide_anodes_2007-2016_Knowledge.txt,478,https://openalex.org/W1504085801,N/A,2011,Size-dependent metal-insulator transition in Pt-dispersed SiO2 thin film: A candidate for future non-volatile memory
snapshot_1,Topic_metal_chalcogenide_anodes_2007-2016_Knowledge.txt,479,https://openalex.org/W4405999535,https://doi.org/10.6001/chemija.2015.26.4.3,2015,The initial stages of copper deposition onto glassy carbon electrode modified with selenium compounds
snapshot_1,Topic_metal_chalcogenide_anodes_2007-2016_Knowledge.txt,480,https://openalex.org/W2592485700,N/A,2016,Development of supercapacitors with in-situ polymerized polyaniline on MnO2 and Co3O4 anodes and activated carbon cathodes
snapshot_1,Topic_metal_chalcogenide_anodes_2007-2016_Knowledge.txt,481,https://openalex.org/W2085834851,https://doi.org/10.2478/s11772-010-1025-8,2010,History of HgTe-based photodetectors in Poland
snapshot_1,Topic_metal_chalcogenide_anodes_2007-2016_Knowledge.txt,482,https://openalex.org/W2583289250,N/A,2013,Nanocrystalline Silicon Quantum Dot Light Emitting Diodes Using Metal Oxide Charge Transport Layers
snapshot_1,Topic_metal_chalcogenide_anodes_2007-2016_Knowledge.txt,483,https://openalex.org/W1495609562,https://doi.org/10.5772/48608,2012,Crystallography Under Extreme Conditions: State of the Art and Perspectives
snapshot_1,Topic_metal_chalcogenide_anodes_2007-2016_Knowledge.txt,484,https://openalex.org/W2266281093,https://doi.org/10.18297/etd/2289,2015,Electrochemical formation of one-dimensional metal nanostructures across microgaps electrodes for resistive switching and optical sensing applications.
snapshot_1,Topic_metal_chalcogenide_anodes_2007-2016_Knowledge.txt,485,https://openalex.org/W1536596680,N/A,2012,Graphene-based Material Systems for Nanoelectronics and Energy Storage Devices
snapshot_1,Topic_metal_chalcogenide_anodes_2007-2016_Knowledge.txt,486,https://openalex.org/W2236437764,N/A,2015,"Solvothermal Synthesis and Characterization of CuInS2, CuInSe2 and AgInS2 Nanoparticles from Single Source Precursors"
snapshot_1,Topic_metal_chalcogenide_anodes_2007-2016_Knowledge.txt,487,https://openalex.org/W2129761137,https://doi.org/10.5772/60651,2015,In Situ Transmission Electron Microscopy for Electronics
snapshot_1,Topic_metal_chalcogenide_anodes_2007-2016_Knowledge.txt,488,https://openalex.org/W1550398915,N/A,2010,Science and applications of infrared semiconductor nanocrystals
snapshot_1,Topic_metal_chalcogenide_anodes_2007-2016_Knowledge.txt,489,https://openalex.org/W90789381,N/A,2010,"Applications of ordered mesoporous metal oxides : energy storage, adsorption, and catalysis"
snapshot_1,Topic_metal_chalcogenide_anodes_2007-2016_Knowledge.txt,490,https://openalex.org/W2037362006,https://doi.org/10.5229/jkes.2011.14.3.176,2011,Electrochemical Investigation in Particle Size and Thermal Cycles of Sr Doped Layered Perovskite Based Composite Cathodes for Intermediate Temperature-operating Solid Oxide Fuel Cell
snapshot_1,Topic_metal_chalcogenide_anodes_2007-2016_Knowledge.txt,491,https://openalex.org/W2310302805,https://doi.org/10.33915/etd.3571,2012,Colloidal Nanocrystal Quantum Dots for High-Efficiency Optoelectronic Conversions
snapshot_1,Topic_metal_chalcogenide_anodes_2007-2016_Knowledge.txt,492,https://openalex.org/W71141342,https://doi.org/10.13140/2.1.2611.1042,2012,"Ultrafast Laser Fabrication of Waveguides in Glasses, and Crystalline Materials"
snapshot_1,Topic_metal_chalcogenide_anodes_2007-2016_Knowledge.txt,493,https://openalex.org/W2514298516,N/A,2015,Design and controlled synthesis of complex metal oxide nanostructures and study of their advanced energy applications
snapshot_1,Topic_metal_chalcogenide_anodes_2007-2016_Knowledge.txt,494,https://openalex.org/W1622377443,N/A,2009,Picoliter drop deposition of oxide nanoparticles: A route to high performance microsensor arrays
snapshot_1,Topic_metal_chalcogenide_anodes_2007-2016_Knowledge.txt,495,https://openalex.org/W1820255525,N/A,2007,Mid-IR type-II InAs/GaSb nanoscale superlattice sensors
snapshot_1,Topic_metal_chalcogenide_anodes_2007-2016_Knowledge.txt,496,https://openalex.org/W43692730,N/A,2014,Development of electrochromic thin-film transistors on flexible substrate
snapshot_1,Topic_metal_chalcogenide_anodes_2007-2016_Knowledge.txt,497,https://openalex.org/W71374769,N/A,2014,"Oxygen Reduction Reaction (ORR) on Mixed Oxy-Nitride Non-Noble Catalyst: AB-Initio Simulation, Elaboration and Characterization"
snapshot_1,Topic_metal_chalcogenide_anodes_2007-2016_Knowledge.txt,498,https://openalex.org/W2289409968,N/A,2015,Effect of Zn Doping On In2se3 Thin Films for Phase Change Random Access Memory (Pram) Applications
snapshot_1,Topic_metal_chalcogenide_anodes_2007-2016_Knowledge.txt,499,https://openalex.org/W2233550010,N/A,2015,Demonstration and evaluation of a nanocrystal-nanowire solar cell
snapshot_1,Topic_metal_chalcogenide_anodes_2007-2016_Knowledge.txt,500,https://openalex.org/W2264889028,https://doi.org/10.12794/metadc700110,2014,Atomistic Computer Simulations of Diffusion Mechanisms in Lithium Lanthanum Titanate Solid State Electrolytes for Lithium Ion Batteries
snapshot_2,Topic_spray-dried_microspheres_2007-2016_Knowledge.txt,1,https://openalex.org/W1967092239,https://doi.org/10.1080/03639040801974303,2008,Ketoprofen Spray-dried Microspheres Based on Eudragit® RS and RL: Study of the Manufacturing Parameters
snapshot_2,Topic_spray-dried_microspheres_2007-2016_Knowledge.txt,2,https://openalex.org/W2042105731,https://doi.org/10.2478/acph-2013-0027,2013,Bioadhesive vaginal tablets containing spray dried microspheres loaded with clotrimazole for treatment of vaginal Candidiasis
snapshot_2,Topic_spray-dried_microspheres_2007-2016_Knowledge.txt,3,https://openalex.org/W2038353794,https://doi.org/10.2478/v10007-010-0034-7,2010,Formulation and in vitro characterization of spray dried microspheres of amoxicillin
snapshot_2,Topic_spray-dried_microspheres_2007-2016_Knowledge.txt,4,https://openalex.org/W2317565136,https://doi.org/10.1021/mp400263d,2013,Surface Characteristics of Spray-Dried Microspheres Consisting of PLGA and PVP: Relating the Influence of Heat and Humidity to the Thermal Characteristics of These Polymers
snapshot_2,Topic_spray-dried_microspheres_2007-2016_Knowledge.txt,5,https://openalex.org/W1970854236,https://doi.org/10.1002/app.27585,2008,Spray‐dried microspheres as a route to clay/polymer nanocomposites
snapshot_2,Topic_spray-dried_microspheres_2007-2016_Knowledge.txt,6,https://openalex.org/W2033161253,https://doi.org/10.4103/0975-7406.94160,2012,Formulation and evalution of montelukast sodium - chitosan based spray dried microspheres for pulmonary drug delivery
snapshot_2,Topic_spray-dried_microspheres_2007-2016_Knowledge.txt,7,https://openalex.org/W2035016400,https://doi.org/10.5731/pdajpst.2013.00909,2013,Formulation and Optimisation of Sustained Release Spray-Dried Microspheres of Glipizide Using Natural Polysaccharide
snapshot_2,Topic_spray-dried_microspheres_2007-2016_Knowledge.txt,8,https://openalex.org/W2004640382,https://doi.org/10.4103/0250-474x.70481,2010,Preparation and In vitro / In vivo characterization of spray dried microsphere formulation encapsulating 4-chlorocurcumin
snapshot_2,Topic_spray-dried_microspheres_2007-2016_Knowledge.txt,9,https://openalex.org/W2106137448,https://doi.org/10.1002/adma.201403827,2014,Protecting Metal–Organic Framework Crystals from Hydrolytic Degradation by Spray‐Dry Encapsulating Them into Polystyrene Microspheres
snapshot_2,Topic_spray-dried_microspheres_2007-2016_Knowledge.txt,10,https://openalex.org/W2104146704,https://doi.org/10.1080/03639040802395185,2008,The Effect of Chitosan Molecular Weight on the Characteristics of Spray-Dried Methotrexate-Loaded Chitosan Microspheres for Nasal Administration
snapshot_2,Topic_spray-dried_microspheres_2007-2016_Knowledge.txt,11,https://openalex.org/W1977120520,https://doi.org/10.1021/ie800146m,2008,Preparation of Layered Double Hydroxide Microspheres by Spray Drying
snapshot_2,Topic_spray-dried_microspheres_2007-2016_Knowledge.txt,12,https://openalex.org/W1963514643,https://doi.org/10.3109/02652048.2011.630106,2011,"Formulation, optimization and evaluation of spray-dried mucoadhesive microspheres as intranasal carriers for Valsartan"
snapshot_2,Topic_spray-dried_microspheres_2007-2016_Knowledge.txt,13,https://openalex.org/W2018722220,https://doi.org/10.4103/0250-474x.38470,2007,Preparation of mucoadhesive microspheres for nasal delivery by spray drying
snapshot_2,Topic_spray-dried_microspheres_2007-2016_Knowledge.txt,14,https://openalex.org/W2031232468,https://doi.org/10.1039/c4ta05002a,2014,Formation of uniform large SBA-15 microspheres via spray drying
snapshot_2,Topic_spray-dried_microspheres_2007-2016_Knowledge.txt,15,https://openalex.org/W2033710100,https://doi.org/10.1155/2014/628382,2014,Study of the Effect of <i>Dillenia indica</i> Fruit Mucilage on the Properties of Metformin Hydrochloride Loaded Spray Dried Microspheres
snapshot_2,Topic_spray-dried_microspheres_2007-2016_Knowledge.txt,16,https://openalex.org/W2097183795,https://doi.org/10.3390/ijms14024174,2013,Preparation of Chitosan and Water-Soluble Chitosan Microspheres via Spray-Drying Method to Lower Blood Lipids in Rats Fed with High-Fat Diets
snapshot_2,Topic_spray-dried_microspheres_2007-2016_Knowledge.txt,17,https://openalex.org/W1985507889,https://doi.org/10.1080/07373930701781736,2007,Preparation and Characterization of Carboxymethyl Chitosan and β-Cyclodextrin Microspheres by Spray Drying
snapshot_2,Topic_spray-dried_microspheres_2007-2016_Knowledge.txt,18,https://openalex.org/W278647254,https://doi.org/10.1515/acph-2015-0008,2015,Alginate microspheres obtained by the spray drying technique as mucoadhesive carriers of ranitidine
snapshot_2,Topic_spray-dried_microspheres_2007-2016_Knowledge.txt,19,https://openalex.org/W2107682180,https://doi.org/10.4314/tjpr.v12i3.4,2013,Formulation and Evaluation of Spray-Dried Esomeprazole Magnesium Microspheres
snapshot_2,Topic_spray-dried_microspheres_2007-2016_Knowledge.txt,20,https://openalex.org/W2159966546,https://doi.org/10.1039/c2ta00939k,2012,Fabrication of high tap density LiFe<sub>0.6</sub>Mn<sub>0.4</sub>PO<sub>4</sub>/C microspheres by a double carbon coating–spray drying method for high rate lithium ion batteries
snapshot_2,Topic_spray-dried_microspheres_2007-2016_Knowledge.txt,21,https://openalex.org/W2400666170,https://doi.org/10.1155/2016/8635408,2016,Influence of Sodium Alginate on Hypoglycemic Activity of Metformin Hydrochloride in the Microspheres Obtained by the Spray Drying
snapshot_2,Topic_spray-dried_microspheres_2007-2016_Knowledge.txt,22,https://openalex.org/W2113414461,https://doi.org/10.2174/156720112800234503,2012,Preparation and Characterization of Spray-Dried Mucoadhesive Microspheres of Ketorolac for Nasal Administration
snapshot_2,Topic_spray-dried_microspheres_2007-2016_Knowledge.txt,23,https://openalex.org/W2298834374,https://doi.org/10.1002/ppsc.201500216,2016,Graphene‐Modified TiO<sub>2</sub> Microspheres Synthesized by a Facile Spray‐Drying Route for Enhanced Sodium‐Ion Storage
snapshot_2,Topic_spray-dried_microspheres_2007-2016_Knowledge.txt,24,https://openalex.org/W2041485881,https://doi.org/10.1039/c3ra43874k,2013,Spray-dried magnetic chitosan/Fe3O4/halloysite nanotubes/ofloxacin microspheres for sustained release of ofloxacin
snapshot_2,Topic_spray-dried_microspheres_2007-2016_Knowledge.txt,25,https://openalex.org/W2548885919,https://doi.org/10.1080/09205063.2016.1257083,2016,Novel spray dried pH-sensitive polyacrylamide-<i>grafted</i>-carboxymethylcellulose sodium copolymer microspheres for colon targeted delivery of an anti-cancer drug
snapshot_2,Topic_spray-dried_microspheres_2007-2016_Knowledge.txt,26,https://openalex.org/W2340922008,https://doi.org/10.1080/07373937.2016.1138121,2016,Optimization of spray-dried diclofenac sodium-loaded microspheres by screening design
snapshot_2,Topic_spray-dried_microspheres_2007-2016_Knowledge.txt,27,https://openalex.org/W1990930189,https://doi.org/10.1002/jbm.a.31895,2008,"Effect of sintering on porosity, phase, and surface morphology of spray dried hydroxyapatite microspheres"
snapshot_2,Topic_spray-dried_microspheres_2007-2016_Knowledge.txt,28,https://openalex.org/W2086386432,https://doi.org/10.1039/c2cp42092a,2012,Drug nano-domains in spray-dried ibuprofen–silica microspheres
snapshot_2,Topic_spray-dried_microspheres_2007-2016_Knowledge.txt,29,https://openalex.org/W2145439985,https://doi.org/10.1039/b717133a,2008,Spray-dried mesoporous silica microspheres with adjustable textures and pore surfaces homogenously covered by accessible thiol functions
snapshot_2,Topic_spray-dried_microspheres_2007-2016_Knowledge.txt,30,https://openalex.org/W2169959412,https://doi.org/10.1039/c4ra11799a,2014,Large-scale synthesis of mesoporous carbon microspheres with controllable structure and nitrogen doping using a spray drying method
snapshot_2,Topic_spray-dried_microspheres_2007-2016_Knowledge.txt,31,https://openalex.org/W2143510926,https://doi.org/10.3109/02652040802666910,2009,Formulation and<i>in vitro</i>characterization of spray-dried antisense oligonucleotide to NF-<i>κ</i>B encapsulated albumin microspheres
snapshot_2,Topic_spray-dried_microspheres_2007-2016_Knowledge.txt,32,https://openalex.org/W2086124788,https://doi.org/10.2109/jcersj2.119.180,2011,Microcapsule assembly of single-walled carbon nanotubes from spray-dried hollow microspheres
snapshot_2,Topic_spray-dried_microspheres_2007-2016_Knowledge.txt,33,https://openalex.org/W2009206452,https://doi.org/10.1039/c2sm26825f,2012,Spray drying as a novel technique for obtaining microbial imprinted microspheres and its application in filtration
snapshot_2,Topic_spray-dried_microspheres_2007-2016_Knowledge.txt,34,https://openalex.org/W2412455858,N/A,2016,EVALUATION OF ALGINATE MICROSPHERES WITH METRONIDAZOLE OBTAINED BY THE SPRAY DRYING TECHNIQUE.
snapshot_2,Topic_spray-dried_microspheres_2007-2016_Knowledge.txt,35,https://openalex.org/W2004428634,https://doi.org/10.4236/jbnb.2011.23032,2011,"Preparation, Characterization and Drug-Release Behaviors of Crosslinked Chitosan/Attapulgite Hybrid Microspheres by a Facile Spray-Drying Technique"
snapshot_2,Topic_spray-dried_microspheres_2007-2016_Knowledge.txt,36,https://openalex.org/W2087165662,https://doi.org/10.1021/jp712101f,2008,Syntheses of Opened Hollow Clay Microspheres through a Spray-Drying Approach and Their Derivative Clay/Carbon Nanotubes Composites
snapshot_2,Topic_spray-dried_microspheres_2007-2016_Knowledge.txt,37,https://openalex.org/W249612276,https://doi.org/10.5530/ijper.49.4.9,2015,Formulation and Evaluation of Novel Spray-dried Alginate Microspheres as Pulmonary Delivery Systems of Rifampicin in Rats
snapshot_2,Topic_spray-dried_microspheres_2007-2016_Knowledge.txt,38,https://openalex.org/W2095004542,https://doi.org/10.1038/srep05752,2014,Fabrication and electrochemical performance of 0.6Li2MnO3-0.4Li(Ni1/3Co1/3Mn1/3)O2 microspheres by two-step spray-drying process
snapshot_2,Topic_spray-dried_microspheres_2007-2016_Knowledge.txt,39,https://openalex.org/W2227189832,https://doi.org/10.1021/ie501287a,2014,One-Pot Spray-Dried Graphene Sheets-Encapsulated Nano-Li<sub>4</sub>Ti<sub>5</sub>O<sub>12</sub> Microspheres for a Hybrid BatCap System
snapshot_2,Topic_spray-dried_microspheres_2007-2016_Knowledge.txt,40,https://openalex.org/W2142250073,https://doi.org/10.3390/pharmaceutics6040599,2014,"Preparation of Spray-Dried Soy Isoflavone-Loaded Gelatin Microspheres for Enhancement of Dissolution: Formulation, Characterization and in Vitro Evaluation"
snapshot_2,Topic_spray-dried_microspheres_2007-2016_Knowledge.txt,41,https://openalex.org/W2032239389,https://doi.org/10.3109/03639045.2013.858737,2013,Spray drying formulation of albendazole microspheres by experimental design.<i>In vitro–in vivo</i>studies
snapshot_2,Topic_spray-dried_microspheres_2007-2016_Knowledge.txt,42,https://openalex.org/W2092839601,https://doi.org/10.1080/07373930601119672,2007,"Manufacturing Drug Loaded Chitosan Microspheres by Spray Drying: Development, Characterization, and Potential Use in Dentistry"
snapshot_2,Topic_spray-dried_microspheres_2007-2016_Knowledge.txt,43,https://openalex.org/W2155360684,https://doi.org/10.3109/02652048.2011.599442,2011,Lipid–polymer composite microspheres for colon-specific drug delivery prepared using an ultrasonic spray freeze-drying technique
snapshot_2,Topic_spray-dried_microspheres_2007-2016_Knowledge.txt,44,https://openalex.org/W2132592033,https://doi.org/10.3109/03639041003695063,2010,Effects of microwave on drug-release responses of spray-dried alginate microspheres
snapshot_2,Topic_spray-dried_microspheres_2007-2016_Knowledge.txt,45,https://openalex.org/W2408216173,N/A,2013,Development and characterisation of metformin loaded spray dried Bora rice microspheres.
snapshot_2,Topic_spray-dried_microspheres_2007-2016_Knowledge.txt,46,https://openalex.org/W2152905161,https://doi.org/10.1080/03639040902810422,2009,Preparation and characterization of spray-dried mucoadhesive microspheres of aceclofenac
snapshot_2,Topic_spray-dried_microspheres_2007-2016_Knowledge.txt,47,https://openalex.org/W1998178647,https://doi.org/10.1080/07373937.2014.935857,2014,Optimization of Spray-Drying Conditions and Pharmacodynamics Study of Theophylline/Chitosan/β-Cyclodextrin Microspheres
snapshot_2,Topic_spray-dried_microspheres_2007-2016_Knowledge.txt,48,https://openalex.org/W2116739332,https://doi.org/10.1002/app.31105,2009,Preparation of injectable paclitaxel sustained release microspheres by spray drying for inhibition of glioma <i>in vitro</i>
snapshot_2,Topic_spray-dried_microspheres_2007-2016_Knowledge.txt,49,https://openalex.org/W3005653289,https://doi.org/10.25258/ijpqa.4.1.2,2013,Preparation and Evaluation of Carvedilol Microsphere by Spray Drying Technique: Effect of Process Parameters on Formulation
snapshot_2,Topic_spray-dried_microspheres_2007-2016_Knowledge.txt,50,https://openalex.org/W2122418117,https://doi.org/10.1002/app.40514,2014,<i>In vitro</i> evaluation of spray‐dried chitosan microspheres crosslinked with pyromellitic dianhydride for oral colon‐specific delivery of protein drugs
snapshot_2,Topic_spray-dried_microspheres_2007-2016_Knowledge.txt,51,https://openalex.org/W2135012771,https://doi.org/10.1093/chromsci/46.6.496,2008,Development and Validation of an RP-HPLC Method to Quantitate Acyclovir in Cross-Linked Chitosan Microspheres Produced by Spray Drying
snapshot_2,Topic_spray-dried_microspheres_2007-2016_Knowledge.txt,52,https://openalex.org/W2323279630,https://doi.org/10.3109/03639045.2016.1151030,2016,"Physicochemical characterization of spray-dried PLGA/PEG microspheres, and preliminary assessment of biological response"
snapshot_2,Topic_spray-dried_microspheres_2007-2016_Knowledge.txt,53,https://openalex.org/W2337011735,N/A,2010,Silver Nanoparticles in SiO2 Microspheres - Preparation by Spray Drying and Use as Antimicrobial Agent.
snapshot_2,Topic_spray-dried_microspheres_2007-2016_Knowledge.txt,54,https://openalex.org/W2016832440,https://doi.org/10.1002/adhm.201200390,2013,Ex Vivo Human Trabecular Bone Model for Biocompatibility Evaluation of Calcium Phosphate Composites Modified with Spray Dried Biodegradable Microspheres
snapshot_2,Topic_spray-dried_microspheres_2007-2016_Knowledge.txt,55,https://openalex.org/W2743038904,N/A,2011,Isoniazid loaded chitosan microspheres for pulmonary delivery:Preparation and characterization
snapshot_2,Topic_spray-dried_microspheres_2007-2016_Knowledge.txt,56,https://openalex.org/W2027446854,https://doi.org/10.3109/10717544.2011.557787,2011,Design and development of nasal mucoadhesive microspheres containing tramadol HCl for CNS targeting
snapshot_2,Topic_spray-dried_microspheres_2007-2016_Knowledge.txt,57,https://openalex.org/W2395536157,N/A,2014,Influence of spray drying manufacturing parameters on quality of losartan potassium microspheres.
snapshot_2,Topic_spray-dried_microspheres_2007-2016_Knowledge.txt,58,https://openalex.org/W2332080658,https://doi.org/10.1021/bm5003976,2014,Aerogel Microspheres from Natural Cellulose Nanofibrils and Their Application as Cell Culture Scaffold
snapshot_2,Topic_spray-dried_microspheres_2007-2016_Knowledge.txt,59,https://openalex.org/W2268618769,https://doi.org/10.4103/0973-8398.160314,2015,Preparation and evaluation of spray-dried mucoadhesive microspheres for intranasal delivery of prochlorperazine using factorial design
snapshot_2,Topic_spray-dried_microspheres_2007-2016_Knowledge.txt,60,https://openalex.org/W1988208849,https://doi.org/10.1155/2013/848043,2013,Formulation Strategies to Improve the Bioavailability of Poorly Absorbed Drugs with Special Emphasis on Self-Emulsifying Systems
snapshot_2,Topic_spray-dried_microspheres_2007-2016_Knowledge.txt,61,https://openalex.org/W848189225,N/A,2011,Formulation and in-vitro evaluation of repaglinide microspheres prepared by spray drying technique
snapshot_2,Topic_spray-dried_microspheres_2007-2016_Knowledge.txt,62,https://openalex.org/W2138925189,https://doi.org/10.14456/vol13iss7pp%p,2015,Simultaneous X-ray Diffraction-Differential Scanning Calorimetry and Physicochemical Characterizations of Spray Dried Drugs and Chitosan Microspheres
snapshot_2,Topic_spray-dried_microspheres_2007-2016_Knowledge.txt,63,https://openalex.org/W2355216015,N/A,2014,Preparation of dry powder inhalation based on phytosomes-chitosan microspheres by spray-drying method and study on its characterization
snapshot_2,Topic_spray-dried_microspheres_2007-2016_Knowledge.txt,64,https://openalex.org/W2982148358,N/A,2016,FORMULATION AND EVALUATION OF MICROSPHERES CONTAINING LOSARTAN POTASSIUM BY SPRAY-DRYING TECHNIQUE.
snapshot_2,Topic_spray-dried_microspheres_2007-2016_Knowledge.txt,65,https://openalex.org/W1755330386,N/A,2011,Enhancing Solubility and Dissolution of Celecoxib by Spray Drying using Pluronic F 127
snapshot_2,Topic_spray-dried_microspheres_2007-2016_Knowledge.txt,66,https://openalex.org/W2335098619,https://doi.org/10.2174/157341312800167551,2012,"LiFePO <sub>4</sub> /C Microspheres with Nano-micro Structure, Prepared by Spray Drying Method Assisted with PVA as Template"
snapshot_2,Topic_spray-dried_microspheres_2007-2016_Knowledge.txt,67,https://openalex.org/W2182854324,N/A,2014,Spray Dried Ispaghula Microspheres Loaded with Aspirin: A Report on Unsuccessful Encapsulation.
snapshot_2,Topic_spray-dried_microspheres_2007-2016_Knowledge.txt,68,https://openalex.org/W1918441442,https://doi.org/10.15520/jpro.2014.vol4.iss1.1,2014,Spray-Dried Lamivudine Microspheres
snapshot_2,Topic_spray-dried_microspheres_2007-2016_Knowledge.txt,69,https://openalex.org/W1966315786,https://doi.org/10.1039/c4ra06903j,2014,Large-scale production of fine-sized Zn<sub>2</sub>SiO<sub>4</sub>:Mn phosphor microspheres with a dense structure and good photoluminescence properties by a spray-drying process
snapshot_2,Topic_spray-dried_microspheres_2007-2016_Knowledge.txt,70,https://openalex.org/W2490943278,https://doi.org/10.1002/aenm.201600794,2016,Egg‐Derived Mesoporous Carbon Microspheres as Bifunctional Oxygen Evolution and Oxygen Reduction Electrocatalysts
snapshot_2,Topic_spray-dried_microspheres_2007-2016_Knowledge.txt,71,https://openalex.org/W2323458845,https://doi.org/10.1166/jnn.2008.1138,2008,"Fabrication of Terazocin-Loaded Poly(D,L-lactide) Microspheres by an Ultrasonic Spray Drying Method and Their Release Behaviors"
snapshot_2,Topic_spray-dried_microspheres_2007-2016_Knowledge.txt,72,https://openalex.org/W2268750671,N/A,2015,Sodium and lithium storage properties of spray-dried molybdenum disulfide-graphene hierarchical microspheres
snapshot_2,Topic_spray-dried_microspheres_2007-2016_Knowledge.txt,73,https://openalex.org/W4382056215,https://doi.org/10.1016/s1452-3981(23)06636-1,2015,Preparation and Characterization of Porous Li2FeSiO4/C Microsphere via a Spray Drying-Assisted Technique
snapshot_2,Topic_spray-dried_microspheres_2007-2016_Knowledge.txt,74,https://openalex.org/W2389878890,N/A,2011,Preparation of sulfotanshinone sodium microspheres using spray-drying method
snapshot_2,Topic_spray-dried_microspheres_2007-2016_Knowledge.txt,75,https://openalex.org/W2145298780,https://doi.org/10.1002/anie.201001046,2010,Facile Two‐Step Synthesis of Porous Antigen‐Loaded Degradable Polyelectrolyte Microspheres
snapshot_2,Topic_spray-dried_microspheres_2007-2016_Knowledge.txt,76,https://openalex.org/W2356368218,N/A,2008,Preparation of ligustrazine-chitosan microspheres by spray drying method
snapshot_2,Topic_spray-dried_microspheres_2007-2016_Knowledge.txt,77,https://openalex.org/W2305076594,https://doi.org/10.1063/1.4944310,2016,Optimized spray drying process for preparation of one-step calcium-alginate gel microspheres
snapshot_2,Topic_spray-dried_microspheres_2007-2016_Knowledge.txt,78,https://openalex.org/W2360820328,N/A,2008,Morphology and Size of Ammonium Metatungstate Microsphere Prepared by Spray Drying Method
snapshot_2,Topic_spray-dried_microspheres_2007-2016_Knowledge.txt,79,https://openalex.org/W961768802,N/A,2013,Structure of Yttrium and Phosphorus-Containing Microspheres Prepared by Spray Dry Method
snapshot_2,Topic_spray-dried_microspheres_2007-2016_Knowledge.txt,80,https://openalex.org/W599085458,N/A,2012,Utilization of Natural Olibanum Gum Resin as a Rate Controlling Polymer in Design and Evaluation of Microspheres of an Antiretroviral Drug by using a Unique Spray Drying Technique
snapshot_2,Topic_spray-dried_microspheres_2007-2016_Knowledge.txt,81,https://openalex.org/W2055787625,https://doi.org/10.4103/0975-7406.94134,2012,Effects of spray drying conditions on the physicochemical properties of the Tramadol-Hcl microparticles containing Eudragit<sup>®</sup> RS and RL
snapshot_2,Topic_spray-dried_microspheres_2007-2016_Knowledge.txt,82,https://openalex.org/W1958320926,https://doi.org/10.1002/jemt.22324,2013,Porous TiO<sub>2</sub> nanowire microsphere constructed by spray drying and its electrochemical lithium storage properties
snapshot_2,Topic_spray-dried_microspheres_2007-2016_Knowledge.txt,83,https://openalex.org/W2137039965,https://doi.org/10.1002/anie.201307608,2013,"A General “Surface‐Locking” Approach toward Fast Assembly and Processing of Large‐Sized, Ordered, Mesoporous Carbon Microspheres"
snapshot_2,Topic_spray-dried_microspheres_2007-2016_Knowledge.txt,84,https://openalex.org/W2109354151,https://doi.org/10.1039/c4ta06086e,2015,Electrochemical properties and morphological evolution of pitaya-like Sb@C microspheres as high-performance anode for sodium ion batteries
snapshot_2,Topic_spray-dried_microspheres_2007-2016_Knowledge.txt,85,https://openalex.org/W2561008905,https://doi.org/10.1021/acssuschemeng.6b02383,2016,"Photoregenerable, Bifunctional Granules of Carbon-Doped g-C<sub>3</sub>N<sub>4</sub> as Adsorptive Photocatalyst for the Efficient Removal of Tetracycline Antibiotic"
snapshot_2,Topic_spray-dried_microspheres_2007-2016_Knowledge.txt,86,https://openalex.org/W2044258803,https://doi.org/10.1021/bm061131g,2007,Chitosan Nanoparticle-Loaded Mannitol Microspheres:  Structure and Surface Characterization
snapshot_2,Topic_spray-dried_microspheres_2007-2016_Knowledge.txt,87,https://openalex.org/W2080682697,https://doi.org/10.1002/aenm.201500046,2015,Novel Large‐Scale Synthesis of a C/S Nanocomposite with Mixed Conducting Networks through a Spray Drying Approach for Li–S Batteries
snapshot_2,Topic_spray-dried_microspheres_2007-2016_Knowledge.txt,88,https://openalex.org/W2087032263,https://doi.org/10.3390/polym3031377,2011,Poly Lactic-co-Glycolic Acid (PLGA) as Biodegradable Controlled Drug Delivery Carrier
snapshot_2,Topic_spray-dried_microspheres_2007-2016_Knowledge.txt,89,https://openalex.org/W2144653411,https://doi.org/10.1039/c1ee01197a,2011,"Novel SOx removal catalysts for the FCC process: Manufacture method, characterization, and pilot-scale testing"
snapshot_2,Topic_spray-dried_microspheres_2007-2016_Knowledge.txt,90,https://openalex.org/W1508716354,N/A,2014,ENHANCING SOLUBILITY AND DISSOLUTION OF FENOFIBRATE BY SPRAY DRYING TECHNIQUE
snapshot_2,Topic_spray-dried_microspheres_2007-2016_Knowledge.txt,91,https://openalex.org/W2114114716,https://doi.org/10.1080/02652040802305519,2008,Alginate/starch composites as wall material to achieve microencapsulation with high oil loading
snapshot_2,Topic_spray-dried_microspheres_2007-2016_Knowledge.txt,92,https://openalex.org/W2047846555,https://doi.org/10.1039/b615951f,2007,Mesoporous maghemite–organosilica microspheres: a promising route towards multifunctional platforms for smart diagnosis and therapy
snapshot_2,Topic_spray-dried_microspheres_2007-2016_Knowledge.txt,93,https://openalex.org/W1966686311,https://doi.org/10.1248/bpb.33.1364,2010,Preparation and Evaluation of Taste-Masked Donepezil Hydrochloride Orally Disintegrating Tablets
snapshot_2,Topic_spray-dried_microspheres_2007-2016_Knowledge.txt,94,https://openalex.org/W2035441005,https://doi.org/10.1248/cpb.59.920,2011,Formulation and Optimization of Orally Disintegrating Tablets of Sumatriptan Succinate
snapshot_2,Topic_spray-dried_microspheres_2007-2016_Knowledge.txt,95,https://openalex.org/W2153399964,https://doi.org/10.15272/ajbps.v5i47.713,2015,Microsphere: A Brief Review
snapshot_2,Topic_spray-dried_microspheres_2007-2016_Knowledge.txt,96,https://openalex.org/W2080993341,https://doi.org/10.1002/smll.201402994,2015,General Formation of Tin Nanoparticles Encapsulated in Hollow Carbon Spheres for Enhanced Lithium Storage Capability
snapshot_2,Topic_spray-dried_microspheres_2007-2016_Knowledge.txt,97,https://openalex.org/W2893267076,N/A,2013,PREPARATION OF BIODEGRADABLE MICROSPHERES BY SPRAY DRYING METHOD FOR ISONIAZID PULMONARY DELIVERY
snapshot_2,Topic_spray-dried_microspheres_2007-2016_Knowledge.txt,98,https://openalex.org/W2121506282,https://doi.org/10.7324/japs.2014.41114,2014,Enhancing Solubility and Dissolution of Olanzapine by Spray Drying Using β- Cyclodextrin Polymer
snapshot_2,Topic_spray-dried_microspheres_2007-2016_Knowledge.txt,99,https://openalex.org/W2041009687,https://doi.org/10.1021/mp200351y,2011,Controlled Release Pulmonary Administration of Curcumin Using Swellable Biocompatible Microparticles
snapshot_2,Topic_spray-dried_microspheres_2007-2016_Knowledge.txt,100,https://openalex.org/W2068884484,https://doi.org/10.1039/c3nr01574b,2013,Low-cost and large-scale synthesis of functional porous materials for phosphate removal with high performance
snapshot_2,Topic_spray-dried_microspheres_2007-2016_Knowledge.txt,101,https://openalex.org/W1968370225,https://doi.org/10.2147/ijn.s43479,2013,Formulation and evaluation of drug-loaded targeted magnetic microspheres for cancer therapy
snapshot_2,Topic_spray-dried_microspheres_2007-2016_Knowledge.txt,102,https://openalex.org/W2501812179,N/A,2012,"FORMULATION, OPTIMIZATION AND EVALUATION OF SPRAY DRIED MICROSPHERES OF AZITHROMYCIN DIHYDRATE"
snapshot_2,Topic_spray-dried_microspheres_2007-2016_Knowledge.txt,103,https://openalex.org/W1637154601,https://doi.org/10.3390/md13095901,2015,Physical Stability Studies of Semi-Solid Formulations from Natural Compounds Loaded with Chitosan Microspheres
snapshot_2,Topic_spray-dried_microspheres_2007-2016_Knowledge.txt,104,https://openalex.org/W1557244431,https://doi.org/10.4103/0250-474x.95607,2011,Chitosan microspheres in novel drug delivery systems.
snapshot_2,Topic_spray-dried_microspheres_2007-2016_Knowledge.txt,105,https://openalex.org/W2125069873,https://doi.org/10.1098/rsif.2012.0166,2012,Release profile and characteristics of electrosprayed particles for oral delivery of a practically insoluble drug
snapshot_2,Topic_spray-dried_microspheres_2007-2016_Knowledge.txt,106,https://openalex.org/W2003282275,https://doi.org/10.3109/10837450.2015.1022784,2015,A dry powder formulation from silk fibroin microspheres as a topical auto-gelling device
snapshot_2,Topic_spray-dried_microspheres_2007-2016_Knowledge.txt,107,https://openalex.org/W1984287052,https://doi.org/10.1039/c4ta00356j,2014,Graphitized porous carbon microspheres assembled with carbon black nanoparticles as improved anode materials in Li-ion batteries
snapshot_2,Topic_spray-dried_microspheres_2007-2016_Knowledge.txt,108,https://openalex.org/W1987617726,https://doi.org/10.3109/02652040802685241,2009,Formulation and evaluation of nasal mucoadhesive microspheres of Sumatriptan succinate
snapshot_2,Topic_spray-dried_microspheres_2007-2016_Knowledge.txt,109,https://openalex.org/W1998339348,https://doi.org/10.1063/1.3683540,2012,Resonant magnetic response of TiO2 microspheres at terahertz frequencies
snapshot_2,Topic_spray-dried_microspheres_2007-2016_Knowledge.txt,110,https://openalex.org/W2513580645,https://doi.org/10.2174/2213476x03666160727123840,2016,Spray-Dried Microspheres of Roxithromycin for Formulating into Dispersible Tablets Using Central Composite Design
snapshot_2,Topic_spray-dried_microspheres_2007-2016_Knowledge.txt,111,https://openalex.org/W2314522565,https://doi.org/10.1021/ie404123f,2014,Biphase TiO<sub>2</sub> Microspheres with Enhanced Photocatalytic Activity
snapshot_2,Topic_spray-dried_microspheres_2007-2016_Knowledge.txt,112,https://openalex.org/W1971869521,https://doi.org/10.1080/10611860802556842,2008,Mucoadhesive microspheres for nasal administration of cyclodextrins
snapshot_2,Topic_spray-dried_microspheres_2007-2016_Knowledge.txt,113,https://openalex.org/W2346160338,https://doi.org/10.22270/jddt.v0i0.884,2014,RIFAMPICIN LOADED SPRAY-DRIED OLIBANUM GUM RESIN PULMOSPHERES FOR LUNG DELIVERY
snapshot_2,Topic_spray-dried_microspheres_2007-2016_Knowledge.txt,114,https://openalex.org/W2325001694,https://doi.org/10.1038/srep23915,2016,"Applying Nanoscale Kirkendall Diffusion for Template-Free, Kilogram-Scale Production of SnO2 Hollow Nanospheres via Spray Drying System"
snapshot_2,Topic_spray-dried_microspheres_2007-2016_Knowledge.txt,115,https://openalex.org/W2051234433,https://doi.org/10.1002/jbm.a.34320,2012,<i>In vitro</i> evaluation of the effects of yttria–alumina–silica microspheres on human keratinocyte cells
snapshot_2,Topic_spray-dried_microspheres_2007-2016_Knowledge.txt,116,https://openalex.org/W2176118504,https://doi.org/10.1021/acssuschemeng.5b00382,2015,Sustainable Preparation of Copper Particles Decorated Carbon Microspheres and Studies on Their Bactericidal Activity and Catalytic Properties
snapshot_2,Topic_spray-dried_microspheres_2007-2016_Knowledge.txt,117,https://openalex.org/W1973849200,https://doi.org/10.1021/jf4040628,2014,Antiobese Effects of Capsaicin–Chitosan Microsphere (CCMS) in Obese Rats Induced by High Fat Diet
snapshot_2,Topic_spray-dried_microspheres_2007-2016_Knowledge.txt,118,https://openalex.org/W1982609836,https://doi.org/10.3109/10717544.2010.520351,2010,"In vivo, in vitro evaluation of linseed mucilage based buccal mucoadhesive microspheres of venlafaxine"
snapshot_2,Topic_spray-dried_microspheres_2007-2016_Knowledge.txt,119,https://openalex.org/W27759052,N/A,2009,Optimization of experimental parameters for the production of LMWH-loaded polymeric microspheres.
snapshot_2,Topic_spray-dried_microspheres_2007-2016_Knowledge.txt,120,https://openalex.org/W2011842871,https://doi.org/10.1039/c4nr06771a,2015,Encapsulation of α-Fe<sub>2</sub>O<sub>3</sub> nanoparticles in graphitic carbon microspheres as high-performance anode materials for lithium-ion batteries
snapshot_2,Topic_spray-dried_microspheres_2007-2016_Knowledge.txt,121,https://openalex.org/W2033718422,https://doi.org/10.1002/app.29247,2008,"Preparation, characterization, and adsorption properties of chitosan microspheres crosslinked by formaldehyde for copper (II) from aqueous solution"
snapshot_2,Topic_spray-dried_microspheres_2007-2016_Knowledge.txt,122,https://openalex.org/W1970297709,https://doi.org/10.1080/10837450802585286,2009,Nasal administration of ondansetron using a novel microspheres delivery system
snapshot_2,Topic_spray-dried_microspheres_2007-2016_Knowledge.txt,123,https://openalex.org/W2109802668,https://doi.org/10.1080/02652040802476187,2008,Formulation and evaluation of albumin microspheres and its enteric coating using a spray-dryer
snapshot_2,Topic_spray-dried_microspheres_2007-2016_Knowledge.txt,124,https://openalex.org/W2066635568,https://doi.org/10.1590/s0100-40422007000700041,2007,A low-cost ultrasonic spray dryer to produce spherical microparticles from polymeric matrices
snapshot_2,Topic_spray-dried_microspheres_2007-2016_Knowledge.txt,125,https://openalex.org/W2065426925,https://doi.org/10.1021/bm201821x,2012,Delivery of Dermatan Sulfate from Polyelectrolyte Complex-Containing Alginate Composite Microspheres for Tissue Regeneration
snapshot_2,Topic_spray-dried_microspheres_2007-2016_Knowledge.txt,126,https://openalex.org/W2141120564,https://doi.org/10.1039/c4nr05373g,2014,Formation of core–shell-structured Zn<sub>2</sub>SnO<sub>4</sub>–carbon microspheres with superior electrochemical properties by one-pot spray pyrolysis
snapshot_2,Topic_spray-dried_microspheres_2007-2016_Knowledge.txt,127,https://openalex.org/W2140995412,https://doi.org/10.1111/jphp.12476,2015,Cocrystal habit engineering to improve drug dissolution and alter derived powder properties
snapshot_2,Topic_spray-dried_microspheres_2007-2016_Knowledge.txt,128,https://openalex.org/W2342176945,N/A,2015,MICROSPHERES: A BRIEF REVIEW
snapshot_2,Topic_spray-dried_microspheres_2007-2016_Knowledge.txt,129,https://openalex.org/W2187019552,https://doi.org/10.37285/ijpsn.2012.5.1.6,2012,A Comparative Study of Acyclovir icroencapsulation by Novel Solvent Evaporation-Matrix Erosion and Spray Drying Techniques
snapshot_2,Topic_spray-dried_microspheres_2007-2016_Knowledge.txt,130,https://openalex.org/W1980304115,https://doi.org/10.1002/jbm.b.31910,2011,The effect of porosity on drug release kinetics from vancomycin microsphere/calcium phosphate cement composites
snapshot_2,Topic_spray-dried_microspheres_2007-2016_Knowledge.txt,131,https://openalex.org/W2003889156,https://doi.org/10.5138/ijdd.2010.0975.0215.02031,2010,"Formulation of sildenafil citrate loaded nasal microsphers: An in vitro, ex vivo characterization."
snapshot_2,Topic_spray-dried_microspheres_2007-2016_Knowledge.txt,132,https://openalex.org/W2105155545,https://doi.org/10.1080/03639040600920309,2007,Development and In Vitro Characterization of Chitosan-based Microspheres for Nasal Delivery of Promethazine
snapshot_2,Topic_spray-dried_microspheres_2007-2016_Knowledge.txt,133,https://openalex.org/W4235044947,https://doi.org/10.1038/srep29147,2016,Correction: Corrigendum: Synthesis of Reduced Graphene Oxide-Modified LiMn0.75Fe0.25PO4 Microspheres by Salt-Assisted Spray Drying for High-Performance Lithium-Ion Batteries
snapshot_2,Topic_spray-dried_microspheres_2007-2016_Knowledge.txt,134,https://openalex.org/W2261779093,https://doi.org/10.14447/jnmes.v16i2.13,2013,Facile Synthesis of Donut-like TiO&lt;sub&gt;2&lt;/sub&gt;-SnO&lt;sub&gt;2&lt;/sub&gt; Nanocomposite Microspheres by a Two-step Hydrothermal Reaction and Subsequent Spray Drying Process and Its Electrochemical Lithium Storage Properties
snapshot_2,Topic_spray-dried_microspheres_2007-2016_Knowledge.txt,135,https://openalex.org/W2604995002,N/A,2015,Development of floating microspheres of anti-ulcer drug as a gastroretentivedrug delivery system
snapshot_2,Topic_spray-dried_microspheres_2007-2016_Knowledge.txt,136,https://openalex.org/W2135590855,https://doi.org/10.3109/10837450903148257,2010,Ondansetron-loaded biodegradable microspheres as a nasal sustained delivery system: In vitro/in vivo studies
snapshot_2,Topic_spray-dried_microspheres_2007-2016_Knowledge.txt,137,https://openalex.org/W2418810769,https://doi.org/10.1007/s11427-016-5051-4,2016,Sustained release of isoniazid from polylactide microspheres prepared using solid/oil drug loading method for tuberculosis treatment
snapshot_2,Topic_spray-dried_microspheres_2007-2016_Knowledge.txt,138,https://openalex.org/W2020420464,https://doi.org/10.1088/1748-6041/5/5/055008,2010,Development of a novel AMX-loaded PLGA/zein microsphere for root canal disinfection
snapshot_2,Topic_spray-dried_microspheres_2007-2016_Knowledge.txt,139,https://openalex.org/W2098268544,https://doi.org/10.1080/03639040902824845,2009,Hollow spherical nanoparticulate aggregates as potential ultrasound contrast agent: shell thickness characterization
snapshot_2,Topic_spray-dried_microspheres_2007-2016_Knowledge.txt,140,https://openalex.org/W2027935376,https://doi.org/10.3797/scipharm.0901-11,2009,Preparation and In Vitro Evaluation of Budesonide Spray Dried Microparticles for Pulmonary Delivery
snapshot_2,Topic_spray-dried_microspheres_2007-2016_Knowledge.txt,141,https://openalex.org/W2054577531,https://doi.org/10.1080/07373930902828005,2009,Low-Temperature Spray Drying for the Microencapsulation of the Fungus<i>Beauveria bassiana</i>
snapshot_2,Topic_spray-dried_microspheres_2007-2016_Knowledge.txt,142,https://openalex.org/W2520199446,https://doi.org/10.1021/acs.iecr.6b01004,2016,Facile Synthesis of Mesoporous Reduced Graphene Oxide Microspheres with Well-Distributed Fe<sub>2</sub>O<sub>3</sub> Nanoparticles for Photochemical Catalysis
snapshot_2,Topic_spray-dried_microspheres_2007-2016_Knowledge.txt,143,https://openalex.org/W4242604539,https://doi.org/10.1211/jpp.61.01.0006,2009,Pectin-based microspheres for colon-specific delivery of vancomycin
snapshot_2,Topic_spray-dried_microspheres_2007-2016_Knowledge.txt,144,https://openalex.org/W2057819686,https://doi.org/10.1002/advs.201500078,2015,Design and Fabrication of Microspheres with Hierarchical Internal Structure for Tuning Battery Performance
snapshot_2,Topic_spray-dried_microspheres_2007-2016_Knowledge.txt,145,https://openalex.org/W2017718367,https://doi.org/10.3109/1061186x.2010.504270,2010,Spray-dried doxorubicin-albumin microparticulate systems for treatment of multidrug resistant melanomas
snapshot_2,Topic_spray-dried_microspheres_2007-2016_Knowledge.txt,146,https://openalex.org/W2280095843,https://doi.org/10.2147/dddt.s97982,2016,"Formulation, optimization, and pharmacodynamic evaluation of chitosan/phospholipid/&amp;beta;-cyclodextrin microspheres"
snapshot_2,Topic_spray-dried_microspheres_2007-2016_Knowledge.txt,147,https://openalex.org/W2157575107,https://doi.org/10.1002/pat.1710,2010,Miltefosine loaded albumin microparticles for treatment of visceral leishmaniasis: formulation development and <i>in vitro</i> evaluation
snapshot_2,Topic_spray-dried_microspheres_2007-2016_Knowledge.txt,148,https://openalex.org/W1650920767,https://doi.org/10.22270/jddt.v2i5.292,2012,Formulation &amp; characterisation of chitosan based microspheres of Salbutamol sulphate dry powder inhaler formulation
snapshot_2,Topic_spray-dried_microspheres_2007-2016_Knowledge.txt,149,https://openalex.org/W2141918308,https://doi.org/10.3390/ma7042833,2014,Zinc Oxide—From Synthesis to Application: A Review
snapshot_2,Topic_spray-dried_microspheres_2007-2016_Knowledge.txt,150,https://openalex.org/W2106536537,https://doi.org/10.18433/j3nc79,2009,"Intranasal Drug Delivery: How, Why and What for?"
snapshot_2,Topic_spray-dried_microspheres_2007-2016_Knowledge.txt,151,https://openalex.org/W2419392412,https://doi.org/10.1080/02652048.2016.1194906,2016,"Influence of polyvinylpyrrolidone quantity on the solubility, crystallinity and oral bioavailability of fenofibrate in solvent-evaporated microspheres"
snapshot_2,Topic_spray-dried_microspheres_2007-2016_Knowledge.txt,152,https://openalex.org/W2036063670,https://doi.org/10.1246/cl.2008.424,2008,Aggregating TiO2 (B) Nanowires to Porous Basketry-like Microspheres and Their Photocatalytic Properties
snapshot_2,Topic_spray-dried_microspheres_2007-2016_Knowledge.txt,153,https://openalex.org/W1987654270,https://doi.org/10.1002/app.28040,2008,Microencapsulation of doxycycline into poly(lactide‐<i>co</i>‐glycolide) by spray drying technique: Effect of polymer molecular weight on process parameters
snapshot_2,Topic_spray-dried_microspheres_2007-2016_Knowledge.txt,154,https://openalex.org/W2040115324,https://doi.org/10.3390/ijms150813624,2014,TNF-α Blocker Effect of Naringenin-Loaded Sericin Microparticles that Are Potentially Useful in the Treatment of Psoriasis
snapshot_2,Topic_spray-dried_microspheres_2007-2016_Knowledge.txt,155,https://openalex.org/W2166263696,https://doi.org/10.1080/02652040701374889,2007,Eudragit® microparticles as a possible tool for ophthalmic administration of acyclovir
snapshot_2,Topic_spray-dried_microspheres_2007-2016_Knowledge.txt,156,https://openalex.org/W2170912986,https://doi.org/10.1080/03639040600865223,2007,Enhanced Oral Bioavailability of Piroxicam in Rats by Hyaluronate Microspheres
snapshot_2,Topic_spray-dried_microspheres_2007-2016_Knowledge.txt,157,https://openalex.org/W2141240339,https://doi.org/10.4172/2157-7439.1000208,2014,Formulation Development and In vitro Evaluation of Oral Extended release Capsules Containing Biodegradable Microspheres
snapshot_2,Topic_spray-dried_microspheres_2007-2016_Knowledge.txt,158,https://openalex.org/W2165685541,https://doi.org/10.1186/1556-276x-7-1,2012,Effects of crystallization and dopant concentration on the emission behavior of TiO2:Eu nanophosphors
snapshot_2,Topic_spray-dried_microspheres_2007-2016_Knowledge.txt,159,https://openalex.org/W2346061943,https://doi.org/10.1021/acsbiomaterials.6b00048,2016,Protein Microspheres with Unique Green and Red Autofluorescence for Noninvasively Tracking and Modeling Their in Vivo Biodegradation
snapshot_2,Topic_spray-dried_microspheres_2007-2016_Knowledge.txt,160,https://openalex.org/W2142737452,https://doi.org/10.1080/02652040802420409,2008,Formulation and characterization of catalase in albumin microspheres
snapshot_2,Topic_spray-dried_microspheres_2007-2016_Knowledge.txt,161,https://openalex.org/W2062360366,https://doi.org/10.1002/jbm.b.31752,2010,Controllable dual‐release of dexamethasone and bovine serum albumin from PLGA/β‐tricalcium phosphate composite scaffolds
snapshot_2,Topic_spray-dried_microspheres_2007-2016_Knowledge.txt,162,https://openalex.org/W2094552549,https://doi.org/10.3109/10717544.2014.926429,2014,Preparation oral levofloxacin colon-specific microspheres delivery: <i>in vitro</i> and <i>in vivo</i> studies
snapshot_2,Topic_spray-dried_microspheres_2007-2016_Knowledge.txt,163,https://openalex.org/W1829922203,https://doi.org/10.15376/biores.10.4.8148-8167,2015,Effect of drying pretreatment on the acetylation of nanofibrillated cellulose
snapshot_2,Topic_spray-dried_microspheres_2007-2016_Knowledge.txt,164,https://openalex.org/W2523185801,https://doi.org/10.1002/celc.201600467,2016,Preparation of Enhanced‐Performance LiMn<sub>0.6</sub>Fe<sub>0.4</sub>PO<sub>4</sub>/C Cathode Material for Lithium‐Ion Batteries by using a Divalent Transition‐Metal Phosphate as an Intermediate
snapshot_2,Topic_spray-dried_microspheres_2007-2016_Knowledge.txt,165,https://openalex.org/W2074980407,https://doi.org/10.3390/md13031133,2015,"Chitin and Chitosan Preparation from Marine Sources. Structure, Properties and Applications"
snapshot_2,Topic_spray-dried_microspheres_2007-2016_Knowledge.txt,166,https://openalex.org/W2095352613,https://doi.org/10.1080/03602559.2014.1003235,2015,Spray-Dried Mesoporous Hydroxyapatite–Chitosan Biocomposites
snapshot_2,Topic_spray-dried_microspheres_2007-2016_Knowledge.txt,167,https://openalex.org/W2039836891,https://doi.org/10.2174/1872211308666140218110520,2014,Advancement in Microsphere Preparation Using Natural Polymers and Recent Patents
snapshot_2,Topic_spray-dried_microspheres_2007-2016_Knowledge.txt,168,https://openalex.org/W2032393227,https://doi.org/10.2174/157340609787582963,2009,Preparation and Characterisation of Alendronate-Loaded Chitosan Microparticles Obtained Through the Spray Drying Technique
snapshot_2,Topic_spray-dried_microspheres_2007-2016_Knowledge.txt,169,https://openalex.org/W1980455551,https://doi.org/10.1246/cl.2008.892,2008,Aerosol-assisted Rapid Fabrication of Well-dispersed and Highly Doped Titanium-containing Mesoporous Silica Microspheres
snapshot_2,Topic_spray-dried_microspheres_2007-2016_Knowledge.txt,170,https://openalex.org/W2084728485,https://doi.org/10.3109/02652040802656333,2009,Preparation and evaluation of microspheres prepared from novel polyester-ibuprofen conjugates blended with non-conjugated ibuprofen
snapshot_2,Topic_spray-dried_microspheres_2007-2016_Knowledge.txt,171,https://openalex.org/W2163837614,https://doi.org/10.1002/adv.21535,2015,Hydrogel Microparticles as an Emerging Tool in Pharmaceutical Field: A Review
snapshot_2,Topic_spray-dried_microspheres_2007-2016_Knowledge.txt,172,https://openalex.org/W2495674669,https://doi.org/10.1002/ppsc.201600123,2016,Nano-in-Micro POxylated Polyurea Dendrimers and Chitosan Dry Powder Formulations for Pulmonary Delivery
snapshot_2,Topic_spray-dried_microspheres_2007-2016_Knowledge.txt,173,https://openalex.org/W1990765059,https://doi.org/10.1002/app.34905,2011,Preparation and characterization of β‐cyclodextrin‐linked chitosan microparticles
snapshot_2,Topic_spray-dried_microspheres_2007-2016_Knowledge.txt,174,https://openalex.org/W2592668301,N/A,2011,Formulation and evaluation of mucoadhesive Nigalla Sativa and Olive oils for vaginal infections.
snapshot_2,Topic_spray-dried_microspheres_2007-2016_Knowledge.txt,175,https://openalex.org/W2104113129,https://doi.org/10.1039/c4ra04997g,2014,Scalable synthesis of porous silicon/carbon microspheres as improved anode materials for Li-ion batteries
snapshot_2,Topic_spray-dried_microspheres_2007-2016_Knowledge.txt,176,https://openalex.org/W2138741739,https://doi.org/10.3109/02652048.2011.630109,2011,"Mucoadhesive bilayer buccal tablet of carvedilol-loaded chitosan microspheres:<i>in vitro</i>, pharmacokinetic and pharmacodynamic investigations"
snapshot_2,Topic_spray-dried_microspheres_2007-2016_Knowledge.txt,177,https://openalex.org/W1968525203,https://doi.org/10.1097/cad.0b013e3283393004,2010,Therapeutic effectiveness of slow-release PLGA-oxaliplatin microsphere on human colorectal tumor-bearing mice
snapshot_2,Topic_spray-dried_microspheres_2007-2016_Knowledge.txt,178,https://openalex.org/W2339099717,https://doi.org/10.4172/2325-9604.1000143,2016,A Novel Microparticulate Formulation with Allicin In Situ Synthesis
snapshot_2,Topic_spray-dried_microspheres_2007-2016_Knowledge.txt,179,https://openalex.org/W2758448616,N/A,2016,Research on in vitro release of Isoniazid (INH) super paramagnetic microspheres in different magnetic fields.
snapshot_2,Topic_spray-dried_microspheres_2007-2016_Knowledge.txt,180,https://openalex.org/W1852812055,https://doi.org/10.1039/c5ra13419f,2015,Encapsulation of food protein hydrolysates and peptides: a review
snapshot_2,Topic_spray-dried_microspheres_2007-2016_Knowledge.txt,181,https://openalex.org/W2138575795,https://doi.org/10.3390/pharmaceutics3040793,2011,Encapsulation of Natural Polyphenolic Compounds; a Review
snapshot_2,Topic_spray-dried_microspheres_2007-2016_Knowledge.txt,182,https://openalex.org/W1570957400,https://doi.org/10.1080/07373937.2015.1021008,2015,Whey Protein-Pullulan (WP/Pullulan) Polymer Blend for Preservation of Viability of<i>Lactobacillus acidophilus</i>
snapshot_2,Topic_spray-dried_microspheres_2007-2016_Knowledge.txt,183,https://openalex.org/W2279365373,https://doi.org/10.1002/asia.201501417,2016,Fabrication of High‐Energy Li‐Ion Cells with Li<sub>4</sub>Ti<sub>5</sub>O<sub>12</sub> Microspheres as Anode and 0.5 Li<sub>2</sub>MnO<sub>3</sub>⋅0.5 LiNi<sub>0.4</sub>Co<sub>0.2</sub>Mn<sub>0.4</sub>O<sub>2</sub> Microspheres as Cathode
snapshot_2,Topic_spray-dried_microspheres_2007-2016_Knowledge.txt,184,https://openalex.org/W2160286604,https://doi.org/10.1039/b9nj00773c,2010,Tuning nanophase separation and drug delivery kinetics through spray drying and self-assembly
snapshot_2,Topic_spray-dried_microspheres_2007-2016_Knowledge.txt,185,https://openalex.org/W2131593447,https://doi.org/10.1590/s1516-14392014005000073,2014,Synthesis of zinc aluminate (ZnAl2O4) spinel and its application as photocatalyst
snapshot_2,Topic_spray-dried_microspheres_2007-2016_Knowledge.txt,186,https://openalex.org/W2049299979,https://doi.org/10.1177/0885328210366489,2010,Biodegradable Polymeric Capsules Obtained via Room Temperature Spray Drying: Preparation and Characterization
snapshot_2,Topic_spray-dried_microspheres_2007-2016_Knowledge.txt,187,https://openalex.org/W2099198879,https://doi.org/10.2174/1874126600802010038,2008,Improvement of Antiamoebic Activity of Rokitamycin Loaded in Chitosan Microspheres
snapshot_2,Topic_spray-dried_microspheres_2007-2016_Knowledge.txt,188,https://openalex.org/W2141811478,https://doi.org/10.1246/cl.2010.588,2010,Facile Fabrication and Magnetic Properties of Macroporous Spinel Microspheres from Layered Double Hydroxide Microsphere Precursor
snapshot_2,Topic_spray-dried_microspheres_2007-2016_Knowledge.txt,189,https://openalex.org/W1987715242,https://doi.org/10.1021/jp072378q,2007,Preparation and Formation Mechanism of Hollow Microspherical Tungsten Carbide with Mesoporosity
snapshot_2,Topic_spray-dried_microspheres_2007-2016_Knowledge.txt,190,https://openalex.org/W1480818283,https://doi.org/10.1002/ejlt.201200109,2013,Alpha‐tocopherol microspheres with cross‐linked and acetylated inulin and their release profile in a hydrophilic model
snapshot_2,Topic_spray-dried_microspheres_2007-2016_Knowledge.txt,191,https://openalex.org/W2047556498,https://doi.org/10.4028/www.scientific.net/kem.587.239,2013,Preparation and Characterization of Collagen/Hydroxyapatite Microsphere Composite Scaffold for Bone Regeneration
snapshot_2,Topic_spray-dried_microspheres_2007-2016_Knowledge.txt,192,https://openalex.org/W125452005,N/A,2007,Recent advances in the preparation progress of protein/peptide drug loaded PLA/PLGA microspheres.
snapshot_2,Topic_spray-dried_microspheres_2007-2016_Knowledge.txt,193,https://openalex.org/W2078080177,https://doi.org/10.1002/jbm.b.31296,2008,Polymeric particle formation through electrospraying at low atmospheric pressure
snapshot_2,Topic_spray-dried_microspheres_2007-2016_Knowledge.txt,194,https://openalex.org/W2217014449,https://doi.org/10.1039/c5dt04702a,2015,Facile large scale preparation and electromagnetic properties of silica–nickel–carbon composite shelly hollow microspheres
snapshot_2,Topic_spray-dried_microspheres_2007-2016_Knowledge.txt,195,https://openalex.org/W2166866885,https://doi.org/10.1002/ente.201300081,2013,Li‐ion Reaction to Improve the Rate Performance of Nanoporous Anatase TiO<sub>2</sub> Anodes
snapshot_2,Topic_spray-dried_microspheres_2007-2016_Knowledge.txt,196,https://openalex.org/W2061017218,https://doi.org/10.1080/07373930903383638,2009,Properties of Chitosan Microgranules Formed by Supercritical Fluid Processing
snapshot_2,Topic_spray-dried_microspheres_2007-2016_Knowledge.txt,197,https://openalex.org/W2133061411,https://doi.org/10.1002/pi.4606,2013,Biocompatibility and characteristics of theophylline/carboxymethyl chitosan microspheres for pulmonary drug delivery
snapshot_2,Topic_spray-dried_microspheres_2007-2016_Knowledge.txt,198,https://openalex.org/W2075226895,https://doi.org/10.3109/1061186x.2013.878944,2014,Inhalable microspheres embedding chitosan-coated PLGA nanoparticles for 2-methoxyestradiol
snapshot_2,Topic_spray-dried_microspheres_2007-2016_Knowledge.txt,199,https://openalex.org/W2513288389,https://doi.org/10.1021/acs.iecr.5b00858,2015,Macro-mesoporous TiO<sub>2</sub> Microspheres for Highly Efficient Dye-Sensitized Solar Cells
snapshot_2,Topic_spray-dried_microspheres_2007-2016_Knowledge.txt,200,https://openalex.org/W2135226291,https://doi.org/10.1021/jp405053k,2013,Preparation and Investigation of Quantum-Dot-Loaded Hollow Polymer Microspheres
snapshot_2,Topic_spray-dried_microspheres_2007-2016_Knowledge.txt,201,https://openalex.org/W2266732512,https://doi.org/10.2147/dddt.s99651,2016,"Preparation, characterization, and potential application of chitosan, chitosan derivatives, and chitosan metal nanoparticles in pharmaceutical drug delivery"
snapshot_2,Topic_spray-dried_microspheres_2007-2016_Knowledge.txt,202,https://openalex.org/W2163968994,https://doi.org/10.1016/j.crci.2009.10.002,2009,"Perspectives in 1H, 14N and 81Br solid-state NMR studies of interfaces in materials textured by self-assembled amphiphiles"
snapshot_2,Topic_spray-dried_microspheres_2007-2016_Knowledge.txt,203,https://openalex.org/W2044548895,https://doi.org/10.4103/0250-474x.108416,2012,Eudragit<sup>®</sup>microparticles for the release of budesonide: A comparative study
snapshot_2,Topic_spray-dried_microspheres_2007-2016_Knowledge.txt,204,https://openalex.org/W2258860664,N/A,2009,Improvement of Inhalation Profile of DPI Formulations by Carrier Treatment with Magnesium Stearate
snapshot_2,Topic_spray-dried_microspheres_2007-2016_Knowledge.txt,205,https://openalex.org/W2090272076,https://doi.org/10.1021/bm5005367,2014,"Spray-Dried Polyelectrolyte Microparticles in Oral Antigen Delivery: Stability, Biocompatibility, and Cellular Uptake"
snapshot_2,Topic_spray-dried_microspheres_2007-2016_Knowledge.txt,206,https://openalex.org/W1982540422,https://doi.org/10.1039/c4nr00394b,2014,Mn0.5Co0.5Fe2O4 nanoparticles highly dispersed in porous carbon microspheres as high performance anode materials in Li-ion batteries
snapshot_2,Topic_spray-dried_microspheres_2007-2016_Knowledge.txt,207,https://openalex.org/W2226552891,N/A,2008,Preparation and evaluation of a liquid sustained-release drug delivery system for theophylline using spray-drying technique
snapshot_2,Topic_spray-dried_microspheres_2007-2016_Knowledge.txt,208,https://openalex.org/W2466659525,https://doi.org/10.1039/c6nr03256g,2016,Recent advances in chitosan-based nanoparticulate pulmonary drug delivery
snapshot_2,Topic_spray-dried_microspheres_2007-2016_Knowledge.txt,209,https://openalex.org/W2088206962,https://doi.org/10.4028/www.scientific.net/amr.236-238.1902,2011,Preparation of Silk Fibroin Microspheres
snapshot_2,Topic_spray-dried_microspheres_2007-2016_Knowledge.txt,210,https://openalex.org/W2741010777,https://doi.org/10.35652/igjps.2012.01,2012,Microencapsulation – A Novel Approach in Drug Delivery: A Review
snapshot_2,Topic_spray-dried_microspheres_2007-2016_Knowledge.txt,211,https://openalex.org/W2099647123,https://doi.org/10.1590/s1984-82502011000100018,2011,pH-sensitive polyvinylpyrrolidone-acrylic acid hydrogels: Impact of material parameters on swelling and drug release
snapshot_2,Topic_spray-dried_microspheres_2007-2016_Knowledge.txt,212,https://openalex.org/W2278710523,https://doi.org/10.1002/jbm.a.35695,2016,<i>In vitro</i>osteogenic induction of human marrow‐derived mesenchymal stem cells by PCL fibrous scaffolds containing dexamethazone‐loaded chitosan microspheres
snapshot_2,Topic_spray-dried_microspheres_2007-2016_Knowledge.txt,213,https://openalex.org/W2159224539,https://doi.org/10.3109/02652048.2012.720724,2012,Microencapsulation of protein into biodegradable matrix: a smart solution cross-linking technique
snapshot_2,Topic_spray-dried_microspheres_2007-2016_Knowledge.txt,214,https://openalex.org/W2346895188,https://doi.org/10.1111/1750-3841.13313,2016,"Viability, Acid and Bile Tolerance of Spray Dried Probiotic Bacteria and Some Commercial Probiotic Supplement Products Kept at Room Temperature"
snapshot_2,Topic_spray-dried_microspheres_2007-2016_Knowledge.txt,215,https://openalex.org/W2328984514,https://doi.org/10.14227/dt180311p15,2011,Simulated Biological Fluids with Possible Application in Dissolution Testing
snapshot_2,Topic_spray-dried_microspheres_2007-2016_Knowledge.txt,216,https://openalex.org/W2559171777,https://doi.org/10.1039/c6cs00829a,2016,Hierarchically porous materials: synthesis strategies and structure design
snapshot_2,Topic_spray-dried_microspheres_2007-2016_Knowledge.txt,217,https://openalex.org/W2182577562,N/A,2009,Selection of better method for the preparation of microspheres by applying Analytic Hierarchy Process
snapshot_2,Topic_spray-dried_microspheres_2007-2016_Knowledge.txt,218,https://openalex.org/W2022495385,https://doi.org/10.5530/ijper.47.3.1,2013,Mannequin-Simulator as a New Teaching and Learning Method in Performance-Based Pharmacotherapy
snapshot_2,Topic_spray-dried_microspheres_2007-2016_Knowledge.txt,219,https://openalex.org/W2912500429,N/A,2010,Effects of microwave on drug release responses of spray-dried alginate microspheres / Ekha Mardziah Radman
snapshot_2,Topic_spray-dried_microspheres_2007-2016_Knowledge.txt,220,https://openalex.org/W2332405379,https://doi.org/10.22377/ajp.v8i1.322,2014,Study of mucoadhesive microsphere of pirfenidone for nasal drug delivery
snapshot_2,Topic_spray-dried_microspheres_2007-2016_Knowledge.txt,221,https://openalex.org/W1994439598,https://doi.org/10.3390/nano5010154,2015,Cysteine-Functionalized Chitosan Magnetic Nano-Based Particles for the Recovery of Light and Heavy Rare Earth Metals: Uptake Kinetics and Sorption Isotherms
snapshot_2,Topic_spray-dried_microspheres_2007-2016_Knowledge.txt,222,https://openalex.org/W2018583031,https://doi.org/10.4028/www.scientific.net/amr.506.587,2012,Stability of Anthocyanin from Mulberry Extracts in Alginate Microspheres at High Temperature
snapshot_2,Topic_spray-dried_microspheres_2007-2016_Knowledge.txt,223,https://openalex.org/W1532444234,https://doi.org/10.1002/dta.389,2012,Paromomycin‐loaded albumin microspheres: Efficacy and stability studies
snapshot_2,Topic_spray-dried_microspheres_2007-2016_Knowledge.txt,224,https://openalex.org/W2027874667,https://doi.org/10.3109/10717541003667780,2010,Optimization of prednisolone acetate-loaded chitosan microspheres using a 2<sup>3</sup>factorial design for preventing restenosis
snapshot_2,Topic_spray-dried_microspheres_2007-2016_Knowledge.txt,225,https://openalex.org/W2553139996,https://doi.org/10.1021/acs.chemrev.6b00627,2016,Innovation in Layer-by-Layer Assembly
snapshot_2,Topic_spray-dried_microspheres_2007-2016_Knowledge.txt,226,https://openalex.org/W2315878062,https://doi.org/10.5935/0100-4042.20150104,2015,"ENCAPSULATION OF L-ASCORBIC ACID WITHIN THE NATURAL BIOPOLYMER-GALACTOMANNAN-USING THE SPRAY-DRYING METHOD: PREPARATION, CHARACTERIZATION, AND EVALUATION OF ANTIOXIDANT ACTIVITY"
snapshot_2,Topic_spray-dried_microspheres_2007-2016_Knowledge.txt,227,https://openalex.org/W2166990004,https://doi.org/10.3797/scipharm.2007.75.63,2007,Improvement of Albendazole Dissolution by Preparing Microparticles Using Spray-Drying Technique
snapshot_2,Topic_spray-dried_microspheres_2007-2016_Knowledge.txt,228,https://openalex.org/W2561959357,https://doi.org/10.1155/2016/7697031,2016,Alginate: Current Use and Future Perspectives in Pharmaceutical and Biomedical Applications
snapshot_2,Topic_spray-dried_microspheres_2007-2016_Knowledge.txt,229,https://openalex.org/W2147223058,https://doi.org/10.4172/2157-7439.1000186,2013,Nano Spray Drying as an Innovative Technology for Encapsulating Hydrophilic Active Pharmaceutical Ingredients (API)
snapshot_2,Topic_spray-dried_microspheres_2007-2016_Knowledge.txt,230,https://openalex.org/W2286272055,https://doi.org/10.3390/md14030042,2016,Sulfated Seaweed Polysaccharides as Multifunctional Materials in Drug Delivery Applications
snapshot_2,Topic_spray-dried_microspheres_2007-2016_Knowledge.txt,231,https://openalex.org/W1831870272,https://doi.org/10.1360/n032014-00115,2014,Synthesis of Na&amp;lt;sub&amp;gt;2&amp;lt;/sub&amp;gt;Ti&amp;lt;sub&amp;gt;3&amp;lt;/sub&amp;gt;O&amp;lt;sub&amp;gt;7&amp;lt;/sub&amp;gt;@MWCNTs anode material by spray-drying method of sol-gel precursor for sodium-ion batteries
snapshot_2,Topic_spray-dried_microspheres_2007-2016_Knowledge.txt,232,https://openalex.org/W1601991006,https://doi.org/10.1002/adv.21550,2015,"Gastrointestinal Mucosa: The Target Site of Mucoadhesive Microspheres, A Review"
snapshot_2,Topic_spray-dried_microspheres_2007-2016_Knowledge.txt,233,https://openalex.org/W2029095596,https://doi.org/10.1109/biyomut.2009.5130340,2009,Stability of trans-resveratrol incorporated in chitosan microspheres
snapshot_2,Topic_spray-dried_microspheres_2007-2016_Knowledge.txt,234,https://openalex.org/W2384532495,N/A,2007,Preparation of paracetamol sustained-released microspheres by spray drying
snapshot_2,Topic_spray-dried_microspheres_2007-2016_Knowledge.txt,235,https://openalex.org/W2223813154,N/A,2012,Solid Dispersion: Solubility Enhancement for Poorly Water Soluble Drug
snapshot_2,Topic_spray-dried_microspheres_2007-2016_Knowledge.txt,236,https://openalex.org/W4384488878,https://doi.org/10.5281/zenodo.8154665,2009,Preparation and characterization of spray-dried mucoadhesive microspheres of aceclofenac
snapshot_2,Topic_spray-dried_microspheres_2007-2016_Knowledge.txt,237,https://openalex.org/W2025343509,https://doi.org/10.1155/2015/794601,2015,Recent Trends in Preparation of Poly(lactide‐<i>co</i>‐glycolide) Nanoparticles by Mixing Polymeric Organic Solution with Antisolvent
snapshot_2,Topic_spray-dried_microspheres_2007-2016_Knowledge.txt,238,https://openalex.org/W2357486065,N/A,2008,[Prepared evening primrose oil microspheres by spray drying].
snapshot_2,Topic_spray-dried_microspheres_2007-2016_Knowledge.txt,239,https://openalex.org/W336582263,N/A,2014,Bioadhesive Microparticles and Liposomes of Anti-Parkinson Drugs for Nasal Delivery
snapshot_2,Topic_spray-dried_microspheres_2007-2016_Knowledge.txt,240,https://openalex.org/W2369771776,N/A,2015,Preparation of gastrodin-chitosan microspheres by spray-drying method
snapshot_2,Topic_spray-dried_microspheres_2007-2016_Knowledge.txt,241,https://openalex.org/W2520616997,https://doi.org/10.1002/ente.201600435,2016,Carbon Nanotube Modified V<sub>2</sub>O<sub>5</sub> Porous Microspheres as Cathodes for High‐Performance Lithium‐Ion Batteries
snapshot_2,Topic_spray-dried_microspheres_2007-2016_Knowledge.txt,242,https://openalex.org/W1743521370,https://doi.org/10.2147/ijn.s91556,2015,Improvement of fluvastatin bioavailability by loading on nanostructured lipid carriers
snapshot_2,Topic_spray-dried_microspheres_2007-2016_Knowledge.txt,243,https://openalex.org/W2090620682,https://doi.org/10.2147/ijn.s43575,2013,Advances in drug delivery via electrospun and electrosprayed nanomaterials
snapshot_2,Topic_spray-dried_microspheres_2007-2016_Knowledge.txt,244,https://openalex.org/W2047568538,https://doi.org/10.2147/ijn.s17296,2011,Recent advances of chitosan nanoparticles as drug carriers
snapshot_2,Topic_spray-dried_microspheres_2007-2016_Knowledge.txt,245,https://openalex.org/W2017547280,https://doi.org/10.4028/www.scientific.net/amr.197-198.156,2011,Surface and Porous Characteristics of Spray Dried Hydroxyapatite Microspheres
snapshot_2,Topic_spray-dried_microspheres_2007-2016_Knowledge.txt,246,https://openalex.org/W2079737676,https://doi.org/10.1134/s1061933x12030179,2012,Adsorption properties of silica-based sorbents containing phosphonic acid residues
snapshot_2,Topic_spray-dried_microspheres_2007-2016_Knowledge.txt,247,https://openalex.org/W1998989840,https://doi.org/10.3389/fcimb.2013.00013,2013,Vaccine delivery using nanoparticles
snapshot_2,Topic_spray-dried_microspheres_2007-2016_Knowledge.txt,248,https://openalex.org/W2043904060,https://doi.org/10.3390/pharmaceutics3040830,2011,"Formulation Optimization of Sustained-Release Ammonio Methacrylate Copolymer Microspheres. Effects of Log P and Concentration of Polar Cosolvents, and Role of the Drug/Copolymer Ratio"
snapshot_2,Topic_spray-dried_microspheres_2007-2016_Knowledge.txt,249,https://openalex.org/W7110619287,N/A,2009,Fabrication of PLGA microspheres via spray drying
snapshot_2,Topic_spray-dried_microspheres_2007-2016_Knowledge.txt,250,https://openalex.org/W2098205520,https://doi.org/10.2147/ijn.s4937,2009,Nanomedicine in pulmonary delivery
snapshot_2,Topic_spray-dried_microspheres_2007-2016_Knowledge.txt,251,https://openalex.org/W2042967685,https://doi.org/10.3109/1061186x.2011.561856,2011,Potentiation of pro-inflammatory cytokine suppression and survival by microencapsulated dexamethasone in the treatment of experimental sepsis
snapshot_2,Topic_spray-dried_microspheres_2007-2016_Knowledge.txt,252,https://openalex.org/W2418356540,https://doi.org/10.1007/s40820-014-0023-3,2014,Zinc Oxide Nanostructures for NO2 Gas–Sensor Applications: A Review
snapshot_2,Topic_spray-dried_microspheres_2007-2016_Knowledge.txt,253,https://openalex.org/W2030698462,https://doi.org/10.2147/dddt.s76194,2015,Optimization of caseinate-coated simvastatin-zein nanoparticles: improved bioavailability and modified release characteristics
snapshot_2,Topic_spray-dried_microspheres_2007-2016_Knowledge.txt,254,https://openalex.org/W2351209685,N/A,2009,Preparation of Live Attenuated Poliomyelitis Vaccine Microspheres by Spray Drying
snapshot_2,Topic_spray-dried_microspheres_2007-2016_Knowledge.txt,255,https://openalex.org/W2051925512,https://doi.org/10.2147/ijn.s68861,2015,Liposomes as nanomedical devices
snapshot_2,Topic_spray-dried_microspheres_2007-2016_Knowledge.txt,256,https://openalex.org/W2043467951,https://doi.org/10.4103/2230-973x.153381,2015,Development of floating chitosan-xanthan beads for oral controlled release of glipizide
snapshot_2,Topic_spray-dried_microspheres_2007-2016_Knowledge.txt,257,https://openalex.org/W2074204139,https://doi.org/10.4028/www.scientific.net/amr.399-401.828,2011,Process Factors Using Centrifugal Spray Drying to Prepare Bauxite Microspheres
snapshot_2,Topic_spray-dried_microspheres_2007-2016_Knowledge.txt,258,https://openalex.org/W2561442526,N/A,2008,Spray-dried chitosan microspheres with lecithin nanocores as cyclosporin A delivery system
snapshot_2,Topic_spray-dried_microspheres_2007-2016_Knowledge.txt,259,https://openalex.org/W98139407,N/A,2010,Understanding the mechanical strength of microcapsules and their adhesion on fabric surfaces
snapshot_2,Topic_spray-dried_microspheres_2007-2016_Knowledge.txt,260,https://openalex.org/W24407699,https://doi.org/10.1016/j.jcis.2013.11.071,2009,"Guru profesional: penyiapan dan pembimbingan praktisi pemikir / Kay A. Norlander-Case, Timothy G. Reagan, Charles W. Case ; Alih bahasa: Suci Romadhona"
snapshot_2,Topic_spray-dried_microspheres_2007-2016_Knowledge.txt,261,https://openalex.org/W2057954192,https://doi.org/10.1590/s0100-40422008000600023,2008,Microencapsulação do agente quelante sulfoxina em microesferas de quitosana preparadas por spray drying como novo adsorvente para íons metálicos
snapshot_2,Topic_spray-dried_microspheres_2007-2016_Knowledge.txt,262,https://openalex.org/W2461909646,https://doi.org/10.3389/fphar.2016.00185,2016,Bioerodable PLGA-Based Microparticles for Producing Sustained-Release Drug Formulations and Strategies for Improving Drug Loading
snapshot_2,Topic_spray-dried_microspheres_2007-2016_Knowledge.txt,263,https://openalex.org/W2381936517,N/A,2007,Application of Spray Drying Technique to Preparation of Protein and Peptide-loaded Microspheres: a Review
snapshot_2,Topic_spray-dried_microspheres_2007-2016_Knowledge.txt,264,https://openalex.org/W2324314403,https://doi.org/10.1021/ie402625h,2013,Microencapsulation of Metoprolol Tartrate into Chitosan for Improved Oral Administration and Patient Compliance
snapshot_2,Topic_spray-dried_microspheres_2007-2016_Knowledge.txt,265,https://openalex.org/W2258701008,N/A,2008,Preparation of microspheres through spray drying
snapshot_2,Topic_spray-dried_microspheres_2007-2016_Knowledge.txt,266,https://openalex.org/W2155800892,https://doi.org/10.3390/ijms10041514,2009,Biodegradation of Silk Biomaterials
snapshot_2,Topic_spray-dried_microspheres_2007-2016_Knowledge.txt,267,https://openalex.org/W2364260709,N/A,2010,Preparation of Panaxnotoginseng saponins sustained release microspheres by spray drying method
snapshot_2,Topic_spray-dried_microspheres_2007-2016_Knowledge.txt,268,https://openalex.org/W2364707363,N/A,2009,Preparation of Bacteriophage-Displayed Diabete Type 1 Vaccine in Chitosan Microspheres by Spray Drying
snapshot_2,Topic_spray-dried_microspheres_2007-2016_Knowledge.txt,269,https://openalex.org/W2070029492,https://doi.org/10.1002/mabi.200700022,2007,PLA Nano‐ and Microparticles for Drug Delivery: An Overview of the Methods of Preparation
snapshot_2,Topic_spray-dried_microspheres_2007-2016_Knowledge.txt,270,https://openalex.org/W1992910880,https://doi.org/10.2174/156720107780362311,2007,Alginate/Polymethacrylate Copolymer Microparticles for the Intestinal Delivery of Enzymes
snapshot_2,Topic_spray-dried_microspheres_2007-2016_Knowledge.txt,271,https://openalex.org/W2103298150,https://doi.org/10.1002/app.35327,2011,"Tamoxifen‐loaded microspheres based on mixtures of poly(<scp>D</scp>,<scp>L</scp>‐lactide‐<i>co</i>‐glycolide) and poly(<scp>D</scp>,<scp>L</scp>‐lactide) polymers: Effect of polymeric composition on drug release and<i>in vitro</i>antitumoral activity"
snapshot_2,Topic_spray-dried_microspheres_2007-2016_Knowledge.txt,272,https://openalex.org/W2496348854,https://doi.org/10.1021/bk-2008-0992.ch004,2008,Controlled Release of Indomethacin from Spray-Dried Chitosan Microspheres Containing Microemulsion
snapshot_2,Topic_spray-dried_microspheres_2007-2016_Knowledge.txt,273,https://openalex.org/W4244079544,https://doi.org/10.1211/jpp.61.05.0003,2009,Evaluation of solid lipid microparticles produced by spray congealing for topical application of econazole nitrate
snapshot_2,Topic_spray-dried_microspheres_2007-2016_Knowledge.txt,274,https://openalex.org/W2364076576,N/A,2008,Preparation of Chitosan Microspheres Loaded with Neurotoxin-Ifor Nasal Delivery by Spray Drying Technique
snapshot_2,Topic_spray-dried_microspheres_2007-2016_Knowledge.txt,275,https://openalex.org/W2060315146,https://doi.org/10.3390/s90705099,2009,Applications and Advances in Electronic-Nose Technologies
snapshot_2,Topic_spray-dried_microspheres_2007-2016_Knowledge.txt,276,https://openalex.org/W2001973848,https://doi.org/10.1002/btpr.246,2009,Bone tissue engineering: A review in bone biomimetics and drug delivery strategies
snapshot_2,Topic_spray-dried_microspheres_2007-2016_Knowledge.txt,277,https://openalex.org/W2385556081,N/A,2012,Effect of sintering on microstructure and properties of hydroxyapatite microspheres by centrifugul atomizing spray-drying process
snapshot_2,Topic_spray-dried_microspheres_2007-2016_Knowledge.txt,278,https://openalex.org/W2133105415,https://doi.org/10.1186/2228-5326-3-23,2013,Surface modification of Fe3O4@SiO2 microsphere by silane coupling agent
snapshot_2,Topic_spray-dried_microspheres_2007-2016_Knowledge.txt,279,https://openalex.org/W2149346046,https://doi.org/10.1016/s2221-1691(13)60060-x,2013,Bioavailability enhancers of herbal origin: An overview
snapshot_2,Topic_spray-dried_microspheres_2007-2016_Knowledge.txt,280,https://openalex.org/W3080246327,https://doi.org/10.37285/ijpsn.2013.6.1.12,2013,Preparation and Evaluation of Spray Dried Mucoadhesive Microspheres of Metoclopramide Hydrochloride for Nasal Delivery
snapshot_2,Topic_spray-dried_microspheres_2007-2016_Knowledge.txt,281,https://openalex.org/W1992449704,https://doi.org/10.4103/0975-7406.94139,2012,Preparation and evaluation of Levosalbutamol sulphate chitosan microsphere for the treatment of asthma
snapshot_2,Topic_spray-dried_microspheres_2007-2016_Knowledge.txt,282,https://openalex.org/W2048186588,https://doi.org/10.3797/scipharm.1101-22,2011,Physicochemical Characterization and Dissolution Properties of Meloxicam-Gelucire 50/13 Binary Systems
snapshot_2,Topic_spray-dried_microspheres_2007-2016_Knowledge.txt,283,https://openalex.org/W2331852735,https://doi.org/10.1097/cad.0000000000000087,2014,"In-vivo evaluation of tamoxifen-loaded microspheres based on mixtures of poly (D,L-lactide-co-glycolide) and poly (D,L-lactide) polymers"
snapshot_2,Topic_spray-dried_microspheres_2007-2016_Knowledge.txt,284,https://openalex.org/W2053006484,https://doi.org/10.2147/ijn.s30320,2012,Superparamagnetic iron oxide nanoparticles: magnetic nanoplatforms as drug carriers
snapshot_2,Topic_spray-dried_microspheres_2007-2016_Knowledge.txt,285,https://openalex.org/W2032732763,https://doi.org/10.3144/expresspolymlett.2008.90,2008,Pharmaceutical significance of cellulose: A review
snapshot_2,Topic_spray-dried_microspheres_2007-2016_Knowledge.txt,286,https://openalex.org/W2369519118,N/A,2008,Influence of Spray Drying Condition on the Properties and Drug Release Behavior of Carmustine-Loaded Polylactic Acid Microspheres
snapshot_2,Topic_spray-dried_microspheres_2007-2016_Knowledge.txt,287,https://openalex.org/W2383669331,N/A,2011,Fabrication of Hydroxyapatite Microspheres with Different Structure and Related Mechanism Analysis
snapshot_2,Topic_spray-dried_microspheres_2007-2016_Knowledge.txt,288,https://openalex.org/W2376308250,N/A,2013,Morphological features and adsorption for phenol of P(MMA-BA) hollow microspheres prepared by spray drying
snapshot_2,Topic_spray-dried_microspheres_2007-2016_Knowledge.txt,289,https://openalex.org/W2005927954,https://doi.org/10.1039/c2cs35309a,2012,Bottom-up assembly of photonic crystals
snapshot_2,Topic_spray-dried_microspheres_2007-2016_Knowledge.txt,290,https://openalex.org/W2144052550,https://doi.org/10.1007/s40204-014-0033-8,2014,Development of microspheres for biomedical applications: a review
snapshot_2,Topic_spray-dried_microspheres_2007-2016_Knowledge.txt,291,https://openalex.org/W2516710570,https://doi.org/10.1002/bkcs.10897,2016,A Novel Stable Crystalline Triamcinolone Acetonide‐loaded PLGA Microsphere for Prolonged Release After Intra‐Articular Injection
snapshot_2,Topic_spray-dried_microspheres_2007-2016_Knowledge.txt,292,https://openalex.org/W2145747696,https://doi.org/10.1196/annals.1430.017,2008,<i>Dextrin‐Microencapsulated Porphyrin: Luminescent Properties</i>
snapshot_2,Topic_spray-dried_microspheres_2007-2016_Knowledge.txt,293,https://openalex.org/W1980087265,https://doi.org/10.3390/ijms151222438,2014,"Recent Advances in Food-Packing, Pharmaceutical and Biomedical Applications of Zein and Zein-Based Materials"
snapshot_2,Topic_spray-dried_microspheres_2007-2016_Knowledge.txt,294,https://openalex.org/W2141150314,https://doi.org/10.1590/s0104-66322007000300003,2007,Characterization of chemically modified chitosan microspheres as adsorbents using standard Proteins (bovine serum albumin and lysozyme)
snapshot_2,Topic_spray-dried_microspheres_2007-2016_Knowledge.txt,295,https://openalex.org/W2556894479,https://doi.org/10.1080/03639045.2016.1258409,2016,"Comparative<i>in vitro</i>release and clinical pharmacokinetics of leuprolide from Luphere 3M Depot, a 3-month release formulation of leuprolide acetate"
snapshot_2,Topic_spray-dried_microspheres_2007-2016_Knowledge.txt,296,https://openalex.org/W3140021064,N/A,2011,Preparation of macroporous SAPO-34 microspheres by a spray drying method using polystyrene spheres as hard template
snapshot_2,Topic_spray-dried_microspheres_2007-2016_Knowledge.txt,297,https://openalex.org/W2168814482,https://doi.org/10.1590/s0104-66322011000300001,2011,Preparation and application of chitosan nanoparticles and nanofibers
snapshot_2,Topic_spray-dried_microspheres_2007-2016_Knowledge.txt,298,https://openalex.org/W2389655819,N/A,2009,Preparation and properties of methotrexate loaded chitosan microspheres for the intranasal administration
snapshot_2,Topic_spray-dried_microspheres_2007-2016_Knowledge.txt,299,https://openalex.org/W2052630661,https://doi.org/10.4028/www.scientific.net/amr.217-218.306,2011,Study on the Lipid-Lowering Effect of Water-Soluble Chitosan Nanoparticles and Microspheres &lt;i&gt;In Vitro&lt;/i&gt;
snapshot_2,Topic_spray-dried_microspheres_2007-2016_Knowledge.txt,300,https://openalex.org/W2915205805,N/A,2012,The Preparation of Ethyl Acetate Fraction Microspheres of Sambiloto Herbs (Andrographis paniculata Nees) Using Spray Drying Method
snapshot_2,Topic_spray-dried_microspheres_2007-2016_Knowledge.txt,301,https://openalex.org/W1985631023,https://doi.org/10.1007/s40204-014-0029-4,2014,In vitro–in vivo correlation from lactide-co-glycolide polymeric dosage forms
snapshot_2,Topic_spray-dried_microspheres_2007-2016_Knowledge.txt,302,https://openalex.org/W2125159822,https://doi.org/10.1093/jac/dkr444,2011,Clofazimine: current status and future prospects
snapshot_2,Topic_spray-dried_microspheres_2007-2016_Knowledge.txt,303,https://openalex.org/W2094456976,https://doi.org/10.1007/s40089-014-0094-7,2014,Nanomedicine and drug delivery: a mini review
snapshot_2,Topic_spray-dried_microspheres_2007-2016_Knowledge.txt,304,https://openalex.org/W2325443105,https://doi.org/10.22377/ajp.v6i4.45,2012,Formulation development and evaluation of orally disintegrating tablets of doxazosin mesylate
snapshot_2,Topic_spray-dried_microspheres_2007-2016_Knowledge.txt,305,https://openalex.org/W2323441230,https://doi.org/10.2174/18764029113059990002,2013,Nanoparticle as An Emerging Tool in Pulmonary Drug Delivery System
snapshot_2,Topic_spray-dried_microspheres_2007-2016_Knowledge.txt,306,https://openalex.org/W2517485247,https://doi.org/10.1149/ma2016-02/53/3909,2016,Fabrication of TiO<sub>2</sub> Based Microspheres By Spray Drying Method and Their Application for Dye-Sensitized Solar Cells
snapshot_2,Topic_spray-dried_microspheres_2007-2016_Knowledge.txt,307,https://openalex.org/W7113553554,N/A,2014,Design and Optimization of Chitosan-riboflavin Microspheres Prepared by Spray Drying Process
snapshot_2,Topic_spray-dried_microspheres_2007-2016_Knowledge.txt,308,https://openalex.org/W4244376182,https://doi.org/10.13040/ijpsr.0975-8232.5(1).220-27,2014,N/A
snapshot_2,Topic_spray-dried_microspheres_2007-2016_Knowledge.txt,309,https://openalex.org/W1999898188,https://doi.org/10.4028/www.scientific.net/amr.399-401.1568,2011,Experimental Investigation on the Lipid-Lowering Activity of Three Novel Antilipidemic Materials &lt;i&gt;In Vitro&lt;/i&gt;
snapshot_2,Topic_spray-dried_microspheres_2007-2016_Knowledge.txt,310,https://openalex.org/W2107620796,https://doi.org/10.1155/2014/786892,2014,Fabrication and Characteristics of Chitosan Sponge as a Tissue Engineering Scaffold
snapshot_2,Topic_spray-dried_microspheres_2007-2016_Knowledge.txt,311,https://openalex.org/W1552380757,N/A,2012,Immobilization of mannanase on magnetic chitosan microspheres
snapshot_2,Topic_spray-dried_microspheres_2007-2016_Knowledge.txt,312,https://openalex.org/W2063010248,https://doi.org/10.1038/srep01021,2013,Oxygen vacancies promoting photoelectrochemical performance of In2O3 nanocubes
snapshot_2,Topic_spray-dried_microspheres_2007-2016_Knowledge.txt,313,https://openalex.org/W2564200748,https://doi.org/10.3390/molecules21121748,2016,Cyclodextrins as Emerging Therapeutic Tools in the Treatment of Cholesterol-Associated Vascular and Neurodegenerative Diseases
snapshot_2,Topic_spray-dried_microspheres_2007-2016_Knowledge.txt,314,https://openalex.org/W2121891676,https://doi.org/10.3390/md8092435,2010,Marine Polysaccharides in Pharmaceutical Applications: An Overview
snapshot_2,Topic_spray-dried_microspheres_2007-2016_Knowledge.txt,315,https://openalex.org/W2035639954,https://doi.org/10.3390/molecules13102340,2008,Novel Strategies to Improve the Anticancer Action of 5-Fluorouracil by Using Drug Delivery Systems
snapshot_2,Topic_spray-dried_microspheres_2007-2016_Knowledge.txt,316,https://openalex.org/W2173198771,https://doi.org/10.1111/j.1600-9657.2007.00605.x,2007,Guidelines for the management of traumatic dental injuries. II. Avulsion of permanent teeth
snapshot_2,Topic_spray-dried_microspheres_2007-2016_Knowledge.txt,317,https://openalex.org/W2463801883,https://doi.org/10.1039/c5cs00878f,2016,"Covalent organic frameworks based on Schiff-base chemistry: synthesis, properties and potential applications"
snapshot_2,Topic_spray-dried_microspheres_2007-2016_Knowledge.txt,318,https://openalex.org/W1977256998,https://doi.org/10.3390/ijms16034880,2015,Silk Fibroin-Based Nanoparticles for Drug Delivery
snapshot_2,Topic_spray-dried_microspheres_2007-2016_Knowledge.txt,319,https://openalex.org/W1968996457,https://doi.org/10.2147/ijn.s34185,2012,A one-step electrospray-based technique for modulating morphology and surface properties of poly(lactide-co-glycolide) microparticles using Pluronics&amp;reg;
snapshot_2,Topic_spray-dried_microspheres_2007-2016_Knowledge.txt,320,https://openalex.org/W2342246445,https://doi.org/10.5958/0974-360x.2016.00057.3,2016,Comprehensive Review: Controlled Release Gastro-Retentive Muco-adhesive Microspheres
snapshot_2,Topic_spray-dried_microspheres_2007-2016_Knowledge.txt,321,https://openalex.org/W2342427711,https://doi.org/10.15230/scsk.2016.42.1.1,2016,Preparation of Porous PMMA/TiO&lt;sub&gt;2&lt;/sub&gt; Microspheres by Spray Drying Process
snapshot_2,Topic_spray-dried_microspheres_2007-2016_Knowledge.txt,322,https://openalex.org/W2078119797,https://doi.org/10.3390/catal3010036,2013,"Brookite, the Least Known TiO2 Photocatalyst"
snapshot_2,Topic_spray-dried_microspheres_2007-2016_Knowledge.txt,323,https://openalex.org/W2253117736,https://doi.org/10.3390/nano6020026,2016,Manufacturing Techniques and Surface Engineering of Polymer Based Nanoparticles for Targeted Drug Delivery to Cancer
snapshot_2,Topic_spray-dried_microspheres_2007-2016_Knowledge.txt,324,https://openalex.org/W2297235309,https://doi.org/10.14447/jnmes.v18i2.374,2015,A Simple Approach to Prepare Metal Oxides Supra-Structures for LIBs
snapshot_2,Topic_spray-dried_microspheres_2007-2016_Knowledge.txt,325,https://openalex.org/W2099739435,https://doi.org/10.3390/ma2020353,2009,Biodegradable Cellulose-based Hydrogels: Design and Applications
snapshot_2,Topic_spray-dried_microspheres_2007-2016_Knowledge.txt,326,https://openalex.org/W2548027654,https://doi.org/10.1101/cshperspect.a018242,2016,Intermediate Filaments: Structure and Assembly
snapshot_2,Topic_spray-dried_microspheres_2007-2016_Knowledge.txt,327,https://openalex.org/W2365328097,N/A,2015,Progress of Preparation Methods of Hollow Microspheres
snapshot_2,Topic_spray-dried_microspheres_2007-2016_Knowledge.txt,328,https://openalex.org/W2162948201,https://doi.org/10.2147/ijn.s1045,2008,Nanocarriers as pulmonary drug delivery systems to treat and to diagnose respiratory and non respiratory diseases
snapshot_2,Topic_spray-dried_microspheres_2007-2016_Knowledge.txt,329,https://openalex.org/W2481586490,https://doi.org/10.1155/2016/2302595,2016,Review of Research on Template Methods in Preparation of Nanomaterials
snapshot_2,Topic_spray-dried_microspheres_2007-2016_Knowledge.txt,330,https://openalex.org/W2012179823,https://doi.org/10.1155/2012/750891,2011,Current State-of-Art and New Trends on Lipid Nanoparticles (SLN and NLC) for Oral Drug Delivery
snapshot_2,Topic_spray-dried_microspheres_2007-2016_Knowledge.txt,331,https://openalex.org/W2116788484,https://doi.org/10.3389/fmicb.2014.00051,2014,The factors affecting effectiveness of treatment in phages therapy
snapshot_2,Topic_spray-dried_microspheres_2007-2016_Knowledge.txt,332,https://openalex.org/W2118421736,https://doi.org/10.14227/dt190212p13,2012,Evaluation of Cefixime-Loaded Chitosan Microspheres: Analysis of Dissolution Data Using DDSolver
snapshot_2,Topic_spray-dried_microspheres_2007-2016_Knowledge.txt,333,https://openalex.org/W2414107837,https://doi.org/10.1039/c6cs00173d,2016,The rise of organic electrode materials for energy storage
snapshot_2,Topic_spray-dried_microspheres_2007-2016_Knowledge.txt,334,https://openalex.org/W1693638809,https://doi.org/10.1111/j.2042-7158.2012.01486.x,2012,Engineered PLGA nano- and micro-carriers for pulmonary delivery: challenges and promises
snapshot_2,Topic_spray-dried_microspheres_2007-2016_Knowledge.txt,335,https://openalex.org/W2155824390,https://doi.org/10.1155/2014/926157,2014,Alginate Particles as Platform for Drug Delivery by the Oral Route: State-of-the-Art
snapshot_2,Topic_spray-dried_microspheres_2007-2016_Knowledge.txt,336,https://openalex.org/W1989996559,https://doi.org/10.4028/www.scientific.net/kem.336-338.1124,2007,Preparation and Microstructure of Bauxite Ceramic Microsphere
snapshot_2,Topic_spray-dried_microspheres_2007-2016_Knowledge.txt,337,https://openalex.org/W1977541218,https://doi.org/10.1002/jbm.b.31152,2008,Biomaterial and antibiotic strategies for peri‐implantitis: A review
snapshot_2,Topic_spray-dried_microspheres_2007-2016_Knowledge.txt,338,https://openalex.org/W1982897964,https://doi.org/10.3390/ma6030738,2013,"“Smart” Materials Based on Cellulose: A Review of the Preparations, Properties, and Applications"
snapshot_2,Topic_spray-dried_microspheres_2007-2016_Knowledge.txt,339,https://openalex.org/W2116386195,https://doi.org/10.1016/j.ijpharm.2014.11.036,2014,Development of an injectable PHBV microparticles-GG hydrogel hybrid system for regenerative medicine
snapshot_2,Topic_spray-dried_microspheres_2007-2016_Knowledge.txt,340,https://openalex.org/W1875494189,N/A,2007,Targeting of antileishmanial drugs produced by nanotechnologies
snapshot_2,Topic_spray-dried_microspheres_2007-2016_Knowledge.txt,341,https://openalex.org/W2001086979,https://doi.org/10.3390/s140507881,2014,"Humidity Sensors Principle, Mechanism, and Fabrication Technologies: A Comprehensive Review"
snapshot_2,Topic_spray-dried_microspheres_2007-2016_Knowledge.txt,342,https://openalex.org/W2322711744,https://doi.org/10.4416/jcst2014-00032,2014,Additive manufacturing of ceramics: A review
snapshot_2,Topic_spray-dried_microspheres_2007-2016_Knowledge.txt,343,https://openalex.org/W4236806145,https://doi.org/10.1149/ma2009-01/3/194,2009,Si-C Microsphere Composite Anode Materials for Li-ion Battery by Spray Drying Technique
snapshot_2,Topic_spray-dried_microspheres_2007-2016_Knowledge.txt,344,https://openalex.org/W2119942076,https://doi.org/10.5185/amlett.2010.3108,2010,Carboxymethyl Chitosan And Its Applications
snapshot_2,Topic_spray-dried_microspheres_2007-2016_Knowledge.txt,345,https://openalex.org/W2082829633,https://doi.org/10.1590/0103-8478cr20130971,2014,"Microencapsulation: concepts, mechanisms, methods and some applications in food technology"
snapshot_2,Topic_spray-dried_microspheres_2007-2016_Knowledge.txt,346,https://openalex.org/W2299222472,https://doi.org/10.1016/j.ultsonch.2016.03.017,2016,Ultrasonic encapsulation – A review
snapshot_2,Topic_spray-dried_microspheres_2007-2016_Knowledge.txt,347,https://openalex.org/W1563931223,https://doi.org/10.5772/50046,2012,Encapsulation Technology to Protect Probiotic Bacteria
snapshot_2,Topic_spray-dried_microspheres_2007-2016_Knowledge.txt,348,https://openalex.org/W2103293895,https://doi.org/10.1590/s0104-66322008000200016,2008,Surface morphology of spray-dried nanoparticle-coated microparticles designed as an oral drug delivery system
snapshot_2,Topic_spray-dried_microspheres_2007-2016_Knowledge.txt,349,https://openalex.org/W2086725441,https://doi.org/10.1155/2014/304757,2014,A Review of <i>In Vitro</i> Drug Release Test Methods for Nano-Sized Dosage Forms
snapshot_2,Topic_spray-dried_microspheres_2007-2016_Knowledge.txt,350,https://openalex.org/W2410531250,https://doi.org/10.3390/coatings6020024,2016,Evolution of the Automotive Body Coating Process—A Review
snapshot_2,Topic_spray-dried_microspheres_2007-2016_Knowledge.txt,351,https://openalex.org/W2346747411,N/A,2009,Preparation and Application of fluoroquinolones-loaded sustained-release Chitosan Microspheres
snapshot_2,Topic_spray-dried_microspheres_2007-2016_Knowledge.txt,352,https://openalex.org/W2074951535,https://doi.org/10.1111/j.1751-7915.2008.00080.x,2009,Chitosan and its antimicrobial potential – a critical literature survey
snapshot_2,Topic_spray-dried_microspheres_2007-2016_Knowledge.txt,353,https://openalex.org/W2128069305,https://doi.org/10.2147/ijn.s27709,2012,Improved drug loading and antibacterial activity of minocycline-loaded PLGA nanoparticles prepared by solid/oil/water ion pairing method
snapshot_2,Topic_spray-dried_microspheres_2007-2016_Knowledge.txt,354,https://openalex.org/W2357959263,N/A,2009,Effects of Carbon Sources on Properties of Porous LiFePO_4/C Microsphere for Secondary Lithium Batteries
snapshot_2,Topic_spray-dried_microspheres_2007-2016_Knowledge.txt,355,https://openalex.org/W2059342430,https://doi.org/10.2147/ijn.s41271,2013,Porous microsphere and its applications
snapshot_2,Topic_spray-dried_microspheres_2007-2016_Knowledge.txt,356,https://openalex.org/W2378180001,N/A,2012,Research on Fly Combustion Process of Self-reaction Quenching Agglomerate Powders Based on High-speed Camera
snapshot_2,Topic_spray-dried_microspheres_2007-2016_Knowledge.txt,357,https://openalex.org/W2012655169,https://doi.org/10.1038/boneres.2014.17,2014,Bone tissue engineering via nanostructured calcium phosphate biomaterials and stem cells
snapshot_2,Topic_spray-dried_microspheres_2007-2016_Knowledge.txt,358,https://openalex.org/W2002955535,https://doi.org/10.1186/2228-5326-2-17,2012,Preparation and characterization of SnO2 nanoparticles by hydrothermal route
snapshot_2,Topic_spray-dried_microspheres_2007-2016_Knowledge.txt,359,https://openalex.org/W2023653387,https://doi.org/10.4161/biom.25103,2013,Synthesis of spherical calcium phosphate particles for dental and orthopedic applications
snapshot_2,Topic_spray-dried_microspheres_2007-2016_Knowledge.txt,360,https://openalex.org/W2117604880,https://doi.org/10.1146/annurev-virology-100114-054915,2015,Bacteriophage Therapy: Advances in Formulation Strategies and Human Clinical Trials
snapshot_2,Topic_spray-dried_microspheres_2007-2016_Knowledge.txt,361,https://openalex.org/W2196781885,https://doi.org/10.1371/journal.pone.0132971,2015,Nanoencapsulation Enhances the Post-Emergence Herbicidal Activity of Atrazine against Mustard Plants
snapshot_2,Topic_spray-dried_microspheres_2007-2016_Knowledge.txt,362,https://openalex.org/W2028524298,https://doi.org/10.1371/journal.pone.0011295,2010,A Novel Anti-Influenza Copper Oxide Containing Respiratory Face Mask
snapshot_2,Topic_spray-dried_microspheres_2007-2016_Knowledge.txt,363,https://openalex.org/W107388045,N/A,2011,Investigations of nano and microparticles for drug and protein delivery produced by atomisation of biopolymer solutions
snapshot_2,Topic_spray-dried_microspheres_2007-2016_Knowledge.txt,364,https://openalex.org/W1602624452,https://doi.org/10.3389/fmicb.2015.00611,2015,Antimicrobial food packaging: potential and pitfalls
snapshot_2,Topic_spray-dried_microspheres_2007-2016_Knowledge.txt,365,https://openalex.org/W4231182669,https://doi.org/10.4172/1948-5948.1000110,2013,"Fish Processing Wastes as a Potential Source of Proteins, Amino Acids and Oils: A Critical Review"
snapshot_2,Topic_spray-dried_microspheres_2007-2016_Knowledge.txt,366,https://openalex.org/W2347092680,https://doi.org/10.1016/j.apsb.2016.03.011,2016,Influence of physical properties of carrier on the performance of dry powder inhalers
snapshot_2,Topic_spray-dried_microspheres_2007-2016_Knowledge.txt,367,https://openalex.org/W1854595179,https://doi.org/10.1155/2015/601827,2015,Influencing Parameters in the Photocatalytic Degradation of Organic Effluent via Nanometal Oxide Catalyst: A Review
snapshot_2,Topic_spray-dried_microspheres_2007-2016_Knowledge.txt,368,https://openalex.org/W2239110347,https://doi.org/10.1002/chem.201503272,2016,Bismuth Nanoparticles Embedded in Carbon Spheres as Anode Materials for Sodium/Lithium‐Ion Batteries
snapshot_2,Topic_spray-dried_microspheres_2007-2016_Knowledge.txt,369,https://openalex.org/W2523161280,https://doi.org/10.1016/j.pecs.2016.09.001,2016,"Electrocatalysts for the generation of hydrogen, oxygen and synthesis gas"
snapshot_2,Topic_spray-dried_microspheres_2007-2016_Knowledge.txt,370,https://openalex.org/W2011618409,https://doi.org/10.2147/ijn.s29997,2012,Inhaled chemotherapy in lung cancer: future concept of nanomedicine
snapshot_2,Topic_spray-dried_microspheres_2007-2016_Knowledge.txt,371,https://openalex.org/W2009271116,https://doi.org/10.1155/2013/789289,2013,A Review of the Effect of Processing Variables on the Fabrication of Electrospun Nanofibers for Drug Delivery Applications
snapshot_2,Topic_spray-dried_microspheres_2007-2016_Knowledge.txt,372,https://openalex.org/W2165790223,https://doi.org/10.18433/j3jc7c,2010,Chitosan Mediated Targeted Drug Delivery System: A Review
snapshot_2,Topic_spray-dried_microspheres_2007-2016_Knowledge.txt,373,https://openalex.org/W1990582917,https://doi.org/10.3390/ma2041975,2009,"Nanodimensional and Nanocrystalline Apatites and Other Calcium Orthophosphates in Biomedical Engineering, Biology and Medicine"
snapshot_2,Topic_spray-dried_microspheres_2007-2016_Knowledge.txt,374,https://openalex.org/W2976637524,https://doi.org/10.4268/cjcmm20160513,2016,Preparation and in vitro evaluation of tetrandrine-loaded composite microspheres embedded with PLGA nanoparticles
snapshot_2,Topic_spray-dried_microspheres_2007-2016_Knowledge.txt,375,https://openalex.org/W2061955697,https://doi.org/10.1155/2013/340315,2013,"Polymeric Micelles, a Promising Drug Delivery System to Enhance Bioavailability of Poorly Water-Soluble Drugs"
snapshot_2,Topic_spray-dried_microspheres_2007-2016_Knowledge.txt,376,https://openalex.org/W2541281961,https://doi.org/10.1155/2016/8290963,2016,Dry Powder Inhalers: A Focus on Advancements in Novel Drug Delivery Systems
snapshot_2,Topic_spray-dried_microspheres_2007-2016_Knowledge.txt,377,https://openalex.org/W2330551477,https://doi.org/10.2174/2210303111202020108,2012,Development of pH Sensitive Microspheres of Esomeprazole Magnesium Using Natural Gums for Zollinger-Ellison Syndrome
snapshot_2,Topic_spray-dried_microspheres_2007-2016_Knowledge.txt,378,https://openalex.org/W2136554631,https://doi.org/10.2147/ijn.s19021,2011,Application of supercritical antisolvent method in drug encapsulation: a review
snapshot_2,Topic_spray-dried_microspheres_2007-2016_Knowledge.txt,379,https://openalex.org/W2018158471,https://doi.org/10.1063/1.4873828,2014,Preparation of polyaniline/sodium alanate hybrid using a spray-drying process
snapshot_2,Topic_spray-dried_microspheres_2007-2016_Knowledge.txt,380,https://openalex.org/W2536028288,https://doi.org/10.3390/su8101046,2016,"Micro-Encapsulated Phase Change Materials: A Review of Encapsulation, Safety and Thermal Characteristics"
snapshot_2,Topic_spray-dried_microspheres_2007-2016_Knowledge.txt,381,https://openalex.org/W2115155145,https://doi.org/10.1158/0008-5472.can-10-3118,2011,High Plasma Levels and Effective Lymphatic Uptake of Docetaxel in an Orally Available Nanotransporter Formulation
snapshot_2,Topic_spray-dried_microspheres_2007-2016_Knowledge.txt,382,https://openalex.org/W3203234295,N/A,2012,Preparasi Mikrosfer Fraksi Etil Asetat Herba Sambiloto (Andrographis paniculata N ees) dengan Metode Semprot Kering(The Preparation of Ethyl Acetate Fraction Microspheres of Sambiloto Herbs (Andrographis paniculata Nees) Using Spray Drying Method)
snapshot_2,Topic_spray-dried_microspheres_2007-2016_Knowledge.txt,383,https://openalex.org/W2114964123,https://doi.org/10.1039/c4fo01175a,2015,Microencapsulation of bioactives for food applications
snapshot_2,Topic_spray-dried_microspheres_2007-2016_Knowledge.txt,384,https://openalex.org/W2084282650,https://doi.org/10.1155/2013/530712,2013,Poly(lactic-co-glycolic) Acid/Nanohydroxyapatite Scaffold Containing Chitosan Microspheres with Adrenomedullin Delivery for Modulation Activity of Osteoblasts and Vascular Endothelial Cells
snapshot_2,Topic_spray-dried_microspheres_2007-2016_Knowledge.txt,385,https://openalex.org/W2016464924,https://doi.org/10.1155/2013/620719,2013,Development of Microencapsulation Delivery System for Long-Term Preservation of Probiotics as Biotherapeutics Agent
snapshot_2,Topic_spray-dried_microspheres_2007-2016_Knowledge.txt,386,https://openalex.org/W2136308816,https://doi.org/10.1590/s0101-20612010000400036,2010,Microparticles obtained by complex coacervation: influence of the type of reticulation and the drying process on the release of the core material
snapshot_2,Topic_spray-dried_microspheres_2007-2016_Knowledge.txt,387,https://openalex.org/W4302533950,N/A,2013,Formulation and evaluation of drug-loaded targeted magnetic microspheres for cancer therapy
snapshot_2,Topic_spray-dried_microspheres_2007-2016_Knowledge.txt,388,https://openalex.org/W4243475456,https://doi.org/10.1201/b15645-20,2014,"Fabrication, Characterization and in vitro Release of Paclitaxel (Taxol R© Loaded Poly(Lactic-co-Glycolic Acid) Microspheres Prepared by Spray Drying Technique with Lipid/Cholesterol Emulsifiers"
snapshot_2,Topic_spray-dried_microspheres_2007-2016_Knowledge.txt,389,https://openalex.org/W2132219481,https://doi.org/10.1155/2014/178123,2014,Substituted Hydroxyapatites with Antibacterial Properties
snapshot_2,Topic_spray-dried_microspheres_2007-2016_Knowledge.txt,390,https://openalex.org/W2030215265,https://doi.org/10.3390/ijms11093226,2010,"Synthesis, Characterization, and Application of 1-D Cerium Oxide Nanomaterials: A Review"
snapshot_2,Topic_spray-dried_microspheres_2007-2016_Knowledge.txt,391,https://openalex.org/W2118682175,https://doi.org/10.3109/10717544.2013.878002,2014,Influence of potential inhalation carriers on stability of thymopentin in rat bronchoalveolar lavage fluid
snapshot_2,Topic_spray-dried_microspheres_2007-2016_Knowledge.txt,392,https://openalex.org/W2078575092,https://doi.org/10.2478/v10007-011-0020-8,2011,The technologies used for developing orally disintegrating tablets: A review
snapshot_2,Topic_spray-dried_microspheres_2007-2016_Knowledge.txt,393,https://openalex.org/W2019592267,https://doi.org/10.2147/ijn.s47186,2013,Critical evaluation of biodegradable polymers used in nanodrugs
snapshot_2,Topic_spray-dried_microspheres_2007-2016_Knowledge.txt,394,https://openalex.org/W2086825624,https://doi.org/10.1111/ics.12017,2012,Biodegradable polymers as encapsulation materials for cosmetics and personal care markets
snapshot_2,Topic_spray-dried_microspheres_2007-2016_Knowledge.txt,395,https://openalex.org/W2077109340,https://doi.org/10.4236/jeas.2013.31006,2013,Microencapsulation of Essential Oils within Alginate: Formulation and &amp;lt;i&amp;gt;in Vitro&amp;lt;/i&amp;gt; Evaluation of Antifungal Activity
snapshot_2,Topic_spray-dried_microspheres_2007-2016_Knowledge.txt,396,https://openalex.org/W2113474522,https://doi.org/10.1002/ente.201402160,2015,Up‐Scaled Microspherical Aggregates of LiFe<sub>0.4</sub>V<sub>0.4</sub>PO<sub>4</sub>/C Nanocomposites as Cathode Materials for High‐Rate Li‐Ion Batteries
snapshot_2,Topic_spray-dried_microspheres_2007-2016_Knowledge.txt,397,https://openalex.org/W1492449387,https://doi.org/10.5772/53355,2013,Polymeric Nanoparticle-Based Insecticides: A Controlled Release Purpose for Agrochemicals
snapshot_2,Topic_spray-dried_microspheres_2007-2016_Knowledge.txt,398,https://openalex.org/W2312713814,https://doi.org/10.14710/reaktor.15.4.241-247,2016,KAJIAN PROSES PRODUKSI KATALIS MIKROSFERIK UNTUK PERENGKAHAN MINYAK BUMI DENGAN PENGERING SEMBUR
snapshot_2,Topic_spray-dried_microspheres_2007-2016_Knowledge.txt,399,https://openalex.org/W2557793438,https://doi.org/10.1556/1646.8.2016.2.6,2016,Formulation and evaluation of controlled release ethylcellulose and polyethylene glycol microspheres containing metoprolol tartrate
snapshot_2,Topic_spray-dried_microspheres_2007-2016_Knowledge.txt,400,https://openalex.org/W2037699568,https://doi.org/10.3390/ijms12074414,2011,"Isoniazid Proliposome Powders for Inhalation—Preparation, Characterization and Cell Culture Studies"
snapshot_2,Topic_spray-dried_microspheres_2007-2016_Knowledge.txt,401,https://openalex.org/W2575633919,N/A,2008,Controlled trans-lymphatic delivery of chemotherapy for the treatment of lymphatic metastasis in lung cancer.
snapshot_2,Topic_spray-dried_microspheres_2007-2016_Knowledge.txt,402,https://openalex.org/W1992376664,https://doi.org/10.2478/v10007-012-0040-z,2012,Solid lipid based nanocarriers: An overview / Nanonosači na bazi čvrstih lipida: Pregled
snapshot_2,Topic_spray-dried_microspheres_2007-2016_Knowledge.txt,403,https://openalex.org/W2131734103,https://doi.org/10.1136/archdischild-2011-300909,2011,Prescribing for children – taste and palatability affect adherence to antibiotics: a review
snapshot_2,Topic_spray-dried_microspheres_2007-2016_Knowledge.txt,404,https://openalex.org/W2555005084,https://doi.org/10.3390/molecules21111577,2016,Agarose and Its Derivatives as Supports for Enzyme Immobilization
snapshot_2,Topic_spray-dried_microspheres_2007-2016_Knowledge.txt,405,https://openalex.org/W2066435094,https://doi.org/10.2147/ijn.s38330,2012,Design and application of chitosan microspheres as oral and nasal vaccine carriers: an updated review
snapshot_2,Topic_spray-dried_microspheres_2007-2016_Knowledge.txt,406,https://openalex.org/W2519737653,https://doi.org/10.1039/c6cs00060f,2016,Synthesis and applications of porous non-silica metal oxide submicrospheres
snapshot_2,Topic_spray-dried_microspheres_2007-2016_Knowledge.txt,407,https://openalex.org/W2067878185,https://doi.org/10.5038/1827-806x.37.1.3,2008,Tracer tests in karst hydrogeology and speleology
snapshot_2,Topic_spray-dried_microspheres_2007-2016_Knowledge.txt,408,https://openalex.org/W2160340213,https://doi.org/10.1155/2012/145380,2012,Antioxidant Effects of Quercetin and Catechin Encapsulated into PLGA Nanoparticles
snapshot_2,Topic_spray-dried_microspheres_2007-2016_Knowledge.txt,409,https://openalex.org/W2019169633,https://doi.org/10.1074/jbc.m702277200,2007,Exosomes Released from Infected Macrophages Contain Mycobacterium avium Glycopeptidolipids and Are Proinflammatory
snapshot_2,Topic_spray-dried_microspheres_2007-2016_Knowledge.txt,410,https://openalex.org/W1881487260,https://doi.org/10.2147/ijn.s20165,2011,"Biological evaluation of 5-fluorouracil nanoparticles for cancer chemotherapy and its dependence on the carrier, PLGA"
snapshot_2,Topic_spray-dried_microspheres_2007-2016_Knowledge.txt,411,https://openalex.org/W2396261957,https://doi.org/10.1002/adma.201600669,2016,Perovskite Materials for Light‐Emitting Diodes and Lasers
snapshot_2,Topic_spray-dried_microspheres_2007-2016_Knowledge.txt,412,https://openalex.org/W1970992788,https://doi.org/10.1038/srep06074,2014,Self-adhesive epidermal carbon nanotube electronics for tether-free long-term continuous recording of biosignals
snapshot_2,Topic_spray-dried_microspheres_2007-2016_Knowledge.txt,413,https://openalex.org/W2074041252,https://doi.org/10.1155/2013/957030,2013,Metabolism of Genipin in Rat and Identification of Metabolites by Using Ultraperformance Liquid Chromatography/Quadrupole Time-of-Flight Tandem Mass Spectrometry
snapshot_2,Topic_spray-dried_microspheres_2007-2016_Knowledge.txt,414,https://openalex.org/W4399406424,https://doi.org/10.3724/issn1000-3207-2007-1-125-m,2007,IMMUNITY AND IMMUNOHISTOCHEMISTRY BY ORAL VACCINATION OF CARASSIUS AURATUS GIBELIO USING AEROMONAS HYDROPHILA VACCINE
snapshot_2,Topic_spray-dried_microspheres_2007-2016_Knowledge.txt,415,https://openalex.org/W2001854851,https://doi.org/10.2147/ijn.s36684,2012,"Development of novel cationic chitosan- and anionic alginate&amp;ndash;coated poly(D,L-lactide-co-glycolide) nanoparticles for controlled release and light protection of resveratrol"
snapshot_2,Topic_spray-dried_microspheres_2007-2016_Knowledge.txt,416,https://openalex.org/W2085899255,https://doi.org/10.1371/journal.pone.0068797,2013,Stability of Staphylococcus aureus Phage ISP after Freeze-Drying (Lyophilization)
snapshot_2,Topic_spray-dried_microspheres_2007-2016_Knowledge.txt,417,https://openalex.org/W2051243774,https://doi.org/10.3390/s120911505,2012,Recent Advances in Paper-Based Sensors
snapshot_2,Topic_spray-dried_microspheres_2007-2016_Knowledge.txt,418,https://openalex.org/W2160621742,https://doi.org/10.1038/srep01622,2013,Hierarchical silicon nanowires-carbon textiles matrix as a binder-free anode for high-performance advanced lithium-ion batteries
snapshot_2,Topic_spray-dried_microspheres_2007-2016_Knowledge.txt,419,https://openalex.org/W1750851387,https://doi.org/10.3389/fphar.2015.00140,2015,Evaluation of nano spray drying as a method for drying and formulation of therapeutic peptides and proteins
snapshot_2,Topic_spray-dried_microspheres_2007-2016_Knowledge.txt,420,https://openalex.org/W1969747185,https://doi.org/10.3390/ijms14010017,2012,Characterization of a Polyamine Microsphere and Its Adsorption for Protein
snapshot_2,Topic_spray-dried_microspheres_2007-2016_Knowledge.txt,421,https://openalex.org/W2316307270,https://doi.org/10.1038/srep22238,2016,Effects of local structure of Ce3+ ions on luminescent properties of Y3Al5O12:Ce nanoparticles
snapshot_2,Topic_spray-dried_microspheres_2007-2016_Knowledge.txt,422,https://openalex.org/W2115073452,https://doi.org/10.5681/bi.2012.011,2012,Nanocapsules: The Weapons for Novel Drug Delivery Systems
snapshot_2,Topic_spray-dried_microspheres_2007-2016_Knowledge.txt,423,https://openalex.org/W2382870413,N/A,2012,Research progress of silk fibroin microsphere as sustained-release carrier of drug
snapshot_2,Topic_spray-dried_microspheres_2007-2016_Knowledge.txt,424,https://openalex.org/W1981465464,https://doi.org/10.3390/molecules14072602,2009,Polymeric Plant-derived Excipients in Drug Delivery
snapshot_2,Topic_spray-dried_microspheres_2007-2016_Knowledge.txt,425,https://openalex.org/W2048627375,https://doi.org/10.1211/jpp.59.8.0002,2007,"Solid lipid nanoparticles (SLN) as carriers for the topical delivery of econazole nitrate: in-vitro characterization, ex-vivo and in-vivo studies"
snapshot_2,Topic_spray-dried_microspheres_2007-2016_Knowledge.txt,426,https://openalex.org/W2154400283,https://doi.org/10.3390/md9091510,2011,"Biomedical Exploitation of Chitin and Chitosan via Mechano-Chemical Disassembly, Electrospinning, Dissolution in Imidazolium Ionic Liquids, and Supercritical Drying"
snapshot_2,Topic_spray-dried_microspheres_2007-2016_Knowledge.txt,427,https://openalex.org/W1588931400,N/A,2010,The potential of probiotics: a review.
snapshot_2,Topic_spray-dried_microspheres_2007-2016_Knowledge.txt,428,https://openalex.org/W2078236700,https://doi.org/10.5194/amt-5-37-2012,2012,Autofluorescence of atmospheric bioaerosols – fluorescent biomolecules and potential interferences
snapshot_2,Topic_spray-dried_microspheres_2007-2016_Knowledge.txt,429,https://openalex.org/W1587017522,N/A,2013,Development and In Vitro-In Vivo Evaluation of Oral Drug Delivery System of Acyclovir Loaded PLGA nanoparticles.
snapshot_2,Topic_spray-dried_microspheres_2007-2016_Knowledge.txt,430,https://openalex.org/W2114101676,https://doi.org/10.1088/1468-6996/13/1/013003,2012,Recent progress in mesoporous titania materials: adjusting morphology for innovative applications
snapshot_2,Topic_spray-dried_microspheres_2007-2016_Knowledge.txt,431,https://openalex.org/W2169136645,https://doi.org/10.1158/0008-5472.can-09-4362,2010,Injectable Sustained Release Microparticles of Curcumin: A New Concept for Cancer Chemoprevention
snapshot_2,Topic_spray-dried_microspheres_2007-2016_Knowledge.txt,432,https://openalex.org/W2407317051,https://doi.org/10.1126/sciadv.1600519,2016,Encapsulation-free controlled release: Electrostatic adsorption eliminates the need for protein encapsulation in PLGA nanoparticles
snapshot_2,Topic_spray-dried_microspheres_2007-2016_Knowledge.txt,433,https://openalex.org/W2028815918,https://doi.org/10.1002/term.2,2007,Materials in particulate form for tissue engineering. 1. Basic concepts
snapshot_2,Topic_spray-dried_microspheres_2007-2016_Knowledge.txt,434,https://openalex.org/W1967458916,https://doi.org/10.3390/ma7020673,2014,Organic-Inorganic Hybrid Polymers as Adsorbents for Removal of Heavy Metal Ions from Solutions: A Review
snapshot_2,Topic_spray-dried_microspheres_2007-2016_Knowledge.txt,435,https://openalex.org/W2413648494,https://doi.org/10.3389/fmicb.2016.00825,2016,Bacteriophages as Weapons Against Bacterial Biofilms in the Food Industry
snapshot_2,Topic_spray-dried_microspheres_2007-2016_Knowledge.txt,436,https://openalex.org/W1917210544,https://doi.org/10.1111/j.2042-7158.2011.01439.x,2012,In-vitro dissolution methods for controlled release parenterals and their applicability to drug-eluting stent testing
snapshot_2,Topic_spray-dried_microspheres_2007-2016_Knowledge.txt,437,https://openalex.org/W1575212774,https://doi.org/10.5772/55178,2013,Application of Cellulose and Cellulose Derivatives in Pharmaceutical Industries
snapshot_2,Topic_spray-dried_microspheres_2007-2016_Knowledge.txt,438,https://openalex.org/W2064541639,https://doi.org/10.3390/s100100901,2010,Microencapsulation of Flavors in Carnauba Wax
snapshot_2,Topic_spray-dried_microspheres_2007-2016_Knowledge.txt,439,https://openalex.org/W2057917344,https://doi.org/10.3390/md8072212,2010,Preparation and Characterization of Chitosan Poly(acrylic acid) Magnetic Microspheres
snapshot_2,Topic_spray-dried_microspheres_2007-2016_Knowledge.txt,440,https://openalex.org/W1998163201,https://doi.org/10.1155/2014/340121,2014,Preparation and Characterization of Starch Nanoparticles for Controlled Release of Curcumin
snapshot_2,Topic_spray-dried_microspheres_2007-2016_Knowledge.txt,441,https://openalex.org/W2523120806,https://doi.org/10.3390/microorganisms4030035,2016,Biofilm Forming Lactobacillus: New Challenges for the Development of Probiotics
snapshot_2,Topic_spray-dried_microspheres_2007-2016_Knowledge.txt,442,https://openalex.org/W2107944229,https://doi.org/10.1155/2015/381759,2015,Nanomodified Peek Dental Implants: Bioactive Composites and Surface Modification—A Review
snapshot_2,Topic_spray-dried_microspheres_2007-2016_Knowledge.txt,443,https://openalex.org/W2277675985,https://doi.org/10.3934/matersci.2016.1.114,2016,Encapsulation of probiotics: insights into academic and industrial approaches
snapshot_2,Topic_spray-dried_microspheres_2007-2016_Knowledge.txt,444,https://openalex.org/W2063918553,https://doi.org/10.1155/2014/843687,2014,Nanotechnology-Based Cosmeceuticals
snapshot_2,Topic_spray-dried_microspheres_2007-2016_Knowledge.txt,445,https://openalex.org/W2132635270,https://doi.org/10.4314/ijest.v2i8.63846,2011,Synthesis and applications of nano-structured iron oxides/hydroxides – a review
snapshot_2,Topic_spray-dried_microspheres_2007-2016_Knowledge.txt,446,https://openalex.org/W2288962493,https://doi.org/10.2174/1381612821666150820111134,2015,Powder Production and Particle Engineering for Dry Powder Inhaler Formulations
snapshot_2,Topic_spray-dried_microspheres_2007-2016_Knowledge.txt,447,https://openalex.org/W2561294399,https://doi.org/10.1038/srep39140,2016,Hybrid microscaffold-based 3D bioprinting of multi-cellular constructs with high compressive strength: A new biofabrication strategy
snapshot_2,Topic_spray-dried_microspheres_2007-2016_Knowledge.txt,448,https://openalex.org/W2088550778,https://doi.org/10.2147/ijn.s40674,2013,"Novel ionically crosslinked casein nanoparticles for flutamide delivery: formulation, characterization, and in vivo pharmacokinetics"
snapshot_2,Topic_spray-dried_microspheres_2007-2016_Knowledge.txt,449,https://openalex.org/W2072856392,https://doi.org/10.7150/thno.3682,2012,Vascular Endothelial Growth Factor-Delivery Systems for Cardiac Repair: An Overview
snapshot_2,Topic_spray-dried_microspheres_2007-2016_Knowledge.txt,450,https://openalex.org/W2552533870,https://doi.org/10.3390/ijms17111875,2016,Functional Components of Carob Fruit: Linking the Chemical and Biological Space
snapshot_2,Topic_spray-dried_microspheres_2007-2016_Knowledge.txt,451,https://openalex.org/W1745238451,https://doi.org/10.1111/j.1472-765x.2012.03247.x,2012,Whey protein coating bead improves the survival of the probiotic Lactobacillus rhamnosus CRL 1505 to low pH
snapshot_2,Topic_spray-dried_microspheres_2007-2016_Knowledge.txt,452,https://openalex.org/W1995465307,https://doi.org/10.1093/ecam/neq029,2010,Antifungal Activity of Brazilian Propolis Microparticles against Yeasts Isolated from Vulvovaginal Candidiasis
snapshot_2,Topic_spray-dried_microspheres_2007-2016_Knowledge.txt,453,https://openalex.org/W2170369551,https://doi.org/10.2174/0929866521666140807114240,2014,Recent Advances in Protein and Peptide Drug Delivery: A Special Emphasis on Polymeric Nanoparticles
snapshot_2,Topic_spray-dried_microspheres_2007-2016_Knowledge.txt,454,https://openalex.org/W2127166301,https://doi.org/10.1155/2014/705068,2014,Characterization of Modified Magnetite Nanoparticles for Albumin Immobilization
snapshot_2,Topic_spray-dried_microspheres_2007-2016_Knowledge.txt,455,https://openalex.org/W2170141123,https://doi.org/10.1080/10717540802481349,2009,Gastroresistant microcapsules: new approaches for site-specific delivery of ketoprofen
snapshot_2,Topic_spray-dried_microspheres_2007-2016_Knowledge.txt,456,https://openalex.org/W2081258761,https://doi.org/10.3390/md12126236,2014,Design of Chitosan and Its Water Soluble Derivatives-Based Drug Carriers with Polyelectrolyte Complexes
snapshot_2,Topic_spray-dried_microspheres_2007-2016_Knowledge.txt,457,https://openalex.org/W2128915306,https://doi.org/10.4314/tjpr.v13i12.2,2015,Albendazole Microparticles Prepared by Spray Drying Technique: Improvement of Drug Dissolution
snapshot_2,Topic_spray-dried_microspheres_2007-2016_Knowledge.txt,458,https://openalex.org/W2134219802,https://doi.org/10.1186/1477-3155-8-18,2010,Fabrication of PLGA nanoparticles with a fluidic nanoprecipitation system
snapshot_2,Topic_spray-dried_microspheres_2007-2016_Knowledge.txt,459,https://openalex.org/W2049606735,https://doi.org/10.3390/polym2030229,2010,Responsive Polymers for Crop Protection
snapshot_2,Topic_spray-dried_microspheres_2007-2016_Knowledge.txt,460,https://openalex.org/W142365818,https://doi.org/10.5923/j.fph.20140405.04,2014,New Starches are the Trend for Industry Applications: A Review
snapshot_2,Topic_spray-dried_microspheres_2007-2016_Knowledge.txt,461,https://openalex.org/W2091201993,https://doi.org/10.1088/1468-6996/13/6/064103,2012,Hydroxylapatite nanoparticles: fabrication methods and medical applications
snapshot_2,Topic_spray-dried_microspheres_2007-2016_Knowledge.txt,462,https://openalex.org/W2184272585,https://doi.org/10.2147/ijn.s95483,2015,"Novel green synthesis of gold nanoparticles using Citrullus lanatus rind and investigation of proteasome inhibitory activity, antibacterial, and antioxidant potential"
snapshot_2,Topic_spray-dried_microspheres_2007-2016_Knowledge.txt,463,https://openalex.org/W1999697071,https://doi.org/10.3390/md13052732,2015,Anti-Obese Effect of Glucosamine and Chitosan Oligosaccharide in High-Fat Diet-Induced Obese Rats
snapshot_2,Topic_spray-dried_microspheres_2007-2016_Knowledge.txt,464,https://openalex.org/W1981981193,https://doi.org/10.2334/josnusd.50.377,2008,Steriods in the treatment of lichen planus: a review
snapshot_2,Topic_spray-dried_microspheres_2007-2016_Knowledge.txt,465,https://openalex.org/W2050968135,https://doi.org/10.4028/www.scientific.net/amr.896.532,2014,Development of Hydrocracking Catalyst Support from Kaolin of Indonesian Origin
snapshot_2,Topic_spray-dried_microspheres_2007-2016_Knowledge.txt,466,https://openalex.org/W2541175064,https://doi.org/10.1038/ncomms13300,2016,Imparting amphiphobicity on single-crystalline porous materials
snapshot_2,Topic_spray-dried_microspheres_2007-2016_Knowledge.txt,467,https://openalex.org/W2235679952,https://doi.org/10.2147/dddt.s93937,2016,"Preparation, characterization, and in vivo evaluation of intranasally administered liposomal formulation of donepezil"
snapshot_2,Topic_spray-dried_microspheres_2007-2016_Knowledge.txt,468,https://openalex.org/W1830623697,https://doi.org/10.4155/tde.15.5,2015,Advanced Drug Delivery Systems for Local Treatment of the Oral Cavity
snapshot_2,Topic_spray-dried_microspheres_2007-2016_Knowledge.txt,469,https://openalex.org/W2592346953,N/A,2015,"Microplastics: Occurrence, effects and sources of releases to the environment in Denmark"
snapshot_2,Topic_spray-dried_microspheres_2007-2016_Knowledge.txt,470,https://openalex.org/W2159367101,https://doi.org/10.11648/j.ijnfs.20140303.13,2014,Microencapsulation of Natural Food Colourants
snapshot_2,Topic_spray-dried_microspheres_2007-2016_Knowledge.txt,471,https://openalex.org/W2172192547,https://doi.org/10.1039/c4cs00392f,2015,An overview of nanoparticles commonly used in fluorescent bioimaging
snapshot_2,Topic_spray-dried_microspheres_2007-2016_Knowledge.txt,472,https://openalex.org/W1967232486,https://doi.org/10.12998/wjcc.v2.i12.742,2014,Drug-targeting methodologies with applications: A review
snapshot_2,Topic_spray-dried_microspheres_2007-2016_Knowledge.txt,473,https://openalex.org/W2491709134,https://doi.org/10.3390/molecules21080940,2016,"Green Tea Leaves Extract: Microencapsulation, Physicochemical and Storage Stability Study"
snapshot_2,Topic_spray-dried_microspheres_2007-2016_Knowledge.txt,474,https://openalex.org/W2189043789,https://doi.org/10.1007/s40820-015-0057-1,2015,Hydrogen Gas Sensor Based on Nanocrystalline SnO2 Thin Film Grown on Bare Si Substrates
snapshot_2,Topic_spray-dried_microspheres_2007-2016_Knowledge.txt,475,https://openalex.org/W2073465563,https://doi.org/10.1097/aln.0b013e31816c8a48,2008,Local Myotoxicity from Sustained Release of Bupivacaine from Microparticles
snapshot_2,Topic_spray-dried_microspheres_2007-2016_Knowledge.txt,476,https://openalex.org/W2002534659,https://doi.org/10.1002/admi.201300026,2013,"Superhydrophobic Coatings on Cellulose‐Based Materials: Fabrication, Properties, and Applications"
snapshot_2,Topic_spray-dried_microspheres_2007-2016_Knowledge.txt,477,https://openalex.org/W1992301388,https://doi.org/10.1155/2014/939378,2014,Nanotechnology in Cancer Drug Delivery and Selective Targeting
snapshot_2,Topic_spray-dried_microspheres_2007-2016_Knowledge.txt,478,https://openalex.org/W1969706116,https://doi.org/10.1371/journal.pntd.0001452,2011,Mosquito Host Selection Varies Seasonally with Host Availability and Mosquito Density
snapshot_2,Topic_spray-dried_microspheres_2007-2016_Knowledge.txt,479,https://openalex.org/W2170169216,https://doi.org/10.1590/s1516-14392014005000010,2014,Evaluation of sodium diclofenac release using natural rubber latex as carrier
snapshot_2,Topic_spray-dried_microspheres_2007-2016_Knowledge.txt,480,https://openalex.org/W1985974845,https://doi.org/10.1038/srep05769,2014,3D Hierarchical Rutile TiO2 and Metal-free Organic Sensitizer Producing Dye-sensitized Solar Cells 8.6% Conversion Efficiency
snapshot_2,Topic_spray-dried_microspheres_2007-2016_Knowledge.txt,481,https://openalex.org/W2122612293,https://doi.org/10.1111/srt.12235,2015,Materials used to simulate physical properties of human skin
snapshot_2,Topic_spray-dried_microspheres_2007-2016_Knowledge.txt,482,https://openalex.org/W1992747950,https://doi.org/10.1038/srep04712,2014,Enhancement mechanisms of graphene in nano-58S bioactive glass scaffold: mechanical and biological performance
snapshot_2,Topic_spray-dried_microspheres_2007-2016_Knowledge.txt,483,https://openalex.org/W2038780401,https://doi.org/10.2147/ijn.s6428,2009,Pharmacokinetics and tolerance study of intravitreal injection of dexamethasone-loaded nanoparticles in rabbits
snapshot_2,Topic_spray-dried_microspheres_2007-2016_Knowledge.txt,484,https://openalex.org/W2473736632,https://doi.org/10.3390/molecules21070836,2016,Nanoparticles: Alternatives Against Drug-Resistant Pathogenic Microbes
snapshot_2,Topic_spray-dried_microspheres_2007-2016_Knowledge.txt,485,https://openalex.org/W2110812399,https://doi.org/10.1155/2014/420616,2014,Effect of Gamma Irradiation on Structural and Biological Properties of a PLGA-PEG-Hydroxyapatite Composite
snapshot_2,Topic_spray-dried_microspheres_2007-2016_Knowledge.txt,486,https://openalex.org/W2559783663,https://doi.org/10.4314/tjpr.v15i11.2,2016,Preparation and in vitro evaluation of amoxicillin encapsulated in alginate-coated chitosan microparticles
snapshot_2,Topic_spray-dried_microspheres_2007-2016_Knowledge.txt,487,https://openalex.org/W2112599595,https://doi.org/10.1590/s0100-40422012000600011,2012,Evaluation of chitosan microparticles containing curcumin and crosslinked with sodium tripolyphosphate produced by spray drying
snapshot_2,Topic_spray-dried_microspheres_2007-2016_Knowledge.txt,488,https://openalex.org/W4229623414,https://doi.org/10.1149/ma2014-04/2/379,2014,One-Pot Spray-Dried Graphene Sheets-Encapsulated Nano-Li<sub>4</sub>Ti<sub>5</sub>O<sub>12</sub> Microspheres for a Hybrid Batcap System
snapshot_2,Topic_spray-dried_microspheres_2007-2016_Knowledge.txt,489,https://openalex.org/W2017692696,https://doi.org/10.1155/2012/714134,2012,Nanotechnology‐Based Therapies for Skin Wound Regeneration
snapshot_2,Topic_spray-dried_microspheres_2007-2016_Knowledge.txt,490,https://openalex.org/W2078026259,https://doi.org/10.3389/fmicb.2014.00557,2014,Resolving the abundance and air-sea fluxes of airborne microorganisms in the North Atlantic Ocean
snapshot_2,Topic_spray-dried_microspheres_2007-2016_Knowledge.txt,491,https://openalex.org/W2009999035,https://doi.org/10.3390/s100505063,2010,"Novel Microwave-Assisted Synthesis of Poly(D,L-lactide): The Influence of Monomer/Initiator Molar Ratio on the Product Properties"
snapshot_2,Topic_spray-dried_microspheres_2007-2016_Knowledge.txt,492,https://openalex.org/W1793664991,https://doi.org/10.1039/c5ra08321d,2015,Advances and challenges of sodium ion batteries as post lithium ion batteries
snapshot_2,Topic_spray-dried_microspheres_2007-2016_Knowledge.txt,493,https://openalex.org/W2152121601,https://doi.org/10.4314/tjpr.v8i1.14712,2009,The effect of chitosan molecular weight on the properties of alginate/ chitosan microparticles containing prednisolone
snapshot_2,Topic_spray-dried_microspheres_2007-2016_Knowledge.txt,494,https://openalex.org/W2005913110,https://doi.org/10.4236/jbnb.2012.34048,2012,Release of Anticancer Drug 5-Fluorouracil from Different Ionically Crosslinked Alginate Beads
snapshot_2,Topic_spray-dried_microspheres_2007-2016_Knowledge.txt,495,https://openalex.org/W90952481,N/A,2008,Study of dissolution rate enhancement of poorly water soluble drug
snapshot_2,Topic_spray-dried_microspheres_2007-2016_Knowledge.txt,496,https://openalex.org/W2263375075,https://doi.org/10.3390/coatings6010007,2016,Surface Treatments and Functional Coatings for Biocompatibility Improvement and Bacterial Adhesion Reduction in Dental Implantology
snapshot_2,Topic_spray-dried_microspheres_2007-2016_Knowledge.txt,497,https://openalex.org/W2123290409,https://doi.org/10.1590/s1517-83822013000300017,2013,Microencapsulation of Bifidobacterium animalis subsp. lactis and Lactobacillus acidophilus in cocoa butter using spray chilling technology
snapshot_2,Topic_spray-dried_microspheres_2007-2016_Knowledge.txt,498,https://openalex.org/W1482848656,N/A,2010,MICROENCAPSULATION TECHNOLOGY: A REVIEW
snapshot_2,Topic_spray-dried_microspheres_2007-2016_Knowledge.txt,499,https://openalex.org/W2564239734,https://doi.org/10.14302/issn.2328-0182.japst-12-145,2013,Supercritical Fluid Technology: A Review
snapshot_2,Topic_spray-dried_microspheres_2007-2016_Knowledge.txt,500,https://openalex.org/W2009279641,https://doi.org/10.1155/2012/672760,2012,Therapeutic Strategies Based on Polymeric Microparticles
