source_snapshot,source_file,local_id,openalex_id,doi,year,title
snapshot_1,Topic_cobalt_selenite_anodes_2011-2020_Knowledge.txt,1,https://openalex.org/W2985869177,https://doi.org/10.1002/smll.201905289,2019,"Investigation of Binary Metal (Ni, Co) Selenite as Li‐Ion Battery Anode Materials and Their Conversion Reaction Mechanism with Li Ions"
snapshot_1,Topic_cobalt_selenite_anodes_2011-2020_Knowledge.txt,2,https://openalex.org/W3016478157,https://doi.org/10.1021/acs.jpcc.0c00178,2020,Achieving Increased Electrochemical Accessibility and Lowered Oxygen Evolution Reaction Activation Energy for Co<sup>2+</sup> Sites with a Simple Anion Preoxidation
snapshot_1,Topic_cobalt_selenite_anodes_2011-2020_Knowledge.txt,3,https://openalex.org/W2913503739,https://doi.org/10.3389/fenrg.2019.00001,2019,Challenges of Microbial Fuel Cell Architecture on Heavy Metal Recovery and Removal From Wastewater
snapshot_1,Topic_cobalt_selenite_anodes_2011-2020_Knowledge.txt,4,https://openalex.org/W2509924951,https://doi.org/10.1186/s40643-016-0116-6,2016,Microbial fuel cell: a green approach for the utilization of waste for the generation of bioelectricity
snapshot_1,Topic_cobalt_selenite_anodes_2011-2020_Knowledge.txt,5,https://openalex.org/W3103562745,https://doi.org/10.1002/adma.202005182,2020,A Surface Se‐Substituted LiCo[O<sub>2−</sub><i><sub>δ</sub></i>Se<i><sub>δ</sub></i>] Cathode with Ultrastable High‐Voltage Cycling in Pouch Full‐Cells
snapshot_1,Topic_cobalt_selenite_anodes_2011-2020_Knowledge.txt,6,https://openalex.org/W2942899979,https://doi.org/10.3389/fchem.2019.00268,2019,The Aluminum-Ion Battery: A Sustainable and Seminal Concept?
snapshot_1,Topic_cobalt_selenite_anodes_2011-2020_Knowledge.txt,7,https://openalex.org/W3045313884,https://doi.org/10.3390/catal10080819,2020,Outlook on the Role of Microbial Fuel Cells in Remediation of Environmental Pollutants with Electricity Generation
snapshot_1,Topic_cobalt_selenite_anodes_2011-2020_Knowledge.txt,8,https://openalex.org/W3130624291,https://doi.org/10.4491/eer.2020.484,2020,"Microbial electrolysis cells for electromethanogenesis: Materials, configurations and operations"
snapshot_1,Topic_cobalt_selenite_anodes_2011-2020_Knowledge.txt,9,https://openalex.org/W3119685262,https://doi.org/10.6060/mhc200814k,2020,Macroheterocyclic Compounds - a Key Building Block in New Functional Materials and Molecular Devices
snapshot_1,Topic_cobalt_selenite_anodes_2011-2020_Knowledge.txt,10,https://openalex.org/W2212720752,https://doi.org/10.3892/etm.2015.2946,2015,"Synthesis of Co3O4 nanoparticles with block and sphere morphology, and investigation into the influence of morphology on biological toxicity"
snapshot_1,Topic_cobalt_selenite_anodes_2011-2020_Knowledge.txt,11,https://openalex.org/W2873754355,https://doi.org/10.3390/en11071822,2018,Electro-Microbiology as a Promising Approach Towards Renewable Energy and Environmental Sustainability
snapshot_1,Topic_cobalt_selenite_anodes_2011-2020_Knowledge.txt,12,https://openalex.org/W2961739293,https://doi.org/10.3390/molecules24142597,2019,Mechanochemical Synthesis of CuO/MgAl2O4 and MgFe2O4 Spinels for Vanillin Production from Isoeugenol and Vanillyl Alcohol
snapshot_1,Topic_cobalt_selenite_anodes_2011-2020_Knowledge.txt,13,https://openalex.org/W2908015355,https://doi.org/10.3390/cryst9010017,2018,Removal of Acid Orange 7 from Aqueous Solution by Metal-Organic Frameworks
snapshot_1,Topic_cobalt_selenite_anodes_2011-2020_Knowledge.txt,14,https://openalex.org/W3110738353,https://doi.org/10.1111/1751-7915.13718,2020,Microbial interaction with and tolerance of radionuclides: underlying mechanisms and biotechnological applications
snapshot_1,Topic_cobalt_selenite_anodes_2011-2020_Knowledge.txt,15,https://openalex.org/W2984681740,https://doi.org/10.3390/ijms20225612,2019,In Situ Synthesis of MIL-100(Fe) at the Surface of Fe3O4@AC as Highly Efficient Dye Adsorbing Nanocomposite
snapshot_1,Topic_cobalt_selenite_anodes_2011-2020_Knowledge.txt,16,https://openalex.org/W2026648268,https://doi.org/10.1155/2015/149745,2015,Effect of Dietary Lead on Intestinal Nutrient Transporters mRNA Expression in Broiler Chickens
snapshot_1,Topic_cobalt_selenite_anodes_2011-2020_Knowledge.txt,17,https://openalex.org/W1994538328,https://doi.org/10.1155/2014/953181,2014,Screening of Trace Elements in Hair of the Female Population with Different Types of Cancers in Wielkopolska Region of Poland
snapshot_1,Topic_cobalt_selenite_anodes_2011-2020_Knowledge.txt,18,https://openalex.org/W3085198841,https://doi.org/10.1186/s42834-020-00059-3,2020,The performance of Cu2+ as dissolved cathodic electron-shuttle mediator for Cr6+ reduction in the microbial fuel cell
snapshot_1,Topic_cobalt_selenite_anodes_2011-2020_Knowledge.txt,19,https://openalex.org/W3208668040,https://doi.org/10.3390/app9010016,2018,Efficient Photoelectrochemical Water Splitting Reaction using Electrodeposited Co3Se4 Catalyst
snapshot_1,Topic_cobalt_selenite_anodes_2011-2020_Knowledge.txt,20,https://openalex.org/W2520844746,https://doi.org/10.1080/10643389.2016.1235943,2016,Methodological approaches for fractionation and speciation to estimate trace element bioavailability in engineered anaerobic digestion ecosystems: An overview
snapshot_1,Topic_cobalt_selenite_anodes_2011-2020_Knowledge.txt,21,https://openalex.org/W4252308332,https://doi.org/10.3133/pp1802q,2017,Selenium
snapshot_1,Topic_cobalt_selenite_anodes_2011-2020_Knowledge.txt,22,https://openalex.org/W2078232149,https://doi.org/10.2478/amm-2014-0147,2014,Microgravimetric Studies of Selenium Electrodeposition Onto Different Substrates
snapshot_1,Topic_cobalt_selenite_anodes_2011-2020_Knowledge.txt,23,https://openalex.org/W2883359950,https://doi.org/10.4191/kcers.2018.55.5.01,2018,An Overview of Self-Grown Nanostructured Electrode Materials in Electrochemical Supercapacitors
snapshot_1,Topic_cobalt_selenite_anodes_2011-2020_Knowledge.txt,24,https://openalex.org/W2999975753,https://doi.org/10.1155/2020/3489509,2020,Polypyrrole-Chitosan-CaFe<sub>2</sub>O<sub>4</sub> Layer Sensor for Detection of Anionic and Cationic Dye Using Surface Plasmon Resonance
snapshot_1,Topic_cobalt_selenite_anodes_2011-2020_Knowledge.txt,25,https://openalex.org/W2519505110,https://doi.org/10.3390/met6090221,2016,Nanocrystalline β-Ta Coating Enhances the Longevity and Bioactivity of Medical Titanium Alloys
snapshot_1,Topic_cobalt_selenite_anodes_2011-2020_Knowledge.txt,26,https://openalex.org/W2898363326,https://doi.org/10.20944/preprints201810.0605.v1,2018,Efficient Photoelectrochemical Water Splitting Reaction Using Electrodeposited Co&lt;sub&gt;3&lt;/sub&gt;Se&lt;sub&gt;4&lt;/sub&gt; Catalys
snapshot_1,Topic_cobalt_selenite_anodes_2011-2020_Knowledge.txt,27,https://openalex.org/W2740423008,https://doi.org/10.1007/s13201-017-0601-x,2017,Metallic iron for water treatment: leaving the valley of confusion
snapshot_1,Topic_cobalt_selenite_anodes_2011-2020_Knowledge.txt,28,https://openalex.org/W3090019040,https://doi.org/10.1089/ast.2019.2087,2020,The Detection of Elemental Signatures of Microbes in Martian Mudstone Analogs Using High Spatial Resolution Laser Ablation Ionization Mass Spectrometry
snapshot_1,Topic_cobalt_selenite_anodes_2011-2020_Knowledge.txt,29,https://openalex.org/W2769598544,https://doi.org/10.3390/min7110229,2017,"Selenium and Other Trace Element Mobility in Waste Products and Weathered Sediments at Parys Mountain Copper Mine, Anglesey, UK"
snapshot_1,Topic_cobalt_selenite_anodes_2011-2020_Knowledge.txt,30,https://openalex.org/W2907446371,https://doi.org/10.15244/pjoes/86217,2018,Sorption of Thallium on Walnut Shells and itsEnhancement by the Lignosulfonate-StabilizedGold Colloid
snapshot_1,Topic_cobalt_selenite_anodes_2011-2020_Knowledge.txt,31,https://openalex.org/W3111494444,https://doi.org/10.1371/journal.pone.0243492,2020,"Study of chromium, selenium and bromine concentrations in blood serum of patients with parenteral nutrition treatment using total reflection X-ray fluorescence analysis"
snapshot_1,Topic_cobalt_selenite_anodes_2011-2020_Knowledge.txt,32,https://openalex.org/W4235596799,https://doi.org/10.21203/rs.3.rs-22145/v1,2020,The performance of Cu2+ as dissolved cathodic electron-shuttle mediator for Cr6+ reduction in the microbial fuel cell
snapshot_1,Topic_cobalt_selenite_anodes_2011-2020_Knowledge.txt,33,https://openalex.org/W3024719994,https://doi.org/10.3390/en13102480,2020,Nickel Salicylaldoxime-Based Coordination Polymer as a Cathode for Lithium-Ion Batteries
snapshot_1,Topic_cobalt_selenite_anodes_2011-2020_Knowledge.txt,34,https://openalex.org/W2999907005,https://doi.org/10.21926/acr.2001002,2020,"Vanadium: Biological, Environmental, and Engineering Aspects"
snapshot_1,Topic_cobalt_selenite_anodes_2011-2020_Knowledge.txt,35,https://openalex.org/W2049297534,https://doi.org/10.2174/1874396x01307010035,2013,"Mass Spectrometric Study of Stability, Thermochemistry and Structures of the Gaseous Oxyacid Salts"
snapshot_1,Topic_cobalt_selenite_anodes_2011-2020_Knowledge.txt,36,https://openalex.org/W3112518266,https://doi.org/10.21203/rs.3.rs-85446/v1,2020,Cryomilled Ni-Co-Se Enables Water Oxidation Electrocatalysts Durable at High Current Densities
snapshot_1,Topic_cobalt_selenite_anodes_2011-2020_Knowledge.txt,37,https://openalex.org/W2583388072,https://doi.org/10.1002/pip.2868,2017,Photovoltaics literature survey (No. 133)
snapshot_1,Topic_cobalt_selenite_anodes_2011-2020_Knowledge.txt,38,https://openalex.org/W4254572882,https://doi.org/10.21203/rs.3.rs-40019/v1,2020,Reversible Dual Anionic-Redox Chemistry in NaCrSSe with Fast Charging Capability
snapshot_1,Topic_cobalt_selenite_anodes_2011-2020_Knowledge.txt,39,https://openalex.org/W3012787654,https://doi.org/10.14943/doctoral.k13659,2019,Galvanic microencapsulation: a new technique to suppress pyrite oxidation
snapshot_1,Topic_cobalt_selenite_anodes_2011-2020_Knowledge.txt,40,https://openalex.org/W2883053378,N/A,2018,Photoelectrochemical Studies on Non-Noble Metal Based Catalysts towards Tandem Solar Water Splitting
snapshot_1,Topic_cobalt_selenite_anodes_2011-2020_Knowledge.txt,41,https://openalex.org/W2295001732,N/A,2012,The importance of dissolved organic matter to the binding of copper and the release of trace elements from coal ash
snapshot_1,Topic_cobalt_selenite_anodes_2011-2020_Knowledge.txt,42,https://openalex.org/W2542891577,N/A,2016,Technology and tools for bioelectrochemical production of short- and medium-chain carboxylic acids from CO2
snapshot_1,Topic_cobalt_selenite_anodes_2011-2020_Knowledge.txt,43,https://openalex.org/W4240692699,https://doi.org/10.2175/106143012x13407275694752,2012,Physico‐Chemical Processes
snapshot_1,Topic_cobalt_selenite_anodes_2011-2020_Knowledge.txt,44,https://openalex.org/W1489009912,N/A,2011,Characterization and Tracking of Contaminants in Oil Tar Sediments and Assessment of Water Treatment Technologies for Their Removal
snapshot_1,Topic_cobalt_selenite_anodes_2011-2020_Knowledge.txt,45,https://openalex.org/W2857435738,N/A,2018,Corrosion Scale Characteristics and Lead Oxide Dissolution in Chloraminated Water
snapshot_1,Topic_cobalt_selenite_anodes_2011-2020_Knowledge.txt,46,https://openalex.org/W3010586654,N/A,2019,LIVING CAPACITORS: FUNCTIONAL CHARACTERIZATION OF A NOVEL CYTOCHROME ACTING AS A NANOWIRE
snapshot_1,Topic_cobalt_selenite_anodes_2011-2020_Knowledge.txt,47,https://openalex.org/W4254423401,https://doi.org/10.21203/rs.3.rs-22145/v2,2020,The performance of Cu2+ as dissolved cathodic electron-shuttle mediator for Cr6+ reduction in the microbial fuel cell
snapshot_1,Topic_cobalt_selenite_anodes_2011-2020_Knowledge.txt,48,https://openalex.org/W4239112223,https://doi.org/10.21203/rs.3.rs-22145/v3,2020,The performance of Cu2+ as dissolved cathodic electron-shuttle mediator for Cr6+ reduction in the microbial fuel cell
snapshot_1,Topic_cobalt_selenite_anodes_2011-2020_Knowledge.txt,49,https://openalex.org/W2761330645,N/A,2014,Study of Nitrite Sensors Based on Co(III)/Rh(III)-Ligand Complexes as Selective Ionophores.
snapshot_1,Topic_cobalt_selenite_anodes_2011-2020_Knowledge.txt,50,https://openalex.org/W2560224805,https://doi.org/10.15623/ijret.2016.0511013,2016,ELECTROCHEMICAL AND MORPHOLOGICAL STUDY OF ZN-MN ALLOYS DEPOSITED FROM BORIC ACID ELECTROLYTE ONTO THE CARBON STEEL FOR CORROSION PROTECTION
snapshot_1,Topic_cobalt_selenite_anodes_2011-2020_Knowledge.txt,51,https://openalex.org/W3148043586,N/A,2019,"Experimental and Quantum-Mechanical Approaches to Explore Oxide, Phosphate, and Sulfate Minerals as Redox Catalysts, Geochemical Probes, and the Stability of Their Solid Solutions"
snapshot_1,Topic_cobalt_selenite_anodes_2011-2020_Knowledge.txt,52,https://openalex.org/W2890288128,N/A,2018,Photoelectrochemical Investigations on Novel Earth Abundant Solid State Catalysts for Solar Water Oxidation
snapshot_1,Topic_cobalt_selenite_anodes_2011-2020_Knowledge.txt,53,https://openalex.org/W2254495602,https://doi.org/10.33915/etd.481,2012,"Study of Chemical States, Composition and Adsorption Behavior of Iron Coated Granular Activated Carbon (Fe-GAC) for Selenate Removal and Feasible Adsorbent Modifications"
snapshot_1,Topic_cobalt_selenite_anodes_2011-2020_Knowledge.txt,54,https://openalex.org/W3137714247,https://doi.org/10.33915/etd.6197,2017,Temperature-Dependent Selenium Sorption to Mine Drainage Solids: Implication for Diel Cycling
snapshot_1,Topic_cobalt_selenite_anodes_2011-2020_Knowledge.txt,55,https://openalex.org/W2529977164,https://doi.org/10.32657/10356/53615,2011,Sorption mechanisms of divalent cations with titanate nanotube
snapshot_1,Topic_cobalt_selenite_anodes_2011-2020_Knowledge.txt,56,https://openalex.org/W2999292830,N/A,2019,"THE STRUCTURAL, SURFACE MORPHOLOGY, OPTICAL AND ELECTRICAL PROPERTIES OF ZnO FILM DOPED GALLIUM AT 10%"
snapshot_1,Topic_cobalt_selenite_anodes_2011-2020_Knowledge.txt,57,https://openalex.org/W3087955189,https://doi.org/10.14943/doctoral.k13803,2019,Effects of Ferric Ions on Carrier-microencapsulation for Suppressing Pyrite Oxidation
snapshot_1,Topic_cobalt_selenite_anodes_2011-2020_Knowledge.txt,58,https://openalex.org/W3081209770,N/A,2018,Electron Transfer Through The Outer Membrane Of Geobacter Sulfurreducens
snapshot_1,Topic_cobalt_selenite_anodes_2011-2020_Knowledge.txt,59,https://openalex.org/W2512619760,https://doi.org/10.6092/unibo/amsdottorato/7492,2016,Modified Electrodes for Energy and Sensing Applications
snapshot_1,Topic_cobalt_selenite_anodes_2011-2020_Knowledge.txt,60,https://openalex.org/W2954333205,N/A,2016,"THE ECO-PHYSIOLOGY, STRESS RESPONSE REGULATION, AND ENGINEERING OF SHEWANELLA SPECIES FOR INDUSTRIAL AND ENVIRONMENTAL APPLICATIONS"
snapshot_1,Topic_cobalt_selenite_anodes_2011-2020_Knowledge.txt,61,https://openalex.org/W2538065719,N/A,2016,Biometallurgical technologies for the recovery of critical metals from secondary sources
snapshot_1,Topic_cobalt_selenite_anodes_2011-2020_Knowledge.txt,62,https://openalex.org/W2803616944,https://doi.org/10.71781/11495,2017,Approche théorique et expérimentale combinée dans l’exploration de LiFeV2O7 et son application comme matériau d’électrode positive pour batterie aux ions lithium
snapshot_1,Topic_cobalt_selenite_anodes_2011-2020_Knowledge.txt,63,https://openalex.org/W2965970511,N/A,2018,Analysis and modifications of two in vivo methods for determining fluorine content in bone
snapshot_1,Topic_cobalt_selenite_anodes_2011-2020_Knowledge.txt,64,https://openalex.org/W3081030124,N/A,2019,"Life, Death, And Coexistence: Exploring And Manipulating The Respiratory Lifestyle Of Shewanella Oneidensis"
snapshot_1,Topic_cobalt_selenite_anodes_2011-2020_Knowledge.txt,65,https://openalex.org/W2909001331,N/A,2017,From design to application: the synthesis of metal-organic frameworks (MOFS) with an environmentally benign solvent for applications in environmental protection
snapshot_1,Topic_cobalt_selenite_anodes_2011-2020_Knowledge.txt,66,https://openalex.org/W2921898278,N/A,2017,Structural studies on molybdenum-dependent enzymes: from transporters to enzymes
snapshot_1,Topic_cobalt_selenite_anodes_2011-2020_Knowledge.txt,67,https://openalex.org/W2972429930,N/A,2019,Analysis of Metal Contaminants and Mercury Speciation in Fishes from the Slave and Athabasca Rivers
snapshot_1,Topic_cobalt_selenite_anodes_2011-2020_Knowledge.txt,68,https://openalex.org/W2399140272,https://doi.org/10.3929/ethz-a-010163392,2014,Fundamental studies on laser ablation inductively coupled plasma mass spectrometry for improved quantitative imaging of biomaterials
snapshot_1,Topic_cobalt_selenite_anodes_2011-2020_Knowledge.txt,69,https://openalex.org/W2946788176,https://doi.org/10.25904/1912/3517,2012,Development of the Diffusive Gradients in Thin Films Technique for the Measurement of Inorganic Arsenic Speciation in Water and the Investigation of Arsenic Sediment Biogeochemistry
snapshot_2,Topic_electrospun_nanofibers_2011-2020_Knowledge.txt,1,https://openalex.org/W2929722587,https://doi.org/10.1021/acs.chemrev.8b00593,2019,"Electrospinning and Electrospun Nanofibers: Methods, Materials, and Applications"
snapshot_2,Topic_electrospun_nanofibers_2011-2020_Knowledge.txt,2,https://openalex.org/W2742997191,https://doi.org/10.1021/acs.accounts.7b00218,2017,"Electrospun Nanofibers: New Concepts, Materials, and Applications"
snapshot_2,Topic_electrospun_nanofibers_2011-2020_Knowledge.txt,3,https://openalex.org/W2046774273,https://doi.org/10.1002/adhm.201100021,2011,Electrospun Nanofibers for Regenerative Medicine
snapshot_2,Topic_electrospun_nanofibers_2011-2020_Knowledge.txt,4,https://openalex.org/W2802031155,https://doi.org/10.1039/c8py00378e,2018,Electrospun nanofiber reinforced composites: a review
snapshot_2,Topic_electrospun_nanofibers_2011-2020_Knowledge.txt,5,https://openalex.org/W2560596415,https://doi.org/10.1002/mame.201600353,2016,Electrospun Nanofibers Membranes for Effective Air Filtration
snapshot_2,Topic_electrospun_nanofibers_2011-2020_Knowledge.txt,6,https://openalex.org/W2009271116,https://doi.org/10.1155/2013/789289,2013,A Review of the Effect of Processing Variables on the Fabrication of Electrospun Nanofibers for Drug Delivery Applications
snapshot_2,Topic_electrospun_nanofibers_2011-2020_Knowledge.txt,7,https://openalex.org/W2098707962,https://doi.org/10.1039/c2ta00189f,2012,Superhydrophobic electrospun nanofibers
snapshot_2,Topic_electrospun_nanofibers_2011-2020_Knowledge.txt,8,https://openalex.org/W2615937423,https://doi.org/10.2217/nnm-2017-0017,2017,Recent Advances in Electrospun Nanofibers for Wound Healing
snapshot_2,Topic_electrospun_nanofibers_2011-2020_Knowledge.txt,9,https://openalex.org/W2076558842,https://doi.org/10.1039/c3tb20795a,2013,Designing electrospun nanofiber mats to promote wound healing – a review
snapshot_2,Topic_electrospun_nanofibers_2011-2020_Knowledge.txt,10,https://openalex.org/W2177747090,https://doi.org/10.1039/c5ta06844d,2015,Electrospun nanofibers as a platform for advanced secondary batteries: a comprehensive review
snapshot_2,Topic_electrospun_nanofibers_2011-2020_Knowledge.txt,11,https://openalex.org/W2110541415,https://doi.org/10.1002/mabi.201300561,2014,"Electrospun Nanofibers as Dressings for Chronic Wound Care: Advances, Challenges, and Future Prospects"
snapshot_2,Topic_electrospun_nanofibers_2011-2020_Knowledge.txt,12,https://openalex.org/W2894179894,https://doi.org/10.1002/mame.201800336,2018,Green Electrospun Nanofibers and Their Application in Air Filtration
snapshot_2,Topic_electrospun_nanofibers_2011-2020_Knowledge.txt,13,https://openalex.org/W2905930064,https://doi.org/10.3390/pharmaceutics11010005,2018,Biomedical Applications of Electrospun Nanofibers: Drug and Nanoparticle Delivery
snapshot_2,Topic_electrospun_nanofibers_2011-2020_Knowledge.txt,14,https://openalex.org/W2142748292,https://doi.org/10.1039/c4cs00226a,2014,"Electrosprayed nanoparticles and electrospun nanofibers based on natural materials: applications in tissue regeneration, drug delivery and pharmaceuticals"
snapshot_2,Topic_electrospun_nanofibers_2011-2020_Knowledge.txt,15,https://openalex.org/W3039597652,https://doi.org/10.1039/d0ta05100d,2020,Recent advances in electrospun nanofibers for supercapacitors
snapshot_2,Topic_electrospun_nanofibers_2011-2020_Knowledge.txt,16,https://openalex.org/W2914595820,https://doi.org/10.1021/acsabm.8b00637,2019,Latest Progress in Electrospun Nanofibers for Wound Healing Applications
snapshot_2,Topic_electrospun_nanofibers_2011-2020_Knowledge.txt,17,https://openalex.org/W2258689661,https://doi.org/10.3390/ma9020073,2016,Potential of Electrospun Nanofibers for Biomedical and Dental Applications
snapshot_2,Topic_electrospun_nanofibers_2011-2020_Knowledge.txt,18,https://openalex.org/W2307303943,https://doi.org/10.1007/s40097-016-0189-y,2016,Review for application of electrospinning and electrospun nanofibers technology in textile industry
snapshot_2,Topic_electrospun_nanofibers_2011-2020_Knowledge.txt,19,https://openalex.org/W2081245644,https://doi.org/10.3390/fib2020158,2014,High Strength and High Modulus Electrospun Nanofibers
snapshot_2,Topic_electrospun_nanofibers_2011-2020_Knowledge.txt,20,https://openalex.org/W2509043347,https://doi.org/10.1021/acsami.6b06825,2016,Superabsorbent 3D Scaffold Based on Electrospun Nanofibers for Cartilage Tissue Engineering
snapshot_2,Topic_electrospun_nanofibers_2011-2020_Knowledge.txt,21,https://openalex.org/W2062999586,https://doi.org/10.1080/15583724.2014.881374,2014,Electrospun Nanofibers as Scaffolds for Skin Tissue Engineering
snapshot_2,Topic_electrospun_nanofibers_2011-2020_Knowledge.txt,22,https://openalex.org/W2968940328,https://doi.org/10.1021/acsbiomaterials.9b00853,2019,Electrospun Nanofibers for Drug Delivery and Biosensing
snapshot_2,Topic_electrospun_nanofibers_2011-2020_Knowledge.txt,23,https://openalex.org/W2345975623,https://doi.org/10.1021/acs.nanolett.5b04596,2016,Roll-to-Roll Transfer of Electrospun Nanofiber Film for High-Efficiency Transparent Air Filter
snapshot_2,Topic_electrospun_nanofibers_2011-2020_Knowledge.txt,24,https://openalex.org/W2970562885,https://doi.org/10.1002/adfm.201905467,2019,A Review: Electrospun Nanofiber Materials for Lithium‐Sulfur Batteries
snapshot_2,Topic_electrospun_nanofibers_2011-2020_Knowledge.txt,25,https://openalex.org/W2883478827,https://doi.org/10.2174/1567201815666180723114326,2018,A Summary of Electrospun Nanofibers as Drug Delivery System: Drugs Loaded and Biopolymers Used as Matrices
snapshot_2,Topic_electrospun_nanofibers_2011-2020_Knowledge.txt,26,https://openalex.org/W2320722125,https://doi.org/10.1039/c6bm00070c,2016,Electrospun nanofibers for cancer diagnosis and therapy
snapshot_2,Topic_electrospun_nanofibers_2011-2020_Knowledge.txt,27,https://openalex.org/W2131931339,https://doi.org/10.1088/1748-6041/8/1/014102,2013,Current approaches to electrospun nanofibers for tissue engineering
snapshot_2,Topic_electrospun_nanofibers_2011-2020_Knowledge.txt,28,https://openalex.org/W2046918049,https://doi.org/10.1039/c4ee00612g,2014,"Hierarchical electrospun nanofibers for energy harvesting, production and environmental remediation"
snapshot_2,Topic_electrospun_nanofibers_2011-2020_Knowledge.txt,29,https://openalex.org/W2059368781,https://doi.org/10.1016/j.proeng.2013.11.034,2014,Electrospun Nanofibers for Air Filtration Applications
snapshot_2,Topic_electrospun_nanofibers_2011-2020_Knowledge.txt,30,https://openalex.org/W2774707781,https://doi.org/10.1002/adhm.201701024,2017,Emerging Roles of Electrospun Nanofibers in Cancer Research
snapshot_2,Topic_electrospun_nanofibers_2011-2020_Knowledge.txt,31,https://openalex.org/W2329599211,https://doi.org/10.1021/acsami.6b02419,2016,Development of Omniphobic Desalination Membranes Using a Charged Electrospun Nanofiber Scaffold
snapshot_2,Topic_electrospun_nanofibers_2011-2020_Knowledge.txt,32,https://openalex.org/W3082376137,https://doi.org/10.3390/membranes10090204,2020,Progress on the Fabrication and Application of Electrospun Nanofiber Composites
snapshot_2,Topic_electrospun_nanofibers_2011-2020_Knowledge.txt,33,https://openalex.org/W2044071729,https://doi.org/10.3390/ma7021017,2014,Nanocomposite Electrospun Nanofiber Membranes for Environmental Remediation
snapshot_2,Topic_electrospun_nanofibers_2011-2020_Knowledge.txt,34,https://openalex.org/W2800095283,https://doi.org/10.3390/nano8040259,2018,Polymer-Based Electrospun Nanofibers for Biomedical Applications
snapshot_2,Topic_electrospun_nanofibers_2011-2020_Knowledge.txt,35,https://openalex.org/W2939808726,https://doi.org/10.3390/pharmaceutics11040182,2019,Electrospun Nanofibers for Tissue Engineering with Drug Loading and Release
snapshot_2,Topic_electrospun_nanofibers_2011-2020_Knowledge.txt,36,https://openalex.org/W2746890506,https://doi.org/10.3390/s17081887,2017,Recent Advances in Electrospun Nanofiber Interfaces for Biosensing Devices
snapshot_2,Topic_electrospun_nanofibers_2011-2020_Knowledge.txt,37,https://openalex.org/W271497590,https://doi.org/10.1021/acsami.5b02542,2015,Mussel-Inspired Electrospun Nanofibers Functionalized with Size-Controlled Silver Nanoparticles for Wound Dressing Application
snapshot_2,Topic_electrospun_nanofibers_2011-2020_Knowledge.txt,38,https://openalex.org/W2995113269,https://doi.org/10.1021/acsami.9b16420,2019,Bimetallic MOF Nanosheets Decorated on Electrospun Nanofibers for High-Performance Asymmetric Supercapacitors
snapshot_2,Topic_electrospun_nanofibers_2011-2020_Knowledge.txt,39,https://openalex.org/W2322204209,https://doi.org/10.2174/1381612821666150302151959,2015,Smart Electrospun Nanofibers for Controlled Drug Release: Recent Advances and New Perspectives
snapshot_2,Topic_electrospun_nanofibers_2011-2020_Knowledge.txt,40,https://openalex.org/W3093276591,https://doi.org/10.3390/pharmaceutics12100983,2020,An Overview of Biopolymeric Electrospun Nanofibers Based on Polysaccharides for Wound Healing Management
snapshot_2,Topic_electrospun_nanofibers_2011-2020_Knowledge.txt,41,https://openalex.org/W3118210693,https://doi.org/10.3390/nano11010021,2020,Electrospun Nanofibers of Natural and Synthetic Polymers as Artificial Extracellular Matrix for Tissue Engineering
snapshot_2,Topic_electrospun_nanofibers_2011-2020_Knowledge.txt,42,https://openalex.org/W2158702719,https://doi.org/10.1021/am402376c,2013,Triaxial Electrospun Nanofiber Membranes for Controlled Dual Release of Functional Molecules
snapshot_2,Topic_electrospun_nanofibers_2011-2020_Knowledge.txt,43,https://openalex.org/W1988846466,https://doi.org/10.1089/ten.tea.2010.0709,2011,Highly Porous Electrospun Nanofibers Enhanced by Ultrasonication for Improved Cellular Infiltration
snapshot_2,Topic_electrospun_nanofibers_2011-2020_Knowledge.txt,44,https://openalex.org/W2089944173,https://doi.org/10.1039/c1an15228a,2011,Electrospun nanofibers as sorbent material for solid phase extraction
snapshot_2,Topic_electrospun_nanofibers_2011-2020_Knowledge.txt,45,https://openalex.org/W2222897764,https://doi.org/10.1039/c5nr08177g,2016,An inner filter effect based sensor of tetracycline hydrochloride as developed by loading photoluminescent carbon nanodots in the electrospun nanofibers
snapshot_2,Topic_electrospun_nanofibers_2011-2020_Knowledge.txt,46,https://openalex.org/W2318780132,https://doi.org/10.1021/bm201828g,2012,Lignin-Based Electrospun Nanofibers Reinforced with Cellulose Nanocrystals
snapshot_2,Topic_electrospun_nanofibers_2011-2020_Knowledge.txt,47,https://openalex.org/W3096145164,https://doi.org/10.3390/nano10112142,2020,A Comprehensive Review of the Covalent Immobilization of Biomolecules onto Electrospun Nanofibers
snapshot_2,Topic_electrospun_nanofibers_2011-2020_Knowledge.txt,48,https://openalex.org/W1923015785,https://doi.org/10.1039/c5tb00765h,2015,Engineering highly stretchable lignin-based electrospun nanofibers for potential biomedical applications
snapshot_2,Topic_electrospun_nanofibers_2011-2020_Knowledge.txt,49,https://openalex.org/W2517353597,https://doi.org/10.1021/acsami.6b07833,2016,Flexible and Stretchable Piezoelectric Sensor with Thickness-Tunable Configuration of Electrospun Nanofiber Mat and Elastomeric Substrates
snapshot_2,Topic_electrospun_nanofibers_2011-2020_Knowledge.txt,50,https://openalex.org/W2289945779,https://doi.org/10.1021/acsami.5b08403,2015,Synthesis of β-Cyclodextrin-Based Electrospun Nanofiber Membranes for Highly Efficient Adsorption and Separation of Methylene Blue
snapshot_2,Topic_electrospun_nanofibers_2011-2020_Knowledge.txt,51,https://openalex.org/W2620430887,https://doi.org/10.1039/c7ra00179g,2017,"Emulsion-based systems for fabrication of electrospun nanofibers: food, pharmaceutical and biomedical applications"
snapshot_2,Topic_electrospun_nanofibers_2011-2020_Knowledge.txt,52,https://openalex.org/W3094279381,https://doi.org/10.1002/eem2.12146,2020,Electrospun Nanofibers for New Generation Flexible Energy Storage
snapshot_2,Topic_electrospun_nanofibers_2011-2020_Knowledge.txt,53,https://openalex.org/W2070885338,https://doi.org/10.1002/adhm.201400166,2014,Electrospun Nanofibers‐Mediated On‐Demand Drug Release
snapshot_2,Topic_electrospun_nanofibers_2011-2020_Knowledge.txt,54,https://openalex.org/W2046110643,https://doi.org/10.1002/jbm.b.32724,2012,Antimicrobial electrospun nanofibers of cellulose acetate and polyester urethane composite for wound dressing
snapshot_2,Topic_electrospun_nanofibers_2011-2020_Knowledge.txt,55,https://openalex.org/W2942497294,https://doi.org/10.3390/nano9040656,2019,Electrospun Nanofibers: Recent Applications in Drug Delivery and Cancer Therapy
snapshot_2,Topic_electrospun_nanofibers_2011-2020_Knowledge.txt,56,https://openalex.org/W3200342916,https://doi.org/10.1201/9780429488870-8,2018,Electrospun Nanofibers
snapshot_2,Topic_electrospun_nanofibers_2011-2020_Knowledge.txt,57,https://openalex.org/W3035117084,https://doi.org/10.1002/advs.202000735,2020,Maneuvering the Migration and Differentiation of Stem Cells with Electrospun Nanofibers
snapshot_2,Topic_electrospun_nanofibers_2011-2020_Knowledge.txt,58,https://openalex.org/W2794730377,https://doi.org/10.1002/adhm.201701277,2018,Mechanical Considerations for Electrospun Nanofibers in Tendon and Ligament Repair
snapshot_2,Topic_electrospun_nanofibers_2011-2020_Knowledge.txt,59,https://openalex.org/W2055072486,https://doi.org/10.1002/polb.22371,2011,Controlling electrospun nanofiber morphology and mechanical properties using humidity
snapshot_2,Topic_electrospun_nanofibers_2011-2020_Knowledge.txt,60,https://openalex.org/W2040266132,https://doi.org/10.1002/mame.201200277,2012,Light‐Emitting Electrospun Nanofibers for Nanophotonics and Optoelectronics
snapshot_2,Topic_electrospun_nanofibers_2011-2020_Knowledge.txt,61,https://openalex.org/W2047792267,https://doi.org/10.1039/c2jm32989a,2012,1D hollow α-Fe2O3 electrospun nanofibers as high performance anode material for lithium ion batteries
snapshot_2,Topic_electrospun_nanofibers_2011-2020_Knowledge.txt,62,https://openalex.org/W2994029368,https://doi.org/10.1002/adfm.201907359,2019,Cellulose Silica Hybrid Nanofiber Aerogels: From Sol–Gel Electrospun Nanofibers to Multifunctional Aerogels
snapshot_2,Topic_electrospun_nanofibers_2011-2020_Knowledge.txt,63,https://openalex.org/W2065980429,https://doi.org/10.1080/15583724.2011.593390,2011,"Electrospun Nanofiber-Based Anodes, Cathodes, and Separators for Advanced Lithium-Ion Batteries"
snapshot_2,Topic_electrospun_nanofibers_2011-2020_Knowledge.txt,64,https://openalex.org/W2027323198,https://doi.org/10.1021/nn406363j,2014,"Neurite Outgrowth on Electrospun Nanofibers with Uniaxial Alignment: The Effects of Fiber Density, Surface Coating, and Supporting Substrate"
snapshot_2,Topic_electrospun_nanofibers_2011-2020_Knowledge.txt,65,https://openalex.org/W2969115896,https://doi.org/10.3390/s19163587,2019,Electrospun Nanofibers for Label-Free Sensor Applications
snapshot_2,Topic_electrospun_nanofibers_2011-2020_Knowledge.txt,66,https://openalex.org/W3049290208,https://doi.org/10.3390/nano10081609,2020,Electrospun Nanofibers for Improved Angiogenesis: Promises for Tissue Engineering Applications
snapshot_2,Topic_electrospun_nanofibers_2011-2020_Knowledge.txt,67,https://openalex.org/W2908065897,https://doi.org/10.1002/aenm.201803422,2019,Single‐Ion Conducting Electrolyte Based on Electrospun Nanofibers for High‐Performance Lithium Batteries
snapshot_2,Topic_electrospun_nanofibers_2011-2020_Knowledge.txt,68,https://openalex.org/W2413482329,https://doi.org/10.1038/srep13942,2015,Enhanced Power Output of a Triboelectric Nanogenerator Composed of Electrospun Nanofiber Mats Doped with Graphene Oxide
snapshot_2,Topic_electrospun_nanofibers_2011-2020_Knowledge.txt,69,https://openalex.org/W2132058840,https://doi.org/10.1039/c2ee02619h,2012,An intermediate-temperature solid oxide fuel cell with electrospun nanofiber cathode
snapshot_2,Topic_electrospun_nanofibers_2011-2020_Knowledge.txt,70,https://openalex.org/W2775363693,https://doi.org/10.3390/bios7040061,2017,Fluorescent and Colorimetric Electrospun Nanofibers for Heavy-Metal Sensing
snapshot_2,Topic_electrospun_nanofibers_2011-2020_Knowledge.txt,71,https://openalex.org/W2512330299,https://doi.org/10.1021/acsami.6b02247,2016,Damage-Resistant Composites Using Electrospun Nanofibers: A Multiscale Analysis of the Toughening Mechanisms
snapshot_2,Topic_electrospun_nanofibers_2011-2020_Knowledge.txt,72,https://openalex.org/W2495646152,https://doi.org/10.1021/acsbiomaterials.5b00238,2015,Expanding Two-Dimensional Electrospun Nanofiber Membranes in the Third Dimension By a Modified Gas-Foaming Technique
snapshot_2,Topic_electrospun_nanofibers_2011-2020_Knowledge.txt,73,https://openalex.org/W2998179048,https://doi.org/10.3390/ma13010152,2019,Conductive Electrospun Nanofiber Mats
snapshot_2,Topic_electrospun_nanofibers_2011-2020_Knowledge.txt,74,https://openalex.org/W2999317987,https://doi.org/10.3390/nano10010175,2020,Applications of Electrospun Nanofibers with Antioxidant Properties: A Review
snapshot_2,Topic_electrospun_nanofibers_2011-2020_Knowledge.txt,75,https://openalex.org/W2116541629,https://doi.org/10.1002/app.36611,2012,Fabrication and characterization of polyurethane electrospun nanofiber membranes for protective clothing applications
snapshot_2,Topic_electrospun_nanofibers_2011-2020_Knowledge.txt,76,https://openalex.org/W1971117429,https://doi.org/10.1039/c4nr06640e,2015,Highly crystalline MOF-based materials grown on electrospun nanofibers
snapshot_2,Topic_electrospun_nanofibers_2011-2020_Knowledge.txt,77,https://openalex.org/W2773103354,https://doi.org/10.1039/c7tc03058d,2017,"An overview of electrospun nanofibers and their application in energy storage, sensors and wearable/flexible electronics"
snapshot_2,Topic_electrospun_nanofibers_2011-2020_Knowledge.txt,78,https://openalex.org/W2195209122,https://doi.org/10.5772/61300,2015,"Chitosan as a Biomaterial — Structure, Properties, and Electrospun Nanofibers"
snapshot_2,Topic_electrospun_nanofibers_2011-2020_Knowledge.txt,79,https://openalex.org/W2463649107,https://doi.org/10.1080/00914037.2016.1190931,2016,Evaluation of PCL/chitosan electrospun nanofibers for liver tissue engineering
snapshot_2,Topic_electrospun_nanofibers_2011-2020_Knowledge.txt,80,https://openalex.org/W2589770862,https://doi.org/10.1021/acsami.6b16488,2017,Synthesis and Fabrication of Collagen-Coated Ostholamide Electrospun Nanofiber Scaffold for Wound Healing
snapshot_2,Topic_electrospun_nanofibers_2011-2020_Knowledge.txt,81,https://openalex.org/W3011978673,https://doi.org/10.1039/d0tb00271b,2020,New forms of electrospun nanofiber materials for biomedical applications
snapshot_2,Topic_electrospun_nanofibers_2011-2020_Knowledge.txt,82,https://openalex.org/W2171902254,https://doi.org/10.1002/adma.201500329,2015,"Generation of Electrospun Nanofibers with Controllable Degrees of Crimping Through a Simple, Plasticizer‐Based Treatment"
snapshot_2,Topic_electrospun_nanofibers_2011-2020_Knowledge.txt,83,https://openalex.org/W2754662576,https://doi.org/10.1021/acsami.7b13199,2017,Design of Boron Nitride/Gelatin Electrospun Nanofibers for Bone Tissue Engineering
snapshot_2,Topic_electrospun_nanofibers_2011-2020_Knowledge.txt,84,https://openalex.org/W2896593622,https://doi.org/10.1039/c8nr07329e,2018,Bone remodeling-inspired dual delivery electrospun nanofibers for promoting bone regeneration
snapshot_2,Topic_electrospun_nanofibers_2011-2020_Knowledge.txt,85,https://openalex.org/W2271375604,https://doi.org/10.1021/acsami.5b04598,2015,Synthesis of Fe<sub>3</sub>O<sub>4</sub>/Polyacrylonitrile Composite Electrospun Nanofiber Mat for Effective Adsorption of Tetracycline
snapshot_2,Topic_electrospun_nanofibers_2011-2020_Knowledge.txt,86,https://openalex.org/W2810134137,https://doi.org/10.1002/smll.201801183,2018,Multifunctional Electrospun Nanofibers for Enhancing Localized Cancer Treatment
snapshot_2,Topic_electrospun_nanofibers_2011-2020_Knowledge.txt,87,https://openalex.org/W2808790642,https://doi.org/10.3390/ma11071059,2018,Current and Emerging Approaches to Engineer Antibacterial and Antifouling Electrospun Nanofibers
snapshot_2,Topic_electrospun_nanofibers_2011-2020_Knowledge.txt,88,https://openalex.org/W3026795194,https://doi.org/10.3390/nano10050982,2020,Electrospun Nanofibers for Chemical Separation
snapshot_2,Topic_electrospun_nanofibers_2011-2020_Knowledge.txt,89,https://openalex.org/W2317424978,https://doi.org/10.1021/am3021125,2012,Electrospun Nanofiber-Based Thermite Textiles and their Reactive Properties
snapshot_2,Topic_electrospun_nanofibers_2011-2020_Knowledge.txt,90,https://openalex.org/W2029268505,https://doi.org/10.1155/2012/892894,2012,Development of Protective Clothing against Nanoparticle Based on Electrospun Nanofibers
snapshot_2,Topic_electrospun_nanofibers_2011-2020_Knowledge.txt,91,https://openalex.org/W2129143305,https://doi.org/10.3109/21691401.2015.1036999,2015,An update on clinical applications of electrospun nanofibers for skin bioengineering
snapshot_2,Topic_electrospun_nanofibers_2011-2020_Knowledge.txt,92,https://openalex.org/W2066925727,https://doi.org/10.4155/tde.12.17,2012,Electrospun Nanofibers in Drug Delivery: Recent Developments and Perspectives
snapshot_2,Topic_electrospun_nanofibers_2011-2020_Knowledge.txt,93,https://openalex.org/W2526321255,https://doi.org/10.1021/acsami.6b09839,2016,Antifouling Electrospun Nanofiber Mats Functionalized with Polymer Zwitterions
snapshot_2,Topic_electrospun_nanofibers_2011-2020_Knowledge.txt,94,https://openalex.org/W2105741807,https://doi.org/10.1186/1754-1611-8-30,2014,Electrospun nanofibers as versatile interfaces for efficient gene delivery
snapshot_2,Topic_electrospun_nanofibers_2011-2020_Knowledge.txt,95,https://openalex.org/W2600235025,https://doi.org/10.1021/acsami.7b01621,2017,MOFabric: Electrospun Nanofiber Mats from PVDF/UiO-66-NH<sub>2</sub> for Chemical Protection and Decontamination
snapshot_2,Topic_electrospun_nanofibers_2011-2020_Knowledge.txt,96,https://openalex.org/W3008090325,https://doi.org/10.3389/fbioe.2020.00130,2020,"Electrospun Nanofibers as Carriers of Microorganisms, Stem Cells, Proteins, and Nucleic Acids in Therapeutic and Other Applications"
snapshot_2,Topic_electrospun_nanofibers_2011-2020_Knowledge.txt,97,https://openalex.org/W2103186560,https://doi.org/10.1039/c2sm06744g,2012,Drop impacts on electrospun nanofiber membranes
snapshot_2,Topic_electrospun_nanofibers_2011-2020_Knowledge.txt,98,https://openalex.org/W2346511877,https://doi.org/10.1155/2016/5931946,2016,Electrospun Nanofibers Applications in Dentistry
snapshot_2,Topic_electrospun_nanofibers_2011-2020_Knowledge.txt,99,https://openalex.org/W2118964318,https://doi.org/10.1177/0040517511420766,2011,Transport properties of multi-layer fabric based on electrospun nanofiber mats as a breathable barrier textile material
snapshot_2,Topic_electrospun_nanofibers_2011-2020_Knowledge.txt,100,https://openalex.org/W2180188037,https://doi.org/10.1039/c5ra18535a,2015,"Drug-loaded emulsion electrospun nanofibers: characterization, drug release and in vitro biocompatibility"
snapshot_2,Topic_electrospun_nanofibers_2011-2020_Knowledge.txt,101,https://openalex.org/W2075574405,https://doi.org/10.1021/am300286m,2012,Tough and Transparent Nylon-6 Electrospun Nanofiber Reinforced Melamine–Formaldehyde Composites
snapshot_2,Topic_electrospun_nanofibers_2011-2020_Knowledge.txt,102,https://openalex.org/W1999880232,https://doi.org/10.1002/jbm.a.33206,2011,Electrospun nanofiber‐based regeneration of cartilage enhanced by mesenchymal stem cells
snapshot_2,Topic_electrospun_nanofibers_2011-2020_Knowledge.txt,103,https://openalex.org/W1990867062,https://doi.org/10.1021/la2018105,2011,Enhancing the Stiffness of Electrospun Nanofiber Scaffolds with a Controlled Surface Coating and Mineralization
snapshot_2,Topic_electrospun_nanofibers_2011-2020_Knowledge.txt,104,https://openalex.org/W2597832334,https://doi.org/10.2147/ijn.s131253,2017,Ketoprofen-loaded Eudragit electrospun nanofibers for the treatment of oral mucositis
snapshot_2,Topic_electrospun_nanofibers_2011-2020_Knowledge.txt,105,https://openalex.org/W2058561104,https://doi.org/10.1002/app.36519,2012,Highly aligned electrospun nanofibers by elimination of the whipping motion
snapshot_2,Topic_electrospun_nanofibers_2011-2020_Knowledge.txt,106,https://openalex.org/W2293794317,https://doi.org/10.5772/62433,2016,The Fabrication and Characterization of Piezoelectric PZT/PVDF Electrospun Nanofiber Composites
snapshot_2,Topic_electrospun_nanofibers_2011-2020_Knowledge.txt,107,https://openalex.org/W2108429062,https://doi.org/10.1002/polb.23762,2015,Recent progress in electrospun nanofibers: Reinforcement effect and mechanical performance
snapshot_2,Topic_electrospun_nanofibers_2011-2020_Knowledge.txt,108,https://openalex.org/W3002809029,https://doi.org/10.1016/j.foodcont.2020.107133,2020,Phytochemical-loaded electrospun nanofibers as novel active edible films: Characterization and antibacterial efficiency in cheese slices
snapshot_2,Topic_electrospun_nanofibers_2011-2020_Knowledge.txt,109,https://openalex.org/W3014331560,https://doi.org/10.1002/jbm.a.36912,2020,Recent advances in electrospun nanofiber‐<scp>mediated drug</scp> delivery strategies for localized cancer chemotherapy
snapshot_2,Topic_electrospun_nanofibers_2011-2020_Knowledge.txt,110,https://openalex.org/W2593731741,https://doi.org/10.1002/marc.201600723,2017,Enhancing the Mechanical Properties of Electrospun Nanofiber Mats through Controllable Welding at the Cross Points
snapshot_2,Topic_electrospun_nanofibers_2011-2020_Knowledge.txt,111,https://openalex.org/W2811880436,https://doi.org/10.1021/acsami.8b06386,2018,Electrospraying Electrospun Nanofiber Segments into Injectable Microspheres for Potential Cell Delivery
snapshot_2,Topic_electrospun_nanofibers_2011-2020_Knowledge.txt,112,https://openalex.org/W2939780255,https://doi.org/10.1021/acs.est.8b07254,2019,Electrospun Nanofiber Membranes Incorporating PDMS-Aerogel Superhydrophobic Coating with Enhanced Flux and Improved Antiwettability in Membrane Distillation
snapshot_2,Topic_electrospun_nanofibers_2011-2020_Knowledge.txt,113,https://openalex.org/W2608074234,https://doi.org/10.1021/acs.iecr.7b00631,2017,Ultrafiltration Membranes Enhanced with Electrospun Nanofibers Exhibit Improved Flux and Fouling Resistance
snapshot_2,Topic_electrospun_nanofibers_2011-2020_Knowledge.txt,114,https://openalex.org/W1979865517,https://doi.org/10.1039/c0jm03706k,2011,Coaxial electrospun nanofibers for treatment of diabetic ulcers with binary release of multiple growth factors
snapshot_2,Topic_electrospun_nanofibers_2011-2020_Knowledge.txt,115,https://openalex.org/W2315540050,https://doi.org/10.1021/am503417w,2014,Tailoring Surface Hydrophilicity of Porous Electrospun Nanofibers to Enhance Capillary and Push–Pull Effects for Moisture Wicking
snapshot_2,Topic_electrospun_nanofibers_2011-2020_Knowledge.txt,116,https://openalex.org/W3012374251,https://doi.org/10.3390/pharmaceutics12030274,2020,Crosslinked Hyaluronan Electrospun Nanofibers for Ferulic Acid Ocular Delivery
snapshot_2,Topic_electrospun_nanofibers_2011-2020_Knowledge.txt,117,https://openalex.org/W2905449680,https://doi.org/10.1063/1.5058083,2018,Perspective: Aligned arrays of electrospun nanofibers for directing cell migration
snapshot_2,Topic_electrospun_nanofibers_2011-2020_Knowledge.txt,118,https://openalex.org/W3048156353,https://doi.org/10.1186/s40580-020-00237-4,2020,Graphene impregnated electrospun nanofiber sensing materials: a comprehensive overview on bridging laboratory set-up to industry
snapshot_2,Topic_electrospun_nanofibers_2011-2020_Knowledge.txt,119,https://openalex.org/W2992867280,https://doi.org/10.3390/nano9121740,2019,Composites Based on Nanoparticle and Pan Electrospun Nanofiber Membranes for Air Filtration and Bacterial Removal
snapshot_2,Topic_electrospun_nanofibers_2011-2020_Knowledge.txt,120,https://openalex.org/W2131165183,https://doi.org/10.5772/24998,2011,Functional Applications of Electrospun Nanofibers
snapshot_2,Topic_electrospun_nanofibers_2011-2020_Knowledge.txt,121,https://openalex.org/W2316078127,https://doi.org/10.1021/am5018557,2014,Nerve Guidance Conduits Based on Double-Layered Scaffolds of Electrospun Nanofibers for Repairing the Peripheral Nervous System
snapshot_2,Topic_electrospun_nanofibers_2011-2020_Knowledge.txt,122,https://openalex.org/W1865944349,https://doi.org/10.5483/bmbrep.2016.49.1.165,2016,Myocardial tissue engineering using electrospun nanofiber composites
snapshot_2,Topic_electrospun_nanofibers_2011-2020_Knowledge.txt,123,https://openalex.org/W3001094140,https://doi.org/10.1002/slct.201903981,2020,"A Review on the Secondary Surface Morphology of Electrospun Nanofibers: Formation Mechanisms, Characterizations, and Applications"
snapshot_2,Topic_electrospun_nanofibers_2011-2020_Knowledge.txt,124,https://openalex.org/W2753790940,https://doi.org/10.1002/adem.201700572,2017,High Efficiency Poly(acrylonitrile) Electrospun Nanofiber Membranes for Airborne Nanomaterials Filtration
snapshot_2,Topic_electrospun_nanofibers_2011-2020_Knowledge.txt,125,https://openalex.org/W3042464254,https://doi.org/10.1021/acsabm.0c00154,2020,Effect of Cold Plasma Treatment on Electrospun Nanofibers Properties: A Review
snapshot_2,Topic_electrospun_nanofibers_2011-2020_Knowledge.txt,126,https://openalex.org/W3080483523,https://doi.org/10.1002/term.3119,2020,Medicinal plants used in wound dressings made of electrospun nanofibers
snapshot_2,Topic_electrospun_nanofibers_2011-2020_Knowledge.txt,127,https://openalex.org/W2839529520,https://doi.org/10.1039/c8ta04504f,2018,Electrospun nanofiber substrates that enhance polar solvent separation from organic compounds in thin-film composites
snapshot_2,Topic_electrospun_nanofibers_2011-2020_Knowledge.txt,128,https://openalex.org/W2287552568,https://doi.org/10.1021/acsami.5b09945,2015,Amorphous SiO<sub>2</sub> NP-Incorporated Poly(vinylidene fluoride) Electrospun Nanofiber Membrane for High Flux Forward Osmosis Desalination
snapshot_2,Topic_electrospun_nanofibers_2011-2020_Knowledge.txt,129,https://openalex.org/W1548070605,N/A,2011,Effect of voltage on morphology of electrospun nanofibers
snapshot_2,Topic_electrospun_nanofibers_2011-2020_Knowledge.txt,130,https://openalex.org/W2032891239,https://doi.org/10.1002/app.38894,2013,Electrospun nanofiber‐coated separator membranes for lithium‐ion rechargeable batteries
snapshot_2,Topic_electrospun_nanofibers_2011-2020_Knowledge.txt,131,https://openalex.org/W3006443478,https://doi.org/10.1002/pc.25539,2020,Mechanical properties of electrospun nanofiber reinforced/interleaved epoxy matrix composites—A review
snapshot_2,Topic_electrospun_nanofibers_2011-2020_Knowledge.txt,132,https://openalex.org/W2073518050,https://doi.org/10.1039/c4cc07824a,2014,Electrospun nanofibers: A prospective electro-active material for constructing high performance Li-ion batteries
snapshot_2,Topic_electrospun_nanofibers_2011-2020_Knowledge.txt,133,https://openalex.org/W2032670612,https://doi.org/10.1021/am3028553,2013,Ultrasensitive Hydrogen Sensor Based on Pd<sup>0</sup>-Loaded SnO<sub>2</sub>Electrospun Nanofibers at Room Temperature
snapshot_2,Topic_electrospun_nanofibers_2011-2020_Knowledge.txt,134,https://openalex.org/W2326384734,https://doi.org/10.1166/jnn.2014.9195,2014,Electrospun Nanofibers: From Filtration Membranes to Highly Specialized Tissue Engineering Scaffolds
snapshot_2,Topic_electrospun_nanofibers_2011-2020_Knowledge.txt,135,https://openalex.org/W2612262437,https://doi.org/10.1002/app.45244,2017,"Enhancement of interlaminar fracture toughness of carbon fiber–epoxy composites using polyamide‐6,6 electrospun nanofibers"
snapshot_2,Topic_electrospun_nanofibers_2011-2020_Knowledge.txt,136,https://openalex.org/W2911406556,https://doi.org/10.1016/j.matdes.2019.107614,2019,Self-assembly of electrospun nanofibers into gradient honeycomb structures
snapshot_2,Topic_electrospun_nanofibers_2011-2020_Knowledge.txt,137,https://openalex.org/W2395200978,https://doi.org/10.1021/acsami.5b04272,2015,Wetting Hierarchy in Oleophobic 3D Electrospun Nanofiber Networks
snapshot_2,Topic_electrospun_nanofibers_2011-2020_Knowledge.txt,138,https://openalex.org/W2922447849,https://doi.org/10.1021/acs.jafc.8b05024,2019,Probiotics Biofilm-Integrated Electrospun Nanofiber Membranes: A New Starter Culture for Fermented Milk Production
snapshot_2,Topic_electrospun_nanofibers_2011-2020_Knowledge.txt,139,https://openalex.org/W3081699753,https://doi.org/10.3390/ma13173884,2020,Fabrication of Promising Antimicrobial Aloe Vera/PVA Electrospun Nanofibers for Protective Clothing
snapshot_2,Topic_electrospun_nanofibers_2011-2020_Knowledge.txt,140,https://openalex.org/W2985822937,https://doi.org/10.1186/s13036-019-0199-7,2019,Electrospun nanofibers for the fabrication of engineered vascular grafts
snapshot_2,Topic_electrospun_nanofibers_2011-2020_Knowledge.txt,141,https://openalex.org/W2274736466,https://doi.org/10.1002/jbm.a.35676,2016,Improved cell infiltration of electrospun nanofiber mats for layered tissue constructs
snapshot_2,Topic_electrospun_nanofibers_2011-2020_Knowledge.txt,142,https://openalex.org/W2900077288,https://doi.org/10.1021/acssuschemeng.8b03601,2018,Nanofiber-Based Proton Exchange Membranes: Development of Aligned Electrospun Nanofibers for Polymer Electrolyte Fuel Cell Applications
snapshot_2,Topic_electrospun_nanofibers_2011-2020_Knowledge.txt,143,https://openalex.org/W2092281736,https://doi.org/10.1088/1758-5082/5/3/035006,2013,Coaxial PCL/PVA electrospun nanofibers: osseointegration enhancer and controlled drug release device
snapshot_2,Topic_electrospun_nanofibers_2011-2020_Knowledge.txt,144,https://openalex.org/W2935665666,https://doi.org/10.1039/c9nr02102g,2019,Lightweight and flexible hybrid film based on delicate design of electrospun nanofibers for high-performance electromagnetic interference shielding
snapshot_2,Topic_electrospun_nanofibers_2011-2020_Knowledge.txt,145,https://openalex.org/W2901288204,https://doi.org/10.2147/ijn.s175619,2018,Electrospun nanofiber blend with improved mechanical and biological performance
snapshot_2,Topic_electrospun_nanofibers_2011-2020_Knowledge.txt,146,https://openalex.org/W2080311936,https://doi.org/10.1039/c2sm27543k,2013,From self-assembly of electrospun nanofibers to 3D cm thick hierarchical foams
snapshot_2,Topic_electrospun_nanofibers_2011-2020_Knowledge.txt,147,https://openalex.org/W2801280375,https://doi.org/10.1021/acsami.8b01862,2018,All-Organic High-Performance Piezoelectric Nanogenerator with Multilayer Assembled Electrospun Nanofiber Mats for Self-Powered Multifunctional Sensors
snapshot_2,Topic_electrospun_nanofibers_2011-2020_Knowledge.txt,148,https://openalex.org/W2323065484,https://doi.org/10.1021/la404704z,2014,Toward Nanoscale Three-Dimensional Printing: Nanowalls Built of Electrospun Nanofibers
snapshot_2,Topic_electrospun_nanofibers_2011-2020_Knowledge.txt,149,https://openalex.org/W2073103411,https://doi.org/10.1039/c2jm33807f,2012,Charge assisted tailoring of chemical functionality at electrospun nanofiber surfaces
snapshot_2,Topic_electrospun_nanofibers_2011-2020_Knowledge.txt,150,https://openalex.org/W2089531203,https://doi.org/10.1039/c1sm05961k,2011,Self-assembled liposomes from amphiphilic electrospun nanofibers
snapshot_2,Topic_electrospun_nanofibers_2011-2020_Knowledge.txt,151,https://openalex.org/W2892260641,https://doi.org/10.1515/epoly-2018-0158,2018,Synthesis of polyacrylonitrile and mechanical properties of its electrospun nanofibers
snapshot_2,Topic_electrospun_nanofibers_2011-2020_Knowledge.txt,152,https://openalex.org/W2964030230,https://doi.org/10.3390/fib7070066,2019,Multi-Functional Electrospun Nanofibers from Polymer Blends for Scaffold Tissue Engineering
snapshot_2,Topic_electrospun_nanofibers_2011-2020_Knowledge.txt,153,https://openalex.org/W2754178973,https://doi.org/10.1039/c7tc03456c,2017,Three-dimensional and ultralight sponges with tunable conductivity assembled from electrospun nanofibers for a highly sensitive tactile pressure sensor
snapshot_2,Topic_electrospun_nanofibers_2011-2020_Knowledge.txt,154,https://openalex.org/W2004671131,https://doi.org/10.1155/2013/375093,2013,Synthesis of Flexible Aerogel Composites Reinforced with Electrospun Nanofibers and Microparticles for Thermal Insulation
snapshot_2,Topic_electrospun_nanofibers_2011-2020_Knowledge.txt,155,https://openalex.org/W2068870745,https://doi.org/10.1021/nn201029c,2011,Electroluminescence from Conjugated Polymer Electrospun Nanofibers in Solution Processable Organic Light-Emitting Diodes
snapshot_2,Topic_electrospun_nanofibers_2011-2020_Knowledge.txt,156,https://openalex.org/W2314215007,https://doi.org/10.1021/am2002444,2011,Stress Delocalization in Crack Tolerant Electrospun Nanofiber Networks
snapshot_2,Topic_electrospun_nanofibers_2011-2020_Knowledge.txt,157,https://openalex.org/W3042672274,https://doi.org/10.3390/polym12071565,2020,Targeting Delivery System for Lactobacillus Plantarum Based on Functionalized Electrospun Nanofibers
snapshot_2,Topic_electrospun_nanofibers_2011-2020_Knowledge.txt,158,https://openalex.org/W2955180429,https://doi.org/10.3390/catal9070565,2019,Electrospun Nanofibers Embedding ZnO/Ag2CO3/Ag2O Heterojunction Photocatalyst with Enhanced Photocatalytic Activity
snapshot_2,Topic_electrospun_nanofibers_2011-2020_Knowledge.txt,159,https://openalex.org/W1598388442,https://doi.org/10.18331/brj2015.1.2.3,2014,Perspective of electrospun nanofibers in energy and environment
snapshot_2,Topic_electrospun_nanofibers_2011-2020_Knowledge.txt,160,https://openalex.org/W2005752155,https://doi.org/10.1615/critrevtherdrugcarriersyst.2014008193,2014,Recent Advances in Polymeric Electrospun Nanofibers for Drug Delivery
snapshot_2,Topic_electrospun_nanofibers_2011-2020_Knowledge.txt,161,https://openalex.org/W2038718342,https://doi.org/10.3109/21691401.2014.986676,2014,Preparation and characterization of gatifloxacin-loaded alginate/poly (vinyl alcohol) electrospun nanofibers
snapshot_2,Topic_electrospun_nanofibers_2011-2020_Knowledge.txt,162,https://openalex.org/W2169988230,https://doi.org/10.1088/1468-6996/13/6/064203,2012,Temperature-responsive electrospun nanofibers for ‘on–off’ switchable release of dextran
snapshot_2,Topic_electrospun_nanofibers_2011-2020_Knowledge.txt,163,https://openalex.org/W2200901070,https://doi.org/10.1016/j.promfg.2015.07.098,2015,Influence of Polyvinyl Alcohol Molecular Weight on the Electrospun Nanofiber Mechanical Properties
snapshot_2,Topic_electrospun_nanofibers_2011-2020_Knowledge.txt,164,https://openalex.org/W2969759217,https://doi.org/10.1080/10837450.2019.1656238,2019,Electrospun nanofibers as versatile platform in antimicrobial delivery: current state and perspectives
snapshot_2,Topic_electrospun_nanofibers_2011-2020_Knowledge.txt,165,https://openalex.org/W1860805028,https://doi.org/10.1039/c5ra07595e,2015,An insight on electrospun-nanofibers-inspired modern drug delivery system in the treatment of deadly cancers
snapshot_2,Topic_electrospun_nanofibers_2011-2020_Knowledge.txt,166,https://openalex.org/W2902710277,https://doi.org/10.1039/c8ta09810g,2018,Electrospun MXene/carbon nanofibers as supercapacitor electrodes
snapshot_2,Topic_electrospun_nanofibers_2011-2020_Knowledge.txt,167,https://openalex.org/W2625667435,https://doi.org/10.1021/acs.jafc.7b01562,2017,"Antioxidant Vitamin E/Cyclodextrin Inclusion Complex Electrospun Nanofibers: Enhanced Water Solubility, Prolonged Shelf Life, and Photostability of Vitamin E"
snapshot_2,Topic_electrospun_nanofibers_2011-2020_Knowledge.txt,168,https://openalex.org/W2186294519,https://doi.org/10.5185/amlett.2014.amwc.1037,2014,Chemical Vapour Sensing Properties Of Electrospun Nanofibers Of Polyaniline/ ZnO Nanocomposites
snapshot_2,Topic_electrospun_nanofibers_2011-2020_Knowledge.txt,169,https://openalex.org/W3110479669,https://doi.org/10.1021/acsami.0c13266,2020,Multifunctional Platform Based on Electrospun Nanofibers and Plasmonic Hydrogel: A Smart Nanostructured Pillow for Near-Infrared Light-Driven Biomedical Applications
snapshot_2,Topic_electrospun_nanofibers_2011-2020_Knowledge.txt,170,https://openalex.org/W2992332727,https://doi.org/10.1021/acs.macromol.9b01778,2019,Molecular Orientation in Individual Electrospun Nanofibers Studied by Polarized AFM–IR
snapshot_2,Topic_electrospun_nanofibers_2011-2020_Knowledge.txt,171,https://openalex.org/W2999053906,https://doi.org/10.1002/admi.201901310,2020,Plant‐Inspired Soft Bistable Structures Based on Hygroscopic Electrospun Nanofibers
snapshot_2,Topic_electrospun_nanofibers_2011-2020_Knowledge.txt,172,https://openalex.org/W2038461582,https://doi.org/10.1002/app.38296,2012,Improving filtration performance of electrospun nanofiber mats by a bimodal method
snapshot_2,Topic_electrospun_nanofibers_2011-2020_Knowledge.txt,173,https://openalex.org/W2319194191,https://doi.org/10.1021/la5017388,2014,Dual-Mode Optical Sensing of Organic Vapors and Proteins with Polydiacetylene (PDA)-Embedded Electrospun Nanofibers
snapshot_2,Topic_electrospun_nanofibers_2011-2020_Knowledge.txt,174,https://openalex.org/W3000198272,https://doi.org/10.1039/c9md00390h,2020,Hydrocortisone/cyclodextrin complex electrospun nanofibers for a fast-dissolving oral drug delivery system
snapshot_2,Topic_electrospun_nanofibers_2011-2020_Knowledge.txt,175,https://openalex.org/W2265385324,https://doi.org/10.1590/1980-5373-mr-2015-0280,2016,What Changes in Poly(3-Hydroxybutyrate) (PHB) When Processed as Electrospun Nanofibers or Thermo-Compression Molded Film?
snapshot_2,Topic_electrospun_nanofibers_2011-2020_Knowledge.txt,176,https://openalex.org/W2105160964,https://doi.org/10.1039/c3cc46477f,2013,Electrospun nanofibers and multi-responsive supramolecular assemblies constructed from a pillar[5]arene-based receptor
snapshot_2,Topic_electrospun_nanofibers_2011-2020_Knowledge.txt,177,https://openalex.org/W2784026891,https://doi.org/10.1021/acsami.7b17020,2018,Injectable and Thermosensitive Hydrogel and PDLLA Electrospun Nanofiber Membrane Composites for Guided Spinal Fusion
snapshot_2,Topic_electrospun_nanofibers_2011-2020_Knowledge.txt,178,https://openalex.org/W2771035351,https://doi.org/10.1002/adfm.201703778,2017,High‐Performance Triboelectric Nanogenerators Based on Electrospun Polyvinylidene Fluoride–Silver Nanowire Composite Nanofibers
snapshot_2,Topic_electrospun_nanofibers_2011-2020_Knowledge.txt,179,https://openalex.org/W2788268138,https://doi.org/10.1021/acsami.7b14888,2018,Heparin-Eluting Electrospun Nanofiber Yarns for Antithrombotic Vascular Sutures
snapshot_2,Topic_electrospun_nanofibers_2011-2020_Knowledge.txt,180,https://openalex.org/W2105654215,https://doi.org/10.1039/c4bm00069b,2014,Immobilization of bioactive factor-loaded liposomes on the surface of electrospun nanofibers targeting tissue engineering
snapshot_2,Topic_electrospun_nanofibers_2011-2020_Knowledge.txt,181,https://openalex.org/W2934701822,https://doi.org/10.3390/pharmaceutics11040161,2019,Release Profile of Gentamicin Sulfate from Polylactide-co-Polycaprolactone Electrospun Nanofiber Matrices
snapshot_2,Topic_electrospun_nanofibers_2011-2020_Knowledge.txt,182,https://openalex.org/W2775682658,https://doi.org/10.1002/jbm.a.36303,2017,Electrospun nanofibers comprising of silk fibroin/gelatin for drug delivery applications: Thyme essential oil and doxycycline monohydrate release study
snapshot_2,Topic_electrospun_nanofibers_2011-2020_Knowledge.txt,183,https://openalex.org/W2907368243,https://doi.org/10.1002/mdp2.24,2018,Electrospun nanofiber interleaving in fiber reinforced composites—Recent trends
snapshot_2,Topic_electrospun_nanofibers_2011-2020_Knowledge.txt,184,https://openalex.org/W2612429711,https://doi.org/10.3390/nano7050106,2017,Improvement of Polylactide Properties through Cellulose Nanocrystals Embedded in Poly(Vinyl Alcohol) Electrospun Nanofibers
snapshot_2,Topic_electrospun_nanofibers_2011-2020_Knowledge.txt,185,https://openalex.org/W2031427716,https://doi.org/10.2147/ijn.s61664,2014,Delivery of multipurpose prevention drug combinations from electrospun nanofibers using composite microarchitectures
snapshot_2,Topic_electrospun_nanofibers_2011-2020_Knowledge.txt,186,https://openalex.org/W1925236112,https://doi.org/10.1039/c5ra10575g,2015,Superhydrophobic modification of PVDF–SiO<sub>2</sub> electrospun nanofiber membranes for vacuum membrane distillation
snapshot_2,Topic_electrospun_nanofibers_2011-2020_Knowledge.txt,187,https://openalex.org/W2068639650,https://doi.org/10.1021/ma102286m,2011,Manipulation on the Morphology and Electrical Properties of Aligned Electrospun Nanofibers of Poly(3-hexylthiophene) for Field-Effect Transistor Applications
snapshot_2,Topic_electrospun_nanofibers_2011-2020_Knowledge.txt,188,https://openalex.org/W2765871708,https://doi.org/10.1021/acsomega.7b01029,2017,Immunosensor for Pancreatic Cancer Based on Electrospun Nanofibers Coated with Carbon Nanotubes or Gold Nanoparticles
snapshot_2,Topic_electrospun_nanofibers_2011-2020_Knowledge.txt,189,https://openalex.org/W2976061091,https://doi.org/10.3390/ma12193190,2019,Electrospun Nanofibers Applied to Dye Solar Sensitive Cells: A Review
snapshot_2,Topic_electrospun_nanofibers_2011-2020_Knowledge.txt,190,https://openalex.org/W3038115089,https://doi.org/10.1016/j.matdes.2020.108902,2020,Analysis and prediction of the diameter and orientation of AC electrospun nanofibers by response surface methodology
snapshot_2,Topic_electrospun_nanofibers_2011-2020_Knowledge.txt,191,https://openalex.org/W2005264405,https://doi.org/10.1002/adma.201403509,2014,Patterned Electrospun Nanofiber Matrices Via Localized Dissolution: Potential for Guided Tissue Formation
snapshot_2,Topic_electrospun_nanofibers_2011-2020_Knowledge.txt,192,https://openalex.org/W2168743151,https://doi.org/10.1021/am302008p,2012,Interfacial Properties of Lignin-Based Electrospun Nanofibers and Films Reinforced with Cellulose Nanocrystals
snapshot_2,Topic_electrospun_nanofibers_2011-2020_Knowledge.txt,193,https://openalex.org/W1589427049,https://doi.org/10.1155/2015/970542,2015,Fabrication and Evaluation of Polycaprolactone/Gelatin‐Based Electrospun Nanofibers with Antibacterial Properties
snapshot_2,Topic_electrospun_nanofibers_2011-2020_Knowledge.txt,194,https://openalex.org/W2107465178,https://doi.org/10.1088/0964-1726/22/8/085020,2013,The quintuple-shape memory effect in electrospun nanofiber membranes
snapshot_2,Topic_electrospun_nanofibers_2011-2020_Knowledge.txt,195,https://openalex.org/W2516206603,https://doi.org/10.1021/acs.macromol.6b01204,2016,"Stiffness, Strength, and Toughness of Electrospun Nanofibers: Effect of Flow-Induced Molecular Orientation"
snapshot_2,Topic_electrospun_nanofibers_2011-2020_Knowledge.txt,196,https://openalex.org/W2134714725,https://doi.org/10.1109/tnano.2011.2174801,2011,Novel Biosensor Based on Electrospun Nanofiber and Magnetic Nanoparticles for the Detection of E. coli O157:H7
snapshot_2,Topic_electrospun_nanofibers_2011-2020_Knowledge.txt,197,https://openalex.org/W3004351800,https://doi.org/10.1002/adhm.201901761,2020,Moving Electrospun Nanofibers and Bioprinted Scaffolds toward Translational Applications
snapshot_2,Topic_electrospun_nanofibers_2011-2020_Knowledge.txt,198,https://openalex.org/W2081516618,https://doi.org/10.1039/c2ta00270a,2012,Polyelectrolyte composite membranes of polybenzimidazole and crosslinked polybenzimidazole-polybenzoxazine electrospun nanofibers for proton exchange membrane fuel cells
snapshot_2,Topic_electrospun_nanofibers_2011-2020_Knowledge.txt,199,https://openalex.org/W2782463085,https://doi.org/10.1021/acs.langmuir.7b03726,2018,Modeling Nanoparticle Dispersion in Electrospun Nanofibers
snapshot_2,Topic_electrospun_nanofibers_2011-2020_Knowledge.txt,200,https://openalex.org/W2133392934,https://doi.org/10.1002/pen.23109,2012,Conformal coating of yarns and wires with electrospun nanofibers
snapshot_2,Topic_electrospun_nanofibers_2011-2020_Knowledge.txt,201,https://openalex.org/W1985480856,https://doi.org/10.1039/c4ta00417e,2014,Phase separation in electrospun nanofibers controlled by crystallization induced self-assembly
snapshot_2,Topic_electrospun_nanofibers_2011-2020_Knowledge.txt,202,https://openalex.org/W2899806549,https://doi.org/10.1039/c8tc03631d,2018,Stretchable capacitive fabric electronic skin woven by electrospun nanofiber coated yarns for detecting tactile and multimodal mechanical stimuli
snapshot_2,Topic_electrospun_nanofibers_2011-2020_Knowledge.txt,203,https://openalex.org/W2793721814,https://doi.org/10.3390/polym10030272,2018,ECM Decorated Electrospun Nanofiber for Improving Bone Tissue Regeneration
snapshot_2,Topic_electrospun_nanofibers_2011-2020_Knowledge.txt,204,https://openalex.org/W2312744028,https://doi.org/10.1021/am5005927,2014,Bioactive Surface Design Based on Functional Composite Electrospun Nanofibers for Biomolecule Immobilization and Biosensor Applications
snapshot_2,Topic_electrospun_nanofibers_2011-2020_Knowledge.txt,205,https://openalex.org/W2995009377,https://doi.org/10.1002/admt.201900859,2019,Flexible Janus Electrospun Nanofiber Films for Wearable Triboelectric Nanogenerator
snapshot_2,Topic_electrospun_nanofibers_2011-2020_Knowledge.txt,206,https://openalex.org/W3096615047,https://doi.org/10.3390/polym12112524,2020,Optimized Loading of Carboxymethyl Cellulose (CMC) in Tri-component Electrospun Nanofibers Having Uniform Morphology
snapshot_2,Topic_electrospun_nanofibers_2011-2020_Knowledge.txt,207,https://openalex.org/W2787014415,https://doi.org/10.1039/c7tb03347h,2018,Design of functional electrospun nanofibers for cancer cell capture applications
snapshot_2,Topic_electrospun_nanofibers_2011-2020_Knowledge.txt,208,https://openalex.org/W2953756317,https://doi.org/10.1039/c9tb00682f,2019,Pivotal role of electrospun nanofibers in microfluidic diagnostic systems – a review
snapshot_2,Topic_electrospun_nanofibers_2011-2020_Knowledge.txt,209,https://openalex.org/W2961001038,https://doi.org/10.2147/ijn.s193328,2019,&lt;p&gt;Mucoadhesive electrospun nanofibers for drug delivery systems: applications of polymers and the parameters’ roles&lt;/p&gt;
snapshot_2,Topic_electrospun_nanofibers_2011-2020_Knowledge.txt,210,https://openalex.org/W2509312110,https://doi.org/10.1039/c6ta04797a,2016,Electrospun nanofiber-supported carbon aerogel as a versatile platform toward asymmetric supercapacitors
snapshot_2,Topic_electrospun_nanofibers_2011-2020_Knowledge.txt,211,https://openalex.org/W2098843259,https://doi.org/10.1039/c5ra15588f,2015,Improving the electrochemical properties of polyamide 6/polyaniline electrospun nanofibers by surface modification with ZnO nanoparticles
snapshot_2,Topic_electrospun_nanofibers_2011-2020_Knowledge.txt,212,https://openalex.org/W2151031967,https://doi.org/10.1039/c3ra41322e,2013,SERS-active silver nanoparticles on electrospun nanofibers facilitated via oxygen plasma etching
snapshot_2,Topic_electrospun_nanofibers_2011-2020_Knowledge.txt,213,https://openalex.org/W2996761794,https://doi.org/10.1021/acs.est.9b05284,2020,Stabilized and Immobilized Carbonic Anhydrase on Electrospun Nanofibers for Enzymatic CO<sub>2</sub> Conversion and Utilization in Expedited Microalgal Growth
snapshot_2,Topic_electrospun_nanofibers_2011-2020_Knowledge.txt,214,https://openalex.org/W3036403675,https://doi.org/10.3390/polym12061403,2020,Well-Blended PCL/PEO Electrospun Nanofibers with Functional Properties Enhanced by Plasma Processing
snapshot_2,Topic_electrospun_nanofibers_2011-2020_Knowledge.txt,215,https://openalex.org/W2989176505,https://doi.org/10.1002/adbi.201900137,2019,Decorating 3D Printed Scaffolds with Electrospun Nanofiber Segments for Tissue Engineering
snapshot_2,Topic_electrospun_nanofibers_2011-2020_Knowledge.txt,216,https://openalex.org/W2588942227,https://doi.org/10.1089/ten.tea.2016.0268,2017,Controlled Dual Delivery of Angiogenin and Curcumin by Electrospun Nanofibers for Skin Regeneration
snapshot_2,Topic_electrospun_nanofibers_2011-2020_Knowledge.txt,217,https://openalex.org/W2771411963,https://doi.org/10.1021/acs.langmuir.7b03547,2017,Role of Grounded Liquid Collectors in Precise Patterning of Electrospun Nanofiber Mats
snapshot_2,Topic_electrospun_nanofibers_2011-2020_Knowledge.txt,218,https://openalex.org/W2937885324,https://doi.org/10.1016/j.foodhyd.2019.04.020,2019,Enhancing oxidative stability of walnuts by using gallic acid loaded lentil flour based electrospun nanofibers as active packaging material
snapshot_2,Topic_electrospun_nanofibers_2011-2020_Knowledge.txt,219,https://openalex.org/W2977987883,https://doi.org/10.3390/polym11101618,2019,Stabilization of Electrospun Nanofiber Mats Used for Filters by 3D Printing
snapshot_2,Topic_electrospun_nanofibers_2011-2020_Knowledge.txt,220,https://openalex.org/W3096844512,https://doi.org/10.3389/fbioe.2020.580135,2020,Functionalization of Electrospun Nanofibers and Fiber Alignment Enhance Neural Stem Cell Proliferation and Neuronal Differentiation
snapshot_2,Topic_electrospun_nanofibers_2011-2020_Knowledge.txt,221,https://openalex.org/W2941090923,https://doi.org/10.1021/acsami.9b04473,2019,Electrospun Nanofiber-Based Patches for the Delivery of Cardiac Progenitor Cells
snapshot_2,Topic_electrospun_nanofibers_2011-2020_Knowledge.txt,222,https://openalex.org/W2157305279,https://doi.org/10.21083/surg.v5i2.1471,2012,Applications of electrospun nanofibers in the biomedical field
snapshot_2,Topic_electrospun_nanofibers_2011-2020_Knowledge.txt,223,https://openalex.org/W2330233641,https://doi.org/10.1021/acsami.5b01671,2015,Hemocompatibility of Poly(vinyl alcohol)–Gelatin Core–Shell Electrospun Nanofibers: A Scaffold for Modulating Platelet Deposition and Activation
snapshot_2,Topic_electrospun_nanofibers_2011-2020_Knowledge.txt,224,https://openalex.org/W3081146678,https://doi.org/10.1039/d0bm00390e,2020,Electrospun nanofibers in cancer research: from engineering of<i>in vitro</i>3D cancer models to therapy
snapshot_2,Topic_electrospun_nanofibers_2011-2020_Knowledge.txt,225,https://openalex.org/W2079679231,https://doi.org/10.1002/aenm.201301665,2014,Plasmon‐Enhanced Polymer Photovoltaic Device Performance Using Different Patterned Ag/PVP Electrospun Nanofibers
snapshot_2,Topic_electrospun_nanofibers_2011-2020_Knowledge.txt,226,https://openalex.org/W3006714121,https://doi.org/10.3390/membranes10030036,2020,Innovative Poly (Vinylidene Fluoride) (PVDF) Electrospun Nanofiber Membrane Preparation Using DMSO as a Low Toxicity Solvent
snapshot_2,Topic_electrospun_nanofibers_2011-2020_Knowledge.txt,227,https://openalex.org/W2067353733,https://doi.org/10.1039/c3cp52651h,2013,Mussel inspired surface functionalization of electrospun nanofibers for bio-applications
snapshot_2,Topic_electrospun_nanofibers_2011-2020_Knowledge.txt,228,https://openalex.org/W3046744302,https://doi.org/10.1088/978-0-7503-2005-4,2019,Energy Harvesting Properties of Electrospun Nanofibers
snapshot_2,Topic_electrospun_nanofibers_2011-2020_Knowledge.txt,229,https://openalex.org/W2184251691,https://doi.org/10.1177/155892501200700414,2012,The Effect of Flow Rate on Morphology and Deposition Area of Electrospun Nylon 6 Nanofiber
snapshot_2,Topic_electrospun_nanofibers_2011-2020_Knowledge.txt,230,https://openalex.org/W2985714542,https://doi.org/10.1088/2053-1591/ab5744,2019,Electrochemical sensor based on polyamide 6/polypyrrole electrospun nanofibers coated with reduced graphene oxide for malathion pesticide detection
snapshot_2,Topic_electrospun_nanofibers_2011-2020_Knowledge.txt,231,https://openalex.org/W2317349134,https://doi.org/10.1021/am507010q,2014,Hydrogen-Bond-Mediated<i>in Situ</i>Fabrication of AgNPs/Agar/PAN Electrospun Nanofibers as Reproducible SERS Substrates
snapshot_2,Topic_electrospun_nanofibers_2011-2020_Knowledge.txt,232,https://openalex.org/W2071646517,https://doi.org/10.1039/c4tb01496k,2014,Mussel-inspired adhesive protein-based electrospun nanofibers reinforced by Fe(<scp>iii</scp>)–DOPA complexation
snapshot_2,Topic_electrospun_nanofibers_2011-2020_Knowledge.txt,233,https://openalex.org/W2803339850,https://doi.org/10.3390/jfb9020036,2018,Encapsulation and Characterization of Gentamicin Sulfate in the Collagen Added Electrospun Nanofibers for Skin Regeneration
snapshot_2,Topic_electrospun_nanofibers_2011-2020_Knowledge.txt,234,https://openalex.org/W2592702060,https://doi.org/10.1039/c6tb03299k,2017,Fabrication and characterization of electrospun nanofibers composed of decellularized meniscus extracellular matrix and polycaprolactone for meniscus tissue engineering
snapshot_2,Topic_electrospun_nanofibers_2011-2020_Knowledge.txt,235,https://openalex.org/W1990922764,https://doi.org/10.1039/c5tb00158g,2015,Chitosan-coated electrospun nanofibers with antibacterial activity
snapshot_2,Topic_electrospun_nanofibers_2011-2020_Knowledge.txt,236,https://openalex.org/W2010919590,https://doi.org/10.1039/c3nr04486f,2013,"A novel strategy to construct high performance lithium-ion cells using one dimensional electrospun nanofibers, electrodes and separators"
snapshot_2,Topic_electrospun_nanofibers_2011-2020_Knowledge.txt,237,https://openalex.org/W2533583923,https://doi.org/10.1039/c6ra21326j,2016,An electronic tongue based on conducting electrospun nanofibers for detecting tetracycline in milk samples
snapshot_2,Topic_electrospun_nanofibers_2011-2020_Knowledge.txt,238,https://openalex.org/W2129478989,https://doi.org/10.1021/am300315v,2012,"Synthesis, Morphology, and Sensory Applications of Multifunctional Rod–Coil–Coil Triblock Copolymers and Their Electrospun Nanofibers"
snapshot_2,Topic_electrospun_nanofibers_2011-2020_Knowledge.txt,239,https://openalex.org/W1993784065,https://doi.org/10.1039/c3cc41753k,2013,Assembly of DNA-functionalized gold nanoparticles on electrospun nanofibers as a fluorescent sensor for nucleic acids
snapshot_2,Topic_electrospun_nanofibers_2011-2020_Knowledge.txt,240,https://openalex.org/W2237313619,https://doi.org/10.3390/ma9010047,2016,Surface Functional Poly(lactic Acid) Electrospun Nanofibers for Biosensor Applications
snapshot_2,Topic_electrospun_nanofibers_2011-2020_Knowledge.txt,241,https://openalex.org/W2534353427,https://doi.org/10.17222/mit.2015.083,2016,Chemical cross-linking of chitosan/polyvinyl alcohol electrospun nanofibers
snapshot_2,Topic_electrospun_nanofibers_2011-2020_Knowledge.txt,242,https://openalex.org/W2325506817,https://doi.org/10.1021/am401550p,2013,Bioinspired Templating Synthesis of Metal–Polymer Hybrid Nanostructures within 3D Electrospun Nanofibers
snapshot_2,Topic_electrospun_nanofibers_2011-2020_Knowledge.txt,243,https://openalex.org/W2160817835,https://doi.org/10.2174/1874140101307010008,2013,Response Surface Modeling and Optimization of Electrospun Nanofiber Membranes
snapshot_2,Topic_electrospun_nanofibers_2011-2020_Knowledge.txt,244,https://openalex.org/W2229335886,https://doi.org/10.1039/c5ra25671b,2016,Outstanding dielectric constant and piezoelectric coefficient in electrospun nanofiber mats of PVDF containing silver decorated multiwall carbon nanotubes: assessing through piezoresponse force microscopy
snapshot_2,Topic_electrospun_nanofibers_2011-2020_Knowledge.txt,245,https://openalex.org/W2589873186,https://doi.org/10.1039/c7ra00406k,2017,Electrospun nanofiber membranes as ultrathin flexible supercapacitors
snapshot_2,Topic_electrospun_nanofibers_2011-2020_Knowledge.txt,246,https://openalex.org/W2406816537,https://doi.org/10.1021/acsami.6b03720,2016,Electrostatic Assemblies of Well-Dispersed AgNPs on the Surface of Electrospun Nanofibers as Highly Active SERS Substrates for Wide-Range pH Sensing
snapshot_2,Topic_electrospun_nanofibers_2011-2020_Knowledge.txt,247,https://openalex.org/W2982273572,https://doi.org/10.3389/fbioe.2019.00309,2019,Electrospun Nanofibers With pH-Responsive Coatings for Control of Release Kinetics
snapshot_2,Topic_electrospun_nanofibers_2011-2020_Knowledge.txt,248,https://openalex.org/W2961652769,https://doi.org/10.1021/acsaem.9b00765,2019,Poly(ionic liquid)s/Electrospun Nanofiber Composite Polymer Electrolytes for High Energy Density and Safe Li Metal Batteries
snapshot_2,Topic_electrospun_nanofibers_2011-2020_Knowledge.txt,249,https://openalex.org/W2549121870,https://doi.org/10.1002/mame.201600387,2016,Hierarchical Structured Electrospun Nanofibers for Improved Fog Harvesting Applications
snapshot_2,Topic_electrospun_nanofibers_2011-2020_Knowledge.txt,250,https://openalex.org/W3007015121,https://doi.org/10.1002/pat.4881,2020,Wound healing improvement by curcumin‐loaded electrospun nanofibers and BFP‐MSCs as a bioactive dressing
snapshot_2,Topic_electrospun_nanofibers_2011-2020_Knowledge.txt,251,https://openalex.org/W3101036030,https://doi.org/10.1080/09205063.2020.1849922,2020,"Application of electrospun nanofibers in bone, cartilage and osteochondral tissue engineering"
snapshot_2,Topic_electrospun_nanofibers_2011-2020_Knowledge.txt,252,https://openalex.org/W3028170073,https://doi.org/10.3390/ma13102421,2020,Functionalized Electrospun Nanofibers as a Versatile Platform for Colorimetric Detection of Heavy Metal Ions in Water: A Review
snapshot_2,Topic_electrospun_nanofibers_2011-2020_Knowledge.txt,253,https://openalex.org/W2346686481,https://doi.org/10.1080/00914037.2016.1180617,2016,"Modeling electrospun nanofibers: An overview from theoretical, empirical, and numerical approaches"
snapshot_2,Topic_electrospun_nanofibers_2011-2020_Knowledge.txt,254,https://openalex.org/W2569450897,https://doi.org/10.3389/fphys.2016.00683,2017,Development of Chitosan/Poly(Vinyl Alcohol) Electrospun Nanofibers for Infection Related Wound Healing
snapshot_2,Topic_electrospun_nanofibers_2011-2020_Knowledge.txt,255,https://openalex.org/W2627043394,https://doi.org/10.1002/cssc.201700691,2017,Solid‐State Lithium Conductors for Lithium Metal Batteries Based on Electrospun Nanofiber/Plastic Crystal Composites
snapshot_2,Topic_electrospun_nanofibers_2011-2020_Knowledge.txt,256,https://openalex.org/W2338106551,https://doi.org/10.3109/21691401.2016.1173047,2016,Polyurethane/hydroxypropyl cellulose electrospun nanofiber mats as potential transdermal drug delivery system: characterization studies and <i>in vitro</i> assays
snapshot_2,Topic_electrospun_nanofibers_2011-2020_Knowledge.txt,257,https://openalex.org/W2297663743,https://doi.org/10.1080/09205063.2016.1144454,2016,Electrospun nanofibers of poly(ε-caprolactone)/depolymerized chitosan for respiratory tissue engineering applications
snapshot_2,Topic_electrospun_nanofibers_2011-2020_Knowledge.txt,258,https://openalex.org/W1965249062,https://doi.org/10.1063/1.4907548,2015,Polarized fluorescent emission from aligned electrospun nanofiber sheets containing semiconductor nanorods
snapshot_2,Topic_electrospun_nanofibers_2011-2020_Knowledge.txt,259,https://openalex.org/W2103585469,https://doi.org/10.1021/ma202749d,2012,Orientation and Structure of Single Electrospun Nanofibers of Poly(ethylene terephthalate) by Confocal Raman Spectroscopy
snapshot_2,Topic_electrospun_nanofibers_2011-2020_Knowledge.txt,260,https://openalex.org/W2972889424,https://doi.org/10.1021/acs.jafc.9b02789,2019,"Molecular Encapsulation of Cinnamaldehyde within Cyclodextrin Inclusion Complex Electrospun Nanofibers: Fast-Dissolution, Enhanced Water Solubility, High Temperature Stability, and Antibacterial Activity of Cinnamaldehyde"
snapshot_2,Topic_electrospun_nanofibers_2011-2020_Knowledge.txt,261,https://openalex.org/W2924574359,https://doi.org/10.1039/c9nr00446g,2019,Structural insights into semicrystalline states of electrospun nanofibers: a multiscale analytical approach
snapshot_2,Topic_electrospun_nanofibers_2011-2020_Knowledge.txt,262,https://openalex.org/W2890864443,https://doi.org/10.1002/elsc.201800046,2018,Rosmarinic acid‐loaded electrospun nanofibers: In vitro release kinetic study and bioactivity assessment
snapshot_2,Topic_electrospun_nanofibers_2011-2020_Knowledge.txt,263,https://openalex.org/W2980593950,https://doi.org/10.1080/10643389.2019.1672510,2019,Breakthroughs in the fabrication of electrospun-nanofiber-supported thin film composite/nanocomposite membranes for the forward osmosis process: A review
snapshot_2,Topic_electrospun_nanofibers_2011-2020_Knowledge.txt,264,https://openalex.org/W2986634705,https://doi.org/10.3390/s19214763,2019,Functionalized Electrospun Nanofibers as Colorimetric Sensory Probe for Mercury Detection: A Review
snapshot_2,Topic_electrospun_nanofibers_2011-2020_Knowledge.txt,265,https://openalex.org/W2118962994,https://doi.org/10.3109/21691401.2015.1052472,2015,"Development, optimization, and characterization of polymeric electrospun nanofiber: a new attempt in sublingual delivery of nicorandil for the management of angina pectoris"
snapshot_2,Topic_electrospun_nanofibers_2011-2020_Knowledge.txt,266,https://openalex.org/W1996783100,https://doi.org/10.1088/0957-4484/26/7/075501,2015,Polyvinyl alcohol electrospun nanofibers containing Ag nanoparticles used as sensors for the detection of biogenic amines
snapshot_2,Topic_electrospun_nanofibers_2011-2020_Knowledge.txt,267,https://openalex.org/W2063726911,https://doi.org/10.1039/c1ra00127b,2011,"Size-tunable Ag nanoparticles immobilized in electrospun nanofibers: synthesis, characterization, and application for catalytic reduction of 4-nitrophenol"
snapshot_2,Topic_electrospun_nanofibers_2011-2020_Knowledge.txt,268,https://openalex.org/W2133341264,https://doi.org/10.3144/expresspolymlett.2011.61,2011,Studies on single polymer composites of poly(methyl methacrylate) reinforced with electrospun nanofibers with a focus on their dynamic mechanical properties
snapshot_2,Topic_electrospun_nanofibers_2011-2020_Knowledge.txt,269,https://openalex.org/W2017529669,https://doi.org/10.1039/c2lc21278a,2012,Functionalized electrospun nanofibers as bioseparators in microfluidic systems
snapshot_2,Topic_electrospun_nanofibers_2011-2020_Knowledge.txt,270,https://openalex.org/W2326504524,https://doi.org/10.1515/epoly-2014-0198,2015,Using an artificial neural network for the evaluation of the parameters controlling PVA/chitosan electrospun nanofibers diameter
snapshot_2,Topic_electrospun_nanofibers_2011-2020_Knowledge.txt,271,https://openalex.org/W2135808193,https://doi.org/10.1002/pat.1994,2011,Electrospun nanofiber mats coating—new route to flame retardancy
snapshot_2,Topic_electrospun_nanofibers_2011-2020_Knowledge.txt,272,https://openalex.org/W2062035722,https://doi.org/10.1080/03602559.2013.874031,2014,Promising Materials for Wound Dressing: PVA/PAA/PVP Electrospun Nanofibers
snapshot_2,Topic_electrospun_nanofibers_2011-2020_Knowledge.txt,273,https://openalex.org/W2571896494,https://doi.org/10.3390/ma10010068,2017,"Electrospun Nanofibers Made of Silver Nanoparticles, Cellulose Nanocrystals, and Polyacrylonitrile as Substrates for Surface-Enhanced Raman Scattering"
snapshot_2,Topic_electrospun_nanofibers_2011-2020_Knowledge.txt,274,https://openalex.org/W2917215819,https://doi.org/10.1088/1758-5090/ab08c2,2019,3D bioprinted complex constructs reinforced by hybrid multilayers of electrospun nanofiber sheets
snapshot_2,Topic_electrospun_nanofibers_2011-2020_Knowledge.txt,275,https://openalex.org/W2806994486,https://doi.org/10.1002/adfm.201801114,2018,Bioinspired Superwettability Electrospun Micro/Nanofibers and Their Applications
snapshot_2,Topic_electrospun_nanofibers_2011-2020_Knowledge.txt,276,https://openalex.org/W2558308237,https://doi.org/10.3303/cet1332296,2013,Encapsulation of R-(+)-Limonene in Edible Electrospun Nanofibers
snapshot_2,Topic_electrospun_nanofibers_2011-2020_Knowledge.txt,277,https://openalex.org/W2903151481,https://doi.org/10.1155/2018/8164185,2018,"Polyvinylidene Difluoride Piezoelectric Electrospun Nanofibers: Review in Synthesis, Fabrication, Characterizations, and Applications"
snapshot_2,Topic_electrospun_nanofibers_2011-2020_Knowledge.txt,278,https://openalex.org/W2757539228,https://doi.org/10.1039/c7nr04817c,2017,Surface-engineered quantum dots/electrospun nanofibers as a networked fluorescence aptasensing platform toward biomarkers
snapshot_2,Topic_electrospun_nanofibers_2011-2020_Knowledge.txt,279,https://openalex.org/W2594339411,https://doi.org/10.1088/2057-1976/aa6308,2017,"Mesenchymal stem cells cultivated on scaffolds formed by 3D printed PCL matrices, coated with PLGA electrospun nanofibers for use in tissue engineering"
snapshot_2,Topic_electrospun_nanofibers_2011-2020_Knowledge.txt,280,https://openalex.org/W2079394852,https://doi.org/10.1155/2014/469120,2014,Tissue Extracellular Matrix Nanoparticle Presentation in Electrospun Nanofibers
snapshot_2,Topic_electrospun_nanofibers_2011-2020_Knowledge.txt,281,https://openalex.org/W3047356812,https://doi.org/10.1002/jbm.b.34692,2020,Harnessing electrospun nanofibers to recapitulate hierarchical fibrous structures of meniscus
snapshot_2,Topic_electrospun_nanofibers_2011-2020_Knowledge.txt,282,https://openalex.org/W2953475057,https://doi.org/10.1088/1361-6528/ab2e3b,2019,Controlled morphology of electrospun nanofibers from waste expanded polystyrene for aerosol filtration
snapshot_2,Topic_electrospun_nanofibers_2011-2020_Knowledge.txt,283,https://openalex.org/W2948800684,https://doi.org/10.1002/jbm.a.36742,2019,Design and characterization of biodegradable multi layered electrospun nanofibers for corneal tissue engineering applications
snapshot_2,Topic_electrospun_nanofibers_2011-2020_Knowledge.txt,284,https://openalex.org/W2049567130,https://doi.org/10.1039/c3tb20404a,2013,Controlled drug release from a polymer matrix by patterned electrospun nanofibers with controllable hydrophobicity
snapshot_2,Topic_electrospun_nanofibers_2011-2020_Knowledge.txt,285,https://openalex.org/W2316077260,https://doi.org/10.1039/c6py00445h,2016,Multi-stimuli responsive supramolecular polymers and their electrospun nanofibers
snapshot_2,Topic_electrospun_nanofibers_2011-2020_Knowledge.txt,286,https://openalex.org/W3004030558,https://doi.org/10.1002/jsfa.10301,2020,Enzymatic degradation of ginkgolic acid by laccase immobilized on novel electrospun nanofiber mat
snapshot_2,Topic_electrospun_nanofibers_2011-2020_Knowledge.txt,287,https://openalex.org/W2783644892,https://doi.org/10.2166/wst.2018.010,2018,Adsorption of tetracycline from water using glutaraldehyde-crosslinked electrospun nanofibers of chitosan/poly(vinyl alcohol)
snapshot_2,Topic_electrospun_nanofibers_2011-2020_Knowledge.txt,288,https://openalex.org/W2076911291,https://doi.org/10.1039/c3ra44085k,2013,A strategy to fabricate bismuth ferrite (BiFeO3) nanotubes from electrospun nanofibers and their solar light-driven photocatalytic properties
snapshot_2,Topic_electrospun_nanofibers_2011-2020_Knowledge.txt,289,https://openalex.org/W1995234928,https://doi.org/10.2174/1381612821666150302152704,2015,Immobilization and Application of Electrospun Nanofiber Scaffold-based Growth Factor in Bone Tissue Engineering
snapshot_2,Topic_electrospun_nanofibers_2011-2020_Knowledge.txt,290,https://openalex.org/W2036904796,https://doi.org/10.1002/app.39553,2013,Electrospun nanofibers from a multihole spinneret with uniform electric field
snapshot_2,Topic_electrospun_nanofibers_2011-2020_Knowledge.txt,291,https://openalex.org/W2760264085,https://doi.org/10.1021/acsami.7b09026,2017,Morphological Control of Mesoporosity and Nanoparticles within Co<sub>3</sub>O<sub>4</sub>–CuO Electrospun Nanofibers: Quantum Confinement and Visible Light Photocatalysis Performance
snapshot_2,Topic_electrospun_nanofibers_2011-2020_Knowledge.txt,292,https://openalex.org/W2319148426,https://doi.org/10.1021/ja307647x,2012,Post-Assembly Derivatization of Electrospun Nanofibers via Strain-Promoted Azide Alkyne Cycloaddition
snapshot_2,Topic_electrospun_nanofibers_2011-2020_Knowledge.txt,293,https://openalex.org/W2295964720,https://doi.org/10.1088/1748-6041/11/2/025006,2016,The different fate of satellite cells on conductive composite electrospun nanofibers with graphene and graphene oxide nanosheets
snapshot_2,Topic_electrospun_nanofibers_2011-2020_Knowledge.txt,294,https://openalex.org/W2494880786,https://doi.org/10.1021/acsami.6b03463,2016,Supercapacitor Electrodes Based on High-Purity Electrospun Polyaniline and Polyaniline–Carbon Nanotube Nanofibers
snapshot_2,Topic_electrospun_nanofibers_2011-2020_Knowledge.txt,295,https://openalex.org/W2090952685,https://doi.org/10.1166/jnn.2013.7186,2013,Advances in Electrospun Nanofibers for Bone and Cartilage Regeneration
snapshot_2,Topic_electrospun_nanofibers_2011-2020_Knowledge.txt,296,https://openalex.org/W2018376954,https://doi.org/10.3390/membranes3040375,2013,Study of Hydrophilic Electrospun Nanofiber Membranes for Filtration of Micro and Nanosize Suspended Particles
snapshot_2,Topic_electrospun_nanofibers_2011-2020_Knowledge.txt,297,https://openalex.org/W2742041001,https://doi.org/10.3934/bioeng.2017.3.376,2017,Investigation of microalgae growth on electrospun nanofiber mats
snapshot_2,Topic_electrospun_nanofibers_2011-2020_Knowledge.txt,298,https://openalex.org/W2981806447,https://doi.org/10.1016/j.procs.2019.09.073,2019,Drug-Loaded Poly-Vinyl Alcohol Electrospun Nanofibers for Transdermal Drug Delivery: Review on Factors Affecting the Drug Release
snapshot_2,Topic_electrospun_nanofibers_2011-2020_Knowledge.txt,299,https://openalex.org/W2912066605,https://doi.org/10.1080/21691401.2018.1548475,2019,Ciprofloxacin HCl and quercetin functionalized electrospun nanofiber membrane: fabrication and its evaluation in full thickness wound healing
snapshot_2,Topic_electrospun_nanofibers_2011-2020_Knowledge.txt,300,https://openalex.org/W1077423065,https://doi.org/10.1016/j.mspro.2015.06.009,2015,Luminescence Properties of Electrospun Nanofibers of Europium Complex Eu(TTA)3Phen/Polymers
snapshot_2,Topic_electrospun_nanofibers_2011-2020_Knowledge.txt,301,https://openalex.org/W2890606530,https://doi.org/10.3390/ma11091604,2018,Dye-Sensitized Solar Cells with Electrospun Nanofiber Mat-Based Counter Electrodes
snapshot_2,Topic_electrospun_nanofibers_2011-2020_Knowledge.txt,302,https://openalex.org/W1966554581,https://doi.org/10.1088/0964-1726/23/6/065020,2014,Electrospun nanofiber membranes for electrically activated shape memory nanocomposites
snapshot_2,Topic_electrospun_nanofibers_2011-2020_Knowledge.txt,303,https://openalex.org/W2128937463,https://doi.org/10.3109/21691401.2014.966194,2014,"Development, optimization and evaluation of polymeric electrospun nanofiber: A tool for local delivery of fluconazole for management of vaginal candidiasis"
snapshot_2,Topic_electrospun_nanofibers_2011-2020_Knowledge.txt,304,https://openalex.org/W2086329243,https://doi.org/10.1021/am4026032,2013,Micropatterned Stretchable Circuit and Strain Sensor Fabricated by Lithography on an Electrospun Nanofiber Mat
snapshot_2,Topic_electrospun_nanofibers_2011-2020_Knowledge.txt,305,https://openalex.org/W2180899294,https://doi.org/10.1039/c5ra22597c,2015,Adsorption/desorption performance of volatile organic compounds on electrospun nanofibers
snapshot_2,Topic_electrospun_nanofibers_2011-2020_Knowledge.txt,306,https://openalex.org/W2975668476,https://doi.org/10.1039/c9qm00342h,2019,"Fluorescent aggregation-induced emission (AIE)-based thermosetting electrospun nanofibers: fabrication, properties and applications"
snapshot_2,Topic_electrospun_nanofibers_2011-2020_Knowledge.txt,307,https://openalex.org/W2803681356,https://doi.org/10.3390/polym10060575,2018,"A Sandwich-Structured Piezoresistive Sensor with Electrospun Nanofiber Mats as Supporting, Sensing, and Packaging Layers"
snapshot_2,Topic_electrospun_nanofibers_2011-2020_Knowledge.txt,308,https://openalex.org/W2096493589,https://doi.org/10.1021/am403451w,2013,Thermomechanical Properties of Lignin-Based Electrospun Nanofibers and Films Reinforced with Cellulose Nanocrystals: A Dynamic Mechanical and Nanoindentation Study
snapshot_2,Topic_electrospun_nanofibers_2011-2020_Knowledge.txt,309,https://openalex.org/W2805098218,https://doi.org/10.1039/c8nj01151f,2018,Plasma-treated electrospun nanofibers as a template for the electrostatic assembly of silver nanoparticles
snapshot_2,Topic_electrospun_nanofibers_2011-2020_Knowledge.txt,310,https://openalex.org/W3006817101,https://doi.org/10.1039/c9tb02864a,2020,A micropatterned conductive electrospun nanofiber mesh combined with electrical stimulation for synergistically enhancing differentiation of rat neural stem cells
snapshot_2,Topic_electrospun_nanofibers_2011-2020_Knowledge.txt,311,https://openalex.org/W2470172678,https://doi.org/10.1155/2016/2067383,2016,Effective Utilization of the Electrostatic Repulsion for Improved Alignment of Electrospun Nanofibers
snapshot_2,Topic_electrospun_nanofibers_2011-2020_Knowledge.txt,312,https://openalex.org/W2970014400,https://doi.org/10.1021/acsomega.9b02109,2019,Poly(aspartic acid) Electrospun Nanofiber Hydrogel Membrane-Based Reusable Colorimetric Sensor for Cu(II) and Fe(III) Detection
snapshot_2,Topic_electrospun_nanofibers_2011-2020_Knowledge.txt,313,https://openalex.org/W3086579576,https://doi.org/10.1080/17425247.2021.1823966,2020,Electrospun nanofiber-based drug delivery platform: advances in diabetic foot ulcer management
snapshot_2,Topic_electrospun_nanofibers_2011-2020_Knowledge.txt,314,https://openalex.org/W3002672653,https://doi.org/10.1021/acsami.9b20221,2020,Photothermally Activated Electrospun Nanofiber Mats for High-Efficiency Surface-Mediated Gene Transfection
snapshot_2,Topic_electrospun_nanofibers_2011-2020_Knowledge.txt,315,https://openalex.org/W2890374065,https://doi.org/10.3390/polym10090965,2018,Static-Aligned Piezoelectric Poly (Vinylidene Fluoride) Electrospun Nanofibers/MWCNT Composite Membrane: Facile Method
snapshot_2,Topic_electrospun_nanofibers_2011-2020_Knowledge.txt,316,https://openalex.org/W2277136404,https://doi.org/10.1021/acs.jpcc.5b12263,2016,Enhancement of Electronic and Optical Properties of ZnO/Al<sub>2</sub>O<sub>3</sub> Nanolaminate Coated Electrospun Nanofibers
snapshot_2,Topic_electrospun_nanofibers_2011-2020_Knowledge.txt,317,https://openalex.org/W2064174412,https://doi.org/10.1080/09205063.2013.852367,2013,Novel controlled drug delivery system for multiple drugs based on electrospun nanofibers containing nanomicelles
snapshot_2,Topic_electrospun_nanofibers_2011-2020_Knowledge.txt,318,https://openalex.org/W2297463300,https://doi.org/10.1039/c6ra01856d,2016,Online stretching of directly electrospun nanofiber yarns
snapshot_2,Topic_electrospun_nanofibers_2011-2020_Knowledge.txt,319,https://openalex.org/W1537953328,https://doi.org/10.1002/jbm.a.34857,2013,Incorporation of growth factor loaded microspheres into polymeric electrospun nanofibers for tissue engineering applications
snapshot_2,Topic_electrospun_nanofibers_2011-2020_Knowledge.txt,320,https://openalex.org/W2975857343,https://doi.org/10.1021/acsabm.9b00589,2019,In Vivo Wound Healing Performance of Halloysite Clay and Gentamicin-Incorporated Cellulose Ether-PVA Electrospun Nanofiber Mats
snapshot_2,Topic_electrospun_nanofibers_2011-2020_Knowledge.txt,321,https://openalex.org/W2101885406,https://doi.org/10.1002/adv.21568,2015,Fabrication of Polyurethane and Nylon 66 Hybrid Electrospun Nanofiber Layer for Waterproof Clothing Applications
snapshot_2,Topic_electrospun_nanofibers_2011-2020_Knowledge.txt,322,https://openalex.org/W2149523472,https://doi.org/10.1039/c4ra05218h,2014,In vitro and in vivo cytocompatibility of electrospun nanofiber scaffolds for tissue engineering applications
snapshot_2,Topic_electrospun_nanofibers_2011-2020_Knowledge.txt,323,https://openalex.org/W1600430133,https://doi.org/10.1155/2015/418932,2015,Experimental Investigation of the Properties of Electrospun Nanofibers for Potential Medical Application
snapshot_2,Topic_electrospun_nanofibers_2011-2020_Knowledge.txt,324,https://openalex.org/W2271349104,https://doi.org/10.1002/chem.201504448,2016,Electrospun Nanofibers from a Tricyanofuran‐Based Molecular Switch for Colorimetric Recognition of Ammonia Gas
snapshot_2,Topic_electrospun_nanofibers_2011-2020_Knowledge.txt,325,https://openalex.org/W3040215965,https://doi.org/10.5599/admet.844,2020,Electrospun nanofibers: A nanotechnological approach for drug delivery and dissolution optimization in poorly water-soluble drugs
snapshot_2,Topic_electrospun_nanofibers_2011-2020_Knowledge.txt,326,https://openalex.org/W2810218864,https://doi.org/10.3390/polym10070712,2018,A Novel In Situ Self-Assembling Fabrication Method for Bacterial Cellulose-Electrospun Nanofiber Hybrid Structures
snapshot_2,Topic_electrospun_nanofibers_2011-2020_Knowledge.txt,327,https://openalex.org/W2768502536,https://doi.org/10.1080/19336918.2017.1385713,2017,Composite 3D printed scaffold with structured electrospun nanofibers promotes chondrocyte adhesion and infiltration
snapshot_2,Topic_electrospun_nanofibers_2011-2020_Knowledge.txt,328,https://openalex.org/W2610077116,https://doi.org/10.1021/acsami.7b00970,2017,RGB-Switchable Porous Electrospun Nanofiber Chemoprobe-Filter Prepared from Multifunctional Copolymers for Versatile Sensing of pH and Heavy Metals
snapshot_2,Topic_electrospun_nanofibers_2011-2020_Knowledge.txt,329,https://openalex.org/W1608188651,https://doi.org/10.5772/24095,2011,Electrospun Nanofibers in Tissue Engineering
snapshot_2,Topic_electrospun_nanofibers_2011-2020_Knowledge.txt,330,https://openalex.org/W2040257386,https://doi.org/10.1021/acs.jafc.5b00103,2015,Controlled Release of Retinyl Acetate from β-Cyclodextrin Functionalized Poly(vinyl alcohol) Electrospun Nanofibers
snapshot_2,Topic_electrospun_nanofibers_2011-2020_Knowledge.txt,331,https://openalex.org/W2890244031,https://doi.org/10.2174/1567201815666180914095701,2018,Fabrication and Characterization of Electrospun Nanofibers for the Modified Release of the Chronobiotic Hormone Melatonin
snapshot_2,Topic_electrospun_nanofibers_2011-2020_Knowledge.txt,332,https://openalex.org/W2923907146,https://doi.org/10.1166/jbn.2019.2761,2019,Preparation of Adenosine-Loaded Electrospun Nanofibers and Their Application in Bone Regeneration
snapshot_2,Topic_electrospun_nanofibers_2011-2020_Knowledge.txt,333,https://openalex.org/W2299084745,https://doi.org/10.1039/c6tb00595k,2016,"Antibacterial, electrospun nanofibers of novel poly(sulfobetaine) and poly(sulfabetaine)s"
snapshot_2,Topic_electrospun_nanofibers_2011-2020_Knowledge.txt,334,https://openalex.org/W1973051722,https://doi.org/10.1080/09205063.2013.814096,2013,Biocompatibility evaluation of emulsion electrospun nanofibers using osteoblasts for bone tissue engineering
snapshot_2,Topic_electrospun_nanofibers_2011-2020_Knowledge.txt,335,https://openalex.org/W2944414418,https://doi.org/10.1080/10826068.2019.1605524,2019,Enhanced stability of immobilized keratinolytic protease on electrospun nanofibers
snapshot_2,Topic_electrospun_nanofibers_2011-2020_Knowledge.txt,336,https://openalex.org/W2201013251,https://doi.org/10.3390/ma9010012,2015,Inactivated Sendai Virus (HVJ-E) Immobilized Electrospun Nanofiber for Cancer Therapy
snapshot_2,Topic_electrospun_nanofibers_2011-2020_Knowledge.txt,337,https://openalex.org/W1803766817,https://doi.org/10.5812/jjm.24239,2015,Evaluation of the Antimicrobial Effect of Chitosan/Polyvinyl Alcohol Electrospun Nanofibers Containing Mafenide Acetate
snapshot_2,Topic_electrospun_nanofibers_2011-2020_Knowledge.txt,338,https://openalex.org/W1933969257,https://doi.org/10.1039/c5ta02417j,2015,Electrospun nanofibers with dual plasmonic-enhanced luminescent solar concentrator effects for high-performance organic photovoltaic cells
snapshot_2,Topic_electrospun_nanofibers_2011-2020_Knowledge.txt,339,https://openalex.org/W1878686723,https://doi.org/10.1039/c5nr04995d,2015,Thermal conductivity of electrospun polyethylene nanofibers
snapshot_2,Topic_electrospun_nanofibers_2011-2020_Knowledge.txt,340,https://openalex.org/W2972316641,https://doi.org/10.3390/polym11091501,2019,Solvent Effects on Morphology and Electrical Properties of Poly(3-hexylthiophene) Electrospun Nanofibers
snapshot_2,Topic_electrospun_nanofibers_2011-2020_Knowledge.txt,341,https://openalex.org/W2095879793,https://doi.org/10.1002/smll.201001716,2011,Au‐Doped Polyacrylonitrile–Polyaniline Core–Shell Electrospun Nanofibers Having High Field‐Effect Mobilities
snapshot_2,Topic_electrospun_nanofibers_2011-2020_Knowledge.txt,342,https://openalex.org/W1987787819,https://doi.org/10.1002/jbm.b.31862,2011,Guided orientation of cardiomyocytes on electrospun aligned nanofibers for cardiac tissue engineering
snapshot_2,Topic_electrospun_nanofibers_2011-2020_Knowledge.txt,343,https://openalex.org/W2779048626,https://doi.org/10.3390/polym10010012,2017,Investigation of Conical Spinneret in Generating More Dense and Compact Electrospun Nanofibers
snapshot_2,Topic_electrospun_nanofibers_2011-2020_Knowledge.txt,344,https://openalex.org/W2766340986,https://doi.org/10.1002/pat.4169,2017,Fabrication and optimization of proton conductive polybenzimidazole electrospun nanofiber membranes
snapshot_2,Topic_electrospun_nanofibers_2011-2020_Knowledge.txt,345,https://openalex.org/W2323604044,https://doi.org/10.1021/am3013664,2012,Porphyrin-Containing Electrospun Nanofibers: Positional Control of Porphyrin Molecules in Nanofibers and Their Catalytic Application
snapshot_2,Topic_electrospun_nanofibers_2011-2020_Knowledge.txt,346,https://openalex.org/W2138451750,https://doi.org/10.5681/apb.2013.014,2013,Indomethacin Electrospun Nanofibers for Colonic Drug Delivery: Preparation and Characterization
snapshot_2,Topic_electrospun_nanofibers_2011-2020_Knowledge.txt,347,https://openalex.org/W2787104882,https://doi.org/10.1021/acsami.7b18259,2018,Enhanced Piezoelectricity in a Robust and Harmonious Multilayer Assembly of Electrospun Nanofiber Mats and Microbead-Based Electrodes
snapshot_2,Topic_electrospun_nanofibers_2011-2020_Knowledge.txt,348,https://openalex.org/W1958496313,https://doi.org/10.1177/1528083715601507,2015,Multi-layer electrospun nanofiber mats with chemical agent sensor function
snapshot_2,Topic_electrospun_nanofibers_2011-2020_Knowledge.txt,349,https://openalex.org/W2943492696,https://doi.org/10.1039/c9cp01891c,2019,Structural analyses of blended Nafion/PVDF electrospun nanofibers
snapshot_2,Topic_electrospun_nanofibers_2011-2020_Knowledge.txt,350,https://openalex.org/W2157107285,https://doi.org/10.1021/mp4003442,2013,Two-Stage Desorption-Controlled Release of Fluorescent Dye and Vitamin from Solution-Blown and Electrospun Nanofiber Mats Containing Porogens
snapshot_2,Topic_electrospun_nanofibers_2011-2020_Knowledge.txt,351,https://openalex.org/W2323598080,https://doi.org/10.1021/am201766r,2012,On a Novel Catalytic System Based on Electrospun Nanofibers and M-POSS
snapshot_2,Topic_electrospun_nanofibers_2011-2020_Knowledge.txt,352,https://openalex.org/W2964632974,https://doi.org/10.2147/ijn.s210509,2019,&lt;p&gt;In vitro behavior of tendon stem/progenitor cells on bioactive electrospun nanofiber membranes for tendon-bone tissue engineering applications&lt;/p&gt;
snapshot_2,Topic_electrospun_nanofibers_2011-2020_Knowledge.txt,353,https://openalex.org/W2097073091,https://doi.org/10.1177/0040517514542141,2014,Effect of waterborne polyurethane coating on the durability and breathable waterproofing of electrospun nanofiber web-laminated fabrics
snapshot_2,Topic_electrospun_nanofibers_2011-2020_Knowledge.txt,354,https://openalex.org/W2172284991,https://doi.org/10.1021/jp3053949,2012,High Aspect Ratio Electrospun CuO Nanofibers as Anode Material for Lithium-Ion Batteries with Superior Cycleability
snapshot_2,Topic_electrospun_nanofibers_2011-2020_Knowledge.txt,355,https://openalex.org/W2164056059,https://doi.org/10.1002/smll.201101791,2012,Three‐Dimensional Electrospun Alginate Nanofiber Mats via Tailored Charge Repulsions
snapshot_2,Topic_electrospun_nanofibers_2011-2020_Knowledge.txt,356,https://openalex.org/W2125820450,https://doi.org/10.1002/polb.23574,2014,"Fluorescent PMMA/MEH‐PPV electrospun nanofibers: Investigation of morphology, solvent, and surfactant effect"
snapshot_2,Topic_electrospun_nanofibers_2011-2020_Knowledge.txt,357,https://openalex.org/W2920944247,https://doi.org/10.2174/1872210513666190314095643,2019,"Formulation, Characterization and In vitro Cytotoxicity of 5-Fluorouracil Loaded Polymeric Electrospun Nanofibers for the Treatment of Skin Cancer"
snapshot_2,Topic_electrospun_nanofibers_2011-2020_Knowledge.txt,358,https://openalex.org/W1970529718,https://doi.org/10.1002/app.39766,2013,Chemical treatments for improving adhesion between electrospun nanofibers and fabrics
snapshot_2,Topic_electrospun_nanofibers_2011-2020_Knowledge.txt,359,https://openalex.org/W2567369935,https://doi.org/10.1177/155892501200700204,2012,A Note on the 3D Structural Design of Electrospun Nanofibers
snapshot_2,Topic_electrospun_nanofibers_2011-2020_Knowledge.txt,360,https://openalex.org/W1990301927,https://doi.org/10.1039/c2jm00035k,2012,Ultrasonication induced adsorption of carbon nanotubes onto electrospun nanofibers with improved thermal and electrical performances
snapshot_2,Topic_electrospun_nanofibers_2011-2020_Knowledge.txt,361,https://openalex.org/W2085326255,https://doi.org/10.1080/00222348.2012.676415,2012,Effects of Stabilization Temperature on Structures and Properties of Polyacrylonitrile (PAN)-Based Stabilized Electrospun Nanofiber Mats
snapshot_2,Topic_electrospun_nanofibers_2011-2020_Knowledge.txt,362,https://openalex.org/W2543828283,https://doi.org/10.1002/smll.201602610,2016,Patterning Electrospun Nanofibers via Agarose Hydrogel Stamps to Spatially Coordinate Cell Orientation in Microfluidic Device
snapshot_2,Topic_electrospun_nanofibers_2011-2020_Knowledge.txt,363,https://openalex.org/W2150370429,https://doi.org/10.1088/0957-4484/24/5/055301,2013,Pattern transfer of aligned metal nano/microwires as flexible transparent electrodes using an electrospun nanofiber template
snapshot_2,Topic_electrospun_nanofibers_2011-2020_Knowledge.txt,364,https://openalex.org/W3097883956,https://doi.org/10.3390/nano10112166,2020,Design and Optimization of Piezoresistive PEO/PEDOT:PSS Electrospun Nanofibers for Wearable Flex Sensors
snapshot_2,Topic_electrospun_nanofibers_2011-2020_Knowledge.txt,365,https://openalex.org/W2255068401,https://doi.org/10.1039/c6ra00363j,2016,Effect of polyethylene glycol on the antibacterial properties of polyurethane/carbon nanotube electrospun nanofibers
snapshot_2,Topic_electrospun_nanofibers_2011-2020_Knowledge.txt,366,https://openalex.org/W2355810456,https://doi.org/10.1021/acsomega.9b00204,2019,Fabrication of Poly(vinyl alcohol)/Chitosan/<i>Bidens pilosa</i> Composite Electrospun Nanofibers with Enhanced Antibacterial Activities
snapshot_2,Topic_electrospun_nanofibers_2011-2020_Knowledge.txt,367,https://openalex.org/W3023862441,https://doi.org/10.1021/acssuschemeng.9b06853,2020,Enhanced Capture of Particulate Matter by Molecularly Charged Electrospun Nanofibers
snapshot_2,Topic_electrospun_nanofibers_2011-2020_Knowledge.txt,368,https://openalex.org/W2783839042,https://doi.org/10.1038/s41598-017-19082-3,2018,Stretchable Electrospun PVDF-HFP/Co-ZnO Nanofibers as Piezoelectric Nanogenerators
snapshot_2,Topic_electrospun_nanofibers_2011-2020_Knowledge.txt,369,https://openalex.org/W179681160,https://doi.org/10.1007/978-1-61779-132-1_16,2011,Enzyme-Carrying Electrospun Nanofibers
snapshot_2,Topic_electrospun_nanofibers_2011-2020_Knowledge.txt,370,https://openalex.org/W2127143781,https://doi.org/10.1039/c2jm30966a,2012,Electrospun composite nanofibers and their multifaceted applications
snapshot_2,Topic_electrospun_nanofibers_2011-2020_Knowledge.txt,371,https://openalex.org/W2995766831,https://doi.org/10.1021/acsapm.9b00982,2019,Maghemite and Graphene Oxide Embedded Polyacrylonitrile Electrospun Nanofiber Matrix for Remediation of Arsenate Ions
snapshot_2,Topic_electrospun_nanofibers_2011-2020_Knowledge.txt,372,https://openalex.org/W2772029359,https://doi.org/10.1038/s41598-017-17542-4,2017,Poly(methyl vinyl ether-alt-maleic acid) and ethyl monoester as building polymers for drug-loadable electrospun nanofibers
snapshot_2,Topic_electrospun_nanofibers_2011-2020_Knowledge.txt,373,https://openalex.org/W2012488940,https://doi.org/10.1039/c3tb21519a,2013,Stimuli-responsive electrospun nanofibers from poly(N-isopropylacrylamide)-co-poly(acrylic acid) copolymer and polyurethane
snapshot_2,Topic_electrospun_nanofibers_2011-2020_Knowledge.txt,374,https://openalex.org/W2136380254,https://doi.org/10.1021/jf402923c,2013,Enhanced Thermal Stability of Eugenol by Cyclodextrin Inclusion Complex Encapsulated in Electrospun Polymeric Nanofibers
snapshot_2,Topic_electrospun_nanofibers_2011-2020_Knowledge.txt,375,https://openalex.org/W2150972435,https://doi.org/10.1080/07373937.2012.693144,2013,Potential of Engineered Electrospun Nanofiber Membranes for Nanofiltration Applications
snapshot_2,Topic_electrospun_nanofibers_2011-2020_Knowledge.txt,376,https://openalex.org/W2567113018,https://doi.org/10.1002/mame.201600417,2016,"Electrospun Nanofibers of Curdlan (β‐1,3 Glucan) Blend as a Potential Skin Scaffold Material"
snapshot_2,Topic_electrospun_nanofibers_2011-2020_Knowledge.txt,377,https://openalex.org/W2899635059,https://doi.org/10.1039/c8bm00720a,2018,"Electrospun nanofibers facilitate better alignment, differentiation, and long-term culture in an <i>in vitro</i> model of the neuromuscular junction (NMJ)"
snapshot_2,Topic_electrospun_nanofibers_2011-2020_Knowledge.txt,378,https://openalex.org/W1818959236,https://doi.org/10.1002/app.42565,2015,Co‐electrospun nanofibers of PVA‐SbQ and Zein for wound healing
snapshot_2,Topic_electrospun_nanofibers_2011-2020_Knowledge.txt,379,https://openalex.org/W2972202848,https://doi.org/10.1016/j.msec.2019.110163,2019,Incorporation of F-MWCNTs into electrospun nanofibers regulates osteogenesis through stiffness and nanotopography
snapshot_2,Topic_electrospun_nanofibers_2011-2020_Knowledge.txt,380,https://openalex.org/W3097589507,https://doi.org/10.1002/aenm.201902115,2020,"Electrospun Inorganic Nanofibers for Oxygen Electrocatalysis: Design, Fabrication, and Progress"
snapshot_2,Topic_electrospun_nanofibers_2011-2020_Knowledge.txt,381,https://openalex.org/W2981521152,https://doi.org/10.1002/jbm.a.36824,2019,Micro‐RNA‐incorporated electrospun nanofibers improve osteogenic differentiation of human‐induced pluripotent stem cells
snapshot_2,Topic_electrospun_nanofibers_2011-2020_Knowledge.txt,382,https://openalex.org/W2914221195,https://doi.org/10.3390/molecules24030638,2019,Experimental Evaluation of the Thermal Polarization in Direct Contact Membrane Distillation Using Electrospun Nanofiber Membranes Doped With Molecular Probes
snapshot_2,Topic_electrospun_nanofibers_2011-2020_Knowledge.txt,383,https://openalex.org/W2019054986,https://doi.org/10.1038/mtna.2012.51,2012,Proliferation of Genetically Modified Human Cells on Electrospun Nanofiber Scaffolds
snapshot_2,Topic_electrospun_nanofibers_2011-2020_Knowledge.txt,384,https://openalex.org/W2780965062,https://doi.org/10.1002/app.46128,2017,Optical sensor based on fluorescent PMMA/PFO electrospun nanofibers for monitoring volatile organic compounds
snapshot_2,Topic_electrospun_nanofibers_2011-2020_Knowledge.txt,385,https://openalex.org/W2317940889,https://doi.org/10.1021/la502402y,2014,Shear Adhesion Strength of Aligned Electrospun Nanofibers
snapshot_2,Topic_electrospun_nanofibers_2011-2020_Knowledge.txt,386,https://openalex.org/W1847889444,https://doi.org/10.1116/1.4927218,2015,Bacterial response to different surface chemistries fabricated by plasma polymerization on electrospun nanofibers
snapshot_2,Topic_electrospun_nanofibers_2011-2020_Knowledge.txt,387,https://openalex.org/W1971703880,https://doi.org/10.1088/1468-6996/12/1/015003,2011,A novel shortened electrospun nanofiber modified with a ‘concentrated’ polymer brush
snapshot_2,Topic_electrospun_nanofibers_2011-2020_Knowledge.txt,388,https://openalex.org/W2916229719,https://doi.org/10.3390/molecules24050834,2019,Fabrication of Electrospun Polymer Nanofibers with Diverse Morphologies
snapshot_2,Topic_electrospun_nanofibers_2011-2020_Knowledge.txt,389,https://openalex.org/W2767165157,https://doi.org/10.1002/smll.201702142,2017,The Pine‐Needle‐Inspired Structure of Zinc Oxide Nanorods Grown on Electrospun Nanofibers for High‐Performance Flexible Supercapacitors
snapshot_2,Topic_electrospun_nanofibers_2011-2020_Knowledge.txt,390,https://openalex.org/W3012477313,https://doi.org/10.1002/pat.4874,2020,Fabrication of random and aligned electrospun nanofibers containing graphene oxide for skeletal muscle cells scaffold
snapshot_2,Topic_electrospun_nanofibers_2011-2020_Knowledge.txt,391,https://openalex.org/W1065985928,https://doi.org/10.1016/j.mspro.2015.06.008,2015,Fabrication of Electrospun Nanofibers of Titanium Dioxide Intercalated Polyaniline Nanocomposites for CO2 Gas Sensor
snapshot_2,Topic_electrospun_nanofibers_2011-2020_Knowledge.txt,392,https://openalex.org/W2612886366,https://doi.org/10.1515/hf-2017-0024,2017,Characteristics of carbon nanofibers produced from lignin/polyacrylonitrile (PAN)/kraft lignin-g-PAN copolymer blends electrospun nanofibers
snapshot_2,Topic_electrospun_nanofibers_2011-2020_Knowledge.txt,393,https://openalex.org/W2995115686,https://doi.org/10.3390/pr7120948,2019,Characterization of Poly(Ethylene Oxide) Nanofibers—Mutual Relations between Mean Diameter of Electrospun Nanofibers and Solution Characteristics
snapshot_2,Topic_electrospun_nanofibers_2011-2020_Knowledge.txt,394,https://openalex.org/W2047288490,https://doi.org/10.1002/mame.201200290,2013,Industrial Upscaling of Electrospinning and Applications of Polymer Nanofibers: A Review
snapshot_2,Topic_electrospun_nanofibers_2011-2020_Knowledge.txt,395,https://openalex.org/W2169135001,https://doi.org/10.1002/smll.201401213,2014,Controllable Synthesis and Enhanced Electrocatalysis of Iron‐based Catalysts Derived From Electrospun Nanofibers
snapshot_2,Topic_electrospun_nanofibers_2011-2020_Knowledge.txt,396,https://openalex.org/W2030216187,https://doi.org/10.1002/marc.201100040,2011,Origin of Piezoelectricity in an Electrospun Poly(vinylidene fluoride‐trifluoroethylene) Nanofiber Web‐Based Nanogenerator and Nano‐Pressure Sensor
snapshot_2,Topic_electrospun_nanofibers_2011-2020_Knowledge.txt,397,https://openalex.org/W2609900592,https://doi.org/10.2533/chimia.2017.236,2017,From Short Electrospun Nanofibers to Ultralight Aerogels with Tunable Pore Structure
snapshot_2,Topic_electrospun_nanofibers_2011-2020_Knowledge.txt,398,https://openalex.org/W2056759043,https://doi.org/10.4028/www.scientific.net/amr.463-464.734,2012,Effect of Poly(vinyl alcohol)/Chitosan Ratio on Electrospun-Nanofiber Morphologies
snapshot_2,Topic_electrospun_nanofibers_2011-2020_Knowledge.txt,399,https://openalex.org/W3004712741,https://doi.org/10.1039/c9an01987a,2020,Electrospun nanofibers: a promising horizon toward the detection and treatment of cancer
snapshot_2,Topic_electrospun_nanofibers_2011-2020_Knowledge.txt,400,https://openalex.org/W2792387776,https://doi.org/10.1039/c8ra01260a,2018,Layer-by-layer decoration of MOFs on electrospun nanofibers
snapshot_2,Topic_electrospun_nanofibers_2011-2020_Knowledge.txt,401,https://openalex.org/W2088122070,https://doi.org/10.1021/am300616k,2012,Improved Elevated Temperature Performance of Al-Intercalated V<sub>2</sub>O<sub>5</sub> Electrospun Nanofibers for Lithium-Ion Batteries
snapshot_2,Topic_electrospun_nanofibers_2011-2020_Knowledge.txt,402,https://openalex.org/W2256672717,https://doi.org/10.1002/pen.24200,2015,Synthesis of polymeric electrospun nanofibers for application in waterproof‐breathable fabrics
snapshot_2,Topic_electrospun_nanofibers_2011-2020_Knowledge.txt,403,https://openalex.org/W2999264468,https://doi.org/10.3390/app10020652,2020,On the Nanoscale Mapping of the Mechanical and Piezoelectric Properties of Poly (L-Lactic Acid) Electrospun Nanofibers
snapshot_2,Topic_electrospun_nanofibers_2011-2020_Knowledge.txt,404,https://openalex.org/W1982202108,https://doi.org/10.1155/2012/393042,2012,On Stabilization of PVPA/PVA Electrospun Nanofiber Membrane and Its Effect on Material Properties and Biocompatibility
snapshot_2,Topic_electrospun_nanofibers_2011-2020_Knowledge.txt,405,https://openalex.org/W2805519499,https://doi.org/10.1080/09205063.2018.1479084,2018,Combining electrospun nanofibers with cell-encapsulating hydrogel fibers for neural tissue engineering
snapshot_2,Topic_electrospun_nanofibers_2011-2020_Knowledge.txt,406,https://openalex.org/W2284840510,https://doi.org/10.1021/acsnano.5b06605,2016,"Sliding Fibers: Slidable, Injectable, and Gel-like Electrospun Nanofibers as Versatile Cell Carriers"
snapshot_2,Topic_electrospun_nanofibers_2011-2020_Knowledge.txt,407,https://openalex.org/W2313199659,https://doi.org/10.3993/jfbi09201301,2013,Electrospun Nanofibers for Tissue Engineering
snapshot_2,Topic_electrospun_nanofibers_2011-2020_Knowledge.txt,408,https://openalex.org/W2149640232,https://doi.org/10.1002/pc.22768,2013,Coaxial electrospun nanofibers of poly(vinylidene fluoride)/polyaniline filled with multi‐walled carbon nanotubes
snapshot_2,Topic_electrospun_nanofibers_2011-2020_Knowledge.txt,409,https://openalex.org/W2121085983,https://doi.org/10.1088/0957-4484/22/27/275501,2011,Macroporous conductive polymer films fabricated by electrospun nanofiber templates and their electromechanical properties
snapshot_2,Topic_electrospun_nanofibers_2011-2020_Knowledge.txt,410,https://openalex.org/W2164921221,https://doi.org/10.1177/1528083713495250,2013,Synthesis and characterization of novel drug delivery system based on cellulose acetate electrospun nanofiber mats
snapshot_2,Topic_electrospun_nanofibers_2011-2020_Knowledge.txt,411,https://openalex.org/W1999482950,https://doi.org/10.1016/j.proeng.2013.02.088,2013,Characterization of Modified Cellulose (MC)/Poly (Vinyl Alcohol) Electrospun Nanofibers for Bone Tissue Engineering
snapshot_2,Topic_electrospun_nanofibers_2011-2020_Knowledge.txt,412,https://openalex.org/W2368111032,N/A,2012,Electrospun Nanofibers and Their Applications
snapshot_2,Topic_electrospun_nanofibers_2011-2020_Knowledge.txt,413,https://openalex.org/W3088504584,https://doi.org/10.1021/acsami.0c14213,2020,Highly Sensitive Bacteria-Responsive Membranes Consisting of Core–Shell Polyurethane Polyvinylpyrrolidone Electrospun Nanofibers for In Situ Detection of Bacterial Infections
snapshot_2,Topic_electrospun_nanofibers_2011-2020_Knowledge.txt,414,https://openalex.org/W2772182177,https://doi.org/10.1039/c7ra12394a,2017,Fabrication of aqueous-based dual drug loaded silk fibroin electrospun nanofibers embedded with curcumin-loaded RSF nanospheres for drugs controlled release
snapshot_2,Topic_electrospun_nanofibers_2011-2020_Knowledge.txt,415,https://openalex.org/W1997427889,https://doi.org/10.1039/c4an02021a,2014,An electrochemical impedimetric sensor based on biomimetic electrospun nanofibers for formaldehyde
snapshot_2,Topic_electrospun_nanofibers_2011-2020_Knowledge.txt,416,https://openalex.org/W2890911347,https://doi.org/10.1111/jfs.12518,2018,Determination of quality parameters of gilthead sea bream (<i>Sparus aurata</i>) fillets coated with electrospun nanofibers
snapshot_2,Topic_electrospun_nanofibers_2011-2020_Knowledge.txt,417,https://openalex.org/W2128883360,https://doi.org/10.1002/term.1999,2015,Potential of VEGF-encapsulated electrospun nanofibers for <i>in vitro</i> cardiomyogenic differentiation of human mesenchymal stem cells
snapshot_2,Topic_electrospun_nanofibers_2011-2020_Knowledge.txt,418,https://openalex.org/W3012227279,https://doi.org/10.3934/bioeng.2020004,2020,Cell growth on electrospun nanofiber mats from polyacrylonitrile (PAN) blends
snapshot_2,Topic_electrospun_nanofibers_2011-2020_Knowledge.txt,419,https://openalex.org/W209209638,https://doi.org/10.1021/acsami.5b01639,2015,Antimicrobial Electrospun Biopolymer Nanofiber Mats Functionalized with Graphene Oxide–Silver Nanocomposites
snapshot_2,Topic_electrospun_nanofibers_2011-2020_Knowledge.txt,420,https://openalex.org/W2018127747,https://doi.org/10.1002/mame.201100327,2012,Structuring and Molding of Electrospun Nanofibers: Effect of Electrical and Topographical Local Properties of Micro‐Patterned Collectors
snapshot_2,Topic_electrospun_nanofibers_2011-2020_Knowledge.txt,421,https://openalex.org/W2167616335,https://doi.org/10.1155/2014/689298,2014,The Effect of Surfactants on the Diameter and Morphology of Electrospun Ultrafine Nanofiber
snapshot_2,Topic_electrospun_nanofibers_2011-2020_Knowledge.txt,422,https://openalex.org/W2885333067,https://doi.org/10.1021/acsbiomaterials.8b00624,2018,Amine-Functionalized Electrically Conductive Core–Sheath MEH-PPV:PCL Electrospun Nanofibers for Enhanced Cell–Biomaterial Interactions
snapshot_2,Topic_electrospun_nanofibers_2011-2020_Knowledge.txt,423,https://openalex.org/W1561821330,https://doi.org/10.1002/mabi.201300281,2013,Decoration of Electrospun Nanofibers with Monomeric Catechols to Facilitate Cell Adhesion
snapshot_2,Topic_electrospun_nanofibers_2011-2020_Knowledge.txt,424,https://openalex.org/W2767827408,https://doi.org/10.1088/1757-899x/254/10/102001,2017,Electrospun nanofiber membranes for adsorption of dye molecules from textile wastewater
snapshot_2,Topic_electrospun_nanofibers_2011-2020_Knowledge.txt,425,https://openalex.org/W3093993922,https://doi.org/10.1155/2020/1257646,2020,Electrospun Nanofibers Containing Strontium for Bone Tissue Engineering
snapshot_2,Topic_electrospun_nanofibers_2011-2020_Knowledge.txt,426,https://openalex.org/W2157559086,https://doi.org/10.1002/app.37639,2012,Interior synthesizing of ZnO nanoflakes inside nylon‐6 electrospun nanofibers
snapshot_2,Topic_electrospun_nanofibers_2011-2020_Knowledge.txt,427,https://openalex.org/W2765905019,https://doi.org/10.3390/ma10111238,2017,"Electrospun Ceramic Nanofiber Mats Today: Synthesis, Properties, and Applications"
snapshot_2,Topic_electrospun_nanofibers_2011-2020_Knowledge.txt,428,https://openalex.org/W2904214175,https://doi.org/10.1515/polyeng-2018-0224,2018,Sorption capacities of chitosan/polyethylene oxide (PEO) electrospun nanofibers used to remove ibuprofen in water
snapshot_2,Topic_electrospun_nanofibers_2011-2020_Knowledge.txt,429,https://openalex.org/W2063075452,https://doi.org/10.1002/app.39264,2013,Functionalization of electrospun nanofibers of natural cotton cellulose by cerium dioxide nanoparticles for ultraviolet protection
snapshot_2,Topic_electrospun_nanofibers_2011-2020_Knowledge.txt,430,https://openalex.org/W2056104115,https://doi.org/10.1016/j.mattod.2013.06.005,2013,Biomimetic electrospun nanofibrous structures for tissue engineering
snapshot_2,Topic_electrospun_nanofibers_2011-2020_Knowledge.txt,431,https://openalex.org/W2914767544,https://doi.org/10.1021/acsami.8b18366,2019,Facile Preparation of Cu/Ag Core/Shell Electrospun Nanofibers as Highly Stable and Flexible Transparent Conductive Electrodes for Optoelectronic Devices
snapshot_2,Topic_electrospun_nanofibers_2011-2020_Knowledge.txt,432,https://openalex.org/W2129263663,https://doi.org/10.1039/c5ta02294k,2015,A facile method for preparation of self-healing epoxy composites: using electrospun nanofibers as microchannels
snapshot_2,Topic_electrospun_nanofibers_2011-2020_Knowledge.txt,433,https://openalex.org/W2094759953,https://doi.org/10.1155/2012/282736,2012,Preparation and Characterization of Soluble Eggshell Membrane Protein/PLGA Electrospun Nanofibers for Guided Tissue Regeneration Membrane
snapshot_2,Topic_electrospun_nanofibers_2011-2020_Knowledge.txt,434,https://openalex.org/W2360893915,https://doi.org/10.1021/acsami.6b02888,2016,Carbon Nanotubes-Adsorbed Electrospun PA66 Nanofiber Bundles with Improved Conductivity and Robust Flexibility
snapshot_2,Topic_electrospun_nanofibers_2011-2020_Knowledge.txt,435,https://openalex.org/W2106158290,https://doi.org/10.1177/0731684415584635,2015,Influence of electrospun nanofibers on the interlaminar properties of unidirectional epoxy resin/glass fiber composite laminates
snapshot_2,Topic_electrospun_nanofibers_2011-2020_Knowledge.txt,436,https://openalex.org/W2130394051,https://doi.org/10.1002/mabi.201300545,2014,"Electrospun Nanofiber Scaffolds and Plasma Polymerization: A Promising Combination Towards Complete, Stable Endothelial Lining for Vascular Grafts"
snapshot_2,Topic_electrospun_nanofibers_2011-2020_Knowledge.txt,437,https://openalex.org/W2797882146,https://doi.org/10.1002/pat.4286,2018,Preparation and evaluation of poly glycerol sebacate/poly hydroxy butyrate core‐shell electrospun nanofibers with sequentially release of ciprofloxacin and simvastatin in wound dressings
snapshot_2,Topic_electrospun_nanofibers_2011-2020_Knowledge.txt,438,https://openalex.org/W2000124300,https://doi.org/10.3390/bios2040388,2012,Water-Soluble Electrospun Nanofibers as a Method for On-Chip Reagent Storage
snapshot_2,Topic_electrospun_nanofibers_2011-2020_Knowledge.txt,439,https://openalex.org/W3109608377,https://doi.org/10.1016/j.polymertesting.2020.106970,2020,Controllability of the hydrophilic or hydrophobic behavior of the modified polysulfone electrospun nanofiber mats
snapshot_2,Topic_electrospun_nanofibers_2011-2020_Knowledge.txt,440,https://openalex.org/W2900088814,https://doi.org/10.1002/jbm.a.36501,2018,Enhanced chondrogenic differentiation of bone marrow mesenchymal stem cells on gelatin/glycosaminoglycan electrospun nanofibers with different amount of glycosaminoglycan
snapshot_2,Topic_electrospun_nanofibers_2011-2020_Knowledge.txt,441,https://openalex.org/W2066331597,https://doi.org/10.4236/aces.2012.22031,2012,Electrospun Nanofiber Membranes Containing Molecularly Imprinted Polymer (MIP) for Rhodamine B (RhB)
snapshot_2,Topic_electrospun_nanofibers_2011-2020_Knowledge.txt,442,https://openalex.org/W2090646132,https://doi.org/10.1088/1748-6041/8/2/025009,2013,Characterization of electrospun nanofiber matrices made of collagen blends as potential skin substitutes
snapshot_2,Topic_electrospun_nanofibers_2011-2020_Knowledge.txt,443,https://openalex.org/W2157616464,https://doi.org/10.1088/0957-4484/25/11/115501,2014,Polyaniline/poly(<i>ε</i>-caprolactone) composite electrospun nanofiber-based gas sensors: optimization of sensing properties by dopants and doping concentration
snapshot_2,Topic_electrospun_nanofibers_2011-2020_Knowledge.txt,444,https://openalex.org/W2778552177,https://doi.org/10.1039/c7tc05197b,2017,Patterning electrospun nanofiber mats for screen printing and other applications
snapshot_2,Topic_electrospun_nanofibers_2011-2020_Knowledge.txt,445,https://openalex.org/W2611823800,https://doi.org/10.2174/1573413711666150415003655,2016,Conducting and Biopolymer Based Electrospun Nanofiber Membranes for Wound Healing Applications
snapshot_2,Topic_electrospun_nanofibers_2011-2020_Knowledge.txt,446,https://openalex.org/W3011129494,https://doi.org/10.3390/molecules25061411,2020,Enhanced Antibacterial Property of Sulfate-Doped Ag3PO4 Nanoparticles Supported on PAN Electrospun Nanofibers
snapshot_2,Topic_electrospun_nanofibers_2011-2020_Knowledge.txt,447,https://openalex.org/W2086472885,https://doi.org/10.1039/c1nr10405e,2011,In situ assembly of well-dispersed Ag nanoparticles (AgNPs) on electrospun carbon nanofibers (CNFs) for catalytic reduction of 4-nitrophenol
snapshot_2,Topic_electrospun_nanofibers_2011-2020_Knowledge.txt,448,https://openalex.org/W2921011063,https://doi.org/10.3390/nano9030397,2019,Crosslinked Sulfonated Poly(vinyl alcohol)/Graphene Oxide Electrospun Nanofibers as Polyelectrolytes
snapshot_2,Topic_electrospun_nanofibers_2011-2020_Knowledge.txt,449,https://openalex.org/W2538889498,https://doi.org/10.1371/journal.pone.0163388,2016,Comparison of Adsorption/Desorption of Volatile Organic Compounds (VOCs) on Electrospun Nanofibers with Tenax TA for Potential Application in Sampling
snapshot_2,Topic_electrospun_nanofibers_2011-2020_Knowledge.txt,450,https://openalex.org/W2345784473,https://doi.org/10.1021/acs.analchem.5b04520,2016,Electrospun Nanofiber Mats as “Smart Surfaces” for Desorption Electrospray Ionization Mass Spectrometry (DESI MS)-Based Analysis and Imprint Imaging
snapshot_2,Topic_electrospun_nanofibers_2011-2020_Knowledge.txt,451,https://openalex.org/W2800641029,https://doi.org/10.1002/term.2689,2018,Bioactive bacterial cellulose sulfate electrospun nanofibers for tissue engineering applications
snapshot_2,Topic_electrospun_nanofibers_2011-2020_Knowledge.txt,452,https://openalex.org/W3052682328,https://doi.org/10.1177/0391398820947737,2020,Cell attachment effects of collagen nanoparticles on crosslinked electrospun nanofibers
snapshot_2,Topic_electrospun_nanofibers_2011-2020_Knowledge.txt,453,https://openalex.org/W3011432257,https://doi.org/10.3390/nano10030523,2020,Electrospun Nanofibers: from Food to Energy by Engineered Electrodes in Microbial Fuel Cells
snapshot_2,Topic_electrospun_nanofibers_2011-2020_Knowledge.txt,454,https://openalex.org/W2610763378,https://doi.org/10.1002/mame.201700054,2017,Internal Structure of Amorphous Electrospun Nanofiber: Oriented Molecular Chains
snapshot_2,Topic_electrospun_nanofibers_2011-2020_Knowledge.txt,455,https://openalex.org/W3096941982,https://doi.org/10.3390/polym12112486,2020,A Facile Method for the Fabrication of Silver Nanoparticles Surface Decorated Polyvinyl Alcohol Electrospun Nanofibers and Controllable Antibacterial Activities
snapshot_2,Topic_electrospun_nanofibers_2011-2020_Knowledge.txt,456,https://openalex.org/W1884774787,https://doi.org/10.1039/c5ra15973c,2015,Visible-light responsive electrospun nanofibers based on polyacrylonitrile-dispersed graphitic carbon nitride
snapshot_2,Topic_electrospun_nanofibers_2011-2020_Knowledge.txt,457,https://openalex.org/W3006923132,https://doi.org/10.1002/app.49115,2020,A comparative assessment of poly(vinylidene fluoride)/conducting polymer electrospun nanofiber membranes for biomedical applications
snapshot_2,Topic_electrospun_nanofibers_2011-2020_Knowledge.txt,458,https://openalex.org/W2003314050,https://doi.org/10.1002/pc.22335,2012,Single‐wall carbon nanotubes dispersion behavior and its effects on the morphological and mechanical properties of the electrospun nanofibers
snapshot_2,Topic_electrospun_nanofibers_2011-2020_Knowledge.txt,459,https://openalex.org/W2732787775,https://doi.org/10.1039/c7tb00974g,2017,A general strategy for generating gradients of bioactive proteins on electrospun nanofiber mats by masking with bovine serum albumin
snapshot_2,Topic_electrospun_nanofibers_2011-2020_Knowledge.txt,460,https://openalex.org/W2911798368,https://doi.org/10.3906/kim-1801-68,2019,"Effect of polyvinyl alcohol/chitosan blend ratios on morphological, optical, andthermal properties of electrospun nanofibers"
snapshot_2,Topic_electrospun_nanofibers_2011-2020_Knowledge.txt,461,https://openalex.org/W640946229,https://doi.org/10.1134/s0965545x15030098,2015,Fabrication of polyamide 6/carbon nanotubes composite electrospun nanofibers for microwave absorption application
snapshot_2,Topic_electrospun_nanofibers_2011-2020_Knowledge.txt,462,https://openalex.org/W1970886230,https://doi.org/10.1039/c4ra04258a,2014,Electrospun nanofibers of p-type BiFeO<sub>3</sub>/n-type TiO<sub>2</sub>hetero-junctions with enhanced visible-light photocatalytic activity
snapshot_2,Topic_electrospun_nanofibers_2011-2020_Knowledge.txt,463,https://openalex.org/W2321536996,https://doi.org/10.1021/ac4006974,2013,Fast Equilibrium Micro-Extraction from Biological Fluids with Biocompatible Core–Sheath Electrospun Nanofibers
snapshot_2,Topic_electrospun_nanofibers_2011-2020_Knowledge.txt,464,https://openalex.org/W2999414052,https://doi.org/10.3390/polym12010210,2020,Fabrication of PAN Electrospun Nanofibers Modified by Tannin for Effective Removal of Trace Cr(III) in Organic Complex from Wastewater
snapshot_2,Topic_electrospun_nanofibers_2011-2020_Knowledge.txt,465,https://openalex.org/W2156954437,https://doi.org/10.1039/c5ra11830a,2015,Electrospun nanofibers incorporating self-decomposable silica nanoparticles as carriers for controlled delivery of anticancer drug
snapshot_2,Topic_electrospun_nanofibers_2011-2020_Knowledge.txt,466,https://openalex.org/W2805159396,https://doi.org/10.1039/c8an00734a,2018,"Molecularly imprinted electrospun nanofibers for adsorption of 2,4-dinitrotoluene in water"
snapshot_2,Topic_electrospun_nanofibers_2011-2020_Knowledge.txt,467,https://openalex.org/W2335363879,https://doi.org/10.1021/ie302185e,2013,Crystalline Morphology of Electrospun Poly(ε-caprolactone) (PCL) Nanofibers
snapshot_2,Topic_electrospun_nanofibers_2011-2020_Knowledge.txt,468,https://openalex.org/W2516254781,https://doi.org/10.3390/s16091371,2016,Embedded Ceria Nanoparticles in Crosslinked PVA Electrospun Nanofibers as Optical Sensors for Radicals
snapshot_2,Topic_electrospun_nanofibers_2011-2020_Knowledge.txt,469,https://openalex.org/W2509703275,https://doi.org/10.1134/s1023193516080097,2016,Electrospun nanofiber pyropolymer electrodes for fuel cells on polybenzimidazole membranes
snapshot_2,Topic_electrospun_nanofibers_2011-2020_Knowledge.txt,470,https://openalex.org/W1981494089,https://doi.org/10.1002/adma.201301828,2013,Low‐Cost Fully Transparent Ultraviolet Photodetectors Based on Electrospun ZnO‐SnO<sub>2</sub> Heterojunction Nanofibers
snapshot_2,Topic_electrospun_nanofibers_2011-2020_Knowledge.txt,471,https://openalex.org/W2891834854,https://doi.org/10.5772/intechopen.76068,2018,Electrospun Nanofibers for Entrapment of Biomolecules
snapshot_2,Topic_electrospun_nanofibers_2011-2020_Knowledge.txt,472,https://openalex.org/W3033786943,https://doi.org/10.1021/acs.iecr.0c01154,2020,Synthesis and Characterization of Electrospun Nanofibers of Sr-La-Ce Oxides as Catalysts for the Oxidative Coupling of Methane
snapshot_2,Topic_electrospun_nanofibers_2011-2020_Knowledge.txt,473,https://openalex.org/W1807304301,https://doi.org/10.1039/c5ra16232g,2015,Electrospun nanofiber enhanced imidazolium-functionalized polysulfone composite anion exchange membranes
snapshot_2,Topic_electrospun_nanofibers_2011-2020_Knowledge.txt,474,https://openalex.org/W2907103721,https://doi.org/10.3390/pharmaceutics11010014,2019,Development of A New Delivery System Based on Drug-Loadable Electrospun Nanofibers for Psoriasis Treatment
snapshot_2,Topic_electrospun_nanofibers_2011-2020_Knowledge.txt,475,https://openalex.org/W3094520141,https://doi.org/10.1021/acsomega.0c03902,2020,Coaxial Electrospun Nanofibers with Different Shell Contents to Control Cell Adhesion and Viability
snapshot_2,Topic_electrospun_nanofibers_2011-2020_Knowledge.txt,476,https://openalex.org/W2988950517,https://doi.org/10.1515/chem-2019-0098,2019,Effect of Electrospinning Process on Total Antioxidant Activity of Electrospun Nanofibers Containing Grape Seed Extract
snapshot_2,Topic_electrospun_nanofibers_2011-2020_Knowledge.txt,477,https://openalex.org/W2964288355,https://doi.org/10.3390/app9152955,2019,Encapsulation of Fatty Oils into Electrospun Nanofibers for Cosmetic Products with Antioxidant Activity
snapshot_2,Topic_electrospun_nanofibers_2011-2020_Knowledge.txt,478,https://openalex.org/W2945979227,https://doi.org/10.2147/ijn.s202876,2019,&lt;p&gt;Photothermal transforming agent and chemotherapeutic co-loaded electrospun nanofibers for tumor treatment&lt;/p&gt;
snapshot_2,Topic_electrospun_nanofibers_2011-2020_Knowledge.txt,479,https://openalex.org/W3039163695,https://doi.org/10.1039/d0ra02723e,2020,Preparation of PVDF/FMBO composite electrospun nanofiber for effective arsenate removal from water
snapshot_2,Topic_electrospun_nanofibers_2011-2020_Knowledge.txt,480,https://openalex.org/W2046544972,https://doi.org/10.1166/jbn.2014.1885,2014,Drug Loading and Release from Electrospun Biodegradable Nanofibers
snapshot_2,Topic_electrospun_nanofibers_2011-2020_Knowledge.txt,481,https://openalex.org/W2923357939,https://doi.org/10.1515/polyeng-2018-0275,2019,"Preparation, characterization and kinetics study of chitosan/PVA electrospun nanofiber membranes for the adsorption of dye from water"
snapshot_2,Topic_electrospun_nanofibers_2011-2020_Knowledge.txt,482,https://openalex.org/W2329281645,https://doi.org/10.1021/la2006925,2011,FRET Detection of Proteins Using Fluorescently Doped Electrospun Nanofibers and Pattern Recognition
snapshot_2,Topic_electrospun_nanofibers_2011-2020_Knowledge.txt,483,https://openalex.org/W1057583097,https://doi.org/10.1016/j.mspro.2015.06.040,2015,Electrospun Nanofibers of Conducting Polyaniline/Al-SnO2 Composites for Hydrogen Sensing Applications
snapshot_2,Topic_electrospun_nanofibers_2011-2020_Knowledge.txt,484,https://openalex.org/W1988168446,https://doi.org/10.1021/am508029x,2015,Novel Highly Selective and Reversible Chemosensors Based on Dual-Ratiometric Fluorescent Electrospun Nanofibers with pH- and Fe<sup>3+</sup>-Modulated Multicolor Fluorescence Emission
snapshot_2,Topic_electrospun_nanofibers_2011-2020_Knowledge.txt,485,https://openalex.org/W1112462126,https://doi.org/10.1016/j.mspro.2015.06.041,2015,Development of Electrospun Polyaniline/ZnO Composite Nanofibers for LPG Sensing
snapshot_2,Topic_electrospun_nanofibers_2011-2020_Knowledge.txt,486,https://openalex.org/W2347003421,https://doi.org/10.1039/c6sm00648e,2016,Crystallization behaviour of poly(ethylene oxide) under confinement in the electrospun nanofibers of polystyrene/poly(ethylene oxide) blends
snapshot_2,Topic_electrospun_nanofibers_2011-2020_Knowledge.txt,487,https://openalex.org/W2066119636,https://doi.org/10.1166/jnn.2011.3753,2011,Electrospun Composite Nanofibers for Tissue Regeneration
snapshot_2,Topic_electrospun_nanofibers_2011-2020_Knowledge.txt,488,https://openalex.org/W1868196656,https://doi.org/10.1039/c5tc00819k,2015,A highly sensitive fluorescent sensor based on small molecules doped in electrospun nanofibers: detection of explosives as well as color modulation
snapshot_2,Topic_electrospun_nanofibers_2011-2020_Knowledge.txt,489,https://openalex.org/W2796389296,https://doi.org/10.1088/1742-6596/987/1/012011,2018,Effect of Processing Parameters on the Morphology of PVDF Electrospun Nanofiber
snapshot_2,Topic_electrospun_nanofibers_2011-2020_Knowledge.txt,490,https://openalex.org/W2996645414,https://doi.org/10.1021/jacs.9b09061,2019,Electric Response and Conductivity Mechanism of Blended Polyvinylidene Fluoride/Nafion Electrospun Nanofibers
snapshot_2,Topic_electrospun_nanofibers_2011-2020_Knowledge.txt,491,https://openalex.org/W2523952868,https://doi.org/10.1039/c6ra19131b,2016,An ultra-long and low junction-resistance Ag transparent electrode by electrospun nanofibers
snapshot_2,Topic_electrospun_nanofibers_2011-2020_Knowledge.txt,492,https://openalex.org/W3009708949,https://doi.org/10.3390/polym12030618,2020,Development of a Lidocaine-Loaded Alginate/CMC/PEO Electrospun Nanofiber Film and Application as an Anti-Adhesion Barrier
snapshot_2,Topic_electrospun_nanofibers_2011-2020_Knowledge.txt,493,https://openalex.org/W2892033252,https://doi.org/10.5772/intechopen.76261,2018,Functionalized Polyvinylidene Fluoride Electrospun Nanofibers and Applications
snapshot_2,Topic_electrospun_nanofibers_2011-2020_Knowledge.txt,494,https://openalex.org/W2951113216,https://doi.org/10.1371/journal.pone.0209386,2018,Understanding the impact of crosslinked PCL/PEG/GelMA electrospun nanofibers on bactericidal activity
snapshot_2,Topic_electrospun_nanofibers_2011-2020_Knowledge.txt,495,https://openalex.org/W2726929946,https://doi.org/10.1021/acs.macromol.7b00857,2017,Single-Material Organic Solar Cells Based on Electrospun Fullerene-Grafted Polythiophene Nanofibers
snapshot_2,Topic_electrospun_nanofibers_2011-2020_Knowledge.txt,496,https://openalex.org/W2566033726,https://doi.org/10.1021/acsami.6b14020,2016,Novel Platform of Cardiomyocyte Culture and Coculture via Fibroblast-Derived Matrix-Coupled Aligned Electrospun Nanofiber
snapshot_2,Topic_electrospun_nanofibers_2011-2020_Knowledge.txt,497,https://openalex.org/W2022426447,https://doi.org/10.1177/0885328214550011,2014,‘Green’ biocompatible organic–inorganic hybrid electrospun nanofibers for potential biomedical applications
snapshot_2,Topic_electrospun_nanofibers_2011-2020_Knowledge.txt,498,https://openalex.org/W2115214068,https://doi.org/10.1177/0040517514549990,2014,"Multi-needle, electrospun, nanofiber filaments: effects of the needle arrangement on the nanofiber alignment degree and electrostatic field distribution"
snapshot_2,Topic_electrospun_nanofibers_2011-2020_Knowledge.txt,499,https://openalex.org/W2551898077,https://doi.org/10.1088/0957-4484/27/48/485102,2016,Dehydration of bacteriophages in electrospun nanofibers: effect of excipients in polymeric solutions
snapshot_2,Topic_electrospun_nanofibers_2011-2020_Knowledge.txt,500,https://openalex.org/W3036623413,https://doi.org/10.1111/jtxs.12548,2020,Determination of textural deterioration in fish meat processed with electrospun nanofibers
