case_id,replicate_id,condition,packet_id,alias,claim_id,support_status,cited_evidence_count,cited_evidence_labels,claim_text,rationale
1,1,mpds,case_01__rep_01,Candidate A,C1,partially_supported,1,Scientist B [ID: 70],"A bimodal LPSCl particle size distribution (nano fraction for surface coverage, micron fraction for interstitial filling) provides an engineered architecture superior to a random homogeneous mixture, directly addressing ionic continuity and dense packing.","A-R03 (ID:70, pool B) shows mixed particle-sized SE composites outperform uniform-sized SE composites in capacity, which loosely supports the general idea that varied particle sizes help. However, it does not specifically test or support a bimodal nano/micron design with distinct roles for surface coating vs. interstitial filling, so it only partially supports the claim."
1,1,mpds,case_01__rep_01,Candidate A,C2,partially_supported,2,Scientist A [ID: 11]|Scientist A [ID: 10],"Liquid-phase slurry processing (fine LPSCl in IBB solvent with PVDF+LiClO4 binder) creates a homogeneous, low-tortuosity ionic network with simultaneous surface coating and interstitial filling.","A-R01 (ID:11) supports a liquid-phase method producing low-tortuosity, densely packed NCM811 composite cathodes with good performance at 80% active material, broadly consistent with the claim. A-R02 (ID:10) supports the PVDF/IBB/LiClO4 slurry approach and its performance benefits, but focuses on binder modification rather than establishing 'simultaneous coating and interstitial filling' explicitly. Together they partially but not fully substantiate the specific mechanistic claim as stated."
1,1,mpds,case_01__rep_01,Candidate A,C3,supported,3,Scientist A [ID: 20]|Scientist B [ID: 20]|Scientist B [ID: 67],"High-aspect-ratio conductive additives (e.g., CNFs) are superior to high-surface-area carbon black because they form a percolating electronic network with fewer contact points, minimizing sites for electrolyte decomposition.","The [ID:20] token is ambiguous between pool A (A-R06a, CNT+CNF combination study) and pool B (A-R06b, CB vs CNF distribution study), but both records concern conductive additive morphology and both support the general claim that CNF/large-aspect additives outperform CB in ASSLB cathodes. A-R07 (ID:67) directly supports CNF's superior electrochemical performance versus CB/CNTs due to reduced interfacial impedance. Overall the substantive claim is well supported by at least two of the three cited records regardless of which pool ID:20 resolves to."
1,1,mpds,case_01__rep_01,Candidate A,C4,partially_supported,2,Scientist B [ID: 4]|Scientist A [ID: 314],High-energy mechanofusion/milling can fracture NCM811 secondary particles and degrade LPSCl ionic conductivity.,"A-R09 (ID:314) directly supports that post-synthesis milling reduces coherence length/crystallite size and decreases ionic conductivity of the SE, backing the LPSCl degradation part. A-R08 (ID:4, pool B) discusses crack-healing of NCM composite cathodes and microcrack formation/healing during cycling under stack pressure, but does not directly address mechanofusion-induced fracture of NCM811 secondary particles during processing; it addresses cycling-induced cracks, not processing-induced fracture. So the NCM-fracture portion of the claim is not well supported by the cited record."
1,1,mpds,case_01__rep_01,Candidate A,C5,partially_supported,2,Scientist B [ID: 23]|Scientist B [ID: 96],"Solvent-based slurry processing (as in Scientist A's proposal) introduces solvent-sulfide compatibility risks and drying-related microstructural degradation, making it a scope violation and inferior for the fixed mechanofusion process.","A-R04 (ID:23) supports that solvent/binder selection is critical for sulfide-electrolyte compatibility, implying real risk if solvent/binder are not carefully chosen (though it also demonstrates a workable solvent-based route with ABR/xylene, not that all solvent routes are risky). A-R05 (ID:96) supports that drying processes above 50""C degrade adhesion/microstructure, which supports risk of solvent-based processing. Together they support the general risk framing but do not specifically demonstrate that the IBB/PVDF+LiClO4 system used by Scientist A is incompatible; in fact A-R02 shows that combination working reasonably well. This creates a partial tension/overstatement in the memo's argument."
1,1,eop,case_01__rep_01,Candidate B,C1,supported,1,ID: 31,"Increasing active material loading increases diffusive limitations due to small contact area between active material and SE, and fine-particle catholyte alleviates this by increasing contact area and rate performance.","B-R01 directly reports that increasing AM:SE ratio increases diffusive limitations from small AM-SE contact area, especially at >84% AM, and that fine particle catholyte increases contact area and alleviates the diffusive limitation, closely matching the claim."
1,1,eop,case_01__rep_01,Candidate B,C2,supported,1,ID: 345,Using a mixed/bimodal particle size distribution of solid electrolyte in the cathode composite improves electrochemical performance (capacity) compared to a uniform particle size.,"B-R04 reports mixed particle-sized SE-based NCM811 composite achieved higher specific capacity than uniform-sized SE composite, directly supporting the claim, though it used Li7P2S8I rather than LPSCl, a minor material adjacency."
1,1,eop,case_01__rep_01,Candidate B,C3,supported,3,ID: 20|ID: 325|ID: 421,"Excessive or poorly matched conductive additive/carbon content can increase bulk/interfacial resistance and degrade rate capability or cycling performance, so an optimal (not maximal) amount of conductive additive is needed.","All three cited abstracts (B-R05, B-R06, B-R07) support that conductive additive type/amount/morphology strongly affects interfacial resistance and performance, and that excessive additive can increase resistance and reduce capacity retention, consistent with the claim."
1,1,eop,case_01__rep_01,Candidate B,C4,supported,2,ID: 505|ID: 314,Sulfide solid electrolyte ionic conductivity decreases as particle size is reduced and disorder is introduced via extensive milling.,"Both B-R08 and B-R09 show that longer/more extensive milling reduces particle size and crystallite coherence, decreasing ionic conductivity, directly supporting this claim about the surface-biased fine-SE risk."
1,1,eop,case_01__rep_01,Candidate B,C5,partially_supported,3,ID: 58|ID: 570|ID: 157,"Thin/fragile SE coatings on NCM811 are prone to mechanical fracture from chemo-mechanical expansion/contraction during cycling, and low-tortuosity effective transport networks help bridge cathode thickness to the separator.","B-R10 and B-R11 support chemo-mechanical cracking/degradation concerns for polycrystalline NCM811 in solid-state cathodes generally, but do not specifically address fragility of thin SE coatings from fine-particle allocation. B-R03 supports tortuosity-gradient/low-tortuosity networks improving ion transport and cycle life, consistent with the coarse-fraction rationale, but does not specifically validate the bimodal fine/coarse allocation strategy proposed. The combination is adjacent/supportive rather than a direct test of the specific mechanistic claim."
1,1,raw,case_01__rep_01,Candidate C,C1,unverifiable,0,,"Surface-biased (fine, unimodal) LPSCl coating maximizes ionic interfacial contact but insulates NCM811 from the conductive additive, breaking electronic percolation.","No evidence records were supplied or cited by the candidate; this claim, while plausible and consistent with known composite cathode microstructure literature, cannot be checked against any supplied abstract."
1,1,raw,case_01__rep_01,Candidate C,C2,unverifiable,0,,"Interstitial-biased (coarse, unimodal) LPSCl allocation gives only point contacts with NCM811, causing high charge-transfer resistance while preserving electronic accessibility and packing density.",No citations or evidence records accompany this claim; cannot be verified from supplied materials.
1,1,raw,case_01__rep_01,Candidate C,C3,unverifiable,0,,"A bimodal (fine + coarse) LPSCl particle size distribution creates a co-percolating ionic and electronic network via patchy surface coating plus interstitial filling, optimizing all three requirements simultaneously.","This is the central mechanistic recommendation of the response, but no evidence record is provided to substantiate the bimodal PSD strategy or its claimed co-percolation outcome."
1,1,raw,case_01__rep_01,Candidate C,C4,unverifiable,0,,Fine LPSCl particles have poor tap density and are inefficient at filling large voids between ~10-15 µm NCM811 secondary particles.,Quantitative claim about particle size and packing behavior is asserted without any cited abstract or data source.
1,1,raw,case_01__rep_01,Candidate C,C5,unverifiable,0,,"Hierarchical packing (large particles filling primary voids, fine particles filling secondary voids) can achieve higher packing density than either single-scale strategy alone.","General packing-theory claim presented as support for the recommendation, but not tied to any supplied evidence record."
1,1,ds,case_01__rep_01,Candidate D,C1,supported,1,D-R01,"The primary performance bottleneck at high active material loading is a diffusive limitation at the NCM811-LPSCl interface, alleviated by employing fine (sub-micron) catholyte particles that increase contact area.","D-R01 directly reports that increasing AM:SE ratio increases diffusive limitations from small contact area, and that fine catholyte particles increase contact area and alleviate this limitation, matching the claim closely."
1,1,ds,case_01__rep_01,Candidate D,C2,supported,1,D-R07,"Aggressive milling to produce fine SE particles significantly reduces intrinsic ionic conductivity, potentially creating a resistive interface that offsets contact-area gains, motivating an optimized unimodal particle size rather than bimodal fine/coarse mixing.","D-R07 shows that longer milling reduces both particle size and ionic conductivity, and identifies an optimum milling time balancing contact area against conductivity loss, directly supporting this claim."
1,1,ds,case_01__rep_01,Candidate D,C3,partially_supported,3,D-R08|D-R04|D-R48,"A functional, Li+-conducting ionomer binder is essential for providing mechanical resilience (crack healing / contact maintenance) during NCM811 volume changes, and participates in the ionic network unlike traditional insulating binders, in a scalable dry-film process.","D-R08 supports the ionomer binder facilitating Li+ transport and good interfacial contact in a dry process, but does not itself demonstrate crack-healing/mechanical resilience during cycling-induced volume change; that mechanical-resilience aspect is attributed to [ID: 4, 48], where D-R09 (crack-healing mechanism, but for a different binder/composite, not the ionomer specifically) and D-R10 (mechanical defect modeling, general SE properties, not specific to the ionomer binder) only partially and indirectly support the specific claim that this ionomer aids crack healing. The composite claim overstates what individual sources show when combined."
1,1,ds,case_01__rep_01,Candidate D,C4,partially_supported,2,D-R04|D-R05,"An all-inorganic (binder-free) architecture, densified by cold pressing, can achieve sufficient mechanical integrity by leveraging deformability of the sulfide SE, supported by findings on densification/chemo-mechanics and by garnet-cathode work using soft halide SE.","D-R04 supports the general idea that decreasing SE particle size and improved compliance/densification reduces strain and improves active material utilization in NCM811/LPSCl systems, lending some support. However D-R05 is about a garnet-based (oxide) system with a halide SE additive, not the sulfide LPSCl binder-free architecture under discussion; its relevance to sulfide-based binder-free NCM811/LPSCl mechanical integrity is weak/analogical rather than direct, so it does not fully substantiate the specific claim as applied here."
1,1,ds,case_01__rep_01,Candidate D,C5,partially_supported,1,D-R06,"Empirical results from mixed particle-size (bimodal) SE composites demonstrate improved electrochemical performance versus uniform-sized SE, supporting the bimodal architecture strategy for NCM811/LPSCl.","D-R06 shows mixed particle-sized sulfide SE (Li7P2S8I, not LPSCl) improves capacity versus uniform-sized SE in an NCM811 composite, which is analogous but not the same solid electrolyte chemistry (LPSCl) specified in the task, so it partially but not fully supports the specific claim as framed for this system."
1,1,eo,case_01__rep_01,Candidate E,C1,supported,1,ID: 31,"Increasing the active-material to solid-electrolyte ratio increases diffusive limitations originating from small contact area between AM and SE, and fine particle catholyte increases contact area and alleviates this limitation, especially pronounced above ~84-85 wt% AM.","E-R01 directly states this finding, including the >84% AM threshold and the benefit of fine particle catholyte for contact area and rate performance."
1,1,eo,case_01__rep_01,Candidate E,C2,partially_supported,3,ID: 42|ID: 64|ID: 20,"A thick/complete LPSCl coating can isolate NCM811 from the conductive additive network, increasing charge transfer resistance and hindering electronic accessibility, and this electrical-network benefit can be overpowered by increased bulk resistance if CA/SE interaction is not managed.","E-R04 (ID 20) directly supports the overpowering-by-bulk-resistance point in the context of carbon additive/sulfide interplay. E-R02 (ID 42) is a general review on CAM design for SSBs that discusses interface challenges but does not specifically state that thick LPSCl coating isolates NCM from CA. E-R03 (ID 64) is about carbon coating on NCM811 for liquid-electrolyte Li-ion batteries, not an SSB LPSCl coating context, so it does not support the specific claim about LPSCl coating isolating the CA network; it is only tangentially related (carbon coating improving electron transfer)."
1,1,eo,case_01__rep_01,Candidate E,C3,partially_supported,3,ID: 5|ID: 157|ID: 524,"Large interstitial-only SE filler leaving NCM surfaces bare creates limited AM-SE contact points, tortuous Li-ion pathways, and such high tortuosity significantly impedes ion transport especially in thick electrodes, leading to heterogeneous reactions and poor active material utilization.","E-R06 (ID 157) directly supports tortuosity impeding transport in thick electrodes and causing heterogeneous reactions. E-R07 (ID 524) supports tortuosity/lithiation gradient issues in thick NMC-argyrodite cathodes, consistent with poor utilization. E-R05 (ID 5) discusses void space and contact-area effects at particle-void interfaces via simulation, which is adjacent support for reduced active surface area from limited contact points, but does not specifically address 'large interstitial SE particles leaving surfaces bare' as the candidate frames it; it's a plausible but not directly matching mechanism."
1,1,eo,case_01__rep_01,Candidate E,C4,supported,4,ID: 345|ID: 316|ID: 891|ID: 505,"Mixed/bimodal particle-sized solid electrolyte in composite cathodes leads to better electrochemical performance compared to uniformly sized SE, and mechanofusion/dry coating is a suitable technology for creating core-shell coated NCM-SE structures.","E-R10 (ID 345) directly demonstrates mixed particle-sized SE outperforming uniform-sized SE in NCM811 composite cathodes. E-R08 (ID 316) reviews mechanofusion/dry coating as a scalable core-shell synthesis method. E-R09 (ID 891) demonstrates dry-coating core-shell NCM@LPS particle fabrication and performance improvement, supporting feasibility of surface coverage via similar dry-coating routes. E-R11 (ID 505) supports the SE particle size vs. cathode performance optimization tradeoff (milling time, particle size ratio) relevant to interstitial filling and packing/tortuosity considerations."
1,1,eo,case_01__rep_01,Candidate E,C5,partially_supported,3,ID: 58|ID: 213|ID: 570,"Polycrystalline NCM811 secondary particles are susceptible to chemo-mechanical degradation and intergranular cracking during cycling, which a well-distributed bimodal SE network may help mitigate by maintaining ionic access to primary grains despite microcracking.","E-R13 (ID 58), E-R14 (ID 213), and E-R15 (ID 570) all support the premise that polycrystalline NCM811/NMC particles undergo intergranular cracking and chemo-mechanical degradation during cycling. However, none of these abstracts test or support the specific mitigating claim that a bimodal SE distribution helps maintain ionic access to primary grains after microcracking; that extension is the candidate's own inference, not directly evidenced."
1,2,eop,case_01__rep_02,Candidate A,C1,supported,2,A-R01|A-R02,"High tortuosity from broken/interrupted ionic pathways in thick solid-state cathodes is a known bottleneck for rate performance, supporting the concern that surface-biased LPSCl allocation leaves interstitial voids unfilled and creates poor long-range ionic transport.","A-R01 directly demonstrates that tortuous, point-to-point ionic pathways limit delithiation kinetics in thick solid-state cathodes and that engineered percolation networks improve performance. A-R02 confirms high tortuosity in the SE phase of thick NCM-argyrodite composites causing lithiation gradients. Both directly support the general mechanism claimed, though neither specifically tests a surface-vs-interstitial LPSCl allocation scheme."
1,2,eop,case_01__rep_02,Candidate A,C2,partially_supported,2,A-R03|A-R04,"Excessive/complete surface coating of NCM by conductive additive or SE can passivate particles and block the electronic percolation network, so balance between ionic and electronic access is critical.","A-R03 and A-R04 both address the electrical/ionic conductive network interplay and show that excessive conductive additive (carbon) increases interfacial resistance, supporting the general principle of balancing electronic and ionic access. However, these papers are about conductive carbon additive levels, not about LPSCl surface coating occluding electronic contact per se, so the specific mechanistic link (LPSCl coating blocking additive access) is only indirectly supported."
1,2,eop,case_01__rep_02,Candidate A,C3,supported,2,A-R05|A-R06,"Larger interstitial-only LPSCl filler particles fail to establish sufficient surface contact with NCM, causing diffusion limitations, high polarization, and capacity underutilization at high active material loading; fine catholyte particles alleviate this diffusive limitation.","A-R06 explicitly shows that increasing active-material-to-SE ratio increases diffusive limitations from small contact area, especially at >84% AM, and that fine particle catholyte alleviates this and increases rate performance — a close, direct match to the claim. A-R05 supports the broader mechanistic framing of voids and morphology affecting performance via simulation."
1,2,eop,case_01__rep_02,Candidate A,C4,partially_supported,2,A-R08|A-R09,"Mechanofusion (dry coating) processes are well suited to embedding smaller particles onto larger particle surfaces to create partial/core-shell coatings without particle breakage, and this has previously been used to create composite active material/SE particles with improved contact area.","A-R09 directly supports dry coating technology producing NCM@LPS core-shell particles with improved contact area, closely matching the claim about mechanofusion-type dry coating. A-R08 is a broader review of core-shell synthesis methods including mechanofusion but is not specific to SE-active material composites for ASSBs in the same way; it lends general plausibility rather than direct mechanistic support."
1,2,eop,case_01__rep_02,Candidate A,C5,partially_supported,3,A-R10|A-R11|A-R12,"Using a mixture of SE particle sizes (bimodal distribution) improves packing density and electrochemical performance in sulfide-based composite cathodes, aiding mechanical integrity and contact under low stack pressures.","A-R10 directly supports that mixed-particle-size SE composites outperform uniform-sized SE composites in capacity, strongly backing the bimodal packing claim. A-R12 shows decreasing SE particle size improves contact and compliance under load, relevant to low stack pressure performance. A-R11 discusses NCM cracking and low stacking pressure ASSLIB behavior but centers on a different SE chemistry (Li3InCl6) and cracking mechanisms rather than directly on LPSCl packing/mechanical integrity, making its link to the specific claim weaker."
1,2,raw,case_01__rep_02,Candidate B,C1,unverifiable,0,,Surface-biased LPSCl allocation causes catastrophic loss of long-range ionic continuity by isolating coated NCM particles from each other at >85 wt% active material.,No evidence records were cited or supplied for this claim; it is a plausible mechanistic assertion but cannot be checked against any abstract.
1,2,raw,case_01__rep_02,Candidate B,C2,unverifiable,0,,"Interstitial-biased allocation leads to prohibitively high interfacial resistance because NCM surfaces lack intimate SE contact, limiting active surface area and capacity utilization.",No supporting evidence record provided; claim is asserted purely from reasoning.
1,2,raw,case_01__rep_02,Candidate B,C3,unverifiable,0,,"A bimodal LPSCl particle size distribution (fine + coarse) simultaneously provides surface 'on-ramps' and a continuous interstitial ionic network, improving both ionic continuity and electronic accessibility.",Central mechanistic claim underlying the proposed solution; no citation or abstract supplied to substantiate the bimodal PSD approach in this composite system.
1,2,raw,case_01__rep_02,Candidate B,C4,unverifiable,0,,"Bimodal particle size distribution is a well-established principle for achieving maximum packing density, applicable here to minimize dead volume in the NCM/LPSCl composite.",This is a general materials-science packing principle stated as established fact but not linked to any specific evidence record.
1,2,raw,case_01__rep_02,Candidate B,C5,unverifiable,0,,Coarse LPSCl particle size should be roughly 1/7th to 1/4th the diameter of NCM secondary spheres to efficiently fill primary tetrahedral/octahedral voids.,Specific quantitative sizing ratio presented without any citation; cannot be verified against supplied abstracts (none supplied).
1,2,ds,case_01__rep_02,Candidate C,C1,partially_supported,4,[ID: 31]|[ID: 252]|[ID: 345]|[ID: 11],"A bimodal LPSCl particle size distribution (fine SE for NCM surface coverage to reduce interfacial resistance; coarse SE for interstitial filling to create a low-tortuosity, long-range ionic network and improve packing density) improves electrochemical performance.","C-R01a (pool A, ID 31) supports that fine catholyte increases contact area and alleviates diffusive limitation at high AM%, consistent with fine-particle surface coverage. C-R02 (ID 252) supports that smaller SE particle size increases AM-electrolyte contact but does not specifically validate a bimodal coarse/fine split for interstitial vs surface roles. C-R03 (ID 345) directly supports a mixed-particle-size SE composite outperforming uniform-sized SE, lending some support to bimodal architecture, though it uses Li7P2S8I not LPSCl. C-R04 (ID 11) supports low-tortuosity dense packing via a liquid-phase method, not a bimodal solid-state particle distribution, so it does not support the specific bimodal claim; the candidate itself flags this citation as later diverging into an unactionable liquid-phase route. Overall the bimodal claim is only partially and indirectly supported by the cited set, with the strongest single support (C-R03) using a different electrolyte chemistry."
1,2,ds,case_01__rep_02,Candidate C,C2,supported,1,[ID: 7],"A hybrid conductive network using high-aspect-ratio carbon nanofibers (CNFs) as primary electron pathway plus a small amount of CNTs (e.g., ~0.3 wt% CNT with 4.7 wt% CNF) minimizes side reactions with sulfide SE while maintaining electronic accessibility.","C-R06 (ID 7, pool B) directly reports that a low-wt% CNT coating on NCM811 combined with large-aspect-ratio CNFs as primary conductive additive achieved high initial Coulombic efficiency and capacity retention with low ionic resistance, closely matching the candidate's specific numeric claims (0.3 wt% CNT, 4.7 wt% CNF)."
1,2,ds,case_01__rep_02,Candidate C,C3,partially_supported,1,[ID: 31],"Pre-coating NCM811 with a stable ionically conductive buffer layer (e.g., LiNbO3) or forming a dry-process-compatible artificial CEI via dry-coating/heat treatment suppresses interfacial degradation without wet chemistry.","The token [ID: 31] is ambiguous: pool A (C-R01a) is about resistive/diffusive kinetics and fine catholyte, not CEI formation; pool B (C-R01b) directly describes a dry-coating + heat-treatment artificial CEI derived from sulfide electrolyte precursors suppressing degradation, which matches this claim well. Because the candidate does not disambiguate which pool is intended and the surrounding text (in Scientist A's citations) suggests pool A usage elsewhere, this specific claim's support is uncertain/partial - it is well supported only if the intended record is C-R01b, which cannot be confirmed from the text. LiNbO3 coating itself is not directly evidenced by either supplied abstract."
1,2,ds,case_01__rep_02,Candidate C,C4,supported,1,[ID: 48],"Chemo-mechanical stress accommodation and stack-pressure/mechanical effects (contact loss, volume change, porosity) are critical failure modes that must be addressed alongside geometric SE allocation, and soft/low-modulus SE and adequate stack pressure minimize these defects.","C-R09 (ID 48, pool B) directly supports this claim, detailing how CAM loading, stack pressure, and SE mechanical properties (Young's modulus, hardness) affect mechanical defects and providing design guidelines consistent with the candidate's framing."
1,2,ds,case_01__rep_02,Candidate C,C5,unverifiable,0,,"A mild-temperature (~85°C) post-fabrication pressing step increases LPSCl deformability, enabling dense, robust, stress-free contacts that enhance density and mechanical resilience.",No evidence record is cited for this specific claim about a ~85°C pressing step improving LPSCl deformability and mechanical resilience. This is a fairly consequential feasibility claim (specific temperature and mechanism) left without any traceable citation in the supplied packet.
1,2,eo,case_01__rep_02,Candidate D,C1,supported,1,ID: 31,"At high active material loadings (>84 wt%), diffusive limitations arise from small CAM-SE contact area, and employing fine-particle catholyte significantly increases contact area, alleviating diffusive limitation and improving rate performance.","D-R01 (ID 31) directly states this: diffusive limitations pronounced at >84% AM, and fine particle catholyte alleviates diffusive limitation and increases rate performance. Near-verbatim match."
1,2,eo,case_01__rep_02,Candidate D,C2,supported,1,ID: 5,"Voids at the CAM-SE interface reduce active surface area and degrade performance, as shown by simulation.","D-R02 abstract explicitly studies void distribution/size effects on active surface area and electrochemical performance via FEM simulation, consistent with the claim."
1,2,eo,case_01__rep_02,Candidate D,C3,supported,2,ID: 252|ID: 891,Decreasing SE particle size leads to greater CAM-SE contact (supporting fine-particle surface coating strategy) and dry coating (mechanofusion-like) processes can produce uniform NCM@LPS core-shell particles with larger contact area and improved performance.,D-R03 confirms smaller SE particle size increases CAM-SE contact; D-R04 confirms dry coating produces core-shell NCM@LPS particles with larger contact area and improved half-cell performance. Both directly support the stated propositions.
1,2,eo,case_01__rep_02,Candidate D,C4,supported,2,ID: 314|ID: 505,"Milling to reduce SE particle size can reduce SE crystallinity and intrinsic ionic conductivity, implying an optimal (not minimal) particle size is needed.","Both D-R05 and D-R06 show that ball milling reduces coherence/crystallite size and correspondingly lowers ionic conductivity, and that an optimum milling time/particle size balances these opposing effects, matching the claim closely."
1,2,eo,case_01__rep_02,Candidate D,C5,partially_supported,4,ID: 345|ID: 325|ID: 421|ID: 511,"Using mixed/bimodal particle-sized SE in the composite yields higher specific capacity than uniformly sized SE, and excessive nano-sized carbon additive increases interfacial resistance with sulfide SE, harming performance more than added electronic conductivity helps — supporting the proposed bimodal fine/coarse LPSCl + separate percolating networks strategy.","D-R09 (345) directly supports mixed-particle-size SE giving higher specific capacity than uniform SE. D-R08 (421) directly supports excessive nano-carbon increasing interfacial resistance and harming retention. However, D-R07 (325) is about conductive additive morphology/crystallinity (CNF vs CB/CNT), not directly about competition between LPSCl and carbon networks as framed in the text; and D-R10 (511) discusses percolation threshold of SE-carbon matrix, supporting general need for balanced electronic/ionic networks but not specifically the coarse-LPSCl-in-interstitial-space geometric claim. The overall synthesis into a specific bimodal geometric allocation strategy is an extrapolation beyond what any single abstract states, so this composite central claim is only partially supported by the cited set."
1,2,mpds,case_01__rep_02,Candidate E,C1,supported,1,E-R01,"Fine, sub-micron LPSCl used for surface decoration maximizes charge-transfer interface and reduces diffusive limitations (attributed to Scientist A, [ID: 31]).","E-R01 directly shows fine particle catholyte increases contact area, alleviates diffusive limitation, and increases rate performance for NCM811-Li6PS5Cl cathodes, matching the claim."
1,2,mpds,case_01__rep_02,Candidate E,C2,partially_supported,1,E-R02,"Coarse LPSCl filling interstitial voids improves packing density and forms a long-range ionic highway (attributed to Scientist A, [ID: 345]).","E-R02 shows mixed particle-size SE composites outperform uniform-sized ones in specific capacity, supporting a general benefit of size distribution, but does not specifically address 'coarse particles filling interstitial voids' or 'long-range ionic highway' framing; it is a different SE chemistry (Li7P2S8I) than LPSCl."
1,2,mpds,case_01__rep_02,Candidate E,C3,supported,1,E-R03,"Milling LPSCl to fine, sub-micron sizes significantly reduces its intrinsic ionic conductivity, creating a high-resistance shell at the interface (Scientist B, [ID: 5]).","E-R03 directly demonstrates that longer milling time (smaller particle size) decreases ionic conductivity of the sulfide SE, and identifies a trade-off/optimum, supporting the claim that fine milling reduces conductivity."
1,2,mpds,case_01__rep_02,Candidate E,C4,partially_supported,2,E-R04|E-R05,"A conformal coating of fine LPSCl would physically block the conductive additive from the NCM surface, severing the electronic network and creating dead active material (Scientist B, [ID: 20, 67]).","E-R04 shows nano-CB positioned between SE and cathode material increases interfacial resistance, and E-R05 shows thick electrolyte can block electron pathways, both consistent with the general risk of electronic isolation. However, neither record specifically models a 'conformal fine-LPSCl coating' scenario; they address conductive-additive placement/morphology rather than SE particle-size-driven electronic isolation, so the specific causal claim is only partially supported."
1,2,mpds,case_01__rep_02,Candidate E,C5,supported,1,E-R08,"An interstitial-dominant network can dynamically 'heal' microcracks under stack pressure to compensate for surface contact loss (Scientist B, [ID: 4]).","E-R08 directly demonstrates a spontaneous crack-healing mechanism in NCM/sulfide composite cathodes under stack pressure, closely matching the claim, though it is specific to Li6PS5Cl0.5Br0.5 rather than pure LPSCl and to a different NCM stoichiometry."
1,3,raw,case_01__rep_03,Candidate A,C1,unverifiable,0,,A uniform surface coating of fine LPSCl on NCM811 particles maximizes ionic contact but causes catastrophic electronic isolation from the fixed conductive additive at >85 wt% AM.,"No evidence records were supplied or cited by the candidate; this mechanistic claim, while plausible, cannot be checked against any abstract."
1,3,raw,case_01__rep_03,Candidate A,C2,unverifiable,0,,"Coarse interstitial-only LPSCl filler leaves most of the NCM surface ionically isolated, creating high tortuosity and unacceptably high charge-transfer resistance.",No citation is provided for this claim; it is asserted from general percolation reasoning without a traceable evidence source.
1,3,raw,case_01__rep_03,Candidate A,C3,unverifiable,0,,A bimodal LPSCl particle size distribution (fine surface islands + coarse interstitial filler) can create co-percolating ionic and electronic networks while preserving high packing density.,"This is the central proposed mechanism of the report, but no evidence record is cited to substantiate the bimodal packing/percolation claim."
1,3,raw,case_01__rep_03,Candidate A,C4,unverifiable,0,,High-energy mechanofusion needed to achieve uniform LPSCl surface coating risks fracturing polycrystalline NCM811 secondary particles.,No supporting citation is given for this fabrication-risk claim.
1,3,raw,case_01__rep_03,Candidate A,C5,unverifiable,0,,"EIS-based deconvolution of bulk SE resistance from charge-transfer resistance can discriminate between the balanced, surface-biased, and interstitial-biased allocation strategies.",Method claim for validation is standard practice but not backed by any cited abstract in this packet.
1,3,ds,case_01__rep_03,Candidate B,C1,supported,6,B-R01|B-R02|B-R03|B-R14|B-R15|B-R16,"An ultrathin inorganic buffer coating (ZrO2 or LiNbO3) on NCM811 particles suppresses parasitic side reactions and transition metal dissolution at the NCM/LPSCl interface, improving cycling stability.","B-R01, B-R02, and B-R03 directly report LiNbO3 or ZrO2 coatings on Ni-rich cathodes paired with LPSCl-type sulfide electrolytes, showing improved capacity retention/suppressed side reactions. B-R14 also supports LNO coating benefits with NCM811. B-R15/B-R16 are review/perspective pieces reinforcing the buffer-layer rationale generally, though less specific to quantitative retention claims."
1,3,ds,case_01__rep_03,Candidate B,C2,supported,3,B-R04|B-R05|B-R17,"Using high-crystallinity, high-aspect-ratio carbon nanofibers (CNFs) as the primary conductive additive reduces reactive surface area and mitigates chemical instability at the carbon/LPSCl interface compared to amorphous carbon black, while maintaining electronic conductivity.","B-R05 directly compares CB, CNT, and CNF morphologies, showing CNF's high crystallinity gives best electrochemical performance. B-R04 supports combining low-wt% short carbon (CNT) with CNF as primary additive. B-R17 supports CNF's advantage over CB in interfacial resistance. These directly substantiate the claim."
1,3,ds,case_01__rep_03,Candidate B,C3,supported,1,B-R06,"Allocating fine LPSCl particles for surface/catholyte coverage increases contact area with NCM811 and alleviates diffusive kinetic limitations, which are the primary bottleneck in high-loading (>84-85 wt% AM) cathodes.","B-R06 (ID:31) directly states that fine particle catholyte increases contact area and alleviates diffusive limitation, especially pronounced above 84% AM, closely matching the claim's specifics."
1,3,ds,case_01__rep_03,Candidate B,C4,partially_supported,3,B-R19|B-R20|B-R18a/B-R18b (ambiguous ID:5),"Coarser LPSCl particles filling interstitial voids create a continuous, low-tortuosity ionic backbone for long-range ion transport and preserve higher intrinsic ionic conductivity compared to heavily processed (milled) fine particles.","B-R19 supports tortuosity-gradient/low-tortuosity pathways enhancing transport generally, and B-R20 supports that milling/processing reduces particle size and lowers ionic conductivity, consistent with coarse particles retaining higher conductivity. However, the [ID: 5] token is ambiguous: it maps to two different records in pools A (B-R18a, void/morphology simulation) and B (B-R18b, particle size vs ionic conductivity milling study) with no clear pool identification in text, so the specific claim of 'continuous ionic backbone' pairing to ID 5 is not unambiguously resolvable to one record."
1,3,ds,case_01__rep_03,Candidate B,C5,supported,1,B-R07,A bimodal LPSCl particle size distribution (mixed fine and coarse particles) improves overall specific capacity/electrochemical performance compared to a uniform particle size distribution.,"B-R07 directly reports that mixed particle-sized solid electrolyte composite cathodes exhibited higher specific capacity than uniform-sized composites, directly supporting the bimodal allocation strategy's benefit."
1,3,eo,case_01__rep_03,Candidate C,C1,supported,1,ID: 31,"Employing fine-particle catholyte (LPSCl) significantly increases NCM-SE contact area and alleviates diffusive limitations, especially at high AM content (>84%).","C-R02 abstract directly states that fine particle catholyte increases contact area, alleviates diffusive limitation, and increases rate performance, particularly at >84% AM, matching the claim closely."
1,3,eo,case_01__rep_03,Candidate C,C2,supported,1,ID: 345,"A mixed particle-sized solid electrolyte-based cathode composite exhibits higher specific capacity than a uniform-sized one, supporting a hybrid/bimodal SE particle-size allocation strategy.","C-R17 abstract explicitly reports mixed particle-sized SE composite (127.2 mAh/g) outperforming uniform-sized composite (117.1 mAh/g), directly supporting the claim, though the study used Li7P2S8I rather than LPSCl and NCM811 with a different SE, a minor adjacent-system caveat."
1,3,eo,case_01__rep_03,Candidate C,C3,partially_supported,3,ID: 509|ID: 515|ID: 421,"A thick, passivating/insulating layer of SE (or excess conductive additive) on NCM811 surface blocks electron transport and increases charge-transfer resistance, limiting rate capability.","ID 515 and ID 421 support that conductive-additive/interface issues raise interfacial resistance and harm rate capability (though ID 421 discusses excess CB causing interfacial resistance, not literally an insulating full LPSCl surface layer). ID 509 concerns LPSCl-NCM chemical incompatibility and halide substitution, not directly the electronic-blocking-by-thick-SE-layer mechanism; this citation appears loosely relevant/partially off-target, weakening full support for the specific electronic-blocking claim as framed."
1,3,eo,case_01__rep_03,Candidate C,C4,supported,2,ID: 325|ID: 463,"Long-aspect-ratio conductive additives (e.g., carbon nanofibers, CNF) form more robust, longer-range electronic percolation pathways with less material than point-contact additives like carbon black (CB).","Both C-R20 and C-R21 directly compare CNF vs CB/CNT additives and report CNF providing superior long-range electrical pathways and better electrochemical performance due to less interface disruption, consistent with the claim."
1,3,eo,case_01__rep_03,Candidate C,C5,supported,2,ID: 505|ID: 314,"Excessive milling to produce fine LPSCl particles reduces intrinsic ionic conductivity of LPSCl due to amorphization/structural disorder, creating a tradeoff with particle-size reduction benefits.","C-R14 shows longer milling time decreases both particle size and ionic conductivity, and C-R19 shows post-synthesis milling reduces coherence length/increases disorder correlating with decreased ionic conductivity, directly supporting the claim."
1,3,mpds,case_01__rep_03,Candidate D,C1,partially_supported,1,D-R01,"A bimodal LPSCl particle-size distribution (fine particles for surface coverage/'ionic ports', coarse particles for interstitial 'ionic highways') improves cathode composite performance versus a uniform-sized distribution.","D-R01 shows a mixed particle-sized sulfide SE cathode composite (with NCM811) achieved higher specific capacity than a uniform-sized composite, supporting the general concept that mixed/bimodal particle sizing helps. However, the abstract does not describe the specific 'ionic port'/coverage vs 'ionic highway'/filling mechanistic framing, nor does it isolate surface-coverage vs interstitial-filling roles as claimed."
1,3,mpds,case_01__rep_03,Candidate D,C2,supported,3,D-R02|D-R03|D-R04,"Fine LPSCl particles maximizing NCM/LPSCl surface area would accelerate interfacial chemical degradation, a known failure mode for Ni-rich cathodes with sulfide electrolytes.","D-R02 documents interfacial decomposition/SEI formation in Ni-rich NCM/argyrodite composites; D-R03 documents poor interfacial stability of high-voltage oxide cathodes with sulfide SEs and impedance growth from interfacial reactions; D-R04 documents degradation kinetics increasing with state of charge at the oxide/sulfide interface. Together these directly support that oxide/sulfide interfaces are chemically unstable, a known failure mode, though none directly quantifies effect of increased surface area from fine particles specifically."
1,3,mpds,case_01__rep_03,Candidate D,C3,supported,2,D-R05|D-R06,Volume/chemo-mechanical strain in polycrystalline NCM811 (intergranular/intragranular cracking from anisotropic strain) threatens the structural integrity of a rigid inorganic composite.,"D-R05 explicitly discusses intergranular/intragranular microcracking in polycrystalline NCM particles from anisotropic chemical strain at grain boundaries. D-R06 operando study confirms anisotropy-driven structural stress and microcracking in polycrystalline NCM811, directly supporting the chemo-mechanical failure claim."
1,3,mpds,case_01__rep_03,Candidate D,C4,supported,1,D-R16,"Forming an artificial CEI derived from sulfide electrolyte precursors (e.g., LPSCl) via dry-coating plus mild thermal treatment suppresses interfacial degradation and improves cycling of Ni-rich cathodes with sulfide electrolytes.","D-R16 directly demonstrates an artificial CEI derived from Li3PS4/Li6PS5Cl precursors via dry-coating and heat treatment, achieving 84% capacity retention after 100 cycles for Ni-rich cathodes, matching the claim closely."
1,3,mpds,case_01__rep_03,Candidate D,C5,supported,1,D-R17,"An optimized monomodal LPSCl particle-size distribution (via controlled milling time) can be tuned to balance particle size and ionic conductivity for optimal composite cathode performance, as an alternative to bimodal distribution.","D-R17 directly studies ball-milled sulfide SE particle size vs ionic conductivity trade-off and identifies an optimal milling time balancing particle-size ratio and conductivity for composite cathode performance, supporting the monomodal optimization claim as an alternative hypothesis to test."
1,3,eop,case_01__rep_03,Candidate E,C1,supported,1,[ID: 31],"Increasing CAM-SE interfacial contact area (e.g., via fine catholyte particles) reduces diffusive limitations at high active material loadings (>85% AM), a primary bottleneck for cathode performance.","E-R01 directly demonstrates that increasing AM:SE ratio increases diffusive limitations from small contact area, and that fine particle catholyte increases contact area and alleviates this limitation, closely matching the claim."
1,3,eop,case_01__rep_03,Candidate E,C2,partially_supported,1,[ID: 891],Mechanofusion/dry coating processes can produce core-shell NCM-LPSCl (or analogous sulfide SE) composite particles with uniform surface coverage.,"E-R02 supports dry coating producing NCM@Li3PS4 core-shell particles with improved contact area, but uses Li3PS4 and NCM (111) rather than LPSCl/NCM811, and is described as 'dry coating' rather than explicitly 'mechanofusion,' so it is adjacent but not an exact match to the claim as stated."
1,3,eop,case_01__rep_03,Candidate E,C3,supported,2,[ID: 421]|[ID: 325],Excessive nano-sized conductive carbon additive can increase interfacial resistance and harm electrochemical performance despite improving bulk electronic conductivity.,"E-R03 explicitly shows 7 wt% nano-CB increases electrical conductivity but lowers capacity retention due to increased interfacial resistance. E-R04 supports the general problem of SE blocking electron pathways and the need for well-chosen conductive additive morphology, though it is more about additive morphology than 'excessive nano-carbon' per se; together they reasonably support the claim."
1,3,eop,case_01__rep_03,Candidate E,C4,supported,3,[ID: 5]|[ID: 524]|[ID: 157],"Voids/insufficient CAM-SE contact from bare or poorly wetted surfaces cause ionic isolation and high tortuosity, leading to lithiation gradients and poor rate capability, particularly in thick electrodes.",E-R05 directly studies void coverage effects on CAM surfaces and electrochemical performance. E-R06 demonstrates lithiation gradients tied to tortuosity in thick NMC-LPSCl cathodes. E-R07 shows tortuosity-driven slow ion transport and the benefit of tortuosity-gradient design. Together these directly support the mechanistic claim.
1,3,eop,case_01__rep_03,Candidate E,C5,supported,2,[ID: 345]|[ID: 505],"A bimodal/mixed particle-size distribution of solid electrolyte improves packing density and electrochemical performance compared to uniform particle size, supporting the proposed fine+coarse LPSCl allocation strategy.","E-R09 directly shows mixed particle-sized SE outperforms uniform-sized SE in specific capacity for NCM811 composites. E-R08 supports that SE particle size/milling time affects contact and conductivity tradeoffs, relevant to optimizing particle size ratio, though it does not directly test a bimodal blend, making it more supportive of the general design rationale than definitive proof of the bimodal strategy's superiority."
2,1,ds,case_02__rep_01,Candidate A,C1,supported,1,A-R01,"3D nanoflower/hierarchical architectures assembled from 2D nanosheets maximize electrode-electrolyte interface and provide open channels for Na-ion diffusion, addressing sluggish kinetics and volume change.","A-R01 (Cu2NiSnS4 nanoflowers with rGO) directly reports a 3D hierarchical structure providing fast ion diffusion pathways and high electrode/electrolyte contact area, plus good NIB performance, supporting the claim albeit for a different chalcogenide chemistry than Mo/Ni."
2,1,ds,case_02__rep_01,Candidate A,C2,supported,3,A-R03|A-R04|A-R08,"Spray-drying is an industrially scalable, low-cost, high-throughput technique proven for producing hierarchical microsphere battery materials, including MoS2-graphene systems with good Na storage.","A-R03 explicitly demonstrates spray-dried MoS2-graphene hierarchical microspheres with sodium storage data; A-R04 and A-R08 support scalable spray-drying for other battery materials (C/S, SnO2), corroborating general industrial scalability claim."
2,1,ds,case_02__rep_01,Candidate A,C3,partially_supported,1,A-R05,Spray-dried microspheres achieve high tap density critical for competitive volumetric energy density.,"A-R05 demonstrates high tap density and volumetric energy density benefits for a LiFeMnPO4/C system via spray drying, supporting the general principle, but this is a cathode/Li-ion system, not the Mo/Ni chalcogenide NIB anode in question, so only partial/adjacent support."
2,1,ds,case_02__rep_01,Candidate A,C4,supported,2,A-R06|A-R07,"In-situ graphene oxide integration during one-pot spray-drying yields intimate wrapping/encapsulation of active particles, ensuring electronic continuity and structural buffering.","Both A-R06 (TiO2@rGO spray-dried microspheres for Na storage) and A-R07 (one-pot spray-dried graphene-encapsulated LTO) directly demonstrate graphene encapsulation via spray-drying improving conductivity and cycling, supporting the mechanism claim, though for different active materials than Mo/Ni chalcogenides."
2,1,ds,case_02__rep_01,Candidate A,C5,partially_supported,1,A-R09,"A double transition-metal chalcogenide system (e.g., Mo/Ni or similar TMD combination) can synergistically balance capacity and conductivity for improved battery performance.","A-R09 supports the double-metal-chalcogenide synergy concept (MoS2/WS2 with N-doped graphene for LIB), demonstrating the general principle, but this is for a Mo/W system in lithium-ion batteries, not Mo/Ni in sodium-ion batteries as proposed, making it only adjacent support."
2,1,eo,case_02__rep_01,Candidate B,C1,supported,3,ID: 3|ID: 14|ID: 69,"MoS2 is a high-capacity but poorly conductive Na-storage material, motivating composite formation with rGO/carbon.","B-R02 and B-R04 directly show MoS2 (and MoS2/rGO composites) delivering high reversible Na-storage capacity, and B-R03 (Li-ion, MoS2/WS2/NG) supports the low-conductivity issue and complementary composite strategy, though it is a Li-ion system used analogically."
2,1,eo,case_02__rep_01,Candidate B,C2,supported,1,ID: 11,"Multicomponent (mixed transition-metal) sulfides such as Cu2NiSnS4 have been explored as Na-ion anodes, supporting the rationale for combining Mo- and Ni-sulfides.","B-R01 directly describes Cu2NiSnS4/rGO nanoflowers as a Na-ion anode with good performance, matching the claim, though it does not itself involve Mo or Ni-sulfide combinations specifically relevant to the proposed system."
2,1,eo,case_02__rep_01,Candidate B,C3,partially_supported,1,ID: 462,"Ni-sulfide (e.g., analogous to CoS) may enhance conductivity/catalytic activity as a second-metal sulfide component, by analogy to CoS@rGO performance.","B-R05 supports CoS@rGO as a high-performing Na-ion anode, but this is an analogy to Co, not Ni; the candidate explicitly flags this as an extrapolation, so the underlying claim about Ni-sulfide specifically remains unverified by the cited record."
2,1,eo,case_02__rep_01,Candidate B,C4,partially_supported,7,ID: 572|ID: 116|ID: 589|ID: 539|ID: 607|ID: 675|ID: 520,"Spray drying is a proven, scalable, industrial process for producing hierarchical/porous chalcogenide-carbon microspheres for battery electrodes, including MoS2-graphene microspheres for Na/Li storage.","B-R06 (spray-dried MoS2-graphene hierarchical microspheres) directly and strongly supports the core claim for the specific chemistry. However, several other cited IDs are only tangentially relevant or off-topic: B-R07 (spray-on PV solar cells) and B-R08 (FCC SOx removal catalysts) do not pertain to battery microspheres and appear to be irrelevant/mismatched citations, which weakens the traceability of the general 'spray drying scalability' claim even though other citations (539, 607, 675, 520) do support spray-drying use for other battery microspheres (Li-ion, not Na-ion Mo/Ni chalcogenide)."
2,1,eo,case_02__rep_01,Candidate B,C5,partially_supported,5,ID: 607|ID: 688|ID: 86|ID: 614|ID: 81,Internal nanovoids/hollow structures generated via sacrificial templating or nanoscale Kirkendall diffusion during post-treatment can buffer volume changes in chalcogenide/oxide anodes during Na or Li (de)sodiation.,"B-R15 (FeSex hollow nanoparticles via Kirkendall diffusion for Na-ion storage) and B-R16 (SnO2 hollow nanospheres via Kirkendall diffusion, Li-ion) support the templating/Kirkendall route to hollow structures for volume buffering, and B-R10/B-R14 support sacrificial-template porous carbon/spinel microspheres. B-R13 (chemical expansion review) is a general mechanistic reference, not specific to chalcogenide anodes. The overall mechanism is plausible and partly evidenced but not demonstrated for the specific proposed Mo/Ni sulfide system."
2,1,mpds,case_02__rep_01,Candidate C,C1,partially_supported,2,C-R01|C-R02,"A flexible, conductive graphene framework intimately integrated with Mo/Ni chalcogenide active material provides structural buffering and electronic continuity that mitigates pulverization and loss of contact (Scientist A [ID: 11, 69]).","C-R01 supports a related but distinct system (Cu2NiSnS4/rGO, not Mo/Ni chalcogenide) showing improved NIB performance via rGO integration. C-R02 supports MoS2/rGO composite performance for NIB anodes but does not directly address Ni-containing multicomponent chalcogenides or explicitly discuss pulverization/electronic-contact buffering mechanisms in the way claimed. Both are adjacent/supportive of the general graphene-integration concept but not a direct, specific match to the compound claim about Mo/Ni chalcogenide structural buffering."
2,1,mpds,case_02__rep_01,Candidate C,C2,unsupported,1,C-R03,"A self-assembled heterostructure of Mo/Ni-chalcogenide nanosheets grown directly onto rGO sheets is a viable, previously demonstrated architecture (Scientist A [ID: 48]).","C-R03 describes a MoS2/N-doped graphene van der Waals heterostructure for lithium-ion batteries, not sodium-ion, and does not involve Ni or a Mo/Ni-chalcogenide composition. It supports the general concept of self-assembled MoS2-graphene heterostructures but not the specific multicomponent Mo/Ni chalcogenide claim or sodium-ion applicability."
2,1,mpds,case_02__rep_01,Candidate C,C3,unsupported,2,C-R06|C-R07,"Batch hydrothermal synthesis lacks industrial scalability and produces low-tap-density 'fluffy' materials, compromising volumetric energy density (Scientist B [ID: 20, 30]).","C-R06 and C-R07 both describe spray-drying methods producing high-tap-density or controllable-structure microspheres; neither is a study of hydrothermal synthesis limitations, low tap density from hydrothermal batch processes, or scalability comparisons. They support the alternative (spray drying) but do not substantiate the specific claim about hydrothermal method drawbacks."
2,1,mpds,case_02__rep_01,Candidate C,C4,partially_supported,2,C-R07|C-R08,"Spray drying is a continuous, controllable, industrially scalable process producing dense, spherical powders suitable for battery manufacturing (Scientist B [ID: 30, 137]).","C-R07 directly supports large-scale, controllable spray-drying production of spherical carbon microspheres, consistent with the claim. C-R08, however, is about polylactide microspheres for pharmaceutical sustained drug release, unrelated to battery materials or packing density claims; it does not support the battery-relevant portion of the claim, weakening the overall citation pairing."
2,1,mpds,case_02__rep_01,Candidate C,C5,supported,1,C-R09,A 'nano-in-micro' pitaya-like composite microsphere combining carbon-coated nanocrystallites in a secondary sphere provides short diffusion paths and high packing density suitable for sodium-ion battery anodes (Scientist B [ID: 84]).,"C-R09 directly describes pitaya-like Sb@C microspheres made via spray drying for sodium-ion battery anodes, showing high capacity, good retention, and rate capability tied to maintenance of the pitaya-like configuration \u2014 directly supporting the claimed morphology and its performance rationale, though for Sb rather than Mo/Ni chalcogenide."
2,1,eop,case_02__rep_01,Candidate D,C1,supported,2,D-R01|D-R02,Chalcogenide anodes for sodium-ion batteries suffer from poor intrinsic electronic conductivity and undergo substantial volume changes leading to pulverization and rapid capacity fade.,"D-R02 directly discusses metal chalcogenides for NIBs suffering from low conductivity and morphological collapse from volume expansion/shrinkage. D-R01 is a general Li-ion review discussing conversion materials including chalcogenides and their volumetric expansion issues, providing broader but less Na-specific support."
2,1,eop,case_02__rep_01,Candidate D,C2,partially_supported,2,D-R03|D-R04,The larger ionic radius of Na+ compared to Li+ exacerbates mechanical stability issues in electrode materials.,"D-R03 (micro-MoS2 for NIBs) confirms the large Na+ radius as a challenge for storage capacity/cycling stability, aligning with the claim. D-R04 discusses voltage/diffusion barrier differences between Na and Li intercalation materials computationally, but does not directly address mechanical/pulverization issues from ionic radius; it is adjacent but not a direct match to the 'mechanical stability' claim."
2,1,eop,case_02__rep_01,Candidate D,C3,partially_supported,4,D-R09|D-R10|D-R06|D-R05,"A yolk-shell or hollow-core/porous-shell microsphere architecture provides an internal void that buffers volume expansion and prevents mechanical failure, a proven strategy for high-volume-change anode materials, and this void can be engineered via nanoscale Kirkendall effect or sacrificial templates as demonstrated for metal oxides.","D-R09 demonstrates yolk-shell Sn@C microspheres via spray pyrolysis for Li-ion anodes, supporting the general yolk-shell strategy but for Li, not Na. D-R10 (Bi@C microspheres) is for both Na and Li anodes, lending some support to the buffering strategy in Na systems. D-R06 demonstrates Kirkendall-diffusion spray-drying route to hollow SnO2 for Li-ion, supporting the templating/Kirkendall claim but again in a Li-ion oxide context, not sulfide/Na. D-R05 (FeSex/rGO hollow particles via Kirkendall) is Na-ion relevant and supports the general void-formation-buffers-strain narrative reasonably well. Overall the components are supported individually but the specific combination (Mo/Ni sulfide yolk-shell for Na storage) is an extrapolation, as the candidate itself acknowledges."
2,1,eop,case_02__rep_01,Candidate D,C4,supported,2,D-R12|D-R02,"Combining transition metals (mixed-metal chalcogenides) can offer synergistic benefits improving electronic conductivity and tuning redox potential, as explored for Li-ion systems and multicomponent sulfides for Na-ion batteries; the evidence for Mo/Ni sulfides specifically for SIBs is not strong in the provided snapshot.","D-R12 explicitly demonstrates a double transition-metal chalcogenide (MoS2/WS2-NG) composite improving conductivity/capacity for LIBs, directly matching the Li-ion synergy claim. D-R02 demonstrates a multicomponent sulfide (Cu2NiSnS4) with rGO for Na-ion batteries showing good performance, supporting the multicomponent sulfide-for-Na claim. The candidate appropriately flags that direct Mo/Ni sulfide-for-SIB evidence is absent, which matches the supplied evidence -- an honest calibration that improves overall claim accuracy."
2,1,eop,case_02__rep_01,Candidate D,C5,supported,4,D-R02|D-R13|D-R17|D-R18,"Integrating rGO sheets throughout the microsphere shell creates a continuous 3D conductive network mitigating poor conductivity of the chalcogenide phase, evidenced by prior chalcogenide/rGO composites for sodium storage (Mo/Ni sulfide analog: MoS2/rGO).","D-R13 (exfoliated MoS2/rGO) and D-R02 (Cu2NiSnS4/rGO) directly support that rGO integration with chalcogenides/metal sulfides improves conductivity and sodium storage performance. D-R17 and D-R18 support the general rGO-improves-conductivity/electrode-performance concept but for TiO2 and LTO (oxide, not chalcogenide) systems, so are adjacent/generalization evidence rather than direct chalcogenide-specific support."
2,1,raw,case_02__rep_01,Candidate E,C1,unverifiable,0,,A yolk-shell MoS2/NiS@C microsphere design with a void buffers volume expansion during sodiation and prevents pulverization/cracking of active material.,No evidence record is cited or supplied for this mechanistic claim; it cannot be checked against any abstract.
2,1,raw,case_02__rep_01,Candidate E,C2,unverifiable,0,,"The MoS2/NiS heterostructure interface facilitates charge transfer between components, lowering overall impedance compared to a pure MoS2 system.",No citation or abstract is provided to substantiate this heterostructure charge-transfer/impedance claim.
2,1,raw,case_02__rep_01,Candidate E,C3,unverifiable,0,,A thin continuous carbon shell provides electronic continuity while remaining permeable to solvated sodium ions.,No evidence record supplied to support this transport/conductivity claim.
2,1,raw,case_02__rep_01,Candidate E,C4,unverifiable,0,,"Spray-drying followed by one-pot annealing/sulfidation is a scalable, reproducible route to produce the proposed yolk-shell MoS2/NiS@C microspheres.",No process-scalability evidence record is cited; claim rests solely on candidate's own reasoning.
2,1,raw,case_02__rep_01,Candidate E,C5,unverifiable,0,,"The yolk-shell architecture minimizes 'dead volume' compared to simple hollow spheres, improving volumetric energy density while maintaining good tap density.",No evidence record supplied to verify this comparative packing-density/volumetric-energy claim.
2,2,eo,case_02__rep_02,Candidate A,C1,supported,1,A-R01,Metal chalcogenides are promising SIB anode materials but suffer from low electronic conductivity and volume-expansion-induced structural collapse; multicomponent chalcogenides like Cu2NiSnS4/rGO can address this with good performance.,"A-R01 abstract directly states metal chalcogenides are promising NIB anodes with low conductivity/volume-change issues and reports Cu2NiSnS4/rGO nanoflowers with high capacity and stability, matching the claim closely."
2,2,eo,case_02__rep_02,Candidate A,C2,partially_supported,1,A-R02,"Combining different transition-metal chalcogenides (e.g., Mo and Ni based) leverages complementary properties to balance capacity and rate performance, as shown in LIBs.","A-R02 supports a MoS2/WS2/N-graphene double-chalcogenide composite for LIBs with complementary capacity/rate benefits, but this is Mo/W not Mo/Ni, and is LIB not SIB, so it only partially supports the analogy invoked for a Mo/Ni SIB system."
2,2,eo,case_02__rep_02,Candidate A,C3,supported,3,A-R03|A-R04|A-R05,MoS2 has demonstrated reversible sodium storage.,"All three cited abstracts (micro-MoS2, exfoliated MoS2/rGO, mesoporous MoS2) directly report reversible Na-ion storage capacities for MoS2-based materials, directly supporting this claim."
2,2,eo,case_02__rep_02,Candidate A,C4,partially_supported,4,A-R06|A-R07|A-R08|A-R09,"Hierarchical spray-dried microspheres (5–15 µm) composed of aggregated primary nanoparticles/nanosheets provide good tap density and processability advantages over loose nanomaterials, applicable to the proposed Mo/Ni chalcogenide design.","Cited records support spray-dried microsphere morphology, tap density, and processability benefits, but all are for unrelated chemistries (TiO2, carbon, LiFeMnPO4, LTO/NCM) rather than Mo/Ni chalcogenides for SIBs, so the general architectural principle is supported but not the specific chalcogenide system."
2,2,eo,case_02__rep_02,Candidate A,C5,supported,2,A-R11|A-R13,"A nanoscale Kirkendall diffusion process during thermal conversion can be used to form hollow nanostructures for strain buffering, as demonstrated for FeSex and SnO2 systems.","A-R11 (FeSex/rGO via Kirkendall diffusion) and A-R13 (SnO2 hollow nanospheres via Kirkendall diffusion, spray drying) both directly support the claim that this mechanism produces hollow nanostructures via spray drying-based post-treatment, matching the candidate's description accurately."
2,2,mpds,case_02__rep_02,Candidate B,C1,partially_supported,2,Scientist B [ID: 20]|Scientist B [ID: 84],"Spray drying can produce dense, spherical microspheres with high tap density critical for volumetric energy density, as demonstrated by high-tap-density LiFe0.6Mn0.4PO4/C microspheres achieving 20C rate capability and 98.9% capacity retention.","B-R05 (ID:20, pool B) directly supports the tap density, 20C rate capability, and 98.9% retention figures cited, but for a LiFePO4/Mn cathode material, not a Mo/Ni chalcogenide anode microsphere. B-R09 (ID:84) supports Sb@C microspheres via spray drying for Na-ion anodes with good rate capability but does not report the specific 20C/98.9% figures attributed to it in the memo. The claim conflates evidence from an unrelated cathode chemistry with the target Mo/Ni chalcogenide system, so it is only partially supported as a general proof-of-concept for spray-drying-derived tap density and rate performance, not for the specific chalcogenide system proposed."
2,2,mpds,case_02__rep_02,Candidate B,C2,partially_supported,2,Scientist B [ID: 87]|Scientist B [ID: 114],"High-throughput spray drying is a mature, continuous, cost-effective, and scalable industrial process suitable for producing microspheres, including kilogram-scale production.","B-R07 (ID:87) supports large-scale, cost-effective spray-drying fabrication of C/S composites for Li-S batteries. B-R08 (ID:114) supports kilogram-scale spray-drying production of SnO2 hollow nanospheres. Both support the general scalability claim for spray drying as a technique, but neither addresses Mo/Ni chalcogenide microspheres specifically, so the claim's applicability to the proposed system is not directly evidenced."
2,2,mpds,case_02__rep_02,Candidate B,C3,partially_supported,2,Scientist B [ID: 20]|Scientist B [ID: 84],"A pyrolyzed/dual-carbon matrix (amorphous carbon) provides sufficient conductivity and structural support to achieve excellent rate capability and cycling stability, comparable to rGO-based composites, as proven in demanding applications.","B-R05 shows a carbon-coated cathode microsphere with strong rate/cycling performance, and B-R09 shows Sb@C anode microspheres with good Na-ion performance. These support the general principle that carbon matrices in spray-dried microspheres can deliver good performance, but neither involves Mo/Ni chalcogenides nor directly compares carbon-matrix vs rGO-based chalcogenide performance, so the comparative/generalizing claim is only weakly supported by analogy."
2,2,mpds,case_02__rep_02,Candidate B,C4,unverifiable,1,Scientist B [ID: 11],"Hydrothermal synthesis of chalcogenide/rGO composites (Scientist A's approach) suffers from batch-process control difficulties and low packing density limitations, exemplified by ID 11 and related nanoflower/membrane architectures.","The bare token '[ID: 11]' is ambiguous: pool A (B-R02a) describes a hydrothermal rGO/Cu2NiSnS4 nanoflower synthesis for NIBs (relevant to Scientist A's approach), while pool B (B-R02b) describes spray-drying of layered double hydroxide microspheres, unrelated to hydrothermal batch limitations. The surrounding memo text discusses hydrothermal synthesis critique, suggesting pool A intent, but per the rules a bare numeric ID duplicated across pools without explicit disambiguation in-text must be treated as ambiguous/unverifiable rather than resolved by inference."
2,2,mpds,case_02__rep_02,Candidate B,C5,supported,1,Scientist A [ID: 8],Scientist A's final proposal culminates in a free-standing membrane architecture (exemplified by an Sb2Se3 nanowire membrane) that deviates from the microsphere/powder format goal.,"B-R10 (ID:8, pool A) directly describes a free-standing Sb2Se3 nanowire membrane anode for Li/Na-ion batteries, supporting the characterization of this architecture as a membrane distinct from microsphere/powder morphology, consistent with the claim's use as a contrast point."
2,2,eop,case_02__rep_02,Candidate C,C1,supported,2,ID: 11|ID: 14,"Metal chalcogenide anodes for Na-ion batteries suffer from large volume expansion causing pulverization and poor electronic conductivity, motivating the need for hybrid nanostructured/rGO designs.","Both C-R01 (Cu2NiSnS4/rGO) and C-R02 (micro-MoS2) abstracts explicitly discuss low conductivity and structural collapse from volume change in Na-ion chalcogenide anodes, directly supporting this general claim."
2,2,eop,case_02__rep_02,Candidate C,C2,supported,2,ID: 614|ID: 86,"Hollow microsphere architectures (e.g., SnO2 hollow nanospheres, FeSex-rGO hollow composites) provide internal void space that buffers volume expansion and improves structural stability and cycling performance compared to solid/filled particles.","C-R05 (SnO2 hollow nanospheres) and C-R06 (FeSex-rGO hollow, Na-ion) both directly compare hollow vs filled/solid morphology and show improved cycling/capacity retention for hollow structures, supporting the buffering claim, though C-R05 is a Li-ion study used as an analogy for the mechanism rather than a Na-ion result."
2,2,eop,case_02__rep_02,Candidate C,C3,partially_supported,6,ID: 523|ID: 572|ID: 614|ID: 520|ID: 664|ID: 867,"Spray drying is a proven, scalable, industrial-compatible process for fabricating hierarchical/hollow chalcogenide-graphene or oxide-carbon microspheres for battery electrodes, including kilogram-scale production.","Several cited works (C-R03, C-R04, C-R05, C-R13, C-R14) do describe spray-drying/spray-pyrolysis routes to microspheres, including one explicitly kilogram-scale (C-R05), supporting scalability generally. However, ID 867 (C-R15) describes 'aerosol spray pyrolysis' for Bi@C, a related but distinct technique, and none of the cited works specifically fabricate a Mo/Ni chalcogenide-rGO microsphere by spray drying, so the claim of a proven route for this exact system is only partially supported by analogy."
2,2,eop,case_02__rep_02,Candidate C,C4,partially_supported,1,ID: 3,"A multicomponent (Ni,Mo)Sx/Sex or double transition-metal chalcogenide system yields synergistic effects balancing high capacity and rate performance, as shown by studies on double transition-metal chalcogenides (MoS2/WS2-NG).","C-R11 supports the general concept of double transition-metal chalcogenide synergy (MoS2/WS2 composite with NG) but is a lithium-ion battery study, not sodium-ion, and does not involve Ni or Mo-Ni combination; the candidate itself acknowledges evidence for the specific Mo/Ni combination is 'still emerging,' so this is an appropriately hedged but only partially supported claim."
2,2,eop,case_02__rep_02,Candidate C,C5,supported,2,ID: 86|ID: 523,"Analogous spray-processed composite microspheres achieve strong benchmark performance: hollow FeSex-rGO delivers 434 mAh g-1 after 200 cycles at 0.3 A g-1, and graphene-modified TiO2 microspheres retain 87% capacity after 300 cycles.","Both specific numerical performance claims are directly and accurately reproduced from the abstracts of C-R06 (434 mAh g-1 at 200th cycle, 0.3 A g-1) and C-R03 (87% retention after 300 cycles), matching the source records precisely."
2,2,raw,case_02__rep_02,Candidate D,C1,unverifiable,0,,Multi-shelled hollow microspheres of carbon-coated MoS2/Ni9S8 composite nanosheets shorten Na-ion diffusion paths and improve accessibility compared to solid or thick-shelled hollow spheres.,No evidence identifiers or abstract records were supplied for this claim; it cannot be checked against any cited source.
2,2,raw,case_02__rep_02,Candidate D,C2,unverifiable,0,,In-situ formation of a percolating Ni9S8 conductive network within/between MoS2 nanosheets during sulfidation improves rate capability beyond pure MoS2.,No citation or abstract accompanies this mechanistic claim about Ni9S8 percolation and conductivity enhancement.
2,2,raw,case_02__rep_02,Candidate D,C3,unverifiable,0,,"MoS2 undergoes ~80-100% volume expansion during sodiation, causing mechanical failure that the multi-shelled architecture buffers.",This quantitative claim about volume expansion is stated without any supporting reference or abstract.
2,2,raw,case_02__rep_02,Candidate D,C4,unverifiable,0,,"One-pot spray drying of a precursor solution followed by thermal sulfidation is a scalable, industry-relevant process for producing multi-shelled MoS2/Ni9S8 microspheres, controlled by drying/gas-release kinetics.",No evidence record supports the specific claim that this one-pot spray-drying/sulfidation route reliably produces the described multi-shelled morphology.
2,2,raw,case_02__rep_02,Candidate D,C5,unverifiable,0,,The multi-shelled design achieves higher tap density and volumetric energy density than randomly agglomerated nanosheets or simple single-shelled hollow spheres.,This comparative performance claim is asserted without any cited data or abstract to substantiate it.
2,2,ds,case_02__rep_02,Candidate E,C1,unverifiable,1,ID: 11 (Scientist A),"Metal chalcogenide anodes for Na-ion batteries suffer from severe volume expansion and poor intrinsic conductivity, requiring structural buffering solutions [ID: Scientist A, 11].","The cited token 'Scientist A, 11' does not correspond to a clean identifier in the supplied evidence pool; two candidate records exist for numeric ID 11 (E-R01a: Cu2NiSnS4/rGO Na-ion anode paper, which does support the general claim about volume expansion/conductivity issues; E-R01b: an unrelated LDH spray-drying paper). Because the citation format mixes an informal 'Scientist A' label with a bare numeric ID and the packet explicitly warns that dual-pool numeric IDs are ambiguous unless the text disambiguates, this cannot be confidently mapped to a single record without guessing."
2,2,ds,case_02__rep_02,Candidate E,C2,partially_supported,2,ID: 96 (Scientist B)|ID: 114 (Scientist B),"A hierarchical yolk-shell (Mo,Ni)-chalcogenide@carbon microsphere with an internal void directly and reliably accommodates volume expansion, providing superior long-term cycling stability compared to distributed nanosheet voids [ID: Scientist B, 96, 114].","E-R04b (pool B, ID 96) describes yolk-shell Sn@C microspheres via spray pyrolysis for Li-ion anodes with superior electrochemical properties—broadly analogous support for yolk-shell buffering, but it is a Li-ion, Sn-based system, not the target Mo/Ni chalcogenide Na-ion system, and does not directly demonstrate the specific claim about relative superiority to nanosheet architectures. E-R05b (pool B, ID 114) describes SnO2 hollow nanospheres via spray drying and Kirkendall diffusion for Li-ion storage—again analogous but not the same chemistry or ion. Neither record specifically substantiates a comparative claim about long-term Na-ion cycling stability for Mo/Ni chalcogenides. Also, since IDs 96 and 114 each have two competing pool candidates (A and B) and the surrounding text uses 'Scientist B' informally rather than clearly indicating pool B, attribution carries residual ambiguity, though pool B versions are thematically consistent with the argument."
2,2,ds,case_02__rep_02,Candidate E,C3,partially_supported,2,ID: 72 (Scientist B)|ID: 87 (Scientist B),"Spray-drying is a continuous, high-throughput, industrially scalable method for producing homogeneous spherical microparticles, giving it superior scalability over batch hydrothermal methods [ID: Scientist B, 72, 87].","E-R06b (pool B, ID 72) explicitly discusses spray-drying-based MoS2-graphene hierarchical microspheres for Na/Li storage using an 'industrial scale spray-drying technique', supporting the scalability claim reasonably well and even matches the Mo-chalcogenide chemistry. E-R07b (pool B, ID 87) describes spray-drying for C/S composites for Li-S batteries, supporting general scalability but not the Na-ion Mo/Ni chalcogenide claim specifically. Both are directionally supportive of the general scalability argument but not a direct, comparative validation against hydrothermal batch methods, and both IDs are ambiguous between pools per the packet's stated rule."
2,2,ds,case_02__rep_02,Candidate E,C4,partially_supported,1,ID: 20 (Scientist B),"The spherical morphology of spray-dried particles is essential for achieving high tap density required for good volumetric energy density in a practical cell [ID: Scientist B, 20].","E-R08b (pool B, ID 20) describes high tap density LiFe0.6Mn0.4PO4/C microspheres via spray drying achieving high tap density and volumetric energy density—this supports the general principle of spray-dried spherical morphology enabling higher tap density, but the material is an unrelated Li-ion cathode phosphate, not a Mo/Ni chalcogenide Na-ion anode, so it only partially substantiates the claim as applied here. Pool ambiguity with E-R08a (nanocrystal review, irrelevant) is again present per the stated dual-pool rule."
2,2,ds,case_02__rep_02,Candidate E,C5,unsupported,1,ID: 86,"A single post-synthesis thermal treatment can simultaneously convert Mo/Ni metal salts into chalcogenide phase, carbonize the shell, and remove the sacrificial template, forming the final yolk-shell structure, as supported by Scientist A's separately noted thermal-conversion approach [ID: 86].","E-R09 (the only record for ID 86) concerns FeSex/Fe2O3 hollow nanoparticle-decorated rGO balls made via nanoscale Kirkendall diffusion and selenization for Na-ion storage. While thematically adjacent (chalcogenide formation via post-treatment, Na-ion application), it does not describe or support a combined single-step chalcogenide conversion + carbonization + template removal process for a yolk-shell Mo/Ni chalcogenide microsphere; it is about Fe-based hollow nanoparticles, not Mo/Ni or yolk-shell carbon-encapsulated microspheres."
2,3,mpds,case_02__rep_03,Candidate A,C1,partially_supported,3,A-R01|A-R02|A-R03,"Hierarchical (Mo,Ni)Sx/rGO 'flower-like' nanosheet composites (analogous chalcogenide/rGO Na-ion anodes) show high gravimetric capacity and cycling stability, with void space buffering volume expansion.","The three cited abstracts (Cu2NiSnS4/rGO, MoS2/rGO, CoS/rGO) do report high capacity, cycling stability, and 3D nanoflower/void architectures buffering volume change in Na-ion systems, supporting the general design philosophy. However, none of these are actual (Mo,Ni)Sx bimetallic chalcogenides as proposed; they are analogous single-metal or different-metal sulfide/rGO systems, so the claim is only partially and analogically supported, not directly verified for the specific composition."
2,3,mpds,case_02__rep_03,Candidate A,C2,partially_supported,2,A-R01|A-R04,An integrated 3D rGO network ensures superior electronic conductivity throughout the particle (supporting Scientist A's design).,"A-R01 supports rGO integration improving conductivity/performance in a Na-ion chalcogenide/rGO composite. A-R04, however, is a Li-ion MoS2/N-doped graphene heterostructure study, not directly Na-ion, and only tangentially supports the general conductivity-network concept via analogy, not the specific claim as stated."
2,3,mpds,case_02__rep_03,Candidate A,C3,partially_supported,2,A-R07|A-R08,"Spray-drying is a proven, industrially scalable manufacturing technique for producing carbon-integrated microspheres for battery electrodes.","A-R07 supports large-scale spray-drying synthesis of a C/S composite for Li-S batteries, backing scalability. A-R08 is a generic pharmaceutical microencapsulation-method-selection paper (drug delivery, AHP decision tool) unrelated to battery electrode manufacturing; citing it for battery-relevant scalability is a mismatch, weakening the overall support for this claim."
2,3,mpds,case_02__rep_03,Candidate A,C4,partially_supported,2,A-R11|A-R09,"A dense-core conversion-material microsphere is guaranteed to pulverize due to large volume changes during sodiation, motivating porous 'nanoparticles-in-microsphere' (pitaya-like) architecture with engineered internal porosity.","A-R11 is a general review on chemical expansion and its implications for mechanical stability in ion-storage materials, supporting the general mechanism of volume-change-induced stress but not specifically proving 'guaranteed' pulverization for this chalcogenide system. A-R09 (pitaya-like Sb@C microspheres via spray drying for Na-ion anodes) directly supports the porous pitaya-like architecture as beneficial, giving reasonable support for the architectural conclusion, though the strong causal claim of guaranteed pulverization is an overstatement not directly demonstrated by either abstract."
2,3,mpds,case_02__rep_03,Candidate A,C5,partially_supported,3,A-R06|A-R12|A-R10,"Using a simple carbon precursor (sucrose/PVP) co-dissolved and carbonized in spray-drying forms an integrated conductive carbon matrix providing electronic continuity and structural reinforcement without the drawbacks of rGO (cost, low initial CE, packing density).","A-R12 (graphitized porous carbon microspheres via spray drying with sucrose) and A-R10 (Zn2SnO4-carbon core-shell via spray pyrolysis with PVP) support the feasibility of carbon-matrix formation via similar spray processes for electrode materials, aligning with the proposed method. A-R06 describes a TiO2@rGO spray-dried composite, which actually uses rGO (contrary to the claim's contrast against rGO drawbacks), making its citation somewhat contradictory/confusing for this specific point rather than supportive."
2,3,eop,case_02__rep_03,Candidate B,C1,partially_supported,3,ID: 1|ID: 14|ID: 81,"Volume changes from Na+ insertion in chalcogenide anodes cause particle pulverization, loss of electrical contact, and rapid capacity fade, motivating void-buffered architectures.","B-R02 (MoS2 Na-ion storage) supports the general premise that Na-ion large radius causes storage/cycling issues, but does not specifically discuss pulverization mechanisms. B-R01 is a general Li-ion review covering conversion materials broadly, not specific to Na-ion chalcogenide pulverization. B-R03 discusses chemical expansion generally (Li+, H+, O2- systems) but not Na-ion chalcogenides specifically. None directly documents pulverization/contact loss as a specific mechanism for Mo/Ni chalcogenides."
2,3,eop,case_02__rep_03,Candidate B,C2,partially_supported,3,ID: 86|ID: 596|ID: 614,"Hollow/yolk-shell microsphere architectures (5-15 µm) with a hollow interior formed via Kirkendall-type diffusion during spray drying + thermal treatment can buffer volume expansion and preserve secondary particle integrity, applicable to the proposed Mo/Ni chalcogenide system.","B-R06 (FeSex/rGO via Kirkendall diffusion) and B-R08 (SnO2 hollow nanospheres via Kirkendall diffusion, spray drying) support the general mechanism of hollow-structure formation via Kirkendall diffusion and its benefit for cycling in analogous materials (Fe, Sn), and B-R07 supports yolk-shell Sn@C microspheres via spray pyrolysis. These are all different chemistries (Fe, Sn) not Mo/Ni chalcogenides, so the extension to the proposed system is an analogy, not direct support."
2,3,eop,case_02__rep_03,Candidate B,C3,supported,2,ID: 520|ID: 683,Microspherical morphology (5-15 µm) is ideal for achieving high tap density (>1.0 g/cm3) and good electrode processability.,"B-R04 reports LiFe0.6Mn0.4PO4/C microspheres with tap density 1.4 g/cm3 via spray drying, and B-R05 reports LTO/NCM microspheres (5-15 µm not stated but 10-20 µm) with tap densities 1.04 and 2.07 g/cm3, both supporting the general claim that spray-dried microspheres achieve high tap density and processability, though these are unrelated chemistries (LFP/LTO/NCM, not chalcogenides)."
2,3,eop,case_02__rep_03,Candidate B,C4,partially_supported,1,ID: 3,"Combining Mo and Ni chalcogenides balances high capacity with higher intrinsic conductivity, analogous to double transition-metal chalcogenide (MoS2/WS2) strategies used in Li-ion systems.","B-R13 directly supports the double transition-metal chalcogenide strategy (MoS2/WS2-NG) achieving high capacity and rate performance in Li-ion systems, matching the analogy claim. However, it does not address Mo/Ni combination or Na-ion systems, so it only supports the cited precedent, not the novel Mo/Ni Na-ion extrapolation."
2,3,eop,case_02__rep_03,Candidate B,C5,partially_supported,3,ID: 86|ID: 69|ID: 137,"The proposed structure should achieve reversible capacity >400 mAh/g at 100 mA/g, rate capability >300 mAh/g at 1 A/g, and >80% capacity retention after 500 cycles at 1C.","B-R06 (FeSex-rGO, Na-ion) reports 434 mAh/g at 200th cycle (0.3 A/g) and 311 mAh/g at 1000th cycle (1 A/g), roughly consistent with the targets but for a different chemistry (Fe, not Mo/Ni). B-R09 (MoS2/rGO Na-ion) reports 575 mAh/g at 100 mA/g, supporting the capacity target for a related Mo chalcogenide system. B-R18 (WS2-carbon) is a Li-ion (not Na-ion) system reporting capacities >700 mAh/g, only tangentially relevant. These are performance benchmarks from analogous but non-identical systems, not direct evidence for the proposed Mo/Ni chalcogenide's expected performance."
2,3,raw,case_02__rep_03,Candidate C,C1,unverifiable,0,,MoS2 provides layered structures that can intercalate Na+ while nickel sulfides (NiS/Ni3S2) offer higher theoretical capacity and potentially better conductivity,No evidence records were cited or supplied for this claim; it cannot be checked against any abstract in this packet.
2,3,raw,case_02__rep_03,Candidate C,C2,unverifiable,0,,A carbon-confined yolk-shell architecture with a defined void space accommodates volume expansion during sodiation of Mo/Ni sulfides without cracking the shell,"This is the central mechanistic/feasibility claim of the proposal, but no citation or evidence record is provided to substantiate it."
2,3,raw,case_02__rep_03,Candidate C,C3,unverifiable,0,,A porous carbon shell provides continuous electronic pathways and Na+ ion accessibility simultaneously in a yolk-shell design,No supporting evidence record supplied; claim is asserted without citation.
2,3,raw,case_02__rep_03,Candidate C,C4,unverifiable,0,,Spray drying followed by single-step annealing (with optional sacrificial SiO2/PS template) is a scalable route to fabricate yolk-shell Mo/Ni sulfide/carbon microspheres,"Process feasibility claim central to scalability argument, but no evidence record is cited or supplied to verify precedent or outcome."
2,3,raw,case_02__rep_03,Candidate C,C5,unverifiable,0,,"Yolk-shell design minimizes 'dead' void volume relative to hollow-sphere designs, thereby preserving higher packing/tap density while still buffering strain",Comparative packing-density claim is asserted without any cited data or reference to support the comparison.
2,3,ds,case_02__rep_03,Candidate D,C1,supported,1,D-R11,"Spray-drying has already been demonstrated to assemble MoS2 and graphene nanosheets into hierarchical microspheres for sodium-ion storage, providing a viable path forward for the proposed Mo/Ni chalcogenide/graphene design.","D-R11 directly reports spray-dried MoS2-graphene hierarchical microspheres tested for sodium and lithium storage, matching the claim closely (though it is MoS2, not the Mo/Ni multicomponent chalcogenide proposed)."
2,3,ds,case_02__rep_03,Candidate D,C2,partially_supported,1,D-R02,"2D chalcogenide nanosheets provide the shortest possible Na-ion diffusion distance and inherent flexibility, making them superior building blocks.","D-R02 supports 2D layered TMC nanosheets (Co0.85Se) having enhanced conductivity and diffusion pathways, but this is demonstrated for Li-ion storage, not Na-ion, and is a single-material example rather than a general multicomponent Mo/Ni system claim."
2,3,ds,case_02__rep_03,Candidate D,C3,partially_supported,3,D-R06|D-R07|D-R15,"Spray-drying is a proven, high-throughput, industrially feasible manufacturing process suitable for hierarchical microsphere fabrication in battery materials.","D-R06 and D-R07 support large-scale/kilogram-scale spray drying for battery composites, supporting scalability. D-R15, however, is about FCC SOx removal catalysts unrelated to batteries; its use as support for battery-relevant scalability is inappropriate/irrelevant, weakening the overall claim support to partial."
2,3,ds,case_02__rep_03,Candidate D,C4,partially_supported,1,D-R08,"Assembling active nanostructures into spherical secondary particles retains high tap density crucial for practical volumetric energy density, unlike low-density powders from solution-based assembly.","D-R08 supports that spray-dried spherical LiFePO4/Mn microspheres achieve high tap density and volumetric energy density, but this is a cathode material example (LIB, not NIB) and does not directly compare against solution-based low-density powders as claimed."
2,3,ds,case_02__rep_03,Candidate D,C5,supported,3,D-R09|D-R10|D-R13,"Spray-drying demonstrates versatility in creating complex internal void structures for buffering (e.g., pitaya-like Sb@C) and integrating conductive graphene networks, supporting its use for the proposed hierarchical porous microsphere.","D-R09 (pitaya-like Sb@C via spray drying for Na-ion), D-R10 (graphene-modified TiO2 microspheres via spray drying for Na-ion storage), and D-R13 (graphene-encapsulated spray-dried microspheres) collectively support the versatility claim, though these are different chemistries than the proposed Mo/Ni chalcogenide."
2,3,eo,case_02__rep_03,Candidate E,C1,partially_supported,2,ID: 3|ID: 11,Multicomponent/double transition-metal chalcogenides (combining Mo and Ni or similar metals) provide complementary properties for high-capacity anodes; Cu2NiSnS4 validates use of Ni in multicomponent sulfide systems for Na-ion batteries.,"E-R01 (ID:3) supports a double transition-metal chalcogenide (MoS2/WS2) concept but is for LIB, not NIB, and does not involve Ni. E-R02 (ID:11) supports Cu2NiSnS4 as a good Na-ion anode with Ni present, but it is a quaternary Cu-Ni-Sn-S compound, not a Mo/Ni binary chalcogenide, so it only partially validates the specific Mo/Ni combination claimed."
2,3,eo,case_02__rep_03,Candidate E,C2,supported,3,ID: 11|ID: 86|ID: 614,Hollow nanoparticle architectures (via nanoscale Kirkendall diffusion during sulfidation/selenization) accommodate volume changes and preserve structural integrity in Na-storage conversion anodes.,"E-R04 (ID:86) directly demonstrates hollow FeSex nanoparticles formed via Kirkendall diffusion for Na-ion storage with clear performance benefits. E-R06 (ID:614) supports the Kirkendall/spray-drying route for hollow oxide nanospheres (though for LIB, SnO2). E-R02 (ID:11) supports volume-buffering rationale generally. Together these substantiate the mechanism, though the exact Mo/Ni chalcogenide system is not directly tested."
2,3,eo,case_02__rep_03,Candidate E,C3,partially_supported,6,ID: 607|ID: 741|ID: 695|ID: 572|ID: 584|ID: 626,"Porous microspheres assembled from primary nanoparticles improve electrolyte penetration, ion diffusion, and packing density relative to loose nanomaterials, and have been prepared via spray drying for various anode materials.","Several cited records (E-R07 ID:607, E-R08 ID:741, E-R09 ID:695, E-R11 ID:584, E-R12 ID:626) support spray-dried porous microsphere architectures with improved rate/packing performance, but nearly all are for Li-ion systems, not Na-ion, and none involve Mo/Ni chalcogenides. E-R10 (ID:572) is a directly relevant Na/Li MoS2-graphene spray-dried microsphere study, providing stronger support for the general architecture applied to a Mo chalcogenide, though still not Ni-containing."
2,3,eo,case_02__rep_03,Candidate E,C4,supported,6,ID: 11|ID: 86|ID: 462|ID: 523|ID: 539|ID: 620,"Integrating chalcogenide nanoparticles into an rGO matrix provides continuous electron transport pathways and mechanical buffering, improving rate performance and cycling stability.","Multiple cited abstracts (E-R02 ID:11, E-R04 ID:86, E-R05 ID:462, E-R13 ID:523, E-R14 ID:539, E-R15 ID:620) consistently demonstrate that rGO or carbon integration with metal chalcogenide/oxide nanoparticles improves conductivity, buffers volume change, and enhances cycling stability, directly supporting this general mechanistic claim, though not the specific Mo/Ni system."
2,3,eo,case_02__rep_03,Candidate E,C5,partially_supported,4,ID: 86|ID: 137|ID: 523|ID: 614,"A scalable two-step spray-drying plus chalcogenization (H2S or S/Se vapor) post-treatment process can produce Mo/Ni chalcogenide-rGO hollow microspheres, analogous to demonstrated WS2-carbon and FeSex-rGO spray-pyrolysis routes.","E-R16 (ID:137) demonstrates a two-step spray-pyrolysis + sulfidation route for WS2-carbon composites, and E-R04 (ID:86) demonstrates a similar two-step spray-pyrolysis + selenization route for FeSex-rGO, both supporting the general fabrication strategy. E-R06 (ID:614) supports Kirkendall-based hollow nanosphere formation via spray drying (for SnO2, LIB). None directly demonstrate Mo/Ni chalcogenide synthesis by this route, so the specific extension to the target Mo/Ni system remains unverified by direct evidence."
3,1,eop,case_03__rep_01,Candidate A,C1,unsupported,1,ID: 6,Nickel nitrate and ammonium molybdate can serve as NiMoO4 precursors in a spray-drying process (ID: 6),"The cited abstract (A-R01) describes using nickel nitrate and ammonium molybdate as catalyst precursors for carbon nanofiber synthesis via CVD, not for spray-drying NiMoO4 microspheres. It does not support the specific claim about precursor chemistry for the proposed synthesis route."
3,1,eop,case_03__rep_01,Candidate A,C2,partially_supported,1,ID: 461,"A nanoscale Kirkendall-effect-based post-treatment of spray-dried metal/carbon precursors can generate internal nanovoids analogous to SnO2 hollow nanosphere formation, applicable to NiMoO4 (ID: 461)","A-R08 directly supports Kirkendall-diffusion-based hollow nanosphere formation from spray-dried Sn-C precursor for SnO2, a genuine analogous mechanism. However, the extension to NiMoO4 (a mixed transition-metal molybdate rather than a simple oxide) is an inferential leap not directly evidenced; the abstract only supports the analogy, not the specific system."
3,1,eop,case_03__rep_01,Candidate A,C3,partially_supported,1,ID: 431,"Multicomponent Mo,Ni sulfide/selenide microspheres with empty nanovoids prepared by spray drying plus post-treatment provide a direct precedent for void formation in Ni/Mo-based microspheres (ID: 431)","A-R07 supports the existence of Mo,Ni sulfide/selenide microspheres with empty nanovoids made by spray drying and post-treatment, which is a relevant and closely analogous precedent (same Mo/Ni elemental system, void-forming spray-drying method) for Na-ion anodes. It does not directly address NiMoO4 (oxide, Li-ion), so it is only partial support for the specific claim as applied to this system."
3,1,eop,case_03__rep_01,Candidate A,C4,supported,1,ID: 491,"A total porosity of around 20% is a good target for improving rate performance without excessively compromising volumetric capacity, based on electrochemical simulations (ID: 491)","A-R18 directly states that increasing porosity up to 20% improves rate performance as shown by electrochemical simulations of particle lithiation, matching the claim closely."
3,1,eop,case_03__rep_01,Candidate A,C5,supported,3,ID: 453|ID: 468|ID: 424,"Carbon-coated/encapsulated nanoparticle architectures (as in Fe2O3@C, Sb@C, TiNb2O7/C composites) are a proven strategy for improving rate capability and cycling stability, applicable to NiMoO4 (ID: 453, 468, 424)","A-R10, A-R12, and A-R09 all directly demonstrate carbon-encapsulated/coated nanoparticle microsphere architectures improving conductivity, rate capability, and cycling stability in various anode materials, supporting the general design principle, though not NiMoO4 specifically (an extrapolation, but the general claim about the strategy is well supported)."
3,1,raw,case_03__rep_01,Candidate B,C1,unverifiable,0,,"Sacrificial/fugitive templates (e.g., polystyrene nanospheres, silica colloids) can be used to precisely control void size and distribution in NiMoO4 microspheres, with risk of insulating residue if incompletely removed.",No evidence identifiers or abstract records were cited or supplied for this claim; it cannot be checked against any provided source.
3,1,raw,case_03__rep_01,Candidate B,C2,unverifiable,0,,"Template-free spray-drying relies on rapid solvent evaporation and internal gas generation (Kirkendall-like effect) to create hollow/nanovoid microspheres, but is highly sensitive to processing parameters and can yield inconsistent structures.","No citation or evidence record accompanies this mechanistic claim, so it cannot be verified against supplied sources."
3,1,raw,case_03__rep_01,Candidate B,C3,unverifiable,0,,"PVP or PAA can act simultaneously as dispersant, binder, and pyrolytic carbon source, forming a thin conformal internal carbon coating that wires up NiMoO4 nanocrystallites more effectively than sucrose-derived carbon or GO/CNT composites.","This is a specific comparative performance claim central to the proposed synthesis strategy, but no evidence record is supplied to substantiate it."
3,1,raw,case_03__rep_01,Candidate B,C4,unverifiable,0,,A two-stage calcination (low-temperature hold ~300 °C followed by high-temperature crystallization ~500-600 °C) preserves hierarchical void structure while ensuring good NiMoO4 crystallinity and carbon graphitization.,"This is a central feasibility/process claim underpinning the whole recommended synthesis route, but no citation or abstract is provided to verify it."
3,1,raw,case_03__rep_01,Candidate B,C5,unverifiable,0,,High-temperature single-step calcination above 500 °C causes violent gas release and excessive grain growth/sintering that eliminates beneficial nanovoids.,"No evidence record is cited to support this specific failure-mode claim, despite it being important to justifying the two-stage approach."
3,1,ds,case_03__rep_01,Candidate C,C1,partially_supported,2,C-R07 [ID:104]|C-R08 [ID:141],"One-pot spray pyrolysis can produce yolk-shell microspheres with a dedicated internal void, providing engineered buffering for volume change during cycling (applied here to NiMoO4).","C-R07 (Sn@C yolk-shell via spray pyrolysis) and C-R08 (Zn2SnO4-carbon core-shell via spray pyrolysis) both support that one-pot spray pyrolysis can produce yolk/core-shell microspheres with voids for different metal-oxide/carbon systems, but neither involves NiMoO4 or nickel molybdate chemistry, so the claim as applied to this specific material system is only partially supported by analogy."
3,1,ds,case_03__rep_01,Candidate C,C2,partially_supported,3,C-R05 [ID:23]|C-R06 [ID:41]|C-R11 [ID:87],"Incorporating graphene oxide (GO) into the precursor, which reduces to a conductive, flexible 3D rGO scaffold, provides superior electronic pathways and mechanical resilience/buffering compared to a simple carbon coating.","C-R05 (TiO2@rGO via spray drying), C-R06 (LTO@GS via spray drying), and C-R11 (NVP@rGO via spray drying) all support that rGO scaffolds formed from GO in spray-dried composites improve conductivity, rate capability and buffer volume change — but all are for other active materials (TiO2, Li4Ti5O12, Na3V2(PO4)3), not NiMoO4, so direct applicability to this system is an extrapolation."
3,1,ds,case_03__rep_01,Candidate C,C3,partially_supported,1,C-R10 [ID:116],"A conformal carbon coating derived from polymer pyrolysis (as favored by Scientist A) is inferior to an embedded 3D rGO network for conductivity, and provides only a simple post-synthesis surface coating.","C-R10 describes a polymer-assisted carbon coating on MoO2 on nickel foam (not NiMoO4 microspheres), showing good performance from intimate carbon contact; it does not itself demonstrate inferiority to rGO scaffolds, so the comparative claim is not directly supported, only the existence of the coating method is."
3,1,ds,case_03__rep_01,Candidate C,C4,supported,3,C-R16 [ID:20]|C-R17 [ID:190]|C-R18 [ID:241],Spray-drying/spray pyrolysis reliably produces spherical secondary particles that are critical for achieving high tap density needed for volumetric energy density in practical cells.,"All three cited records (LiFe0.6Mn0.4PO4/C, LiFePO4/C, and Li4Ti5O12 microspheres) directly demonstrate that spray-drying-based processes yield spherical secondary particles with high tap density (~1.4 g/cm3) and improved volumetric energy density, directly supporting the general mechanistic claim, though none involve NiMoO4 specifically."
3,1,ds,case_03__rep_01,Candidate C,C5,unsupported,1,C-R04 [ID:151],"Hollow/void-engineered inorganic microspheres (as templated hydrothermal hollow spheres, cited to support Scientist A's void design) provide large specific surface area and structural benefits relevant to buffering volume change.","C-R04 is a review of inorganic hollow spheres for photocatalysis, unrelated to Li-ion battery electrochemistry, volume buffering, or NiMoO4. It does not support the electrochemical buffering claim being made; the citation is topically mismatched."
3,1,eo,case_03__rep_01,Candidate D,C1,partially_supported,1,ID: 431,"A study on multicomponent (Mo, Ni) metal sulfide/selenide microspheres with empty nanovoids, prepared by pilot-scale spray drying, demonstrates that voids accommodate volume changes during (so)diation and yield excellent cycling stability, supporting a spray-drying approach for Ni-Mo-based void-containing architectures analogous to NiMoO4.","D-R03 confirms multicomponent (Mo,Ni) sulfide/selenide microspheres with empty nanovoids were made by pilot-scale spray drying, but the abstract text supplied does not explicitly state cycling stability results or that the voids accommodate volume change during sodiation; those details are asserted by the candidate beyond what the abstract text shows. The system is also a sulfide/selenide, not an oxide (NiMoO4), so extrapolation to NiMoO4 conversion reactions is an analogy, not direct evidence."
3,1,eo,case_03__rep_01,Candidate D,C2,supported,1,ID: 491,"Increasing internal porosity (up to 20%) in microspheres improves rate performance, as shown by experiment and lithiation simulation, supporting the void-buffering/rate-capability tradeoff discussion.","D-R05 directly states that increasing porosity up to 20% improves rate performance via experiment and simulation, matching the claim closely."
3,1,eo,case_03__rep_01,Candidate D,C3,partially_supported,1,ID: 373,"A two-step spray-drying process (initial hollow/porous precursor, wet-milling, second spray-drying) can be used to achieve dense, high-tap-density composite microspheres while retaining desired chemistry, applicable as a path to balance porosity and density in NiMoO4.","D-R18 describes exactly this two-step spray-drying process for a Li-Mn-Ni-Co oxide cathode, achieving dense structures, which supports the general processing route, but it does not provide tap density values or verify this approach's applicability to NiMoO4 or to void-buffering high-rate anodes specifically; the extrapolation to NiMoO4's balance of nanovoids and tap density is not tested in the cited work."
3,1,eo,case_03__rep_01,Candidate D,C4,partially_supported,3,ID: 32|ID: 216|ID: 217,"One-dimensional (nanowire) or high-aspect-ratio primary particle morphologies (nanoplates/nanosheets) facilitate efficient electron transport paths within composite microsphere architectures, as shown for Ni-Co-molybdate nanowires and Fe2(MoO4)3 nanoplate/nanosheet microspheres.","D-R04 supports the nanowire/1D-morphology transport claim specifically for NixCo1-xMoO4 (including NiMoO4) nanowire electrodes. D-R14 and D-R15 show Fe2(MoO4)3 microspheres from nanoplates/nanosheets with good capacity, but these abstracts do not explicitly attribute performance to 'efficient electron transport paths' from morphology, nor are they NiMoO4; the inference that similar morphology control is directly transferable is not established by the abstracts themselves."
3,1,eo,case_03__rep_01,Candidate D,C5,supported,2,ID: 574|ID: 353,Achieving high tap density (~1.4 g cm-3) in spray-dried oxide microspheres (as demonstrated for Li4Ti5O12 and LiFe0.6Mn0.4PO4/C via process control and double carbon coating) illustrates a viable strategy to counteract density loss from internal porosity in microsphere anodes/cathodes generally.,"Both D-R17 (Li4Ti5O12, tap density ~1.4 g/cm3 via optimized slurry/sintering conditions) and D-R12 (LiFe0.6Mn0.4PO4/C, tap density 1.4 g/cm3 via double carbon coating-spray drying) directly support the specific tap-density values and methods cited, though these are different chemistries than NiMoO4, so direct transferability to the target material is an extrapolation rather than a directly demonstrated result."
3,1,mpds,case_03__rep_01,Candidate E,C1,partially_supported,3,E-R01|E-R02|E-R03,"Hydrothermal synthesis can produce hierarchical NiMoO4 microspheres composed of primary nanostructures (nanosheets/nanowires) with engineered, distributed internal porosity for strain accommodation.","E-R01 and E-R02 describe hydrothermal synthesis of NiMoO4-related nanowire/nanosheet electrodes (supercapacitor and LIB anode contexts), supporting the general synthesis route but not explicitly 'engineered internal porosity for strain accommodation' at the microsphere level (E-R01 is a core-shell nanowire/nanosheet on carbon fabric, not a microsphere with internal voids). E-R03 concerns Fe2(MoO4)3 microspheres from nanoplates, a different composition, offering only analogous but not direct support for the claimed strain-accommodation benefit of distributed porosity."
3,1,mpds,case_03__rep_01,Candidate E,C2,partially_supported,2,E-R04|E-R05,A polymer-assisted solution method can apply a conformal carbon coating while allowing decoupled thermal optimization (avoiding carbothermal reduction and preserving crystallinity).,"E-R05 supports a polymer-assisted solution carbon-coating method with claimed low-cost/scalability and performance benefits, but on MoO2, not NiMoO4, and does not explicitly discuss decoupled thermal optimization to avoid carbothermal reduction. E-R04 concerns Ni/Mo2C-PC water-splitting catalysts derived from polydopamine-coated nickel molybdate nanorods, which is a different application (electrocatalysis) and does not address Li-ion anode crystallinity/carbothermal reduction tradeoffs directly."
3,1,mpds,case_03__rep_01,Candidate E,C3,partially_supported,4,E-R06|E-R07|E-R08|E-R09,"Spray drying can simultaneously form spherical secondary particles and internal voids via controllable 'wet-pocket' process physics, while embedding an intimate carbon precursor mixture.","E-R08 directly supports the 'wet-pocket' phenomenon and void/morphology control via spray-drying parameters, but for SBA-15 silica, not a battery oxide. E-R06 and E-R07 support spray-drying of composite microspheres with carbon sources for battery anodes (TiO2@rGO, carbon microspheres) but do not address internal void formation via wet-pocket physics. E-R09 shows spray drying can yield hollow vs solid spheres depending on method, offering only generic support. None combine void formation, carbon precursor co-mixing, and battery-relevant oxide in one abstract, so the compound central claim is only partially covered by the assembled evidence."
3,1,mpds,case_03__rep_01,Candidate E,C4,partially_supported,2,E-R10|E-R11,A pervasive 3D carbon network embedded throughout a spray-dried microsphere is more robust against fracture than a simple surface coating and improves rate capability/cycling in oxide anodes/cathodes.,"E-R11 (TiNb2O7/C) directly supports the concept of a 3D conductive carbon network via spray drying improving rate capability/cycling for a Li-ion anode, closely analogous to the claim. E-R10 supports a similar concept but for a Na-ion cathode (NVP@rGO), a different chemistry/ion system, so it only partially supports the general mechanistic claim. Neither directly demonstrates the fracture-robustness comparison to surface coatings as an experimentally tested variable."
3,1,mpds,case_03__rep_01,Candidate E,C5,supported,2,E-R12|E-R13,Spherical morphology from spray drying is critical for achieving high tap density needed for practical electrode fabrication.,"Both E-R12 and E-R13 directly demonstrate that spray-drying-derived spherical microsphere morphologies (LiFeMnPO4/C and LiFePO4/C) achieve high tap density and improved volumetric energy density, directly supporting this claim, albeit for different (phosphate cathode) chemistries rather than NiMoO4 anodes—an analogy rather than a direct system match, but the tap-density mechanism claim itself is well supported."
3,2,raw,case_03__rep_02,Candidate A,C1,unverifiable,0,,"Ammonium bicarbonate/carbonate blowing agents decompose during calcination to release gases (NH3, CO2, H2O) that create internal nanovoids and porosity in the microspheres.",No evidence record was supplied to verify this claim; it is plausible chemically but not attributable to any cited abstract.
3,2,raw,case_03__rep_02,Candidate A,C2,unverifiable,0,,"A sacrificial carbon source (glucose/sucrose) pyrolyzed under inert atmosphere forms an amorphous carbon network that webs primary NiMoO4 nanoparticles together, providing electronic conductivity.",No citation or evidence record accompanies this mechanistic claim.
3,2,raw,case_03__rep_02,Candidate A,C3,unverifiable,0,,"Calcination above ~650 °C causes over-sintering of NiMoO4 nanocrystallites, destroying nanovoids and reducing active surface area.",This is a specific quantitative/mechanistic claim about thermal processing windows with no supporting evidence record supplied.
3,2,raw,case_03__rep_02,Candidate A,C4,unverifiable,0,,Confining voids to the interior of spherical microspheres (vs. loose aggregated nanoparticles) yields higher tap density and volumetric capacity.,No evidence record supplied to substantiate this comparative claim about tap density benefits.
3,2,raw,case_03__rep_02,Candidate A,C5,unverifiable,0,,"During lithiation, volume expansion of NiMoO4 into Ni/Mo metal and Li2O is directed inward into internal voids, preserving the outer microsphere dimension and structural integrity.","This is a central mechanistic claim about the conversion reaction and void-buffering mechanism, but no evidence record is cited or supplied to verify it."
3,2,ds,case_03__rep_02,Candidate B,C1,partially_supported,2,"Scientist A [ID: 1, 27]|Scientist A [ID: 27, 32]","Template-assisted hydrothermal synthesis produces hollow microspheres built from interconnected 2D NiMoO4 nanosheets, providing a central void for buffering and short ion/electron transport pathways.","B-R01 (ID:1) describes hollow MoOx/Ni3S2 nanosheet-based microspheres via structure-directing agent, not NiMoO4, so it is analogous but not directly on-material. B-R02 (ID:27) describes NiMoO4 nanosheets in a CoMoO4@NiMoO4 core-shell (not hollow microsphere) supercapacitor electrode with strain accommodation claims but for supercapacitors, not Li-ion anodes. B-R03 (ID:32) is on NiMoO4 nanowires (1D) for Li-ion batteries, not 2D nanosheets, so it does not support the 2D nanosheet claim and is somewhat contradictory to the '2D superior to other morphologies' framing. Overall the core architectural claim is only partially and analogically supported."
3,2,ds,case_03__rep_02,Candidate B,C2,partially_supported,2,"Scientist A [ID: 1, 49]|Scientist A [ID: 9]",Void creation via sacrificial templates/structure-directing agents is more reliable than stochastic process effects; carbon integration achieved in-situ via GO/glucose in hydrothermal solution.,"B-R01 (ID:1) supports template-directed hollow structure formation (structure-directing agent) but for a Ni3S2/MoOx water-splitting catalyst, not NiMoO4 Li-ion anode. B-R04 (ID:49) supports SiO2/GO template-based hollow microsphere synthesis (MoS2/RGO), relevant to templating methodology but again a different material and application (supercapacitor). B-R05 (ID:9) describes a porous carbon-supported Ni/Mo2C catalyst from Ni-Mo precursor with carbon integration, relevant to carbon incorporation but for HER/OER catalysis, not anode Li-ion buffering. None specifically confirms in-situ carbon coating during hydrothermal NiMoO4 synthesis for Li-ion anodes."
3,2,ds,case_03__rep_02,Candidate B,C3,partially_supported,1,Scientist A [ID: 217],"Facile hydrothermal process for NiMoO4-analog microspheres can produce uniform microspheres with good tap density, illustrated by Fe2(MoO4)3 microspheres analogy.","B-R06 (ID:217) supports a facile hydrothermal process producing Fe2(MoO4)3 microspheres with high capacity retention, an analogous molybdate anode material, but does not directly address tap density or NiMoO4 specifically; it is a reasonable proxy but not a direct claim match."
3,2,ds,case_03__rep_02,Candidate B,C4,partially_supported,3,"Scientist B [ID: 93, 234]|Scientist B [ID: 91, 221]|Scientist B [ID: 20, 241]","Spray drying is a high-throughput, industrially mature, scalable technique suitable for producing microspheres with high tap density; pitaya-like nanoparticle-in-carbon-matrix microspheres via spray drying buffer volume change and maintain performance.","B-R07 (ID:93) supports large-scale, cost-effective spray-drying for C/S composites (Li-S, not Li-ion NiMoO4). B-R08 (ID:234) is a generic microencapsulation method-selection paper (drug delivery), not battery-specific, offering only weak generic support for 'industrially mature' claim. B-R09 (ID:91) supports pitaya-like Sb@C spray-dried microspheres with good rate capability (Na-ion, not Li-ion NiMoO4). B-R10 (ID:221) supports porous carbon microsphere buffering volume change for Li-ion anodes (Mn0.5Co0.5Fe2O4), a good analogy. B-R11 (ID:20) and B-R12 (ID:241) support high tap density via spray drying for LFMP and LTO, both battery materials, supporting the tap-density claim well. Overall the general spray-drying/tap-density/buffering claims are supported by analogy across multiple materials but not NiMoO4 directly, and citation ID:234 is off-topic (pharmaceutical), weakening the traceability of that particular claim segment."
3,2,ds,case_03__rep_02,Candidate B,C5,partially_supported,2,"Scientist B [ID: 128]|Scientist B [ID: 14, 84]","Void creation via template-free Kirkendall effect during post-calcination is scalable, and spray drying can be tuned (via drying kinetics or precursor slurries) to create hollow, nanosheet-like porous structures without complex templating.","B-R15 (ID:128) directly supports scalable Kirkendall-effect hollow nanosphere formation via spray drying, though for SnO2, not NiMoO4 -- reasonable methodological analogy. B-R13 (ID:14) supports spray-drying tunability of pore structure/hollow 'bowl-like' particles for SBA-15 (silica), an inorganic non-battery material, only weakly analogous. B-R14 (ID:84) describes AMT (tungsten precursor) spray-drying morphology control (hollow vs solid spheres) for catalyst production, not battery materials. These are all methodological analogies from different material systems, supporting the general processability point but not directly the NiMoO4 system or Li-ion performance."
3,2,eo,case_03__rep_02,Candidate C,C1,supported,1,ID: 431,"Microspheres containing internal empty nanovoids have been successfully prepared for related multicomponent (Mo, Ni) metal sulfide/selenide systems, providing a structural template for void-buffered anode design.","C-R01 directly describes MoS2-Ni9S8-C etc. composite microspheres with empty nanovoids prepared by spray drying, matching the claim, though it is a Na-ion sulfide/selenide system rather than NiMoO4, so extrapolation to the target chemistry is an analogy, which the candidate itself flags."
3,2,eo,case_03__rep_02,Candidate C,C2,supported,2,ID: 437|ID: 461,Yolk-shell microspheres (void between core and shell) and Kirkendall-diffusion-derived hollow nanospheres are analogous void-containing architectures used for high-volume-change anodes.,"C-R02 (Sn@C yolk-shell via spray pyrolysis) and C-R03 (SnO2 hollow nanospheres via Kirkendall diffusion during spray drying post-treatment) both directly support the described architectures and mechanisms as used for volume-change anodes, consistent with the claim as an analogy rather than direct NiMoO4 evidence."
3,2,eo,case_03__rep_02,Candidate C,C3,partially_supported,2,ID: 217|ID: 27,"Internal porosity from primary nanoparticle assembly in microspheres is crucial for fast electrolyte diffusion, and core-shell/hierarchical heterostructures provide good strain accommodation.","C-R05 (Fe2(MoO4)3 microspheres) supports the porosity/fast electrolyte diffusion claim well. C-R04 (CoMoO4@NiMoO4 core-shell heterostructure) supports 'good strain accommodation' language almost verbatim, but that source is a supercapacitor study, not a Li-ion anode volume-buffering demonstration, so the transfer to Li-ion high-rate storage context is a partial/adjacent match."
3,2,eo,case_03__rep_02,Candidate C,C4,supported,8,ID: 431|ID: 353|ID: 424|ID: 499|ID: 511|ID: 417|ID: 644|ID: 451,"Spray drying is a versatile, scalable method to assemble primary nanoscale building blocks (nanowires, co-precipitated nanoparticles) into porous microspheres, with process parameters (e.g., airflow vs centrifugal atomization) and pore-forming agents controlling hollow/solid/porous morphology.","Multiple cited records (C-R01, C-R06, C-R07, C-R08, C-R09, C-R10, C-R11, C-R12) each support specific sub-claims: spray drying assembly of nanowires/nanoparticles into porous microspheres, atomization method controlling hollow vs solid morphology, and pore-forming/templating agents creating porosity. The claim aggregates several distinct evidence-backed sub-points accurately, though it spans many different material systems (none is NiMoO4), which is disclosed as analogy."
3,2,eo,case_03__rep_02,Candidate C,C5,supported,8,ID: 543|ID: 353|ID: 574|ID: 373|ID: 451|ID: 524|ID: 420|ID: 554,"Spray-dried microspheres with integrated carbon (e.g., sucrose-derived carbon, carbon black, graphene) can achieve high tap densities (1.1-1.4 g/cm3) while enhancing conductivity, as demonstrated for Li4Ti5O12, LiFePO4-based composites, and other electrode materials, and a two-step spray-drying process can yield dense, high-crystallinity composite microspheres.","C-R17 (TiO2, 1.1 g/cm3), C-R06 (LiFeMnPO4/C, 1.4 g/cm3), C-R18 (Li4Ti5O12, ~1.4 g/cm3) directly support the tap density range and materials named. C-R19 supports the two-step spray-drying dense microsphere claim. C-R12, C-R14, C-R15, C-R16 support carbon-coating/conductive-network strategies (sucrose, carbon black, graphene) for other electrode systems, consistent with the general strategy claim, though again none involve NiMoO4 directly."
3,2,mpds,case_03__rep_02,Candidate D,C1,supported,1,Scientist A [ID: 32],"Pre-formed NiMoO4 (or NixCo1-xMoO4) nanowire electrodes provide efficient electron transport and enhanced electrochemical performance, motivating Scientist A's initial nanowire approach.","D-R01 directly reports NixCo1-xMoO4 nanowire electrodes with enhanced reversible capacity attributed to efficient electron transport via 1D nanostructure, matching the claim as attributed to Scientist A's argument."
3,2,mpds,case_03__rep_02,Candidate D,C2,unsupported,1,Scientist A [ID: 9],"A more stable carbide material (Ni/Mo2C) was created via thermal treatment of nickel molybdate nanorods, representing a step toward a fundamentally more stable material for the anode architecture.","D-R02 describes a Ni/Mo2C-PC composite catalyst for water-splitting (HER/OER), not a lithium-ion battery anode material or its stability during cycling. The abstract does not address conversion-anode stability, capacity, or Li-ion storage relevance, so it does not support the claim as framed in the memo (a step in anode material design)."
3,2,mpds,case_03__rep_02,Candidate D,C3,partially_supported,1,Scientist A [ID: 258],"Template-assisted synthesis can produce hollow yolk-shell microspheres, an architecture Scientist A proposed for NiMoO4 anodes.","D-R03 is a general thesis on yolk-shell nanoparticle synthesis for catalysis applications, not specifically NiMoO4 or Li-ion anodes. It supports the general feasibility of yolk-shell fabrication methods but not the specific claim about NiMoO4 microsphere anodes."
3,2,mpds,case_03__rep_02,Candidate D,C4,partially_supported,1,Scientist B [ID: 91],"A pitaya-like microsphere architecture with an integrated carbon network and in-situ generated nanovoids, produced via spray-drying, is a proven design for buffering volume strain and enabling high-rate storage.","D-R04 supports the pitaya-like Sb@C microsphere concept made by spray drying with good capacity retention and rate capability, but this is for Sb anodes in sodium-ion batteries, not NiMoO4 in Li-ion batteries. The structural/morphological principle is supported by analogy, but the claim as applied to NiMoO4 Li-ion anodes is an extrapolation."
3,2,mpds,case_03__rep_02,Candidate D,C5,partially_supported,2,"Scientist B [ID: 20, 190]|Scientist B [ID: 190]","Spray-drying-based microsphere fabrication achieves high tap density critical for practical/volumetric energy density, and hollow structures present a likely insurmountable barrier to achieving competitive tap density.","D-R05 and D-R06 both support that spray-drying methods can achieve high tap density for LiFePO4/LiFeMnPO4 cathode microspheres, supporting the general premise that spray-drying yields high tap density. However, neither reference addresses NiMoO4, hollow yolk-shell architectures, or directly substantiates the comparative claim that hollow spheres are 'likely insurmountable' barriers to tap density -- that comparative claim is an inference not directly evidenced by the cited abstracts."
3,2,eop,case_03__rep_02,Candidate E,C1,unverifiable,0,,placeholder,placeholder
3,3,ds,case_03__rep_03,Candidate A,C1,unsupported,2,A-R01|A-R02,"Template-assisted hydrothermal synthesis (Scientist A route) forms hollow NiMoO4 microspheres from nanosheet building blocks, supported by ID:1 and ID:49.","A-R01 concerns hollow Ni3S2/MoOx electrocatalysts for water splitting, not NiMoO4 Li-ion anode microspheres. A-R02 concerns MoS2/RGO hollow microspheres for supercapacitors. Neither directly supports NiMoO4 hydrothermal hollow-microsphere synthesis for Li-ion storage; at best these are adjacent material systems and different application contexts."
3,3,ds,case_03__rep_03,Candidate A,C2,partially_supported,1,A-R03,"A conformal external carbon coating (e.g., via polydopamine pyrolysis) can be applied as a final step to improve inter-particle conductivity, citing ID:9.","A-R03 describes polydopamine-coated nickel molybdate nanorods thermally treated to form porous carbon-supported Ni/Mo2C for water splitting catalysis, not for a Li-ion anode. It does support the general concept of polydopamine-derived carbon coating on a Ni-Mo-O precursor, but the electrochemical Li-ion context and performance claims are not addressed."
3,3,ds,case_03__rep_03,Candidate A,C3,partially_supported,2,A-R04|A-R05,"Spray drying is a scalable, tunable technique for producing controlled microsphere morphology, supported by ID:30 and ID:93.","Both records support that spray drying is a scalable method for producing microspheres (mesoporous carbon microspheres; C/S nanocomposite for Li-S batteries), broadly consistent with the general claim of scalability and tunability. However neither pertains to NiMoO4 or nanovoid buffering specifically, so only the generic processing claim is supported, not material-specific outcomes."
3,3,ds,case_03__rep_03,Candidate A,C4,partially_supported,1,A-R06,"Voids can be created in spray-dried microspheres using thermally removable/sacrificial templates such as polystyrene, citing ID:205.","A-R06 describes macroporous CoFe2O4 spinel microspheres made via spray drying with polystyrene template and calcination — this supports the general templating mechanism for void creation via spray drying, though the material system (spinel ferrite, not NiMoO4) differs and application is magnetic, not battery-related."
3,3,ds,case_03__rep_03,Candidate A,C5,partially_supported,4,A-R07|A-R08|A-R09|A-R10,"Co-atomizing metal precursors with carbon sources (sucrose, graphene) in spray drying followed by single calcination forms an in-situ conductive network with high tap density suitable for high-rate Li-ion batteries, citing ID:20, 41, 87, 190.","These records (LiFeMnPO4/C, LTO@graphene, NVP@rGO, LiFePO4/C) all support spray-drying-based in-situ carbon integration achieving high tap density and good rate performance in various Li-ion electrode materials, lending credible analogical support to the general mechanism. However, none involve NiMoO4 or address volume-change/void-buffering behavior specific to conversion-type anodes, so the core mechanistic claim about nanovoid buffering combined with conductivity/tap density trade-offs in NiMoO4 remains unverified by the cited literature."
3,3,eo,case_03__rep_03,Candidate B,C1,supported,3,ID: 644|ID: 461|ID: 417,"Spray drying with a sacrificial template (e.g., ammonium acid carbonate blowing agent) or nanoscale Kirkendall effect can be used to create hollow/nanovoided microspheres, and the choice of spray-drying atomizer type (airflow vs centrifugal) determines hollow vs solid morphology.","B-R08 confirms ammonium acid carbonate produces hollow HA microspheres via spray drying; B-R09 confirms nanoscale Kirkendall diffusion produces hollow SnO2 nanospheres via spray drying/post-treatment; B-R10 confirms airflow spray drying yields hollow spheres and centrifugal atomization yields solid spheres. All three claims are directly supported by their respective abstracts, though the materials are not NiMoO4 (analogical evidence)."
3,3,eo,case_03__rep_03,Candidate B,C2,supported,1,ID: 431,"A study on multicomponent (Mo, Ni) metal sulfide/selenide microspheres with empty nanovoids, made via pilot-scale spray drying and post-treatment, demonstrates feasibility of this general nanovoid approach for related Mo/Ni-based materials.","B-R04 directly confirms multicomponent (Mo,Ni) sulfide/selenide microspheres with empty nanovoids prepared by pilot-scale spray drying and post-treatment, matching the claim closely, though it is Na-ion anode material rather than NiMoO4 Li-ion, which the candidate acknowledges as an analogous system."
3,3,eo,case_03__rep_03,Candidate B,C3,supported,1,ID: 491,"Optimal internal porosity of around 20% improves rate performance in microsphere electrode particles, based on template-assisted spray drying and electrochemical simulation.","B-R11 abstract explicitly states porosity up to 20% improves rate performance via experiment and simulation, matching the claim, though for a different (unspecified) material system, not NiMoO4."
3,3,eo,case_03__rep_03,Candidate B,C4,supported,10,ID: 451|ID: 524|ID: 437|ID: 356|ID: 374|ID: 411|ID: 420|ID: 453|ID: 116|ID: 353,"Co-spraying with carbon precursors (sucrose, PVP, carbon black, graphene/GO) forms a 3D conductive carbon network that improves electron transport, acts as binder, and buffers volume change; a double carbon coating process (coating both primary particles and secondary microspheres) has been shown effective for high-density, high-rate cathode materials.","Multiple abstracts (B-R12, B-R13, B-R14, B-R15, B-R16, B-R17, B-R02, B-R18, B-R19, B-R01) individually support sub-claims: sucrose/carbon black composites (B-R12,B-R13), PVP-related yolk-shell carbon (B-R14, though PVP not explicitly named), graphene-based conductive scaffolds (B-R15,B-R16,B-R17,B-R02), 3D conductive carbon network (B-R18), carbon as binder (B-R19), and double carbon coating for high tap density high-rate cathodes (B-R01). The overall claim is well distributed across many analogous non-NiMoO4 systems; support is real but fragmented across many different material systems, so only partially specific to the target system."
3,3,eo,case_03__rep_03,Candidate B,C5,supported,6,ID: 353|ID: 543|ID: 574|ID: 373|ID: 360|ID: 631,"High tap densities (1.1\u20131.4 g cm\u207b\u00b3) have been achieved by spray drying nanoparticle slurries with optimized slurry concentration and sintering conditions, and a two-step spray-drying process (initial hollow precursor wet-milled and re-sprayed) can produce dense composite microspheres as a pathway to control density; excessively high sintering temperatures cause aggregation, surface area loss, and pore collapse.","B-R01 (1.4 g/cm3), B-R20 (1.1 g/cm3 TiO2), B-R21 (1.4 g/cm3 LTO) all support high tap density via spray drying/sintering optimization; B-R22 supports the two-step spray-drying/wet-milling/re-spraying route to dense microspheres; B-R23 and B-R24 support that increasing sintering temperature reduces surface area/pore volume (consistent with aggregation/pore collapse claim), though these are hydroxyapatite studies, not battery materials, making the sintering-effect claim only analogically supported for the battery context."
3,3,mpds,case_03__rep_03,Candidate C,C1,unsupported,3,C-R01|C-R02|C-R03,"Hydrothermal synthesis of hierarchical NiMoO4 (or analogous molybdate) nanosheet microspheres interwoven with rGO intrinsically creates distributed nanovoids and a superior conductive network (cited as [ID:2, 217, 218]).","C-R01 concerns MnMoO4 (not NiMoO4) hydrothermally grown with rGO on Ni foam for supercapacitors, not Li-ion anode microspheres with internal nanovoids. C-R02 and C-R03 concern Fe2(MoO4)3 microspheres (different metal, not Ni) as anode materials; C-R03 does describe nanosheet-constituent 3D microspheres with porosity, which is adjacent but not NiMoO4 or explicitly about nanovoid buffering/rGO integration. None directly support the specific claim about NiMoO4/rGO hydrothermal microspheres with nanovoids."
3,3,mpds,case_03__rep_03,Candidate C,C2,partially_supported,3,C-R05|C-R06|C-R07,"Spray drying is a versatile, scalable platform capable of producing complex hierarchical architectures with distributed nanovoids (e.g., via the Kirkendall effect) and can incorporate high-quality rGO conductive networks (cited as [ID:87, 91, 128]).","C-R07 directly supports the Kirkendall-effect/spray-drying route for hollow nanospheres (SnO2, Li-ion), which is a strong and relevant match. C-R05 supports spray-drying with graphene scaffolding (NVP@rGO) for Na-ion, relevant to the rGO-integration sub-claim but not Li-ion or nanovoid-specific. C-R06 (Sb@C pitaya microspheres via spray drying) supports general spray-drying versatility for porous/void-like morphology in Na-ion but not directly nanovoids or rGO. Collectively partial support of the general claim, but not for NiMoO4 or Ni-Mo system specifically."
3,3,mpds,case_03__rep_03,Candidate C,C3,unsupported,3,C-R08|C-R09|C-R10,"Hydrothermal synthesis produces low-throughput, high-cost, 'fluffy' low-density powders unsuitable for practical applications (cited as [ID:20, 166, 191]).","C-R08 is about a spray-drying/double-carbon-coating method achieving HIGH tap density LiFeMnPO4/C, not about hydrothermal synthesis producing low-density powders — it does not address hydrothermal synthesis at all. C-R09 involves a hydrothermal + spray-drying combination for TiO2(B) microspheres for photocatalysis, unrelated to tap density claims for batteries. C-R10 is about spray-dried porous Si/C microspheres, not hydrothermal synthesis. None of these evidence records support the specific critique of hydrothermal synthesis's density/throughput drawbacks."
3,3,mpds,case_03__rep_03,Candidate C,C4,supported,3,C-R12|C-R13|C-R14,"Spray drying is proven for scalable, dense, spherical microsphere formation for various Li-ion electrode chemistries, supporting the choice of spray drying as core platform (cited as [ID:93, 190, 241]).","C-R12, C-R13, and C-R14 all directly describe spray-drying-based synthesis of scalable, dense (or high tap density) microspheres for Li-ion battery materials (C/S, LiFePO4/C, Li4Ti5O12), directly supporting the general feasibility claim about spray drying as a scalable platform for battery microspheres, though none are specific to NiMoO4 or Ni-Mo oxide systems."
3,3,mpds,case_03__rep_03,Candidate C,C5,partially_supported,1,C-R07,"The nanoscale Kirkendall effect during post-calcination of a spray-dried solid precursor particle can generate a well-controlled void structure without added material cost or process complexity, as a viable void-engineering strategy for the NiMoO4 system (cited as [ID:128]).","C-R07 supports the general mechanism of using nanoscale Kirkendall diffusion combined with spray drying to produce hollow/void metal oxide (SnO2) nanospheres for Li-ion storage with good cycling performance, which is a strong analogous precedent. However, it does not directly address NiMoO4, nor multi-metal (Ni-Mo) systems, nor microsphere-scale internal nanovoid distributions (vs. single hollow nanospheres), so the specific mechanistic transfer to this proposal is not directly demonstrated."
3,3,eop,case_03__rep_03,Candidate D,C1,partially_supported,1,D-R03,"A 2017 paper on multicomponent (Ni, Mo) metal sulfides/selenides used pilot-scale spray drying to create microspheres with 'empty nanovoids' for buffering volume expansion in Na-ion batteries.","D-R03 confirms pilot-scale spray drying and Ni/Mo composite microspheres for Na-ion anodes, matching the general claim, but the abstract text supplied does not explicitly mention 'empty nanovoids' or describe the void-buffering mechanism, so the specific mechanistic detail is not directly confirmed by the abstract as given."
3,3,eop,case_03__rep_03,Candidate D,C2,supported,1,D-R04,Hollow SnO2 nanospheres show superior cycling and rate performance compared to filled nanoparticles because void space mitigates structural strain during lithiation.,"D-R04 directly states hollow SnO2 nanospheres exhibit superior cycling and rate performance versus filled ones due to structural stability, matching the claim closely."
3,3,eop,case_03__rep_03,Candidate D,C3,supported,1,D-R02,Graphene-scaffolded Na3V2(PO4)3 microspheres made by spray-drying a slurry with graphene oxide achieve high rate performance (~50 C) and long cycle life (3000 cycles).,"D-R02 confirms spray-drying synthesis with graphene, capacity of 44 mAh/g at 50 C, and 81% retention up to 3000 cycles at 5C, matching the claim's numeric details reasonably well."
3,3,eop,case_03__rep_03,Candidate D,C4,supported,2,D-R01|D-R06,"Spray-dried LiFe0.6Mn0.4PO4/C and Li4Ti5O12 microspheres via double carbon coating or industrial spray-drying achieve high tap density (~1.4 g/cm3), demonstrating the porosity/tap-density trade-off can be balanced.","Both D-R01 and D-R06 explicitly report tap densities close to 1.4 g/cm3 achieved via spray-drying methods, directly supporting the claim."
3,3,eop,case_03__rep_03,Candidate D,C5,supported,1,D-R07,"A porosity of up to 20% improves rate performance without excessively sacrificing density, based on template-assisted spray-drying studies with electrochemical simulation of particle lithiation.","D-R07 directly states that increasing porosity up to 20% improves rate performance, as shown experimentally and via simulation, matching the claim's specific quantitative assertion."
3,3,raw,case_03__rep_03,Candidate E,C1,unverifiable,0,,"NiMoO4 undergoes ~170% volume expansion via a conversion reaction (NiMoO4 + 8Li+ + 8e- -> Ni + Mo + 4Li2O), causing pulverization and capacity fade.",No evidence records were cited or supplied for this mechanistic/quantitative claim; it cannot be checked against any abstract in this packet.
3,3,raw,case_03__rep_03,Candidate E,C2,unverifiable,0,,"Using sacrificial polymer templates (PS/PMMA nanospheres, 50-100 nm) in the precursor slurry produces controlled internal nanovoids upon calcination that are superior to gas-evolution methods for uniform porosity.","No citation or evidence record accompanies this specific fabrication claim, so it cannot be verified from supplied abstracts."
3,3,raw,case_03__rep_03,Candidate E,C3,unverifiable,0,,"Incorporating graphene oxide (GO) into the slurry, reduced in situ during inert-atmosphere calcination, forms a continuous 3D rGO conductive network inside microspheres, improving electron transport more effectively than carbon black mixing.",No evidence record is provided to substantiate this specific claim about in-situ rGO network formation and its comparative advantage.
3,3,raw,case_03__rep_03,Candidate E,C4,unverifiable,0,,Spray-drying at 180-220 °C inlet temperature with rapid crust formation and capillary-driven particle consolidation yields robust spherical microspheres with well-mixed interiors avoiding structural collapse.,This process-parameter claim has no supporting citation or abstract in the packet.
3,3,raw,case_03__rep_03,Candidate E,C5,unverifiable,0,,"The resulting nanovoid/rGO microsphere architecture balances void buffering, tap density, and rate capability, enabling durable high-rate Li-ion storage superior to conventional pulverized electrodes.","This overarching performance/mechanism claim, central to the proposal, is not linked to any evidence record; no abstract is available to assess it."
4,1,eo,case_04__rep_01,Candidate A,C1,partially_supported,4,A-R01|A-R15|A-R05|A-R06,Spray drying with sacrificial porogens (PMMA/PS nanobeads or acicular calcium carbonate) can produce CNT microspheres with macrovoids/hierarchical macroporosity suitable for this application.,"A-R15 (acicular calcium carbonate porogen for CNT microspheres) directly supports the calcium carbonate porogen claim, but this is cited under [ID:6] which maps to A-R07 (a duplicate zinc battery paper), not A-R15 (which is [ID:506]). The candidate's own citation numbering ([ID:6], [ID:8], [ID:13], [ID:23]) does not correspond to the supplied evidence records for those exact tokens in the way titles suggest (e.g., ID:8 is a VOH nanobelt cathode paper, not a spray-drying/porogen paper). None of the cited records for [ID:8,13,23] describe spray drying or PMMA/PS porogens for CNT-V2O3 microspheres."
4,1,eo,case_04__rep_01,Candidate A,C2,partially_supported,2,A-R02|A-R11,"CNTs form a conductive 3D network that improves electron transport and mechanically buffer volume changes in V2O3-based composites, improving rate capability and cycling stability.","A-R02 concerns a Mg-battery GO/vanadium nanoparticle cathode, not V2O3/CNT for ZIBs; A-R11 concerns VN-graphene for Li-ion hybrid capacitors. Both are analogous conductive-carbon-composite systems but neither directly supports V2O3/CNT ZIB claims; at best they support the general principle of carbon-based conductive scaffolds buffering volume change, a related but distinct system."
4,1,eo,case_04__rep_01,Candidate A,C3,unsupported,4,A-R15|A-R16|A-R17|A-R18,"Pre-intercalation of pillar cations (Na+, K+, Ca2+, Mn2+) into vanadium oxide lattices stabilizes structure and widens diffusion channels for Zn2+ transport.","None of the mapped records ([ID:506]=A-R15 Tailoring CNT microsphere porosity, [ID:507]=A-R16 CNT/titania microsphere coatings, [ID:568]=A-R17 cavitation nanocarbon microstructures, [ID:692]=A-R18 metal-doped carbon xerogels) discuss cation pre-intercalation into vanadium oxides. This is a case of citation-content mismatch; the actual pillar-ion literature is not represented in the supplied records for these tokens."
4,1,eo,case_04__rep_01,Candidate A,C4,unsupported,2,A-R12|A-R19,Oxygen vacancy defect engineering in vanadium oxide facilitates Zn2+ reaction kinetics and improves capacity.,"A-R12 ([ID:502]) is about a MOF-derived CNT/graphene film for water splitting and Zn-air batteries, not oxygen vacancies in V2O3 for ZIBs. A-R19 ([ID:516]) is about metal selenide/CNT microspheres for sodium-ion batteries. Neither supports the oxygen-vacancy defect-engineering claim for V2O3 Zn2+ kinetics."
4,1,eo,case_04__rep_01,Candidate A,C5,unsupported,4,A-R14|A-R21|A-R22|A-R23,"A protective coating (e.g., HfO2 ALD or conductive polymer PPy/PANI) can suppress V2O3 dissolution in aqueous electrolyte while enhancing conductivity.","A-R14 ([ID:576]) is about Joule-heating microcapsules, not HfO2 ALD coatings on battery cathodes; A-R21 ([ID:591]) is Mo2C@CNT microspheres for Li-ion anodes; A-R22 is sodium-ion electrolyte interface study; A-R23 is a cosmeceutical nanotechnology review entirely unrelated to batteries. None support the coating/dissolution-suppression claim; A-R23 is a fabricated/irrelevant citation for this scientific context."
4,1,mpds,case_04__rep_01,Candidate B,C1,supported,2,B-R03|B-R04,"Pre-pillared Mn-doped hydrated vanadium oxide (MnxV2O5·nH2O) provides large, stable interlayer spacing enabling facile Zn2+ diffusion and improved cycling, and is a more reliable active material choice than V2O3/V2O5.","B-R03 (Mn-doped hydrated vanadium oxide, MnHVO-30) and B-R04 (Mn0.15V2O5·nH2O) both directly report expanded interlayer spacing, doping strategy, and improved Zn2+ storage kinetics/capacity retention, matching the claim's mechanism and material class."
4,1,mpds,case_04__rep_01,Candidate B,C2,partially_supported,3,B-R10|B-R07|B-R09,"CNT-interpenetrated porous microsphere architecture is essential for achieving high tap density, processability, long-range electronic conductivity, and mechanical buffering of volume changes.","B-R10 (mesoporous carbon-CNT-sulfur microspheres) supports tap density/areal capacity benefits; B-R07 (perforated metal oxide-CNT microspheres) and B-R09 (Fe3O4/carbon microspheres) support conductivity and volume-buffering claims but are all from unrelated Li-ion/Li-S systems, not vanadium oxide ZIB cathodes, so the extrapolation to this specific system is only partially supported."
4,1,mpds,case_04__rep_01,Candidate B,C3,partially_supported,3,B-R07|B-R08|B-R09,"A one-pot spray-drying/pyrolysis method can produce robust, dense composite microspheres with hierarchical pore structure suitable as a scalable synthesis framework for the target composite.","These records (SnO2-CNT, N-doped CNT, Fe3O4/carbon microspheres) demonstrate spray-drying/electrospray-based microsphere synthesis with hierarchical porosity, supporting the general synthesis feasibility claim, but none involve vanadium oxide or the specific Mn-doped hydrated VOx phase, leaving a material-specific gap."
4,1,mpds,case_04__rep_01,Candidate B,C4,unsupported,2,B-R18|B-R19,"Polar metal oxide nanocrystals (e.g., CoO or ZnO) can act as chemical anchoring sites to trap dissolved vanadium species and serve as structural rivets preventing pulverization/delamination.","B-R18 and B-R19 describe CoO/ZnO nanocrystals on CNT microspheres acting as chemical/physical traps for polysulfides in Li-S batteries, not for vanadium dissolution in aqueous ZIBs. The mechanism (polysulfide adsorption) is chemically distinct from vanadium species trapping, so these abstracts do not directly support the stated anchoring function for this system."
4,1,mpds,case_04__rep_01,Candidate B,C5,partially_supported,2,B-R06|B-R07,"Nano-architecting CNT-V2O5 composites can overcome intrinsic limitations of simpler vanadium oxides, and the proposed in-situ activation of V2O3/MXene is merely uncontrolled degradation rather than a controlled strategy.","B-R06 supports that CNT-V2O5 microspheres improve electrochemical performance over bare V2O5, supporting the nano-architecting claim. However, the second part of the claim (that in-situ activation of V2O3/MXene is 'uncontrolled degradation') is an argumentative assertion attributed to Scientist B without a directly cited counter-evidence record refuting the in-situ activation approach (which itself was separately supported by B-R05 in the debate); no record here directly contradicts or validates the degradation characterization."
4,1,eop,case_04__rep_01,Candidate C,C1,unsupported,4,ID: 25|ID: 70|ID: 54|ID: 81,"CNTs assembled into microspheres provide a high-density, easy-to-handle powder format while maintaining an interconnected electronic pathway, tackling poor intrinsic conductivity of metal oxides for good rate performance.","C-R01 (V2O5/VOx nanotubes, LIBs), C-R02 (VN-graphene composite, LIHC anode), C-R03 (GO-vanadium nanoparticles, Mg battery), and C-R04 (proton intercalation in V2O5 for aqueous Al cells) do not discuss CNT microsphere assembly, conductive network architecture, or rate performance benefits from CNT scaffolding. None of these abstracts support the specific claim about CNT microspheres as conductive scaffolds."
4,1,eop,case_04__rep_01,Candidate C,C2,unsupported,1,ID: 6,"Introducing macrovoids into CNT microspheres allows electrolyte to penetrate deep into the microsphere core, drastically reducing Zn2+ transport distance.","C-R05 describes a layered calcium vanadium oxide bronze cathode for aqueous Zn batteries with high capacity and cycling life, but does not address macrovoid architecture, CNT microspheres, or electrolyte penetration/ion transport distance mechanisms. The cited abstract is thematically adjacent (aqueous ZIB cathode) but does not support the specific structural claim."
4,1,eop,case_04__rep_01,Candidate C,C3,unsupported,3,ID: 8|ID: 13|ID: 23,"A sacrificial porogen (PMMA or PS nanobeads) can be used during synthesis to create macrovoids, later removed via thermal treatment.","C-R06 (electrodeposited VOH nanobelt cathode), C-R07 (duplicate of C-R05, calcium vanadium bronze), and C-R08 (RuO2-coated Na3V2O2(PO4)2F nanowires) contain no mention of sacrificial porogens, PMMA/PS nanobeads, or macrovoid-generating synthesis methods. None support this specific fabrication claim."
4,1,eop,case_04__rep_01,Candidate C,C4,unsupported,2,ID: 13|ID: 81,"Nanosizing V2O3 as nanoparticles shortens diffusion path, increases surface area, and helps accommodate mechanical strain from volume changes during cycling, reducing pulverization and capacity loss.",C-R07 (calcium vanadium bronze cathode) and C-R04 (proton intercalation dynamics in V2O5 for aqueous Al cells) do not specifically address nanoparticle sizing effects on strain accommodation or pulverization prevention. These are adjacent vanadium-oxide electrochemistry papers but do not directly support the nanosizing/strain-buffering mechanism claimed.
4,1,eop,case_04__rep_01,Candidate C,C5,contradicted,3,ID: 13|ID: 70|ID: 81,"Perforated SnO2-CNT composite microspheres demonstrated 98% capacity retention over 250 cycles at 1.5 A/g, illustrating the void+CNT design concept; CNT-decorated Na3V2(PO4)3 microspheres showed rate capability up to 60C due to CNT conductive network; porous Fe3O4/carbon microspheres showed excellent cycling stability from volume-change accommodation and electrolyte penetration.","The cited abstracts do not match the specific systems and numerical performance claimed. C-R07/C-R13 (calcium vanadium oxide bronze cathode) is not a SnO2-CNT composite and reports different metrics (340 mAh/g at 0.2C, 96% retention after 3000 cycles at 80C), not '98% retention over 250 cycles at 1.5 A/g' for SnO2-CNT. C-R02 (ID:70) is a VN-graphene composite for Li-ion hybrid capacitors, not a Na3V2(PO4)3/CNT microsphere system, and does not mention 60C rate capability. C-R04 (ID:81) is about proton intercalation in V2O5 for aqueous Al cells, not Fe3O4/carbon microspheres. All three specific system-performance claims are contradicted by mismatched supplied evidence, indicating either citation mismatch or fabricated attribution of results to the wrong sources."
4,1,raw,case_04__rep_01,Candidate D,C1,unverifiable,0,,"Acid functionalization (H2SO4/HNO3) of CNTs introduces oxygen-containing groups that act as nucleation sites for vanadium precursor, forming chemically bonded V2O3-CNT with improved structural stability and electron transfer.",No evidence identifiers or abstract records were provided by the candidate to support this claim; it is asserted without citation.
4,1,raw,case_04__rep_01,Candidate D,C2,unverifiable,0,,"Sacrificial templating with polystyrene or silica spheres provides controlled macrovoid porosity in the V2O3/CNT microspheres for Zn2+ transport, though template removal risks structural collapse.","This is a central feasibility claim about the pore-forming mechanism, but no supporting evidence record was cited or supplied."
4,1,raw,case_04__rep_01,Candidate D,C3,unverifiable,0,,"Spray drying with high inlet temperature causes rapid crust formation and interior solvent boiling, producing hollow or macrovoid microsphere structures whose density and porosity are governed by drying kinetics (Peclet number).",This mechanistic claim about spray-drying physics is presented without any citation to supporting literature.
4,1,raw,case_04__rep_01,Candidate D,C4,unverifiable,0,,Weak physical/polymer-mediated adhesion between V2O3 nanoparticles and CNTs leads to particle detachment during cycling and greater capacity fade compared to chemically bonded anchoring.,"A comparative electrochemical stability claim central to the anchoring recommendation, but no evidence record is cited."
4,1,raw,case_04__rep_01,Candidate D,C5,unverifiable,0,,"A multi-stage annealing process (pre-anneal, template calcination, then Ar/H2 reduction) yields a robust, crystalline V2O3/CNT framework without collapse.",This proposed synthesis/stability outcome is a central feasibility claim but is not linked to any supplied evidence.
4,1,ds,case_04__rep_01,Candidate E,C1,unsupported,1,E-R01,"Perforated V2O3/CNT composite microspheres can be fabricated by spray pyrolysis with a sacrificial porogen (e.g., polystyrene nanobeads) that burns out to leave macrovoids acting as Zn2+ ion highways (Scientist A [ID: 13]).","E-R01 (ID 13) describes a layered calcium vanadium oxide bronze cathode for aqueous Zn batteries with high capacity/cycling stability; it does not discuss spray pyrolysis, porogens, macrovoids, or CNT microsphere fabrication. The cited record does not support this specific fabrication/mechanism claim."
4,1,ds,case_04__rep_01,Candidate E,C2,unsupported,1,E-R02,"The flexible, interconnected 3D CNT network acts as a structural backbone buffering V2O3 volume changes and creating a robust conductive network (Scientist A [ID: 54]).","E-R02 (ID 54) is about a graphene-oxide-decorated vanadium nanoparticle cathode for magnesium batteries, not CNT microspheres or Zn2+ systems. It does not support claims about CNT backbone buffering volume changes in a V2O3/CNT Zn-ion cathode."
4,1,ds,case_04__rep_01,Candidate E,C3,unsupported,1,E-R05,"Pre-intercalation of pillar ions (Na+, Ca2+) into V2O3/VOx during hydrothermal synthesis expands interlayer spacing, creates stable rapid Zn2+ diffusion pathways, and prevents irreversible collapse of vanadium oxide layers during cycling (Scientist B [ID: 7]).","E-R05 (ID 7, pool B) is about carbon nanotube/titania composite microsphere coatings for corrosion-resistant electrode supports in acidic fuel-cell-like conditions, unrelated to Zn2+ intercalation, pillar ions, or vanadium oxide chemistry. This is a central mechanistic claim in the memo's recommended strategy, and the cited evidence does not support it."
4,1,ds,case_04__rep_01,Candidate E,C4,unsupported,1,E-R10,"The pillaring/ion-pre-intercalation strategy is 'exceptionally strong' evidence, further supported by [ID: 1], for enhancing kinetics and preventing structural collapse in aqueous ZIBs.","E-R10 (ID 1) concerns a C@LiFePO4/CNT microsphere composite for lithium-ion batteries, not aqueous Zn-ion batteries or vanadium oxide pillaring. It does not substantiate the ion-pillaring claim for ZIBs."
4,1,ds,case_04__rep_01,Candidate E,C5,unsupported,1,E-R09,A two-step process—low-temperature hydrothermal synthesis of porous pillared VOx/CNT architecture followed by controlled annealing under inert atmosphere—provides superior control to achieve the V2O3/VOx mixed-valence state (Scientist B [ID: 25]).,"E-R09 (ID 25) describes MWCNT porous microspheres for lithium-sulfur battery cathodes, not a two-step hydrothermal/annealing route to V2O3/VOx phases or Zn-ion chemistry. It does not support this specific synthesis-control claim."
4,2,mpds,case_04__rep_02,Candidate A,C1,partially_supported,4,ID: A6|ID: A7|ID: A69|ID: A1,"Layered vanadium oxide bronzes pre-intercalated with pillar ions (Ca2+, Na+, Mn2+) and structural water prevent structural collapse and enable long cycle life (e.g., Zn0.3V2O5·1.5H2O achieving 96% retention over 20,000 cycles) in aqueous ZIBs.","A-R03a (Ca-vanadium bronze), A-R04a (Na-stabilized VO), A-R05a (Mn-doped hydrated VO), and A-R06a (Zn0.3V2O5·1.5H2O, 20,000 cycles) all support the general concept of pillar/hydration stabilization in ZIBs and the specific 20,000-cycle claim. However, all cited numeric IDs (1,6,7,69) are ambiguous because each has two candidate pool records (A and B) with very different topics (e.g., ID 1 also maps to a LiFePO4/CNT paper, ID 69 also to a mechanochromic fiber paper). The candidate text does not explicitly disambiguate pool assignment, though internal context (ZIB-specific bronze/pillar language) strongly implies pool A. Because the packet notes ambiguity must not be resolved by guessing, this claim is only partially supported at the traceability level despite plausible content match."
4,2,mpds,case_04__rep_02,Candidate A,C2,unverifiable,6,ID: B54|ID: B78|ID: B70|ID: B23|ID: B8|ID: B15,"Hierarchical, porous CNT microspheres fabricated by scalable spray-drying provide a 3D conductive 'superhighway' and macrovoids that act as 'ion highways' for rapid electrolyte penetration, validated by high-performance examples in Li-S and Na-ion batteries.","For every cited numeric ID (54, 78, 70, 23, 8, 15) two records are supplied, one from pool A and one from pool B, and the topics diverge sharply (e.g., ID 54 pool A = Mg battery cathode paper; pool B = CNT/V2O5 porous microsphere spray-drying paper relevant to the claim). The candidate labels these as 'B' claims but the underlying evidence packet does not let us confirm which pool record was actually intended without guessing, and some 'B' record pairs at least superficially fit CNT-microsphere/spray-drying themes (e.g., B-R09b, B-R04a) while others do not (e.g., B-R08b on EMI shielding foams, B-R14b on Na-ion electrolyte interfaces). Given the framework's rule not to resolve ambiguity by guessing, this key architectural claim's evidentiary basis remains unverifiable at the traceability level, though topically some B-pool abstracts do plausibly support the architecture claim in isolation."
4,2,mpds,case_04__rep_02,Candidate A,C3,partially_supported,2,ID: A42|ID: A69,"Manganese-doped Hydrated Vanadium Oxide (Mn-HVO) is a low-cost, high-performance active material suitable as the primary cathode candidate, citing scalable synthesis and cycling data.","A-R20a directly describes a scalable, low-temperature synthesis of Mn-doped hydrated vanadium oxide (MnHVO-30) with 341 mAh/g and 82% retention over 1200 cycles, which supports the low-cost/scalable claim but shows more modest cycling stability (1200 cycles) than implied by the memo's broader claims of 'demonstrated high performance' comparable to the 20,000-cycle bronze figure. A-R05a (interlayer Mn-doped V2O5·nH2O, 8000 cycles) supports the electrochemical performance angle. Both IDs (42, 69) are again numerically ambiguous with pool B counterparts (magnetic CNT microspheres; mechanochromic fibers) that are irrelevant, but the surrounding text ('Mn-HVO...primary candidate') sufficiently anchors pool A. However, the specific superlative ('demonstrated high performance') is an overreach relative to the actual 82%/1200-cycle result, so only partial support."
4,2,mpds,case_04__rep_02,Candidate A,C4,unverifiable,3,ID: B13|ID: B54|ID: B102,"Scientist B's CNT-network approach for conductivity and strain relief is 'proven' via examples such as spray-drying V2O5/CNT porous microspheres for LIB cathodes and other CNT-microsphere composites (e.g., B13, B54, B102).","IDs 13, 54, and 102 are each shared between pool A and pool B records with divergent topics (e.g., ID13 pool A = Ca-vanadium bronze ZIB paper vs pool B = perforated metal oxide-CNT microsphere paper for LIBs; ID102 pool A = V2O5/NiCo2O4 nanowire flexible LIB paper vs pool B = Si@C microsphere anode paper). Because the candidate does not unambiguously indicate which pool is intended for each bare numeric ID beyond general context, and the rules prohibit resolving such ambiguity by guessing, this claim's evidentiary linkage is unverifiable despite plausible topical relevance in the B-pool records if that pool assignment is correct."
4,2,mpds,case_04__rep_02,Candidate A,C5,unsupported,2,ID: B6|ID: B23,"Engineered macrovoids via sacrificial porogens (e.g., PMMA) will ensure rapid ion transport to particle surfaces in the final composite design.","No evidence record is supplied for a token 'B6' — only 'ID: 6' pool A/B pair is present (A-R03a Ca-vanadium bronze; A-R03b CNT microsphere porogen/porosity paper), and 'ID: 23' pool A/B pair (A-R12a Na-ion nanowire cathode; A-R12b PMMA-templated CNT foam). The candidate's citation 'B6' does not correspond to any supplied identifier format in the packet (all supplied records are keyed only as numeric IDs with pool A/B abstracts, not as 'B6' or 'B23' composite labels), making this citation effectively unresolvable/mismatched to the supplied evidence naming convention, and thus unsupported at a basic traceability level even though a topically relevant abstract (A-R03b, on porogen-templated CNT microsphere porosity) exists under the ambiguous ID 6."
4,2,eop,case_04__rep_02,Candidate B,C1,partially_supported,2,ID: 1|ID: 12,"Hierarchically porous structures (macrovoids + mesopores) shorten Zn2+ diffusion paths, provide abundant electrolyte contact, and cushion strain during cycling, thereby facilitating fast kinetics and structural stability.","B-R03 (ID:1) directly supports the hierarchically porous Zn-vanadium oxide cathode providing abundant electrolyte contact, shortened diffusion path, and strain cushioning—closely matching the claim. B-R04 (ID:12) is about hierarchical V2O3/V2O5 microstructures for Li-ion batteries showing high porosity and good capacity, but does not discuss Zn2+ diffusion or macrovoid/mesopore hierarchy specifically, so it only partially supports the broader claim as adjacent evidence in a different ion system."
4,2,eop,case_04__rep_02,Candidate B,C2,supported,2,ID: 59|ID: 179,Using an amorphous V2O3/V2O5 phase (rather than crystalline) provides more isotropic Zn2+ diffusion routes and accelerates kinetics.,"Both B-R05 and B-R06 are duplicate records of the same amorphous V2O5@C MOF-derived study explicitly stating the amorphous structure gives more isotropic Zn2+ diffusion routes and active sites, directly supporting the claim, though the material is V2O5 not V2O3 as in the task, a minor mismatch."
4,2,eop,case_04__rep_02,Candidate B,C3,supported,3,ID: 174|ID: 138|ID: 1,"A 3D interconnected CNT network ensures continuous electronic contact with V2O3/V2O5 nanocrystals, overcoming poor intrinsic conductivity and enabling high-rate capability, while also buffering volume-change strain during cycling.","B-R07 (MWCNT-V2O5 composite) and B-R08 (NaxV2O5/rGO/CNT) both directly support a 3D CNT/carbon scaffold providing conductive pathways, buffering volume change, and improving rate performance in vanadium oxide cathodes (including in AZIBs for B-R08). Combined with B-R03 for strain-cushioning, this composite claim is well supported, though evidence is from V2O5 not V2O3."
4,2,eop,case_04__rep_02,Candidate B,C4,partially_supported,4,ID: 40|ID: 554|ID: 513|ID: 508,"A one-pot aerosol/spray-pyrolysis process using a colloidal spray solution of vanadium precursor, CNTs, and sacrificial polystyrene (PS) nanobead templating agent, followed by calcination, is an effective and scalable method to fabricate V2O3/CNT porous microspheres with macrovoids from burned-out PS beads.","B-R10 supports aerosol/spray-pyrolysis with ammonium vanadate precursor and post-treatment calcination, but uses graphene, not CNTs, and no PS templating. B-R11 supports spray-drying V2O5/CNT porous microspheres directly, matching well, but does not mention PS bead templating for macrovoids. B-R12 supports PS-nanobead templated metal oxide-CNT composite microspheres with voids via spray pyrolysis, directly matching the templating mechanism, but the metal oxide is SnO2, not a vanadium oxide. B-R13 (CoO/CNT microspheres via spray drying with PMMA pore former) is analogous but for a different metal oxide and pore-former (PMMA, not PS) and for Li/S batteries. No single record combines all elements (V-oxide + CNT + PS template + macrovoid formation) as claimed; the composite claim is assembled from several partially overlapping but non-identical studies, so overall it is only partially supported despite reasonable analogical grounding."
4,2,eop,case_04__rep_02,Candidate B,C5,supported,7,ID: 2|ID: 16|ID: 6|ID: 7|ID: 274|ID: 116|ID: 92,"Engineering oxygen vacancies in vanadium oxide, pre-intercalating stabilizing ions (Na+, Ca2+), or incorporating conductive polymer PANI to expand V-O interlayer spacing can shield Zn2+ electrostatic interactions and boost Zn2+ diffusion coefficient and structural stability.","B-R14 and B-R15 support oxygen-vacancy engineering enhancing Zn2+ kinetics/capacity; B-R16 and B-R17 support Ca2+ and Na+ pre-intercalation stabilizing layered vanadium oxide structures for Zn storage; B-R18, B-R19, and B-R20 all support PANI intercalation expanding interlayer spacing, shielding electrostatic Zn2+-O interactions, and boosting diffusion coefficient/kinetics. This is a compound claim bundling multiple strategies, but each sub-claim is well matched to a specific supporting record, so overall it is supported, with the caveat that this is an aggregation of several distinct mechanisms rather than one unified experimental result."
4,2,raw,case_04__rep_02,Candidate C,C1,unverifiable,0,,"Acid functionalization (H2SO4/HNO3) of CNTs introduces -COOH/-OH groups that act as nucleation/anchoring sites for vanadium precursor, forming C-O-V bonds upon annealing that strengthen the V2O3-CNT interface.",No evidence identifiers or abstract records were cited or supplied for this mechanistic claim; it cannot be checked against any provided source.
4,2,raw,case_04__rep_02,Candidate C,C2,unverifiable,0,,Macrovoids (>50 nm) formed by spray-drying act as electrolyte 'highways' that must be preserved to prevent ion starvation in the microsphere core.,No citation or evidence record accompanies this structural/transport claim.
4,2,raw,case_04__rep_02,Candidate C,C3,unverifiable,0,,"V2O3 should be anchored as nanocrystals or ultrathin nanosheets (<20 nm) to reduce solid-state Zn2+ diffusion path length, which is rate-limiting.",No supporting abstract or identifier is provided for this claim about diffusion-limiting kinetics and optimal particle size.
4,2,raw,case_04__rep_02,Candidate C,C4,unverifiable,0,,"Annealing in air produces V2O5 rather than V2O3, so a reducing/inert atmosphere (Ar, N2, Ar/H2) is required to obtain the V2O3 phase.","No evidence record is cited to substantiate this phase-formation claim, despite it being a specific, checkable materials chemistry assertion."
4,2,raw,case_04__rep_02,Candidate C,C5,unverifiable,0,,"Controlled V2O3 loading (e.g., 50-60 wt%) prevents agglomeration and detachment, since the CNT network can buffer volume change only for well-dispersed nanoparticles, not large agglomerates.",This quantitative loading recommendation and buffering mechanism claim has no attached evidence record.
4,2,ds,case_04__rep_02,Candidate D,C1,partially_supported,4,D-R05|D-R06|D-R09|D-R13,"Spray-drying/spray-pyrolysis with sacrificial porogens (e.g., PS or PMMA beads) reliably produces uniform, monodisperse CNT-based microspheres with an interconnected macroporous network suitable for electrolyte percolation.","D-R05 (perforated metal oxide-CNT microspheres via spray pyrolysis with PS porogen) and D-R09 (CNT microsphere porosity control via porogen) and D-R13 (spray-drying with PMMA porogen for CNT/CoO microspheres) support the general spray-drying + porogen approach for CNT microspheres with controlled porosity, but these are demonstrated for SnO2, Pt/CNT, or CoO systems, not V2O3, and none address Zn2+ transport or aqueous ZIB context. D-R06 supports spray-dried V2O5/CNT microspheres (LIB), which is adjacent chemistry (V2O5 not V2O3) and different ion (Li+ not Zn2+)."
4,2,ds,case_04__rep_02,Candidate D,C2,unsupported,2,D-R04|D-R10,"A single-step pyrolysis/carbothermal reduction step can simultaneously decompose a PMMA porogen, pyrolyze PAN into an N-doped carbon matrix, and carbothermally reduce a vanadium precursor to V2O3, while preserving CNT network integrity.","D-R04 supports template-free solvothermal + carbothermal reduction to V2O3/C hollow nanospheres using glucose as carbon source, not PAN/PMMA combined with spray-drying. D-R10 supports PMMA-templated, PAN-crosslinked CNT foam fabrication but does not involve vanadium oxide reduction or a single-step process achieving V2O3 phase formation. No supplied record demonstrates the specific combined three-outcome single-step process claimed."
4,2,ds,case_04__rep_02,Candidate D,C3,partially_supported,2,D-R10|D-R12,"Using PAN as an N-doped carbon precursor creates a cross-linked carbon matrix that forms robust mechanical joints between CNTs, yielding a mechanically resilient and highly conductive 3D framework.","D-R10 directly supports PAN-mediated cross-linking of CNTs into a foam with improved mechanical strength (via PMMA-templated CNT foam). D-R12 supports a related concept (amide-bond molecular junctions between MWCNTs and Si@C microspheres improving conductivity/mechanical robustness) but uses a different bonding chemistry, not PAN pyrolysis. The core PAN-crosslinking claim is reasonably supported by D-R10; D-R12 is only weakly analogous."
4,2,ds,case_04__rep_02,Candidate D,C4,partially_supported,1,D-R07,"N-doping of the carbon matrix creates active sites that improve reaction kinetics, supporting enhanced electrochemical performance.","D-R07 demonstrates N-doped CNT microspheres (HNCM) with high N content used as sulfur host for Li-S batteries and as anode for Li-ion batteries, showing good rate capability and cycling stability, consistent with N-doping enhancing performance. However, it does not directly demonstrate N-doped carbon creating 'active sites' that improve reaction kinetics in a V2O3/Zn2+ system; the mechanistic link to Zn2+ kinetics is not established in this abstract."
4,2,ds,case_04__rep_02,Candidate D,C5,unsupported,2,D-R03|D-R04,V2O3 is a viable cathode material for Zn-ion batteries with structural stability comparable to Li-ion cathode performance reported in the literature.,"D-R03 and D-R04 both demonstrate V2O3-based materials as cathode/anode materials for Li-ion batteries with good cycling stability, not for aqueous Zn-ion batteries. No supplied record addresses V2O3 performance or stability in a ZIB (Zn2+) system, which is the central claim of the task; this is a significant extrapolation from Li-ion to Zn-ion chemistry without direct evidence."
4,2,eo,case_04__rep_02,Candidate E,C1,supported,2,ID: 1|ID: 12,"Hierarchical structures with macrovoids and micropores/nanosized building blocks improve Zn2+ diffusion, electrolyte contact, and cushion strain during cycling, enhancing stability (e.g., Zn0.3V2O5·1.5H2O and hierarchical V2O5 microflowers).","E-R01 explicitly describes hierarchically porous Zn-V-O structure providing electrolyte contact, shortened diffusion path, and strain cushioning. E-R02 describes hierarchical 3D V2O5 microstructures with nanosized building blocks and high porosity improving capacity/cycling. Both directly support the claim, though R02 is for LIBs not ZIBs (minor adjacent context)."
4,2,eo,case_04__rep_02,Candidate E,C2,supported,4,ID: 6|ID: 7|ID: 194|ID: 13,"Pre-intercalating cations (Ca2+, Na+, Mg2+) expands interlayer spacing and stabilizes the layered vanadium oxide structure for facile Zn2+ (de)intercalation, e.g., Ca0.25V2O5·nH2O and Mg-intercalated V2O5 with 13.4 Å spacing.","E-R06/E-R09 (Ca-vanadium bronze) and E-R07 (Na-stabilized VOx) and E-R08 (Mg-intercalated V2O5, 13.4 Å spacing) all directly support the claim of pillar-ion stabilization and improved capacity/cycling for Zn-ion batteries."
4,2,eo,case_04__rep_02,Candidate E,C3,supported,1,ID: 77,"An ultrathin HfO2 ALD coating acts as an artificial SEI, suppressing cathode dissolution and passivating byproduct (Zn4SO4(OH)6·xH2O) formation, improving capacity retention.","E-R19 directly matches this claim: HfO2 ALD coating on Zn3V2O7(OH)2·2H2O suppresses dissolution and byproduct formation, improving retention from 45% to 90% over 100 cycles."
4,2,eo,case_04__rep_02,Candidate E,C4,partially_supported,4,ID: 138|ID: 174|ID: 29|ID: 554,"CNTs anchoring V2O3 or vanadium oxide nanoparticles/nanorods (via sol-gel/hydrothermal growth) create an integrated conductive structure that prevents detachment of active material, exemplified by V2O5/CNT porous microspheres and CNT-anchored vanadium oxide composites.","E-R03 (Na-V-O/rGO/CNT) and E-R16 (MWCNT-V2O5) and E-R31 (V2O5/CNT porous microspheres via spray drying) support CNT-vanadium oxide composite conductivity/buffering benefits generally, but none specifically address V2O3 (as opposed to V2O5/other oxides) anchoring or 'preventing detachment' claims explicitly for the V2O3 system proposed. E-R18 (carbon black anchored VOx nanobelts, ID 29) is LIB context, not ZIB, and does not directly discuss anchoring preventing detachment in the specific manner claimed. This is an extrapolation across analogous but not identical systems."
4,2,eo,case_04__rep_02,Candidate E,C5,partially_supported,7,ID: 513|ID: 40|ID: 117|ID: 232|ID: 554|ID: 25|ID: 220,"Spray drying using sacrificial polystyrene (PS) nanobead templates can create macrovoids/perforations in composite microspheres, and post-synthesis calcination in an inert/reducing atmosphere is required to convert precursor to V2O3 (as opposed to air atmosphere yielding V2O5).","E-R32 (ID 513) supports PS-nanobead-templated perforated CNT-metal oxide microspheres (though for SnO2, not vanadium oxide) via spray pyrolysis. E-R28 (ID 25, VOx nanotubes annealed in air vs N2 producing V2O5 vs VOx nanotubes) and E-R37 (ID 220, V2O3 nanorods formed via N2 thermal treatment of V2O5 nanotubes) support the general principle that reducing/inert atmosphere yields lower-valence vanadium oxide (V2O3) while air yields V2O5. However, no cited record demonstrates the specific combined process (spray drying with PS template + calcination to directly form V2O3 macrovoid microspheres), so the overall claim is only partially supported by combining separate lines of evidence, which is reasonable extrapolation but not directly demonstrated for V2O3 microspheres."
4,3,eop,case_04__rep_03,Candidate A,C1,supported,3,ID: 2|ID: 3|ID: 24,Vanadium oxides in aqueous ZIBs suffer from sluggish kinetics due to strong electrostatic interactions with divalent Zn2+ and structural degradation upon cycling leading to capacity fade.,"A-R01, A-R02, A-R03 all describe strong Coulombic ion-lattice interactions with divalent Zn2+ and structural/stability challenges in vanadium oxide ZIB cathodes, directly supporting this claim."
4,3,eop,case_04__rep_03,Candidate A,C2,partially_supported,4,ID: 78|ID: 174|ID: 58|ID: 138,"A hierarchical CNT/vanadium-oxide architecture with a flexible CNT network buffers mechanical stress from volume changes during Zn2+ insertion/extraction, preventing pulverization and preserving structural integrity, while providing a continuous conductive backbone.","A-R09 (ID:138) directly supports buffering of volume change and conductive pathways for a bilayered NVO/rGO/CNT composite in AZIBs. A-R04 (ID:78) and A-R05 (ID:174) support CNT-vanadium oxide conductive networks but in supercapacitor/LIB contexts, not aqueous ZIBs. A-R08 (ID:58) is a graphene-V2O5 LIB study, not CNT-based, only weakly analogous. The specific claim about V2O3 (not V2O5/NVO) anchored on CNT microspheres in Zn systems is not directly evidenced by any single record; the analogy is reasonable but not a direct match to the proposed material system."
4,3,eop,case_04__rep_03,Candidate A,C3,supported,2,ID: 6|ID: 7,"Introducing 'pillar' ions like Na+ or Ca2+ during synthesis stabilizes the layered structure of vanadium oxides and expands interlayer spacing, accelerating Zn2+ transport.","A-R13 (Ca-vanadium bronze, ID:6) and A-R14 (Na-stabilized vanadium oxide nanowire, ID:7) both directly demonstrate pillar-ion stabilization of layered vanadium oxide structures for improved Zn2+ storage/cycling, matching the claim well."
4,3,eop,case_04__rep_03,Candidate A,C4,partially_supported,5,ID: 25|ID: 220|ID: 29|ID: 2|ID: 16,"A controlled heat treatment in non-oxidizing atmosphere converts vanadium oxide precursor into the V2O3 phase, and this step improves electrical contact at the V2O3-CNT interface while introducing oxygen vacancies that enhance Zn2+ reaction kinetics.","A-R16 (ID:220) supports V2O3 nanorod cathodes formed via N2 thermal treatment of V2O5 nanotubes, and A-R15 (ID:25) supports annealing under N2/air producing different vanadium oxide phases -- both partially support the conversion route conceptually, though neither is CNT-anchored V2O3 specifically. A-R17 (ID:29) discusses carbon-black anchored vanadium oxide with improved cycling, loosely relevant to 'improves electrical contact' but not specifically V2O3-CNT interface. A-R01 (ID:2) and A-R18 (ID:16) support the oxygen-vacancy-enhances-Zn2+-kinetics claim directly. Overall the compound claim (V2O3 formation + CNT interface improvement + oxygen vacancy benefit) is only partially and indirectly supported by the combined citations, none of which describe V2O3 specifically anchored to CNTs in an aqueous ZIB context."
4,3,eop,case_04__rep_03,Candidate A,C5,supported,2,ID: 59|ID: 179,Amorphous vanadium oxides can offer more isotropic and faster Zn2+ diffusion compared to crystalline phases.,"A-R19 and A-R20 are the same paper (English and German versions) directly showing amorphous V2O5@C composites provide more isotropic Zn2+ diffusion routes and faster transport, supporting the claim, though the duplication of the same study across two IDs somewhat inflates apparent evidentiary breadth."
4,3,raw,case_04__rep_03,Candidate B,C1,unverifiable,0,,"In-situ hydrothermal growth of vanadium oxide precursor on acid-functionalized CNTs forms strong C-O-V covalent bonds that anchor V2O3 to the CNT surface, improving structural adhesion and electron transfer.","No evidence records were cited or supplied for this mechanistic claim, so it cannot be checked against any abstract."
4,3,raw,case_04__rep_03,Candidate B,C2,unverifiable,0,,"Annealing the vanadium oxide precursor in an inert/reducing (Ar or Ar/H2) atmosphere at 500-700°C converts it to the V2O3 (V3+) phase, whereas annealing in air yields V2O5 (V5+).","This is a specific, checkable materials-science claim about phase control via atmosphere, but no citation or abstract is provided to verify it."
4,3,raw,case_04__rep_03,Candidate B,C3,unverifiable,0,,Using sacrificial PS/PMMA porogen templates (~100-500 nm) followed by low-temperature calcination in air (~300-350°C) creates macrovoids in the microsphere architecture.,No evidence record is cited to substantiate this specific templating/calcination approach for macrovoid formation.
4,3,raw,case_04__rep_03,Candidate B,C4,unverifiable,0,,A hierarchical dual-scale porosity (macrovoids plus mesopores from CNT/V2O3 packing) allows electrolyte flooding of macrovoids and short-distance Zn2+ diffusion through mesoporous walls to active sites.,This central mechanistic claim about ion transport benefits is not linked to any supplied abstract.
4,3,raw,case_04__rep_03,Candidate B,C5,unverifiable,0,,"Rapid spray-drying rates promote crust formation leading to hollow sphere morphology, which is desirable for this application.",This process-engineering claim is presented without any citation or supporting abstract.
4,3,ds,case_04__rep_03,Candidate C,C1,partially_supported,1,C-R01,Creating an oxygen-deficient V2O3-δ (oxygen-vacancy) phase facilitates Zn2+ reaction kinetics and enhances capacity in aqueous ZIB cathodes.,"C-R01 supports oxygen-deficient vanadium oxide (reported as vanadium oxide, not explicitly V2O3) improving Zn2+ kinetics and capacity/stability, closely matching the claim, but the exact V2O3-δ phase and generalization to this specific system is not directly demonstrated."
4,3,ds,case_04__rep_03,Candidate C,C2,supported,3,C-R09|C-R10|C-R14,"Spray-drying with sacrificial polymer templates (e.g., PS or PMMA beads) creates macrovoid/hierarchical porous CNT or metal oxide-CNT microspheres that provide ion transport pathways.","C-R09 and C-R14 directly describe spray-drying with PS/PMMA templates producing porous CNT-composite microspheres with voids; C-R10 shows PMMA-templated CNT foam with tunable porosity. Together these directly support the architectural claim, though applied to non-V2O3 systems (SnO2, CoO, generic CNT foam)."
4,3,ds,case_04__rep_03,Candidate C,C3,supported,3,C-R11|C-R07|C-R12,A 'double carbon' CNT framework (interconnected 3D CNT skeleton plus amorphous carbon) provides robust electrical conductivity and structural/mechanical stability for microsphere cathodes.,"C-R11 explicitly describes the 'double carbon' concept (amorphous + graphitized CNT carbon) improving electronic/ionic kinetics; C-R07 and C-R12 support CNT frameworks enhancing conductivity and rate performance in analogous microsphere cathodes (V2O5, NVP), though not V2O3 specifically."
4,3,ds,case_04__rep_03,Candidate C,C4,supported,1,C-R04,"Pre-intercalating 'pillar' ions (e.g., Na+) into vanadium oxide lattices expands interlayer spacing and prevents structural collapse, improving cycling stability.","C-R04 directly demonstrates Na-ion intercalation into vanadium oxide (NVO) acting as a structural pillar, improving conductivity and cycling stability, matching the claim closely."
4,3,ds,case_04__rep_03,Candidate C,C5,partially_supported,1,C-R13,"Shifting from V2O3 to V2O5 would offer higher capacity, motivating consideration of alternate active material chemistry.","C-R13 shows V2O5 nanobelts delivering higher capacity than other VOx phases in a lithium-ion (not zinc-ion) context, offering only indirect and cross-chemistry support for the V2O3-to-V2O5 capacity claim in ZIBs."
4,3,eo,case_04__rep_03,Candidate D,C1,supported,3,ID: 1|ID: 12|ID: 409,"A hierarchical, porous architecture (with macrovoids) provides abundant electrolyte contact, shortens ion diffusion paths, and buffers strain during cycling in aqueous ZIB cathodes.","D-R01 explicitly describes a hierarchically porous Zn-vanadium oxide cathode providing abundant electrolyte contact, shortened diffusion path, and strain buffering in an aqueous ZIB context. D-R02 and D-R03 support the general hierarchical/porous materials concept, though in LIB and generic contexts respectively. Together these directly support the claim."
4,3,eo,case_04__rep_03,Candidate D,C2,supported,1,ID: 138,"A freestanding CNT/rGO-integrated vanadium oxide (NVO) composite with 3D cross-linked structure buffers volume changes and enhances ion/electron transport, yielding superior performance in aqueous ZIBs (459.1 mAh/g at 0.5 A/g, 83.1% retention after 1800 cycles).","D-R04 directly matches this claim, describing the NVO/rGO/CNT composite with the same performance metrics cited (459.1 mAh/g at 0.5 A/g, 83.1% retention after 1800 cycles) in aqueous ZIBs."
4,3,eo,case_04__rep_03,Candidate D,C3,supported,4,ID: 6|ID: 7|ID: 194|ID: 428,"Pillaring vanadium oxide layers with cations (Na+, Ca2+, Mg2+) expands interlayer spacing and stabilizes structure, facilitating Zn2+ diffusion; a Mg-intercalated V2O5 with 13.4 Å spacing delivered high capacity and durability.","D-R26 (ID:194) directly confirms the 13.4 Å interlayer spacing and performance metrics for Mg-intercalated V2O5. D-R24 (Ca vanadium bronze), D-R25 (Na-stabilized VOx), and D-R27 ((Na,Mn)V8O20) support the broader pillaring-with-cations concept, though each pertains to a different specific cation system, which is consistent with the general claim about pillaring."
4,3,eo,case_04__rep_03,Candidate D,C4,supported,5,ID: 92|ID: 116|ID: 274|ID: 242|ID: 77,"Coating with conductive polymers (PANI, PPy) or an inert ALD-deposited HfO2 layer suppresses V-oxide dissolution in aqueous electrolyte and improves conductivity/kinetics, acting as a structural stabilizer or artificial SEI.","D-R23 (ID:92) confirms PANI as a dissolution-restraining structural stabilizer with conductivity contribution. D-R34/D-R35 (ID:116, ID:274) confirm PANI intercalation expanding interlayer spacing and lowering Zn2+ diffusion barriers. D-R12 (ID:242) confirms PPy coating creating hydrophobic surface suppressing dissolution. D-R22 (ID:77) confirms HfO2 ALD as artificial SEI suppressing dissolution and byproduct formation. All claims are well matched to their respective abstracts."
4,3,eo,case_04__rep_03,Candidate D,C5,partially_supported,4,ID: 220|ID: 25|ID: 230|ID: 394,"V2O3 polycrystalline nanorods demonstrate excellent capacity retention over 750 cycles, and V2O5 can be converted to V2O3 via thermal treatment/carbothermal reduction, allowing V2O5-based design principles to be applied before a final reduction step.","D-R18 (ID:220) directly supports the V2O3 polycrystalline nanorod capacity retention claim (94% retention, 750 cycles) but this is in a Li-ion battery context, not aqueous ZIB, so extrapolation to ZIB stability is an overreach not directly evidenced. D-R20 (ID:230) supports carbothermal reduction producing V2O3/C hybrids (also LIB context). D-R21 (ID:394) supports carbothermic reduction of V2O5 to V2O3, but in a LiFePO4 coating context, not as a general precursor-conversion route for cathode microspheres. D-R19 (ID:25) discusses vanadium oxide nanowire/nanotube annealing but not V2O3 formation via reduction. The core factual claims are supported by their respective abstracts, but the applicability transfer to the ZIB/V2O3 CNT-microsphere system proposed is not directly established by any single source, making this partially supported."
4,3,mpds,case_04__rep_03,Candidate E,C1,supported,2,E-R01|E-R02,"Pre-intercalated/hydrated vanadium oxide with cation 'pillars' (Ca2+, Na+) creates stable open channels for Zn2+ transport, improving kinetics and cycle life (ID: 6, 7)","E-R01 (Ca-vanadate bronze) shows 96% retention over 3000 cycles at 80C, and E-R02 (Na0.33V2O5) shows Na ions act as pillars stabilizing the layered structure with good conductivity/cycling. Both directly support the pillaring/stabilization claim, though neither alone reaches the superlative language used generally in the memo."
4,3,mpds,case_04__rep_03,Candidate E,C2,supported,1,E-R03,"A zero-strain mechanism via balanced ion co-intercalation (Zn2+/H3O+) enables >20,000 cycles of stability in a Zn-vanadium oxide cathode (ID: 1)","E-R03 directly describes Zn0.3V2O5·1.5H2O cathode with 96% capacity retention over 20,000 cycles and explains the lattice-contraction/expansion cancellation mechanism, matching the 'zero-strain' claim closely."
4,3,mpds,case_04__rep_03,Candidate E,C3,partially_supported,2,E-R04|E-R05,"Tuning oxygen vacancies in vanadium oxide boosts electronic conductivity and active site density, improving ZIB cathode performance (ID: 2, 16)","E-R04 reports an oxygen-deficient V2O5 cathode with improved kinetics and capacity but only ~200-2000 cycle stability, not directly demonstrating conductivity mechanism. E-R05 shows tunable oxygen vacancy concentration affects capacity/cycling and notes excessive vacancies raise band gap (reducing conductivity/kinetics), which partially contradicts a simple 'more vacancies = better conductivity' framing. The general claim about vacancies improving performance is supported, but the specific mechanistic claim about boosting electronic conductivity is only partially supported and slightly oversimplified relative to E-R05's nuance."
4,3,mpds,case_04__rep_03,Candidate E,C4,partially_supported,1,E-R06,A porous CNT microsphere scaffold (as in caddice-fly-inspired core-shell architectures) provides mechanical stability and electronic conductivity for encapsulated active materials (ID: 81),"E-R06 describes porous Fe3O4/carbon microspheres (not CNT microspheres specifically for V2O3/ZIB) demonstrating mechanical buffering and conductivity benefits for a different active material (Fe3O4) and different battery chemistry (Li-ion anode). It supports the general architectural principle but not the specific V2O3/ZIB CNT microsphere with macrovoids claim; it's an analogy from a different system, similar to Scientist B's other citations, and does not itself describe a 'caddice-fly' or CNT-only scaffold structure with macrovoids used in ZIBs."
4,3,mpds,case_04__rep_03,Candidate E,C5,partially_supported,2,E-R07|E-R08,"Functional outer 'armor' layers (e.g., N-doped carbon with polar Nb2O5) can chemically trap dissolved active-material species to prevent shuttle/dissolution effects, analogous to strategies in Li-S batteries (ID: 8, 15)","E-R07 and E-R08 both support the general architectural and chemical-trapping concept (CoO or Nb2O5 decorated CNT/N-doped carbon microspheres trapping polysulfides) but exclusively in the Li-S battery context, not for vanadium-species trapping in aqueous ZIBs. The mechanistic analogy is reasonable but the abstracts do not verify applicability to vanadium dissolution in ZIBs, which the candidate itself flags as speculative."
8,1,raw,case_08__rep_01,Candidate A,C1,unverifiable,0,,"In-situ growth of PBA nanocubes on GO sheets, followed by simultaneous sulfidation/reduction, creates strong interfacial bonding but risks pore blockage from GO wrapping.",No evidence records were cited or supplied for this mechanistic claim; it cannot be checked against any abstract.
8,1,raw,case_08__rep_01,Candidate A,C2,unverifiable,0,,Electrostatic self-assembly of positively-charged (PDDA-modified) HSNs with negatively-charged GO sheets produces a weaker interface prone to failure under volume-change stress.,No citation or evidence record accompanies this claim.
8,1,raw,case_08__rep_01,Candidate A,C3,unverifiable,0,,"A 3D rGO framework (aerogel/hydrogel scaffold) prevents restacking, buffers volume expansion, and provides superior electrolyte accessibility compared to conformal wrapping.","This is a central feasibility claim for the recommended strategy, but no evidence record is provided to substantiate it."
8,1,raw,case_08__rep_01,Candidate A,C4,unverifiable,0,,A low GO-to-PBA mass ratio (1-5 wt%) yields a 'dotted' or 'patched' coverage that preserves ion pathways while maintaining conductive contact.,Specific quantitative claim about optimal GO ratio has no supporting citation or abstract.
8,1,raw,case_08__rep_01,Candidate A,C5,unverifiable,0,,"EIS should show a smaller charge-transfer semicircle for well-integrated HSN-rGO composites versus physically mixed controls, and CV should show reduced peak separation with good linearity vs. sqrt(scan rate) for well-designed composites.",General electrochemical characterization expectations are asserted without any cited evidence record to confirm applicability to this specific system.
8,1,ds,case_08__rep_01,Candidate B,C1,partially_supported,2,B-R01|B-R02,"PBA (Prussian blue analogue) nanocube templates can be converted via anion exchange/etching with a sulfide source into hollow, porous metal sulfide nanostructures with good structural robustness (supporting Scientist A's / the hybrid's template step).","B-R01 supports conversion of Ni-Co PBA nanocubes into NiS nanoframes (hollow, porous, robust) via Na2S reaction, directly analogous. B-R02 shows Co-PBA converted to porous CoS2 nanoparticles via gaseous sulfurization (not solution/hydrothermal, and not explicitly 'hollow cube' morphology), so it only partially supports the specific hollow-cube claim used in the hybrid recommendation."
8,1,ds,case_08__rep_01,Candidate B,C2,supported,3,B-R05|B-R06|B-R07,A one-pot hydrothermal/solvothermal method that combines GO reduction with in-situ sulfide nanocrystal growth on rGO sheets yields sulfide/rGO composites with excellent rate capability and cycling stability specifically as sodium-ion battery anodes.,"All three cited records (CoS/rGO, SnS2/rGO x2) directly report solvothermal/hydrothermal in-situ growth of sulfide-on-rGO composites tested as SIB anodes with high rate capability and long cycling stability, matching the claim closely."
8,1,ds,case_08__rep_01,Candidate B,C3,partially_supported,2,B-R05|B-R06,One-pot syntheses starting from simple metal salts with GO tend to produce nanoparticles or nanoplates rather than the desired hollow cube geometry.,"B-R05 explicitly describes CoS nanoplates decorated on rGO (supports plate/particle morphology, not hollow cubes). B-R06 describes SnS2 few-layered flakes on rGO, also supporting non-cube morphology. Both are consistent with the claim that one-pot solution methods yield plates/particles rather than hollow cubes, but neither directly discusses PBA-derived cube attempts failing to form cubes, so it is only indirectly supportive."
8,1,ds,case_08__rep_01,Candidate B,C4,unverifiable,0,,"High-temperature thermal conversion of PBA/GO composites in a sulfur atmosphere risks causing rGO to wrap the sulfide too densely, blocking pores, or causing thermal damage to the porous network.","No evidence record is cited for this specific risk claim about thermal shock/pore blocking during high-temperature GO/PBA sulfurization; none of the supplied abstracts address this failure mode directly, so it cannot be verified from the supplied records."
8,1,ds,case_08__rep_01,Candidate B,C5,partially_supported,1,B-R04,"Melamine-resin-mediated restacking-inhibition strategies (or similar approaches) demonstrate that avoiding harsh treatment can prevent GO restacking, supporting the rationale for using milder hydrothermal integration to avoid rGO restacking/pore blockage.","B-R04 demonstrates a restacking-inhibition strategy for GO using melamine resin and thermal treatment, achieving high surface area supercapacitor electrodes. It supports the general concept that restacking is a real risk and can be mitigated, but it does not directly address hydrothermal PBA-derived sulfide/rGO systems or sodium-ion transport, so it only partially supports the specific mechanistic claim in context."
8,1,eo,case_08__rep_01,Candidate C,C1,supported,3,ID: 1|ID: 2|ID: 15,"PBA nanocubes can be converted into hollow sulfide nanoframes/nanoparticles via anisotropic chemical etching/anion exchange with Na2S (Ni-Co PBA to NiS nanoframes) or via gaseous sulfurization (Co-PBA to porous CoS2 nanoparticles), preserving hollow/porous morphology.","C-R01/C-R02 directly describe the anisotropic etching/anion exchange of Ni-Co PBA nanocubes into NiS nanoframes using Na2S, matching the claim closely. C-R03 supports the gaseous sulfurization of Co-PBA into porous CoS2 nanoparticles. Both sub-claims are well supported by the cited abstracts."
8,1,eo,case_08__rep_01,Candidate C,C2,partially_supported,5,ID: 258|ID: 341|ID: 362|ID: 593|ID: 182,"A one-pot hydrothermal/solvothermal method can co-react PBA-derived sulfide precursors with GO to simultaneously reduce GO to rGO and in situ decorate sulfide nanoparticles onto rGO sheets, improving rate capability and cycling stability for SIBs (e.g., CoS@rGO, SnS2/rGO, VS4/rGO, MnS/rGO).","The cited abstracts (C-R04 through C-R08) support in situ solvothermal/hydrothermal synthesis of various metal sulfide/rGO composites (CoS, VS4, SnS2, MnS) with strong SIB performance, directly substantiating the general synthesis strategy and performance benefits. However, none of these evidence records involve PBA-derived precursors specifically; the claim's linkage to 'PBA-derived precursor' co-reaction is an extrapolation not directly evidenced by any cited abstract, so only the generic rGO-sulfide in situ growth strategy is supported, not the specific PBA-integration route."
8,1,eo,case_08__rep_01,Candidate C,C3,supported,2,ID: 54|ID: 506,"The hollow interior of sulfide nanocubes accommodates volume expansion during cycling, a general feature of hollow/confined metal chalcogenide and metal oxide architectures.","C-R09 (review on confined hollow metal chalcogenides) and C-R10 (CoO hollow cube/rGO composite) both support the general principle that hollow/porous architectures buffer volume change and improve capacity retention, consistent with the claim, though C-R10 is about CoO not sulfide."
8,1,eo,case_08__rep_01,Candidate C,C4,partially_supported,4,ID: 258|ID: 362|ID: 371|ID: 593,"Flexible rGO sheets wrap around sulfide (or metal chalcogenide) nanoparticles to act as a conductive, mechanically resilient buffer preventing pulverization/agglomeration and maintaining electrical contact during cycling.","C-R04, C-R06, C-R07 (CoS/rGO, SnS2/rGO, MnS/rGO) support synergistic conductivity/structural buffering effects of rGO for sulfide anodes. C-R11 (FeS wrapped in rGO) supports the 'wrapping' framing directly, but for Li-ion, not Na-ion, batteries, and is a related but not identical system. The overall wrapping/buffering mechanism is reasonably supported across multiple analogous systems, though extrapolated to the specific PBA-derived hollow nanocube case which is not directly tested in the cited works."
8,1,eo,case_08__rep_01,Candidate C,C5,partially_supported,4,ID: 476|ID: 619|ID: 211|ID: 580,"In situ hydrothermal self-assembly of GO with sulfide precursors can lead to 3D porous rGO networks that interconnect active particles while leaving void space for electrolyte infiltration; use of spacers (e.g., mesoporous carbon spheres) is an established method to prevent rGO restacking and create 3D porous architectures.","C-R12 (N-doped rGO/CNT foam) and C-R13 (Fe3O4/rGO 3D network) support the general feasibility of hydrothermal self-assembly producing 3D porous rGO networks, but these are for microwave absorption and supercapacitor applications, not SIB anodes, and do not directly address electrolyte infiltration for sulfide nanocubes. C-R15 (mesoporous carbon spheres as spacers between rGO sheets) directly supports the spacer concept, matching the claim's supercapacitor example. C-R14 (NiCo2O4/rGO) is cited for the loading-ratio dependency claim; it supports that performance depends on ratio/loading in an analogous oxide/rGO system, but is only weakly linked to the sulfide/rGO system in question. The claim's core synthesis-condition analogy is credible but the direct applicability to the hollow sulfide/rGO SIB system is an inference beyond the cited abstracts' actual systems."
8,1,mpds,case_08__rep_01,Candidate D,C1,partially_supported,1,D-R01,"Hollow/confined metal chalcogenide nanostructures provide abundant electroactive sites, ion/electron pathways, and structural spacing benefits, supporting the claim that pre-formed sulfide nanocubes act as built-in spacers ensuring porosity (cited as Scientist A [ID: 54]).","D-R01 is a general review on confined hollow metal chalcogenides supporting the general benefits of hollow/confined chalcogenide architectures (more ion/electron pathways, active sites, interior free space), but it does not specifically address or verify the claim that hollow sulfide nanocubes act as physical spacers between GO sheets during self-assembly. This is a broader, adjacent proposition rather than a direct verification of the specific spacer mechanism."
8,1,mpds,case_08__rep_01,Candidate D,C2,partially_supported,2,D-R03|D-R04,"The aqueous sulfidation step (e.g., using Na2S or similar sulfur sources) will cause graphene oxide to become prematurely and uncontrollably reduced, causing irreversible aggregation and destroying the precursor before final assembly (Scientist B [ID: 27, 41]).","D-R03 discusses aqueous dispersibility/pKa chemistry of GO/rGO, relevant to colloidal stability but does not address sulfide-induced reduction. D-R04 discusses chemical reduction of GO to rGO via aqueous chemistry (using NaBH4, not a sulfide source), demonstrating that aqueous reducing agents can reduce GO and increase conductivity, which lends plausibility to the general mechanism of aqueous-phase reduction destabilizing GO. However, neither source specifically discusses sulfide sources (e.g., Na2S, thioacetamide) as the reducing/aggregating agent, so the specific causal claim about sulfidation chemistry causing aggregation is not directly demonstrated -- only a generic precedent for aqueous reduction affecting GO structure/conductivity is shown."
8,1,mpds,case_08__rep_01,Candidate D,C3,partially_supported,1,D-R05,"Solvothermal growth of sulfide nanocubes directly onto rGO promotes formation of strong chemical bonds between the sulfide and rGO substrate, creating a robust electronic and mechanical interface (Scientist B [ID: 256]).","D-R05 demonstrates chemically bonded (Ti3+-C bonds) TiO2-bronze/rGO hybrids with improved Li-ion performance via a photocatalytic reduction method, supporting the general concept that chemical bonding between an active material and rGO can improve interfacial charge transfer and performance. However, this is a different material system (TiO2 vs. metal sulfide) and a different bonding/synthesis method (photocatalytic reduction vs. solvothermal growth), so it only partially and analogously supports the specific claim about sulfide-rGO chemical bonding via solvothermal synthesis; it does not directly demonstrate this bond formation for the sulfide system in question."
8,1,mpds,case_08__rep_01,Candidate D,C4,partially_supported,2,D-R06|D-R07,"A final annealing step under inert atmosphere maximizes crystallinity of the sulfide phase and improves conductivity of the rGO network, ensuring efficient electron transport (Scientist B [ID: 45, 203]).","D-R06 and D-R07 both support the general principle that high-temperature annealing of rGO improves electrical conductivity (and in D-R07's case, repairs defects and dramatically increases conductivity), which supports the rGO-conductivity portion of the claim. However, neither source addresses annealing effects on sulfide phase crystallinity or the composite sulfide/rGO system, so the claim about improving sulfide crystallinity is unverified by these citations -- only the rGO conductivity improvement portion is directly supported."
8,1,mpds,case_08__rep_01,Candidate D,C5,unverifiable,0,,"Fabricating a macroporous 3D rGO scaffold via freeze-drying and reduction guarantees an open, accessible porous network mitigating mass transport limitations (Scientist B's overall architecture-first premise, not directly tied to a specific ID in the text).","This central feasibility claim regarding the macroporous scaffold's transport benefits is asserted as a design rationale but is not tied to any specific cited evidence record in the candidate text, making it unverifiable within the supplied evidence pool."
8,1,eop,case_08__rep_01,Candidate E,C1,partially_supported,1,E-R01,"Using hollow sulfide nanocubes as spacers between rGO sheets prevents restacking and creates a 3D architecture with open channels for electrolyte access, a strategy proven effective in other composite systems.","E-R01 demonstrates mesoporous carbon spheres (not sulfide nanocubes) intercalated between GO sheets to prevent restacking, forming a 3D architecture for supercapacitors. It supports the general spacer concept but not the specific sulfide-nanocube/Na-ion transport application claimed."
8,1,eop,case_08__rep_01,Candidate E,C2,partially_supported,2,E-R02|E-R03,"Electrostatic self-assembly of PBA nanocubes onto negatively charged GO sheets can be used to create well-defined heterostructures, as demonstrated with other nanomaterials.","E-R02 and E-R03 both demonstrate electrostatic/self-assembly of charged nanosheets or nanostructures with GO/GNS to form heterostructured composites, supporting the general assembly principle. However, neither involves PBA nanocubes specifically, so the analogy is only partially supported."
8,1,eop,case_08__rep_01,Candidate E,C3,supported,1,E-R04,Gaseous sulfurization of MOF/PBA templates is an effective method to convert them into porous sulfides while preserving morphology.,"E-R04 directly demonstrates gaseous sulfurization annealing converting a Co-PBA MOF template into porous CoS2 nanoparticles, preserving a porous templated structure, closely matching the claim."
8,1,eop,case_08__rep_01,Candidate E,C4,supported,5,E-R05|E-R06|E-R07|E-R08|E-R09,Hollow and porous sulfide/chalcogenide nanostructures combined with rGO accommodate volume changes during sodiation/desodiation and improve cycling stability by maintaining electrical contact even if particles fracture.,"E-R05 (review of hollow metal chalcogenides for energy storage), E-R06 (CoO hollow cube/rGO for Li storage), E-R07 (MnS hollow/rGO for Na-ion), E-R08 (CoS/rGO for Na-ion), and E-R09 (SnS2/rGO for Na-ion) collectively support the mechanism of hollow structures buffering volume change and rGO maintaining conductivity/cycling stability, though E-R06 is Li-ion rather than Na-ion specific."
8,1,eop,case_08__rep_01,Candidate E,C5,supported,2,E-R10|E-R11,"Template-mediated conversion of PBA nanocubes into metal sulfide nanoframes (e.g., NiS) via anion exchange or gaseous reaction preserves the cube morphology, as demonstrated for NiS nanoframes from PBA cubes.","E-R10 and E-R11 are duplicate records (English and German versions) of the same study demonstrating conversion of Ni-Co PBA nanocubes into NiS nanoframes via anion exchange, directly supporting the morphology-preservation claim, though this used solution-based anion exchange rather than the gaseous method emphasized elsewhere in the text."
8,2,ds,case_08__rep_02,Candidate A,C1,supported,2,A-R01|A-R02,"PBA nanocube templates can be converted via etching/anion exchange or sulfurization into hollow/porous sulfide nanoframes with high surface area and structural robustness (Scientist A [ID:1, 15]).","A-R01 directly demonstrates Ni-Co PBA nanocubes converted into NiS nanoframes with high surface area and structural robustness; A-R02 demonstrates Co-PBA converted via sulfurization into porous CoS2 with large surface area (915.6 m2/g). Both directly support the claim, though these are electrocatalysis studies, not SIB anodes specifically."
8,2,ds,case_08__rep_02,Candidate A,C2,supported,1,A-R03,Hollow structures confining metal chalcogenides help buffer volume changes and provide ion/electron pathways for energy storage (Scientist A [ID:54]).,"A-R03 is a review directly discussing confined hollow metal chalcogenide structures and their role in buffering and enhancing ion/electron transport for energy storage applications, matching the claim."
8,2,ds,case_08__rep_02,Candidate A,C3,supported,3,A-R04|A-R06|A-R07,"One-pot hydrothermal/solvothermal synthesis of sulfide/rGO composites has a proven track record of producing high-performance SIB anodes with excellent capacity, rate capability, and long cycle life (Scientist B [ID:57, 133, 237]).","A-R04 (SnS2-rGO), A-R06 (CoS-rGO), and A-R07 (SnS2/rGO) all report one-pot/facile hydrothermal or solvothermal syntheses of sulfide-rGO composites with high capacity, rate capability, and long cycle life as SIB anodes, directly supporting the claim."
8,2,ds,case_08__rep_02,Candidate A,C4,partially_supported,1,A-R08,"Key benefits of the PBA template, such as creating hollow structures, are inherently achieved during direct in-situ growth of sulfide nanoparticles on rGO (Scientist B [ID:468]).","A-R08 shows MnS hollow microspheres formed in situ on rGO via hydrothermal synthesis without a PBA template, supporting that hollow structures can arise from direct growth. However, it does not directly address whether this achieves the same 'benefits' (e.g., degree of porosity, spacer effect) as PBA-templated hollow nanocubes, so the comparative claim is only partially supported."
8,2,ds,case_08__rep_02,Candidate A,C5,partially_supported,1,A-R08,"One-pot in-situ growth of sulfide on rGO simultaneously provides a conductive pathway, buffers volume expansion, and prevents restacking of rGO sheets (Scientist B [ID:468]).","A-R08 supports that RGO improves electronic conductivity and mitigates volume expansion during charge/discharge, but the abstract does not explicitly discuss prevention of rGO restacking, so the full compound claim is only partially supported by this single source."
8,2,eo,case_08__rep_02,Candidate B,C1,unverifiable,0,,x,placeholder
8,2,mpds,case_08__rep_02,Candidate C,C1,unverifiable,0,,placeholder,placeholder
8,2,eop,case_08__rep_02,Candidate D,C1,supported,1,D-R01,An in-situ solvothermal method decorating cobalt sulfide (CoS) nanoplates onto rGO produces a sodium-ion battery anode with high-rate capability and long cycling stability (~1000 cycles).,"D-R01 directly reports a solvothermal in-situ synthesis of CoS@rGO composite for SIBs with high rate capability (306 mAh/g at 10 A/g) and stable cycling to 1000 cycles, matching the claim closely."
8,2,eop,case_08__rep_02,Candidate D,C2,partially_supported,1,D-R02,"rGO acts as a flexible conductive buffer that accommodates volume expansion of sulfide materials during sodiation, preventing pulverization and maintaining electrical contact, as demonstrated in in-situ grown sulfide/rGO composites.","D-R02 (MnS/RGO) supports the general mechanism of RGO improving conductivity and mitigating volume expansion for Na-ion cycling, but the Na-ion capacity retention data reported is modest (308 mAh/g after 125 cycles) and the primary emphasis in the abstract is on Li-ion performance, so it only partially substantiates the strength of the claim as applied to sodium systems generally."
8,2,eop,case_08__rep_02,Candidate D,C3,partially_supported,2,D-R01|D-R04,"Sulfide nanocubes/nanoparticles grown in-situ on rGO act as spacers preventing rGO restacking, creating a 3D porous network that maintains electrolyte access, analogous to intercalation of nanoparticles between graphene sheets producing lower resistance and higher power capability.","D-R04 supports the general spacer/anti-restacking mechanism and improved rate performance in a carbon-sphere/rGO supercapacitor system, but this is a different chemistry (mesoporous carbon spheres, supercapacitor context, not sodium-ion sulfide anodes) and a different pool ambiguity is not present here since only one D-R04 record was supplied. D-R01 does not explicitly discuss anti-restacking spacer function. The mechanistic analogy is plausible but not directly demonstrated for the sulfide/rGO/Na-ion system claimed here."
8,2,eop,case_08__rep_02,Candidate D,C4,partially_supported,3,D-R05|D-R06|D-R07,"PBA nanocube templates can be assembled onto GO sheets and then converted via anion exchange or gaseous sulfurization into hollow, porous sulfide nanoframes/nanoparticles while preserving the original architecture, integrated within a graphene matrix.","D-R05/D-R06 (duplicate NiS nanoframe report) and D-R07 (CoS2 porous nanoparticles) both support PBA/MOF-to-sulfide anion-exchange/sulfurization synthesis routes preserving hollow/porous architecture, but none of these three records describe integration with GO/rGO sheets or composite formation with graphene. The claim's core assertion of PBA-on-GO assembly followed by sulfidation to form a graphene-integrated composite is not supported by any of the cited abstracts, only the PBA-to-sulfide conversion step itself is corroborated."
8,2,eop,case_08__rep_02,Candidate D,C5,supported,1,D-R08,"A hollow CoO cube wrapped in rGO showed high capacity and stable cyclability because the hollow structure buffers volume changes while rGO provides conductivity and structural reinforcement, supporting the same principle for hollow sulfide/rGO composites.","D-R08 directly reports a CoO hollow cube/rGO composite with high lithium storage capacity and stable cyclability attributed to hollow architecture buffering volume change and rGO providing conductivity/reinforcement, matching the claim, though it is an analogy from a Li-ion oxide system rather than direct sulfide/Na-ion evidence."
8,2,raw,case_08__rep_02,Candidate E,C1,unverifiable,0,,"A sub-monolayer (e.g., 1-5 wt%) of electrostatically self-assembled GO on positively charged PBA nanocubes forms a percolating electronic network without fully blocking porous sulfide walls from electrolyte.","No evidence record was supplied for this claim. The candidate provides no citation identifiers at all, so this mechanistic/quantitative claim cannot be checked against any abstract."
8,2,raw,case_08__rep_02,Candidate E,C2,unverifiable,0,,Introducing carbon nanotubes (CNTs) alongside GO prevents restacking of rGO sheets and creates a 3D hierarchical conductive network that preserves electrolyte access.,No supporting abstract or reference is cited for this claim; it cannot be traced to any supplied evidence.
8,2,raw,case_08__rep_02,Candidate E,C3,unverifiable,0,,"In-situ sulfidation of GO-wrapped PBA cubes simultaneously converts PBA to metal sulfide and reduces GO to rGO, forming covalent C-S-M or C-O-M bonds that anchor the sulfide to graphene.",This is a chemically specific mechanistic claim (formation of particular covalent bonds) with no cited evidence to substantiate it.
8,2,raw,case_08__rep_02,Candidate E,C4,unverifiable,0,,"Nitrogen doping of the graphene network increases affinity for metal sulfides, acting as nucleation sites and strengthening the sulfide-carbon interface while improving conductivity and sodium adsorption.",No evidence record is provided to verify this claim about N-doped carbon's nucleation and bonding behavior with metal sulfides.
8,2,raw,case_08__rep_02,Candidate E,C5,unverifiable,0,,"During spray pyrolysis, rapid heating of droplet surfaces forms a solid shell with the interior hollowing out via a Kirkendall-effect-like process, enabling formation of hollow PBA-derived precursor cubes.","This is a specific mechanistic claim about hollow structure formation invoking the Kirkendall effect, but no evidence record is cited or supplied to support it."
8,3,eo,case_08__rep_03,Candidate A,C1,supported,3,ID: 182|ID: 258|ID: 362,"One-pot hydrothermal/solvothermal synthesis is a proven route to create intimate metal sulfide-rGO composites (e.g., CoS@rGO, SnS2/rGO) with strong anchoring for structural integrity and electron transport, and such composites show good SIB performance.","A-R01, A-R02, A-R03 all directly report hydrothermal/solvothermal synthesis of sulfide-rGO composites (SnS2-rGO, CoS@rGO, SnS2/rGO) with strong sodium-ion battery performance, matching the claim closely."
8,3,eo,case_08__rep_03,Candidate A,C2,supported,1,ID: 15,"Gaseous sulfurization of a Co-PBA (Prussian blue analogue) template produces mono-phase, highly porous CoS2 nanoparticles that retain the porous structure derived from the MOF template, yielding high surface area.","A-R05 directly confirms Co-PBA used as template, gaseous sulfurization annealing yielding mono-phase porous CoS2 with ~915.6 m2/g surface area, matching the claim precisely (though the original context is water splitting, not SIB, the structural/synthesis claim itself is well supported)."
8,3,eo,case_08__rep_03,Candidate A,C3,supported,2,ID: 1|ID: 2,"Anion exchange of Ni-Co PBA nanocubes in Na2S solution transforms them into NiS nanoframes, with the hollow morphology dictated by differential reactivity between cube edges and faces.","A-R06 and A-R07 (duplicate records of the same paper) directly support this claim: Ni-Co PBA + Na2S produces NiS nanoframes via anisotropic etching, edge/face reactivity difference cited as key factor. Well supported and unambiguous since both records show identical content."
8,3,eo,case_08__rep_03,Candidate A,C4,supported,2,ID: 258|ID: 593,"rGO acts as a flexible conductive buffer accommodating volume changes in conversion-type sulfide anodes, as demonstrated by MnS hollow microsphere/rGO composites mitigating volume expansion in Na-ion batteries.","A-R08 (MnS/RGO) explicitly states RGO nanosheets improved conductivity and mitigated volume expansion during charge/discharge, and A-R02 (CoS@rGO) supports synergistic effect for SIB performance. Directly supports the claim."
8,3,eo,case_08__rep_03,Candidate A,C5,partially_supported,1,ID: 211,"Sulfide/PBA-derived nanocubes can act as physical spacers intercalated between rGO sheets to prevent restacking and create a 3D hierarchical porous architecture facilitating electrolyte infiltration and ion diffusion, analogous to mesoporous carbon sphere intercalation between graphene sheets.","A-R10 describes mesoporous carbon spheres (not sulfide/PBA nanocubes) intercalated between rGO sheets to prevent restacking for supercapacitor electrodes. This supports the general spacer concept and mechanism analogy but not the specific claim about sulfide nanocubes; the extrapolation to PBA-derived sulfide nanocubes and to sodium-ion battery ion transport is not directly evidenced by this source, which addresses a different material system and application (supercapacitors, not SIBs)."
8,3,mpds,case_08__rep_03,Candidate B,C1,partially_supported,1,B-R01,PBA (Prussian blue analogue) nanocubes can serve as a sacrificial template converted via gaseous sulfurization into porous metal sulfide nanoparticles/structures (supporting Scientist A's templating approach).,"B-R01 demonstrates Co-PBA used as a porous template converted by gaseous sulfurization into CoS2 nanoparticles with high surface area, supporting the general templating/sulfurization concept, though it is a different metal system (Co) and does not directly address hollow nanocube morphology or Na-ion transport relevance."
8,3,mpds,case_08__rep_03,Candidate B,C2,supported,1,B-R02,"Hollow/confined metal chalcogenide nanostructures provide abundant electroactive sites, ion/electron pathways, and free space beneficial for energy storage, justifying preservation of the hollow nanocube morphology.","B-R02 is a review directly supporting the general claim that hollow/confined metal chalcogenide nanostructures benefit energy storage via improved ion/electron transport and free volume, matching the claim's content."
8,3,mpds,case_08__rep_03,Candidate B,C3,supported,1,B-R05,"Sodium-ion charge capacity in reduced graphene oxide sharply declines when annealed above 500°C, making high-temperature reduction detrimental for Na-ion applications.","B-R05 directly reports a sharp decline in Na charge capacity for rGO annealed above 500°C and near-zero capacity after NH3 annealing, closely matching the claim as stated and used as pivotal justification for rejecting high-temperature routes."
8,3,mpds,case_08__rep_03,Candidate B,C4,partially_supported,2,B-R03|B-R04,"A hydrothermally-derived or hydrogel-based 3D rGO scaffold with tuned functional groups is critical for controlling interlayer spacing and structural properties relevant to Na-ion capacity (Scientist B's scaffold approach, referenced as background for the rejected hydrothermal route).","B-R03 supports structural evolution/tuning of hydrothermally reduced GO (interlayer spacing, functional groups) but doesn't address Na-ion capacity directly. B-R04 addresses restacking-inhibited 3D rGO via melamine resin chemistry for supercapacitors, not hydrothermal self-assembly per se, and not Na-ion systems. Together they offer only partial, indirect support for the specific claim about hydrothermal scaffold controlling Na-ion-relevant properties."
8,3,mpds,case_08__rep_03,Candidate B,C5,partially_supported,2,B-R06|B-R07,"Preserved oxygen-containing functional groups on (r)GO enable chemical anchoring/interfacial bonding with sulfide particles, contributing to structural robustness (final hybrid protocol's core interface justification).","B-R06 and B-R07 establish that GO/rGO functional groups (carboxyl, phenol, etc.) govern dispersibility, ionization behavior, and pseudocapacitive electrochemical behavior, but neither directly demonstrates chemical anchoring/bonding between rGO functional groups and metal sulfide nanoparticles, which is the specific mechanistic claim being made. This is an adjacent, weaker proposition than what is claimed."
8,3,eop,case_08__rep_03,Candidate C,C1,partially_supported,2,ID: 1|ID: 2,"Anion-exchange reaction of Ni-Co PBA nanocube templates with Na2S converts them into hollow metal sulfide nanoframes/nanocubes while preserving morphology, driven by differential edge/face reactivity.","C-R03/C-R04 (duplicate records of the same paper) directly support the PBA-to-NiS nanoframe anion-exchange mechanism and edge/face reactivity, but they describe NiS nanoframes for supercapacitor/HER use, not the hollow sulfide nanocubes with porous walls specifically discussed in the task, and do not address sodium-ion transport. The core mechanistic claim about anion exchange and differential reactivity is supported; the extension to the task's specific PBA-derived hollow sulfide nanocube system is an inference."
8,3,eop,case_08__rep_03,Candidate C,C2,partially_supported,2,ID: 212|ID: 489,"GO/PBA aqueous dispersion mixing relies on electrostatic/coordination interactions between GO oxygen groups and PBA nanocube surfaces to prevent agglomeration, analogous to established GO-nanoparticle self-assembly approaches.","C-R01 and C-R02 support electrostatic self-assembly of charged nanosheets/particles with GO/rGO to prevent restacking and improve dispersion, but both concern NiCo2O4 or Ni-doped MOF/rGO composites for supercapacitors, not PBA cube-to-sulfide precursor dispersion. The general self-assembly principle is supported; the specific PBA-nanocube/GO system is not directly evidenced."
8,3,eop,case_08__rep_03,Candidate C,C3,partially_supported,2,ID: 157|ID: 506,"Hydrothermal treatment simultaneously reduces GO to rGO, with reduction degree tunable by reaction time/conditions, and partial reduction leaves oxygen groups that anchor sulfide nanocrystals.","C-R06 supports hydrothermal GO reduction kinetics and tunability of oxygen content, and C-R07 supports rGO with tuned/incomplete reduction aiding a CoO hollow cube composite's lithium storage (using Na2S2O3, not directly anchoring via oxygen groups for sulfide formation). The tunable-reduction concept is supported, but the specific claim that residual oxygen groups anchor sulfide nanocrystals in situ is not directly evidenced by either abstract."
8,3,eop,case_08__rep_03,Candidate C,C4,partially_supported,7,ID: 593|ID: 258|ID: 362|ID: 150|ID: 231|ID: 54|ID: 211,"A 3D architecture in which hollow/porous metal sulfide (or chalcogenide) nanostructures act as spacers between rGO sheets prevents restacking, buffers volume change during sodiation/desodiation, and enables combined electron/ion transport, improving rate capability and cycling stability for Na-ion battery anodes.","Several cited records (C-R08 MnS/rGO, C-R10 CoS/rGO, C-R11 SnS2/rGO) directly support sulfide/rGO composites as high-performance Na-ion anodes with volume-buffering and conductivity benefits, which is strong support for the core claim. C-R13 (restacking-inhibited rGO) and C-R09/C-R14 support the spacer/porosity/ion-electron pathway concept in different contexts (supercapacitors, general chalcogenide confinement, carbon spheres). C-R12 (Fe2O3/rGO) is a Li-ion anode analogy, not Na-ion or hollow-sulfide-specific. Overall the general mechanism is well supported by analogy across multiple relevant sulfide/rGO Na-ion papers, though not all appended IDs equally support the specific PBA-hollow-cube geometry."
8,3,eop,case_08__rep_03,Candidate C,C5,partially_supported,1,ID: 15,Gaseous sulfurization of MOF/PBA templates is an alternative but more complex-to-integrate route compared to solution-phase Na2S sulfidation combined with GO reduction.,"C-R05 supports that gaseous sulfurization of a Co-PBA template is a viable, effective route producing porous CoS2 nanoparticles, but the abstract does not address relative process complexity of integrating gaseous sulfurization with simultaneous GO reduction, which is the comparative claim made by the candidate. The factual existence of the gaseous route is supported; the comparative feasibility judgement is not directly evidenced."
8,3,raw,case_08__rep_03,Candidate D,C1,unverifiable,0,,PBA organic cyanide ligands can decompose and carbonize during thermal treatment to form a nitrogen-doped carbon layer that acts as an adhesion interface between the inorganic particle and rGO.,"No evidence record is cited or supplied for this mechanistic claim; while plausible based on known PBA chemistry, it cannot be checked against any supplied abstract."
8,3,raw,case_08__rep_03,Candidate D,C2,unverifiable,0,,"Co-dispersing CNTs with GO and PBA precursors can act as spacers between rGO sheets, creating a more open 3D conductive network that preserves electrolyte access.",No citation or abstract is provided to substantiate this claim about CNT pillaring effects.
8,3,raw,case_08__rep_03,Candidate D,C3,unverifiable,0,,Electrostatic self-assembly between positively charged PBA precursor surfaces and negatively charged GO sheets can be used to control wrapping and form chemical C-O-Metal bonds upon annealing.,No supporting evidence record supplied; claim is asserted without citation.
8,3,raw,case_08__rep_03,Candidate D,C4,unverifiable,0,,Spray pyrolysis of a PBA/GO/CNT slurry produces hierarchical composite microspheres with a 'raisin-bread' structure while preserving hollow/porous nanocube morphology after sulfidation.,No evidence record cited to verify this synthesis outcome claim.
8,3,raw,case_08__rep_03,Candidate D,C5,unverifiable,0,,"Optimizing GO loading (e.g., 5–20 wt%) yields a percolating conductive network without full pore blockage, balancing rate capability and capacity.",No citation or abstract provided to support this quantitative optimization claim.
8,3,ds,case_08__rep_03,Candidate E,C1,supported,2,E-R01|E-R02,"PBA nanocube templates can be converted via anisotropic etching/anion exchange with a sulfide source into hollow, frame-like metal sulfide nanostructures with high surface area and structural robustness (Scientist A [ID:1,2]).","Both records (duplicate DOIs of the same paper) directly describe Ni-Co PBA nanocubes converted via anion exchange with Na2S into NiS nanoframes with 3D open structure, high surface area, and structural robustness, matching the claim closely."
8,3,ds,case_08__rep_03,Candidate E,C2,supported,1,E-R03,"A dedicated conversion step such as gaseous sulfurization can produce a highly porous, high-surface-area sulfide from a PBA/MOF template (Scientist A [ID:15]).","E-R03 describes Co-PBA converted by controlled sulfurization annealing into porous CoS2 nanoparticles with large surface area (915.6 m2/g), directly supporting the claim, though the application context (electrocatalysis, not sodium anode) is adjacent rather than identical."
8,3,ds,case_08__rep_03,Candidate E,C3,partially_supported,2,E-R05|E-R06,"Growing sulfide nanocrystals directly onto rGO sheets in situ (one-pot synthesis) produces an intimate composite interface with high-performance sodium-ion battery anode behavior, including good rate capability and stability (Scientist B [ID:133,173]).","E-R05 (CoS@rGO via solvothermal in situ growth) directly supports the SIB performance and interface claim. E-R06, however, is about CeO2 nanoparticles grown on rGO for hydrazine electrooxidation catalysis, unrelated to sodium-ion batteries or sulfides, so it does not support the claim and appears to be a mismatched or miscited reference, weakening overall support to partial."
8,3,ds,case_08__rep_03,Candidate E,C4,supported,3,E-R07|E-R05|E-R08,"One-pot hydrothermal/solvothermal synthesis simultaneously converting precursor to sulfide and reducing GO to rGO has been proven to yield high-performance SIB anodes with excellent stability and rate capability (Scientist B [ID:57,133,237]).","E-R07 (SnS2-rGO), E-R05 (CoS@rGO), and E-R08 (SnS2/rGO) all describe one-pot hydrothermal/solvothermal syntheses of metal sulfide-rGO composites tested as SIB anodes with strong rate capability and cycling stability, directly supporting the general claim, though these are tin/cobalt sulfides rather than PBA-derived hollow nanocubes specifically."
8,3,ds,case_08__rep_03,Candidate E,C5,partially_supported,2,E-R08|E-R09,"Sulfide nanoparticles can act as spacers preventing rGO restacking, creating a porous 3D network for electrolyte access, and hollow structures can form in situ without complex pre-templating (Scientist B [ID:237, 468]).","E-R09 supports the in-situ hollow structure formation (MnS hollow microspheres in situ crystallized on RGO) directly. E-R08 (SnS2/rGO) supports good electrochemical performance and hybrid architecture but does not explicitly discuss preventing restacking as spacers or porous 3D network formation in the abstract text, so the specific spacer/restacking mechanism claim is only partially evidenced."
15,1,mpds,case_15__rep_01,Candidate A,C1,partially_supported,2,A-R01|A-R02,"Micropores (<2 nm) act as primary confinement zones and can alter the reaction pathway to suppress soluble polyselenide formation (Scientist A [ID: 8, 41]).","A-R01 (ID 8) supports microporous carbon confining Se for ultrastable cycling but does not describe reaction-pathway alteration. A-R02 (ID 41) explicitly supports direct Se-to-Li2Se transformation in N-doped microporous carbon, aligning with the mechanistic claim. Combined, the pathway-alteration claim is only partly and unevenly supported."
15,1,mpds,case_15__rep_01,Candidate A,C2,partially_supported,2,A-R03|A-R04,"Mesopores serve as ion highways and buffers for volume expansion, preventing kinetic starvation of micropore-confined selenium (Scientist A [ID: 2, 4]).","Both cited abstracts (A-R03, A-R04) describe mesoporous carbon architectures aiding ion/electron transport and buffering volume change, supporting the general functional role of mesopores. However neither directly demonstrates the specific 'kinetic starvation prevention' framing tied to micropore-confined Se, so support is partial rather than direct."
15,1,mpds,case_15__rep_01,Candidate A,C3,supported,1,A-R05a,In-situ nitrogen doping from MOF precursors provides chemical anchoring for polyselenides and enhances local electronic conductivity (Scientist A [ID: 15]).,"A-R05a (pool A) directly describes MOF-derived N-doped hierarchically porous carbon with N-doping improving conductivity and micropore confinement of Se, matching the claim closely. Note: ID 15 is ambiguous across pools (A-R05a vs A-R05b, a Li-S mediator paper), but the surrounding text ('N-doped... MOF-derived') clearly identifies pool A as intended, so attribution is resolvable here despite the dual listing."
15,1,mpds,case_15__rep_01,Candidate A,C4,supported,2,A-R06|A-R07,"All-carbon Li-Se systems have demonstrated ~2000 cycles, high-rate capability, and Se loading up to 72 wt% (Scientist A [ID: 9, 31]).","A-R06 reports >400 mAh/g after 2000 cycles at 1C with good rate performance, and A-R07 reports 72% Se loading with 580 mAh/g after 1000 cycles and good rate capability at 20C. Together these directly substantiate the cycle-life, rate, and loading claims, though the '2000 cycles' figure is drawn only from A-R06 and the '72 wt%' only from A-R07, so the claim is a fair composite of the two records."
15,1,mpds,case_15__rep_01,Candidate A,C5,unsupported,2,A-R05b|A-R10,"Conductive polar mediators (TiC, MXenes, SnS2) chemisorb polyselenides and catalyze their conversion to insoluble Li2Se, enabling higher loadings and rate capability (Scientist B [ID: 15, 40]).","The cited abstracts (A-R05b: TiC polar mediator kinetics; A-R10: SnS2 stabilization) both pertain to Li-S (sulfur) systems, not Li-Se. They support the analogous mechanism in sulfur chemistry but do not provide evidence for selenium-specific behavior, which is the actual claim under evaluation (a hybrid catalytic host for Li-Se). The candidate itself acknowledges this is an extrapolation from Li-S literature, so this is appropriately unsupported for the Li-Se system rather than contradicted."
15,1,eop,case_15__rep_01,Candidate B,C1,unsupported,2,ID: 38|ID: 515,ZIF-derived carbon hosts naturally produce nitrogen-doped carbon with a high density of micropores (0.4-0.55 nm) that immobilizes selenium for stable cycling.,"B-R01 (ID:38) discusses selenium confined to slit micropores in carbon (Li vs Na electrochemistry) but does not mention ZIF-derived synthesis or nitrogen doping. B-R02 (ID:515) is about TiC@graphene composites for Li-S batteries with polar conductive mediators, unrelated to ZIF-derived carbon, micropore size, or selenium hosting. Neither reference supports the specific claim about ZIF-derived N-doped micropores or the stated 0.4-0.55 nm pore size for Se immobilization."
15,1,eop,case_15__rep_01,Candidate B,C2,unsupported,2,ID: 334|ID: 538,"Confinement within sub-nanometer pores can alter the reaction pathway towards direct solid-state conversion to Li2Se, avoiding soluble long-chain polyselenides.","B-R05 (ID:334) is about photoelectrochemical deposition of SnSe thin films, entirely unrelated to Se confinement or reaction pathway. B-R06 (ID:538) discusses a graphene-wrapped sulfur/ZIF-derived carbon composite for Li-S batteries, not Se, and does not address altered reaction pathways to Li2Se. Neither reference substantiates this key mechanistic claim."
15,1,eop,case_15__rep_01,Candidate B,C3,unsupported,3,ID: 17|ID: 502|ID: 515,"Mesopores act as ion-transport channels and accommodate the ~70% volume expansion of Se upon lithiation to Li2Se, preserving structural integrity.","B-R07 (ID:17) describes a Se@polypyrrole hollow sphere cathode with capacity data but does not address mesopore ion transport or volume expansion accommodation. B-R08 (ID:502) discusses N-doped hollow porous carbon bowls for Li-S (sulfur, not selenium) with no mention of the ~70% volume expansion figure specific to Se. B-R02 (ID:515, TiC@graphene for Li-S) is unrelated. The specific volume expansion percentage and mesopore transport role are not verified by any cited abstract."
15,1,eop,case_15__rep_01,Candidate B,C4,unsupported,4,ID: 11|ID: 96|ID: 392|ID: 515,"Nitrogen-doped carbon surfaces create Lewis basic sites with strong chemical affinity for selenium and lithium polyselenides, acting as a secondary trapping mechanism.","B-R10 (ID:11) reports on Se encapsulated in polymer-derived porous carbon nanofibers (PPy-derived, N-containing precursor) but does not explicitly discuss Lewis basic sites or chemical affinity mechanisms for polyselenides. B-R11 (ID:96) is a review of e-waste metal extraction, entirely irrelevant. B-R12 (ID:392) concerns quantum entanglement in diatomic molecule dissociation, entirely irrelevant. B-R02 (ID:515) is about TiC polar mediators for Li-S, not N-doped carbon polyselenide binding. This central mechanistic claim is not supported by the cited evidence, and two citations (96, 392) are entirely off-topic, suggesting citation fabrication or severe mismatching."
15,1,eop,case_15__rep_01,Candidate B,C5,unsupported,3,ID: 502|ID: 515|ID: 524,A melt-infusion process at 221°C with 50-60 wt% Se loading is a realistic target shown to enable excellent performance in similar systems.,"B-R08 (ID:502) is on N-doped hollow porous carbon bowls for Li-S (sulfur, not selenium), no melt-infusion or specific loading percentage for Se discussed. B-R02 (ID:515) is on TiC@graphene for Li-S with sulfur loading of 3.5 mg/cm2, not a 50-60 wt% Se loading target. B-R13 (ID:524) is about hydrogen adsorption density in MOFs, entirely unrelated to Se melt-infusion. None of these references support the specific melt-infusion parameters or loading target claimed."
15,1,raw,case_15__rep_01,Candidate C,C1,unverifiable,0,,"ZIF-8 nanoparticles blended into PAN and electrospun, then carbonized, produce N-doped microporous carbon domains embedded in a continuous PAN-derived carbon fiber matrix that provides electronic percolation, with mesopores forming at the interface.",No evidence records were supplied for this candidate; the claim is a specific mechanistic proposition about ZIF-8/PAN electrospinning outcomes that cannot be checked against any abstract.
15,1,raw,case_15__rep_01,Candidate C,C2,unverifiable,0,,"High ZIF-8 loading relative to PAN causes the carbon matrix to become discontinuous after carbonization, resulting in poor electronic conductivity and mechanical failure during cycling.",No citation or evidence record accompanies this claim about a specific structural failure mode.
15,1,raw,case_15__rep_01,Candidate C,C3,unverifiable,0,,"Higher carbonization temperature (800-900°C) increases graphitization and conductivity but risks pore collapse and loss of nitrogen functional groups, weakening polyselenide anchoring, versus lower temperature (600-700°C) preserving microporosity/N-content but with lower conductivity.","This is a central mechanistic/feasibility claim about carbonization trade-offs, but no evidence record is provided to substantiate the specific temperature-dependent trends asserted."
15,1,raw,case_15__rep_01,Candidate C,C4,unverifiable,0,,"Melt-infusion of Se into the porous carbon host at ~260°C for 12 hours under Argon fills micropores via capillary action for confinement while leaving meso-/macropores open for ion transport, and Se loadings above ~70 wt% risk clogging mesopore channels and reducing rate capability.","This is a central feasibility/performance claim regarding the standard Se-loading protocol and its quantitative threshold, but no supporting evidence record is cited or supplied."
15,1,raw,case_15__rep_01,Candidate C,C5,unverifiable,0,,Absence of bulk Se peaks in XRD is a good indicator of successful Se infusion into amorphous/nanocrystalline states within host pores.,"This is a specific characterization claim central to validating the Se-loading strategy, but no evidence record is provided to confirm this diagnostic relationship."
15,1,ds,case_15__rep_01,Candidate D,C1,unverifiable,1,ID: 15,"MOF-derived N-doped hierarchically porous carbon (as sponges/hosts) can confine selenium via micropore physical confinement plus N-doping chemisorption, giving superior storage capacity and cycling stability for Li-Se batteries.","ID:15 is ambiguous between two supplied records: D-R07a (MOF-derived N-doped carbon sponge for Li-Se, directly on-topic and would strongly support this claim) and D-R07b (TiC/Li-S polar mediator paper, unrelated). The candidate text does not disambiguate which pool is intended, so per the module rules this cannot be resolved by guessing even though one of the two records would fully support the claim."
15,1,ds,case_15__rep_01,Candidate D,C2,unsupported,3,ID: 39|ID: 48|ID: 2,"Co-electrospinning a MOF precursor (e.g., ZIF-8) with a polymer (e.g., PAN) followed by one-step carbonization produces a monolithic, binder-free bimodally porous carbon nanofiber network with inherent electronic percolation, avoiding interfacial resistance/failure points of multi-component composites.","D-R03 (ID:39, pool B) is about mesoporous carbon nanocubes for Li-O2 batteries, not MOF/PAN electrospun nanofibers. D-R04 (ID:48) is a sulfur-impregnated carbon sponge with ketjen black, unrelated to electrospinning or MOF/PAN. D-R05 (ID:2) is N-doped hollow porous carbon bowls for Li-S, also unrelated to the electrospinning/carbonization route or interfacial-resistance argument. None of the cited abstracts describe the MOF-PAN co-electrospinning method or support the specific architectural claim."
15,1,ds,case_15__rep_01,Candidate D,C3,unsupported,2,ID: 9|ID: 39,"A specific heat treatment during selenium loading can transform Se into chain-like molecules that form direct C-Se covalent bonds with the carbon host, providing a robust anchor against dissolution.","D-R08 (ID:9) is a review of Li-S cathode approaches with no mention of Se or C-Se covalent bonding. D-R03 (ID:39, pool B) concerns mesoporous carbon nanocubes for Li-O2 batteries. Neither abstract supports the specific claim of heat-treatment-induced C-Se covalent bond formation."
15,1,ds,case_15__rep_01,Candidate D,C4,unsupported,3,ID: 10|ID: 15|ID: 21,"MXene nanosheets create polar Lewis acid-base sites effective at trapping polyselenide/polysulfide intermediates, based on strong evidence of efficacy in Li-S systems.","D-R02 (ID:10) is about Se-doped CNT/graphene for oxygen reduction catalysis, not MXenes or polysulfide trapping. D-R09 (ID:21) concerns capillary encapsulation of S/Se in CNTs, not MXenes. ID:15 is ambiguous (see C1) and even under the Li-Se pool (D-R07a) does not discuss MXenes; the Li-S pool (D-R07b) discusses conductive polar TiC, not MXene specifically. None of the cited records substantiate the MXene-polyselenide trapping claim attributed to this material."
15,1,ds,case_15__rep_01,Candidate D,C5,unverifiable,1,ID: 1-500,"As of 2016, a comprehensive dataset on selenium cathodes contains no mention of MXenes, making MXene inclusion speculative for Li-Se applications at that time.","The citation '[ID: 1-500]' is not a valid, attributable evidence identifier; it appears to reference an entire corpus rather than a specific abstract. Only two of the supposedly encompassed IDs (1 and 500) are supplied as records (D-R10, D-R11), and both concern unrelated topics (MgH2 hydrogen storage and shale-gas hydrocarbon recovery), providing no support for the sweeping claim about the absence of MXene mentions in a Se-cathode literature corpus."
15,1,eo,case_15__rep_01,Candidate E,C1,partially_supported,2,ID: 508|ID: 515,"Micropores (<2 nm) confine selenium and polyselenides, mitigating shuttle effect and improving cycle life; specifically 0.4-0.55 nm micropores in MOF-derived carbon sponges efficiently prevent selenium loss [ID: 508, 515]","E-R07 (ID 515) is about TiC/graphene polar mediators for Li-S batteries, not MOF-derived carbon sponges with 0.4-0.55 nm micropores hosting Se; this specific claim about pore size and MOF-derived carbon sponge is not supported by the supplied abstract, which is a mismatch. E-R06 (ID 508) is about nitrogen-enriched carbon for Li-S at low temperature, not micropore confinement of Se specifically. Neither abstract supports the specific micropore size or Se sponge claim; only generic microporous confinement/shuttle suppression themes are loosely analogous from Li-S literature."
15,1,eo,case_15__rep_01,Candidate E,C2,unsupported,4,ID: 199|ID: 334|ID: 538|ID: 541,"Confinement in sub-nano pores can favor a direct, solid-state Se-to-Li2Se transformation, bypassing polyselenide intermediates, per evidence from related systems [ID: 199, 334, 538, 541]","ID 199 is about zinc supplementation in dialysis patients (biomedical, irrelevant), ID 334 is about SnSe thin films for photoelectrochemistry (irrelevant), ID 538 is about MOF-derived microporous carbon for Li-S (sulfur, not direct solid-state Se transformation claim), and ID 541 is about LiBH4 nanoconfinement NMR (irrelevant to Se electrochemistry). None of these directly support the specific mechanistic claim about Se-to-Li2Se solid-state pathway; this appears to be the correct citation for this specific mechanism (which is typically ID 38, cited elsewhere in the text) but is missing here, indicating a mismatched or fabricated-adjacent citation set for a central mechanistic claim."
15,1,eo,case_15__rep_01,Candidate E,C3,unsupported,5,ID: 17|ID: 60|ID: 515|ID: 22|ID: 139,Mesopores act as electrolyte channels and buffer volume expansion during Se lithiation; in bimodal structures mesopores serve as electrolyte reservoirs facilitating rapid ion transport to micropore-hosted selenium [ID: 515],"ID 17 is a Se@polypyrrole hollow sphere cathode paper (does not discuss mesopore/electrolyte channel role specifically), ID 60 and ID 22 concern selenide nanocrystal/nanowire transformation and photovoltaic CE fabrication (irrelevant to mesopore transport function), ID 139 is about flexible QLED displays (completely irrelevant), and ID 515 (TiC@graphene Li-S) does not describe bimodal mesopore/micropore Se hosting. The specific bimodal pore mechanism is not supported by any cited abstract."
15,1,eo,case_15__rep_01,Candidate E,C4,unsupported,2,ID: 38|ID: 515,"Pyrolysis of ZIF-8 produces microporous carbon, and MOF-derived carbonization can yield hierarchical sponges with microporous layers separated by mesoporous voids for bimodal architecture [ID: 38, 515]","E-R16 (ID 38) is actually about selenium confined in slit micropores in carbon (Li vs Na electrochemistry) -- relevant to Se confinement but not about ZIF-8 pyrolysis producing microporous carbon architecture as claimed. E-R07 (ID 515) is the TiC@graphene Li-S paper, unrelated to MOF/ZIF carbonization or hierarchical sponge structure. This is a significant mismatch: the specific ZIF-8-derived hierarchical carbon claim is not supported by either cited abstract."
15,1,eo,case_15__rep_01,Candidate E,C5,partially_supported,5,ID: 11|ID: 515|ID: 524|ID: 541|ID: 560,"Nitrogen-doped carbon derived from ZIF/imidazole linkers improves electrical conductivity and introduces polar sites binding polyselenides, complementing physical confinement [ID: 11, 515, 524, 541, 560]","E-R19 (ID 11) directly supports Se encapsulation in interconnected porous carbon nanofiber webs for Li-Se batteries, relevant and supportive of nanofiber/porous carbon host claims generally, though it does not specifically address N-doping binding polyselenides. ID 524 (MOF hydrogen storage), ID 541 (LiBH4 NMR), and ID 560 (hierarchical meso/microporous carbon for Li-ion, not N-doped or Se-specific) do not support the N-doping/polyselenide binding claim. ID 515 (TiC@graphene) is again mismatched. Overall only partial, weak support via ID 11."
15,2,eop,case_15__rep_02,Candidate A,C1,supported,3,ID: 15|ID: 41|ID: 38,"Micropores (0.4-0.55 nm) in MOF/ZIF-derived N-doped carbon confine Se and enable a direct solid-state transformation to Li2Se, avoiding soluble polyselenide intermediates.","A-R03 (ID:15) directly reports 0.4-0.55 nm micropores confining Se in MOF-derived N-doped carbon; A-R04 (ID:41) and A-R05 (ID:38) both support direct/single-step transformation to Li2Se in micropore-confined Se, closely matching the claim."
15,2,eop,case_15__rep_02,Candidate A,C2,partially_supported,4,ID: 15|ID: 511|ID: 9|ID: 596,Nitrogen doping in the carbon matrix creates polar sites that chemically anchor polyselenides (analogous to DFT-confirmed sulfur systems) and also enhances electronic conductivity.,"A-R03 supports N-doping improving conductivity in the Se system. A-R07 (ID:511) and A-R08 (ID:596) support DFT-confirmed N-doping/adsorption chemistry but for sulfur analogues, as the candidate itself acknowledges. A-R01 (ID:9) is about chemical bonding of Se to microporous carbon (not explicitly N-doped) reducing dissolution, so it partially but not fully substantiates the specific N-doping anchoring mechanism for polyselenides."
15,2,eop,case_15__rep_02,Candidate A,C3,partially_supported,3,ID: 15|ID: 561|ID: 502,"Mesopores in the bimodal architecture serve as ion-transport channels/electrolyte reservoirs and buffer the ~77% volumetric expansion of Se during lithiation, preserving structural integrity.","A-R03 supports mesopores as electrolyte-absorbing/cushioning space in the same MOF-derived Se system. A-R09 (ID:561) and A-R10 (ID:502) are sulfur-cathode carbon host studies (CDC foam and N-doped hollow bowls) that support the general mesopore-buffering concept but not the specific 77% expansion figure or Se system directly, so overall support is partial."
15,2,eop,case_15__rep_02,Candidate A,C4,partially_supported,4,ID: 2|ID: 4|ID: 518|ID: 9,"An interconnected 1D nanofiber network provides continuous electronic percolation, enabling high Se utilization at high mass loading (>60 wt%).","A-R11 (ID:2) and A-R12 (ID:4) directly support 3D interconnected carbon nanofiber/mesoporous architectures maintaining conductivity in Li-Se systems, with A-R12 explicitly discussing >60% Se loading. However, A-R13 (ID:518) is a sulfur (not selenium) hierarchical porous carbon rod study, only an analogous system, weakening the direct chain of support for the specific Se claim."
15,2,eop,case_15__rep_02,Candidate A,C5,supported,2,ID: 9|ID: 86,"The primary failure mode in Li-Se systems is the polyselenide shuttle effect causing capacity fade and low Coulombic efficiency, motivating a multifunctional confinement/anchoring host design.","Both A-R01 (ID:9) and A-R02 (ID:86) directly discuss polyselenide dissolution/shuttle effect as the central failure mode in Li-Se batteries, matching the claim well."
15,2,raw,case_15__rep_02,Candidate B,C1,unverifiable,0,,"ZIF-8-derived carbon generates a high density of nitrogen-doped micropores (<2 nm) upon carbonization, which physically entrap Se and polyselenides while N-doping provides chemical anchoring.",No evidence record or citation identifier is provided for this claim; it cannot be checked against any supplied abstract.
15,2,raw,case_15__rep_02,Candidate B,C2,unverifiable,0,,"Mesopores are too large to effectively trap polyselenides through physical restriction alone, leading to a rapid shuttle effect and low coulombic efficiency similar to early Li-S mesoporous carbon designs.",This claim about mesoporous carbon shuttle behavior in Li-S systems is asserted without any citation or supplied evidence record.
15,2,raw,case_15__rep_02,Candidate B,C3,unverifiable,0,,"Higher carbonization temperature (>800\u00b0C) leads to pore coalescence, converting micropores to mesopores.",No evidence record supplied to substantiate this specific claim about carbonization temperature effects on pore structure.
15,2,raw,case_15__rep_02,Candidate B,C4,unverifiable,0,,"Embedding ZIF nanocrystals within a PAN fiber before carbonization mechanically locks the resulting ZIF-derived carbon into a robust continuous PAN-derived carbon backbone, better accommodating Se volume changes upon cycling.",This mechanistic/structural claim central to the proposal's feasibility argument has no supporting evidence record cited.
15,2,raw,case_15__rep_02,Candidate B,C5,unverifiable,0,,A carbonization temperature around 700-800\u00b0C balances conversion of PAN into conductive carbon without completely destroying ZIF-derived microporosity.,"Specific quantitative processing claim central to feasibility, but no citation or evidence record is supplied to verify it."
15,2,ds,case_15__rep_02,Candidate C,C1,unverifiable,2,Scientist A ID: 15|Scientist A ID: 41,"Micropores (<2 nm) physically trap selenium and polyselenide intermediates, effectively preventing dissolution and the shuttle effect.",No abstract records were supplied for any cited identifiers in this packet; the claim cannot be checked against evidence.
15,2,ds,case_15__rep_02,Candidate C,C2,unverifiable,3,Scientist A ID: 9|Scientist A ID: 24|Scientist A ID: 39,"During melt-infusion, selenium forms strong chemical bonds with the carbon matrix (especially in micropores), and nitrogen-doping enhances chemical affinity for polyselenides.",No evidence abstracts were provided to verify this chemical-bonding/doping claim.
15,2,ds,case_15__rep_02,Candidate C,C3,unverifiable,1,Scientist B ID: 40,An all-carbon host is fundamentally limited because carbon's largely non-polar nature provides insufficient chemical anchoring for polar polyselenide species.,No abstract record supplied for ID 40 in this packet; cannot confirm or refute the claim from evidence.
15,2,ds,case_15__rep_02,Candidate C,C4,unverifiable,3,Scientist B ID: 10|Scientist B ID: 15|Scientist B ID: 40,"Polar conductive mediators (MXenes, TiC, SnS2) chemisorb polyselenides more strongly than N-doped carbon and drastically suppress the shuttle effect.",No supporting abstracts are supplied; the comparative strength claim against N-doped carbon cannot be verified here.
15,2,ds,case_15__rep_02,Candidate C,C5,unverifiable,2,Scientist B ID: 15|Scientist B ID: 45,"TiC and similar polar mediators act as catalysts that accelerate polyselenide conversion/precipitation kinetics, reducing polarization and improving rate capability.","No abstract records were supplied for these identifiers, so the catalytic mechanism claim is unverifiable from the given evidence pool."
15,2,eo,case_15__rep_02,Candidate D,C1,supported,1,D-R02,"Confining Se within small micropores (e.g., 0.4-0.55 nm) efficiently prevents Se loss, while mesopores between carbon layers absorb electrolyte and act as cushion spaces for volume change; this bimodal architecture is achieved in MOF-derived N-doped carbon sponges.","D-R02 abstract directly describes this exact micropore size range, mesopore cushioning function, and MOF-derived N-doped carbon sponge architecture, matching the claim closely."
15,2,eo,case_15__rep_02,Candidate D,C2,supported,2,D-R03|D-R04,"In sufficiently small (sub-nano) pores, sulfur conversion can proceed via a solid-state mechanism, directly forming Li2S2/Li2S and bypassing soluble polysulfide intermediates, as a chemical analogue supporting the Se confinement strategy.","D-R03 demonstrates sub-nano confinement alters Li-S electrochemical mechanism, and D-R04 demonstrates a single-step transformation to Li2S2/Li2S without higher-order polysulfides. Both directly support the sulfur-analogue claim, though extrapolation to selenium is an inference the candidate acknowledges as an analogue rather than direct Se evidence."
15,2,eo,case_15__rep_02,Candidate D,C3,partially_supported,4,D-R02|D-R10|D-R11|D-R12,"Nitrogen doping improves electrical conductivity/charge transfer and introduces polar sites with chemical affinity for polyselenides, immobilizing them via chemisorption and suppressing the shuttle effect.","D-R02 supports the conductivity benefit of N-doping directly for Se systems. D-R10, D-R11, D-R12 support N-doping's chemical adsorption/immobilization role but are all sulfur (not selenium) systems, so the polyselenide-specific claim is only partially supported by direct analogy rather than direct evidence for selenium."
15,2,eo,case_15__rep_02,Candidate D,C4,supported,1,D-R13,"N-doping combined with microporosity enables a direct solid-state transformation between Se and Li2Se, avoiding soluble intermediates and yielding unprecedented cycling stability.","D-R13 abstract explicitly states confined Se within N-doped microporous carbon spheres realizes direct Se to Li2Se transformation with unprecedented electrochemical performance, matching the claim closely."
15,2,eo,case_15__rep_02,Candidate D,C5,supported,1,D-R14,"A 3D interconnected carbon nanofiber (CNF) framework ensures robust electrical conductivity at high Se loadings and can be fabricated as flexible, free-standing, binder-free films that increase energy density.","D-R14 describes a flexible, free-standing PCNF/Se composite with 3D interconnected framework maintaining conductivity and suppressing polyselenide shuttling, directly supporting this claim, though it does not explicitly discuss 'high Se loadings' or 'increased energy density from binder removal' as quantified benefits."
15,2,mpds,case_15__rep_02,Candidate E,C1,partially_supported,2,E-R01|E-R02,"Physical confinement within ultra-micropores (<1 nm) prevents formation of soluble polyselenides, enabling ultrastable cycling (Scientist A citing [ID: 8, 41]).","E-R01 and E-R02 both support ultrastable/high-performance Se-microporous carbon composites, but neither explicitly discusses pore size <1 nm as the confinement mechanism preventing polyselenide formation; E-R02 mentions direct Se-to-Li2Se transformation, which is consistent but not identical to the specific <1 nm mechanistic claim."
15,2,mpds,case_15__rep_02,Candidate E,C2,supported,1,E-R03a,"MOF-derived N-doped hierarchical carbon sponge (from ZIF-8-type precursor) is a proven, high-performance host specifically for Li-Se cathodes with intrinsic chemical anchoring and enhanced conductivity (Scientist A [ID: 15]).","E-R03a directly describes MOF-derived N-doped carbon sponges for Li-Se batteries with hierarchical porosity (0.4-0.55 nm micropores), N-doping improving conductivity, and strong cycling performance (443.2 mAh/g at 200 cycles), matching the claim closely."
15,2,mpds,case_15__rep_02,Candidate E,C3,unverifiable,2,E-R03b|E-R06,"Conductive polar TiC nanoparticle mediators provide powerful chemisorption and electrocatalysis for polysulfide/polyselenide conversion, a principle demonstrated in advanced Li-S systems (Scientist B [ID: 15, 45]).","The numeric token [ID: 15] is ambiguous: it appears in both Evidence pool A (E-R03a, MOF-derived carbon for Li-Se) and pool B (E-R03b, TiC mediator for Li-S). The candidate text uses [ID: 15] for both Scientist A's Li-Se claim and Scientist B's TiC claim without pool-disambiguating context beyond attribution to 'Scientist A' vs 'Scientist B', which is an authorial label, not an evidence pool identifier. Per audit rules, a bare ID appearing in two pools is not attributable unless surrounding text clearly resolves it; here the surrounding text is ambiguous as to which record is intended for the TiC claim, though E-R06 [ID: 45] does independently and directly support the TiC-mediator claim for Li-S (matching content of E-R03b nearly verbatim), so the core claim is supported via ID 45, but reliance on ambiguous ID 15 undermines full traceability."
15,2,mpds,case_15__rep_02,Candidate E,C4,partially_supported,1,E-R05,"N,S-co-doped carbon provides chemical anchoring for polyselenides/polysulfides (Scientist B [ID: 23]).","E-R05 supports N,S co-doped porous carbon spheres improving polysulfide affinity in Li-S batteries, not Li-Se; the claim is analogized to Se hosting without direct Se-system evidence, so only partially supported."
15,2,mpds,case_15__rep_02,Candidate E,C5,partially_supported,2,E-R03b|E-R07,"Passive polysulfide/polyselenide trapping is insufficient and catalytic conversion (e.g., via a redox mediator) is needed to overcome kinetic bottlenecks, as demonstrated in advanced Li-S systems (Scientist B [ID: 15, 72]).","E-R07 supports a chemical mediator (MnO2) converting polysulfides in Li-S systems, consistent with the general catalytic-conversion argument. However, this is a different mechanism (MnO2 redox shuttle) than the TiC electrocatalysis argument used elsewhere, and the [ID: 15] token is again ambiguous between pools A and B. The general principle is supported for Li-S but extrapolation to Li-Se remains an unproven hypothesis, as the candidate itself concedes."
15,3,raw,case_15__rep_03,Candidate A,C1,unverifiable,0,,Carbonization of ZIF-8 produces nitrogen-doped microporous carbon (<2 nm pores) that provides both physical confinement and chemical anchoring of Se/polyselenides.,"No evidence record was supplied for this claim; the candidate cites no bracketed identifiers at all, so this well-known but externally verifiable claim cannot be checked against supplied abstracts."
15,3,raw,case_15__rep_03,Candidate A,C2,unverifiable,0,,A bimodal (micro+meso) porous carbon architecture balances polyselenide confinement with Li+ ion transport and volume-expansion buffering during Se lithiation to Li2Se.,This is a central mechanistic claim for the proposal but no evidence abstract is provided to verify it.
15,3,raw,case_15__rep_03,Candidate A,C3,unverifiable,0,,"A continuous conductive carbon nanofiber (CNF) backbone, formed by in-situ growth of ZIF crystals on electrospun PAN nanofibers followed by co-carbonization, ensures electronic percolation and mechanical integrity.",No supporting record supplied; claim about synthesis route and resulting percolation benefits cannot be checked.
15,3,raw,case_15__rep_03,Candidate A,C4,unverifiable,0,,"Two-step melt-infusion (heating above Se melting point ~221 °C, then >300 °C) breaks Se8 rings into smaller Se_n chains that diffuse into micropores, maximizing confinement.",Specific mechanistic/thermal claim central to the proposed loading process; no evidence record supplied to verify.
15,3,raw,case_15__rep_03,Candidate A,C5,unverifiable,0,,"N-doping sites (pyridinic-N, pyrrolic-N) in ZIF-derived carbon exhibit strong chemical affinity for polar Li2Sex species, reducing active material loss, analogous to Li-S cathode strategies.",Central chemical-anchoring claim borrowed from Li-S literature; no abstract provided to substantiate the analogy or the specific affinity claim.
15,3,ds,case_15__rep_03,Candidate B,C1,supported,2,Scientist A [ID: 38]|Scientist A [ID: 41],"Micropores (<2 nm) confine selenium and shift the reaction pathway to a direct solid-state Se-to-Li2Se conversion, suppressing soluble polyselenide intermediates.",B-R01 (ID 38) directly demonstrates confinement of Se in slit micropores with single-step conversion to Li2Se and long cycle life; B-R02 (ID 41) shows N-doped microporous carbon spheres enabling direct Se-to-Li2Se transformation. Both abstracts directly support the mechanistic claim.
15,3,ds,case_15__rep_03,Candidate B,C2,supported,1,Scientist A [ID: 9],"Strong, covalent-like chemical bonds form between selenium and the carbon host during heat treatment, promoting robust contact and reducing dissolution.","B-R03 explicitly describes chainlike Sen molecules chemically bonding with microporous carbon nanofiber surfaces during heat treatment, directly supporting this claim."
15,3,ds,case_15__rep_03,Candidate B,C3,partially_supported,4,Scientist A [ID: 2]|Scientist A [ID: 4]|Scientist A [ID: 15]|Scientist A [ID: 24],"A 3D interconnected nanofiber network with mesopores provides robust electronic conductivity and ion transport while buffering Se volume expansion, and N-doping enhances conductivity.","B-R04, B-R05, B-R06a, B-R07 all support porous carbon fiber/sponge architectures aiding conductivity, ion transport, and volume buffering. However, ID 15 is ambiguous: two records are supplied for this token (B-R06a, MOF-derived N-doped carbon sponge; B-R06b, an unrelated Li-S TiC mediator paper). The candidate text does not disambiguate which pool is intended in the Scientist A context, though contextually pool A (B-R06a) is clearly the intended one given the surrounding claim about N-doped carbon. This ambiguity slightly weakens strict traceability but the claim is substantively supported by the other three references."
15,3,ds,case_15__rep_03,Candidate B,C4,partially_supported,3,Scientist B [ID: 21]|Scientist B [ID: 15]|Scientist B [ID: 45],"A conductive polar mediator (e.g., TiC) chemisorbs polyselenides/polysulfides and, being metallic, enables rapid electrochemical conversion of trapped species, boosting redox kinetics (the 'capture and convert' mechanism).","B-R09 (ID 21, MXene/mesoporous carbon reservoir) and B-R10 (ID 45, conductive polar TiC mediators) support the polar-mediator mechanism for polysulfides in Li-S systems, not Li-Se systems as claimed. This is an extrapolation across chemistries not explicitly validated by the cited abstracts, consistent with Scientist A's critique noted in the candidate text itself. ID 15 is again ambiguous between B-R06a (N-doped carbon sponge, Li-Se) and B-R06b (conductive polar mediators, Li-S); in this Scientist B context the intended pool is likely B (TiC mediator paper), which does support the point, but the ambiguity itself is a traceability defect since the same bare numeral is used in two different contexts (A and B) without pool markers in-text."
15,3,ds,case_15__rep_03,Candidate B,C5,partially_supported,2,Scientist B [ID: 26]|Scientist B [ID: 40],"Reliance on micropore confinement alone (N-doped carbon) is a fragile strategy that fails at high current densities, and N-doped carbon's weak polar attraction is inferior to dedicated polar materials for chemical control.","B-R12 (ID 26) shows that pore effects on cycling stability disappear at high current density for Li-S carbon/sulfur composites, which partially supports the critique but is about sulfur, not selenium, systems. B-R13 (ID 40) discusses polar SnS2/SnO2 additives outperforming nonpolar carbon for polysulfide confinement in Li-S, again an adjacent Li-S analogy rather than direct Li-Se evidence. The claim is extrapolated across chemistries without direct Se-system support."
15,3,eo,case_15__rep_03,Candidate C,C1,supported,4,ID: 15|ID: 8|ID: 9|ID: 3,"Sub-nanometer micropores (0.4-0.55 nm) physically confine selenium and its discharge products, mitigating polyselenide shuttle and dissolution; confinement can convert Se8 to chain-like Sen molecules chemically bonded to carbon.",C-R01 (ID15) explicitly reports 0.4-0.55 nm micropores confining Se and preventing loss; C-R04 (ID9) and C-R05 (ID3) directly support Se8-to-Sen conversion and chemical bonding to carbon reducing dissolution. C-R03 (ID8) supports microporous confinement generally though with less detail.
15,3,eo,case_15__rep_03,Candidate C,C2,supported,1,ID: 41,"Confinement in nitrogen-doped micropores can promote direct electrochemical conversion between Se and Li2Se, bypassing soluble polyselenide intermediates.","C-R06 (ID41) abstract explicitly states confined Se in N-doped microporous carbon spheres realizes direct transformation between Se and Li2Se, matching the claim closely."
15,3,eo,case_15__rep_03,Candidate C,C3,supported,5,ID: 4|ID: 15|ID: 486|ID: 2|ID: 11,"Mesopores are essential for ion transport, electrolyte infiltration, and accommodating volume changes, while an interconnected 3D nanofiber network maintains electronic percolation during cycling.","C-R01 (ID15) explicitly describes mesopores absorbing electrolyte and cushioning volume change; C-R07 (ID4) and C-R09 (ID2) support mesoporous/3D interconnected architectures enabling conductivity and accommodating volume change; C-R10 (ID11) supports interconnected nanofiber webs improving performance. C-R08 (ID486) is a thesis abstract broadly relevant but less specific to the exact claim (partial support only for that sub-citation), though overall claim is supported by the stronger co-cited sources."
15,3,eo,case_15__rep_03,Candidate C,C4,supported,6,ID: 15|ID: 24|ID: 511|ID: 523|ID: 596|ID: 886,"Nitrogen doping of MOF-derived carbon improves electrical conductivity and facilitates rapid charge transfer for better rate performance; N-doping in the analogous Li-S field introduces polar sites that chemically adsorb polysulfides, providing a secondary confinement mechanism.","C-R01 (ID15) and C-R11 (ID24) directly support N-doping improving conductivity/rate performance in Se systems. C-R12 (ID511), C-R13 (ID523), C-R14 (ID596), C-R15 (ID886) all directly support N-doping's chemical adsorption of polysulfides in Li-S systems, consistent with the analogy claim as explicitly framed by the candidate."
15,3,eo,case_15__rep_03,Candidate C,C5,partially_supported,4,ID: 711|ID: 9|ID: 15|ID: 24,"MOF-derived carbon nanofibers can be synthesized by electrospinning a polymer solution containing MOF precursors (e.g., ZIF) followed by thermal activation, yielding a continuous nanofibrous network with inherent MOF-derived porosity suitable for hosting Se via melt-diffusion.","C-R18 (ID711) does describe electrospinning a polymer solution with MOF (ZIF) precursor followed by thermal activation to form a nanofibrous network, but this is in the context of a fuel-cell ORR catalyst, not a Se-hosting battery cathode. The synthesis method transfer is plausible but not validated for Se/Li-Se application in the cited source, so the claim of applicability to Se-hosting carbon nanofibers is an extrapolation beyond the evidence."
15,3,mpds,case_15__rep_03,Candidate D,C1,unverifiable,3,"Scientist A, ID: 39|Scientist A, ID: 47|Scientist A, ID: 33",Co-annealing selenium with PAN creates direct C-Se covalent bonds that virtually eliminate the polyselenide shuttle and enable stable cycling in carbonate electrolytes.,"No abstract records were supplied for this packet at all, so the numeric identifiers cited (39, 47, 33) cannot be checked against any evidence record."
15,3,mpds,case_15__rep_03,Candidate D,C2,unverifiable,3,"Scientist B, ID: 21|Scientist B, ID: 15|Scientist B, ID: 45","A hybrid host of TiC nanoparticles grown in-situ within a MOF-derived, N-doped carbon framework provides chemical anchoring and catalyzes electrochemical reactions to improve rate capability and utilization.",No supplied evidence abstracts exist to confirm the TiC/carbon catalytic mechanism claim; identifiers are unverifiable in this packet.
15,3,mpds,case_15__rep_03,Candidate D,C3,unverifiable,4,"Scientist B, ID: 10|Scientist B, ID: 15|Scientist B, ID: 21|Scientist A, ID: 26",MXene hosts and Li-S literature analogies are only proof-of-concept and not a guarantee of success for Li-Se systems due to distinct electrochemical environment.,"No abstract text is provided to verify whether these cited works indeed pertain to Li-S rather than Li-Se systems, or support the stated limitation."
15,3,mpds,case_15__rep_03,Candidate D,C4,unverifiable,2,"Scientist B, ID: 18|Scientist B, ID: 78",A bimodal pore structure with micropores for trapping non-bonded Se and mesopores for rapid Li-ion transport balances confinement and ion transport in the proposed nanofiber architecture.,No evidence record content is available in this packet to confirm the structure-porosity claims attributed to these IDs.
15,3,mpds,case_15__rep_03,Candidate D,C5,unverifiable,1,"Scientist A, ID: 15","The carbon framework alone (MOF-derived hierarchical carbon web) provides sufficient surface area and physical confinement for Se, as an initial proposal precursor to the CPAN/Se approach.",No abstract is supplied to verify this foundational claim about MOF-derived carbon web confinement capability.
15,3,eop,case_15__rep_03,Candidate E,C1,supported,2,ID: 38|ID: 41,"Selenium confined in micropores (<2 nm) can be forced to exist as shorter chain-like Se_n molecules and may undergo direct solid-state conversion to Li2Se, bypassing soluble polyselenide intermediates.",E-R05 (ID:38) directly demonstrates Se_x chains in slit micropores converting to Li2Se in a single-step reaction with Li anode; E-R04 (ID:41) shows N-doped microporous carbon spheres enabling direct Se-to-Li2Se transformation. Both abstracts support the mechanistic claim well.
15,3,eop,case_15__rep_03,Candidate E,C2,partially_supported,3,ID: 15|ID: 4|ID: 12,"Mesopores/interfiber voids act as ion-transport highways and accommodate ~80% volume expansion during lithiation, preserving structural integrity over cycling.","E-R06 (ID:15) supports mesopores absorbing electrolyte and buffering volume change; E-R07 (ID:4) and E-R08 (ID:12) describe mesoporous/hollow carbon structures accommodating volume change and improving cycling, but none explicitly quantify or confirm the ~80% volume expansion figure attributed to Se lithiation, which is asserted without direct evidentiary backing in these abstracts."
15,3,eop,case_15__rep_03,Candidate E,C3,partially_supported,3,ID: 15|ID: 711|ID: 511,"Nitrogen-doping in MOF-derived carbon creates polar surface sites that chemically adsorb polar lithium polyselenide intermediates, providing a secondary immobilization mechanism.","E-R06 (ID:15) supports N-doping improving conductivity and confinement in Se systems, but does not explicitly discuss polyselenide chemical adsorption. E-R10 (ID:511) demonstrates N-doped mesoporous carbon chemically adsorbing sulfur (not selenium) via DFT-verified mechanism—an adjacent/analogous system, not selenium-specific. E-R09 (ID:711) is about a fuel-cell ORR catalyst using MOF-derived nanofibrous carbon and is not relevant to polyselenide adsorption at all, appearing to be a mismatched or fabricated-context citation."
15,3,eop,case_15__rep_03,Candidate E,C4,supported,2,ID: 15|ID: 9,MOF-derived nitrogen-doped carbon sponges demonstrate 443.2 mAh/g after 200 cycles at 0.5C with near-perfect coulombic efficiency; porous carbon nanofibers show >400 mAh/g after 2000 cycles at 1C and >420 mAh/g at 5C.,"E-R06 (ID:15) reports exactly 443.2 mAh/g at 200th cycle, 0.5C, 99.9% CE, matching the claim. E-R02 (ID:9) reports over 400 mAh/g after 2000 cycles at 1C and over 420 mAh/g at 5C, matching precisely."
15,3,eop,case_15__rep_03,Candidate E,C5,supported,1,ID: 9,"Selenium can form direct chemical bonds with microporous carbon nanofibers, further strengthening immobilization.","E-R02 (ID:9) explicitly describes Se transforming into chainlike Se_n molecules that chemically bond with inner surfaces of microporous carbon nanofibers, directly supporting this claim."
18,1,ds,case_18__rep_01,Candidate A,C1,unverifiable,1,Scientist B ID: 57,"An m-Y-S (multi-yolk-shell) architecture achieves ultra-long cycle stability (over 20,000 cycles) for potassium-ion storage.",No abstract records were supplied for this packet despite the citation label appearing in the text; the claim cannot be checked against any evidence.
18,1,ds,case_18__rep_01,Candidate A,C2,unverifiable,2,Scientist A ID: 86|Scientist A ID: 167,"Pyrolysis of core-shell ZIF precursors simultaneously forms hollow N-doped carbon polyhedra, embeds metal sulfide nanoparticles, and grows an interconnected CNT network.",No abstract corresponding to these identifiers was provided; claim cannot be verified from supplied records.
18,1,ds,case_18__rep_01,Candidate A,C3,unverifiable,1,Scientist B ID: 6,Embedding m-Y-S particles within a macroporous rGO 'sponge' creates a continuous 3D conductive network that eliminates inter-particle contact resistance.,No abstract is available for this identifier in the packet; the mechanistic claim about conductivity cannot be checked.
18,1,ds,case_18__rep_01,Candidate A,C4,unverifiable,4,Scientist A ID: 93|Scientist A ID: 461|Scientist B ID: 111|Scientist B ID: 249,"N-doping of carbon shells (from ZIF-derived precursors) creates polar sites that chemically anchor potassium polysulfides, mitigating capacity fade.","No evidence records were supplied for any of these identifiers, so the anchoring mechanism claim cannot be assessed."
18,1,ds,case_18__rep_01,Candidate A,C5,unverifiable,1,Scientist A ID: 171,Bimetallic sulfides/selenides embedded in the carbon framework improve intrinsic conductivity and reaction kinetics relative to single-metal sulfides.,No abstract was supplied for this identifier; the comparative performance claim cannot be verified.
18,1,eo,case_18__rep_01,Candidate B,C1,unsupported,7,ID: 43|ID: 60|ID: 399|ID: 459|ID: 557|ID: 618|ID: 345,Hollow architecture (yolk-shell/multi-shell) is essential to buffer volume expansion of metal sulfides during K-ion (de)potassiation and prevent pulverization/loss of contact.,"None of the cited abstracts address potassium-ion storage; ID:43 and ID:60 concern Li-ion sandwich/graphene composites, ID:399 is Na-ion, ID:459 is photocatalytic water splitting (irrelevant), ID:557 and ID:618 concern drug delivery/gold nanoparticle catalysis (irrelevant to battery encapsulation), ID:345 is Li-ion. The general concept of hollow structures buffering volume expansion is plausible from analogous Li/Na work, but no supplied record supports the K-ion-specific claim, and several citations are entirely off-topic (photocatalysis, gold nanoparticles, drug delivery), indicating citation misuse rather than support."
18,1,eo,case_18__rep_01,Candidate B,C2,unsupported,10,ID: 27|ID: 41|ID: 211|ID: 431|ID: 20|ID: 92|ID: 498|ID: 73|ID: 106|ID: 264,"Mesoporous/thin carbon shells with hierarchical (micro+meso) porosity facilitate electrolyte penetration and shorten ion diffusion paths, improving transport into encapsulated active material.","Cited records are largely irrelevant: ID:27, ID:73 concern solid-state Li electrolytes/argyrodite conductors; ID:431 is dye-sensitized solar cell counter electrodes; ID:498 is wastewater resource recovery; ID:264 is bioelectrochemical anode-respiring bacteria; ID:41 is Na-ion TiO2 nanotubes (not shell porosity for encapsulation); ID:106 is MoS2/carbon fiber cloth (tangential). ID:92 (ZnS-Sb2S3@C core-shell) is the only somewhat relevant record, discussing carbon shell facilitating electrolyte infiltration, but it is Na-ion, not K-ion, and only partially matches the mesoporous/hierarchical claim. Overall the central claim about hierarchical porosity for K-ion transport is not supported by the cited literature."
18,1,eo,case_18__rep_01,Candidate B,C3,partially_supported,7,ID: 29|ID: 167|ID: 405|ID: 495|ID: 506|ID: 459|ID: 716,"In situ sulfidation of MOF-derived or oxide-derived precursors confined within hollow carbon yields ultrafine, uniformly distributed metal sulfide nanoparticles with strong carbon coupling, aiding polysulfide immobilization and charge transfer.","ID:29 (metal sulfide/carbon composite microspheres via spray pyrolysis with cubic nanorooms) is relevant and supports the general encapsulation/microsphere concept for Na-ion anodes, providing partial support. However ID:167 is about lithium-ion sulfur batteries (cathode-focused, not MOF-derived sulfide encapsulation), ID:405 is Na-ion TiO2/graphene pseudocapacitance (irrelevant), ID:495 is a USGS report on rare-earth elements (completely irrelevant), ID:506 is a general review of hollow carbon spheres (background, not specific), and ID:716 is about PtPd nanocube catalysis in N-doped hollow carbon nanosphere (irrelevant to metal sulfide sulfidation). The claim is only partially supported by one relevant source among several mismatched or irrelevant citations."
18,1,eo,case_18__rep_01,Candidate B,C4,unsupported,15,ID: 501|ID: 502|ID: 954|ID: 407|ID: 473|ID: 525|ID: 53|ID: 217|ID: 353|ID: 93|ID: 320|ID: 105|ID: 137|ID: 798|ID: 912,Polysulfide dissolution is a major failure mode for metal sulfide anodes causing capacity fade; hollow carbon architecture and N/S-doped carbon provide physical/chemical confinement to trap polysulfides.,"The cited records are overwhelmingly about lithium-metal anode protection, solid-state electrolytes, sulfide solid electrolytes, or Li-S battery cathodes (ID:407, ID:473, ID:53, ID:105, ID:137, ID:320) rather than metal sulfide anode polysulfide dissolution in K-ion systems. ID:501, ID:502, ID:525 concern hollow carbon nanospheres/nanowires as anodes for Na/Li storage (rate capability), not polysulfide trapping specifically. ID:954 is a supercapacitor electrode (Co3O4/N-doped carbon), irrelevant. ID:798 and ID:912 concern sulfur hosts for Li-S batteries (physical/chemisorption confinement of polysulfides), which is topically closer but for elemental sulfur cathodes, not metal sulfide anode polysulfides in K-ion cells. ID:93 (FeS2 on turbostratic carbon for Na-ion) is tangential. Overall, the specific mechanism as applied to K-ion metal sulfide anodes is not supported by any cited record."
18,1,eo,case_18__rep_01,Candidate B,C5,unsupported,6,ID: 20|ID: 32|ID: 71|ID: 93|ID: 136|ID: 461,"Nitrogen doping of carbon enhances electrical conductivity, creates active sites for potassium storage, and improves electrolyte wettability.","None of the cited records discuss potassium-ion storage or nitrogen-doped carbon's role in K-ion systems. ID:20 is Li-ion metal sulfide@CNF; ID:32 is Na-ion Cu-sulfide/MOF carbon; ID:71 is Li-ion metal-organic sulfide anodes; ID:93 is Na-ion FeS2/turbostratic carbon; ID:136 is cobalt sulfide hollow nanospheres for water splitting (irrelevant); ID:461 is Li-metal solid electrolyte interphase fluorination (irrelevant). The general concept of N-doping improving conductivity is common in the field, but no supplied evidence specifically substantiates the K-ion-relevant claim, and several citations are off-topic (water splitting, Li-metal SEI)."
18,1,mpds,case_18__rep_01,Candidate C,C1,supported,1,C-R01,"Polar VS4 incorporated into a SnS heterostructure chemically binds/traps potassium polysulfide intermediates, enabling ultra-long cycle life (used to justify choosing a polar chemical-trap component in the active material).","C-R01 (VS4/SnS@C paper) directly supports entrapment of KxSy intermediates by VS4 and reports long cycling (6000 cycles at 1 A g-1), matching the claim, though the candidate's earlier text references '20,000 cycles' for a different structure (m-Y-S), not this one, so no overstatement here."
18,1,mpds,case_18__rep_01,Candidate C,C2,partially_supported,2,C-R02|C-R03,"Polysulfide shuttling/dissolution is a key degradation mechanism in metal sulfide anodes, established in KIB and analogous Na-ion systems.","C-R02 and C-R03 both support polysulfide shuttling as a degradation mechanism, but only in Na-ion systems, not KIBs directly. The claim of 'directly observed in KIBs' relies on C-R01, which is KIB-specific and supports it; the Na-ion analogy claim is well supported by R02/R03. Overall the combined claim is partially supported because the KIB-specific evidence is thin (only one source) and the Na-ion sources are analogic, not direct KIB evidence."
18,1,mpds,case_18__rep_01,Candidate C,C3,partially_supported,3,C-R06|C-R07|C-R08,"Intra-particle heterointerfaces (e.g., SnS/VS4, MnS-MoS2) create built-in electric fields that lower ion diffusion barriers, supported by theoretical and experimental data.","C-R06, C-R07, C-R08 all support heterointerface engineering lowering diffusion barriers via DFT and experiments, but all are in Na-ion (or Li/Na) systems, not K-ion. The mechanistic principle is supported but the applicability to K-ion systems is an extrapolation not directly evidenced."
18,1,mpds,case_18__rep_01,Candidate C,C4,partially_supported,3,C-R11|C-R13|C-R14,"A multi-shelled hollow carbon sphere (MHCS) architecture provides staged volume accommodation, low-tortuosity porous network, and is scalable via template-free polymer synthesis, making it superior to multi-yolk-shell for K-ion storage.",C-R11 supports multishelled carbon spheres improving Na-ion storage via structural engineering. C-R13 and C-R14 support template-free synthesis of hollow carbon nanospheres and mention KIB anode application (C-R13) but do not directly compare or establish MHCS as superior to multi-yolk-shell architectures for K-ion storage specifically; comparative superiority claim is not directly evidenced.
18,1,mpds,case_18__rep_01,Candidate C,C5,supported,1,C-R12,"The multi-yolk-shell (m-Y-S) architecture has demonstrated exceptional stability for potassium storage, lasting up to 20,000 cycles.","C-R12 directly reports the m-Y-S Fe1-xS@C composite achieving ultra-stable potassium storage up to 20,000 cycles at 1 A g-1, matching the claim precisely."
18,1,eop,case_18__rep_01,Candidate D,C1,unsupported,3,D-R01|D-R02|D-R03,"Volume expansion during potassiation of metal sulfides causes mechanical degradation, pulverizing active material and severing electrical contact with the carbon matrix, exacerbated for K-ion systems [ID: 503, 542, 618].","D-R01 concerns Li-S hollow carbon spheres, D-R02 concerns Fe-N-doped hollow carbon for ORR catalysis, and D-R03 concerns gold nanoparticles in carbon nanofibers for catalysis. None discuss metal sulfide volume expansion, K-ion potassiation, or conversion-reaction mechanical degradation. These abstracts do not support the specific claim about K-ion-induced pulverization."
18,1,eop,case_18__rep_01,Candidate D,C2,unsupported,3,D-R04|D-R05|D-R06,"Dissolution of intermediate alkali-metal polysulfide species is a critical failure mode for metal sulfide anodes in ether-based electrolytes for K-ion systems, analogous to Li-S shuttle effect [ID: 501, 502, 848].","D-R04 and D-R05 describe hollow carbon nanowires/nanospheres for Na-ion battery anodes with no mention of polysulfide dissolution or shuttle effects. D-R06 concerns N,P,S-doped hollow carbon shells for catalysis (C-H oxidation), unrelated to polysulfide shuttle in alkali-metal sulfide anodes. None of the three abstracts substantiate the specific claim about polysulfide dissolution in K-ion metal sulfide systems."
18,1,eop,case_18__rep_01,Candidate D,C3,partially_supported,3,D-R07|D-R08|D-R09,"A yolk-shell structure with an engineered void between sulfide yolk and carbon shell serves as a buffer zone for volume expansion [ID: 43, 422, 557].","D-R07 discusses sandwich-structured metal sulfide@rGO for Li-ion anodes, relevant to metal sulfide/carbon composites but not yolk-shell void buffering. D-R08 is about solid-state Li-ion battery electrolytes, entirely unrelated. D-R09 describes hollow carbon nanospheres with tunable mesopores for drug delivery, not yolk-shell battery buffering. Only D-R07 offers marginal topical relevance to metal sulfide/carbon composites; the core yolk-shell buffering mechanism is not directly supported by any of the three records."
18,1,eop,case_18__rep_01,Candidate D,C4,unsupported,6,D-R15|D-R16|D-R05|D-R17|D-R18|D-R19,"Nitrogen doping of the carbon shell chemically anchors polysulfide-like intermediates via polar sites, preventing leaching, and sulfur co-doping via C-S bonds further enhances K-ion adsorption [ID: 22, 102, 502] and [ID: 17, 93, 281].","D-R15 (Mo,Ni sulfide/selenide microspheres for Na-ion), D-R16 (SnS-MoS2@C for Li-ion), D-R05 (hollow carbon nanospheres for Na-ion, no N-doping/polysulfide discussion), D-R17 (metal oxide/sulfide hosts for Li-S, general review), D-R18 (FeS2 on turbostratic carbon for Na-ion, no N-doping discussion), D-R19 (general SIB electrode review). None specifically demonstrate nitrogen-doping-based polysulfide anchoring or S co-doping C-S bond formation for K-ion adsorption. The mechanistic claim is not directly supported by any cited abstract."
18,1,eop,case_18__rep_01,Candidate D,C5,unsupported,5,D-R20|D-R21|D-R22|D-R23|D-R24,"Optimized spray drying creates hierarchical macroporosity between HCS units enabling rapid electrolyte percolation into microsphere interiors, though evidence base for optimizing spray drying of such delicate structures is limited [ID: 20, 95, 130] and [ID: 181, 522].","D-R20 (metal sulfide@CNF networks, Li-ion), D-R21 (NiS/NiSe2 nanoplates, Li/Na), D-R22 (Cu1.8S intercalation, Na-ion), D-R23 (in situ TEM of CoS2 conversion, Li-ion), D-R24 (N-doped double-shelled hollow carbon spheres for Li-S sulfur cathodes). None of these describe spray-drying processing of secondary microspheres or hierarchical macro/mesoporosity for electrolyte percolation. The claim about spray-drying-derived hierarchical porosity is not supported by any of the cited records."
18,1,raw,case_18__rep_01,Candidate E,C1,unverifiable,0,,"Embedding MSx nanoparticles directly within the conductive carbon matrix establishes a continuous 3D electron transport network, reducing electronic isolation risk.",No citation or evidence record is provided for this mechanistic claim; it cannot be checked against any supplied abstract.
18,1,raw,case_18__rep_01,Candidate E,C2,unverifiable,0,,Yolk-shell encapsulation with a large central void provides superior volume accommodation for K-ion conversion reactions but risks poor electronic contact between the yolk and shell upon contraction.,"This is a central feasibility/mechanism claim central to the debate, but no evidence identifiers or abstracts are supplied to verify it."
18,1,raw,case_18__rep_01,Candidate E,C3,unverifiable,0,,"Distributed-void matrix encapsulation creates tortuous ion transport paths that can become blocked by SEI formation or sulfide expansion, causing capacity fade.",No supporting evidence record is cited or supplied for this transport/failure-mode claim.
18,1,raw,case_18__rep_01,Candidate E,C4,unverifiable,0,,"The architecture (matrix or yolk-shell) can be synthesized via a one-pot spray drying process using a sacrificial silica template, carbon precursor, and metal salt precursor.","A specific fabrication route claim with practical/feasibility implications, but no evidence record is cited to substantiate the synthesis method's applicability to this system."
18,1,raw,case_18__rep_01,Candidate E,C5,unverifiable,0,,A hybrid porous-yolk/porous-shell design with carbon 'nanobridges' can maintain electronic conductivity while accommodating bulk expansion and facilitating ion transport.,"This is the candidate's proposed resolution and a central feasibility claim, but it is presented without any citation or supporting evidence record."
18,2,eo,case_18__rep_02,Candidate A,C1,supported,1,A-R01 [ID: 57],"Multi-yolk-shell Fe1-xS@C composites demonstrate ultrastable K-ion storage up to 20,000 cycles due to optimized interior void space and multiple yolk-shell connection points that maintain structural/electrical integrity.","A-R01 abstract directly confirms m-Y-S Fe1-xS@C composite, 20,000 cycles at 1 A/g, and attributes performance to optimized interior void space and multiple connection points for electron/ion transport, matching the claim closely."
18,2,eo,case_18__rep_02,Candidate A,C2,supported,1,A-R02 [ID: 113],Yolk-shell SnS2@C nanoboxes accommodate volume changes and prevent aggregation in both SIBs and PIBs.,"A-R02 explicitly describes SnS2 encapsulated in N-doped hollow carbon nanobox accommodating volume change and aggregation, with performance shown in both SIBs and PIBs."
18,2,eo,case_18__rep_02,Candidate A,C3,supported,1,A-R17 [ID: 49],"VS4 acts as an effective anchoring site for potassium polysulfide (KxSy) species in K-ion batteries, enhancing reaction reversibility and cycle life.","A-R17 abstract describes VS4/SnS@C heterostructure where VS4 acts as anchoring site for KxSy intermediates, enhancing reversibility and cycle life (6000 cycles), directly matching the claim."
18,2,eo,case_18__rep_02,Candidate A,C4,supported,1,A-R19 [ID: 348],"Graphene-shell encapsulation of FeS2 inhibits the polysulfide shuttle effect in K-ion batteries, with DFT confirming strong polysulfide adsorption on graphene.","A-R19 confirms graphene-shell encapsulated FeS2 inhibits polysulfide shuttle effect and DFT shows strong adsorption capacity for polysulfides on graphene shells, matching the claim precisely."
18,2,eo,case_18__rep_02,Candidate A,C5,partially_supported,3,A-R28 [ID: 22]|A-R29 [ID: 29]|A-R30 [ID: 101],"Spray drying/spray pyrolysis (including with sacrificial NaCl templates) is a viable, scalable process for producing hierarchical metal sulfide-carbon composite microspheres with internal void networks without collapsing them.","A-R28 and A-R29 support that spray drying/pyrolysis can produce metal sulfide-carbon microspheres with empty nanovoids or cubic nanorooms, and A-R30 supports spray pyrolysis robustness to volume change. However, none of the abstracts explicitly address the risk of void-network collapse under spray drying conditions or provide direct evidence that hierarchical hollow carbon nanosphere-aggregated microspheres specifically (as opposed to generic metal sulfide/carbon microspheres) survive spray processing without void collapse. The claim of 'without destroying the crucial void network' is an inference beyond what is explicitly stated, though the general feasibility claim is reasonably supported for related structures (Na-ion focus, not K-ion)."
18,2,mpds,case_18__rep_02,Candidate B,C1,partially_supported,2,B-R01|B-R02,"Bimetallic sulfide heterostructures (e.g., VS4/SnS@C or Fe1-xS/MoS2) create functional interfaces with built-in electric fields that accelerate K-ion kinetics.","B-R01 and B-R02 are Na-ion battery studies showing heterointerface engineering lowers Na-diffusion barriers and improves kinetics, not K-ion. The mechanism (heterointerface accelerating alkali-ion diffusion) is analogous but the claim specifically invokes K-ion kinetics, which these sodium-system papers do not directly demonstrate."
18,2,mpds,case_18__rep_02,Candidate B,C2,supported,1,B-R03,"Polar heterostructure components (e.g., VS4 in VS4/SnS@C) actively trap and stabilize potassium polysulfide intermediates.","B-R03 directly describes VS4/SnS@C heterostructure in K-ion batteries where VS4 anchors and stabilizes KxSy intermediates via entrapment effects, matching the claim closely."
18,2,mpds,case_18__rep_02,Candidate B,C3,supported,1,B-R04,"Multi-yolk-shell architectures distribute mechanical stress through multiple discrete active units, improving stability for K-ion storage.","B-R04 describes a multi-yolk-shell Fe1-xS@C structure with tunable void space that improves K/Na/Li storage stability and cycling, supporting the stress-distribution and stability claim."
18,2,mpds,case_18__rep_02,Candidate B,C4,partially_supported,1,B-R05,Multi-shelled hollow carbon spheres provide hierarchical buffering to accommodate volume expansion without catastrophic failure.,"B-R05 discusses multishelled hollow carbon nanospheres for Na-ion batteries, showing structural dependence on shell number affects plateau capacity via adsorption-filling mechanism, but does not directly address K-ion volume-expansion buffering or mechanical failure prevention, so the claim is only partially supported by analogy."
18,2,mpds,case_18__rep_02,Candidate B,C5,partially_supported,2,B-R06|B-R07,Co-doping carbon hosts with nitrogen and sulfur creates a multifunctional host providing intrinsic chemical anchoring for polysulfides and additional active sites for potassium storage.,"B-R06 supports sulfur-grafted hollow carbon spheres for K-ion batteries with high capacity and CS bonding contributing to storage (relevant to S doping and K-storage sites), but does not address polysulfide anchoring or N-S co-doping specifically. B-R07 is an N,S co-doped hollow carbon sphere study but for sodium-ion batteries, not potassium, and offers only a brief abstract with no mechanistic detail on polysulfide anchoring. Together they partially but not fully support the combined N,S co-doping claim for K-ion polysulfide management."
18,2,eop,case_18__rep_02,Candidate C,C1,supported,1,ID: 57,"A multi-yolk-shell architecture (metal sulfide nanoparticles as yolks within hollow carbon shells) with tunable interior void space achieves ultra-stable K-ion cycling over thousands of cycles, via a partial sulfidation self-templating strategy (Fe1-xS@C).","C-R03 directly describes the partial sulfuration-derived multi-yolk-shell Fe1-xS@C structure with tunable interior void space and reports ultra-stable K-ion cycling up to 20000 cycles, closely matching the claim."
18,2,eop,case_18__rep_02,Candidate C,C2,partially_supported,4,ID: 124|ID: 527|ID: 6|ID: 141,Hierarchical porosity—mesoporous shells on carbon nanospheres plus macroporous channels between aggregated nanospheres—enables electrolyte access to encapsulated active material and bulk percolation into the microsphere.,"C-R06, C-R08, C-R09 describe carbon-confined metal sulfide sodium-storage architectures with hierarchical/mesoporous or macroporous carbon frameworks, and C-R07 describes heteroatom-doped mesoporous hollow carbon spheres for sodium storage. These support the general concept of hierarchical porosity aiding transport, but none are potassium-ion systems, and none explicitly test macropore/mesopore separation as described in the claim; the mapping to the specific two-scale porosity mechanism is inferential rather than directly demonstrated in a K-ion context."
18,2,eop,case_18__rep_02,Candidate C,C3,partially_supported,1,ID: 29,A washable NaCl template used during spray pyrolysis/drying can preserve inter-sphere macroporosity ('nanorooms') between hollow carbon nanospheres in a scalable synthesis route.,"C-R10 confirms a spray-pyrolysis method using NaCl as a washable template to create metal sulfide/carbon composite microspheres with cubic nanorooms, supporting the general synthesis concept. However, the abstract is for sodium-ion batteries, not potassium, and does not explicitly discuss preservation of inter-sphere void networks against collapse during spray drying as claimed."
18,2,eop,case_18__rep_02,Candidate C,C4,partially_supported,4,ID: 2|ID: 49|ID: 348|ID: 529,"Chemical anchoring via nitrogen/sulfur doped carbon and polar sulfide heterostructures (e.g., VS4/SnS@C) can trap potassium polysulfide intermediates, improving lifespan; similarly, graphene-shell encapsulated FeS2 inhibits the polysulfide shuttle effect in KIBs.","C-R20 (VS4/SnS@C) directly supports the KIB polysulfide-anchoring claim and long lifespan performance. C-R22 (FeS2 graphene shell) directly supports the FeS2/KIB polysulfide-shuttle-inhibition claim. However, C-R19 (sulfur-doped carbon) is a sodium-ion system, and C-R21 (nickel sulfide/carbon hollow spheres) is a lithium-sulfur system, so the general 'chemical anchoring' claim is only partially transferable/supported across all cited systems, with some citations addressing adjacent (non-K-ion) chemistries."
18,2,eop,case_18__rep_02,Candidate C,C5,partially_supported,2,ID: 104|ID: 229,"Yolk-shell structures where the active material is not rigidly bonded to the carbon shell show excellent durability because the shell remains intact while the core expands/shrinks freely, supporting mechanical robustness against fracture over cycling.","C-R23 (Bi2S3@N-doped carbon yolk-shell) and C-R24 (FeS2@C yolk-shell) both support the general yolk-shell mechanical durability concept via decoupled core expansion, but both are lithium-ion battery studies, not potassium-ion, so the extension of this durability principle to the K-ion system stated in the claim is not directly evidenced by the cited abstracts."
18,2,raw,case_18__rep_02,Candidate D,C1,unverifiable,0,,"SnS2 undergoes ~400% volume expansion during potassiation/depotassiation, necessitating a pre-engineered void (yolk-shell) to avoid pulverization.",No evidence record is cited or supplied for this specific volumetric expansion figure or the resulting mechanical failure claim.
18,2,raw,case_18__rep_02,Candidate D,C2,unverifiable,0,,Embedding MS nanoparticles at junctions of aggregated hollow carbon nanospheres (HCNs) guarantees continuous electronic pathways while the HCN hollow interiors serve as ion transport/buffer channels.,This mechanistic claim about transport and buffering is presented without any citation or supplied abstract to verify it.
18,2,raw,case_18__rep_02,Candidate D,C3,unverifiable,0,,A two-stage pyrolysis (low-temperature ~350°C binder pyrolysis followed by 700-900°C carbonization) improves carbon conductivity and structural stability in spray-dried microsphere synthesis.,No evidence record supports or references this specific process claim.
18,2,raw,case_18__rep_02,Candidate D,C4,unverifiable,0,,"GITT measurements can be used to determine the K-ion diffusion coefficient, with a low value indicating a 'choked' transport structure.","General electrochemical technique claim, plausible but not supported by any cited evidence record in this packet."
18,2,raw,case_18__rep_02,Candidate D,C5,unverifiable,0,,N-doping of the carbon shell around MS nanoparticles improves conductivity and electrolyte wettability.,No evidence record is cited to substantiate this specific materials claim about N-doped carbon shells.
18,2,ds,case_18__rep_02,Candidate E,C1,unsupported,0,,x,x
18,3,mpds,case_18__rep_03,Candidate A,C1,partially_supported,2,A-R01|A-R02,A dedicated void (yolk-shell architecture) is necessary/effective for accommodating volume expansion to achieve ultra-long cycle life in metal sulfide anodes for K/Na/Li-ion storage.,"A-R01 supports yolk-shell (multi-yolk-shell) architecture giving ultra-stable K-ion cycling with tunable void space, and A-R02 supports the void accommodating volume expansion, but for Li-ion, not K-ion. Together they partially support the general claim, but A-R02 is off-target for the K-ion-specific context of this proposal."
18,3,mpds,case_18__rep_03,Candidate A,C2,partially_supported,3,A-R03|A-R04|A-R08,Engineered hetero-interfaces (bimetallic/heterostructured sulfides) accelerate K+ kinetics and help manage polysulfide intermediates in potassium-ion batteries.,"A-R03 directly supports heterostructure entrapment of polysulfide intermediates in a K-ion system (VS4/SnS@C), which is strong support. However A-R04 is a Na-ion system and A-R08 is also Na-ion; both are cited to support a K-ion-specific mechanistic claim, so overreach exists for two of three citations."
18,3,mpds,case_18__rep_03,Candidate A,C3,partially_supported,1,A-R06,"A hierarchically porous hollow carbon sphere (HPHCS) host provides distributed stress accommodation for confined nanoparticles undergoing volume change, superior to a single large yolk-shell void.","A-R06 supports macropore-confinement of Fe3O4 nanoparticles individually accommodating volume change and preventing aggregation/pulverization, but this is a Li-ion system, not K-ion, and does not directly compare volumetric density/robustness against yolk-shell architectures as claimed."
18,3,mpds,case_18__rep_03,Candidate A,C4,partially_supported,1,A-R07,"Hierarchical/mesoporous carbon sphere hosts enable unchoked, rapid ion transport kinetics for confined metal sulfide nanoparticles.","A-R07 supports MoS2 nanosheets confined in hollow mesoporous carbon spheres achieving good rate capability, but this is a Li-ion system and a yolk-shell architecture (not the pure HPHCS integrated composite claimed by Scientist B), somewhat undermining the specific claim about a porous host distinct from yolk-shell for K-ion transport unchoking."
18,3,mpds,case_18__rep_03,Candidate A,C5,unsupported,1,A-R05,A purely yolk-shell (large-void) architecture is disadvantageous relative to an integrated porous carbon composite due to poor volumetric density (the 'Fabergé egg' critique).,"A-R05 (evidence pool B, ID 478) is about a hollow porous bowl-like Co/C nanocomposite for electromagnetic wave absorption—entirely unrelated to battery volumetric density or yolk-shell critique. This citation does not support the claim at all."
18,3,eop,case_18__rep_03,Candidate B,C1,supported,2,ID: 42|ID: 126,"Metal sulfide anodes suffer immense stress and volume changes during conversion/alloying reactions leading to pulverization and loss of electrical contact, especially amplified for large K-ions.","Both B-R01 and B-R02 directly discuss large volume expansion in metal sulfides leading to poor cycling performance; B-R02 specifically addresses this in the context of K-ion batteries, supporting the claim well."
18,3,eop,case_18__rep_03,Candidate B,C2,supported,2,ID: 49|ID: 348,"Potassium polysulfide intermediates (KxSy) dissolve during cycling, causing active material loss and poor cycling reversibility, and can be mitigated by polar/doped carbon anchoring sites.","B-R03 explicitly describes KxSy (K2S, K2S5) dissolution/agglomeration causing loss of active ingredients and poor reversibility in PIBs, and demonstrates a polar anchoring strategy (VS4) to entrap intermediates. B-R04 similarly demonstrates graphene-shell encapsulation inhibiting polysulfide shuttle in FeS2 PIBs. Together these directly support both the mechanism and the mitigation strategy."
18,3,eop,case_18__rep_03,Candidate B,C3,supported,3,ID: 57|ID: 113|ID: 104,"A yolk-shell architecture, with metal sulfide nanoparticles as yolk inside a hollow carbon shell with void space, accommodates volume expansion during potassiation without straining/fracturing the shell, improving cycling stability over simple core-shell designs.","B-R05 (multi-yolk-shell Fe1-xS@C) directly demonstrates tunable interior void space enabling ultra-stable K-ion storage attributed to optimized void space for structural stability. B-R06 (SnS2@C yolk-shell nanoboxes) shows accommodation of volume change in Na/K systems. B-R07, though focused on Li-ion Bi2S3@C, directly demonstrates via in situ TEM that hollow space accommodates lithiation-induced expansion without cracking shells, mechanistically supporting the general yolk-shell rationale, though it is a Li-system rather than K-system, a minor adjacency issue."
18,3,eop,case_18__rep_03,Candidate B,C4,partially_supported,5,ID: 6|ID: 38|ID: 78|ID: 124|ID: 14,"Incorporating rGO sheets into precursor slurry creates a 3D conductive network bridging yolk-shell nanospheres within microspheres, ensuring electronic connectivity and macroporous channels for electrolyte penetration throughout the secondary particle.","Cited records (B-R15–B-R19) demonstrate rGO/carbon-wrapped metal sulfide composites with enhanced conductivity and sodium-storage performance (all Na-ion systems, not K-ion), and none specifically describe spray-drying assembly of yolk-shell hollow carbon nanospheres into rGO-bridged secondary microspheres. The general principle of rGO enhancing conductive networks and facilitating ion transport is supported, but the specific microsphere-assembly mechanism via spray drying is not directly evidenced by any cited abstract."
18,3,eop,case_18__rep_03,Candidate B,C5,supported,1,ID: 29,"A sacrificial NaCl templating strategy during spray pyrolysis creates structurally robust 'nanorooms' or cubic voids within microspheres that persist after template removal, providing a mechanically robust internal pore network for metal sulfide/carbon composites.","B-R22 directly describes synthesis of metal sulfide/carbon composite microspheres with cubic nanorooms via spray pyrolysis using NaCl as a washable template, matching the claim closely (though evidenced for Na-ion rather than K-ion systems, the structural/process claim itself is directly supported)."
18,3,raw,case_18__rep_03,Candidate C,C1,unverifiable,0,,"Volume expansion of metal sulfides (e.g., SnS2) during potassiation requires void space at least 2-3x the initial particle volume to buffer strain without breaking the carbon shell.",No citation or evidence record is provided for this quantitative claim; it cannot be checked against any supplied abstract.
18,3,raw,case_18__rep_03,Candidate C,C2,unverifiable,0,,"A hard-templated SiO2@polydopamine-metal precursor route, followed by sulfidation/carbonization at 600-800°C and SiO2 etching, yields hollow N-doped carbon nanospheres with anchored metal sulfide nanoparticles.",This is a specific synthesis route claim with no supporting literature or abstract cited.
18,3,raw,case_18__rep_03,Candidate C,C3,unverifiable,0,,"Nitrogen doping of the carbon framework improves intrinsic electronic conductivity and helps anchor metal sulfide nanoparticles via chemical bonding, preventing detachment during cycling.",No evidence record supplied to substantiate this mechanistic claim about N-doping effects.
18,3,raw,case_18__rep_03,Candidate C,C4,unverifiable,0,,Interconnected macropores and mesopores between hollow carbon nanospheres in the aggregated microsphere are necessary to prevent K+ diffusion from becoming rate-limiting and to avoid poor rate capability.,No citation given for this transport/rate-capability claim.
18,3,raw,case_18__rep_03,Candidate C,C5,unverifiable,0,,A carbon shell thickness of 5-10 nm represents an appropriate trade-off between mechanical robustness and ion permeability for the encapsulating shell.,This specific numerical design parameter is asserted without any supporting evidence record.
18,3,ds,case_18__rep_03,Candidate D,C1,supported,1,D-R01,"A multi-yolk-shell (m-Y-S) Fe1-xS@C structure with partial sulfidation achieves ultra-stable K-ion cycling up to 20,000 cycles, attributed to optimized interior void space and multiple connection points for electron/ion transport.","D-R01 directly reports the m-Y-S Fe1-xS@C structure with 20,000 cycles at 1 A/g for K-ion storage and attributes performance to interior void space and conductive pathways, matching the claim closely."
18,3,ds,case_18__rep_03,Candidate D,C2,supported,1,D-R05,"VS4/SnS@C heterostructures use VS4's unsaturated sulfur sites to anchor and stabilize potassium polysulfide intermediates (KxSy), enabling ultralong cycling life in PIBs.","D-R05 explicitly describes VS4/SnS@C heterostructure with VS4's unsaturated bridging sites acting as anchoring sites for KxSy intermediates and reports ultra-long lifespan (6000 cycles), directly supporting the claim."
18,3,ds,case_18__rep_03,Candidate D,C3,supported,1,D-R06,"N/S co-doped hollow carbon architectures (e.g., hollow carbon nanocubes) provide robust cycling stability in K-ion batteries by facilitating K+ adsorption and relieving volume change.","D-R06 describes N/S-codoped hollow carbon nanocubes for PIBs with robust stability (100% retention after 620 cycles, 99.9% after 3000 cycles) and attributes performance to N/S dopants facilitating K+ adsorption and relieving volume change, matching the claim."
18,3,ds,case_18__rep_03,Candidate D,C4,partially_supported,3,D-R10|D-R11|D-R09,"MOF-templated pyrolysis (e.g., ZIF-67-derived) provides a proven, single-precursor pathway to simultaneously create hollow carbon architecture, embed metal sulfide nanoparticles, and achieve in-situ N-doping, as demonstrated for cobalt sulfide/carbon polyhedra composites.","D-R10 and D-R11 support ZIF-67-derived hollow cobalt sulfide/carbon composites via simultaneous pyrolysis-sulfidation, consistent with the claim for Li-ion applications, not K-ion. D-R09 is a CoP (phosphide, not sulfide) water-splitting catalyst unrelated to battery encapsulation or K-ion storage, so it does not support this specific claim and appears to be a weak/irrelevant citation bundled in. The core MOF-to-hollow-carbon-sulfide route is supported only for other alkali/non-battery systems, not directly for K-ion storage or the exact multi-functional claim as stated."
18,3,ds,case_18__rep_03,Candidate D,C5,partially_supported,1,D-R16,"Bimetallic sulfide/selenide heterostructures (e.g., MoSe2/CoSe2) encapsulated in N,S co-doped hollow carbon nanospheres deliver high-performance Na/K-ion storage, supporting the proposed bimetallic MoS2/CoSx N,S-doped carbon design.","D-R16 supports a closely analogous bimetallic selenide (not sulfide) system encapsulated in N,S co-doped hollow carbon nanospheres with good K-ion performance, offering reasonable but not exact support since the candidate's specific bimetallic sulfide (MoS2/CoSx) system is not the same chemistry (selenide vs sulfide)."
18,3,eo,case_18__rep_03,Candidate E,C1,supported,1,ID: 57,"A multi-yolk-shell (m-Y-S) architecture with multiple Fe1-xS nanoparticles confined within a hollow carbon nanosheet demonstrates ultra-stable potassium storage up to 20,000 cycles, with the interior void space and multiple connection points explaining superior stability and transport.","E-R01 directly confirms the m-Y-S Fe1-xS@C structure, the 20,000-cycle stability at 1 A/g, and attributes performance to optimized interior void space and multiple connection points/conductive pathways, matching the claim closely."
18,3,eo,case_18__rep_03,Candidate E,C2,supported,1,ID: 118,"Hollow nanocube structures for Cu2S buffer volume expansion during potassiation, and nitrogen doping improves conductivity and provides active sites.","E-R02 confirms the N-doped carbon-coated Cu2S hollow nanocube buffers volume expansion and shortens diffusion length; nitrogen doping's conductivity role is consistent with the abstract's description of the NC coating, though the abstract does not explicitly discuss 'active sites' from N-doping."
18,3,eo,case_18__rep_03,Candidate E,C3,supported,1,ID: 49,"Metal sulfide anodes for KIBs suffer from dissolution/agglomeration of unstable potassium polysulfide intermediates, and introducing polar VS4 species within a heterostructure creates anchoring sites that stabilize KxSy intermediates, enhancing reversibility and cycle life.","E-R09 explicitly discusses dissolution/agglomeration of KxSy intermediates and describes VS4 as providing anchoring sites via unsaturated bridging sulfur to stabilize intermediates with entrapment effects, closely matching the claim."
18,3,eo,case_18__rep_03,Candidate E,C4,supported,1,ID: 348,"A pocket-like graphene shell can effectively inhibit the polysulfide shuttle effect in KIBs, providing physical confinement of polysulfides.","E-R10 confirms the graphene-shell-encapsulated FeS2 accommodates polysulfides and inhibits the shuttle effect, matching the claim directly."
18,3,eo,case_18__rep_03,Candidate E,C5,supported,2,ID: 22|ID: 29,"Spray drying is a scalable method for producing multicomponent metal sulfide composite microspheres containing empty nanovoids at pilot scale, and a washable NaCl template during spray pyrolysis creates well-defined internal voids/nanorooms that are preserved after template removal.","E-R11 confirms pilot-scale spray drying producing metal sulfide/selenide microspheres with empty nanovoids (though for Na-ion, not directly K-ion, a minor extrapolation). E-R12 confirms spray pyrolysis with NaCl washable template producing cubic nanorooms in metal sulfide/carbon composite microspheres, matching the claim about template-based void formation."
22,1,eop,case_22__rep_01,Candidate A,C1,unsupported,2,A-R01|A-R02,"Porous structures better cushion volume variation during lithium insertion/extraction, mitigating stress and preventing fracture in NiO nanobelts [ID: 81, 127]","A-R01 and A-R02 are about SOFC Ni-YSZ anode microstructure (fuel cells, not Li-ion battery conversion anodes) and do not discuss lithiation-induced volume change or porous NiO nanobelt buffering. They are entirely unrelated to the claim."
22,1,eop,case_22__rep_01,Candidate A,C2,unsupported,1,A-R03,"Mesopores in tube walls serve as electrolyte penetration channels, shortening Li-ion diffusion path length, as seen in mesoporous Co3O4 nanobelt systems with high-rate performance [ID: 82]","A-R03 is a DFT study of sulfur poisoning on Ni anodes in SOFCs, unrelated to Co3O4 nanobelts, mesoporosity, or Li-ion diffusion in battery electrodes. Does not support the claim at all."
22,1,eop,case_22__rep_01,Candidate A,C3,unsupported,1,A-R04,"1D nanobelt morphology provides a direct, continuous electron transport pathway superior to slurry-cast particle-to-particle pathways [ID: 6]","A-R04 concerns electrochemical oxidation mechanisms of amorphous nickel oxy/hydroxide films for OER catalysis, not electron transport pathways in 1D nanobelt battery anodes versus slurry electrodes."
22,1,eop,case_22__rep_01,Candidate A,C4,unsupported,1,A-R06,"Hydrothermal synthesis can produce ultralong single-crystalline α-Ni(OH)2 nanobelts, which upon annealing undergo shape-preserved transformation to porous NiO nanobelts [ID: 416]","A-R06 is about durability of modified nickel anodes for alkaline water electrolysis, not about Ni(OH)2 nanobelt hydrothermal synthesis or thermal conversion to porous NiO. No relevance to the claim."
22,1,eop,case_22__rep_01,Candidate A,C5,unsupported,1,A-R07,The topotactic thermal conversion generating porosity via water release is analogous to that seen in Co3O4 systems [ID: 72],"A-R07 describes a graphene-nickel foam anode for microbial fuel cells, entirely unrelated to Co3O4 topotactic conversion or oxide nanobelt porosity formation."
22,1,raw,case_22__rep_01,Candidate B,C1,unverifiable,0,,"NiO undergoes approximately 169% volume expansion during lithiation/delithiation, causing brittle cracking of dense tube walls.",No citation or evidence record is provided for this specific quantitative claim; it cannot be checked against any supplied abstract.
22,1,raw,case_22__rep_01,Candidate B,C2,unverifiable,0,,A tube-in-tube design with a void space between concentric NiO tubes accommodates volume expansion while keeping ion diffusion paths short.,"This is a central mechanistic claim about the proposed architecture, but no evidence identifiers or abstracts are cited or supplied to substantiate it."
22,1,raw,case_22__rep_01,Candidate B,C3,unverifiable,0,,Porous nanoparticle-wall tubes provide excellent ion transport but suffer from poor electrical conductivity due to increased grain boundary resistance.,No supporting evidence record is cited for this comparative claim about porous vs. dense wall electrical performance.
22,1,raw,case_22__rep_01,Candidate B,C4,unverifiable,0,,A conformal amorphous carbon interlayer between concentric NiO tubes acts as a mechanically flexible buffer and provides a parallel conductive pathway that maintains electrical continuity even if NiO cracks.,"This is the central claim underlying the candidate's final recommendation (Design C), yet no evidence record is cited to support the carbon-interlayer buffering/conductivity mechanism."
22,1,raw,case_22__rep_01,Candidate B,C5,unverifiable,0,,Fabrication of a tri-layer NiO/Carbon/NiO tube-in-tube nanobelt requires tri-axial electrospinning with precise control of precursor rheology and calcination/carbonization steps.,No evidence record is supplied to verify the feasibility or specific process requirements of tri-axial electrospinning for this proposed structure.
22,1,ds,case_22__rep_01,Candidate C,C1,unsupported,2,C-R01|C-R02,"Mesoporous walls within nanobelts combined with an external conductive carbon wrapping buffer strain and maintain electrical integrity (Scientist A [ID: 81, ID: 68])","C-R01 concerns SOFC Ni-YSZ anode microstructure reconstruction and C-R02 concerns oxide component effects in Ni cermet SOFC anodes. Neither relates to NiO nanobelt mesoporous walls, carbon coating, or Li-ion battery strain buffering."
22,1,ds,case_22__rep_01,Candidate C,C2,unsupported,2,C-R03|C-R04,"A tube-in-tube structure with inner hollow NiO tube (from Ni(OH)2 nanobelt precursor conversion) inside a pre-applied outer carbon tube can be synthesized via a precursor-template method (Scientist A [ID: 416, ID: 72])",C-R03 is about alkaline water electrolysis Ni anode durability; C-R04 is about a graphene-nickel foam anode for microbial fuel cells. Neither supports the claimed NiO tube-in-tube synthesis route from Ni(OH)2 nanobelt precursors.
22,1,ds,case_22__rep_01,Candidate C,C3,unsupported,1,C-R08,"The hollow core provides dedicated void space for NiO to expand inward, mitigating a primary failure mode for conversion anodes (Scientist B [ID: 38])","C-R08 discusses TiO2 nanobelt phase transformation and photocatalytic activity, unrelated to volume-change accommodation in NiO conversion anodes."
22,1,ds,case_22__rep_01,Candidate C,C4,unsupported,1,C-R09,Thin walls of hollow NiO nanobelt maintain short lithium-ion diffusion pathways critical for high-rate performance (Scientist A [ID: 305]),"C-R09 describes hollow core-shell Co3O4 (not NiO) derived from a metal-organic framework for Li/Na-ion batteries. It is a related but distinct oxide chemistry and does not directly support the specific NiO nanobelt short-diffusion-path claim; at best it is a loosely analogous system, insufficient to count as direct support."
22,1,ds,case_22__rep_01,Candidate C,C5,partially_supported,2,C-R02|C-R10,"A conformal outer carbon shell acts as an electron pathway improving conductivity and cycling stability in metal oxide anodes even with minor fractures in the inner oxide tube (Scientist A [ID: 68, ID: 339])","C-R02 (SOFC cermet anode) is irrelevant. C-R10 describes Ni/NiO/MnOx/carbon nanofiber composites for Li-ion battery anodes where metallic Ni encapsulation and carbon enhance conductivity and accommodate volumetric change, which is topically adjacent and lends partial, indirect support to the general concept of carbon/metal aiding conductivity and strain accommodation, though it is a different architecture (nanofiber composite, not tube-in-tube nanobelt with carbon shell)."
22,1,eo,case_22__rep_01,Candidate D,C1,unsupported,1,ID: 538,Internal porosity in a NiO nanobelt is critical for accommodating volume changes during conversion reaction with lithium.,"D-R01 is about TiO2 nanobelt phase transformation and photocatalysis, entirely unrelated to NiO lithiation or volume change accommodation. It does not support this claim at all."
22,1,eo,case_22__rep_01,Candidate D,C2,unsupported,1,ID: 416,"Porous NiO nanobelts can be synthesized via thermal annealing of α-Ni(OH)2 precursors, analogous to established synthesis routes.","D-R02 concerns durability/activity of nickel anodes for alkaline water electrolysis (a fuel-cell/electrolysis context), not synthesis of porous NiO nanobelts from Ni(OH)2 annealing. No support for the specific synthesis claim."
22,1,eo,case_22__rep_01,Candidate D,C3,unsupported,2,ID: 601|ID: 679,"Mesoporous architectures alleviate structural degradation and provide accessible electrolyte pathways, improving rate capability and cycle life in NiO nanostructures (nanowires and films).","D-R03 discusses hydrogen titanate nanobelts for antibiotic adsorption, and D-R04 discusses porous ZnO nanobelts for gas sensing/optoelectronics. Neither pertains to NiO, lithium-ion battery cycling, or electrochemical rate capability. The claim about NiO nanowires/films is not supported by either record."
22,1,eo,case_22__rep_01,Candidate D,C4,unsupported,2,ID: 763|ID: 187,"A carbon coating (or graphene wrap) suppresses volume change, prevents NiO nanoparticle aggregation, and increases electrical conductivity/flexibility of coaxial nanobelt arrays, maintaining structural integrity.","D-R05 is about hydrothermal growth of ZnSe·N2H4 nanobelts (unrelated to carbon coatings or NiO), and D-R06 concerns Ni-Co/SDC cermet anodes in solid oxide fuel cells (unrelated to graphene wrapping or coaxial nanobelt conductivity in Li-ion batteries). Neither supports the claim."
22,1,eo,case_22__rep_01,Candidate D,C5,unsupported,2,ID: 231|ID: 166,"Electrospinning using modified coaxial spinnerets is a viable technique for producing tube-in-tube/coaxial nanobelt geometries, with process parameters like temperature tunable to shift morphology from nanowires to nanobelts.","D-R08 is about electrochemical detection of metal ions via catalytic amplification (nanoparticle collision electrochemistry), and D-R09 is about Ca-doped strontium titanate SOFC anode materials. Neither concerns electrospinning, coaxial spinnerets, or nanobelt/nanowire morphology control via temperature."
22,1,mpds,case_22__rep_01,Candidate E,C1,partially_supported,1,Scientist B [ID: 72],A topotactic conversion of a nickel hydroxide precursor nanobelt to NiO (following the route of ID:72) creates mesoporous NiO nanobelts with internal void space that accommodates volume change.,"E-R03 (ID:72) demonstrates a topotactic conversion producing mesoporous quasi-single-crystalline nanobelts, but the material system is Co3O4 from Co(OH)2, not NiO from Ni(OH)2. The mesoporosity/topotactic mechanism is analogous but the claim of direct application to NiO is not directly supported by this record; it is an extrapolation across chemically similar but distinct oxide systems, a limitation the candidate itself acknowledges elsewhere in the debate narrative."
22,1,mpds,case_22__rep_01,Candidate E,C2,partially_supported,2,Scientist B [ID: 40]|Scientist B [ID: 47],"A conductive polymer (polypyrrole) shell coating on nanobelts, applied via in-situ polymerization, offers superior mechanical flexibility to bind nanobelt fragments during cycling and provides continuous electrical pathways.","E-R04 (ID:40) shows a PEDOT-coated V2O5 nanobelt array on graphite foam with high-rate, ultrastable cycling; E-R05 (ID:47) shows polypyrrole-coated MoO3 nanobelts improving conductivity and cycling in supercapacitors. Both support the general concept of conductive polymer shells improving conductivity/stability on nanobelts, but neither is on NiO nor in a lithium-ion battery volume-buffering role for the exact claim (E-R05 is a supercapacitor context, not LIB anode). The mechanistic principle is supported by analogy but not directly demonstrated for the proposed NiO system."
22,1,mpds,case_22__rep_01,Candidate E,C3,partially_supported,1,Scientist B [ID: 68],"A carbon shell can be formed simultaneously with mesoporous NiO formation via a single calcination step using glucose as carbon source, offering maximum synthetic efficiency (following ID:68).","E-R08 (ID:68) demonstrates carbon-coated MoO2 nanobelts synthesized via hydrothermal + calcination with glucose as carbon source, retaining 1D morphology and improving LIB anode performance. This supports the general synthetic strategy but is for MoO2/MoO3, not NiO/Ni(OH)2, so it is an analogous rather than direct demonstration for the proposed system."
22,1,mpds,case_22__rep_01,Candidate E,C4,partially_supported,1,Scientist B [ID: 81],Engineered mesoporosity within a nanobelt core provides distributed void space for volume-change relief and ensures short Li-ion diffusion paths enabling good rate capability (cited as ID:81).,"E-R09 (ID:81) demonstrates porous NiCo2O4 nanoflakes/nanobelts with high capacity and rate capability attributed to void spaces cushioning volume variation and short diffusion paths. This supports the general mechanistic principle (porosity relieving volume change and enabling rate capability) but the material is NiCo2O4, not pure NiO, so it is an analogous support rather than a direct demonstration for the specific NiO nanobelt design proposed."
22,1,mpds,case_22__rep_01,Candidate E,C5,supported,1,Scientist A [ID: 261],"NiO anodes suffer from poor electronic conductivity that critically limits capacity retention, and maintaining electrical continuity after structural fracture is essential; post-mortem TEM analysis is an appropriate validation method (cited as ID:261).","E-R06 (ID:261) directly studies ordered mesoporous NiO degradation via identical-location TEM and explicitly concludes that electronic conductivity, in addition to MO structure, plays a crucial role in maintaining capacity over cycling. This directly supports both the conductivity-loss failure mode claim and the appropriateness of TEM-based structural/conductivity validation."
22,2,raw,case_22__rep_02,Candidate A,C1,unverifiable,0,,"A tube-in-tube NiO nanobelt with an inter-tube void space accommodates volume expansion during lithiation (NiO + 2Li+ + 2e- -> Ni + Li2O), preventing overall external dimensional change and reducing SEI stress.","No evidence records were supplied or cited by the candidate. The mechanism is a plausible extension of known conversion-anode chemistry, but no external abstract is provided to verify the specific claim about void-space buffering effectiveness."
22,2,raw,case_22__rep_02,Candidate A,C2,unverifiable,0,,"Porous nanoparticle-assembled tube walls reduce Li+ diffusion path length to the radius of a single nanoparticle (~5-7 nm), dramatically improving rate capability.",No citation or evidence record accompanies this quantitative claim about diffusion path length and rate capability improvement.
22,2,raw,case_22__rep_02,Candidate A,C3,unverifiable,0,,"An interstitial carbon web derived from partial pyrolysis of PVP maintains electronic contact between inner and outer tubes during expansion/contraction, preventing electrical isolation of the inner tube.",This is a specific mechanistic claim about carbon web function as a flexible conductive spacer; no evidence record is cited or supplied to substantiate it.
22,2,raw,case_22__rep_02,Candidate A,C4,unverifiable,0,,"Coaxial electrospinning with a sacrificial core polymer (e.g., PMMA) followed by controlled calcination can produce tube-in-tube NiO nanobelt structures with tunable interstitial carbon content.","This synthesis route claim, while consistent with known electrospinning literature up to 2017, is not backed by any cited evidence record in this packet."
22,2,raw,case_22__rep_02,Candidate A,C5,unverifiable,0,,"A simple (uncarbonized) tube-in-tube design risks electrical isolation of the inner tube after cycling, motivating the need for the carbon web addition.",This comparative feasibility claim about a competing simpler design's failure mode is asserted without any supporting citation or evidence record.
22,2,ds,case_22__rep_02,Candidate B,C1,unverifiable,1,"Scientist B, ID: 13, 72, 416","Porous NiO nanobelts can be synthesized via hydrothermal and calcination methods from hydroxide precursors, generating internal porosity that buffers volume changes while preserving 1D morphology.","No abstract records were supplied for this packet, so the cited identifiers cannot be checked against any evidence text."
22,2,ds,case_22__rep_02,Candidate B,C2,unverifiable,1,"Scientist B, ID: 44","A porous CuO/SWCNT paper analogue supports the design of a free-standing, flexible, binder-free carbon-coated NiO nanobelt/CNT hybrid paper electrode.",No abstract record for ID 44 was provided; the claim about the CuO/SWCNT analogue cannot be verified from supplied materials.
22,2,ds,case_22__rep_02,Candidate B,C3,unverifiable,1,"Scientist A, ID: 263","A conformal amorphous carbon coating (e.g., via glucose carbonization) on NiO nanobelts provides a secondary buffer against pulverization and establishes a conductive surface.","No abstract text is supplied for ID 263, so the specific mechanistic claim about carbon coating function cannot be checked."
22,2,ds,case_22__rep_02,Candidate B,C4,unverifiable,1,"Scientist A, ID: 261","NiO undergoes large volume changes during lithiation, motivating the need for a 1D framework that accommodates this expansion.","This is a widely known background claim about conversion-type oxide anodes, but no abstract for ID 261 is supplied to confirm the specific source content."
22,2,ds,case_22__rep_02,Candidate B,C5,unverifiable,1,"Scientist B, ID: 40, 47","Conductive polymer coatings (e.g., PEDOT) on metal oxide nanobelts provide stability and effective flexible electronic pathways, supporting Scientist B's shell design.","No abstract records for IDs 40 or 47 were provided in this packet, so this claim cannot be checked against evidence."
22,2,eo,case_22__rep_02,Candidate C,C1,partially_supported,2,ID: 38|ID: 290,"Internal void space (e.g., in tube-in-tube or hollow structures) accommodates the large volume expansion of NiO during conversion reactions, preventing pulverization and loss of electrical contact.","C-R02 (Ni-Co oxide hollow microspheres) directly supports that hollow void space accommodates volume change and improves cycling stability, but this is for a different material (Ni-Co oxide, not NiO) and a spherical rather than tube-in-tube geometry. C-R01 is a general review of conversion-reaction oxide anodes including hollow structures, which supports the general principle but not the specific tube-in-tube NiO claim, which the candidate explicitly acknowledges is not directly evidenced."
22,2,eo,case_22__rep_02,Candidate C,C2,partially_supported,3,ID: 101|ID: 179|ID: 581,"Constructing tube walls from smaller interconnected nanocrystallites/nanoflakes (mesoporous/hierarchical porosity) provides secondary strain relief and shortens Li-ion diffusion paths, as shown for NiO nanowires and hierarchical NiO array films.","C-R03 (mesoporous NiO nanowires) and C-R04 (hierarchically porous NiO array film) both support that porous NiO nanostructures shorten diffusion paths and alleviate degradation, directly relevant to NiO. C-R05 is about NiCo2O4 nanoflakes/nanobelts, not NiO, so it only partially supports the general porosity-strain-relief principle by analogy, not the NiO-specific claim."
22,2,eo,case_22__rep_02,Candidate C,C3,partially_supported,3,ID: 263|ID: 99|ID: 339,"A conformal carbon coating on NiO nanostructures maintains electron transport upon cracking, buffers volume expansion, and prevents nanoparticle aggregation, as demonstrated in graphene@NiO@carbon composites achieving high reversible capacity and rate performance.","C-R07 (graphene@NiO@carbon) directly and strongly supports the carbon-coating benefits for NiO specifically, including suppressing volume change/aggregation and high capacity/rate performance. C-R08 is about carbon/ZnO nanorod arrays (different oxide) and C-R09 is about Ni/NiO/MnOx/carbon nanofibers (different morphology, not tube-in-tube), so these only partially/analogously support the general carbon-coating strategy rather than the specific tube-in-tube nanobelt claim."
22,2,eo,case_22__rep_02,Candidate C,C4,supported,1,ID: 61,"Annealing temperature critically influences electrospun nanostructure morphology, with excessive temperature causing conversion from flakes to needles and aggregation into larger particles, which would destroy hierarchical porosity.","C-R10 directly reports that increasing annealing temperature converts Ni-Co(OH)2 nanoflakes to nanoneedles and causes aggregation into flowerlike particles at higher temperatures, matching the claim closely, though the system is Ni-Co hydroxide/oxide rather than pure NiO."
22,2,eo,case_22__rep_02,Candidate C,C5,supported,1,ID: 666,The formation of nanobelts versus nanofibers during electrospinning can be tuned by process parameters such as heating during spinning.,"C-R11 directly demonstrates that heating temperature during electrospinning controls morphological transformation from nanowires/nanofibers to nanobelts, for HfO2. This supports the general electrospinning process claim, though it is for a different oxide material than NiO, which the candidate does not caveat."
22,2,mpds,case_22__rep_02,Candidate D,C1,unsupported,3,D-R01|D-R02|D-R03,"NiO will inevitably pulverize and its constituent Ni nanoparticles will agglomerate upon cycling (Scientist A, ID: 261, 62, 132)","D-R01 concerns mesoporous NiO capacity fade linked to electronic conductivity, only loosely touching on structural decomposition, not clearly Ni nanoparticle agglomeration in a NiO nanobelt LIB context. D-R02 and D-R03 are about Ni-YSZ/Ni-GDC solid oxide fuel cell (SOFC) anodes, an entirely different application (high-temperature fuel cell cermets, not lithium-ion battery conversion-reaction anodes). These SOFC sintering studies do not support a claim about NiO conversion-anode Ni nanoparticle agglomeration during lithium cycling; the mechanism, materials system, and operating conditions differ substantially."
22,2,mpds,case_22__rep_02,Candidate D,C2,partially_supported,2,D-R04|D-R05,"Dedicated void spaces (as in hollow/tube-in-tube structures) manage stress from volume change (Scientist A, ID: 290, 316)","D-R04 (Ni-Co oxide hollow microspheres) directly supports that void space accommodates volume change and shortens diffusion paths, relevant analogy. D-R05 (nickel cobalt sulfide hollow spheres) is about sulfides for supercapacitors, not oxides for LIB volume buffering, so only partially analogous; claim is broader than what is directly supported."
22,2,mpds,case_22__rep_02,Candidate D,C3,partially_supported,3,D-R06|D-R07|D-R08,"A carbon coating layer acts as a flexible buffer, conductivity safety net, and barrier to particle sintering (Scientist A, ID: 263, 99, 252)","D-R06 (NiO@carbon nanoflakes) directly supports carbon suppressing volume change and aggregation. D-R07 (carbon/ZnO nanorod arrays) supports carbon-coating benefits but for a different oxide (ZnO), an adjacent system. D-R08 is a phase-field simulation of SOFC Ni-YSZ anode microstructure evolution, unrelated to carbon coatings or LIB NiO nanobelts, and does not support this claim at all."
22,2,mpds,case_22__rep_02,Candidate D,C4,partially_supported,1,D-R09,"A single-crystalline nanostructure is inherently robust and flexible at the nanoscale (Scientist B, ID: 13)","D-R09 describes NiO nanobelts with strong pseudocapacitive performance and cycling retention, which is consistent with robustness but does not explicitly address single-crystallinity or nanoscale flexibility as a mechanistic claim; the abstract does not discuss single-crystalline structure explicitly."
22,2,mpds,case_22__rep_02,Candidate D,C5,partially_supported,3,D-R10|D-R11|D-R13,"Intrinsic mesoporosity is a volume-efficient method for accommodating strain, more so than engineered voids (Scientist B, ID: 72, 81; also cited later as ID: 72, 82)","D-R10 and D-R13 describe mesoporous quasi-single-crystalline Co3O4 nanobelts with good rate capability, supporting mesoporosity benefits, but for Co3O4, not NiO, an adjacent material system. D-R11 (NiCo2O4 porous nanoflakes/nanobelts) similarly supports porosity benefits for volume buffering but again a different composition. None directly test the comparative efficiency claim against engineered voids (tube-in-tube), so the comparative assertion is not directly supported, only the general porosity benefit is."
22,2,eop,case_22__rep_02,Candidate E,C1,partially_supported,1,E-R01,A hollow carbon core provides a continuous electronic pathway that maintains conductivity even if the outer NiO shell fractures during cycling.,"E-R01 shows carbon nanofiber/Ni-Co(OH)2 composites benefit from carbon's conductive network improving charge transport, but does not specifically test or demonstrate maintained conductivity after outer shell fracture, nor a hollow tube-in-tube geometry."
22,2,eop,case_22__rep_02,Candidate E,C2,supported,2,E-R02|E-R03,"A hollow interior (void space) accommodates volume expansion of the active material and mitigates mechanical stress, as demonstrated in hollow architectures.","E-R02 (conversion oxide review) discusses hollow structures as a strategy for volume accommodation, and E-R03 directly demonstrates hollow Ni-Co oxide microspheres buffering volume change and improving cycling stability, directly supporting the general mechanism claimed."
22,2,eop,case_22__rep_02,Candidate E,C3,supported,3,E-R04|E-R05|E-R06,"Porous, nanoscale NiO shells (nanoflakes/nanowires) shorten Li-ion diffusion pathways, improving rate capability, and porosity accommodates outward expansion.",E-R04 (mesoporous NiO nanowires) and E-R05 (porous NiO array film) both directly support shortened diffusion paths and improved electrochemical performance from porous nanostructuring. E-R06 supports the general link between NiO structural change and capacity fade but does not specifically confirm porosity accommodating outward expansion; it is used for the broader claim about NiO degradation.
22,2,eop,case_22__rep_02,Candidate E,C4,partially_supported,2,E-R09|E-R01,"Growing NiO directly onto a conductive carbon core (core-shell / carbon-oxide hybrid) creates an ideal interface for charge transfer, as done in similar hierarchical composites.","E-R09 demonstrates a graphene@NiO@carbon hierarchical composite with improved conductivity and capacity, supporting the general concept of oxide-carbon hybrid interfaces, but it is a different architecture (graphene-templated flakes, not carbon nanobelt core). E-R01 is a Ni-Co hydroxide/oxide on carbon nanofiber system, again adjacent but not identical to the proposed NiO/carbon nanobelt design."
22,2,eop,case_22__rep_02,Candidate E,C5,partially_supported,2,E-R10|E-R11,Electrospinning with a sacrificial or process-tuned core can produce hollow carbon/polymer nanobelts or nanofibers suitable as the structural template for this architecture.,"E-R11 supports fabrication of carbon nanobelts/nanotubes via electrospinning, directly relevant to the proposed synthesis route. E-R10 demonstrates hollow carbon nanofibers via an AAO template method (not electrospinning) for a gas-sensing application, only partially analogous to the proposed hollow nanobelt fabrication via electrospinning."
22,3,ds,case_22__rep_03,Candidate A,C1,partially_supported,4,A-R01|A-R02|A-R03|A-R04,"Scientist A's initial proposal of growing NiO nanostructures on a continuous carbon nanofiber backbone prevents electrical isolation, evolving into a binder-free Ni@NiO core-shell nanosheet array on Ni foam for an uninterrupted electron pathway.","A-R02 (hierarchical electrospun Ni/NiO/MnOx/carbon nanofiber composites) and A-R03/A-R04 (NiO/Ni@NiO on Ni foam) are broadly consistent with the general architecture described (carbon nanofiber backbone, Ni foam-supported core-shell), but these are supercapacitor studies (A-R03, A-R04) rather than lithium-ion battery anode studies, and A-R01 discusses degradation mechanisms rather than the proposed architecture itself. The link to LIB-specific volume-change/conductivity benefits is not directly established by these abstracts."
22,3,ds,case_22__rep_03,Candidate A,C2,unsupported,2,A-R05|A-R06,"The final Scientist A architecture is a Hollow-Core Nickel/Nickel Oxide Coaxial Nanowire Array fabricated via template-assisted electrodeposition and selective etching, featuring a hollow core for inward expansion and a chemically-bonded monolithic Ni/NiO interface.","A-R05 describes Ni/Cu shell/core nanocable arrays (magnetic properties) with no NiO active material or battery context. A-R06 describes nanoporous Ni formation via selective anodic etching of Cu from Ni-Cu alloys, again with no NiO shell, lithium battery, or coaxial hollow-core nanowire claims. Neither abstract supports the specific hollow-core Ni/NiO nanowire concept described; at best they support the generic electrodeposition/etching fabrication technique in isolation from the actual proposed nanostructure or its electrochemical function."
22,3,ds,case_22__rep_03,Candidate A,C3,partially_supported,6,A-R07|A-R08|A-R13|A-R14|A-R15|A-R16,"Scientist B's design uses a mesoporous NiO nanotube (via topotactic conversion) encapsulating a carbon nanobelt core, fabricated by one-step thermal treatment of a core-shell precursor to simultaneously produce mesoporous NiO, carbonize the polymer core, and create an engineered void space -- offering superior volume buffering, short 3D ion diffusion pathways, and durable electrical continuity.","A-R07, A-R14, A-R15, A-R16 discuss topotactic conversion / mesoporous nanobelt formation, but predominantly for Co3O4, not NiO (only A-R08 and A-R14 involve NiO/Ni-based nanobelts). A-R13 describes carbon nanotubes/nanobelts made independently via electrospinning of a polymer, not as an encapsulated core within a NiO shell via one-step thermal conversion of a core-shell precursor as claimed. No cited abstract demonstrates the specific one-step co-processing of a NiO-shell/polymer-core precursor into the claimed mesoporous NiO tube with an engineered void and carbonized core; this specific integrated architecture is not directly evidenced, only analogous components in isolation (topotactic mesoporous oxide formation, separate carbon nanobelt synthesis)."
22,3,ds,case_22__rep_03,Candidate A,C4,partially_supported,2,A-R11|A-R16,"The mesoporous NiO shell allows electrolyte permeation and creates short, three-dimensional Li-ion diffusion pathways critical for high rate capability, citing CuO nanobelt/CNT and Co3O4 nanobelt studies.","A-R11 concerns porous CuO nanobelts with SWCNTs for pseudocapacitors (not NiO, not LIB rate capability in the described sense), and A-R16 concerns mesoporous Co3O4 nanobelts (not NiO) showing good rate capability in LIBs. These are adjacent/analogous material systems supporting the general principle that mesoporous 1D oxide nanobelts can enable good rate performance, but neither directly supports the specific NiO-based mechanism or magnitude claimed for the proposed architecture."
22,3,ds,case_22__rep_03,Candidate A,C5,partially_supported,1,A-R17,"The conversion reaction of NiO (analogous to other transition metal oxides) involves atomic reconstruction into metal nanograins within a Li2O matrix, imparting repeated stress at a rigid Ni/NiO interface, making delamination a significant risk -- supporting a flexible carbon core as more durable than a rigid Ni/NiO interface.","A-R17 directly documents the conversion-reaction mechanism (Mo nanograins in Li2O matrix, size expansion) via in situ TEM, but for α-MoO3, not NiO. The general conversion-reaction mechanism is a well-established class behavior extendable to NiO, so this is a reasonable analogy, but the abstract does not directly demonstrate NiO-specific stress/delamination behavior at a Ni/NiO interface as claimed."
22,3,eo,case_22__rep_03,Candidate B,C1,partially_supported,1,B-R01,A ball-in-ball hollow sphere concept (void space allowing inner structure to expand without stressing outer shell) can be translated into a tube-in-tube nanobelt design to accommodate volume change.,"B-R01 describes a ball-in-ball hollow sphere structure for nickel cobalt sulfide used in supercapacitors, confirming the ball-in-ball void concept exists, but it does not address NiO, nanobelts, or lithium-ion anodes, so the extrapolation to a tube-in-tube nanobelt is an analogy rather than a directly supported claim."
22,3,eo,case_22__rep_03,Candidate B,C2,supported,1,B-R02,"Hollow structures with void space accommodate volume changes and shorten Li-ion diffusion paths, as demonstrated for Ni-Co oxide hollow microspheres as LIB anodes.","B-R02 directly supports the claim that hollow structures with void space accommodate volume changes, shorten diffusion paths, and improve LIB anode performance, matching the mechanistic rationale used."
22,3,eo,case_22__rep_03,Candidate B,C3,supported,1,B-R03,"Hierarchical porous structures (e.g., porous NiO films) alleviate structural degradation during cycling and provide fast ion/electron transfer.","B-R03 explicitly reports hierarchically porous NiO film enhancing electrochemical properties and alleviating structural degradation, directly supporting the claim."
22,3,eo,case_22__rep_03,Candidate B,C4,supported,1,B-R04,"Mesoporous one-dimensional NiO nanostructures (e.g., nanowires) exhibit high lithium storage capacity and excellent rate capability, supporting the use of porous walls in the proposed tube-in-tube design.","B-R04 directly confirms mesoporous NiO nanowires show high lithium storage capacity and rate capability, matching the claim closely."
22,3,eo,case_22__rep_03,Candidate B,C5,supported,2,B-R05|B-R06,"Carbon coatings/composites suppress large volume change and prevent NiO nanoparticle aggregation, and electrospun carbon nanofiber composites (e.g., with Ni-Co hydroxide/oxide) provide accessible charge transport, supporting an outer carbon-integrated tube for electrical continuity.","B-R05 confirms carbon outer layers suppress volume change and aggregation in NiO composites; B-R06 confirms electrospun carbon nanofiber/Ni-Co oxide composites provide easily accessible charge transport, both directly supporting the composite carbon integration claim."
22,3,mpds,case_22__rep_03,Candidate C,C1,supported,1,C-R01,"NiO/metal-oxide anodes suffer capacity fade linked to structural decomposition and electronic conductivity loss during cycling, motivating the need for the tube-in-tube design.","C-R01 (ID 261) directly studies NiO structural degradation and links electronic conductivity to capacity retention, matching the claim."
22,3,mpds,case_22__rep_03,Candidate C,C2,supported,1,C-R02,"Nickel particles exsolved in situ from a perovskite host are 'socketed' into the parent oxide, giving enhanced stability/coking resistance versus deposited particles.","C-R02 (ID 427) explicitly demonstrates socketed exsolved Ni particles with enhanced stability, matching Scientist A's claim as summarized."
22,3,mpds,case_22__rep_03,Candidate C,C3,partially_supported,2,C-R03|C-R04,"MIEC perovskite hosts (e.g., doped SrTiO3) provide redundant electronic conductivity, a concept proven in SOFC anodes.","C-R03/C-R04 discuss doped SrTiO3 anode conductivity and performance in SOFCs, supporting the general SOFC conductivity concept, but neither directly establishes 'MIEC' behavior or redundancy claim in the specific sense used; support is adjacent/partial."
22,3,mpds,case_22__rep_03,Candidate C,C4,supported,3,C-R08|C-R09|C-R07,Porous NiO/metal-oxide nanobelts provide intrinsic porosity that offers strain relief and improved electrochemical performance as anode materials.,"C-R08 and C-R09 directly show porous nanobelt/nanoflake oxide anodes with strain accommodation and good rate capability; C-R07 shows analogous mesoporous nanobelt behavior, collectively supporting the general claim, though for NiO specifically the direct evidence is Co3O4/NiCo2O4 analogues rather than NiO itself."
22,3,mpds,case_22__rep_03,Candidate C,C5,partially_supported,3,C-R10|C-R12|C-R13,"A flexible rGO/CNT conductive web wrapping oxide nanobelts elastically accommodates volume expansion and provides redundant electron pathways, a strategy shown effective in similar systems.","C-R10, C-R12, C-R13 all show graphene/CNT-oxide nanobelt hybrids with improved conductivity, stress buffering, and cycling stability in CuO, VO2, and MoO3 systems respectively, supporting the general mechanism but not for NiO specifically, so it is an adjacent/analogous rather than direct claim support."
22,3,eop,case_22__rep_03,Candidate D,C1,supported,2,ID: 38|ID: 261,"NiO undergoes large volume change during conversion reaction, causing pulverization and loss of electrical contact, degrading capacity retention.","D-R01 (conversion-reaction oxide review) and D-R03 (identical-location TEM study of NiO degradation) both directly discuss structural decomposition, capacity fade, and the role of electronic conductivity/structural degradation in metal oxide anodes including NiO, supporting this claim."
22,3,eop,case_22__rep_03,Candidate D,C2,supported,3,ID: 61|ID: 54|ID: 179,"A hierarchical/porous NiO structure (e.g., nanoflakes) provides mesoporosity that buffers volume-change strain and improves electrochemical performance versus dense NiO.","D-R06 (hierarchically ordered porous NiO film) explicitly compares porous vs dense NiO and attributes improved cycling/rate performance to porosity alleviating structural degradation. D-R04 and D-R05 support the general theme of nanoflake/hierarchical NiO structures improving anode performance, though they concern composite or crystalline nanoflake systems rather than a tube-in-tube nanobelt specifically, making this partially adjacent but still substantively supportive."
22,3,eop,case_22__rep_03,Candidate D,C3,supported,1,ID: 263,A thin conformal carbon coating suppresses volume change and Ni nanoparticle aggregation while improving electrical contact between NiO and conductive backbone.,"D-R07 directly states that the carbon outer-layer in a NiO@carbon composite suppresses volume change and aggregation of NiO nanoparticles, matching the claim closely, though the geometry (graphene@NiO@carbon nanoflakes) differs from the proposed tube-in-tube nanobelt."
22,3,eop,case_22__rep_03,Candidate D,C4,supported,2,ID: 101|ID: 179,"Porous 1D NiO nanostructures (e.g., nanowires) allow rapid electrolyte penetration and shortened ion diffusion pathways, improving rate performance.","D-R08 (mesoporous NiO nanowires) demonstrates that porous 1D nanostructures yield outstanding electrochemical performance including rate capability, consistent with the claim about short diffusion pathways. D-R06 reinforces this via porous array film discussion of fast ion/electron transfer."
22,3,eop,case_22__rep_03,Candidate D,C5,partially_supported,4,ID: 916|ID: 329|ID: 263|ID: 99,"A porous NiO nanoflake/needle outer layer can be synthesized on a carbon nanobelt via hydrothermal or electrodeposition methods, and a conformal carbon coating can be applied via hydrothermal glucose treatment, providing a practical synthesis route.","D-R09 supports hydrothermal synthesis of porous NiO nanobelts (though not on a carbon nanobelt core), D-R10 supports electrodeposition of NiO nanoflakes on carbon nanofiber (a related but distinct substrate), and D-R11 demonstrates a glucose-based carbon coating but on ZnO nanorods, not NiO. These are adjacent process analogs rather than direct demonstrations of the exact proposed tube-in-tube fabrication route, so the composite synthesis claim is only partially supported by the cited literature."
22,3,raw,case_22__rep_03,Candidate E,C1,unverifiable,0,,"A tube-in-tube NiO nanobelt with a rigid, dense outer wall and a free-standing inner tube isolates volumetric strain in the inner tube, improving cycle life while preserving electron transport along the outer wall.",No evidence record was cited or supplied for this mechanistic claim; it cannot be checked against any abstract.
22,3,raw,case_22__rep_03,Candidate E,C2,unverifiable,0,,A highly porous 'sponge' nanobelt wall structure enables short Li-ion diffusion paths and excellent rate capability but suffers from poor electrical continuity due to point-to-point nanoparticle contact.,No citation or abstract accompanies this claim about porosity/conductivity trade-offs.
22,3,raw,case_22__rep_03,Candidate E,C3,unverifiable,0,,Embedding a carbon-coated (PAN-derived) matrix around porous NiO nanoparticle walls creates a continuous conductive network that bypasses NiO's intrinsic semiconducting limitation and prevents capacity fade from contact loss.,"This is a central feasibility/mechanism claim central to the proposed optimal design, but no evidence record is provided to substantiate the carbon-coating conductivity claim."
22,3,raw,case_22__rep_03,Candidate E,C4,unverifiable,0,,A tube-in-tube NiO nanobelt with porous inner and outer walls and a modest inter-tube void gap provides a dual-void (micro + macro) volume-buffering strategy that prevents stress propagation and structural fracture over cycling.,Central feasibility/performance claim with no supporting citation or abstract supplied.
22,3,raw,case_22__rep_03,Candidate E,C5,unverifiable,0,,The proposed tube-in-tube structure with sacrificial core/inter-tube materials is achievable via coaxial or tri-axial electrospinning followed by calcination in an inert atmosphere.,Fabrication feasibility claim asserted without any cited synthesis literature or abstract evidence.
29,1,eo,case_29__rep_01,Candidate A,C1,unverifiable,0,,placeholder,placeholder
29,1,mpds,case_29__rep_01,Candidate B,C1,supported,2,B-R05 (ID:27)|B-R06 (ID:9),"Zinc hydroxide sulfate (ZHS) formation on the α-MnO2 surface, driven by pH shifts from Mn3+ disproportionation, can be mistaken for the cathode's intrinsic (Zn2+ intercalation) behavior.","B-R05 (Zn hydroxide sulfate paper) directly supports the ZHS/pH mechanism and the risk of misattributing precipitation to intrinsic MnO2 intercalation. B-R06 supports ZHS as a coupled reversible reaction affecting cathode capacity, a related but not identical claim about mistaken interpretation."
29,1,mpds,case_29__rep_01,Candidate B,C2,supported,4,B-R01 (ID:407)|B-R02 (ID:62)|B-R03 (ID:6)|B-R04 (ID:8),"An unmanaged/pristine zinc anode is a primary source of artifacts including pH shifts, hydrogen evolution, and dendrite formation that can confound cathode evaluation.","All four cited abstracts (corrosion/gas accumulation, dendrite/HER mitigation via liquid metal, H2 evolution electrochemistry, and a review of Zn anode challenges) directly support the general claim that pristine Zn anodes suffer from HER, corrosion, and dendrite artifacts."
29,1,mpds,case_29__rep_01,Candidate B,C3,supported,2,B-R09 (ID:10)|B-R16 (ID:139),"An ultrathin N-doped graphene oxide (NGO) coating on Zn foil is a documented, accessible standardized stabilized anode (SSA) that suppresses dendrites and HER, suitable as a benchmark platform.","Both B-R09 and B-R16 directly describe NGO coatings on Zn foil suppressing HER/dendrites via in situ DEMS/optical evidence, matching the claim closely."
29,1,mpds,case_29__rep_01,Candidate B,C4,supported,1,B-R17 (ID:123),"Eutectic Zn-alloy anodes (e.g., Zn-Al) are a viable dendrite-free alternative to pristine Zn foil for stabilized long-term testing.","B-R17 directly reports lamella-nanostructured eutectic Zn-Al alloys as dendrite-free, reversible anodes for aqueous batteries, supporting the claim as an alternative stabilized anode."
29,1,mpds,case_29__rep_01,Candidate B,C5,partially_supported,2,B-R18 (ID:86)|B-R19 (ID:214),"A minimum of 1000 cycles at high rate (\u22655C) is required/critical to reveal slow degradation pathways like gradual dissolution or phase change in α-MnO2 cathodes, citing [ID:86, 214].","B-R18 is on vanadium oxide cathodes, not MnO2, so it does not directly support an MnO2-specific degradation claim, though it generally supports the idea that long cycling reveals dissolution/degradation. B-R19 is on MnO2 phase change during cycling and does support the general mechanism (phase collapse) but neither abstract specifically validates the quantitative '1000 cycles at \u22655C' protocol threshold as a discriminating criterion; the numeric specification appears to be the candidate's own methodological addition rather than something drawn from the cited sources."
29,1,eop,case_29__rep_01,Candidate C,C1,supported,3,ID: 2|ID: 4|ID: 508,Manganese dissolution and pH fluctuations (leading to zinc hydroxide sulfate byproduct formation) are key degradation mechanisms that can mask cathode-specific behavior in aqueous Zn/MnO2 systems.,"C-R01 and C-R02 explicitly discuss Mn dissolution as a central challenge for MnO2 cathodes, and C-R03 discusses Zn anode instability/interfacial issues, together supporting the general claim about convoluted degradation sources, though C-R03 is anode-focused rather than pH/byproduct-focused."
29,1,eop,case_29__rep_01,Candidate C,C2,supported,2,ID: 27|ID: 538,pH shifts during cycling drive parasitic reactions such as the formation of zinc hydroxide sulfate (ZHS) on the MnO2 cathode surface.,"C-R10 directly demonstrates that pH increases during discharge lead to ZHS precipitation on the alpha-MnO2 surface, and C-R11 confirms local pH changes during cycling of MnO2 electrodes, both directly supporting this mechanistic claim."
29,1,eop,case_29__rep_01,Candidate C,C3,supported,1,ID: 3,Aqueous CMC binder is preferable to PVdF for MnO2/Zn cathodes due to good chemical stability in the relevant pH range and avoidance of harsh organic solvents.,"C-R08 directly compares CMC and PVdF binders in Zn/MnO2 batteries, showing improved performance and chemical stability of CMC in a stated pH range (3.5-5), matching the claim, though the candidate's stated 'typical pH range of these systems' is a slight generalization beyond the narrower 3.5-5 window given in the source."
29,1,eop,case_29__rep_01,Candidate C,C4,partially_supported,1,ID: 158,"Electrode calendering pressure impacts porosity and electrode integrity, and should be standardized to control artifacts.","C-R09 studies calendering effects on printed Zn|MnO2 batteries and finds effects on internal resistance and discharge capacity/efficiency, but does not directly discuss porosity or 'electrode integrity' as generic properties for standard slurry-cast electrodes; the mapping is topically related but not a precise match to the specific claim as framed."
29,1,eop,case_29__rep_01,Candidate C,C5,supported,2,ID: 8|ID: 14,GITT and EIS can be used to determine diffusion coefficients of charge carriers (H+/Zn2+) and monitor charge-transfer resistance changes in MnO2 cathodes.,"C-R13 uses GITT and EIS to characterize ion diffusion and charge transfer in doped MnO2 cathodes, and C-R14 uses GITT to verify Zn2+ diffusion kinetics in a Mn-oxide cathode, both directly supporting the general methodological claim about these techniques' applicability."
29,1,raw,case_29__rep_01,Candidate D,C1,unverifiable,0,,"A three-electrode cell with an inert counter electrode (e.g., Pt mesh) isolates the alpha-MnO2 working electrode's intrinsic electrochemical signature from Zn anode artifacts (dendrites, plating/stripping, H2 evolution).",No evidence identifiers or abstract records were supplied for this claim; it is a plausible electrochemical methodology claim but cannot be checked against any provided source.
29,1,raw,case_29__rep_01,Candidate D,C2,unverifiable,0,,"GITT can deconvolve total cell polarization into IR drop, charge-transfer resistance, and solid-state diffusion contributions, providing quasi-equilibrium potential and diffusion coefficients for alpha-MnO2.","No citation or abstract accompanies this claim, so it cannot be verified from supplied records, though it reflects a standard technique description."
29,1,raw,case_29__rep_01,Candidate D,C3,unverifiable,0,,ICP-OES/MS quantification of dissolved Mn in the electrolyte is a direct and unambiguous measure of cathode dissolution as a primary failure mechanism in alpha-MnO2 ZIBs.,"This is a central mechanistic/feasibility claim about failure mode diagnosis, but no evidence record is provided to substantiate the specific claim of Mn dissolution as primary failure mechanism."
29,1,raw,case_29__rep_01,Candidate D,C4,unverifiable,0,,Post-mortem XRD can detect irreversible phase formation such as ZnMn2O4 or zinc hydroxide sulfate (ZHS) precipitates linked to pH-driven side reactions in aqueous ZIB cathodes.,No supporting abstract or citation is supplied; claim is plausible per general ZIB literature but unverifiable from the packet.
29,1,raw,case_29__rep_01,Candidate D,C5,unverifiable,0,,A high N/P ratio (>10) with fixed electrolyte volume-to-cathode-mass ratio improves reproducibility and prolongs cycle life by providing excess zinc capacity relative to the cathode.,No evidence record cited or supplied to verify this specific quantitative claim about N/P ratio effects.
29,1,ds,case_29__rep_01,Candidate E,C1,unverifiable,1,"Scientist A, ID: 41",Continuous potential monitoring of both cathode and anode against a reference electrode allows diagnosis of the locus of failure (attributing degradation to the component whose potential profile degrades).,No abstract record was supplied for ID 41 or any other identifier in this packet; the claim cannot be checked against evidence.
29,1,ds,case_29__rep_01,Candidate E,C2,unverifiable,1,"Scientist B, ID: 39","Anode side reactions inevitably alter bulk electrolyte pH, which directly interferes with proton-dependent MnO2 cathode mechanisms, an effect that simple potential monitoring cannot detect.",No abstract record was supplied for ID 39; this mechanistic claim about pH interference cannot be verified from the provided materials.
29,1,ds,case_29__rep_01,Candidate E,C3,unverifiable,1,"Scientist B, ID: 13, 49","A stabilized zinc anode (e.g., via surface coatings or 3D hosts) can be validated via symmetric cell cycling to show stable, dendrite-free operation for a minimum of 500 hours.","No abstract records were supplied for IDs 13 or 49; the specific quantitative claim (500 hours, dendrite-free) cannot be checked."
29,1,ds,case_29__rep_01,Candidate E,C4,unverifiable,1,"Scientist B, ID: 57",Electrolyte additives that modify the Zn2+ solvation shell can suppress water-related side reactions and stabilize the anode.,No abstract record was supplied for ID 57; this electrolyte-engineering claim cannot be verified against evidence.
29,1,ds,case_29__rep_01,Candidate E,C5,unverifiable,1,"Scientist B, ID: 10, 21",In situ Raman or non-destructive ultrasound techniques can monitor byproduct formation or residual gas evolution in real time during operando cell testing.,No abstract records were supplied for IDs 10 or 21; the operando technique claim cannot be verified against evidence.
29,2,mpds,case_29__rep_02,Candidate A,C1,supported,1,A-R04,"Cathode-induced pH changes in ZnSO4 electrolyte lead to zinc hydroxide sulfate (ZHS) precipitation on alpha-MnO2, rather than simple Zn2+ intercalation (Scientist A [ID: 27]).","A-R04 (Huang et al., pH evolution paper) directly demonstrates that Zn2+ does not intercalate but ZHS precipitates due to pH rise from Mn3+ disproportionation, matching the claim closely."
29,2,mpds,case_29__rep_02,Candidate A,C2,unsupported,1,A-R05,"Mn dissolution from the cathode poisons/degrades the zinc anode, contributing to capacity loss (Scientist A [ID: 237]).","A-R05 is about Mn dissolution and SEI poisoning of the graphite negative electrode in lithium-ion NCM523 full cells, not a Zn/MnO2 aqueous zinc-ion battery system. It does not support the ZIB-specific claim about Mn poisoning the zinc anode; it is an adjacent but distinct electrochemical system."
29,2,mpds,case_29__rep_02,Candidate A,C3,partially_supported,2,A-R11|A-R10,"A stable anode platform (e.g., coatings, 3D hosts, additives) can achieve >1000 hours of stable Zn plating/stripping in a symmetric cell at practical current densities (≥5 mA cm-2) (Scientist B [ID: 13, 49]).","A-R11 (ZnF2 matrix) shows >800 h at 1 mA cm-2, and A-R10 (sericin additive) shows 4446 h but at 1.0 mA cm-2, not ≥5 mA cm-2. Both support the general concept of stabilized long-cycling symmetric cells but neither demonstrates the specific ≥5 mA cm-2 current density threshold claimed, so the quantitative claim is only partially supported."
29,2,mpds,case_29__rep_02,Candidate A,C4,unsupported,1,A-R13,"A validated stable anode platform paired with alpha-MnO2 cathode can enable evaluation to >2000 cycles, allowing degradation to be attributed to intrinsic cathode processes (Scientist B [ID: 23]).","A-R13 describes an NTP-protected Zn anode paired with Zn/MnO2 batteries achieving 10,000 cycles at 10C, which actually exceeds the 2000-cycle claim, but the ID:23 citation pool is ambiguous (pool B assigned) and the abstract does not specifically address decoupling intrinsic cathode degradation mechanisms from anode effects as claimed; it is a performance report, not a diagnostic framework validation. The link between the cited evidence and the specific analytical claim (attributing degradation to intrinsic cathode processes) is not established in the abstract."
29,2,mpds,case_29__rep_02,Candidate A,C5,supported,1,A-R16,Slow phase transformation of alpha-MnO2 to ZnMn2O4 is a marker of intrinsic long-term cathode degradation (Scientist A [ID: 130]).,"A-R16 presents a Pourbaix diagram and phase-stability analysis for Mn-Zn-H2O system including ZnMn2O4, hetaerolite, and chalcophanite transformations tied to capacity fade in Zn/MnO2 cells, directly supporting the mechanistic claim about phase transformation as a degradation indicator."
29,2,eop,case_29__rep_02,Candidate B,C1,supported,2,B-R03|B-R05,"Mn dissolution and pH shifts leading to ZHS precipitation, driven by disproportionation of Mn3+ into Mn2+ and Mn4+, are major confounding artifacts obscuring intrinsic alpha-MnO2 electrochemical behavior.","B-R03 (Kim et al., pH evolution study) directly demonstrates that Mn3+ disproportionation drives pH increase and ZHS precipitation on the MnO2 surface, matching the claim closely. B-R05 (review) also generally supports Mn dissolution as a critical failure mode."
29,2,eop,case_29__rep_02,Candidate B,C2,supported,3,B-R06|B-R07|B-R08,"Adding 0.1-0.3 M MnSO4 to a 2 M ZnSO4 electrolyte via the common-ion effect suppresses MnO2 dissolution, allowing study of structural response to ion insertion.","B-R06 explicitly shows that adding MnSO4 to the electrolyte suppresses Mn dissolution and improves cycling stability, directly supporting the mechanism. B-R07 and B-R08 use MnSO4-containing electrolytes (3M ZnSO4+0.3M MnSO4; 2M ZnSO4+0.1M MnSO4) consistent with the recommended range, providing corroborating precedent, though they do not isolate the additive's dissolution-suppression effect as directly as B-R06."
29,2,eop,case_29__rep_02,Candidate B,C3,supported,2,B-R09|B-R10,"Water-soluble CMC binder is preferable to PVdF, improving performance and homogeneity in Zn/MnO2 aqueous batteries.","B-R09 directly demonstrates CMC binder significantly improves electrochemical performance versus PVdF with good adhesion/homogeneity. B-R10 corroborates that aqueous-solvent binders (including CMC) show better overall performance than non-aqueous alternatives, though it does not single out CMC vs PVdF as sharply as B-R09."
29,2,eop,case_29__rep_02,Candidate B,C4,partially_supported,2,B-R11|B-R12,"Testing at low mass loading (1-2 mg/cm2) minimizes diffusion limitations for probing intrinsic properties, while high mass loading (>5 mg/cm2) is needed to reveal transport bottlenecks relevant to practical viability, per ID 9 and 850.","B-R11 discusses achieving high areal capacity/mass loading (>50 mg/cm2) with a composite cathode, supporting the general point that high mass loading reveals different transport behavior, but does not directly establish the specific 1-2 mg/cm2 vs >5 mg/cm2 framework as a testing protocol recommendation. B-R12 concerns Zn anode depth-of-discharge/current density effects on 3D Zn electrodes, not MnO2 cathode mass loading; it is only tangentially relevant, weakening the mapping for this specific claim."
29,2,eop,case_29__rep_02,Candidate B,C5,supported,2,B-R18|B-R19,"Deep discharge into the conversion-reaction regime causes irreversible structural collapse in MnO2 cathodes, so a cutoff near 1.0 V vs Zn/Zn2+ is needed to remain in the more reversible intercalation regime.","B-R18 directly shows that limiting irreversible conversion reactions (by controlling voltage window, ~1.26 V cutoff used in that study) yields much better cycling life, supporting the general mechanism and strategy, though the specific 1.0 V cutoff value differs slightly from the 1.26 V reported. B-R19 supports that substantial phase changes/structural collapse occur during cycling and deep discharge, reinforcing the degradation mechanism, though it does not specify a voltage cutoff value."
29,2,raw,case_29__rep_02,Candidate C,C1,unverifiable,0,,A three-electrode configuration (with Zn CE and reference electrode such as Ag/AgCl) is necessary to deconvolve cathode and anode contributions and separate intrinsic alpha-MnO2 behavior from Zn anode artifacts.,No evidence record is cited or supplied for this claim; it is a widely used electrochemical methodology but cannot be verified against any supplied abstract.
29,2,raw,case_29__rep_02,Candidate C,C2,unverifiable,0,,"GITT can be used to extract a quasi-equilibrium potential profile and diffusion coefficient of the intercalating species (H+ or Zn2+) in alpha-MnO2, providing an intrinsic transport property.",No citation or abstract is provided to substantiate this specific mechanistic/quantitative claim about GITT-derived diffusion coefficients for alpha-MnO2.
29,2,raw,case_29__rep_02,Candidate C,C3,unverifiable,0,,"Dissolved Mn quantified by ICP-OES/MS in the electrolyte after cycling is a direct, quantitative measure of cathode (alpha-MnO2) instability.",No evidence record supports this claim; it aligns with general literature on Mn dissolution in ZIBs but no supplied abstract confirms it.
29,2,raw,case_29__rep_02,Candidate C,C4,unverifiable,0,,Standardizing electrolyte volume and avoiding additives like MnSO4 in baseline testing isolates cathode dissolution as a measurable failure mode rather than masking it.,No citation given; this is a reasonable experimental design choice but unverifiable from any supplied record.
29,2,raw,case_29__rep_02,Candidate C,C5,unverifiable,0,,XRD-detectable phase changes such as formation of Zn-buserite or hausmannite in cycled alpha-MnO2 cathodes indicate structural degradation distinguishable from pristine material.,No evidence record is cited to confirm these specific phase transformation claims for alpha-MnO2 in ZIBs.
29,2,ds,case_29__rep_02,Candidate D,C1,partially_supported,2,D-R01 (ID:116)|D-R13 (ID:130),"Baseline Mn dissolution rate can be quantified in a three-electrode cell using ICP-OES analysis after a limited number of galvanostatic cycles (citing ID: 116, 130 as support for this baseline-fingerprinting approach).","D-R01 discusses severe water-induced Mn dissolution in lambda-MnO2 and mitigation via MnSO4 additive, and D-R13 presents a Pourbaix diagram rationalizing Mn dissolution/capacity fade mechanisms. Both are relevant background on Mn dissolution but neither specifically validates or establishes the proposed protocol of a limited-cycle ICP-OES baseline fingerprinting method as reliable/standardized; the citations support the general phenomenon (Mn dissolution occurs, is measurable) rather than the specific protocol claim."
29,2,ds,case_29__rep_02,Candidate D,C2,partially_supported,2,D-R05 (ID:39)|D-R06 (ID:27),"Rapid Zn anode failure (dendrites, corrosion, pH changes) creates a cascade of coupled reactions that make it impossible to isolate cathode intrinsic behavior in a bare Zn foil baseline (citing ID: 39, 27).","D-R05 supports the pH-change claim directly (in operando pH microelectrode study showing local pH drop near MnO2 electrode and dissolution at low pH). D-R06 supports Zn dendrite/parasitic reaction issues via a beta-cyclodextrin additive study, but this is about mitigation strategy, not directly evidencing that Zn failure corrupts cathode-only diagnostics. Together they support components of the claim (pH change, dendrite/parasitic reactions exist) but not the specific systemic argument that these fully confound cathode intrinsic behavior."
29,2,ds,case_29__rep_02,Candidate D,C3,partially_supported,2,D-R08 (ID:176)|D-R15 (ID:355),"A 3D carbon cloth host with pre-deposited zinc (Zn@CC) can serve as a standardized stable testbed anode, and such Zn-carbon composite anodes with controlled N/P ratio around 2.4-5 have been demonstrated with meaningful cycle life data (citing ID: 176, 355).","D-R08 is about a conductive carbon additive composite anode (not carbon cloth specifically) with a symmetric cell test showing low polarization; it does not describe Zn@CC on carbon cloth. D-R15 concerns Zn on carbon nanofiber (CNF, not carbon cloth) backbones with N/P ratio 2.4, addressing DOD/current density effects on cycle life, and reports full cell data with V2O5, not MnO2. Both are adjacent (carbon-supported Zn anodes) but not exact matches to the specific Zn@CC platform and its performance thresholds proposed (e.g., >500 h at 1 mA/cm2 with <100 mV polarization is not clearly established in either)."
29,2,ds,case_29__rep_02,Candidate D,C4,supported,2,D-R09 (ID:74)|D-R10 (ID:214),"Post-mortem structural analysis (XRD, XPS, TEM/SEM) of cycled cathodes, as demonstrated in prior aqueous ZIB cathode studies, is an appropriate method to identify structural evolution and phase changes over long-term cycling (citing ID: 74, 214).","D-R09 (K2Zn2V10O28 cathode) explicitly uses ex situ XRD, XPS, TEM, HRTEM to analyze storage mechanism, and D-R10 (polyaniline-intercalated MnO2) explicitly discusses phase changes and structural collapse of MnO2 cathodes during cycling. Both directly support the general claim that such multi-technique structural analysis is an established and relevant method for evaluating cathode degradation, even though D-R09 is a vanadium-oxide cathode rather than MnO2."
29,2,ds,case_29__rep_02,Candidate D,C5,contradicted,1,D-R17 (ID:200),Post-mortem ICP-OES analysis of electrolyte and separator can quantify Mn dissolution over a meaningful cycling lifetime (citing ID: 200).,"The supplied record for ID:200 (D-R17) is about a doped calcium silicate bioceramic for dental/biomedical applications, entirely unrelated to zinc-ion batteries, Mn dissolution, or ICP-OES protocols in electrochemical cells. This is a clear mismatch between the cited identifier and the claim it purports to support; the evidence record does not support the claim at all and appears to be a wrong/irrelevant record for the given ID."
29,2,eo,case_29__rep_02,Candidate E,C1,unverifiable,0,,Placeholder,placeholder
29,3,eop,case_29__rep_03,Candidate A,C1,unverifiable,3,114|142|538,"Adding a small concentration of MnSO4 (e.g., 0.1 M) to the ZnSO4 electrolyte suppresses Mn2+ dissolution from the MnO2 cathode, a primary failure mode.","No abstract records were supplied for these bracketed identifiers, so the claim cannot be checked against evidence despite being a well-known practice in the literature."
29,3,eop,case_29__rep_03,Candidate A,C2,unverifiable,3,41|508|541,"Zinc anode instability (dendrite growth, hydrogen evolution) introduces significant noise and premature failure that can be mistaken for cathode degradation.",No supporting abstracts were provided for these identifiers; the mechanistic claim about anode-cathode conflation cannot be verified from supplied evidence.
29,3,eop,case_29__rep_03,Candidate A,C3,unverifiable,1,68,Exposure to air can artificially inflate the initial capacity of MnO2 cathodes because the material catalyzes the oxygen reduction reaction.,"This is a specific, falsifiable, and consequential claim about a testing artifact, but no abstract record for identifier 68 was supplied to confirm or refute it."
29,3,eop,case_29__rep_03,Candidate A,C4,unverifiable,1,538,"Operando pH measurement near the cathode surface, as demonstrated by Bischoff et al., can directly measure local pH fluctuations that drive parasitic reactions.","A named-author claim attributed to a specific study, but no abstract for identifier 538 was supplied, so the specific attribution and technique claim cannot be verified."
29,3,eop,case_29__rep_03,Candidate A,C5,unverifiable,2,9|850,Low cathode mass loadings (<2 mg/cm2) often show misleadingly high specific capacities and cycle life compared to practical high-loading conditions.,"This is a central feasibility/methodology claim about experimental artifacts, but no supporting abstract records were supplied for identifiers 9 or 850."
29,3,raw,case_29__rep_03,Candidate B,C1,unverifiable,0,,Three-electrode cell configurations (with Ag/AgCl reference) allow decoupling of MnO2 cathode and Zn anode potentials to isolate intrinsic cathode behavior from anode/electrolyte artifacts.,"No evidence records were cited or supplied for this claim; while it is a well-established electrochemistry practice, it cannot be checked against any supplied abstract."
29,3,raw,case_29__rep_03,Candidate B,C2,unverifiable,0,,GITT can be used to calculate the chemical diffusion coefficient and separate ohmic resistance from diffusion limitations in MnO2 cathodes.,No citation or evidence record accompanies this methodological claim.
29,3,raw,case_29__rep_03,Candidate B,C3,unverifiable,0,,ICP-MS/AAS quantification of dissolved Mn ions in the electrolyte serves as a direct measure of cathode structural instability during cycling.,No supporting evidence record was provided; claim is plausible but unverifiable from supplied materials.
29,3,raw,case_29__rep_03,Candidate B,C4,unverifiable,0,,Post-mortem XRD/XPS analysis can detect phase transformation to layered/spinel structures or formation of zinc sulfate hydroxide (ZHS) as failure indicators in alpha-MnO2 cathodes.,No evidence record cited to substantiate this specific mechanistic/failure-mode claim.
29,3,raw,case_29__rep_03,Candidate B,C5,unverifiable,0,,A standardized electrode composition (80:10:10 MnO2:carbon:PVDF) and mass loading of 1.5-2.0 mg/cm2 minimizes transport limitations while remaining practical for reproducible testing.,This is a procedural recommendation without any cited empirical or literature support in the supplied packet.
29,3,ds,case_29__rep_03,Candidate C,C1,supported,1,"Scientist A [ID: 28, 286]","α-MnO2/MnO2 cathode behavior in ZIBs is electrolyte-dependent, involving co-existing H+/Zn2+ intercalation and conversion reaction mechanisms that vary with electrolyte composition (used to justify Stage 1's electrolyte matrix and 'benchmark' testing).","C-R01 (ID 28) explicitly reports an electrolyte-dependent reaction mechanism in MnO2 with joint intercalation/conversion pathways; C-R02 (ID 286) supports H+/Zn2+ intercalation and conversion reactions occurring at different voltages driving capacity fade. Both directly back the claim, though the memo attributes them narratively to 'Scientist A' rather than as the candidate's own direct citation, complicating clean attribution."
29,3,ds,case_29__rep_03,Candidate C,C2,partially_supported,2,"Scientist B [ID: 39, 267]|Scientist B [ID: 39]",Local pH changes near the MnO2 electrode occur during cycling and can be directly monitored in operando with pH microelectrodes to link chemical changes to electrochemical events.,"C-R03 (ID 39) strongly supports the pH microelectrode operando claim. However, ID 267 (C-R04) is about CMC-induced amorphous MnO2 nanosheets with oxygen vacancies, unrelated to pH changes; it does not support the co-insertion/pH linkage claim it is bundled with, weakening the overall claim's support."
29,3,ds,case_29__rep_03,Candidate C,C3,partially_supported,1,"Scientist B [ID: 22, 57]","A representative electrolyte matrix (baseline ZnSO4, additive-modified, water-in-salt) should be used to probe different solvation/reaction environments, since electrolyte additives and solvation structure changes measurably affect Zn reversibility.","ID 22 (C-R05) supports solvation-structure engineering improving Zn utilization rate, consistent with the electrolyte-matrix rationale. ID 57 is ambiguous: two records exist (C-R07a, pool A, MnO2 vs Mn2O3 comparison; C-R07b, pool B, GBL additive for Zn anode reversibility). The candidate's own bracket cites 'Scientist B [ID: 57]', suggesting pool B (C-R07b) is intended, which does support an electrolyte-additive claim, but the ambiguity itself is a traceability problem given two pools exist for the same numeral."
29,3,ds,case_29__rep_03,Candidate C,C4,partially_supported,2,Scientist A [ID: 9]|Scientist B [ID: 355],Practical pouch-cell validation requires high mass loading (>10 mg/cm^2) and low N/P ratio to reveal realistic failure modes distinguishing intrinsic cathode behavior from artifacts.,"C-R12 (ID 9) demonstrates a high areal capacity/high mass loading (>50 mg/cm^2) MnO2 cathode, supporting the high-mass-loading claim. C-R13 (ID 355) discusses N/P ratio effects and DOD/current density on Zn anode cycle life, supporting the N/P-ratio rationale, but neither paper directly validates the combined pouch-cell 'low N/P + high loading reveals intrinsic vs artifact' framework asserted in the memo; the synthesis is an extrapolation beyond the two cited abstracts."
29,3,ds,case_29__rep_03,Candidate C,C5,partially_supported,1,Scientist B [ID: 214],In-situ XRD/Raman during operando cycling can track cathode phase changes and byproduct formation useful for distinguishing intrinsic degradation pathways.,"C-R10 (ID 214) discusses phase changes (α-, β-, γ- to layered structure) in MnO2 during cycling and a polyaniline-intercalation strategy to mitigate this, which supports the general premise of phase-change tracking as relevant, but the abstract does not itself describe or validate an in-situ XRD/Raman operando protocol; it is an ex-situ/electrochemical performance study, not a methodological demonstration of the proposed operando technique."
29,3,eo,case_29__rep_03,Candidate D,C1,supported,10,ID: 41|ID: 513|ID: 541|ID: 527|ID: 624|ID: 548|ID: 523|ID: 510|ID: 638|ID: 850,"Zn||Zn symmetric cell testing (using additives such as ammonium cations, β-cyclodextrin, D-Phenylalanine, sericin, or protective coatings like 3D ZnF2, NTP, N-doped graphene oxide) can be used to isolate and stabilize the Zn anode, achieving long stable cycling (hundreds to thousands of hours) at relevant current densities.","Each cited abstract (D-R01 through D-R10) directly reports symmetric-cell Zn anode stabilization strategies (additives, coatings, 3D hosts) with quantitative cycling stability data consistent with the claim, e.g., ammonium additive achieving 2145 h at 1 mA/cm2 (D-R01), ZnF2 matrix 800 h (D-R02), sericin 4446 h (D-R06). The general claim of using symmetric cells with these strategies to achieve stable long cycling is well supported by the specific evidence."
29,3,eo,case_29__rep_03,Candidate D,C2,partially_supported,7,ID: 2|ID: 4|ID: 97|ID: 114|ID: 116|ID: 142|ID: 538,"Adding a small amount of MnSO4 (e.g., 0.1 M) to the ZnSO4 electrolyte suppresses Mn dissolution from the MnO2 cathode via a common-ion effect, mitigating capacity fade.","D-R18 (ID:116) explicitly shows MnSO4 addition suppresses Mn dissolution and improves cycling stability, directly supporting the mechanism. D-R14/D-R15 (review articles) and D-R16 (ID:97) discuss Mn dissolution as a general problem but do not specifically validate the common-ion suppression mechanism. D-R17 (ID:114) and D-R19 (ID:142) use MnSO4-containing electrolytes as a standard formulation without directly testing/isolating the common-ion suppression effect. D-R20 (ID:538) addresses pH evolution with MnSO4-containing electrolyte but does not isolate the dissolution-suppression mechanism per se. Overall the core mechanistic claim is supported by at least one source but the full claim (as a broadly evidenced practice) is only partially corroborated across the full citation set."
29,3,eo,case_29__rep_03,Candidate D,C3,supported,7,ID: 6|ID: 14|ID: 28|ID: 55|ID: 534|ID: 27|ID: 538,"The charge storage mechanism in MnO2 for aqueous ZIBs is debated, involving both H+ and Zn2+ intercalation (or a combination of both), and H+ involvement is linked to pH changes and formation of zinc hydroxide sulfate (ZHS) byproducts.","Multiple cited abstracts (D-R21 H+ carrier, D-R22 H+ insertion, D-R23 joint mechanism, D-R24 H+/Zn2+ insertion, D-R25 H+ insertion with ZHS layer, D-R26 ZHS precipitation and pH-driven mechanism, D-R20 pH evolution) collectively and directly support the claim of a debated dual-ion mechanism linked to pH change and ZHS formation."
29,3,eo,case_29__rep_03,Candidate D,C4,partially_supported,8,ID: 345|ID: 374|ID: 16|ID: 61|ID: 84|ID: 522|ID: 654|ID: 506,"Water-in-salt electrolytes (WiSE) and hybrid electrolytes with organic co-solvents (DMSO, sulfolane, propylene carbonate) suppress H+ intercalation and hydrogen evolution reaction (HER) by limiting free water activity.","D-R27 (WiSE, ID:345) directly supports suppression of H+ intercalation via reduced free water. D-R28 (ID:374) discusses a ZnCl2/LiCl electrolyte reducing HER via water-Zn-Cl interactions, supporting the general water-activity concept but not framed as WiSE for MnO2 H+ suppression per se. D-R29-31 (DMSO-based) support suppression of HER/dendrites and improved MnO2 cycling but do not explicitly demonstrate suppression of H+ intercalation in MnO2. D-R32 (sulfolane) and D-R33 (PC) pertain to Zn anode/vanadium cathode systems, only tangentially supporting the broader solvation-engineering concept applied to MnO2. D-R34 (ID:506) addresses solvated-water-driven H2 evolution generally, not specific to WiSE/organic co-solvent claim. The overall directional claim is credible and partially corroborated, but specific mechanistic support for H+ suppression in MnO2 systems is uneven across the cited works."
29,3,eo,case_29__rep_03,Candidate D,C5,supported,1,ID: 68,"Cell assembly under uncontrolled atmosphere (air exposure) can introduce an O2-reduction-mediated pathway that dramatically increases MnO2 cathode capacity and alters the fundamental charge-storage mechanism, constituting a testing artifact if uncontrolled.","D-R46 (ID:68) directly and specifically supports this claim: near-theoretical two-electron capacity observed under air exposure vs argon assembly, attributed to MnO2-catalyzed O2 reduction forming an oxygen redox mediator that converts MnO2 to Mn2+."
29,3,mpds,case_29__rep_03,Candidate E,C1,partially_supported,1,E-R01,Cathode-induced pH shifts alter the anode environment / are a critical diagnostic signal in ZIB systems (Scientist A [ID: 27]),"E-R01 documents pH evolution during α-MnO2 discharge/charge tied to Mn dissolution/precipitation of ZHS, supporting the pH-shift mechanism at the cathode. However, it does not directly demonstrate that this pH shift 'alters the anode environment' as a diagnostic signal for anode-cathode feedback; that specific coupling is an extrapolation beyond the abstract's scope."
29,3,mpds,case_29__rep_03,Candidate E,C2,unsupported,1,E-R02,"Mn dissolution poisons the anode, contributing to capacity loss (Scientist A [ID: 237])","E-R02 concerns transition metal (Mn) dissolution and SEI poisoning in lithium-ion full cells with NCM523 cathodes and graphite anodes, an entirely different chemistry (non-aqueous, Li-ion, no Zn anode). It does not support a claim about Mn poisoning of a Zn anode in aqueous ZIBs; the analogy is not established by this evidence."
29,3,mpds,case_29__rep_03,Candidate E,C3,supported,2,E-R03|E-R04,"The standard zinc anode is unstable, generating dendrites and hydrogen evolution noise that obscures cathode intrinsic behavior (Scientist B [ID: 8, 24])","Both E-R03 and E-R04 are review articles explicitly discussing Zn anode instability, dendrite growth, hydrogen evolution, and self-corrosion as major challenges in aqueous ZIBs, directly supporting this claim."
29,3,mpds,case_29__rep_03,Candidate E,C4,partially_supported,2,E-R05|E-R06,"An ultra-stable anode/electrolyte platform can meet metrics of >99.5% CE and >2000 hours symmetric cell stability (Scientist B [ID: 34, 49])","E-R05 reports 500h symmetric cycling and 99.3% CE; E-R06 reports 4446h symmetric cycling and 99.29% CE. Neither source individually meets both stated thresholds simultaneously (>99.5% CE AND >2000h), and the specific >99.5% CE figure is not matched by either abstract (99.3% and 99.29% are both slightly below 99.5%). The general direction (highly stable Zn anodes achievable) is supported, but the precise quantitative claim overstates the evidence."
29,3,mpds,case_29__rep_03,Candidate E,C5,unverifiable,2,E-R10a|E-R10b,"Practical viability requires pouch cell testing with mass loading >10 mg/cm2, lean electrolyte, and N/P ratio ≤3 (Scientist A/B [ID: 355])","The numeric ID 355 maps to two entirely different records: E-R10a is about lithium recovery via electrochemical capturing (irrelevant), and E-R10b concerns Zn anode cycle life vs. depth of discharge/current density (relevant to Zn anodes but discusses N/P ratio of 2.4, not confirming a ≤3 threshold or pouch cell/lean electrolyte specifics from a cathode mass-loading standpoint). The candidate text does not disambiguate which pool is intended, and neither record clearly supports the composite pouch-cell claim as stated."
30,1,raw,case_30__rep_01,Candidate A,C1,unverifiable,0,,"Metal/metal-selenide heterostructures (e.g., Co/CoSe2, Fe/FeSe2) form continuous conductive networks that minimize internal electronic resistance and improve rate performance.",No evidence records were supplied or cited for this claim; it cannot be checked against any abstract.
30,1,raw,case_30__rep_01,Candidate A,C2,unverifiable,0,,A yolk-shell structure with void space ~1.5-2.0x the yolk volume optimally buffers the ~150-300% volume expansion of metal selenides during sodiation without creating excess dead volume.,No citation or evidence record accompanies this specific quantitative claim.
30,1,raw,case_30__rep_01,Candidate A,C3,unverifiable,0,,"A thin (5-10 nm), porous/N-doped carbon shell allows electrolyte infiltration into the void space, shortening the Na+ diffusion path and improving conductivity/wettability.",No evidence record is provided to substantiate this mechanistic and quantitative claim.
30,1,raw,case_30__rep_01,Candidate A,C4,unverifiable,0,,"Metallic phases catalyze breaking of Se-Se bonds and suppress formation of soluble sodium polyselenides, improving cycling stability and coulombic efficiency.",No supporting abstract or citation is supplied for this specific catalytic/suppression mechanism.
30,1,raw,case_30__rep_01,Candidate A,C5,unverifiable,0,,"Template-assisted synthesis using silica nanospheres, metal salt infiltration, selenization, and carbon coating followed by SiO2 etching reliably produces scaffolded yolk-shell architectures with controlled shell thickness and void size.",This procedural/feasibility claim has no accompanying evidence record to verify reproducibility or control claims.
30,1,ds,case_30__rep_01,Candidate B,C1,partially_supported,3,"B-R01 (ID:2, pool A)|B-R02 (ID:51, pool A)|B-R03 (ID:115, pool A)","MOF-derived selenidation strategies can simultaneously create bimetallic selenide nanoparticles, a protective N-doped carbon shell, and void space via pyrolysis and selenidation of a single MOF precursor (Scientist A [ID: 2, 51, 115]).","B-R01 supports MOF-derived carbon-encapsulated selenides for Na-ion anodes generally, consistent with the claim. B-R03 supports MOF-derived porous NiCoSe4@NC for SIBs. B-R02, however, is about a K-ion (potassium) battery anode (NiCo2Se4@NC in carbon nanoboxes), not sodium-ion, and does not describe self-templated conductive network formation via MOF pyrolysis for electrode-scale conductivity; it is only partially relevant. None of the three explicitly demonstrate simultaneous formation of an interconnected CNT/nanosheet conductive network as claimed."
30,1,ds,case_30__rep_01,Candidate B,C2,unsupported,2,"B-R05 (ID:24, pool B)|B-R10 (ID:30, pool B)","Relying on MOF pyrolysis to spontaneously form a conductive network is risky, often producing discrete powders with high contact resistance, a critical failure point for high-rate applications (Scientist B [ID: 24, 30]).","B-R05 concerns branched carbon-encapsulated MnS nanochains for lithium-ion storage; B-R10 concerns Pd-Fe intermetallic nanoparticles encapsulated in N-doped carbon for oxygen reduction reaction catalysis. Neither abstract discusses MOF-pyrolysis-derived powders, contact resistance, or electrode-scale conductivity limitations. The cited evidence does not support this specific mechanistic/feasibility claim."
30,1,ds,case_30__rep_01,Candidate B,C3,unsupported,2,"B-R05 (ID:24, pool B)|B-R11 (ID:492, pool B)","Fabricating a binder-free carbon nanofiber (CNF) mat via electrospinning is a direct method to solve electrode-level transport bottlenecks and eliminates mass/electrochemical inactivity of binders (Scientist B [ID: 24, 492]).","B-R05 is about MnS nanochains for Li-ion storage, not CNF electrospinning. B-R11 discusses NiCo2S4@C in hollow N-doped carbon cubes for Li storage via MOF-template synthesis, not electrospun CNF mats or binder-free electrodes. Neither reference substantiates the specific electrospinning/CNF claim."
30,1,ds,case_30__rep_01,Candidate B,C4,partially_supported,2,"B-R12 (ID:14, pool A)|B-R13 (ID:133, pool A)","Using bimetallic MOFs ensures atomic-level dispersion of metals, crucial for forming homogeneous bimetallic selenide heterostructures with enhanced kinetics (Scientist A [ID: 14, 133]).","B-R12 supports formation of a Zn/Co bimetallic selenide heterostructure from a bimetal organic framework analogue with enhanced transport kinetics, broadly consistent with the claim (though for Li-ion, not Na-ion). B-R13 describes a high-entropy selenide (5-metal) for Na-ion batteries addressing polyselenide shuttling, which is a related but distinct system (not clearly MOF-derived or bimetallic in the sense claimed); it does not directly support 'atomic-level dispersion via bimetallic MOF' claim, only tangentially relevant to selenide anode performance."
30,1,ds,case_30__rep_01,Candidate B,C5,partially_supported,3,"B-R01 (ID:2, pool A)|B-R07 (ID:7, pool B)|B-R17 (ID:80, pool B)","Generating localized void space between selenide core and carbon shell during MOF-to-selenide conversion is essential for buffering volume changes during sodiation (Scientist A [ID: 2], Scientist B [ID: 7, 80]).","B-R01 supports carbon-encapsulated selenide anodes for Na-ion batteries with good cycling, consistent with the general void/carbon-shell strategy though it does not explicitly detail 'void space' formation. B-R07 supports the yolk-shell/void concept via a carbon-encapsulated porous SnO2 (Li-ion) system, analogous but not selenide- or Na-specific. B-R17 concerns Mo-carbide encapsulated in N-doped carbon as a dehydrogenation catalyst, entirely unrelated to battery anodes or void-buffering mechanisms, and does not support this claim."
30,1,eo,case_30__rep_01,Candidate C,C1,unsupported,4,ID: 506|ID: 534|ID: 633|ID: 715,"A hollow, yolk-shell carbon architecture accommodates volumetric expansion during sodiation, preventing pulverization and mechanical failure of the electrode.","Cited records C-R01–C-R04 concern SnO2, TiO2, and Mn-Ni-Co oxide systems for lithium-ion batteries or supercapacitors, not metal selenides for sodium-ion storage. C-R01 (SnO2 yolk-shell, LIB) is the closest analog but is not about selenides or Na-ion systems; the others (SnO2/NIB carbon coating without yolk-shell void, TiO2/LIB, ternary oxide/supercapacitor) do not support the yolk-shell selenide mechanism as stated."
30,1,eo,case_30__rep_01,Candidate C,C2,partially_supported,5,ID: 2|ID: 74|ID: 266|ID: 574|ID: 577,"MOF-derived pyrolysis and selenization is a general, reproducible strategy for in situ formation of carbon-encapsulated bimetallic selenides with hollow/porous features for Na-ion storage.","C-R08 (ID:2) directly supports a MOF-derived selenidation strategy for carbon-encapsulated selenides as Na-ion anodes, matching the claim well. However, ID:74 (Na-ion low temperature review) is only tangential, ID:266 (C-R10, AlCuSe2 MOF-derived) is for Li-ion not Na-ion, and ID:574/577 (C-R11/C-R12) are Mo carbide/Mo2C catalysts unrelated to selenides or batteries. Only one of five citations strongly supports the claim."
30,1,eo,case_30__rep_01,Candidate C,C3,unsupported,6,ID: 505|ID: 507|ID: 519|ID: 527|ID: 520|ID: 577,"Bimetallic selenides (e.g., Fe2CoSe4, Ni0.6Fe0.4Se2, ZnCoSe) offer richer redox reactions and superior intrinsic conductivity vs. mono-metal selenides, with demonstrated excellent rate performance and durability for Na storage.","None of the cited records (C-R21 WOx/HER catalyst, C-R23 Pt-C fuel cell catalyst, C-R24 CoS/NCNTs potassium-ion battery, C-R25 Cu2-xS thermoelectric, C-R26 PEI-conjugated Fe nanoparticles, C-R12 Mo carbide catalyst) discuss Fe2CoSe4, Ni0.6Fe0.4Se2, or ZnCoSe, or bimetallic selenides for Na-ion batteries at all. The specific compounds named are not verifiable from any supplied abstract."
30,1,eo,case_30__rep_01,Candidate C,C4,unsupported,4,ID: 133|ID: 522|ID: 544|ID: 580,"Heterostructure interfaces (e.g., Ni3Se4/CoSe2, ZnSe/CoSe2) create a built-in electric field that accelerates charge transfer and Na+ diffusion kinetics, confirmed by DFT calculations.","C-R16 (ID:133) discusses high-entropy selenides with Se vacancies for Na-ion batteries, not Ni3Se4/CoSe2 or ZnSe/CoSe2 heterostructure interfacial electric fields, nor DFT-confirmed built-in field claims. ID:522 (supercapacitor PANI electrode) and ID:544 (green synthesis of Fe nanoparticles) and ID:580 (CO2 capture microcapsules) are entirely unrelated to selenide heterostructures or Na-ion battery kinetics."
30,1,eo,case_30__rep_01,Candidate C,C5,unsupported,1,ID: 513,"Formation of heterostructures where different metal selenides react at different potentials can mutually buffer volume changes, enhancing structural stability.","C-R30 describes a porous N-doped carbon-encapsulated CoNi alloy (not selenide) used as an oxygen electrocatalyst (ORR/OER), unrelated to sodium-ion selenide heterostructures or potential-staggered volume buffering. This citation does not support the claim."
30,1,mpds,case_30__rep_01,Candidate D,C1,supported,2,D-R01|D-R02,"The engineered void in a yolk-shell architecture acts as a 'shock absorber' essential for accommodating volume changes of selenides, enabling ultra-long cycle stability at high rates (Scientist A [ID: 7, 80]).","D-R01 (FeSe2@C yolk-shell) explicitly describes the yolk-shell void decreasing volume expansion and avoiding pulverization, and D-R02 (ZnCoSe@NDC yolk-shell) reports long cycling stability (2000 cycles) and high-rate performance, directly supporting the mechanistic and performance claim."
30,1,mpds,case_30__rep_01,Candidate D,C2,partially_supported,4,D-R03|D-R04|D-R05|D-R06,"Bimetallic selenide heterointerfaces generate built-in electric fields/heterojunctions that lower the Na+ diffusion barrier and enable extreme rate capabilities (>30 A/g) unmatched by monometallic systems (Scientist A [ID: 6, 23, 68, 83]).","D-R03 (Fe2CoSe4) reports rate performance up to 32 A/g supporting the extreme-rate claim, and D-R04 (ZnSe/CoSe2 heterostructure) supports the mechanistic claim about heterointerfaces lowering the Na+ diffusion barrier via vacancy/heterostructure engineering. D-R05 concerns spin polarization/p-band engineering rather than heterointerface built-in electric fields, and D-R06 discusses interface effects but does not explicitly invoke a 'built-in electric field' concept. The overall claim is a composite of several distinct mechanisms bundled together, only some of which are directly evidenced by each cited record; the '>30 A/g' figure is supported by only one of the four sources (D-R03), so the group as a whole is only partially aligned with the full claim as stated."
30,1,mpds,case_30__rep_01,Candidate D,C3,partially_supported,2,D-R07|D-R08,"MOF-derived synthesis pathways offer unparalleled control for creating complex, integrated hollow/yolk-shell bimetallic selenide-carbon architectures (Scientist A [ID: 2, 34]).","D-R07 supports MOF-derived in situ carbon-encapsulated selenide synthesis producing high-rate anodes, but the specific system reported (peapod Fe7Se8@C, porous NiSe@C) is monometallic, not bimetallic hollow/yolk-shell. D-R08 is a general review of MOF-derived materials for SIB anodes and does not itself demonstrate 'unparalleled control' for the specific bimetallic hollow architecture claimed. The claim of superiority for complex bimetallic yolk-shell control is not directly demonstrated by either citation."
30,1,mpds,case_30__rep_01,Candidate D,C4,partially_supported,1,D-R09,"A flexible, interwoven 1D nanofiber/nanotube network (Scientist B's proposal) can accommodate volume expansion via inter-fiber porosity, offering superior mechanical integrity compared to hollow void designs (Scientist B [ID: 48]).","D-R09 (Sn nanodots in N-doped carbon nanofibers) demonstrates a flexible free-standing nanofiber composite with good electrochemical performance, but it does not directly compare mechanical integrity or volume-accommodation efficacy against hollow/yolk-shell architectures, nor does it involve metal selenides. It supports the general feasibility of the nanofiber approach but not the comparative superiority claim."
30,1,mpds,case_30__rep_01,Candidate D,C5,partially_supported,2,D-R07|D-R10,"Optimizing nanoparticle size and carbon interface (without bimetallic complexity) is sufficient to achieve excellent kinetics, as demonstrated by monometallic systems performing well at high rates (e.g., 8 A/g) (Scientist B [ID: 2, 294]).","D-R10 (Fe1-xS@CNT, a sulfide not selenide) reports high capacity retention at 8000 mA/g (8 A/g), supporting the numeric rate claim but for a different chemistry (sulfide) than the selenides under discussion. D-R07 (MOF-derived monometallic selenides) supports high-rate monometallic performance generally but does not reach the specific 8 A/g figure explicitly cited. The claim is only loosely supported since the specific evidence combines a sulfide analog with a selenide source that doesn't state the exact rate value."
30,1,eop,case_30__rep_01,Candidate E,C1,unsupported,3,E-R01|E-R02|E-R03,"Metal selenides undergo massive volume expansion during sodiation causing pulverization and rapid capacity decay (cited [ID: 501, 519, 527]).","E-R01 is about carbon-encapsulated Fe nanoparticles for HER, E-R02 is a CoS-based potassium-ion battery anode, and E-R03 is copper sulfide for thermoelectrics. None discuss sodiation-induced volume expansion or pulverization of metal selenides specifically; they are off-topic or only tangentially related chalcogenide materials in unrelated applications."
30,1,eop,case_30__rep_01,Candidate E,C2,contradicted,1,E-R04,"Yolk-shell FeSe2@C structures have demonstrated 10,000 cycles at 10.0 A g⁻¹ for Na-storage (cited [ID: 530]).","E-R04 describes carbon-encapsulated hollow porous V2O5 nanofibers for lithium storage (241 mAh/g at 100 cycles), not FeSe2@C, not sodium-ion, and not 10,000 cycles at 10 A g⁻1. The specific performance claim is not supported by this record and appears to reference a different material/system entirely, i.e., a fabricated attribution."
30,1,eop,case_30__rep_01,Candidate E,C3,unsupported,1,E-R07,Heterostructures such as Ni3Se4/CoSe2 introduce built-in electric fields at phase boundaries and DFT confirms improved reaction kinetics (cited [ID: 133]).,"E-R07 describes high-entropy selenides (NiCoFeMnCr/CNTs) addressing polyselenide shuttling via vacancy engineering — not Ni3Se4/CoSe2 heterostructures, not built-in electric fields, and no DFT confirmation of heterointerface kinetics is mentioned. The claim's specific mechanistic content is not addressed by this abstract."
30,1,eop,case_30__rep_01,Candidate E,C4,unsupported,1,E-R12,Hollow ZnSe/CoSe2@N-C nanospheres demonstrate synergistic effect between double metal ions and carbon shell for high-rate applications (cited [ID: 74]).,"E-R12 is a review on Na-ion batteries at low temperatures, covering various cathode/anode/electrolyte classes generally, including passing mention of metal selenides as an anode class, but it does not describe or support the specific ZnSe/CoSe2@N-C nanosphere architecture or its synergistic double-metal-ion mechanism."
30,1,eop,case_30__rep_01,Candidate E,C5,partially_supported,3,E-R13|E-R17|E-R18,"MOF-derived synthesis (e.g., ZIF-8@ZIF-67 to ZnSe@CoSe2/NC) via one-pot selenization and carbonization is an effective self-sacrificial templating strategy for carbon-encapsulated metal selenide anodes (cited [ID: 2, 559, 574]).","E-R13 directly supports the general MOF-derived selenidation strategy for in situ carbon-encapsulated metal selenides as Na-ion anodes (Fe7Se8@C, NiSe@C), which is relevant and supportive of the general templating concept. However, E-R17 (Ni nanoparticle electrocatalyst for water splitting) and E-R18 (Mo/Mo2C photocatalyst) are unrelated to Na-ion battery selenide synthesis and do not support the specific bimetallic ZnSe@CoSe2/NC claim, so only partial support is established via E-R13 alone."
30,2,ds,case_30__rep_02,Candidate A,C1,supported,2,A-R15 (ID:6)|A-R16 (ID:83),"Yolk-shell nanostructures with a pre-engineered internal void prevent pulverization and enable ultra-long cycle lives of over 10,000 cycles and extraordinary rate performance in metal selenide anodes.","A-R16 (Constructing Heterostructured Bimetallic Selenides... H-CoSe2/ZnSe@NC) explicitly reports an ultralong lifespan of 10,000 cycles at 10 A/g using a hollow/pre-reserved cavity structure, and A-R15 reports extraordinary rate performance (816.3 mAh/g at 0.5 A/g, 400.2 at 32 A/g) with a hierarchically porous binary selenide. Both support the general claim of yolk-shell/hollow architectures giving ultra-long cycling and high rate, though A-R15 is porous rather than strict yolk-shell."
30,2,ds,case_30__rep_02,Candidate A,C2,supported,2,A-R6 (ID:23)|A-R27 (ID:3),"Bimetallic heterostructures (e.g., ZnSe/CoSe2, FeSe2/CoSe2) enhance electronic properties, create synergistic redox reactions, lower diffusion barriers, and accelerate charge transfer, benefiting high-rate performance.","A-R6 (Synergistic Engineering of Se Vacancies and Heterointerfaces in Zinc-Cobalt Selenide) directly supports that heterostructure/vacancy engineering lowers Na+ diffusion barrier and accelerates charge transfer. A-R27 supports heterostructure engineering (metal sulfide/selenide) improving rate performance via lower diffusion barriers, consistent with the general mechanistic claim, though it is about sulfide/selenide rather than bimetallic selenide/selenide specifically."
30,2,ds,case_30__rep_02,Candidate A,C3,supported,2,A-R8 (ID:31)|A-R9 (ID:107),"Carbon encapsulation (e.g., N-doped carbon shells) buffers volume-change strain and improves conductivity in metal selenide/sulfide anodes.","A-R8 (FeSe2 coated with N-doped carbon) and A-R9 (Fe7S8 carbon-encapsulated nanocrystals) both directly support that carbon encapsulation buffers volume expansion and improves conductivity/cyclability, matching the claim closely (R9 is a sulfide analog but mechanistically the same encapsulation principle)."
30,2,ds,case_30__rep_02,Candidate A,C4,partially_supported,2,A-R18 (ID:22)|A-R19 (ID:389),"Discrete yolk-shell/particle architectures suffer from poor volumetric efficiency (low tap density, 'dead volume') and rely on inefficient particle-to-particle electron hopping, a limitation Scientist B raises against Scientist A's approach.","A-R18 and A-R19 discuss volumetric capacity/density issues in Si and Sn-based carbon-encapsulated anodes (not metal selenides), showing that carbon encapsulation of particles can reduce packing density and that dense monoliths improve volumetric capacity. This supports the general principle underlying the practical critique of particulate architectures, but neither evidence record specifically addresses metal selenide yolk-shell particles or explicitly discusses 'electron hopping' between particles, so it is only partial/adjacent support."
30,2,ds,case_30__rep_02,Candidate A,C5,partially_supported,2,A-R3 (ID:2)|A-R20 (ID:48),"Integrated 1D frameworks such as bimetallic selenide 'peapods' within carbon nanotubes/nanofibers create continuous electron transport pathways, enable binder-free electrodes, and are synthesized via scalable, cost-effective methods like electrospinning.","A-R3 (MOF-derived selenidation, peapod-like Fe7Se8@C nanorods) supports the peapod-like 1D nanostructure concept and high-rate anode performance, but does not discuss binder-free electrode fabrication or electrospinning. A-R20 (Sn nanodots in porous N-doped carbon nanofibers, free-standing anode via electrospinning) supports the binder-free/electrospinning claim but is for Sn, not metal selenide peapods. Together they partially but not fully support the combined claim about selenide 1D peapods with binder-free electrospun fabrication."
30,2,eo,case_30__rep_02,Candidate B,C1,supported,4,B-R04|B-R05|B-R06|B-R07,"Hollow/yolk-shell architectures with internal void space buffer volume expansion during sodiation and prevent mechanical failure/pulverization, as exemplified by yolk-shell FeSe2@C microcapsules and FeSe2@NC microrods.","B-R04 and B-R05 directly describe yolk-shell/void FeSe2 structures accommodating volume change and maintaining structural integrity, matching the claim closely. B-R06 and B-R07 support the general 3D/porous architecture concept."
30,2,eo,case_30__rep_02,Candidate B,C2,supported,5,B-R25|B-R26|B-R27|B-R28|B-R29,"Bimetallic/heterostructured selenide interfaces (e.g., CoSe2/ZnSe, SnS/SnSe2) create a built-in electric field that lowers the Na+ diffusion barrier and accelerates charge transfer, with a Na2S/Na2Se interface showing a diffusion barrier of 0.39 eV.","B-R25 explicitly reports the 0.39 eV Na2S/Na2Se barrier via first-principles calculation and SnS/SnSe2 experimental rate performance. B-R26 (ZnSe/CoSe2) confirms lowered diffusion barrier and improved adsorption. B-R27, B-R28, B-R29 support heterostructure benefits for conductivity/kinetics, consistent with the claim."
30,2,eo,case_30__rep_02,Candidate B,C3,supported,2,B-R30|B-R31,"In bimetallic selenide systems, constituent metals react with sodium at different potentials, enabling staged volume expansion that improves structural stability compared to single-metal systems.","B-R30 explicitly states ZnSe and CoSe2 react at different potentials, mutually buffering volume changes to increase structural stability (though in a Li-ion context). B-R31 describes self-accommodation via stepwise reaction potentials in bimetal selenides, supporting the general staged-expansion mechanism, though B-R30 is Li-ion rather than Na-ion, a minor domain mismatch."
30,2,eo,case_30__rep_02,Candidate B,C4,supported,2,B-R37|B-R39,"MOF-derived selenidation is a general and facile strategy for producing carbon-encapsulated metal selenides with controlled micro/nanostructures (e.g., peapod-like nanorods, porous spheres) exhibiting excellent rate capability and cycling stability for Na-ion storage.","B-R37 (and its erratum/companion B-R39) directly describes a general MOF-derived selenidation strategy producing peapod-like Fe7Se8@C nanorods and porous NiSe@C spheres with strong SIB performance, matching the claim closely."
30,2,eo,case_30__rep_02,Candidate B,C5,partially_supported,5,B-R14|B-R15|B-R16|B-R17|B-R18,"Nitrogen doping of the carbon shell enhances electronic conductivity, creates defects facilitating faster ion transport, and improves adsorption of sodium polyselenides.","The cited N-doped carbon studies (B-R14 through B-R18) consistently support enhanced conductivity, structural integrity, and Na+ transport facilitation from N-doping, but none explicitly demonstrate improved adsorption of polyselenides specifically via N-doping mechanism (that mechanism is more directly evidenced elsewhere, e.g., B-R13 on pyridinic/pyrrolic N sites, which was cited under a different claim in the text). The polyselenide-adsorption portion of this specific claim is therefore only weakly/indirectly supported by these particular records."
30,2,mpds,case_30__rep_02,Candidate C,C1,supported,1,C-R01,"An ether-based electrolyte forms a thin, stable, flexible SEI on metal selenide anodes, enabling faster Na+ transfer and reduced need for complex carbon superstructures (Scientist A [ID: 5]).","C-R01 directly demonstrates that ether-based electrolytes on FeSe2 form a thin, smooth double-layer SEI enabling fast Na+ transfer and low interface impedance, matching the claim closely."
30,2,mpds,case_30__rep_02,Candidate C,C2,supported,2,C-R02|C-R03,"A minimalist yolk-shell architecture (core selenide with carbon shell and inner void) provides mechanical protection, low mass, and direct ion pathways for Na-ion storage (Scientist A [ID: 7, 35]).","Both cited abstracts describe yolk-shell/core-shell FeSe2@carbon structures with inner void space that reduce volume expansion, improve mechanical strength, and support ion/electron transport, consistent with the claim."
30,2,mpds,case_30__rep_02,Candidate C,C3,supported,1,C-R04,Atomic-level engineering of the selenide's electronic/spin structure improves intrinsic Na-ion diffusion kinetics (Scientist A [ID: 68]).,"C-R04 shows spin-state regulation in (Co,Cu)Se2 lifting the p-band center of Se to accelerate Na+ transfer kinetics, directly supporting the claim about atomic-level kinetic engineering."
30,2,mpds,case_30__rep_02,Candidate C,C4,partially_supported,2,C-R05|C-R06,"Encapsulating core-shell nanoparticles within a secondary hollow carbon superstructure (nanoboxes/nanofibers) provides a defense-in-depth architecture that accommodates volume expansion and stabilizes SEI/electrical network for durable cycling (Scientist B [ID: 134, 266]).","C-R06 (Ni-Co selenide in N-doped carbon nanoboxes) directly supports the hierarchical selenide/carbon-nanobox concept. C-R05 is about FeP (a phosphide, not a selenide) encapsulated in graphene/hollow carbon, which supports the general hollow-carbon encapsulation mechanism but not the selenide-specific claim, so overall only partial support for the selenide-focused proposition."
30,2,mpds,case_30__rep_02,Candidate C,C5,supported,2,C-R08|C-R09,"Bimetallic/heterostructured selenide cores (e.g., sulfide/selenide or selenide/selenide interfaces) provide kinetic benefits via faster ion diffusion channels, a point of consensus between both scientists (Scientist A [ID: 3], Scientist B [ID: 133]).","C-R08 shows heterostructure interfaces (e.g., Na2S/Na2Se) lower Na diffusion barriers and improve rate performance; C-R09 shows a Ni3Se4/CoSe2 heterostructure with carbon encapsulation improving ion/electron transport kinetics via DFT and experiment. Both directly support the heterostructure kinetic-benefit claim."
30,2,eop,case_30__rep_02,Candidate D,C1,supported,3,D-R04|D-R05|D-R06,"Yolk-shell architecture with a predefined void space between metal selenide nanoparticles and hollow carbon shell buffers volume expansion during sodiation, preventing pulverization/cracking, and enables electrolyte infiltration to the active material (e.g., FeSe2@C microcapsules, FeSe2@NC microrods).","D-R04 (FeSe2@C-3 MCs) explicitly describes the yolk-shell structure providing inner void for electrolyte infiltration and mitigating volume expansion/pulverization. D-R05 (FeSe2@NC microrods) confirms inner void space accommodating volume variation and maintaining structural integrity over long cycling. D-R06 corroborates the void-space concept in a related peanut-shaped FeSe2@carbon system (though for K-ion, still supports the mechanistic claim)."
30,2,eop,case_30__rep_02,Candidate D,C2,supported,6,D-R07|D-R08|D-R09|D-R10|D-R11|D-R12,"Bimetallic selenide heterostructures (e.g., Fe-Co, Ni-Co, Zn-Co selenides) provide richer redox reactions and superior intrinsic conductivity versus mono-metal selenides, and heterojunctions (e.g., CoSe2/ZnSe) create a built-in electric field lowering Na+ diffusion barrier and accelerating charge transfer.","D-R07 and D-R08 support improved intrinsic conductivity and richer redox reactions in binary metal selenides versus mono-metal counterparts. D-R09 supports NiCo2Se4 as an effective anode though does not explicitly discuss heterojunction electric fields. D-R10, D-R11, D-R12 directly support the heterointerface/built-in electric field mechanism lowering Na+ diffusion barrier and accelerating charge transfer kinetics in ZnSe/CoSe2, CoSe2/ZnSe, and CoSe/MoSe2 systems respectively."
30,2,eop,case_30__rep_02,Candidate D,C3,supported,3,D-R14|D-R15|D-R13,"MOF-derived (e.g., bimetallic Co/Zn-ZIF) pyrolysis and selenization enables in situ formation of heterostructured selenide nanoparticles encapsulated in nitrogen-doped carbon, ensuring intimate contact and preventing aggregation.","D-R14 directly supports the general MOF-derived selenidation strategy for in situ carbon-encapsulated selenides. D-R15 supports the specific Co/Zn bimetallic MOF (ZIF-8@ZIF-67) precursor route producing core-shell ZnSe@CoSe2/NC. D-R13 supports the yolk-shell ZnCoSe@N-doped dual carbon architecture, consistent with the claim, though it does not explicitly detail the MOF/ZIF precursor synthesis route in the abstract."
30,2,eop,case_30__rep_02,Candidate D,C4,supported,2,D-R16|D-R17,"Se-C bonding at the yolk-shell interface acts as a covalent 'rivet' enhancing structural integrity and providing a direct charge-transfer pathway, preventing electrical isolation of the yolk.",D-R16 directly demonstrates Se-C bonding in yolk-shell SnSe2@SeC enhancing charge transfer and binding interaction between core and shell via DFT. D-R17 supports the 'SeC bonding rivet' terminology and mechanism explicitly across multiple metal selenides on 3D carbon nanoarchitecture.
30,2,eop,case_30__rep_02,Candidate D,C5,partially_supported,2,D-R18|D-R19,Embedding yolk-shell particles within a 3D framework of carbon nanotubes or graphene foam ensures long-range electronic conductivity and prevents particle isolation/dead void space resistance.,"D-R18 supports 3D interconnected N-doped carbon foam hybrids improving structural stability and utilization of active material, and D-R19 supports MWCNT-network-embedded CoSe2 anodes enhancing conductivity and stability. However, neither abstract explicitly discusses yolk-shell particles specifically embedded in these frameworks or explicitly addresses 'dead void space' resistance concerns raised in the claim, making this a partial match to the stated mechanism."
30,2,raw,case_30__rep_02,Candidate E,C1,unverifiable,0,,"Metal selenides undergo large volume expansion (~150-300%) during sodiation, exceeding graphite anodes and causing pulverization/delamination.",No evidence records were cited or supplied for this quantitative claim; it cannot be checked against any abstract.
30,2,raw,case_30__rep_02,Candidate E,C2,unverifiable,0,,"Incorporated metal (e.g., Co, Fe, Ni) forms a structural/conductive backbone that buffers strain and prevents aggregation of selenide crystallites during cycling.",This mechanistic claim is central to the proposal's synergy argument but has no attached citation or evidence record.
30,2,raw,case_30__rep_02,Candidate E,C3,unverifiable,0,,A carbon shell thickness of <10-15 nm minimizes Na-ion diffusion path length while maintaining mechanical robustness.,A specific quantitative design parameter presented without any supporting evidence record.
30,2,raw,case_30__rep_02,Candidate E,C4,unverifiable,0,,"Heteroatom doping (N, S) of the carbon shell improves electronic conductivity and creates nanopores/defects that act as gateways for Na-ion transport.","A commonly cited mechanism in the literature, but no evidence record is supplied to substantiate it in this packet."
30,2,raw,case_30__rep_02,Candidate E,C5,unverifiable,0,,Yolk-shell morphology with multiple small nanoparticles distributes stress more effectively and maximizes active surface area compared to a single large core.,"Central structural claim to the proposed design recommendation, but no citation or evidence record was provided."
30,3,eo,case_30__rep_03,Candidate A,C1,unverifiable,1,7,Yolk-shell FeSe2@C microcapsules decrease volume expansion and avoid pulverization compared to solid microsized particles [7],No abstract record was supplied for identifier 7 or any other cited identifier; the claim cannot be checked against supplied evidence.
30,3,eo,case_30__rep_03,Candidate A,C2,unverifiable,1,6,Hierarchically porous Fe2CoSe4 has improved intrinsic conductivity contributing to extraordinary rate capability of 400.2 mAh g-1 at 32 A g-1 [6],"No abstract record supplied for identifier 6, so the specific quantitative performance claim cannot be verified."
30,3,eo,case_30__rep_03,Candidate A,C3,unverifiable,1,23,ZnSe/CoSe2 heterostructures lower the Na+ diffusion barrier and provide superb rate capability of 362.1 mAh g-1 at 20 A g-1 [23],No abstract record supplied for identifier 23; the mechanistic and quantitative claim is unverifiable from the packet.
30,3,eo,case_30__rep_03,Candidate A,C4,unverifiable,1,2,MOF-derived selenidation strategy created peapod-like Fe7Se8@C and porous NiSe@C spheres with ultrastable cycling at high rates [2],No abstract record supplied for identifier 2; the synthesis and performance claim cannot be checked.
30,3,eo,case_30__rep_03,Candidate A,C5,unverifiable,1,27,Ni-O-C bonds at the interface in NiSe2@C microspheres are credited with faster ion transfer and effective trapping of polyselenides [27],No abstract record supplied for identifier 27; the interfacial bonding mechanism claim cannot be verified against evidence.
30,3,mpds,case_30__rep_03,Candidate B,C1,partially_supported,3,B-R01|B-R02|B-R03,"Se vacancies and heterostructure engineering (e.g., ZnSe/CoSe2) create built-in electric fields/lower diffusion barriers that accelerate Na-ion kinetics (Scientist A claim, [ID:3,23,68]).","B-R02 (ZnSe/CoSe2, Se vacancies) directly supports improved kinetics and capacity via vacancies/heterointerfaces. B-R01 supports heterostructure lowering diffusion barrier but for SnS/SnSe2, not ZnSe/CoSe2. B-R03 supports a spin-polarization mechanism in (Co,Cu)Se2, a different mechanism (p-band center) not built-in electric fields. Collectively they support the general strategy but not the specific 'built-in electric field' claim precisely."
30,3,mpds,case_30__rep_03,Candidate B,C2,supported,2,B-R04|B-R05,"Se-C bonding in the carbon host ensures robust charge transfer and structural integrity between core and shell (Scientist A, [ID:52,81]).","Both B-R04 (SnSe2@SeC) and B-R05 (Cu2-xSe@3D-CN) directly demonstrate Se-C bonding enhancing charge transfer and cycling performance, matching the claim closely."
30,3,mpds,case_30__rep_03,Candidate B,C3,unverifiable,2,B-R06a|B-R06b,"Ether-based electrolytes form a more stable, low-impedance SEI that unlocks metal selenide anode performance, whereas carbonate electrolytes are the standard baseline (Scientist A/B, [ID:5]).","ID 5 is ambiguous: pool A record (B-R06a) directly supports the ether-electrolyte SEI claim (FeSe2 study), but pool B record (B-R06b) is an unrelated ORR catalyst paper. The candidate text does not disambiguate which pool is intended, so per rules this citation is not uniquely attributable despite one candidate record being highly supportive."
30,3,mpds,case_30__rep_03,Candidate B,C4,partially_supported,2,B-R08|B-R09,"Simple single-metal or bimetallic selenides (CoSe2, Fe7Se8) are a well-understood, stable starting platform before adding heterostructure complexity (Scientist B, [ID:107,160]).","B-R08 is on Fe7S8 (a sulfide, not selenide) and B-R09 is on CoSe2, both showing carbon-encapsulated simple metal chalcogenides with good performance, supporting the general 'simple core' strategy but B-R08 is a sulfide analogue rather than the selenide claimed (Fe7Se8), a partial mismatch."
30,3,mpds,case_30__rep_03,Candidate B,C5,unsupported,1,B-R14,"A bimetallic Ni-Co selenide core can be synthesized from a single MOF precursor, ensuring scalability and reproducibility (Scientist B, [ID:55]).","B-R14 describes MOF-derived Ni-Co-S (sulfide) nanoparticles for supercapacitors/Li-ion batteries, not Ni-Co selenide for Na-ion storage. It supports the general MOF-derived bimetallic hollow carbon synthesis concept but not the specific Ni-Co selenide claim; the chalcogen and application differ from what is claimed."
30,3,eop,case_30__rep_03,Candidate C,C1,supported,6,ID: 8|ID: 16|ID: 23|ID: 83|ID: 114|ID: 3,"Bimetallic selenide heterostructures (e.g., ZnSe/CoSe2, FeSe2/CoSe2) provide superior intrinsic conductivity and richer redox reactions than mono-metal selenides, and phase interfaces create a built-in electric field that lowers Na+ diffusion barrier and accelerates charge transfer kinetics.",C-R04/C-R05 (ID 8/16) directly state binary transition metal selenides have superior intrinsic conductivity and richer redox reactions than mono-metal chalcogenides. C-R06 (ID 23) and C-R08 (ID 114) explicitly describe heterointerface engineering lowering Na+ diffusion barrier and accelerating charge transfer via built-in electric field effects. C-R09 (ID 3) supports fast diffusion channels from heterostructures. This claim is well supported across multiple concordant abstracts.
30,3,eop,case_30__rep_03,Candidate C,C2,supported,4,ID: 7|ID: 35|ID: 80|ID: 219,"Yolk-shell architecture with engineered void space between active material core and carbon shell buffers volume expansion during sodiation/desodiation, preventing pulverization and shell cracking, while allowing electrolyte infiltration.","C-R13 (ID 7), C-R14 (ID 35), C-R15 (ID 80), and C-R16 (ID 219) all directly describe yolk-shell structures with void space accommodating volume expansion, preventing pulverization, and enabling electrolyte infiltration. This is a well-supported, specific mechanistic claim closely matching the cited abstracts."
30,3,eop,case_30__rep_03,Candidate C,C3,supported,1,ID: 14,"Different reaction potentials of two metal components in a bimetallic selenide can buffer volume changes mutually, enhancing structural stability.","C-R12 (ID 14) explicitly states ZnSe and CoSe2 react at different potentials which can buffer volume changes mutually to increase structural stability, directly matching the claim (though in a lithium-ion battery context, the mechanistic claim is the same and reasonably transferable, though this is a minor caveat)."
30,3,eop,case_30__rep_03,Candidate C,C4,partially_supported,3,ID: 40|ID: 61|ID: 303,N-doping the carbon shell (from MOF precursors or polydopamine) enhances electronic conductivity and creates defects that improve Na+ adsorption and transport kinetics.,"C-R19 (ID 40), C-R20 (ID 61), and C-R21 (ID 303) all describe N-doped carbon coatings/frameworks improving conductivity and performance, but none explicitly discuss defect creation for Na+ adsorption improvement as a distinct mechanism, nor mention polydopamine as a precursor. The conductivity enhancement portion is supported; the specific defect/adsorption mechanism and polydopamine detail are not directly evidenced by these abstracts."
30,3,eop,case_30__rep_03,Candidate C,C5,supported,8,ID: 2|ID: 77|ID: 61|ID: 40|ID: 30|ID: 33|ID: 7|ID: 27,"MOF-templated selenization (e.g., bimetallic ZIF-8@ZIF-67 or Ni-Co PBA precursors) is a facile, reliable one-step process converting metal nodes to bimetallic selenide nanoparticles and organic linkers to N-doped carbon framework in situ, with yolk-shell structure achievable via controlled etching or the Kirkendall effect.","C-R24/C-R25 (ID 2/77) support the general MOF-derived selenidation strategy for in situ carbon encapsulation. C-R20 (ID 61) directly describes ZIF-8@ZIF-67 core-shell precursor yielding ZnSe@CoSe2/NC. C-R19 (ID 40) describes Ni-Co bimetallic MOF (BMOF) derived selenide/carbon. C-R27 (ID 27) explicitly describes the Kirkendall effect enabling hollow architecture formation. C-R13 (ID 7) describes yolk-shell formation via HCl etching. This composite claim is well-distributed and supported across the cited records, though it aggregates multiple sub-claims from different sources."
30,3,raw,case_30__rep_03,Candidate D,C1,unverifiable,0,,A shell thickness of 5-15 nm is an optimal range that provides mechanical integrity without severe transport or mass penalties.,No citation or evidence record is provided to substantiate this specific quantitative design guideline; the candidate presents it as a general field consensus without any traceable source.
30,3,raw,case_30__rep_03,Candidate D,C2,unverifiable,0,,"A multi-yolk-shell structure (multiple smaller M-Se nanoparticles per hollow carbon sphere) is superior to a single yolk-shell structure for distributing strain, preserving surface area, and improving kinetics.","This is a central mechanistic claim underpinning the entire proposed architecture, but no evidence record is cited or supplied to verify it."
30,3,raw,case_30__rep_03,Candidate D,C3,unverifiable,0,,"In situ formed metallic nanoparticles (e.g., Co, Fe) from conversion reactions create an internal conductive network and can catalyze the reversible conversion reaction, lowering voltage hysteresis.",This mechanistic claim about metal incorporation benefits is asserted without any citation to supporting literature or data.
30,3,raw,case_30__rep_03,Candidate D,C4,unverifiable,0,,The void volume should be at least three times the initial volume of the selenide core to accommodate ~300% volume expansion during sodiation (V_void ≥ ΔV_core).,A specific quantitative claim about volume expansion percentages and void-sizing rules is presented as an established design principle but has no attributable evidence record.
30,3,raw,case_30__rep_03,Candidate D,C5,unverifiable,0,,"Active material loading above 70% by weight is achievable in a well-designed multi-yolk-shell structure with a thin, strong shell while maintaining structural benefits.",This specific performance/loading figure is stated without any supporting citation or data record.
30,3,ds,case_30__rep_03,Candidate E,C1,partially_supported,3,E-R01|E-R02|E-R03,"Bimetallic selenide heterostructures offer superior intrinsic conductivity/kinetics via built-in electric fields at heterojunctions that lower Na+ diffusion barriers, compared to mono-metallic systems (Scientist A position, [ID:3,8,68]).","E-R01 supports heterostructure interfaces lowering Na diffusion barriers (Na2S/Na2Se interface, 0.39 eV), but this is a discharge-product interface, not directly a metal-metal bimetallic selenide heterojunction built-in field. E-R02 supports binary transition metal selenides having superior intrinsic conductivity/richer redox vs mono-metal chalcogenides, directly relevant. E-R03 discusses a bimetallic (Co,Cu)Se2 spin-polarization mechanism affecting Se p-band and Na+ kinetics, supporting enhanced kinetics but via a different mechanism (electronic spin-state) than 'built-in electric fields.' Overall partial support: general claim of bimetallic conductivity/redox advantage is supported (E-R02), but the specific 'built-in electric field' diffusion-barrier mechanism is only loosely supported."
30,3,ds,case_30__rep_03,Candidate E,C2,supported,3,E-R04|E-R05|E-R06,"Engineered voids (yolk-shell/hollow carbon frameworks) are functionally necessary to accommodate volume changes and enable ultra-long cycle life in metal selenide anodes ([ID:7,27,35]).","All three cited abstracts (yolk-shell FeSe2@C microcapsules, hollow NiSe2 microspheres, FeSe2@C microrods with inner void) directly support that void space/hollow carbon shells accommodate volume expansion and improve cycling stability and rate performance, matching the claim closely."
30,3,ds,case_30__rep_03,Candidate E,C3,partially_supported,2,E-R09|E-R10,"Mono-metallic selenide nanoparticles encapsulated in continuous 1D carbon nanofiber frameworks (freestanding, binder-free) avoid dead volume/low tap density issues and eliminate transport penalties from particle-to-particle junctions, maximizing volumetric capacity ([ID:48,407]).","E-R09 (Sn nanodots in N-doped carbon nanofibers, freestanding, binder-free anode for SIBs) directly supports the freestanding/binder-free concept and good performance, but Sn is not a metal selenide, and it doesn't discuss 'dead volume' or tap density explicitly. E-R10 is about a Se cathode (Na-Se battery), not a metal selenide anode, and addresses volume change mitigation but is a different application/chemistry. Neither evidence directly discusses 'volumetric efficiency' or 'dead volume' concept versus hollow structures as stated in the claim; support is indirect/partial."
30,3,ds,case_30__rep_03,Candidate E,C4,partially_supported,2,E-R07|E-R11,"Mono-metallic selenide systems (e.g., Fe7Se8@C, CoSe2@C) can achieve excellent rate capability and cycle life comparable to bimetallic systems, suggesting host architecture is the dominant performance factor ([ID:2,160]).","E-R07 (MOF-derived Fe7Se8@C, NiSe@C) supports mono-metallic selenides with carbon encapsulation achieving good cycling performance, and E-R11 (CoSe2@N-CF/CNTs) supports high mono-metallic performance too. Both are relevant and supportive of mono-metallic viability, but neither directly claims or demonstrates that architecture (not composition) is the 'dominant' performance factor -- that specific comparative/causal claim is an inference beyond what the abstracts state."
30,3,ds,case_30__rep_03,Candidate E,C5,partially_supported,2,E-R12|E-R13,"The porous carbon nanofiber framework provides distributed void space to manage volume expansion, analogous to Sb-based nanowire/nanorod carbon encapsulation examples ([ID:75,236]).","E-R12 (Sb2S3@N-C nanowires) and E-R13 (Sb nanorods in N,S-doped carbon) both support carbon encapsulation alleviating volume expansion and improving cycling, but both concern antimony-based anodes (Sb2S3, Sb), not metal selenides, and porosity/distributed void space specifically is not clearly detailed in either abstract (E-R13 mentions 'cross-linked carbon networks alleviating volume expansion' generally). The analogy is reasonable but the claim of 'distributed void space' management is not explicitly demonstrated in the cited abstracts."
