case_id,replicate_id,condition,source_kind,packet_id,alias,evidence_support,citation_traceability,claims,flag_consequential_unsupported_or_contradicted_claim,flag_fabricated_or_invalid_citation_identifier,audit_rationale,uncertainty_notes
1,1,mpds,legacy_replicate_1,case_01__rep_01,Candidate A,2,1,5,uncertain,uncertain,"The candidate presents a debate-summary memo synthesizing two hypothetical scientists' positions and citing numerous evidence IDs. Several central claims (bimodal architecture superiority, liquid-phase low-tortuosity network, conductive additive morphology preference, mechanofusion degradation risks, solvent-based process risks) are each supported to varying degrees by the underlying abstracts, but none are claims the abstracts test in the exact composite/mechanofusion-constrained framing described in the task. Notably, ID:20 is cited by both scientists but maps to two different pool records (A-R06a in pool A, A-R06b in pool B) without the candidate text disambiguating which pool is intended for either citation, creating traceability ambiguity for a claim central to the final recommendation (conductive additive choice). Additionally, ID:4 is used to support NCM/LPSCl degradation from mechanofusion but the underlying abstract concerns cycling-induced crack healing, not milling/mechanofusion-induced fracture, which is a mismatch between the cited mechanism and the actual study focus. These issues reduce both evidence support and traceability scores.","The ambiguity of ID:20 (appearing in both pool A and pool B with different papers) makes it impossible to confirm which specific study underlies each scientist's citation, though both records are thematically consistent with the general claim about additive morphology. It is uncertain whether this should count as a 'fabrated_or_invalid identifier' problem versus a legitimate cross-pool citation coincidence; I mark it uncertain rather than yes because both associated abstracts happen to support the same general proposition, softening (but not eliminating) the traceability concern. The mismatch between ID:4's actual subject (cycling-induced microcracks) and the claimed mechanofusion-processing degradation is a substantive but not necessarily consequential error, since the broader claim about chemo-mechanical risk during processing is independently supported by ID:314; hence I mark the consequential-claim flag as uncertain rather than yes."
1,1,eop,legacy_replicate_1,case_01__rep_01,Candidate B,3,4,5,no,no,"Candidate B's central mechanistic claims are largely well-supported by the cited abstracts, which is unusually strong for this domain: the diffusive-limitation vs. AM loading claim (C1) and the mixed-particle-size performance benefit (C2) are directly and specifically supported. The conductive-additive tradeoff claim (C3) draws on three consistent supporting sources. The milling-induced conductivity degradation risk (C4) is well supported by two closely matched sources. The final claim (C5), bundling chemo-mechanical fragility and tortuosity-network arguments to justify the specific bimodal geometry, is only partially supported since the cited works establish general phenomena (cracking, tortuosity effects) rather than directly testing the fine/coarse bimodal SE allocation itself — this is an inferential leap using generically relevant but not directly confirmatory evidence. No fabricated identifiers were found; all cited numeric IDs matched to a single provided record in the merged pool. Overall citation mapping is clear (single evidence pool, no cross-pool ambiguity), though for C5 the linkage from evidence to the specific proposed mechanism is inferential rather than explicit.","Evidence pool is described as 'merged' with no indication of duplicate numeric IDs across separate pools for this candidate, so no ambiguity flag was raised. C5's support rests on combining several papers whose direct subject matter (chemo-mechanical cracking, tortuosity gradients) is adjacent to but not a direct test of the specific bimodal fine/coarse LPSCl allocation strategy; this introduces some interpretive uncertainty in the partially_supported rating that a domain expert might weigh differently."
1,1,raw,legacy_replicate_1,case_01__rep_01,Candidate C,0,0,5,yes,no,"The candidate presents an entirely citation-free, purely reasoned analysis of three microstructural allocation strategies for LPSCl. No bracketed evidence identifiers appear anywhere in the text, and no abstract records were supplied for this candidate. All central claims -- including the pivotal recommendation that a bimodal PSD achieves co-percolating ionic/electronic networks -- rest solely on internal reasoning about surface coating, interstitial filling, and packing theory, without any external verifiable evidence cited. Because there is no evidence to map claims to, evidence_support and citation_traceability are both scored at the floor (0), consistent with the rubric's definition of 0 for 'no selected central claim has usable supporting evidence' and 'no usable mapping from central claims to evidence records.' This is not a judgment that the claims are false; several are physically reasonable, but they remain unverifiable within the scope of Pass 2, which strictly audits evidence support and traceability, not underlying scientific plausibility (that being reserved for Pass 1).","No evidence records were supplied for this candidate at all, so every central claim defaults to 'unverifiable' rather than 'unsupported' or 'contradicted' -- this reflects total absence of citation apparatus rather than a specific mismatch between claim and cited record. The consequential_unsupported_or_contradicted_claim flag is set to 'yes' because the central mechanistic recommendation (bimodal/hybrid allocation as optimal) is a consequential claim for feasibility and performance that lacks any supporting evidence record, which is significant given the proposal's mechanism-critical role, though this is a traceability/evidentiary gap rather than a demonstrated factual error."
1,1,ds,legacy_replicate_1,case_01__rep_01,Candidate D,3,4,5,no,no,"Candidate D presents a memo synthesizing two hypothetical scientists' positions and cites specific numeric IDs tied to explicit evidence pools (A for Scientist A's citations, B for Scientist B's citations), which resolves the potential ambiguity noted in the module rules since the surrounding text (attribution to Scientist A vs B) disambiguates pool assignment for every ID used, and the supplied evidence records confirm one-to-one mapping per pool. Central claims about diffusive-limitation bottleneck (C1) and milling-conductivity tradeoff (C2) are strongly and directly supported by their single cited abstracts. Claims involving multi-citation composites (C3, C4, C5) blend genuinely relevant but only partially matching sources (different binder specifics, different SE chemistry, or different cell chemistry/system, e.g., garnet vs sulfide, or Li7P2S8I vs LPSCl), leading to partially_supported rather than fully supported status. No fabricated or unresolvable identifiers were found; all cited IDs map to explicit, retrievable, distinct records within their stated pools.","Minor ambiguity exists in whether combined multi-ID citations (e.g., [ID: 4, 48] or [ID: 252, 400]) are meant to jointly support one composite claim or separate sub-claims; I treated them as jointly cited support for the stated claim, which may somewhat understate traceability if the candidate intended finer-grained attribution. The distinction between sulfide (LPSCl) and analogous chemistries (Li7P2S8I in D-R06, halide SE in garnet system D-R05) is treated as a material limitation on support strength rather than an outright contradiction, per module guidance not to treat differing but related evidence as automatically disqualifying support."
1,1,eo,legacy_replicate_1,case_01__rep_01,Candidate E,4,4,5,no,no,"The candidate grounds its bimodal-allocation proposal in a reasonably well-mapped set of citations. Core mechanistic claims (diffusive limitation vs. AM:SE ratio and fine-particle benefit; tortuosity impeding transport in thick electrodes; mixed-particle-size SE outperforming uniform SE; mechanofusion/dry-coating as a viable core-shell fabrication route; and NCM811 polycrystalline cracking susceptibility) are each backed by at least one directly on-topic abstract. Some claims stretch the cited evidence: (a) the ID 64 carbon-coating study is drawn from liquid-electrolyte NCM811 context rather than LPSCl coating in ASSBs, weakening its relevance to the specific SE-coating-isolates-CA argument; (b) the extrapolation that a bimodal network would maintain ionic access to primary grains after microcracking is a reasonable but untested inference not directly supported by the cracking-mechanism papers; (c) the ID 5 citation on void-related contact loss is adjacent rather than a precise match for the 'interstitial-only allocation' tortuosity argument. No fabricated or unresolvable identifiers were found; every cited ID had a single corresponding record in the merged pool supplied. The candidate appropriately flags, at the end, that no study directly optimizes the fine-to-coarse LPSCl ratio in a mechanofused NCM811 composite, which is an honest acknowledgment of the evidentiary gap for the central novel claim (the specific bimodal ratio optimization), though the review supports the constituent underlying mechanisms well.","For C2, the specific link between LPSCl surface coating thickness and CA network isolation is a plausible but not explicitly demonstrated combination of separate evidence strands (carbon/SE interface work in ID 20, general CAM design challenges in ID 42, and liquid-electrolyte carbon coating in ID 64). For C5, the mitigating role of bimodal distribution against microcrack-induced ionic access loss is the candidate's own extrapolation beyond what the crack-mechanism papers state, though not contradicted by them. Neither issue involves invalid identifiers; the ambiguity concerns interpretive stretch rather than citation traceability."
1,2,eop,generated,case_01__rep_02,Candidate A,4,4,5,no,no,"Candidate A cites a large, well-matched set of evidence records that are each individually relevant and mostly directly on-point for the specific claims made. The central mechanistic claims (tortuosity/percolation bottlenecks, diffusive limitation from insufficient contact alleviated by fine particles, dry-coating/mechanofusion feasibility for core-shell composite particles, and bimodal particle size improving packing/performance) are each supported by at least one closely matching abstract, with additional citations providing corroborating or adjacent support. No fabricated or unresolvable identifiers were found in the merged evidence pool (all cited IDs map to a single provided record). Some support is only partial where the cited literature addresses a closely related but not identical system (e.g., carbon-additive papers used to support general electronic/ionic balance argument, or the LIC-based stacking-pressure study used to support LPSCl packing under low pressure). Overall the traceability is strong, with claims mapping cleanly to specific records without ambiguity, though a few citations extend somewhat beyond their precise experimental scope.","All cited identifiers appear as single 'merged' pool entries with no duplicate numeric IDs shown across two pools in this packet, so there is no ambiguity in attribution for Candidate A's citations. Judgments on 'partially_supported' claims reflect that the underlying abstracts are adjacent/supportive rather than exact matches to the specific hierarchical bimodal mechanism proposed, which is itself a novel synthesis rather than one explicitly tested in any single cited study."
1,2,raw,generated,case_01__rep_02,Candidate B,0,0,5,uncertain,no,"Candidate B contains no bracketed evidence identifiers and no abstract records were supplied for this candidate. All central claims, including the core mechanistic argument for bimodal LPSCl allocation and the specific packing-ratio recommendation, are presented as reasoned analysis without any external citation. Since no evidence records exist to check against, every selected central claim is classified as unverifiable rather than supported or contradicted. This yields the lowest possible evidence_support and citation_traceability scores per the rubric (0 for no usable mapping and no evidence for any central claim).","All claims are unverifiable solely due to absence of supplied evidence records, not because of any judgment that they are scientifically incorrect. The 'consequential_unsupported_or_contradicted_claim' flag is marked uncertain because the core mechanistic and quantitative claims (C3, C5) are consequential to feasibility and performance, but lack of any evidence prevents determining whether they are actually unsupported/contradicted versus merely uncited but plausible domain reasoning."
1,2,ds,generated,case_01__rep_02,Candidate C,2,2,5,uncertain,uncertain,"The candidate synthesizes a bimodal SE architecture, hybrid carbon conductive network, dry-compatible interfacial stabilization, and mechanical/thermal processing strategy. Some central claims (hybrid CNF/CNT network, mechanical stress accommodation) are well and specifically supported by the cited abstracts (C-R06, C-R09). However, the core geometric bimodal-allocation claim is only loosely supported: the most directly relevant abstract (C-R03) uses a different sulfide chemistry (Li7P2S8I, not LPSCl), and other citations (C-R02, C-R04) support adjacent but not identical propositions (contact area increase with smaller particles; low-tortuosity via liquid-phase method rather than bimodal dry-processed particles). The [ID: 31] token is ambiguous between two very different abstracts (kinetic limitations vs. artificial CEI formation), and the candidate's use of this ID for both interfacial-resistance and (implicitly) CEI-related claims creates traceability risk, since only one pool can be correct per context and the text does not disambiguate. The ~85°C pressing step claim, which is a specific and consequential processing recommendation, has no supplied citation at all, making it unverifiable rather than falsified but leaving a real feasibility gap unaddressed by evidence.","The ambiguity of [ID: 31] (appearing in both pool A as a kinetics/rate-performance paper and pool B as an artificial-CEI paper) is the single largest traceability issue; without clearer in-text disambiguation, it is not possible to confirm whether the candidate intended the fine-particle-contact finding or the dry-coating CEI finding when citing this ID for different sub-claims across the memo. The 85°C pressing claim has no citation at all, so it is marked unverifiable per the module rules rather than contradicted or scientifically flagged. Support for the bimodal claim is judged partial rather than unsupported because multiple cited records provide converging but non-identical evidence (mixed-particle-size benefit in a different chemistry; fine-particle contact-area benefit; low-tortuosity via a different fabrication route)."
1,2,eo,generated,case_01__rep_02,Candidate D,3,4,5,no,no,"The candidate cites ten distinct evidence records, all resolvable to specific supplied abstracts with no ambiguous merged-pool identifiers. Most individual factual assertions drawn from each abstract (contact area effects, void effects, milling/crystallinity tradeoffs, mixed-size SE capacity benefit, excess carbon additive harm) are accurately and specifically supported by the corresponding abstracts. The main weakness is in the final synthesis: the abstracts individually support component observations, but none of them directly test or confirm the proposed novel bimodal fine/coarse LPSCl geometric allocation strategy tailored to mechanofusion-prepared NCM811 composites at >85 wt% active material — this integrative claim is an inference built from disparate supporting evidence rather than a single or converging directly supporting confirmation. This keeps evidence_support at a mid-level (3) despite generally accurate use of individual sources, and traceability high (4) since all citations are clearly and specifically mapped to distinct, valid records with only minor ambiguity in how the composite synthesis claim is fully covered by the combined citations.","No numeric ID ambiguity was found; all cited IDs correspond to a single supplied abstract each and pool notation is 'merged' throughout, so no pool-attribution ambiguity applies. The main uncertainty is whether the final synthesized bimodal-geometry claim (C5) should be judged more strictly as 'unsupported' since no single source tests this exact combined strategy; I classified it as partially_supported because its constituent sub-claims are each directly supported even though the specific bimodal packing geometry itself is not experimentally validated in any cited abstract."
1,2,mpds,generated,case_01__rep_02,Candidate E,3,3,5,no,no,"The candidate cites eight distinct evidence records, each attributable to a specific pool (mostly pool B, with two from pool A) via numeric IDs. All cited IDs correspond to supplied records with no ambiguity flagged in the packet, and no record shows a duplicate ID across pools A and B for the same token in this packet, so traceability is generally clear. Central claims about fine-particle effects on interfacial resistance/kinetics (C1, C3) are directly and specifically supported. Claims about coarse-particle interstitial filling (C2) and electronic isolation from conductive additive blocking (C4) are only partially supported because the cited records address related but not identical mechanisms/material systems. The crack-healing claim (C5) is well supported by a directly relevant study. Overall, most central claims have at least partial to full support, with one or two claims showing material gaps between the cited abstract's specific system and the general mechanistic claim being made, consistent with a moderate evidence-support score. Two additional citations in the text ([ID: 48], [ID: 76]) support a general framing point about chemo-mechanical degradation but were not selected as separate central claims since they support the same overarching mechanical-instability point already captured contextually.","E-R02 and E-R05/E-R04 involve different specific SE chemistries, cathode compositions, or conductive additive types than the exact system described in the claim, introducing minor-to-moderate uncertainty about direct applicability. No numeric ID collision across pools A/B was found for the tokens actually cited by this candidate, so no ambiguity flag was raised for citation identifiers themselves."
1,3,raw,generated,case_01__rep_03,Candidate A,0,0,5,uncertain,no,"The candidate submitted no bracketed evidence identifiers and no abstract records were supplied, so every central mechanistic and feasibility claim in the report is unverifiable against the evidence pool. The reasoning is internally consistent and draws on general materials-science principles (percolation, particle packing, mechanofusion), but none of it is anchored to a specific external source that could be checked. Because there are no citations at all, there is nothing to assess for fabrication or invalid identifiers, and no ambiguous ID resolution issue arises.","All five claims are marked unverifiable strictly because no evidence records were provided or cited, not because they are judged scientifically incorrect. The 'consequential_unsupported_or_contradicted_claim' flag is set to uncertain because the central hierarchical-allocation mechanism (C3) is important to the proposal's feasibility argument and lacks any external verification, though it is not directly contradicted by any supplied record."
1,3,ds,generated,case_01__rep_03,Candidate B,3,3,5,no,uncertain,"Candidate B presents a well-organized synthesis with mostly well-matched, specific evidence for its core mechanistic claims: coating passivation (C1), CNF conductive network optimization (C2), fine-particle catholyte alleviating diffusive limitations (C3), and bimodal distribution improving performance (C5). These map cleanly to directly relevant, specific abstracts (especially B-R05, B-R06, B-R07 which closely mirror the exact claims made). The main weakness is the repeated use of the ambiguous numeric token [ID: 5], which is used to support the interstitial/low-tortuosity ionic backbone claim (C4) and appears in both evidence pools A and B with substantially different papers (finite-element void/morphology modeling vs. particle-size/milling ionic conductivity study). The candidate text does not explicitly disambiguate which pool is intended for this particular instance, though contextually it appears to intend the Scientist A (pool A) simulation paper given adjacent citation of [ID: 157] tortuosity work; still, per module rules this cannot be resolved by guessing. Because the token is reused with attribution to both Scientist A and Scientist B in different bullet instances, and the two records diverge substantially in subject matter, downstream conflation is possible, so I do not treat it as clearly fabricated, but flag uncertainty rather than asserting a clean resolution.","Primary uncertainty concerns the [ID: 5] token, which corresponds to two distinct abstracts (B-R18a in pool A: void/tortuosity finite-element modeling; B-R18b in pool B: ball-milling particle size vs ionic conductivity study). The candidate cites this ID under both 'Scientist A [ID: 5, 157]' and 'Scientist B [ID: 5]' in the same paragraph, suggesting awareness of two attributions, but the specific claim about interstitial coarse-particle ionic backbone functionally could be supported by either record to different degrees (A more about void impact on transport, B more about particle-size-conductivity tradeoff from milling). This ambiguity affects claim C4's traceability and is reflected in the partially_supported status and a citation traceability score of 3 rather than higher. No other identifiers appeared duplicated or clearly invalid; all other cited records were retrievable and topically aligned with their respective claims."
1,3,eo,generated,case_01__rep_03,Candidate C,4,4,5,no,no,"Candidate C builds a well-referenced argument for a hybrid (bimodal) LPSCl particle-size allocation strategy, citing many evidence records. The core mechanistic claims (fine particles improving contact/diffusive limitations, mixed particle sizes improving capacity, CNF vs CB additive performance, and milling-conductivity tradeoffs) are each traceable to specific, relevant abstracts that generally support the stated propositions, sometimes with minor system/material mismatches (e.g., ID 345 uses a different SE material, Li7P2S8I, not LPSCl). One weaker link is the electronic-blocking-by-thick-SE-layer claim, which cites three records (509, 515, 421) of which one (509) is tangentially about halide-vs-sulfide interfacial chemical compatibility rather than the electronic blocking mechanism, diluting precision. Otherwise, citations map cleanly to single, unambiguous, unique numeric identifiers with no evidence of duplicate-pool ambiguity in the supplied merged pool, and no fabricated identifiers were detected.","For C3, the electronic-blocking-by-SE-layer claim is a composite claim drawing on three sources of varying direct relevance; the aggregate abstracts partially but not fully substantiate the specific 'thick passivating LPSCl layer' framing, since none directly measure the effect of a continuous surface SE coating (as opposed to conductive-additive-related resistance) on electron transport blocking. This introduces some interpretive stretch, though not to a degree that appears deliberately misleading or that undermines the paper's central hybrid-allocation conclusion, which is otherwise well supported by C1, C2, C4, and C5."
1,3,mpds,generated,case_01__rep_03,Candidate D,3,3,5,no,no,"The candidate frames the response as a memo synthesizing a debate and attributes claims to fictional 'Scientist A/B' rather than asserting them directly, but the underlying scientific propositions (bimodal vs monomodal LPSCl distribution effects, chemical interfacial instability of Ni-rich/sulfide interfaces, chemo-mechanical cracking of polycrystalline NCM811, artificial CEI formation from sulfide precursors) are all central to the mechanism and feasibility of the proposed 'Passivate-then-Fill' strategy. Each cited record was individually pool-A or pool-B labeled with no ambiguous dual-pool overlaps in this packet, so identifiers were resolvable. Most central claims found direct or partial support in the supplied abstracts. The main gap is that D-R01 (bimodal claim) supports the general concept of mixed particle sizing improving capacity but does not support the specific mechanistic language of 'ionic ports' and 'ionic highways' or the coverage/filling role split, which is somewhat of an overreach/interpretive extension beyond the cited abstract. Other supporting citations for the polymer-hybrid alternative path (Scientist A's rejected proposal, IDs 10,115,1,4,7) and Scientist B's rejection of polymer approaches (18,23,54,151) were not selected as central claims since the final recommended strategy explicitly discards the polymer-hybrid path as out of scope; these are secondary/debate-framing citations rather than central to the final proposed mechanism, so they were not included in the five sampled central claims to keep focus on claims essential to the adopted 'Passivate-then-Fill' strategy on which the recommendation actually rests, and evaluating all secondary references would double count peripheral debate content rather than the core answer's central claims.","The memo's rhetorical device of attributing claims to two named debating scientists (rather than the director's own voice) creates minor ambiguity in exactly which propositions are 'the candidate's central claims' versus attributed background debate; I resolved this by treating the claims underlying the final adopted strategy (Passivate-then-Fill: CEI passivation + interstitial filling with bimodal vs monomodal comparison) as central, since these are what the director actually recommends testing/implementing. Some cited records (e.g., D-R05, D-R06) are only partially specific to composite architecture with LPSCl vs other electrolytes (D-R05 discusses Li3InCl6, not LPSCl), which is a minor mismatch not rising to contradiction but limiting exact material specificity of support for C3."
1,3,eop,generated,case_01__rep_03,Candidate E,4,4,5,no,no,"The candidate builds a mechanistic argument for bimodal LPSCl particle-size allocation using a set of citations that are almost entirely traceable to supplied abstracts with matching numeric IDs. Core claims about diffusive limitations from low contact area (ID 31), problems from excess conductive carbon (ID 421, 325), void-driven ionic isolation and tortuosity/lithiation gradients (ID 5, 524, 157), and benefits of mixed-particle-size SE (ID 345, 505) are all well matched by the corresponding abstracts, which use the same or closely related material systems (NCM811/NCM-family with LPSCl or analogous sulfide SE). The one weaker link is ID 891, describing dry-coating core-shell particle production, which uses Li3PS4 rather than LPSCl and does not specifically use the term 'mechanofusion', so it is only partially supportive of the specific process claim. Degradation-related side claims (IDs 58, 252, 545, 512, 528) are peripheral (not selected as central claims here) but are also reasonably matched to their abstracts in the text. No fabricated identifiers were found; all cited numeric tokens map to a single supplied record in the merged pool, so ambiguity is not a major issue.","ID 891 is used to support both core-shell mechanofusion claims and a follow-on claim about partial fine-particle coverage from mechanofusion; the underlying evidence describes a general dry-coating technique validated on Li3PS4/NCM rather than LPSCl/NCM811 specifically, introducing minor material-system mismatch. All other IDs cited by the candidate map straightforwardly one-to-one to the supplied merged-pool records without duplicate-pool ambiguity."
2,1,ds,legacy_replicate_1,case_02__rep_01,Candidate A,3,3,5,no,no,"Candidate A cites a substantial and mostly relevant evidence base spanning both a Scientist A pool (nanoflower/double-metal chalcogenide papers) and a Scientist B pool (spray-drying/graphene encapsulation papers). Central claims about spray-drying scalability, graphene encapsulation for electronic continuity, and hierarchical porous architecture for ion accessibility are each mapped to specific, on-topic abstracts with resolvable identifiers (each numeric ID is explicitly tagged to a pool via 'Scientist A' or 'Scientist B' framing in-text, avoiding cross-pool ambiguity). However, none of the cited evidence records concern the specific Mo/Ni chalcogenide sodium-ion system proposed; supporting papers are analogues (Cu2NiSnS4, MoS2-graphene, TiO2@rGO, LTO@GS, MoS2/WS2-graphene, LiFeMnPO4/C) rather than direct validations of the exact synthesized composition, so several claims are only partially or analogously supported rather than directly proven. This tempers evidence_support and traceability from top scores despite generally clean and non-fabricated identifier usage.","All cited IDs were resolvable to a single evidence pool given explicit 'Scientist A'/'Scientist B' framing in the text, reducing ambiguity concerns. No claim was contradicted by its cited evidence. The main uncertainty is the degree of analogy-based extrapolation from proxy chemistries (e.g., Cu2NiSnS4, MoS2/WS2, TiO2, LTO) to the specific Mo/Ni chalcogenide system central to the task, which is not itself directly evidenced by any supplied record."
2,1,eo,legacy_replicate_1,case_02__rep_01,Candidate B,3,3,5,no,uncertain,"Candidate B is unusually transparent about the weakness of direct evidence for a Mo/Ni chalcogenide composite specifically, explicitly stating this is 'weak' and an 'extrapolation.' Central claims about MoS2 Na-storage performance, rGO composite benefits, and spray-drying as a scalable microsphere fabrication route are well supported by directly relevant records (B-R01, B-R02, B-R04, B-R06). However, several cited IDs are used to support fairly generic architectural or process points but come from clearly off-topic domains (spray-on PV solar cells [ID:116], FCC catalyst SOx removal [ID:589]), which are irrelevant to the battery microsphere claims they are attached to, reducing traceability confidence for those specific sub-claims. The Ni-sulfide component's role is supported only by analogy to a Co-sulfide system, which the candidate itself acknowledges as an extrapolation rather than direct evidence. No central claim is contradicted by supplied evidence, and no numeric ID collision requiring pool disambiguation was noted (all pools listed as merged), so identifiers are not clearly fabricated, but the mismatch between claims and topically irrelevant sources (116, 589) raises some concern about citation validity/appropriateness.","IDs 116 and 589 are topically unrelated to battery microspheres (solar cells, FCC catalysts) yet are cited to support scalability of spray drying for battery microsphere fabrication; this may reflect a citation-matching error rather than fabrication, but it could not be resolved with confidence. The Ni-sulfide-specific performance claim (C3) relies on analogy to Co rather than direct Ni-based evidence, which the candidate itself flags. Some evidence pool entries (e.g., B-R13 on chemical expansion, B-R17 on particle size effects in Li-ion cathodes) are general background rather than close matches to the specific claims, contributing to partial-support rather than full-support ratings."
2,1,mpds,legacy_replicate_1,case_02__rep_01,Candidate C,2,3,5,yes,no,"The candidate synthesizes two hypothetical debate positions and proposes a hybrid design, citing numerous evidence IDs. All cited identifiers resolve to valid, uniquely attributable records within pool A or B as supplied, so there is no fabrication or ambiguity in ID mapping (traceability is reasonably good). However, evidence support is weaker: several central claims about the specific target system (multicomponent Mo/Ni chalcogenide microspheres for sodium-ion batteries) are only supported by adjacent studies on different chemistries (Cu2NiSnS4, single MoS2, LiFePO4/C, Zn2SnO4-C, PLA drug microspheres) or different applications (LIB rather than NIB, drug delivery rather than battery). Only claim C5 (pitaya-like Sb@C for NIB) is a strong direct match. The core mechanistic claim about hydrothermal drawbacks (C3) is essentially unsupported by the cited spray-drying-focused abstracts, which is consequential since it underlies the argument for choosing spray drying over hydrothermal synthesis as the primary fabrication route.","Claims are evaluated as attributed to 'Scientist A' or 'Scientist B' framing within the candidate's internal debate structure; the underlying scientific claims are treated as the real-world propositions being tested against evidence, independent of the fictional attribution. Some evidence records (e.g., C-R08 on PLA drug microspheres) are so tangential that their intended relevance to the claim is unclear, but no identifier itself is invalid or ambiguous \u2014 pool assignment is given explicitly for each ID cited (each cited token appears with an explicit single evidence pool)."
2,1,eop,legacy_replicate_1,case_02__rep_01,Candidate D,3,3,5,no,no,"Candidate D transparently distinguishes between well-supported general design principles (yolk-shell/hollow buffering strategies, rGO conductive networks, multicomponent chalcogenide synergy, spray-drying scalability) and the specific novel proposal (Mo/Ni sulfide for SIBs), explicitly stating that direct evidence for this exact system is lacking and is an extrapolation. This honesty aids traceability but also means the core novel claim (Mo/Ni chalcogenide performance in SIBs) is unverifiable/unsupported by any provided abstract -- no record specifically covers Mo/Ni sulfide for sodium storage. Most cited evidence is analogical (other metal sulfides, other elements, Li-ion systems, oxide microspheres) rather than directly on-point, which is appropriately reflected in only partial support for several claims. Citation identifiers all resolve cleanly to a single merged pool without evident ambiguity or duplication conflicts in this packet, supporting decent traceability, though the analogical/adjacent nature of much evidence limits full support scores.","The core design claim (multicomponent Mo/Ni sulfide microspheres for Na-ion storage) has no directly supporting record in the supplied evidence; all support is by analogy to other metal sulfides/oxides or to Li-ion systems, and the candidate itself acknowledges this gap. This is not treated as a scientific-error flag per module instructions, but does temper evidence_support and citation_traceability scores since many links are adjacent rather than direct. No fabricated or duplicate/ambiguous identifiers were identified in this evidence pool, which is presented as fully merged with one abstract per token."
2,1,raw,legacy_replicate_1,case_02__rep_01,Candidate E,0,0,5,uncertain,no,"The candidate provides no bracketed evidence identifiers and no abstract records were supplied, so none of the central mechanistic, transport, structural-buffering, or scalability claims can be traced to any supporting evidence. All selected central claims are therefore classified as unverifiable rather than contradicted or unsupported-by-available-evidence, since no citation attempt was made at all. This yields a floor score on both evidence support and citation traceability, as none of the claims can be mapped to any record under the rules of this audit.","Because no evidence identifiers were used, it is impossible to distinguish whether the claims are scientifically sound but simply uncited, or whether they would be contradicted by literature; per module rules, unverifiable status does not imply falsity. The 'consequential_unsupported_or_contradicted_claim' flag is marked uncertain because the central mechanistic claims (structural buffering, heterostructure conductivity) are consequential to the proposal's feasibility, but the total absence of citations prevents a determination of contradiction versus mere lack of sourcing."
2,2,eo,generated,case_02__rep_02,Candidate A,3,3,5,no,no,"The candidate explicitly acknowledges that direct evidence for a specific Mo/Ni chalcogenide SIB microsphere is absent from the literature and instead builds an analogical case from adjacent systems (Cu2NiSnS4/rGO for SIBs, MoS2 for SIB anodes, double transition-metal chalcogenides for LIBs, spray-dried microsphere architectures for various other chemistries, and Kirkendall-diffusion hollow structures for FeSex/SnO2). Each individual citation is traceable to a real, topically relevant abstract, and most central claims are at least partially supported by their cited records. However, the overall design (Mo/Ni chalcogenide microsphere) itself remains an extrapolation not directly validated by any single supplied abstract, and the LIB-based double-chalcogenide analogy (C2) and the tap-density/spray-drying analogy (C4) draw on evidence from different chemistries or battery types, introducing a moderate but non-fabricated evidentiary gap. No identifiers appear invalid, fabricated, or ambiguous in a way that undermines mapping.","All cited IDs map to single, clearly relevant abstracts within the supplied merged evidence pool; no pool-ambiguity issues were encountered. Judgment on partial support for C2 and C4 reflects that the underlying chemistries/battery types differ from the proposed Mo/Ni Na-ion chalcogenide system, though the general engineering principles cited (complementary component functionality, tap density benefits of spray-dried microspheres) are still reasonably transferable and not contradicted."
2,2,mpds,generated,case_02__rep_02,Candidate B,2,2,5,uncertain,uncertain,"Candidate B's central claims rely heavily on evidence records that support the general engineering principles (spray drying scalability, tap density, carbon-matrix performance) but are drawn almost entirely from unrelated chemistries (LiFePO4/Mn cathodes, C/S composites, SnO2 hollow spheres, Sb@C anodes) rather than the specific Mo/Ni chalcogenide microsphere system under evaluation. This means the memo's key performance claims (20C rate, 98.9% retention) are supported only as generic proof-of-concept for the spray-drying platform, not as validated properties of the proposed Mo/Ni chalcogenide design itself, which is a material gap given the memo presents these figures with confidence as justification for the chosen path. Additionally, one central claim (C4) relies on an ambiguous bare ID (11) that maps to two different evidence pools with materially different content, and the text does not unambiguously disambiguate pool intent per the module's strict rule, though contextual inference is plausible.","The ambiguous ID:11 token is the main source of traceability uncertainty; while context suggests pool A (hydrothermal rGO composite) is intended given the surrounding critique of hydrothermal processing, the rules require treating unresolved duplicate bare IDs as unverifiable rather than guessing. The consequential_unsupported_or_contradicted_claim flag is marked uncertain because the core performance figures (20C, 98.9%) are real and supported in the cited abstract, but only for an unrelated cathode chemistry, raising a question of whether this constitutes overreach/consequential mismatch or merely an illustrative analogy as originally framed by the memo ('as proven in demanding applications')."
2,2,eop,generated,case_02__rep_02,Candidate C,2,3,5,no,no,"The candidate builds its design largely by analogy to a substantial set of real, correctly cited literature records (mostly Li-ion or other-metal chalcogenide/oxide spray-dried microsphere studies), and is transparent that direct evidence for the specific proposed (Ni,Mo)Sx/Sex-rGO hollow microsphere system is not available ('while the evidence for this specific combination is still emerging,' 'we don't have data for this exact Mo/Ni system'). This honesty avoids overstatement but also means the central novel claim (multicomponent Mo/Ni chalcogenide microsphere synergy) is only indirectly supported by adjacent single-metal or LIB analogs. General mechanistic claims (volume buffering via hollow structures, conductivity via rGO, spray-drying scalability) are well supported by the cited abstracts, and specific numerical performance citations (ID 86, ID 523) are accurately reproduced. However, several citations (e.g., ID 520, 664, 867, 137, 596, 626) support only the general feasibility of spray-drying/spray-pyrolysis for various other chemistries, not the specific chalcogenide-rGO Na-ion system, so evidence support for the core proposal is only partial overall.","No numeric ID collisions or fabricated identifiers were found; all cited IDs map to a single provided record each in the merged pool. The main uncertainty is qualitative: how much weight to give supporting evidence that pertains to analogous but not identical material systems (different metal chalcogenides, or Li-ion rather than Na-ion contexts) when auditing a claim that is explicitly presented as extrapolation rather than direct proof for the exact proposed Mo/Ni system."
2,2,raw,generated,case_02__rep_02,Candidate D,0,0,5,uncertain,no,"The candidate presents a detailed, internally coherent mechanistic and process argument for a hierarchical multi-shelled MoS2/Ni9S8 microsphere design, but it contains no bracketed evidence identifiers and no abstract records were supplied. Every central claim selected—covering ion transport, electronic conductivity via Ni9S8, volume expansion magnitude, scalable synthesis route, and packing density/tap density comparisons—is asserted purely from reasoning or general domain knowledge without any citation to verify against. Since no evidence pool exists for this candidate, all claims default to unverifiable rather than supported or contradicted, and citation traceability is at its floor because there is no mapping from claims to records at all.","No evidence identifiers appear in the candidate text and none were supplied, so all central claims are marked unverifiable by definition rather than judged false. The 'consequential_unsupported_or_contradicted_claim' flag is marked uncertain because several claims (e.g., volume expansion magnitude, conductivity mechanism) are plausible and consistent with general 2016-era MoS2/Na-ion literature, but without any citation we cannot confirm they are not overstated or inaccurate in degree. No fabricated identifiers exist since no identifiers were used at all."
2,2,ds,generated,case_02__rep_02,Candidate E,1,1,5,yes,uncertain,"The candidate's central mechanistic claims about the recommended yolk-shell spray-dried Mo/Ni chalcogenide design rely heavily on citation tokens ('Scientist A/B, [ID: n]') that mix an informal debate-participant label with bare numeric IDs. Per the packet's own disambiguation rule, when two records exist for one numeric ID, a bare numeric identifier is ambiguous unless the candidate text itself clearly identifies the intended evidence pool. The candidate does gesture toward 'Scientist B' for spray-drying/yolk-shell-related IDs (72, 87, 20, 96, 114) and 'Scientist A' for nanostructure-related IDs (11, 48), which is a weak but present disambiguation signal, and pool B records for these IDs are indeed thematically consistent with spray-drying/battery topics, supporting a reasonable (not fully certain) mapping to pool B. However, even under this favorable reading, most cited abstracts describe analogous systems (Li-ion, Sn-based, Fe-based, cathode materials) rather than the specific Mo/Ni chalcogenide Na-ion yolk-shell system under discussion, so support is at best partial for the core architecture and performance claims. The most consequential claim—that the specific yolk-shell (Mo,Ni)-chalcogenide@carbon design outperforms nanosheet architectures for Na-ion cycling stability—lacks any directly matching evidentiary abstract; supporting records are all analog systems in different chemistries or ion types. ID 86, cited for the thermal-conversion step, points to an Fe-based Kirkendall diffusion paper not matching the specific synthesis claim. Overall, evidence support is weak (mostly analogical/partial), and traceability is compromised by systematic dual-pool ambiguity for nearly every non-trivial numeric ID.","Ambiguity note: every numeric ID cited (11, 48, 84, 96, 114, 72, 87, 20) has two competing evidence-pool records (A and B) per the packet. The candidate's informal 'Scientist A'/'Scientist B' labels provide some disambiguating context favoring pool A for IDs 11 and 48, and pool B for IDs 84, 96, 114, 72, 87, 20, but this is inferential rather than an explicit, unambiguous pool declaration as required by the stated rule, so several claims were scored 'partially_supported' or 'unverifiable' rather than 'supported' even where the pool-B record was thematically relevant. ID 86 has only one record (E-R09), so it is not ambiguous, but its content does not support the specific claim made about it, hence 'unsupported' rather than 'unverifiable'."
2,3,mpds,generated,case_02__rep_03,Candidate A,2,2,5,uncertain,yes,"Candidate A cites a substantial number of evidence records, several of which are genuinely relevant analogues (Na-ion chalcogenide/rGO nanoflowers, pitaya-like Sb@C spray-dried microspheres, spray-dried carbon microspheres) that plausibly support the general design philosophy of hierarchical, porous, carbon-integrated microspheres. However, none of the cited evidence directly concerns the specific bimetallic (Mo,Ni)Sx chalcogenide composition central to the task; support is by analogy to related but distinct single-metal chalcogenide or oxide/carbon systems. Additionally, the numeric ID 20 is cited without pool specification in two places ('Scientist B [ID: 20]' for tap density and 'Scientist A [ID: 20]' for Li-ion vs Na-ion critique), and two different records exist for ID 20 (A-R05a: nanocrystal review, unrelated; A-R05b: LiFePO4 spray-dried tap-density paper, relevant). The text context makes attribution to pool B (tap density paper) plausible for the tap-density claim, but the dual pool listing is not disambiguated by candidate text alone per module rules, and the citation of ID 20 as 'Scientist A' critiquing Li-ion extrapolation does not match either record's content directly, raising identifier-use concerns. ID 217 (AHP microencapsulation decision paper, drug delivery) is essentially irrelevant to the claim it is invoked for (scalable spray-drying for battery microspheres), representing a mismatched/near-fabricated-use citation despite being a real record.","The dual-pool ambiguity for ID 20 (nanocrystal review vs. LiFePO4 spray-drying paper) could not be fully resolved from candidate text alone, though context suggests pool B (tap density paper) was likely intended for the tap-density claim; the second invocation for the Li-ion vs Na-ion critique is not clearly supported by either record. This ambiguity affects confidence in claims C3-related tap-density support (not selected as a central claim here) but overall reduces traceability. ID 217's relevance to battery-microsphere scalability is questionable; it is a real, retrievable record but topically about pharmaceutical microencapsulation, which may or may not constitute 'fabricated_or_invalid' in the strict sense (the identifier itself is valid, but its evidentiary relevance is essentially absent), hence flagged as a citation-use problem rather than a purely fabricated ID."
2,3,eop,generated,case_02__rep_03,Candidate B,2,2,5,no,no,"The candidate cites a large number of evidence records, and each cited ID resolves to a valid, retrievable abstract in the merged evidence pool (no fabricated or unresolvable identifiers). However, essentially none of the cited abstracts studies the specific proposed material system (multicomponent Mo/Ni chalcogenide yolk-shell microspheres for Na-ion storage). Instead, the candidate draws on a mosaic of analogous systems: MoS2 (Na-ion), WS2 (Li-ion), FeSex/SnO2 (Kirkendall-diffusion hollow structures, Na/Li-ion), LFP/LTO/NCM microspheres (tap density, unrelated chemistries), and MoS2/WS2 double transition-metal chalcogenides (Li-ion). This pattern is scientifically reasonable analogical reasoning but means most central claims are only partially supported by the literal cited evidence -- the abstracts substantiate individual sub-claims (tap density achievable via spray drying, Kirkendall diffusion producing hollow structures, double-chalcogenide synergy in Li-ion, Na-ion MoS2/FeSex capacities) but never the combined novel claim about a Mo/Ni chalcogenide yolk-shell system specifically. No claim is directly contradicted, but performance targets and mechanistic claims about the untested Mo/Ni combination remain extrapolations from adjacent chemistries rather than direct evidence.","Ambiguity: some IDs (e.g., 86, 614) are cited multiple times across different claims for different purposes (yolk-shell formation, Kirkendall mechanism, and performance benchmarks), which is defensible given the abstract's content but stretches its evidentiary weight across multiple distinct claims. No pool-conflict ambiguities were noted since all evidence records are labeled 'merged' pool with a single corresponding abstract per ID in this packet. No claims were assessed as unverifiable since all cited numeric IDs had a corresponding supplied abstract; the issue is one of relevance/specificity rather than missing records."
2,3,raw,generated,case_02__rep_03,Candidate C,0,0,5,uncertain,no,"The candidate presents an entirely citation-free response: no bracketed evidence identifiers appear anywhere in the text, and no abstract records were supplied for this packet. All five selected central claims—spanning material selection rationale, the yolk-shell buffering mechanism, transport/conductivity claims, synthesis scalability, and packing-density comparison—are asserted based on general reasoning rather than tied to any verifiable source. Since no evidence records exist to check against, all claims are marked unverifiable rather than unsupported or contradicted, per the rubric's instruction that unverifiable does not imply falsity. Because there is no citation apparatus at all, evidence_support and citation_traceability are both scored at the floor (0), reflecting the complete absence of a usable evidence-to-claim mapping.","The consequential_unsupported_or_contradicted_claim flag is set to uncertain because the yolk-shell/void buffering mechanism (C2) is a well-established general design concept in battery materials literature and is plausible in principle, but with zero supplied evidence in this packet, it is not possible to confirm or contradict its accuracy from the audit materials alone. No fabricated identifiers exist since no identifiers were used at all, so that flag is 'no'."
2,3,ds,generated,case_02__rep_03,Candidate D,3,3,5,no,uncertain,"The candidate builds its central recommendation around a well-supported precedent (D-R11, MoS2-graphene spray-dried microspheres for Na-ion storage), which is the strongest and most directly relevant piece of evidence in the packet. Several other claims about the sub-mechanisms (2D nanosheet diffusion advantages, high tap density, spray-drying versatility for void structures and graphene integration) are only partially supported because the cited abstracts pertain to different chemistries (Li-ion cathodes, Co-based selenides, TiO2, Si/C, LTO) rather than the specific Mo/Ni chalcogenide system under discussion, requiring analogical extension beyond what the abstracts state. One citation (D-R15, an SOx removal catalyst paper) is used to support spray-drying scalability but is thematically unrelated to battery materials, which weakens both evidence support and traceability for the scalability claim. No claims are directly contradicted by their cited evidence, and all identifiers correspond to real, resolvable abstracts, though the appropriateness of D-R15 as support is questionable enough to flag as uncertain rather than a clear fabrication.","D-R15 is cited among several IDs supporting spray-drying scalability but its content (SOx removal catalysts for FCC) is unrelated to battery electrode materials; this is not an invalid/fabricated identifier (the record is real and matches the ID cited) but its relevance to the claim is essentially nil, creating ambiguity about whether this constitutes a valid citation or an inappropriate one. All other identifiers were resolvable to pool-appropriate, thematically plausible records. Several supporting abstracts are for different active materials or different ion chemistries (Li vs Na) than the proposed Mo/Ni chalcogenide system, which limits the abstracts to partial/adjacent support rather than direct proof of the multicomponent Mo/Ni claims."
2,3,eo,generated,case_02__rep_03,Candidate E,3,3,5,no,no,"The candidate builds a plausible composite design by analogy, drawing on a broad and mostly accurately characterized set of literature records covering related chemistries (FeSex, CoS, MoS2, WS2, Cu2NiSnS4) and architectures (hollow Kirkendall-derived nanoparticles, spray-dried porous microspheres, rGO integration). All cited identifiers correspond to real, retrievable abstracts consistent with the claims made about them (e.g., Kirkendall diffusion for hollow particles, rGO for conductivity/buffering, spray drying for scalable microsphere synthesis). However, no single supplied record demonstrates a Mo/Ni chalcogenide system directly, and the specific combination proposed (Mo+Ni binary or ternary chalcogenide) is not validated by any evidence; the candidate explicitly acknowledges this gap. Several supporting citations are drawn from lithium-ion battery literature rather than sodium-ion systems, weakening direct applicability to the stated Na-ion task, though the candidate is transparent about extrapolating principles across analogous systems. Multiple citations are also used to support multiple distinct sub-claims (e.g., ID:86 cited for hollow particles, Kirkendall mechanism, rGO conductivity, and fabrication route), which is defensible given the multi-faceted content of that abstract but stretches its evidentiary weight across many claims.","No numeric ID collisions across the two given results (evidence pool marked 'merged' for all records, so no dual-pool ambiguity was found for tokens used here). The core uncertainty is that none of the 17 supplied abstracts directly examines a Mo/Ni chalcogenide system for Na-ion batteries, meaning the central architectural mechanism claims are supported largely by analogy to structurally similar but compositionally different systems (Fe, Co, W, Cu-Ni-Sn, Mo-only). This is judged as partial support rather than unsupported/contradicted, since the candidate is explicit about the analogy and does not overstate direct proof for the exact composition."
3,1,eop,generated,case_03__rep_01,Candidate A,0,0,5,yes,no,"Candidate A cites a large number of evidence records, most of which are genuinely retrievable and relevant to spray-drying microsphere fabrication, carbon coating, and porosity-performance relationships in Li-ion battery materials generally. However, none of the cited records pertain directly to NiMoO4 itself; all are analogies from other oxide/sulfide/selenide/phosphate systems (Sn, Fe2O3, Sb, TiNb2O7, LiFePO4, Si, etc.) applied by extrapolation to the NiMoO4 case. The core mechanistic claim about void formation via the Kirkendall effect or via multicomponent Ni/Mo sulfide/selenide analogy is architecturally plausible but only partially supported since the target chemistry (oxide vs. sulfide/selenide/metal) differs. The porosity target (20%) claim is well and specifically supported. The carbon-encapsulation strategy claim is supported by multiple relevant precedents, though again for different active materials. ID: 6 is a clear mismatch — the cited paper is about CVD carbon nanofiber growth on Ni/Mo catalysts, not molybdate precursor use in spray drying, making this citation unsupported and somewhat misleading as it is presented to justify a specific precursor choice. No fabricated/invalid identifiers were found — all cited IDs mapped to real, retrievable abstracts precisely matching the numeric tokens used in text. The larger issue is one of relevance/extrapolation rather than fabrication.","Some claims (C2, C3, C5) are extrapolations from analogous systems (Sn, sulfide/selenide, Fe2O3, Sb, TiNb2O7) to the specific NiMoO4 chemistry; the abstracts do not directly test NiMoO4, so partial-support ratings reflect this scientific but not identifier-level ambiguity. No genuinely ambiguous numeric-ID pool conflicts were identified in this packet (single 'merged' pool for all citations), so citation traceability is limited mainly by mismatch between claim specificity and evidence generality rather than identifier ambiguity."
3,1,raw,legacy_replicate_1,case_03__rep_01,Candidate B,0,0,5,uncertain,no,"Candidate B presents an entirely citation-free discussion structured as a debate with proposed syntheses. No bracketed evidence identifiers appear anywhere in the text, and the accompanying evidence packet confirms that no abstract records were supplied for this candidate. All selected central claims relate to core mechanistic and process choices (void templating, conductive network integration, and two-stage calcination) that are essential to the feasibility and expected performance of the proposed design. Since no evidence records exist to check any of these claims, all are marked unverifiable rather than unsupported or contradicted, per the module's guidance that unverifiable does not imply falsity. Because there is no evidence at all, evidence support and citation traceability are both scored at the floor.","All findings rest solely on the complete absence of supplied evidence records; the module instructs not to treat unverifiable claims as false, so no claim was marked contradicted or unsupported. The 'consequential_unsupported_or_contradicted_claim' flag is set to uncertain because, while no claim was directly contradicted, several central mechanistic/process claims (e.g., two-stage calcination benefits, PVP as superior carbon source) are consequential to feasibility and remain entirely unverified, leaving genuine ambiguity about their reliability. No fabricated identifiers were found since no identifiers were used at all."
3,1,ds,legacy_replicate_1,case_03__rep_01,Candidate C,2,2,5,yes,no,"The candidate's central claims rely heavily on analogical evidence drawn from other electrode chemistries (TiO2, Li4Ti5O12, Na3V2(PO4)3, SnO2, Zn2SnO4, LiFePO4, MoO2) rather than NiMoO4 itself, meaning no direct evidence for the core proposed material system exists in the supplied records. The tap-density argument (C4) is well and directly supported. The rGO-scaffold and yolk-shell/spray-pyrolysis mechanisms (C1, C2) are demonstrated in structurally analogous systems but not for NiMoO4, so they are only partially supported. The carbon-coating comparison (C3) is weakly supported since the cited record does not itself establish inferiority to rGO. Most seriously, the citation used to support Scientist A's engineered hollow-void concept (C5, ID 151) is a photocatalysis review with no battery or electrochemical relevance, making this a consequential unsupported claim underpinning a key architectural argument (the void-buffering mechanism). No fabricated/invalid identifiers were found; all cited IDs map to real, retrievable records, though several are topically mismatched to the specific NiMoO4 system.","Some claims (C1, C2, C3) are judged partially_supported because the same physical mechanism (spray pyrolysis yolk-shell formation, rGO scaffold benefits) is demonstrated in closely analogous metal-oxide/carbon composite systems, but none directly involve NiMoO4, leaving open whether the mechanism transfers without modification. Distinguishing between 'partially_supported' and 'unverifiable' for these cross-chemistry analogies required judgment; I treated cases where the same processing mechanism (not just the specific material) was demonstrated as partially_supported rather than unverifiable."
3,1,eo,legacy_replicate_1,case_03__rep_01,Candidate D,2,3,5,no,no,"Candidate D builds its design strategy almost entirely by analogy from spray-dried microsphere systems in other chemistries (Na-ion sulfides/selenides, TiO2, Fe2O3, LiFePO4, Li4Ti5O12, LiMn-rich oxides, Sb, Si, graphene-based cathodes) rather than direct evidence on NiMoO4 with internal nanovoids. All cited IDs resolve to real, distinct records without duplication conflicts in the merged pool, so traceability is generally good at the identifier level (no ambiguous dual-pool IDs were present in this packet). However, several central mechanistic and performance claims (void buffering during NiMoO4 lithiation, tap-density balance for the specific NiMoO4 system, transport benefits of primary particle morphology within a Mo-Ni oxide microsphere) are supported only via closely related but non-identical systems, meaning the material specifics (exact chemistry, cycling data, or explicit mechanism-performance link) are not directly verified for NiMoO4 in the supplied abstracts. This pattern of partial/adjacent support across nearly all key claims, despite valid identifiers, caps evidence support at a moderate-low level while citation traceability remains reasonably strong since each ID maps unambiguously to a real, relevant (if analogous) record.","No dual-pool ambiguous IDs were encountered in this packet since all evidence records were supplied as 'merged' pool with one abstract per ID. The main uncertainty is scientific: whether analogies from sulfide/selenide, oxide-cathode, or unrelated anode systems (Sb, Si, TiO2, Fe2O3) to a NiMoO4 nanovoid microsphere are valid extrapolations; this is a scientific-plausibility question outside Pass 2 scope, but it affects how strongly the cited abstracts can be said to 'support' the central NiMoO4-specific claims, hence multiple partially_supported ratings rather than fully supported or unsupported."
3,1,mpds,legacy_replicate_1,case_03__rep_01,Candidate E,2,2,5,no,no,"The candidate cites a large number of numeric IDs mapped to two evidence pools (A for Scientist A's hydrothermal/coating claims, B for Scientist B's spray-drying claims), and the surrounding text clearly attributes each ID set to the correct scientist/pool, so traceability is not hampered by pool ambiguity. However, nearly all cited abstracts are analogues from different material systems (supercapacitor electrodes, Na-ion cathodes, silica mesoporous spheres, phosphate cathodes, water-splitting catalysts) rather than direct NiMoO4 Li-ion anode studies matching the exact claims made. This pattern recurs across all five central claims: general mechanistic principles (hydrothermal hierarchical growth, polymer-assisted carbon coating, wet-pocket void formation, 3D carbon networks, spray-dried tap density) are each supported by at least one reasonably analogous abstract, but no claim is fully and specifically supported for the NiMoO4 system as proposed. This yields consistent partial support and moderate-but-incomplete traceability across the claim set.","No fabricated or clearly invalid identifiers were found; all cited IDs resolve to supplied records in the appropriate pool. However, several claims stitch together multiple partially relevant analogues (e.g., combining silica wet-pocket physics with battery carbon-coating literature) to support a single compound mechanistic claim, which introduces interpretive uncertainty about whether the aggregated evidence should be scored as fully supporting the synthesized claim or only its sub-components. I treated such compound claims as partially_supported rather than supported, given that no single cited abstract directly matches the full claim as stated for the NiMoO4 system."
3,2,raw,generated,case_03__rep_02,Candidate A,0,0,5,uncertain,no,"The candidate provides an entirely citation-free response; no bracketed evidence identifiers appear in the text, and no abstract records were supplied for auditing. All five selected central claims—concerning void formation via blowing agents, carbon network formation via sugar pyrolysis, thermal sintering thresholds, tap density benefits of interior voids, and the inward-direction of conversion-reaction volume expansion—are scientifically plausible and consistent with known conversion-anode design principles, but none can be verified against any supplied evidence record. Because there is no evidence base at all, both evidence_support and citation_traceability are scored at the floor (0), per the rubric guidance that unverifiable claims should not be treated as false but also cannot receive support or traceability credit.","All claims are marked unverifiable rather than unsupported/contradicted because no evidence records were provided at all (not because cited records failed to support the claims). This is a case of complete absence of citation rather than citation mismatch. The consequential_unsupported_or_contradicted_claim flag is set to 'uncertain' because the claims are central to feasibility/mechanism and lack any evidentiary backing, though the rubric cautions that unverifiable is not equivalent to false; whether this rises to 'consequential' is judgment-dependent given the total absence of an evidence pool for this candidate."
3,2,ds,generated,case_03__rep_02,Candidate B,2,2,5,no,no,"Candidate B's memo synthesizes two hypothetical scientists' positions and does not present its own novel technical claims but rather aggregates cited claims attributed to 'Scientist A' and 'Scientist B.' All cited evidence records are traceable to specific numeric IDs mapped into evidence pools A (for Scientist A) and B (for Scientist B), with no duplicate/ambiguous ID conflicts observed in the supplied packet register: each numeric ID appears in exactly one pool as supplied. However, nearly every citation is drawn from adjacent or analogous material systems (Ni3S2, MoS2/RGO, CoMoO4@NiMoO4 supercapacitors, Fe2(MoO4)3, Sb@C, SnO2, SBA-15, AMT, LFMP, LTO, C/S Li-S composites, and even an unrelated pharmaceutical microencapsulation paper) rather than direct evidence for hollow-void NiMoO4 microsphere anodes for Li-ion batteries. This creates a pattern of partial/analogical support across almost every central claim, with no candidate claim being directly and specifically confirmed by an on-topic NiMoO4 hollow-microsphere anode study. No claim was contradicted outright, and no fabricated/invalid IDs were found (all IDs resolve to real abstracts in the supplied pools), but one citation (ID:234, a drug-delivery microencapsulation selection paper) is essentially irrelevant to the electrochemical claim it is meant to support, weakening traceability for that portion of C4.","Ambiguity is reduced somewhat because the packet explicitly assigns each numeric ID to a single pool (A for Scientist A citations, B for Scientist B citations) with no duplicate ID appearing in both pools within this packet, so pool-level attribution is resolvable here even though the general Pass 2 rule warns about cross-pool ambiguity. Nonetheless, uncertainty remains regarding how much analogical (different-material) evidence should count toward 'support' versus 'partial support' for material-specific mechanistic claims about NiMoO4 hollow-void microspheres; I treated cross-material analogies (e.g., SnO2, Sb, Ni3S2, MoS2, silica, tungsten) as partially supporting general methodological principles (templating, spray drying, Kirkendall effect, tap density) but not as direct support for material-specific NiMoO4 Li-ion performance claims."
3,2,eo,generated,case_03__rep_02,Candidate C,3,4,5,no,no,"The candidate builds its entire proposal by analogy from a large set of spray-drying and void-engineering studies on other electrode chemistries (Sn, SnO2, TiO2, Li4Ti5O12, LiFePO4-based, Fe2(MoO4)3, CoMoO4@NiMoO4 supercapacitor, various carbon-composite anodes) since no NiMoO4-specific microsphere-with-nanovoids study is cited or apparently available. Nearly every specific factual assertion (void architectures, atomization control of morphology, pore-forming agents, tap density values, carbon integration strategies) is traceable to a specific, correctly described evidence record, and the candidate is transparent that direct evidence for the specific NiMoO4 system is limited, framing these as analogies rather than direct proof. This transparency prevents overreach into unsupported certainty. Evidence support is capped at 3 rather than 4-5 because the central object of the task (NiMoO4 microspheres with nanovoids) is never itself directly evidenced by any single record—every claim is a one-step-removed analogy from a different chemistry, which constitutes a persistent, if flagged, gap on the single most important central proposition. Citation traceability is high (4) because essentially every numeric ID cited maps cleanly and unambiguously to a distinct, relevant abstract in the merged pool with no evident ambiguity or fabrication; the only minor deduction is that several claims aggregate many citations for compound sentences, occasionally making it slightly ambiguous which specific ID supports which specific sub-clause (e.g., the carbon-conductivity paragraph mixes multiple materials/IDs together).","All evidence pools were labeled 'merged' with no duplicate numeric-ID conflicts observed in the supplied records, so no ambiguity flags were triggered on that basis. The scientific validity of extrapolating from unrelated chemistries (Sn, SnO2, TiO2, sulfide/selenide, supercapacitor CoMoO4@NiMoO4) to a NiMoO4 Li-ion anode is a matter of scientific-correctness (Pass 1) rather than evidence-support Pass 2, but it does affect how much weight the 'supported' abstracts actually lend to the central NiMoO4-specific proposition, which is why evidence_support was capped at 3 despite high per-claim traceability."
3,2,mpds,generated,case_03__rep_02,Candidate D,2,2,5,yes,no,"The candidate cites eight distinct evidence records across two labeled scientist pools (A and B), and all numeric IDs map to uniquely supplied records without pool ambiguity, so citation identifiers are not fabricated or ambiguous. However, several central claims are only loosely supported by their cited abstracts. Notably, C2 cites a catalytic water-splitting paper (Ni/Mo2C-PC) to support a claim about a stable anode carbide material, which is a domain mismatch (catalysis vs. Li-ion battery anode) and does not substantiate the intended architectural/stability claim -- this is a consequential unsupported claim because it underlies part of Scientist A's proposed material evolution referenced in the memo's synthesis. C3, C4, and C5 rely on analogous or adjacent systems (yolk-shell catalysis, Sb@C sodium-ion microspheres, LiFePO4/LiMnFePO4 cathodes) rather than direct NiMoO4 Li-ion anode data, so they only partially support the specific mechanistic and performance claims made about NiMoO4 microspheres. C1 is well-supported since it directly concerns NiMoO4-family nanowire anodes for Li-ion storage. Overall, evidence support is weak-to-moderate: only one of five claims is directly and specifically supported, the rest are analogical extensions to different chemistries or applications (catalysis, Na-ion, LiFePO4 cathodes) that partially generalize but leave core NiMoO4-specific mechanistic and performance claims unverified.","Some claims (C4, C5) rely on structural/process analogies from other electrode chemistries (Sb@C for Na-ion, LiFePO4/LiMnFePO4 cathodes) that are commonly used in materials science literature to justify design principles; whether this counts as adequate support or overreach is a judgment call, and I have treated it as partial support given the analogy is reasonable but not domain-specific to NiMoO4 anodes. The claim about hollow-sphere tap-density being a 'likely insurmountable' barrier is an inference in the candidate's memo not directly stated in any cited abstract, contributing to my partial-support judgment for C5."
3,2,eop,generated,case_03__rep_02,Candidate E,0,0,1,no,no,placeholder,placeholder
3,3,ds,generated,case_03__rep_03,Candidate A,1,1,5,yes,no,"The candidate's central recommendation (spray-drying with sacrificial templates and in-situ carbon co-integration for NiMoO4 microspheres) is built almost entirely on evidence drawn from unrelated material systems (water-splitting catalysts, supercapacitor MoS2/RGO, CoFe2O4 spinel, and various phosphate/titanate Li-ion cathode/anode materials) rather than NiMoO4 itself or even a closely analogous conversion-type transition-metal-oxide Li-ion anode. While the general engineering principles (spray drying scalability, templated void formation, in-situ carbon coating for tap density and conductivity) are individually supported by the respective abstracts, no cited record substantiates the specific combination of nanovoid buffering, conductivity, and tap density balance in NiMoO4 for durable high-rate Li-ion storage — the actual central claim of the task. This creates a systematic mismatch between the material system in the evidence and the target material system in the proposal, which is a material, consequential gap even though no single citation is invalid or fabricated (all IDs map to real, retrievable abstracts).","All cited identifiers resolve to legitimate abstracts, so no fabrication is evident. However, every central claim about NiMoO4-specific mechanisms (void buffering, conductivity pathway formation, tap density balance) is only indirectly supported through analogy to different material systems (sulfides, phosphates, titanates, ferrites) and different applications (water splitting, supercapacitors, Na-ion, Li-S). This pattern of cross-domain evidence use is consistent but does not directly verify the material-specific mechanism proposed, warranting the 'partially_supported' or 'unsupported' classifications rather than full support."
3,3,eo,generated,case_03__rep_03,Candidate B,3,3,5,no,no,"Candidate B grounds nearly all central claims in specific, retrievable abstracts that directly discuss the named mechanism (template-based hollowing, Kirkendall effect, atomizer-dependent morphology, nanovoided Mo/Ni sulfide/selenide microspheres, porosity-rate performance relationship, carbon-network conductivity strategies, and tap-density optimization via spray drying and sintering control). However, essentially none of the cited evidence is on NiMoO4 itself; all support is analogical, drawn from other oxide/sulfide/phosphate/carbon microsphere systems (TiO2, LiFePO4, LTO, Sb, Si/C, MoS2, hydroxyapatite, SnO2, etc.). This is appropriate given the task (design principles transferable across microsphere chemistries) and each individual sub-claim is well matched to its cited abstract's content, but the overall central claim (that this composite strategy will work specifically for NiMoO4) remains an extrapolation not directly verified by any single NiMoO4-specific study except B-R07 (ID 32), which only supports the synthesis of NiMoO4/NixCo1-xMoO4 nanowires via hydrothermal method, not the void/tap-density/carbon strategies. No fabricated or unresolvable identifiers were found; all cited IDs mapped to a single merged-pool record each, and the candidate's surrounding text consistently matched the retrieved abstracts' content, supporting traceability. Evidence support and traceability are capped at moderate-high (3) because: (1) claims are supported only analogically for the specific NiMoO4 system, representing a material gap between cited evidence and the actual target chemistry; (2) some multi-ID claims are supported by an assemblage of many marginally-relevant sources rather than one strong direct source, diluting specificity; (3) the sintering-effect claim relies on hydroxyapatite ceramic-processing literature, a different material class, only weakly analogous to oxide anode processing.","All cited identifiers resolved to a single evidence record each in this merged pool (no duplicate-ID ambiguity was encountered in the supplied records), so traceability issues stem from topical analogy strength rather than ID ambiguity. Because none of the core structural/performance claims are tested directly on NiMoO4, judgments of 'supported' status refer strictly to whether the abstract supports the general mechanistic/procedural claim as stated (often for an analogous material), not whether NiMoO4 will behave identically; this analogical gap is noted but does not by itself constitute contradiction or fabrication."
3,3,mpds,generated,case_03__rep_03,Candidate C,1,1,5,yes,no,"The candidate constructs a synthesis/decision memo built on a debate between two hypothetical scientists, citing numerous IDs to support competing and then converging claims. Critical central claims about NiMoO4-specific hydrothermal architecture (C1) and about hydrothermal synthesis producing low-density powders unsuitable for scale (C3) are not supported by their cited abstracts: the referenced records concern different chemistries (MnMoO4, Fe2(MoO4)3), different application contexts (supercapacitors, photocatalysis), or do not address the specific claimed property (tap density limitation of hydrothermal routes). The core recommended strategy (spray drying + GO precursor + Kirkendall-effect void engineering) is better supported by evidence for the general feasibility of spray drying for scalable, dense Li-ion microspheres (C4) and for the Kirkendall mechanism analog (C5, via SnO2), though none of the supplied records directly discuss the target NiMoO4 or even a Ni-Mo bimetallic oxide system. This is a material gap: the entire proposal is anchored on a material system that has no directly cited supporting record. All the analogies advanced are for different chemistries or applications (Na-ion, supercapacitor, Fe-Mo, Sn oxide), which weakens direct evidentiary support despite plausible mechanistic transferability. No evidence label ties in fabricated identifiers — all appear to correspond to real papers as supplied — but the traceability of central mechanistic and comparative claims to specifically relevant NiMoO4 evidence is weak throughout.","Judgment calls were required regarding how strictly to weight material-system mismatch (e.g., MnMoO4 vs. NiMoO4, Fe2(MoO4)3 vs. NiMoO4) as grounds for 'unsupported' rather than 'partially_supported.' I treated cases where the abstract's core chemistry, application, or mechanism diverges substantially from the proposal's target system as unsupported rather than partially supported, since the material proposition (specific to NiMoO4-based Li-ion anodes) is not addressed. Some evidence (e.g., C-R07 on Kirkendall effect and C-R05/C-R06 on spray-drying capability) provides genuine mechanistic analogy support even though the exact chemistry differs, which I scored as partially_supported. No identifiers appeared fabricated or duplicated ambiguously between pools A and B within this candidate's citations, though the candidate's use of pool-specific IDs (e.g., [ID: 2] appearing in Scientist A's pool A citations vs. [ID: 87] in Scientist B's pool B) suggests the candidate correctly disambiguated pools via attribution to each scientist, reducing ambiguity concerns for traceability, though the underlying evidentiary relevance remains weak."
3,3,eop,generated,case_03__rep_03,Candidate D,3,4,5,no,no,"The candidate builds a design argument for NiMoO4 microspheres by chaining together evidence from analogous spray-dried microsphere systems (Na-ion sulfides/selenides, SnO2 hollow spheres, graphene-scaffolded phosphates, LFMP/LTO tap density studies, porosity-rate studies, surface-locking mechanisms, and carbon-coating strategies). Central mechanistic and performance claims (C2-C5) map cleanly and specifically to the supplied abstracts with accurate quantitative details reproduced faithfully. The most safety-critical claim for the specific NiMoO4/nanovoid mechanism (C1) is only partially supported because the abstract for D-R03, as supplied, does not explicit reference 'empty nanovoids' though the title of the paper (as printed) does contain that phrase, so I treat this as largely supported by title but the abstract text itself is thin — I coded it partially_supported to reflect that the abstract itself, not just title, is the abstract of record. All numeric IDs are cleanly resolvable to single evidence records without ambiguity between multiple pools, since only one record was supplied per token in this merged pool. No fabricated identifiers were found; every cited numeric ID has a corresponding record. Overall support is fairly strong across the analogical claims but the core NiMoO4-specific extrapolation (that spray-drying-based nanovoid buffering will similarly work for NiMoO4) is itself an inference not directly tested in any single cited study, though this is a reasonable synthesis rather than a specific verifiable claim, so it was not selected as one of the five sampled claims.","C1's support status is somewhat borderline: the paper title (as printed in the evidence record) does contain the phrase 'empty nanovoids,' which lends stronger support to the specific claim than the abstract body alone conveys; a stricter or looser reading of 'the supplied abstract record' could shift this from partially_supported to supported. No numeric ID collisions were present in this packet's merged pool, so citation traceability is high, but the packet notes that ambiguity could arise if a token existed in two pools; that was not the case here for any cited ID."
3,3,raw,generated,case_03__rep_03,Candidate E,0,0,5,uncertain,no,"The candidate provides no bracketed evidence identifiers or citations anywhere in the response, and no evidence records were supplied for this packet. All central claims -- the conversion mechanism and volume expansion figure, the sacrificial-template void-formation strategy, the in-situ GO reduction to form a conductive rGO network, the spray-drying process-parameter rationale, and the overall performance-balancing thesis -- are asserted without any external verifiable source. Since no evidence exists to check these claims, they are marked unverifiable rather than unsupported/contradicted, per module rules distinguishing lack of citation from demonstrated falsity. Because there is no citation apparatus at all, evidence_support and citation_traceability are scored at the floor (0), consistent with the rubric definition of 0 for cases where no selected central claim has usable supporting evidence and no mapping from claims to evidence records exists.","The consequential_unsupported_or_contradicted_claim flag is marked 'uncertain' because while none of the claims are contradicted by any given evidence (there is none to contradict them), several are foundational/consequential to the mechanism and feasibility case (e.g., the volume-expansion reaction and the void-buffering rationale), and their complete lack of external verification leaves genuine uncertainty about whether they would hold up under scrutiny -- this is a traceability/support gap rather than a demonstrated scientific error. No fabricated identifiers were found because no identifiers were used at all, so the fabrication flag is 'no'."
4,1,eo,legacy_replicate_1,case_04__rep_01,Candidate A,1,1,5,yes,yes,"The candidate cites a large number of numeric IDs but nearly all mapped evidence records are topically mismatched with the claims they are meant to support: several central mechanistic claims (pillar-ion pre-intercalation, oxygen vacancy defect engineering, protective coatings against dissolution) are attached to records about unrelated systems (Mg batteries, Na-ion batteries, water splitting, cosmeceuticals, Joule heating microcapsules, biomedical microspheres). Only a couple of citations (A-R05/A-R07 layered Ca-vanadium-oxide bronze, A-R15 CNT microsphere porogen) are genuinely relevant analogs, and even these are on adjacent systems (V2O5/vanadium bronze, not V2O3) rather than the exact claim. The candidate itself acknowledges 'no direct evidence for the complete V2O3/CNT microsphere system' but nonetheless attaches specific numeric citations to essentially every mechanistic assertion, creating a misleading impression of evidentiary support. The presence of a completely unrelated cosmeceutical review cited as support for a battery-relevant coating strategy is a serious traceability problem verging on fabricated/invalid identifier usage in context.","Some cited IDs are duplicated across different titles/records in the merged pool (e.g., 'ID: 6' appears mapped to A-R07, and a near-identical duplicate title appears as A-R05 for 'ID: 13'), raising ambiguity about which record the candidate intended. Where the surrounding text did not disambiguate pool identity, I treated support conservatively as unsupported/partially_supported rather than guessing intended attribution. It is possible the candidate operated over a much larger original evidence pool where these IDs were correctly matched, and only the subset relevant to cited tokens was surfaced here misleadingly; however, based solely on supplied abstracts, the claims are not well supported."
4,1,mpds,legacy_replicate_1,case_04__rep_01,Candidate B,2,2,5,yes,uncertain,"The memo's final recommended design rests heavily on three pillars: (1) Mn-doped hydrated vanadium oxide as active material, (2) CNT microsphere architecture from spray-drying, and (3) polar oxide nanocrystal anchoring for stability. Claim C1 (active material choice) is well supported by directly relevant vanadium-oxide ZIB abstracts. However, claims C2 and C3 regarding the CNT microsphere architecture and spray-drying synthesis rely exclusively on Li-ion/Li-S battery literature with no vanadium oxide or aqueous Zn system precedent, making the extrapolation to the final recommended composite only partially supported. Most critically, claim C4, the core novel stability mechanism the Director selects as the 'most advanced' solution, cites CoO/ZnO-CNT microsphere records from Li-S battery contexts where the nanocrystals trap dissolved polysulfides via a distinct chemistry, not vanadium oxyanion species in aqueous electrolyte. This is a material mismatch that leaves a central, mechanism-defining claim unsupported by the cited evidence, which is consequential to the proposal's core rationale. Numeric ID reuse across pools (e.g., ID 1, 13, 54, 78, 81) is resolved here because the surrounding text and supplied evidence pools attribute each citation to Scientist A or B contexts distinctly, and the supplied abstracts appear correctly matched to the intended pool per the packet's own labeling, so no fabrication is confirmed, but the extensive reliance on non-analogous system evidence (Li-ion/Li-S rather than aqueous ZIB) for architecture and stability claims lowers confidence and warrants an uncertain fabrication/mismatch flag for how tightly these numeric identifiers were verified against the correct pool in the original candidate text itself, since the candidate did not explicitly denote 'Pool A' or 'Pool B' inline for each ID.","The candidate text uses bare numeric IDs (e.g., [ID: 1], [ID: 13], [ID: 78], [ID: 81]) that could plausibly refer to either evidence pool A or B given the packet structure explicitly warns of non-unique numeric tokens. I relied on the pool label supplied with each record folder (A or B) and the attribution to 'Scientist A' or 'Scientist B' in the candidate's own text to disambiguate, which is a reasonable but not fully certain method. Additionally, several claims about CNT/oxide microsphere synthesis and stability mechanisms are supported only by analogous Li-ion/Li-S battery studies rather than aqueous Zn-ion vanadium oxide systems, so 'partially_supported' or 'unsupported' ratings reflect this domain mismatch rather than an assertion that the underlying science is false or non-transferable in principle."
4,1,eop,legacy_replicate_1,case_04__rep_01,Candidate C,1,1,5,yes,yes,"The candidate proposes a plausible hierarchical CNT-microsphere/V2O3 architecture, but nearly every central claim citing evidence fails to match the supplied abstracts. Across all cited IDs, the returned records describe different material systems (V2O5 nanowires/nanotubes, VN-graphene anodes for LIHCs, GO-vanadium nanoparticles for Mg batteries, proton intercalation in V2O5 for Al cells, calcium vanadium bronze aqueous Zn cathodes, VOH nanobelt cathodes, RuO2-coated Na-ion nanowires, and Na-ion phosphate fluoride) than what the candidate claims they support (CNT microsphere conductive scaffolds, macrovoid engineering, sacrificial porogen synthesis, SnO2-CNT composites, Na3V2(PO4)3/CNT microspheres, and Fe3O4/carbon microspheres). Most strikingly, in the concluding paragraph the candidate attributes specific performance metrics (98% retention over 250 cycles at 1.5 A/g for SnO2-CNT; 60C rate capability for CNT-Na3V2(PO4)3; Fe3O4/carbon cycling stability) to citations that describe entirely unrelated systems and different reported metrics. This constitutes either fabricated claims or invalid/mismatched citation identifiers. The candidate itself acknowledges 'direct evidence for this specific V2O3-CNT architecture in aqueous ZIBs is limited,' but then proceeds to cite specific quantitative results not found in the supplied records, which is a serious traceability failure. No selected central claim is directly and specifically supported by its cited evidence.","It is possible the underlying cited works differ from what is contained in this evidence pool (e.g., the 'perforated SnO2-CNT' or 'Fe3O4/carbon' papers may exist elsewhere but were not supplied under these IDs), making these claims formally 'unverifiable' under the strict abstract-only rule; however, because the candidate explicitly asserts numerical results (98% retention, 250 cycles, 1.5 A/g; 60C rate) as if drawn from the supplied citations, and the supplied abstracts describe different systems and metrics entirely, this is scored as contradicted/mismatched rather than merely unverifiable. This determination is based solely on the abstracts provided in this packet."
4,1,raw,legacy_replicate_1,case_04__rep_01,Candidate D,0,0,5,uncertain,no,"The candidate provides no bracketed evidence identifiers and no abstract records were supplied, consistent with the packet note that no evidence was cited. All central claims regarding anchoring chemistry, macrovoid templating, spray-drying kinetics, and multi-stage annealing are asserted purely from general materials-science reasoning without any citation to verifiable sources. Since no evidence records exist to check against, none of the claims can be scored as supported, partially supported, contradicted, or unsupported by an actual record; they are all unverifiable. Evidence support and citation traceability are therefore scored at the floor (0), reflecting a complete absence of any usable mapping from central claims to evidence, per the rubric's definition of a 0 on both dimensions when no selected central claim has usable supporting evidence and no mapping exists.","The consequential_unsupported_or_contradicted_claim flag is marked uncertain rather than yes because the rubric specifies that 'unverifiable' does not mean scientifically false, and no claim is directly contradicted by supplied evidence (since none was supplied); however, several claims (e.g., anchoring strategy, macrovoid formation) are consequential to feasibility and lack any external verification, so risk cannot be ruled out. No fabricated or invalid citation identifiers were found because the candidate did not attempt to cite any identifiers at all, so there is no fabrication to flag."
4,1,ds,legacy_replicate_1,case_04__rep_01,Candidate E,1,1,5,yes,uncertain,"Across all five sampled central claims (spanning both the 'Scientist A' and 'Scientist B' strategies synthesized into the memo's recommendation), the cited evidence records are topically mismatched to the specific mechanistic or fabrication claims made. Cited abstracts cover unrelated systems (Mg batteries, Li-S batteries, LiFePO4/Li-ion batteries, fuel-cell coatings, photonic fibers, glucose sensors, Pickering emulsions) or only tangentially related Zn-ion vanadium oxide work (E-R01, E-R04) that does not specifically address the cited claim (e.g., spray pyrolysis porogen macrovoids, CNT backbone buffering, or pillar-ion intercalation mechanisms). None of the five claims sampled receive even partial support from their cited record. The memo's core recommendation is built on Scientist B's ID:7 pillaring claim, which is unsupported by its cited abstract (about corrosion-resistant CNT/titania coatings), representing a consequential unsupported claim underlying the entire recommended strategy.","Some evidence records (E-R05, E-R06, E-R07, E-R08, E-R09, E-R10) belong to 'pool B' as labeled, and the candidate consistently attributes these IDs to Scientist B in-text, so pool attribution itself is not ambiguous here. However, it remains uncertain whether these records were fabricated/mismatched by the candidate or are simply mismatched retrieval artifacts from the underlying evidence pipeline; the pattern of near-total topical mismatch across all cited IDs raises the possibility of fabricated or misassigned identifiers, though each ID does correspond to a real, distinct paper record supplied to the audit, so 'fabricated' is not certain—hence 'uncertain' rather than 'yes'ates."
4,2,mpds,generated,case_04__rep_02,Candidate A,2,1,5,uncertain,yes,"The candidate memo synthesizes two hypothetical scientists' positions and recommends a hybrid V2O5/CNT-microsphere design incorporating pillar-stabilized hydrated vanadium oxide. Several central claims (pillar/hydration stabilization achieving very long cycle life; CNT microsphere architecture enabling conductivity and ion transport; Mn-HVO as active material) are plausible and partially traceable to pool-A abstracts that are topically well-matched to ZIB cathode chemistry. However, the candidate's citation style uses bare numeric IDs (and in-text compound labels like 'B54', 'B23', 'B6') that do not cleanly match the strict numeric-ID-plus-pool convention of the supplied evidence packet, and nearly every cited numeric ID has two entirely different possible source records (one relevant pool-A ZIB paper, one often irrelevant pool-B CNT-microsphere-for-other-application paper), creating pervasive ambiguity per the module's explicit disambiguation rule. This substantially undermines citation traceability. Evidence support is somewhat better because, where content can be reasonably inferred (e.g., ID 1, 6, 7, 69, 42 in pool A), the topical match to ZIB cathode chemistry is strong and specific, but the systemic ambiguity and one clearly unmatched identifier (B6/B23 label format) prevent higher scores.","Extensive ID ambiguity is the dominant source of uncertainty: nearly every cited numeric identifier (1,2,3,6,7,8,13,15,16,23,42,54,69,70,75,78,89,102,153,250) has two divergent supplied records (pool A vanadium-oxide/ZIB papers vs pool B largely unrelated CNT-microsphere-for-other-applications papers), and the candidate text's own labeling convention (prefixing 'A' or 'B' to IDs) partially self-resolves pool assignment for many claims, but the supplied evidence packet is keyed strictly by bare numeric token plus pool letter, not by the candidate's compound alphanumeric labels (e2g., 'B54'), leaving room for interpretation. I treated candidate's own A/B prefixing as reasonably indicative of intended pool where present, which improved apparent support for C1 and C3, but could not do so reliably for compound multi-ID citations without over-interpreting, hence conservative 'unverifiable' or 'unsupported' calls for C2, C4, and C5. The 'fabricated_or_invalid_citation_identifier' flag is set to yes because at least one citation format (e.g., bare 'B6') does not correspond cleanly to any single supplied record under the stated ID/pool convention. The 'consequential_unsupported_or_contradicted_claim' flag is uncertain because while no claim is directly contradicted, the architecture/transport mechanism claims (C2, C4) that are central to feasibility remain unverifiable rather than clearly supported or refuted."
4,2,eop,generated,case_04__rep_02,Candidate B,3,4,5,no,no,"Candidate B cites numerous specific, resolvable evidence records with only one merged evidence pool used throughout, and each cited ID maps to a valid, retrievable record without pool ambiguity. Central claims are largely built from a mosaic of adjacent-material and adjacent-ion-system studies (many V2O5/CNT or V2O5/graphene or SnO2/CNT precedents for a task specifically about V2O3), so the underlying mechanistic ideas are well grounded in the literature but frequently require analogical extension rather than being directly demonstrated for the exact V2O3/CNT/macrovoid system posed in the task. No claim is contradicted, and no citation identifiers appear fabricated or misattributed, though the C4 fabrication-route claim stitches together several partially overlapping records (aerosol/spray-drying with graphene, spray-drying with V2O5/CNT, PS templating with SnO2/CNT, PMMA templating with CoO/CNT) none of which individually demonstrates the exact combination claimed, warranting partial-support status rather than full support.","Several claims (C1, C2, C3, C5) are supported using evidence for V2O5 rather than V2O3, the specific vanadium oxide phase specified in the task; while V2O3 and V2O5 share some mechanistic analogies in ZIB cathode literature, this is a material mismatch that could overstate direct applicability. No pool-ambiguity issues were found since all evidence records were supplied as 'merged' pool with unique ID-to-record correspondence in this packet. The claim C4 evidence set requires combining four different studies with none matching the full proposed process (vanadium precursor + CNT + PS beads + calcination) exactly, introducing some interpretive judgment in the partially_supported rating."
4,2,raw,generated,case_04__rep_02,Candidate C,0,0,5,uncertain,no,"The candidate presents an entirely citation-free response: no bracketed evidence identifiers appear anywhere in the text, and no abstract records were supplied for auditing. All five selected central claims are scientifically specific and consequential to the proposed mechanism (interfacial bonding, transport pathway design, particle-size effects on diffusion, phase control during annealing, and loading optimization), but none can be checked against any supplied source. Under Pass 2 rules, unverifiable does not mean false, so no claim is marked as contradicted or unsupported by content; however, the complete absence of citations means evidence_support and citation_traceability are at the floor (0), since no selected central claim has any usable supporting evidence record and there is no mapping from claims to records at all.","All five claims are unverifiable strictly due to absence of any cited or supplied evidence, not because of any assessed factual error. The consequential_unsupported_or_contradicted_claim flag is set to uncertain because while several claims (e.g., air annealing yielding V2O5, nanoscale diffusion path shortening) are plausible and consistent with general V-oxide electrochemistry, they remain unverified against any source, and it is unclear whether the grading intends 'unverifiable-but-plausible' claims to trigger this flag. No fabricated identifiers exist since no identifiers were used at all, so that flag is 'no' with high confidence."
4,2,ds,generated,case_04__rep_02,Candidate D,2,2,5,yes,uncertain,"The candidate synthesizes a hybrid recommendation drawing heavily on cited literature for individual sub-components (spray-drying with porogens, PAN cross-linking, N-doping benefits, V2O3 carbothermal reduction), and most of these sub-claims find at least partial support in the analogous LIB/ORR/Li-S literature. However, none of the fourteen cited records address zinc-ion batteries, Zn2+ transport, or aqueous electrolyte systems at all -- every abstract is drawn from Li-ion, Li-S, or ORR contexts. This is a material and consequential gap because the task explicitly concerns aqueous ZIB cathodes and Zn2+ transport, yet no evidence bridges the Li-ion/Zn-ion translation. Additionally, the specific combined single-step process (PMMA decomposition + PAN pyrolysis + carbothermal reduction to V2O3 in one step) is not demonstrated in any single cited work; it is a novel synthesis of concepts from separate papers, presented with more certainty than the evidence base supports. Citation identifiers were resolvable within the given pools (all bear pool A or B labels matching the candidate's attribution of statements to 'Scientist A' or 'Scientist B'), so mapping is generally traceable, though several numeric IDs (e.g., 13, 23, 78, 54) are reused across multiple sub-claims without always specifying which aspect of the source they support, introducing minor ambiguity.","The candidate consistently labels citations with 'Scientist A' or 'Scientist B' tags that align with the evidence pool labels (A or B) supplied, which resolves most pool-ambiguity concerns; I did not treat these as fabricated. However, some individual claims bundle multiple citations that only partially or tangentially support the specific mechanistic conjunction being claimed (e.g., single-step tri-functional pyrolysis), and I have marked those as unsupported rather than fabricated, since the identifiers do point to valid, retrievable records, just not to records that directly substantiate the compound claim. No record in the packet involves zinc-ion battery chemistry, which limits verifiability of the central task-relevant performance claims but does not itself indicate the claims are false."
4,2,eo,generated,case_04__rep_02,Candidate E,3,3,5,no,no,"The candidate explicitly and appropriately caveats that no direct study on V2O3/CNT microspheres for ZIBs was found, and instead builds an analogical argument from related vanadium oxide systems (V2O5, V6O13, VO2, Na-V-O, Ca-V-O, Mg-V-O) and general CNT/carbon composite architectures. Central claims about hierarchical porosity benefits (C1), cation pre-intercalation for interlayer stabilization (C2), and HfO2 ALD artificial SEI suppression of dissolution (C3) are all directly and specifically supported by the cited abstracts, matching mechanism and even quantitative details (e.g., 13.4 Å spacing, HfO2/ZVO retention numbers). Claims about CNT-anchoring preventing V2O3 detachment (C4) and the spray-drying/calcination route to V2O3 macrovoid microspheres (C5) are supported only by analogy across different vanadium oxide phases, particle geometries, and battery chemistries (many LIB-context sources), so these are marked partially supported rather than supported. No fabricated or clearly invalid identifiers were found; all cited numeric tokens map to supplied records. No consequential contradiction was identified; the extrapolative claims (C4, C5) are reasonable and flagged as such by the candidate's own qualifying language, so they are not treated as scientifically consequential errors, only as evidentiary gaps.","Multiple citation identifiers (e.g., ID 25, ID 40, ID 174, ID 554) are reused across different sub-claims (crystallinity, atmosphere control, and CNT anchoring), which somewhat dilutes precise claim-to-evidence mapping but does not create ambiguity between two identical numeric IDs from different pools since only one evidence pool ('merged') was supplied per token here. Several supporting records are for lithium-ion or non-ZIB systems (e.g., E-R02, E-R16, E-R18, E-R30, E-R31, E-R35, E-R36, E-R37), meaning the candidate is transferring findings across battery chemistries; this is reasonable for a design proposal but reduces the directness of support for ZIB-specific behavior. The scientific plausibility of these analogies is not evaluated here per Pass 2 scope; only evidentiary support/traceability was assessed."
4,3,eop,generated,case_04__rep_03,Candidate A,2,3,5,no,no,"The candidate cites a large number of specific numeric IDs, all of which map to real, topically relevant abstracts in the merged evidence pool, so citation identifiers are not fabricated. However, several central claims blend evidence from adjacent but not identical material systems: many cited studies concern V2O5, NVO, or general vanadium oxide/carbon composites in LIB, supercapacitor, or generic AZIB contexts rather than the specific proposed V2O3-on-CNT-microsphere architecture for aqueous ZIBs. This creates a pattern of partial support via analogy rather than direct verification of the core novel synthesis/mechanism claims (C2, C4). The pillar-ion stabilization (C3), general vanadium-oxide/Zn2+ interaction problem (C1), and amorphous-vs-crystalline diffusion claim (C5) are well and directly supported. No claim is contradicted. The core architectural claim about V2O3 specifically anchored on CNT microspheres benefiting from buffering/conductivity is the most consequential to feasibility, and it is only partially supported since no cited abstract addresses V2O3 (as opposed to V2O5/NVO) on a CNT/macrovoid microsphere scaffold in an aqueous Zn system; this is a genuine but not severe gap given the analogical reasoning is scientifically reasonable.","IDs 59 and 179 refer to the same underlying study (English and German language versions of the same paper), which is not fabrication but does mean citing both as if they were independent supporting sources is a minor overstatement of evidentiary breadth. Ambiguity in resolving exact evidence-to-claim mapping for compound multi-ID citations (e.g., claim C4 combining five IDs) makes the traceability judgment somewhat conservative, though each ID is individually resolvable to a specific real record here since only one pool ('merged') was supplied per token."
4,3,raw,generated,case_04__rep_03,Candidate B,0,0,5,uncertain,no,"The candidate presents a detailed multi-step synthesis proposal with several externally verifiable scientific and process claims (bond formation chemistry, phase control via annealing atmosphere, templating for macrovoids, hierarchical porosity transport mechanism, and spray-drying morphology control). However, no bracketed evidence identifiers were used anywhere in the text, and no abstract records were supplied for this candidate. As a result, none of the selected central claims can be matched to any evidence record; all are classified as unverifiable rather than unsupported or contradicted, since no citation attempt was made that could be judged as invalid or fabricated. Evidence support and citation traceability are both scored at the floor because there is no usable mapping from claims to evidence at all.","Because no citations were provided, it is impossible to distinguish between claims that are well-established in the field versus more novel or speculative assertions (e.g., the specific C-O-V covalent bonding claim). The consequential_unsupported_or_contradicted_claim flag is marked uncertain because some claims (e.g., annealing atmosphere controlling V2O3 vs V2O5 phase) are plausible and likely consistent with general vanadium oxide chemistry, but without any supplied evidence this cannot be confirmed or refuted within the scope of this audit, and Pass 2 rules prohibit treating unverifiable as proof of falsity or truth."
4,3,ds,generated,case_04__rep_03,Candidate C,3,4,5,no,no,"The candidate's central claims are drawn from a synthesized comparison of two sub-strategies (intrinsic material engineering vs. architectural engineering) and are each traceable to specific, uniquely identified evidence records within pool A (vanadium-oxide chemistry) or pool B (CNT microsphere architecture). Most claims are supported or partially supported: oxygen-vacancy kinetics enhancement (C1) and V2O5 capacity comparison (C5) are only partially supported because the cited evidence pertains to related but not identical material systems or electrochemical contexts (LIB vs. ZIB, generic VOx vs. specific V2O3). The architectural claims (C2, C3) and the pillar-ion claim (C4) are well supported by directly relevant abstracts, though drawn from non-V2O3 systems (SnO2, CoO, LiFePO4, NVP, NVO), meaning generalization to the V2O3/CNT system proposed remains an extrapolation rather than a directly demonstrated result. No fabricated or unresolvable identifiers were found; all cited numeric IDs matched to a single pool (A or B) with no cross-pool ambiguity, and the surrounding text differentiates attribution by scientist/strategy, aiding traceability.","Several central claims rely on analogical evidence from different electrode chemistries (SnO2, CoO, LiFePO4, NVP, generic VOx) rather than V2O3 specifically, which was judged as partial support rather than full support since the material system differs from the fixed task's V2O3 constraint. The claim regarding V2O3-δ formation via a modified calcination step (a proposed synthesis step, not itself a verifiable prior claim) was excluded from central-claim sampling because it is a novel proposed action rather than an externally verifiable claim; only the underlying kinetic benefit assertion (C1) was audited. No identifier collisions between pools A and B were observed among the cited tokens, so all evidence mappings were treated as attributable without guessing pool assignment."
4,3,eo,generated,case_04__rep_03,Candidate D,3,4,5,no,no,"The candidate cites a large number of specific numeric IDs, each mapped to a single merged-pool evidence record, so most citations are unambiguous. Central claims about hierarchical porosity, the NVO/CNT/rGO composite performance metrics, cation pillaring/interlayer engineering, and polymer/inert coatings to suppress dissolution are all directly and specifically supported by the corresponding abstracts, often down to numeric performance figures. The claim regarding V2O3 stability and V2O5-to-V2O3 conversion is only partially supported: while the underlying facts (V2O3 nanorod cycling stability, carbothermal reduction feasibility) are confirmed in the cited abstracts, these are demonstrated in Li-ion battery contexts rather than the aqueous Zn-ion system under discussion, so the candidate's extrapolation to the ZIB/V2O3-CNT system is not directly evidenced by the supplied abstracts. No fabricated identifiers were found, and no claim is contradicted by its cited evidence. Overall, evidence support is solid across most central claims but with one meaningful cross-domain extrapolation gap, warranting a 3. Traceability is high because virtually every citation maps to a specific merged-pool record without ambiguity, though a few multi-ID clusters (e.g., 6,7,194,428) require the reader to distribute support across records for a compound claim, slightly limiting a perfect score.","Because all evidence pools are labeled 'merged' with unique numeric identifiers mapped one-to-one to a single record, there is no ambiguity from duplicate ID pools in this packet. The main residual uncertainty is scientific: several claims (particularly C5) rely on Li-ion battery literature to support assertions intended for a Zn-ion aqueous system, which is a reasonable but unverified extrapolation not itself confirmed by any supplied abstract."
4,3,mpds,generated,case_04__rep_03,Candidate E,3,3,5,no,no,"The candidate synthesizes a hybrid strategy from two hypothetical scientists and cites specific IDs for each central claim. Most citations map to clearly valid, topic-relevant records (E-R01 through E-R05 directly address vanadium-oxide ZIB cathodes and support the pillaring, zero-strain, and oxygen-vacancy claims reasonably well, with E-R03 being an especially strong direct match for the 20,000-cycle zero-strain claim). However, the architectural claims (C4, C5) rely on analogies from Li-ion and Li-S battery systems (E-R06, E-R07, E-R08, E-R09) that are not for V2O3/ZIB systems, which the candidate text itself acknowledges as a weakness of Scientist B's argument ('relies heavily on analogies... speculative and adds significant complexity and risk'). This self-aware caveat prevents overstatement, but the cited evidence does not directly verify the core architectural feasibility claims for the specific ZIB CNT-macrovoid system. All numeric IDs are clearly resolvable to a single pool via distinct evidence records without ambiguity in this packet, so no fabrication or ambiguity flag is warranted. No central claim is contradicted; oxygen vacancy claim (C3) has a nuance (excessive vacancies degrade conductivity per E-R05) that is not fully reconciled by the candidate's generalization, which is noted as a partial support rather than a contradiction since the core claim (tuning vacancies improves performance) is validated within an optimal range.","C4 and C5 rely on cross-chemistry analogies (Li-ion/Li-S to aqueous ZIB) which are inherently harder to verify as directly transferable claims from the supplied abstracts; this is reflected in partial_supported ratings rather than unsupported, since the abstracts do support the general architectural/chemical-trapping principles even though the system differs. The oxygen-vacancy claim (C3) involves a subtlety in E-R05 (vacancy concentration must be optimized, not simply maximized) that slightly complicates a clean 'supported' rating a reasonable alternative auditor might read this either as supported or partially supported."
8,1,raw,legacy_replicate_1,case_08__rep_01,Candidate A,0,0,5,uncertain,no,"The candidate response contains no bracketed evidence identifiers and no abstract records were supplied, as explicitly noted in the packet. All five selected central claims—covering the three integration strategies (in-situ growth, electrostatic assembly, 3D framework) and the recommended mitigation/validation approach—are externally verifiable materials-science propositions that are essential to the mechanism and feasibility argument, but none can be checked against any supplied evidence. Because there is no evidence corpus at all to assess, evidence_support and citation_traceability are scored at the floor (0), consistent with the rubric definition of 0 as 'no selected central claim has usable supporting evidence' and 'no usable mapping from central claims to evidence records.' This reflects total absence of citation practice rather than a demonstrated scientific error.","All claims are marked unverifiable due to the complete absence of cited evidence records in this candidate response; this should not be interpreted as the claims being scientifically false. The 'consequential_unsupported_or_contradicted_claim' flag is marked uncertain rather than yes/no because while several claims (e.g., C1, C3) are central to the proposal's mechanism and lack any supporting evidence, the rubric specifies that unverifiable status alone does not equate to a contradicted or scientifically invalid claim, and Pass 2 should not independently adjudicate scientific correctness (reserved for Pass 1)."
8,1,ds,legacy_replicate_1,case_08__rep_01,Candidate B,2,3,5,uncertain,no,"Candidate B's central claims are grounded in real, traceable evidence records mapped one-to-one via distinct evidence pools (A for PBA/MOF-derived sulfide chemistry, B for GO/rGO and SIB anode performance), avoiding the pool-ambiguity problem noted in the module. The strongest, most load-bearing claim (C2, that one-pot hydrothermal sulfide/rGO synthesis yields excellent SIB anode performance) is well supported by three directly relevant abstracts. However, several claims central to the specific hybrid mechanism proposed (particularly C1's specific claim about hollow PBA-derived cubes retaining that morphology, and C4's claim about high-temperature thermal risks causing pore blocking) are only partially supported or entirely unverifiable from the supplied records; the cited MOF-derived sulfide papers describe nanoframes and porous nanoparticles rather than confirming the exact hollow-cube-via-hydrothermal-conversion mechanism central to the recommended hybrid strategy. No fabricated identifiers were found; all cited IDs map to real, distinct records without duplicate-pool ambiguity in this packet.","C4 (thermal shock/pore-blocking risk during high-temperature GO/PBA sulfurization) is asserted without any citation and could not be checked against any supplied record, leaving the mechanistic risk argument for rejecting Scientist A's approach unverified. This is consequential because it partly justifies the hybrid recommendation, but since 'unverifiable' does not equal 'false' per the module rules, I mark the flag as uncertain rather than yes. C1 and C3 also involve extrapolation from evidence about non-PBA-cube systems (nanoframes, nanoplates, flakes) to infer general morphology behavior, which is a reasonable but imperfect proxy for the specific hollow-cube-in-hydrothermal-bath claim central to the proposal."
8,1,eo,legacy_replicate_1,case_08__rep_01,Candidate C,3,3,5,no,no,"The candidate's central claims are built from a reasonably coherent chain of literature-analogous systems: PBA-to-sulfide conversion methods (well supported directly), hollow-structure volume buffering (well supported by review/analog literature), and rGO integration strategies for sulfide-based SIB anodes (supported for the general synthesis and performance benefits of sulfide/rGO composites, though none of the SIB-specific abstracts involve a PBA-derived precursor specifically, making the core novel linkage between PBA-hollow-cubes and rGO-integration an extrapolation rather than a directly evidenced claim). The 3D network/spacer strategies are supported only by analogy to unrelated applications (microwave absorbers, supercapacitors, Li-ion CoO), which weakens direct traceability for the SIB-specific electrolyte-access claim. No fabricated identifiers were found; every cited ID number maps to a supplied record, and multiple candidate IDs (1/2) refer to duplicate near-identical publications (likely a translation duplicate), which is not a red flag but reduces to a single verifiable source. Overall, evidence support is moderate: some central claims are directly supported, but the two central architectural/design assertions specific to the PBA-hollow-cube + rGO system are extrapolated from adjacent literature rather than directly evidenced.","C-R01 and C-R02 appear to be duplicate entries for the same paper (English and German DOI variants), so ID:1 and ID:2 do not add independent support beyond a single source. Several 'ID' citations (476, 619, 211, 580) refer to systems unrelated to hollow sulfide/rGO SIB anodes (microwave absorbers, supercapacitors, Li-ion oxide anodes), so their relevance is analogical rather than direct; I labeled these partially_supported rather than unsupported because the underlying physical/electrochemical principle (3D porous rGO networks, spacer effects) is transferable in a general materials-science sense, but a stricter reviewer might judge some of these as unsupported for the specific SIB sulfide-nanocube claim."
8,1,mpds,legacy_replicate_1,case_08__rep_01,Candidate D,1,2,5,no,no,"The candidate cites seven distinct evidence records, all of which are valid and traceable to specific IDs mentioned in the text (54, 125, 27, 41, 256, 45, 203), with no ambiguous dual-pool identifiers requiring resolution since each numeric ID maps to a single unique record in the supplied set. However, upon reviewing the actual content of each cited abstract against the specific mechanistic claims made in the memo, none of the central claims are directly and specifically supported. Most citations serve as generic or analogous background support (e.g., general reviews on hollow chalcogenides, generic GO/rGO reduction and dispersibility chemistry, an unrelated TiO2/rGO chemically-bonded hybrid, and general rGO annealing/conductivity papers) rather than direct verification of the specific claims about sulfide nanocube behavior, sulfidation-induced GO reduction, or solvothermal chemical bonding in this particular sulfide/rGO system. The core comparative/decision claim -- that aqueous sulfidation will destabilize GO dispersions -- is supported only by generic aqueous GO chemistry papers, not by any evidence specifically involving sulfide precursors reacting with GO. Similarly, the annealing and bonding claims are supported by analogous but materially different systems (TiO2/rGO instead of metal sulfide/rGO). No citations are fabricated or unresolvable pool ambiguities, so citation traceability is not at the lowest end, but no claim reaches full/direct support, limiting evidence support to a low score.","It is unclear whether any evidence records exist for the specific claim regarding sulfide precursor-driven reduction of GO (a more specific and consequential claim), since only generic aqueous GO/rGO chemistry is available; this could reflect a genuine reference availability gap rather than an unsupported claim per se. Additionally, the macroporous scaffold transport claim (C5) is asserted without any citation, so it is marked unverifiable rather than unsupported since no evidence record was provided for it at all."
8,1,eop,legacy_replicate_1,case_08__rep_01,Candidate E,3,3,5,no,no,"The candidate builds a plausible synthesis strategy supported by a chain of analogical citations. Most citations are for adjacent or generic systems (supercapacitor composites, oxide/rGO composites, other MOF-to-sulfide conversions) rather than exact PBA-derived hollow sulfide/rGO Na-ion systems, so many claims are only partially supported by direct analogy rather than fully matching evidence. However, no citation is fabricated or clearly invalid; all cited IDs correspond to real, retrievable, topically relevant records. The strongest, most directly relevant support is for the gaseous MOF-to-sulfide sulfurization claim (E-R04) and the PBA-to-nanoframe templated conversion claim (E-R10/E-R11), while the rGO-restacking-prevention and self-assembly claims rely on non-sulfide analog systems, and the volume-buffering/cycling-stability claim is well supported by multiple relevant hollow-structure/rGO composite studies (mostly Na-ion, one Li-ion). No claim is contradicted by the evidence.","Claim C1's citation (E-R01) is a mesoporous carbon spacer system, not sulfide/rGO, so its applicability to the specific mechanism proposed is an extrapolation rather than direct evidence. Claim C4 partly relies on E-R06 which is a Li-ion (not Na-ion) study; this is a minor domain mismatch but does not contradict the underlying volume-buffering mechanism claim. E-R10 and E-R11 appear to be the same paper (English/German versions), so their combined citation does not add independent support beyond a single source."
8,2,ds,generated,case_08__rep_02,Candidate A,3,4,5,no,no,"The candidate cites two clearly separated evidence pools (A for Scientist A's PBA-template claims, B for Scientist B's one-pot claims), and the surrounding text consistently attributes each numeric ID to the correct scientist/pool, resolving the ambiguity that would otherwise arise from shared numeric tokens across pools. Central claims about PBA-to-sulfide conversion (nanoframes, porous CoS2) are well supported by directly relevant abstracts, though these source studies are electrocatalysis-focused rather than SIB-specific, which is a minor omission not fully acknowledged in the text. Central claims about one-pot hydrothermal sulfide/rGO composites achieving strong SIB anode performance are strongly and specifically supported by three closely matching abstracts. The claims about in-situ growth achieving PBA-template-like benefits (hollow structures, restacking prevention) are only partially supported since the single cited abstract (A-R08) does not explicitly discuss restacking prevention, representing a moderate but non-fatal overreach.","No claim was found to be unsupported, contradicted, or based on invalid identifiers; all cited IDs map to real, distinct records in the appropriately labeled pool. The main residual uncertainty is around the compound assertions in claims C4/C5, where the cited abstract only partially covers the full set of asserted mechanistic benefits (hollow structure formation is supported, restacking prevention is not explicitly evidenced)."
8,2,eo,generated,case_08__rep_02,Candidate B,0,0,1,no,no,placeholder,placeholder
8,2,mpds,generated,case_08__rep_02,Candidate C,0,0,1,no,no,placeholder,placeholder
8,2,eop,generated,case_08__rep_02,Candidate D,3,3,5,no,no,"Candidate D cites a substantial number of records that are all resolvable to single, relevant abstracts (merged pool, no numeric-ID ambiguity issues noted in the supplied records). The core in-situ growth strategy (C1) and CoO/rGO structural analogy (C5) are well and directly supported by their cited abstracts. However, several central mechanistic claims are only partially supported: the anti-restacking/spacer mechanism (C3) relies on an analogous but chemically distinct supercapacitor system (mesoporous carbon spheres in D-R04) rather than direct evidence for sulfide-rGO systems; the PBA-to-GO-integrated-sulfide route (C4) is supported for the PBA→sulfide conversion chemistry itself (D-R05/06/07) but not for the graphene-integration step central to the proposed process, which is asserted without direct evidentiary support. The MnS/RGO citation (C2) supports the general RGO buffering mechanism but the sodium-specific performance data cited is modest relative to the strength of claim. No fabricated or duplicate-ambiguous IDs were found; all cited numeric tokens map to a single provided record each. Overall, evidence support is moderate (most claims have at least partial grounding, with the most decision-critical claim about GO+PBA integrated sulfidation not directly evidenced), and citation traceability is good since every citation resolves unambiguously to a real, topically relevant record, though not all fully substantiate the specific composite mechanism claimed.","D-R05 and D-R06 are the same study (English and German language versions of the same paper), so treating [ID:1] and [ID:2] as independent corroborating sources for C4 is somewhat redundant, though not fabricated. The strength of support for the GO-integration aspect of C4 and the generalizability of the spacer mechanism in C3 remain uncertain given the analogical (not directly matching-system) nature of the cited evidence."
8,2,raw,generated,case_08__rep_02,Candidate E,0,0,5,uncertain,no,"The candidate response contains no bracketed evidence identifiers or citations whatsoever, and correspondingly no abstract records were supplied for this packet. All central claims selected (mechanisms of electrostatic self-assembly control of GO coverage, CNT-based 3D network formation, covalent interfacial bonding via in-situ sulfidation, nitrogen-doping effects on sulfide nucleation, and Kirkendall-effect-driven hollow structure formation) are plausible and consistent with general materials science reasoning, but none can be verified against any supplied evidence record. Because there is no citation apparatus at all, evidence_support and citation_traceability are both scored at the floor (0), consistent with the rubric's definition of 0 for no usable mapping from central claims to evidence and no selected claim having usable supporting evidence. This is a traceability failure rather than a demonstration of scientific falsehood; the 'unverifiable' status for each claim is applied strictly as a support-status label and not as a judgment of implausibility.","All five claims are marked unverifiable strictly due to the complete absence of cited evidence identifiers and corresponding abstract records in this packet, not because the claims are judged scientifically incorrect. The 'consequential_unsupported_or_contradicted_claim' flag is marked uncertain because several of the claims (e.g., in-situ covalent bonding formation, N-doping nucleation effects) are fairly specific and consequential to the proposed mechanism's validity, yet cannot be confirmed or denied without any supplied evidence; this represents a traceability gap rather than a known contradiction. The fabricated_or_invalid_citation_identifier flag is 'no' because the candidate does not cite any identifiers at all, so there is no fabricated or invalid ID to detect—simply a total absence of citation practice."
8,3,eo,generated,case_08__rep_03,Candidate A,3,4,5,no,no,"The candidate response draws on a reasonably large and mostly well-matched evidence base. Central claims about hydrothermal/solvothermal synthesis routes for sulfide-rGO composites, sulfidation of PBA templates via gaseous sulfurization or anion exchange, and rGO's buffering role against volume expansion are all directly and specifically supported by the cited abstracts, with clear alignment between claim content and source material. The weakest link is the extrapolation of the generic anti-restacking spacer mechanism (demonstrated for mesoporous carbon spheres in supercapacitors) to the specific PBA-derived sulfide nanocube system for sodium-ion batteries; this is an analogical inference the candidate itself flags as requiring experimental validation, and the cited evidence only partially supports the general principle rather than the extrapolated specific claim. Other citations used for background architectural design points (rGO self-assembly via divalent ions, melamine-resin restacking inhibition, CoO/rGO composites, and hydrothermal reduction control) were not selected as central claims since they are supplementary rather than mechanism-critical, but they do map cleanly to their respective evidence records without any misattribution. No numeric ID ambiguity was found among the cited records; each token maps to a single provided record (ID:1 and ID:2 are duplicate records of the same paper, appropriately treated together). No fabricated or invalid identifiers were observed.","Some citations (e.g., ID: 15 for CoS2, ID: 1/2 for NiS) come from electrocatalysis/water-splitting or supercapacitor literature rather than sodium-ion battery studies; while the structural/synthesis claims themselves are supported, applicability to the specific SIB anode context is an inference by the candidate not directly verified by these abstracts. This does not make the core synthesis/structural claims false, but represents an area of partial extrapolation beyond the literal scope of the cited evidence, most notably for claim C5 in the spacer/architecture context."
8,3,mpds,generated,case_08__rep_03,Candidate B,2,3,5,no,no,"The candidate's memo synthesizes two proposed synthesis strategies and lands on a hybrid protocol, citing seven distinct evidence records across two labeled pools. All cited numeric IDs correspond to supplied records without ambiguity, since each ID is either uniquely present in one pool or its pool is explicitly given as A or B in the packet. The most decisive scientific claim in the memo -- that Na-ion capacity in rGO plummets above 500°C annealing -- is directly and specifically supported by B-R05, and this is used correctly as the pivotal rationale for the final protocol choice (avoiding high-temperature routes). The claim about hollow chalcogenide confinement benefiting energy storage is also well supported by a directly relevant review (B-R02). However, several other claims are only partially supported: the PBA-to-sulfide gaseous sulfurization templating claim is evidenced by a cobalt sulfide/water-splitting paper rather than a sodium-ion battery paper, and the functional-group-mediated chemical anchoring claim for the sulfide-rGO interface is supported only indirectly by papers on GO dispersibility and supercapacitor pseudocapacitance, not particle-scaffold bonding. The hydrothermal scaffold claims are supported by two papers that address structural evolution and restacking inhibition of rGO but not specifically via hydrothermal self-assembly or its effect on Na-ion capacity. Overall citation-to-claim mapping is mostly traceable and unambiguous (no pool conflicts), but the depth of match between many citations and the precise claims made is limited, with adjacent or partial evidentiary support rather than direct confirmation for several central mechanistic assertions.","No flags of fabricated/invalid identifiers were raised since each cited ID maps cleanly to a supplied record in the stated pool with no dual-pool ambiguity noted in the packet. The consequential-claim flag was set to 'no' because the single most consequential and decisively-used claim (Na capacity decline above 500°C) is well supported by its cited record; the other claims, while only partially supported, are used as background/context rather than sole load-bearing justifications for the final protocol, so no single unsupported/contradicted claim appears consequential enough to flag as 'yes' or 'uncertain'."
8,3,eop,generated,case_08__rep_03,Candidate C,2,2,5,no,no,"The candidate cites a large, generally relevant evidence pool. Central mechanistic claims (PBA-to-sulfide anion exchange, rGO restacking prevention via spacer particles, sulfide/rGO composites as Na-ion anodes with volume buffering) are each supported by at least one directly relevant abstract, but many cited papers are drawn from adjacent systems (supercapacitors, Li-ion anodes, different metal chalcogenides, MOF/rGO composites) rather than the specific PBA-derived hollow-sulfide-nanocube/rGO Na-ion system under discussion. This produces a pattern of partial support: the general electrochemical/materials principles are well evidenced, but claims are frequently extended by analogy beyond what the cited abstracts directly establish. No fabricated or clearly invalid identifiers were found; all cited IDs resolved to real, topically plausible (if sometimes tangential) abstracts. Duplicate records for ID 1/2 (same paper, two DOIs) do not create traceability ambiguity since both point to the same finding.","Some records (e.g., C-R01, C-R02, C-R12) are for supercapacitor or Li-ion battery systems rather than Na-ion battery anodes, so their relevance to the specific sodium-ion transport claims is inferential rather than direct. No pool-ambiguity issues were found since each cited numeric ID had exactly one associated record in this packet; however, this does not guarantee no ambiguity existed in a fuller unseen evidence pool. The overall claim decomposition required grouping several closely related IDs cited together in the same sentence, which involves some judgment about which specific proposition each ID supports."
8,3,raw,generated,case_08__rep_03,Candidate D,0,0,5,uncertain,no,"The candidate provides a detailed, internally coherent set of mechanistic and procedural claims regarding PBA-derived sulfide/rGO composite integration, but it contains no bracketed evidence identifiers and no abstract records were supplied for audit. All central claims selected are externally verifiable in principle (e.g., PBA carbonization behavior, CNT spacer effects, electrostatic self-assembly, spray pyrolysis morphology control, GO loading optimization) but none can be checked against any cited source because no citations exist. This yields uniform 'unverifiable' status across all selected claims, not because they are false, but because no evidence linkage was provided.","No evidence identifiers were present in the candidate text, so citation traceability and evidence support are scored at the floor per the rubric's treatment of absent citations. The 'consequential_unsupported_or_contradicted_claim' flag is marked uncertain because several claims (e.g., carbon adhesion layer formation, structural preservation during spray pyrolysis/sulfidation) are central to feasibility and remain entirely unverified, though not contradicted by any available record."
8,3,ds,generated,case_08__rep_03,Candidate E,3,3,5,no,uncertain,"The candidate's central claims are largely mechanistic syntheses of two competing strategies (pre-formed morphology-focused vs. in-situ interface-focused) as reported by two hypothetical scientists, then reconciled into a hybrid recommendation. Most cited claims map to evidence records that plausibly support the general scientific propositions (PBA-to-sulfide conversion producing porous/hollow structures; one-pot sulfide/rGO synthesis yielding good SIB performance; in-situ hollow structure formation without templating). However, one citation (ID:173, E-R06) is about CeO2 nanoparticles on RGO for hydrazine electrooxidation, entirely unrelated to sodium-ion sulfide anodes, suggesting either a mismatched attribution or an erroneous/fabricated pairing with the claim it is meant to support. This weakens the traceability and partial support for C3. Additionally, no candidate claim is directly about the specific hybrid 'PBA@GO anchored template conversion' novel proposal itself (which is unverifiable, as it is the candidate's own synthesized recommendation, not a claim attributable to an existing abstract), but this was reasonably excluded from central-claim selection since it is not an externally verifiable prior finding.","E-R06 (ID:173) is thematically unrelated to the sodium-ion/sulfide/rGO composite topic, raising the question of whether this is a genuine but poorly chosen citation or a case of an incorrect/fabricated identifier substituted for a more relevant source; flagged as uncertain rather than definitively fabricated since a valid record was in fact supplied for the token. The hybrid 'Anchored Template Conversion' strategy proposed by the Director is the candidate's own synthesis and not treated as a separately cited central claim requiring evidence, per module guidance not to select claims that are the candidate's own recommendations rather than externally verifiable propositions from cited literature. C2's application domain (electrocatalysis vs. sodium battery) is noted as an adjacency but was still deemed 'supported' for the narrower, explicitly stated technical proposition about pore formation via sulfurization, not the broader battery-performance implication."
15,1,mpds,legacy_replicate_1,case_15__rep_01,Candidate A,3,2,5,no,uncertain,"The candidate memo synthesizes two argument threads (all-carbon vs. hybrid catalytic host) and selects the all-carbon approach as primary. Central claims about all-carbon Li-Se performance (cycle life, loading, N-doping benefits) are generally well supported by the Li-Se-specific abstracts provided (A-R01 through A-R07, A-R05a). However, the memo's honest acknowledgment that Scientist B's hybrid catalytic mechanism is extrapolated from Li-S literature is corroborated by the evidence: all cited Scientist B records (A-R08 through A-R13, A-R05b) are drawn from Li-S rather than Li-Se studies, so those claims about polyselenide catalysis are only indirectly relevant to the Li-Se system and are appropriately treated as unsupported for the actual selenium system, not misrepresented as being selenium-specific. The reasoning trail is generally traceable, and the recommendation logic (favoring proven Li-Se data over speculative Li-S analogy) is consistent with the evidence records supplied.","ID 15 appears in both pool A (MOF-derived N-doped carbon, Li-Se) and pool B (TiC polar mediator, Li-S), used by Scientist A and Scistist B respectively for different purposes; the surrounding context in each case (N-doping discussion vs. catalytic mediator discussion) makes attribution reasonably clear, but strictly a bare numeric ID 15 is ambiguous without pool markers, which lowers traceability confidence. This dual-use of the same numeric ID across two unrelated evidence pools is the primary source of the 'uncertain' fabricated/invalid identifier flag, since it is unclear whether the numbering scheme was intentionally reused or is a labeling inconsistency in the underlying evidence set rather than the candidate's citation error."
15,1,eop,legacy_replicate_1,case_15__rep_01,Candidate B,2,1,5,yes,yes,"Candidate B presents a scientifically plausible mechanistic narrative for Se hosting in bimodal porous carbon nanofibers, but the citation-to-claim mapping is severely compromised. Multiple cited identifiers correspond to abstracts entirely unrelated to the claims they are meant to support (e.g., ID:96 on e-waste metal extraction, ID:392 on quantum entanglement in diatomic molecules, ID:334 on SnSe thin films, ID:541 on LiBH4 nanoconfinement, ID:524 on hydrogen storage in MOFs). Even citations that are topically closer (e.g., ID:515 on TiC@graphene for Li-S, ID:502 on N-doped carbon bowls for Li-S, ID:11 on Se-carbon nanofibers) do not directly substantiate the specific quantitative or mechanistic assertions made (e.g., 0.4-0.55 nm pore size for Se, 70% volume expansion, 50-60 wt% loading, Lewis basic site chemistry). The pervasive citation of clearly off-topic sources (energy waste recycling, quantum entanglement, SnSe photodeposition) strongly suggests either citation fabrication, mismatched retrieval, or careless sourcing rather than genuine evidentiary support, which is a serious traceability failure given how many central claims rely on these identifiers.","It is possible some of these citations were retrieved via an automated or noisy pipeline and are not intentionally fabricated, but from the audit perspective the effect is the same: none of the abstracts substantively support the specific central claims made, and several are unambiguously irrelevant subject matter (metallurgy, quantum chemistry, hydrogen storage), raising genuine concern about identifier validity/attribution rather than mere topical mismatch. No genuine ambiguity in numeric ID pool (only one merged pool supplied), so traceability failures stem from irrelevance rather than pool-ambiguity."
15,1,raw,legacy_replicate_1,case_15__rep_01,Candidate C,0,0,5,uncertain,no,"The candidate provides no bracketed evidence identifiers and no abstract records were supplied, so every central mechanistic and feasibility claim (MOF/PAN electrospinning outcome, ZIF-8 loading trade-off, carbonization temperature trade-off, melt-infusion loading behavior, and XRD-based confinement diagnostic) is unverifiable against the evidence base provided in this packet. Because there is no citation apparatus at all, evidence support and citation traceability are both scored at the floor (0), reflecting a complete absence of usable mapping from claims to evidence records, per Pass 2 rules for no-citation answers. This is a traceability/evidence-support finding only; it does not indicate the claims are scientifically incorrect, which is outside Pass 2 scope.","All five claims are plausible and consistent with common Li-Se/MOF-carbon literature framing, but since no evidence records were supplied for this candidate, none can be scored above 'unverifiable' under Pass 2 rules. The 'consequential_unsupported_or_contradicted_claim' flag is marked uncertain because while no claim is contradicted, several claims (especially C1, C3, C4) are consequential to feasibility/mechanism and remain entirely unverified in this evidence-only audit; this reflects total absence of citations rather than confirmed error."
15,1,ds,legacy_replicate_1,case_15__rep_01,Candidate D,1,1,5,yes,yes,"The candidate's answer is a synthesis of a debate rather than an original evidentiary argument, but it still makes several central, externally verifiable claims about architecture (MOF/PAN electrospinning), confinement mechanism (C-Se covalent bonding, N-doping chemisorption), and material comparison (MXene efficacy, absence of MXene in Se literature) that are essential to the proposed strategy's feasibility and mechanism. Of the five sampled central claims, none are cleanly supported by the specific cited records available in this packet: several citations point to abstracts on unrelated systems (Li-O2, Li-S with ketjen black or hollow carbon bowls, ORR catalysis, hydrogen storage, shale gas), one numeric ID is inherently ambiguous across two very different evidence pools without textual disambiguation, and one citation ('[ID: 1-500]') is not a resolvable, discrete identifier at all, effectively functioning as an unfalsifiable appeal to an entire uncited corpus. Only D-R07a, if it is the intended target of ID:15, would provide strong direct support for the N-doped MOF-derived carbon confinement claim, but the ambiguity prevents crediting this under the module's rules against guessing. Overall, evidence support and traceability are low because most cited abstracts do not substantiate the specific mechanistic or architectural claims for which they are cited.","Flag 'consequential_unsupported_or_contradicted_claim' is set to yes because the core architectural (C2) and confinement-mechanism (C3) claims underpinning the recommended strategy are not supported by their cited evidence, and these claims are consequential to the proposal's feasibility. Flag 'fabricated_or_invalid_citation_identifier' is set to yes because '[ID: 1-500]' is not a valid discrete identifier and cannot be resolved to a specific abstract; it functions as a blanket, unverifiable reference to an entire dataset. The ambiguity of ID:15 (appearing in both pool A as a highly relevant Li-Se MOF-derived carbon paper and pool B as an unrelated Li-S TiC paper) was treated as unverifiable per the module's rule against guessing when a bare numeric ID could belong to either pool without textual disambiguation."
15,1,eo,legacy_replicate_1,case_15__rep_01,Candidate E,2,2,5,yes,uncertain,"The candidate makes several central mechanistic claims about MOF-derived bimodal porous carbon nanofibers for Se confinement, mesopore transport, and N-doping chemistry, but the majority of cited evidence records do not match the specific claims being made. Numerous citations (e.g., ID 199, 334, 541, 139, 60, 22, 524) point to abstracts entirely unrelated to Li-Se battery chemistry (dialysis medicine, SnSe photoelectrochemistry, LiBH4 NMR, QLED displays, hydrogen storage, photocorrosion of selenide nanocrystals), suggesting either citation-ID confusion, mismatched evidence pool assignment, or fabricated/misattributed identifiers. Some citations are relevant and reasonably support general themes (e.g., ID 11 for Se-loaded porous carbon nanofiber webs, ID 38 for Se confined in micropores changing reaction pathway, ID 508/511 for N-doped carbon Li-S), but the specific claims as stated (particular pore sizes, ZIF-8-specific carbonization products, bimodal pore reservoir function, direct solid-state Se-to-Li2Se transformation) are not directly supported by the abstracts provided. The heavy reliance on repeatedly citing ID 515 (a TiC@graphene Li-S paper) for many disparate claims (micropore confinement, mesopore transport, N-doping, bimodal architecture) without abstract support for those specific propositions is a notable pattern of overreach. Overall, evidence support is weak to partial for most central claims, and citation traceability is compromised by irrelevant/mismatched records under shared numeric IDs.","Because this is a merged evidence pool with no bifurcation indicated per ID, I cannot rule out that some records are simply mismatched due to ID collision across the entire literature corpus (e.g., ID 199, 334, 139, 60, 22, 524, 541 seem to be from unrelated domains, possibly a numeric ID collision rather than intentional fabrication). I treated these as unsupported/partially supported since the abstracts are present but do not corroborate the stated central claims, rather than fabricated citations outright, hence marking the fabrication flag as uncertain rather than yes. The claim regarding direct solid-state Se-to-Li2Se transformation is scientifically plausible (well known in Li-Se micropore literature, e.g., corresponds better to ID 38 which is cited elsewhere for a similar point) but the specific citations given for that instance (199, 334, 538, 541) do not verify it from the supplied abstracts."
15,2,eop,generated,case_15__rep_02,Candidate A,3,3,5,no,no,"Candidate A builds a coherent, mechanistically layered argument (micropore confinement -> N-doped chemical anchoring -> mesopore buffering/ion transport -> nanofiber percolation) and cites specific numeric IDs for nearly every sub-claim. The core claims about MOF/ZIF-derived N-doped bimodal carbon hosting Se (C1, C5) are well and directly supported by the single most relevant source (ID:15, A-R03) and companion Se-specific papers (ID:9, 41, 38, 2, 4, 86). However, several supporting citations for secondary mechanistic details (chemical anchoring DFT rationale, mesopore buffering magnitude, nanofiber percolation at high loading) are drawn from analogous but non-Se (sulfur) cathode literature (ID:511, 596, 561, 502, 518), which the candidate transparently flags as 'analogous to the sulfur system' in one instance but not consistently. This creates partial-support outcomes for C2, C3, and C4 because the cited abstracts support the general principle in a related chemistry (S-doped/S-hosted) rather than the specific Se system claimed. No fabricated identifiers were found; all cited IDs map to supplied records. No claim is contradicted, but the reliance on sulfur-analogue evidence for several load-bearing mechanistic assertions in a Se-specific claim is a material gap.","All numeric IDs mapped uniquely to single supplied merged-pool records with no duplicate-ID ambiguity flagged in the packet. The scientific soundness of extrapolating sulfur-system DFT/adsorption findings (ID:511, 596) or sulfur-cathode pore-engineering data (ID:561, 502, 518) to the Se system is plausible by analogy but not the same experimental system, which is why several claims were downgraded to partially_supported rather than supported or unsupported. No claims were judged unverifiable since all central claims had at least one directly cited, retrievable record."
15,2,raw,generated,case_15__rep_02,Candidate B,0,0,5,uncertain,no,"The candidate presents no bracketed evidence identifiers and no abstract records were supplied, as explicitly noted in the packet. All central claims essential to the mechanism (micropore confinement via ZIF-8/N-doping, mesopore transport tradeoffs, carbonization temperature effects on pore evolution, and structural integration of ZIF-derived carbon within PAN fibers) are asserted purely from general reasoning without any citation to externally verifiable sources. Since no evidence records exist to check against, every claim is classified as unverifiable rather than contradicted or supported. This is not evidence of scientific falsity, but it means the traceability and evidence support dimensions score at the floor since there is no usable mapping from claims to evidence at all.","All five claims are unverifiable due to complete absence of cited evidence identifiers or supplied abstracts, per the packet's explicit statement. The 'consequential_unsupported_or_contradicted_claim' flag is marked uncertain because while several claims (e.g., C1, C4, C5) are consequential to feasibility and mechanism, they are unverifiable rather than clearly unsupported or contradicted in a way that would indicate factual error; the module specifies unverifiable does not equal false, so a definitive 'yes' is not warranted, but the complete lack of any evidentiary backing for consequential mechanistic claims warrants flagging as uncertain rather than a clean 'no'. No fabricated or invalid citation identifiers exist because no identifiers were used at all."
15,2,ds,generated,case_15__rep_02,Candidate C,0,0,5,uncertain,uncertain,"The candidate text cites numerous bracketed identifiers (e.g., 'Scientist A ID: 15', 'Scientist B ID: 40') attributed to two distinct debate participants, but the packet explicitly states that no bracketed evidence identifiers were present and no abstract records are supplied. This creates a total disconnect between the claims made (which are central to the mechanism comparison between all-carbon confinement and polar-mediator hybrid hosts) and any verifiable evidence base. Every central claim I selected is central to feasibility/mechanism (physical/chemical confinement, catalytic kinetics, comparative anchoring strength) but none can be checked against a supplied record, yielding uniform 'unverifiable' status. Because no evidence is usable at all, evidence_support and citation_traceability are scored at the floor (0).","The instructions state 'no abstract records were supplied' for this candidate, which is unusual given the dense in-text identifiers. It is unclear whether this reflects a packet-construction artifact or an intentional test of unverifiable-heavy citation practice. I have treated all cited claims as unverifiable rather than assuming fabrication, per module guidance not to guess or treat unverifiable as proof of falsity. The 'fabricated_or_invalid_citation_identifier' flag is marked uncertain because I cannot confirm whether the IDs correspond to any real records in a pool I simply wasn't shown, or whether they are unresolvable/invalid identifiers; the packet gives no evidence pool to check against. Similarly 'consequential_unsupported_or_contradicted_claim' is uncertain because the central mechanistic claims (physical/chemical confinement, catalytic effects) are consequential to the proposal's validity, but I cannot confirm they are unsupported by external science generally, only that they are unverifiable given the supplied evidence set."
15,2,eo,generated,case_15__rep_02,Candidate D,4,4,5,no,no,"Candidate D cites a large, mostly well-matched set of evidence records that closely track its central claims. Core claims about bimodal pore architecture, micropore confinement mechanisms, N-doping's conductivity and adsorption benefits, and CNF-based structural design are each backed by directly relevant abstracts, several of which describe the exact selenium systems being proposed (D-R02, D-R13, D-R14). Some claims rely on cross-referencing sulfur analogues (D-R03, D-R04, D-R10-D-R12) to support selenium-specific mechanistic assertions, which the candidate explicitly flags as analogy rather than direct evidence, slightly weakening but not invalidating support. All cited numeric IDs map cleanly to single merged-pool records with no evidence of ambiguity or fabrication. The candidate is also transparent about a gap in direct evidence for the specific MOF-derived carbon-on-nanofiber synthesis route, which is not overstated as proven.","For C2 and C3, the extrapolation from sulfur-system evidence to selenium-specific claims is scientifically reasonable given known S/Se chemical similarity, but the abstracts are not selenium-specific, so these are marked partially_supported/supported with appropriate caveats. No claim was found to be unsupported, contradicted, or based on a fabricated/ambiguous identifier."
15,2,mpds,generated,case_15__rep_02,Candidate E,2,2,5,no,uncertain,"The candidate builds its central recommendation on two evidentiary pillars: (1) MOF-derived N-doped carbon sponges as a proven Li-Se host, well supported directly by E-R03a (ID 15, pool A); and (2) TiC as a conductive polar catalytic mediator, well supported by Li-S evidence in E-R03b/E-R06 (both titled 'Enhanced Electrochemical Kinetics on Conductive Polar Mediators', pool B, ID 45 unambiguous, but also cited via the ambiguous ID 15). The reuse of the numeric identifier '15' for two entirely different records in different evidence pools (a Li-Se MOF-carbon paper in pool A and a Li-S TiC mediator paper in pool B) creates unresolved ambiguity every time ID 15 is invoked for Scientist B's claims, even though authorial attribution (Scientist A vs B) provides some soft disambiguation. This is a structural, non-trivial ambiguity affecting a central claim (TiC catalysis), reducing traceability. Additional claims about N,S co-doped carbon (ID 23) and MnO2-analogous redox mediation (ID 72) are supported only for Li-S systems, not Li-Se, so extrapolation to selenium chemistry remains scientifically plausible but evidentially unverified for the target system. No claim is contradicted by the supplied abstracts, and all cited numeric tokens do resolve to real, relevant records in at least one pool, so citations are not fabricated, but the recurring ID-15 ambiguity is a legitimate concern for the invalid-identifier flag.","Primary uncertainty concerns the dual use of token [ID: 15] across pools A and B for different underlying records; the candidate's authorial framing (Scientist A/B) offers partial disambiguation but is not a clean pool identifier per the stated ambiguity rule, so claims C2 and C3/C5 relying on ID 15 alone are affected. E-R03b and E-R06 appear to be near-duplicate publications (German vs. English DOI) of the same TiC mediator study, which does not affect scientific content but is worth noting for identifier hygiene. The extrapolation of Li-S mediator/catalysis findings to Li-Se systems is explicitly flagged by the candidate itself as an unproven hypothesis, which is scientifically honest but leaves those central claims unverifiable for the actual target chemistry."
15,3,raw,generated,case_15__rep_03,Candidate A,0,0,5,uncertain,no,"The candidate presents a coherent, mechanistically detailed proposal for a bimodally porous, N-doped, ZIF-derived carbon nanofiber Se host, but it contains no bracketed evidence identifiers whatsoever, and the packet explicitly states no abstract records are supplied. All five selected central claims -- ZIF-8-derived micropore confinement/N-doping chemistry, bimodal pore transport/buffering, CNF-based electronic percolation via in-situ ZIF growth, and the two-step melt-infusion mechanism -- are externally verifiable materials-science propositions that could in principle be checked against literature, but none can be verified against the supplied evidence base because no evidence was cited or provided. This yields uniformly 'unverifiable' status across all claims, not because the claims are wrong, but because there is nothing to audit them against.","All claims are marked unverifiable strictly due to absence of any cited or supplied evidence records, per module instructions that unverifiable does not imply falsity. The 'consequential_unsupported_or_contradicted_claim' flag is set to uncertain because several claims (e.g., mechanism of Se ring breaking, N-doping affinity) are consequential to feasibility/mechanism, but with zero evidence supplied it is not possible to determine whether they would be supported, unsupported, or contradicted if evidence existed -- this reflects total absence of citation practice rather than a specific contradiction found in evidence."
15,3,ds,generated,case_15__rep_03,Candidate B,2,2,5,no,uncertain,"Candidate B's memo synthesizes two debate positions and recommends a phased research strategy. The claims attributed to 'Scientist A' regarding N-doped carbon micropore confinement, Se-C chemical bonding, and mesopore-enabled transport are well supported by directly relevant Li-Se abstracts (B-R01 through B-R08). However, the claims attributed to 'Scientist B' regarding conductive polar mediators (TiC, MXene, SnS2, TiO) rely entirely on Li-S battery literature, not Li-Se systems, which the candidate's own text acknowledges is an extrapolation Scientist A criticizes as unproven. This makes the mediator-related claims only partially supported rather than fully supported, since the cited abstracts pertain to a different (though related) chemistry. Additionally, the numeral 'ID: 15' is used ambiguously across two different evidence pools (A: MOF-derived N-doped carbon sponge; B: conductive polar mediators paper) in different parts of the text without explicit pool labeling in the citation, creating a genuine traceability ambiguity for a repeated identifier, though context makes the intended pool reasonably inferable in most instances. No claim is directly contradicted by its cited evidence, and no identifier is clearly fabricated (all cited IDs resolve to legitimate supplied records), but the recurring ambiguity of ID 15 and the cross-chemistry extrapolation for the mediator claims justify a citation traceability score of 2 and evidence support score of 2.","The main uncertainty concerns whether the repeated use of numeral 15 across two different evidence pools (A and B) in different contextual sentences constitutes a fabrication/traceability problem or is adequately disambiguated by surrounding text attributing it to 'Scientist A' vs 'Scientist B' framing. I treated this as an 'uncertain' fabrication flag rather than 'yes' because the candidate's own narrative structure (attributing citations to Scientist A vs B) provides some contextual disambiguation, but the rubric's instruction that a bare numeral shared across pools is ambiguous unless the text itself identifies the intended pool means this cannot be fully resolved with confidence. I did not mark a consequential unsupported/contradicted claim as 'yes' because no central claim is directly contradicted; the Li-S-to-Li-Se extrapolation issue is a partial-support/overreach problem rather than outright contradiction, and the candidate text itself flags this uncertainty by including Scientist A's critique of Scientist B's approach."
15,3,eo,generated,case_15__rep_03,Candidate C,3,3,5,no,no,"The candidate grounds most central mechanistic claims (micropore confinement, Se8-to-Sen conversion, direct Se-to-Li2Se conversion, mesopore/3D network roles, N-doping conductivity and polysulfide adsorption analogy) in specific, well-matched abstracts that closely mirror the claim language (e.g., ID15, ID9, ID3, ID41, ID511-886). All cited numeric IDs map to a single provided record each (merged pool, no duplicate-ID ambiguity noted in this packet), so traceability is generally strong. The weakest link is the synthesis claim (C5), where the cited electrospinning/MOF-nanofiber precedent (ID711) is drawn from an unrelated fuel-cell catalyst application rather than a Se-hosting carbon nanofiber system, making the extrapolation to Li-Se cathode synthesis a partially supported inference rather than a direct precedent. No fabricated or clearly invalid identifiers were found, and no consequential claim is contradicted outright, though the synthesis extrapolation is a material gap worth flagging in the rationale.","For claim C5, the leap from an ORR fuel-cell electrospun MOF-nanofiber catalyst (ID711) to a Se-hosting bimodally porous carbon nanofiber host is an analogical extension not directly validated in the cited abstract; this creates residual uncertainty about whether the synthesis route is truly evidenced or merely plausible by analogy. Additionally, ID486 (a PhD thesis) is used to support general mesopore/volume-buffering claims but is broader and less specific than other co-cited sources, introducing minor evidentiary softness within the otherwise well-supported C3."
15,3,mpds,generated,case_15__rep_03,Candidate D,0,0,5,uncertain,yes,"The candidate packet explicitly states that no bracketed evidence identifiers or abstract records were supplied for audit, despite the candidate text containing numerous bracketed citation-style references (e.g., [Scientist A, ID: 39, 47], [Scientist B, ID: 21]). Since no evidence records exist in this packet to check against, every central claim selected is unverifiable by definition of the rubric, since there is no usable, uniquely attributable abstract for any cited identifier. This is not a judgment that the underlying science is false, but that traceability and evidentiary support cannot be established given the materials provided. All five central claims essential to the mechanism (C-Se covalent bonding, TiC catalytic hybrid host, Li-S vs Li-Se analogy limitations, bimodal pore transport rationale, and MOF-carbon web confinement) are drawn directly from bracketed identifiers that have no corresponding abstract text supplied, rendering the citation apparatus non-functional for audit purposes even though the identifiers themselves appear structurally consistent with a citation scheme used elsewhere in the case series.","Because the packet states no abstract records are supplied, it is impossible to distinguish between (a) valid but omitted evidence, (b) fabricated/invalid identifiers, or (c) an intentional design of this particular blinded sub-packet. The 'fabricated_or_invalid_citation_identifier' flag is marked 'yes' cautiously because every cited identifier lacks any resolvable backing record in this packet, which is functionally equivalent to citing non-existent evidence for audit purposes, though this may reflect a packet-construction artifact rather than candidate fabrication. The 'consequential_unsupported_or_contradicted_claim' flag is marked 'uncertain' because while no claim can be verified as supported, none is directly contradicted either -- the absence of evidence prevents a definitive determination of scientific consequence versus mere unverifiability."
15,3,eop,generated,case_15__rep_03,Candidate E,3,2,5,no,uncertain,"Candidate E's central mechanistic claims about micropore confinement altering the Se reduction pathway (C1) and long-cycle-life/high-rate performance data (C4, C5) are well and specifically supported by the supplied abstracts, with numbers matching closely. However, several supporting claims stretch evidence: the ~80% volume expansion figure and general mesopore transport/buffering claim (C2) rely on abstracts that support the general concept but not the specific quantitative figure. The chemical-adsorption mechanism for polyselenides (C3) leans on an off-target sulfur-based analog (ID:511) and an apparently irrelevant fuel-cell ORR paper (ID:711) that does not discuss Se, N-doping effects on polyselenide adsorption, or even a Li-Se-relevant system—raising doubts about whether this identifier was appropriately selected or is a mismatched/possibly fabricated attribution. Several other IDs in the text (e.g., ID:2, ID:24, ID:43, ID:538) are used to support general architectural or stability statements that are broadly consistent with their abstracts, but not selected among the five central claims audited here. Overall, the core electrochemical mechanism claims are solidly supported, but peripheral chemical-adsorption claims and some quantitative details (volume expansion, general transport benefits) are only partially supported or reliant on non-ideal analogs.","ID:711 (E-R09) describes a nonprecious-metal ORR catalyst for fuel cells unrelated to Se/Li-Se chemistry, casting doubt on whether this citation was appropriately selected for the claim about N-doping introduced via ZIF precursors—this may reflect a genuine but poorly chosen citation rather than fabrication, since the identifier does resolve to a real, existing record; hence flagged as 'uncertain' rather than 'yes' for fabricated/invalid identifier. ID:511 refers to a sulfur (not selenium) system, making its applicability to polyselenide (Se-based) adsorption an extrapolation rather than direct support. Numeric quantities such as the ~80% volumetric expansion of Se during lithiation are asserted by the candidate without a directly matching quantitative source in the supplied abstracts, though this may reflect general domain knowledge rather than a scientific error per se, which affects evidence_support and traceability scoring rather than a validity flag under Pass 2 rules."
18,1,ds,legacy_replicate_1,case_18__rep_01,Candidate A,0,0,5,uncertain,uncertain,"The candidate memo cites numerous bracketed identifiers attributed to two hypothetical debating scientists (A and B), but the packet explicitly states that no bracketed evidence identifiers were present and no abstract records are supplied for this candidate. This creates a direct contradiction: the candidate text contains many citation-like tokens, yet the evidence packet treats them as absent/unusable. Because no abstracts are available to check any of the five selected central claims, all claims are marked unverifiable rather than unsupported or contradicted, per the rule that unverifiable does not imply falsity. Evidence support and citation traceability are scored at the floor (0) since no selected central claim has usable supporting evidence and no mapping to valid records exists. The consequential-claim flag is set to uncertain because the m-Y-S 20,000-cycle stability claim (C1) is central to the recommendation and its truth cannot be assessed one way or another given the lack of records; it is not confirmed contradicted, but the stakes are high enough to warrant caution rather than a flat 'no'. The fabricated/invalid identifier flag is uncertain because the labels appear internally consistent and formatted like real citations, but since the packet supplies no corresponding abstracts at all, it is impossible to distinguish between 'evidence withheld from this pass' and 'identifiers not backed by any real record'.","The packet's evidence-record section is empty despite the candidate text containing many bracketed IDs. This is unusual: normally absent records for cited IDs would suggest missing/unlinked evidence, but here it may reflect a deliberate design of this audit packet (e.g., testing behavior when no records are provided) rather than a flaw in the candidate's citation practice per se. Because of this ambiguity, all support statuses default to unverifiable and both flags are marked uncertain rather than yes/no, in line with the instruction not to guess or invent evidence."
18,1,eo,legacy_replicate_1,case_18__rep_01,Candidate B,1,1,5,yes,uncertain,"Candidate B presents a lengthy, technically plausible narrative about hollow carbon/metal sulfide architectures for K-ion storage, citing a very large number of numeric IDs. However, when checked against the supplied abstracts, a substantial fraction of the citations are topically mismatched or entirely irrelevant to the claims they are meant to support (e.g., photocatalytic water splitting, dye-sensitized solar cells, wastewater treatment, rare-earth elements, gold nanoparticle catalysis, drug delivery, lithium-metal solid-state electrolyte research). Almost none of the cited abstracts concern potassium-ion batteries specifically; most are Li-ion or Na-ion studies, which are only loosely analogous. Only one or two citations (e.g., ID:29, ID:92) provide topically adjacent partial support for microsphere/core-shell encapsulation concepts. The core mechanistic claims about K-ion-specific stress accommodation, transport enhancement, N-doping benefits for K storage, and polysulfide trapping in K-ion metal sulfide systems remain essentially unverified by the supplied evidence pool, despite the answer's confident and detailed presentation.","Because evidence pools are described as 'merged' with no indication of a duplicate-ID ambiguity flagged in the individual records themselves, I did not mark citation identifiers as definitively fabricated; however, the striking topical mismatch across many IDs (e.g., ID:459 water splitting cited for hollow architecture volume buffering; ID:618 gold nanoparticle catalysis cited for pulverization prevention; ID:495 rare earth elements cited for MOF sulfidation) raises suspicion that some IDs may be incorrectly mapped or reused from unrelated pools, hence the 'uncertain' flag rather than 'no'. No claim was found to be directly contradicted; most are unsupported or only partially supported due to domain mismatch (Li/Na vs K-ion) and off-topic citations."
18,1,mpds,legacy_replicate_1,case_18__rep_01,Candidate C,3,3,5,no,no,"The candidate synthesizes two hypothetical scientists' arguments and proposes a hybrid HE-MHCS design. Central claims about polysulfide dissolution as a failure mode, heterostructure-induced kinetic enhancement, and hollow-carbon architecture benefits are generally traceable to the supplied evidence records, with clear ID-to-record correspondence (each ID mapped to exactly one pool as labeled, no ambiguous dual-pool tokens observed in this candidate's citations). However, several claims rely on cross-chemistry extrapolation: much of the heterostructure and doping evidence is drawn from Na-ion (or Li/Na) literature rather than K-ion systems, and comparative architectural superiority claims (MHCS vs m-Y-S) are not directly tested against each other in any single supplied source. The core numerical claims (6000 cycles for VS4/SnS@C from C-R01, 20,000 cycles for m-Y-S from C-R12) are accurately and specifically supported. No fabricated or unresolvable identifiers were found among the cited records for this candidate; all cited IDs have a single, unambiguous supplied record.","Some claims are built on analogic reasoning from Na-ion/Li-ion literature to justify design choices for K-ion systems; this is a reasonable scientific inference but leaves those specific extrapolated propositions unverifiable strictly as K-ion claims from the given abstracts. The synthesis narrative (attributing specific arguments to 'Scientist A' and 'Scientist B') is presentation framing rather than a testable external claim, so it was not scored as a central claim itself."
18,1,eop,legacy_replicate_1,case_18__rep_01,Candidate D,1,1,5,yes,no,"Candidate D presents a scientifically coherent hierarchical yolk-shell/microsphere design narrative with dense citation of numeric IDs throughout. However, cross-checking every supplied evidence record against the specific claims reveals a systematic mismatch: nearly all cited abstracts pertain to different battery chemistries (Li-ion, Na-ion, Li-S, Mg, Al-S), different applications (ORR catalysis, drug delivery, solid-state electrolytes, gold nanoparticle catalysis), or general reviews that do not address the specific mechanistic propositions being cited to support (K-ion polysulfide shuttle, yolk-shell buffering effectiveness, N/S co-doping for K-ion adsorption, spray-drying-derived hierarchical porosity for K-ion transport). While several records share superficial keyword overlap (e.g., 'hollow carbon,' 'metal sulfide,' 'Na-ion anode'), none directly substantiate the K-ion-specific mechanisms and design principles central to the answer. This suggests either citation misattribution or that identifiers were attached loosely to thematically-adjacent but non-supporting literature. No claim in the sampled set achieves full 'supported' status; most are unsupported and one is only partially supported through tangential thematic overlap.","All 29 evidence records were supplied under a 'merged' pool with unique numeric tokens, so there is no ambiguity of the kind flagged by dual-pool overlap; each ID maps to exactly one record. Traceability is nonetheless low because, despite unambiguous ID-to-record mapping, the content of the mapped records does not substantiate the specific K-ion mechanistic and design claims for which they are cited. This is a support/relevance failure rather than an identifier ambiguity or fabrication issue, so fabricated_or_invalid_citation_identifier is marked 'no' rather than 'yes' or 'uncertain'. The consequential_unsupported_or_contradicted_claim flag is 'yes' because the mechanistic core of the proposal (volume-expansion buffering, polysulfide anchoring via N/S doping, and hierarchical transport architecture) relies on citations that, upon inspection, do not address potassium-ion systems or the specific structural mechanisms claimed."
18,1,raw,legacy_replicate_1,case_18__rep_01,Candidate E,0,0,5,uncertain,no,"The candidate provides no bracketed evidence identifiers anywhere in the text, and no abstract records were supplied for this packet. All central claims regarding electron/ion transport trade-offs, volumetric density, mechanical stability, and proposed synthesis routes are argued purely from qualitative reasoning without any externally cited evidence. Since no evidence records exist to check against, every central claim is classified as unverifiable rather than unsupported or contradicted (per the rubric's stipulation that unverifiable does not imply falsity). Because there is no citation apparatus at all, both evidence_support and citation_traceability are scored at the floor (0), reflecting the complete absence of a claim-to-evidence mapping, not a judgment on the scientific plausibility of the claims themselves.","No evidence records were supplied for this candidate, making it impossible to assess whether the central claims (e.g., synthesis feasibility, transport trade-offs) are scientifically supported. The 'consequential_unsupported_or_contradicted_claim' flag is marked uncertain because while claims are unverifiable rather than contradicted, some (e.g., C2 and C5) are highly consequential to the proposal's feasibility and mechanism, and their lack of any evidentiary backing raises concern about whether they could be substantiated if evidence were available. No fabricated or invalid identifiers were found since no identifiers were used at all."
18,2,eo,generated,case_18__rep_02,Candidate A,4,4,5,no,no,"The candidate cites a large number of evidence records, and the central claims selected (m-Y-S Fe1-xS@C cycling stability, SnS2@C yolk-shell behavior, VS4 polysulfide anchoring, graphene-shell FeS2 polysulfide inhibition, and spray-based scalable synthesis of void-containing microspheres) are each backed by specific, directly relevant abstracts with matching mechanistic and quantitative details (e.g., exact cycle numbers, capacities, DFT findings). All cited IDs map to unique supplied records without duplicate-pool ambiguity, and the candidate's in-text descriptions align well with the abstracts' content, supporting a high citation traceability score. Minor overreach appears in extrapolating findings from Na-ion-focused microsphere spray studies (A-R28, A-R29, A-R30) to the specific requirement of preserving hollow-carbon-nanosphere-aggregated microsphere internal void architecture without collapse, since these papers describe generally related but not identical hollow architectures and do not directly test collapse risk during spray drying of the exact hierarchical carbon-nanosphere-aggregate structure discussed. Aside from this partially supported synthesis claim, the other four claims are well supported and specific, warranting evidence_support of 4. Citation traceability is also 4 since almost all key claims map cleanly to valid, relevant, uniquely-identified records, with only slight ambiguity in how directly the synthesis papers speak to the void-collapse concern.","No fabricated or duplicate-pool ambiguous IDs were found in the reviewed citations for the selected central claims; all cited records were single, unambiguous entries in the merged evidence pool. The main uncertainty is whether the spray-drying/pyrolysis claim (C5) should be scored as fully supported or partially supported, given the abstracts describe generally analogous but not identical systems (Na-ion, not necessarily hollow-carbon-nanosphere aggregates) and do not directly discuss void-network collapse risk mitigation, which was the specific concern raised in the candidate's framing."
18,2,mpds,generated,case_18__rep_02,Candidate B,2,3,5,no,no,"The candidate cites seven distinct evidence records, each clearly and uniquely identified with an evidence pool (A or B) alongside the numeric ID, resolving potential ambiguity from shared numeric tokens. Most core mechanistic claims (heterostructure interface kinetics, polysulfide trapping, yolk-shell stress distribution) map to specific abstracts, though several key citations (B-R01, B-R02 for K-ion kinetics; B-R05 for volume-expansion buffering; B-R07 for N-doping polysulfide anchoring) are drawn from sodium-ion battery studies rather than potassium-ion systems, which is the actual target chemistry. This introduces a systematic direct-analogy gap: the abstracts support the general heterointerface/multishell design principle but not always the K-ion-specific claim as stated. No fabricated or unresolvable identifiers were found, and pool labels are clearly given in each case, supporting traceability. However, evidence support is capped at 2 because several central claims (C1, C4, C5) rely on adjacent-system (Na-ion) evidence rather than direct K-ion validation, and no single claim is fully unsupported/contradicted enough to trigger a high-severity flag.","Judgment on partially_supported vs. supported for claims drawing on sodium-ion analogs (C1, C4, C5) involves some interpretive latitude, as the underlying physical principles (heterointerface kinetics, multishell buffering, heteroatom doping benefits) are plausible extensions to K-ion systems even though the cited abstracts are Na-ion specific. No identifiers were ambiguous in this packet since each cited token was paired with an explicit evidence pool letter (A or B) in the supplied records, distinct from the general ambiguity risk described in the rubric."
18,2,eop,generated,case_18__rep_02,Candidate C,3,3,5,no,no,"The candidate builds a coherent multi-part design argument (yolk-shell architecture, hierarchical porosity, chemical anchoring, mechanically robust yolk-shell durability, scalable NaCl-templated synthesis) and cites specific numeric IDs for nearly every substantive claim. The single most K-ion-specific and mechanistically central claim (multi-yolk-shell Fe1-xS@C with tunable void space, ID 57) is directly and strongly supported by its cited abstract. Several other claims are supported only by analogous evidence from adjacent chemistries (Na-ion, Li-ion, Li-S) rather than K-ion systems, which is scientifically reasonable extrapolation but means the underlying abstracts do not fully verify the K-ion-specific propositions as stated. Two claims (VS4/SnS@C anchoring KxSy, and FeS2 graphene shell inhibiting KIB polysulfide shuttle) are well and specifically supported by K-ion-relevant abstracts (ID 49, ID 348), strengthening the overall evidence base for the polysulfide-mitigation section. All cited IDs map to legitimate, retrievable records in the merged evidence pool with no signs of fabrication; the 'merged' pool designation and consistent contextual usage (e.g., ID 57 always referring to the multi-yolk-shell paper) make attribution unambiguous throughout, though the breadth of adjacent-system citations for supporting general mechanisms (porosity, doping, yolk-shell durability) prevents a higher evidence-support score.","Some claims (C2, C3, C5) rely on cross-chemistry analogy (Na-ion or Li-ion systems used as evidence for K-ion design principles), which is a reasonable scientific inference but not a direct verification of the K-ion-specific proposition; this drove the partially_supported classifications rather than 'supported'. No numeric ID appeared attached to two different evidence pools in this packet (all records were labeled 'merged'), so no ambiguous-identifier situations were encountered requiring a guess."
18,2,raw,generated,case_18__rep_02,Candidate D,0,0,5,uncertain,no,"The candidate provides no bracketed evidence identifiers and no abstract records were supplied, as explicitly stated in the packet. Consequently, none of the central claims selected (covering the core mechanistic rationale for yolk-shell void engineering, matrix-buffering transport pathways, pyrolysis process parameters, characterization technique rationale, and N-doping benefits) can be traced to any evidence record. All are marked unverifiable rather than unsupported/contradicted, since no citation was attempted and no record was available to contradict or partially support them. This differs from a case with fabricated or mismatched IDs; here there is simply a complete absence of citation practice, which caps evidence_support and citation_traceability at the floor per the rubric (0 when no selected central claim has usable supporting evidence).","Because zero evidence records were supplied and no identifiers were cited, it is impossible to assess evidentiary grounding for any of the five sampled central claims. The consequential_unsupported_or_contradicted_claim flag is marked 'uncertain' because while claim C1 (400% volume expansion for SnS2) is central to the proposal's stress-accommodation rationale and could be scientifically consequential if wrong, its accuracy cannot be checked against any supplied record, so I cannot determine with confidence whether it is factually problematic beyond being merely untraceable. No fabricated or invalid identifiers exist since no identifiers were used at all, so that flag is 'no'."
18,2,ds,generated,case_18__rep_02,Candidate E,0,0,1,no,no,x,x
18,3,mpds,generated,case_18__rep_03,Candidate A,2,2,5,yes,no,"The candidate builds a hybrid design by citing the Architect's and Engineer's supporting literature. Central mechanistic claims about K-ion-specific benefits of heterostructuring (C2) and porous carbon confinement (C3, C4) are only partially supported, since several of the cited abstracts pertain to Li-ion or Na-ion systems rather than the K-ion system central to the task, representing a moderate but real evidentiary gap. The most consequential issue is C5: the key comparative claim justifying rejection of the pure yolk-shell architecture (volumetric density disadvantage) cites A-R05, an evidence record about electromagnetic wave absorption in a cobalt/carbon nanocomposite that has no relevance to battery volumetric density, energy density, or yolk-shell criticism. This is a load-bearing claim in the memo's core argument (the reason for pivoting away from Scientist A's proposal) and it is unsupported by the cited evidence, warranting the consequential-unsupported flag. No fabricated numeric identifiers were found; all cited IDs map to supplied records, though some (e.g., 115 for A-R08) were cited without dedicated evidence records unless matched, and the pool-A/B duplicate-numbering issue was avoidable since author labeled scientist attribution matched pools correctly in this packet.","ID 478 mapping to A-R05 is clearly labeled as belonging to evidence pool B and is unambiguous in context (attributed to Scientist B's critique), but the content mismatch (EMI absorption paper) makes it unsupported rather than merely ambiguous. Claims C2-C4 rely on cross-ion-chemistry generalization (Li/Na-ion mechanisms extrapolated to K-ion), which is a common but scientifically nontrivial assumption not fully justified by the cited sources; this affects support_status confidence but was resolved as partially_supported rather than unsupported given at least the mechanistic principle (heterostructuring, confinement) transfers qualitatively across alkali chemistries in the literature discourse."
18,3,eop,generated,case_18__rep_03,Candidate B,3,3,5,no,no,"Candidate B cites a large number of evidence records, virtually all of which are genuine review or primary papers on metal sulfide/carbon composite anodes for Na-ion, K-ion, and Li-ion batteries. The central mechanistic claims regarding volume-expansion-induced pulverization (C1) and potassium polysulfide dissolution/anchoring (C2) are well supported by K-ion-specific abstracts (B-R02, B-R03, B-R04). The yolk-shell void-accommodation mechanism (C3) is supported by directly relevant PIB/SIB yolk-shell studies (B-R05, B-R06) plus a mechanistically analogous but off-system (Li-ion) TEM study (B-R07), which is reasonable supporting evidence for the general mechanism though not decisively confirming K-ion applicability. The rGO-bridged microsphere assembly claim (C4) draws on multiple Na-ion dual-carbon nanostructure papers that support the general principle of rGO-enhanced conductivity/networks but do not directly demonstrate the specific spray-dried, yolk-shell-in-microsphere architecture described, so this is only partially supported and represents the weakest link in the evidentiary chain. The NaCl-templating claim (C5) is precisely matched by B-R22. No fabricated identifiers were found; all IDs mapped cleanly to single, unambiguous merged-pool records (unlike other packets with dual-pool ambiguity, this packet's evidence records were uniformly labeled 'merged', removing pool-ambiguity concerns). Overall, most central claims are supported or partially supported, but the extrapolation from largely Na-ion/Li-ion evidence to the specific proposed K-ion hierarchical dual-carbon microsphere architecture introduces moderate but non-fatal overreach, justifying a mid-range evidence-support score. Citation traceability is good since each numeric ID maps to exactly one supplied record without cross-pool ambiguity, but the sheer density of stacked citations per claim (e.g., C4 citing five IDs) somewhat dilutes the precision of the claim-to-evidence mapping, since not all cited sources equally support the specific claim, which is why traceability is capped rather than maximal.","For C3, ID 104 (B-R07) pertains to lithium-ion storage rather than potassium-ion storage; whether this counts as adjacent/partial support for a K-ion-specific mechanism claim is somewhat interpretive, though the physical mechanism (void accommodating expansion without shell fracture) is material-agnostic and reasonably transferable. For C4 and C5, all directly cited structural analog papers are in Na-ion systems rather than K-ion systems; I judged this as reducing support to partial (C4) or accepting it as still supported for the narrower structural/process claim (C5) since the process claim itself (NaCl templating producing nanorooms) does not depend on the alkali ion identity. Reasonable auditors could score these differently by treating any cross-chemistry extrapolation as automatically only partially supported."
18,3,raw,generated,case_18__rep_03,Candidate C,0,0,5,uncertain,no,"The candidate provides a detailed, internally consistent mechanistic and synthetic proposal for hierarchical void engineering in metal sulfide/hollow carbon nanosphere microspheres for KIB anodes. However, the response contains no bracketed evidence identifiers and no abstract records were supplied for audit. All central claims selected (void volume ratios, synthesis route specifics, N-doping conductivity/anchoring effects, pore network necessity, and shell thickness optimization) are externally verifiable materials-science propositions in principle, but none can be checked against any supplied evidence in this packet. Because there is no evidence to map claims to, both evidence support and citation traceability are at the floor. This does not mean the claims are scientifically wrong -- several are plausible and consistent with general conversion-anode design literature -- but per the module's rules, unverifiable claims cannot be treated as supported.","No evidence records were supplied at all for this candidate, so every central claim defaults to 'unverifiable' rather than 'unsupported' or 'contradicted'. The consequential_unsupported_or_contradicted_claim flag is marked 'uncertain' because the claims are central to feasibility/mechanism (making the lack of support consequential for evidentiary grounding), but 'unverifiable' is explicitly not equivalent to 'contradicted' or scientifically false per the module rules, so a definitive 'yes' is not warranted. No fabricated or invalid identifiers were found since no identifiers were cited at all."
18,3,ds,generated,case_18__rep_03,Candidate D,3,3,5,no,no,"The candidate synthesizes two hypothetical scientists' arguments and recommends a hybrid MOF-templated, N,S co-doped, bimetallic sulfide strategy. Central claims about m-Y-S Fe1-xS@C long cycling (C1), VS4 polysulfide anchoring (C2), and N/S co-doped hollow carbon stability (C3) are well and directly supported by their cited abstracts. However, the MOF-templating claim for simultaneously creating hollow architecture, embedding sulfide nanoparticles, and achieving N-doping (C4) mixes genuinely supportive references (D-R10, D-R11, cobalt sulfide/carbon systems, though for Li-ion not K-ion) with an irrelevant citation (D-R09, a CoP water-splitting catalyst unrelated to sulfide encapsulation or batteries), weakening its evidentiary basis. The final bimetallic heterostructure claim (C5) is supported only by an analogous selenide (not sulfide) system, so support is adjacent but not exact. No fabricated identifiers were found; all cited IDs map to real, distinguishable records in the evidence pools with pool labels resolving the token ambiguity described in the packet instructions. Overall, most central claims are at least partially supported, with a few claims stretching evidence to adjacent chemistries or irrelevant systems, matching a mid-range score for both evidence support and traceability given generally clear but imperfect ID-to-claim mapping.","For C4, the multiple citation labels [ID: 86, 167, 469] map to D-R09, D-R10, D-R11 respectively; D-R09 (CoP/water splitting) does not support the sulfide/battery claim, which pulls down the support status to partially_supported despite D-R10/D-R11 being reasonably supportive analogs (Li-ion rather than K-ion). For C5, D-R16 concerns selenides rather than sulfides, an adjacent but not identical chemistry, so support is marked partial rather than full. No numeric ID collisions requiring pool disambiguation were left unresolved in this candidate's citations, as pool labels were provided distinctly for each cited token in the supplied records."
18,3,eo,generated,case_18__rep_03,Candidate E,3,4,5,no,no,"The candidate's central claims are each backed by an evidence record whose abstract closely matches the specific mechanistic or performance detail cited (cycle numbers, structural descriptions, mechanisms). Most citations are unambiguous single-record mappings using bracketed IDs, and cross-checking against the supplied merged pool shows no fabricated identifiers—every cited ID number has a corresponding record. Two claims (C1, C3, C4) are strongly and specifically supported. C2 is supported for the hollow-nanocube volume-buffering claim, though the abstract does not explicitly elaborate on nitrogen-doping 'active sites,' introducing minor overreach. C5 combines two records for one composite claim about spray-drying/templating; both records support their respective sub-claims (pilot-scale spray drying with nanovoids; NaCl-templated nanorooms), though E-R11 concerns Na-ion (not K-ion) batteries, a minor generalization the candidate does not flag. Some cited claims in the text (e.g., cobalt sulfide multi-shell nanoboxes ID:72/268, 3D ordered macroporous carbon ID:260, tertiary hierarchical structure ID:111, NiS2 doping ID:184, in-situ TEM yolk-shell ID:104) were supported by their respective abstracts as auxiliary claims but were not selected among the five sampled central claims per module cap; they generally showed good alignment as well, reinforcing overall traceability. No contradicted claims or fabricated identifiers were found; the primary limitation is occasional cross-chemistry (Na-ion vs K-ion) extrapolation not explicitly acknowledged by the candidate.","IDs 72 and 268 both map to the same paper (English and German versions), which is not flagged as ambiguous since both point to the same underlying evidence; this did not affect the sampled central claims. E-R11 (ID:22) is originally about Na-ion batteries, so its application to K-ion spray-drying feasibility is a partial extrapolation but concerns only the fabrication method claim, not the electrochemical mechanism, so support_status is kept as 'supported' with the caveat noted rather than downgraded to 'partially_supported', reflecting the process/method being the object of the specific quoted claim rather than K-ion performance."
22,1,eop,legacy_replicate_1,case_22__rep_01,Candidate A,0,0,5,yes,yes,"Every central claim in this candidate response cites an evidence record that is topically unrelated to the claim being made. The candidate discusses Li-ion battery NiO conversion-anode mechanisms (volume buffering, mesoporous electrolyte transport, 1D electron pathways, hydrothermal Ni(OH)2 synthesis, topotactic Co3O4 conversion), but all supplied abstracts are about solid oxide fuel cell (SOFC) nickel anodes, alkaline water electrolysis, microbial fuel cells, or unrelated electrochemistry (OER mechanisms, sulfur poisoning DFT). None of the seven cited records substantively support any of the scientific propositions made. This indicates the citations were either fabricated, mismatched, or pulled from an unrelated evidence pool without verification. All five central claims are essential to the proposed mechanism (stress buffering, ion transport, electrical continuity, and fabrication route) and are consequential, yet none are supported.","It is possible the identifiers correspond to entries in a different, uncited evidence pool and were mismatched during evidence retrieval rather than fabricated outright by the candidate; the record content itself gives no indication of correct pairing. Because the abstracts are unambiguously about SOFC/AWE/MFC nickel systems rather than Li-ion NiO battery anodes, I judged the citation identifiers as invalid/fabricated relative to the claims made, though I cannot rule out an upstream retrieval error rather than deliberate fabrication by the candidate."
22,1,raw,legacy_replicate_1,case_22__rep_01,Candidate B,0,0,5,uncertain,no,"The candidate answer contains no bracketed evidence identifiers or citations whatsoever, and correspondingly no evidence records were supplied for this packet. All central claims essential to the mechanism (volume buffering via voids, ion transport advantages, electrical continuity via carbon interlayer, and synthesis feasibility via tri-axial electrospinning) are asserted purely from reasoning without any external verifiable support. Since there is no evidence to assess (no citations, no records), evidence_support and citation_traceability are both scored at the floor (0), consistent with the rubric's guidance that a no-citation answer scores poorly on traceability without necessarily indicating a scientific error.","The consequential_unsupported_or_contradicted_claim flag is marked 'uncertain' rather than 'yes' because, per the module's guidance, unverifiable does not equal false; the core mechanistic claims (volume expansion percentage, carbon interlayer buffering effect, grain-boundary conductivity tradeoffs) are plausible and consistent with general materials science principles, but cannot be confirmed as correct or incorrect without any supplied evidence. No abstract records were provided at all for this candidate, so no claim could be scored above 'unverifiable'."
22,1,ds,legacy_replicate_1,case_22__rep_01,Candidate C,0,0,5,yes,no,"The candidate cites numerous numeric IDs attributed to 'Scientist A' or 'Scientist B' evidence pools, but nearly all supplied abstract records are topically mismatched to the claims they are meant to support. Most cited records concern SOFC anodes, water electrolysis, microbial fuel cells, photodetectors, solar cells, or unrelated nanobelt/oxide systems (TiO2, Nb2O5, CdSe, copper hydroxide nitrate) rather than NiO tube-in-tube nanobelt lithium-ion battery anodes. Only two records (C-R09 on hollow Co3O4 and C-R10 on Ni/NiO/carbon nanofiber composites) are even loosely relevant to Li-ion metal-oxide anode design, and even these support only adjacent/weaker propositions rather than the specific tube-in-tube NiO nanobelt claims made. No central claim receives direct, specific supporting evidence; the central mechanistic and feasibility claims (hollow-core strain relief, mesoporous wall buffering, carbon-shell conductivity, precursor-template synthesis) are essentially unsupported by the cited literature despite the appearance of dense citation.","The IDs are not literally invalid or fabricated (each maps to a real, retrievable OpenAlex record), so 'fabricated_or_invalid_citation_identifier' is marked 'no' rather than 'yes' or 'uncertain'; the issue is topical mismatch/misattribution rather than nonexistence of the record. However, given the systematic mismatch across nearly all citations, there is some possibility that the underlying evidence pool for this packet was constructed to test citation misuse detection, and reasonable readers might instead flag this as 'uncertain' for validity of citation practice; I chose 'no' since each identifier does resolve to a real, unambiguous record. The consequential_unsupported_or_contradicted_claim flag is 'yes' because the core mechanistic claims (strain relief via hollow core/mesoporous walls, carbon-shell conductivity, precursor-template synthesis feasibility) are central to the proposal's argument and lack any direct supporting evidence in the supplied records."
22,1,eo,legacy_replicate_1,case_22__rep_01,Candidate D,0,0,5,yes,yes,"Every central claim in this candidate response cites an evidence record that is topically unrelated to the claim it purports to support. The cited records span diverse unrelated domains (TiO2 photocatalysis, alkaline water electrolysis, antibiotic adsorption, ZnO gas sensors, ZnSe nanobelt growth, SOFC cermet anodes, electrochemical ion detection, and SOFC perovskite anodes), none of which discuss NiO nanobelts, tube-in-tube architectures, lithium-ion battery conversion mechanisms, carbon coating strategies for Li-ion anodes, or electrospinning-based coaxial nanobelt fabrication for battery applications. The mismatch is total and systematic: numeric ID tokens appear to reference records from a completely different topical corpus, suggesting either mislabeled/fabricated citation identifiers or a wholesale mismatch between the evidence pool and the candidate's claims. Because no selected central claim has any usable supporting evidence, and the core mechanistic and feasibility claims (porosity for volume buffering, carbon coating for conductivity/aggregation prevention, coaxial electrospinning route) are all essential to the proposal's validity, this constitutes a consequential unsupported claim situation. The identifiers, while resolving to real records, do not correspond in any topical sense to the claims they are attached to, which is highly suggestive of invalid/fabricated citation-to-claim mapping (flagged as yes rather than uncertain given the totality and clarity of mismatch across all five claims).","It is possible that the evidence retrieval/labeling process assigned generic numeric IDs to the wrong abstract pool (e.g., a general nanobelt corpus intersecting with unrelated fields), which would make this a systemic labeling/retrieval issue rather than intentional fabrication by the candidate. However, from the audit's perspective, the practical effect is identical: none of the cited abstracts substantiate the claims made, so both evidence_support and citation_traceability are scored at the floor. I did not treat 'unverifiable' as disproof of the underlying science; rather, each claim was cited to a specific concrete record that turned out topically irrelevant, which is closer to 'unsupported' than 'unverifiable' since a record was in fact supplied and reviewable."
22,1,mpds,legacy_replicate_1,case_22__rep_01,Candidate E,2,3,5,no,no,"The candidate's central recommendation rests on synthesizing a mesoporous NiO nanobelt core with a conformal conductive shell (carbon or polypyrrole), justified by citations to topotactic conversion (ID:72, Co3O4), conductive polymer shells (ID:40 V2O5/PEDOT, ID:47 MoO3/polypyrrole), carbon coating synthesis (ID:68, MoO2), and porosity-enabled rate capability (ID:81, NiCo2O4). None of these five evidentiary anchors are drawn from NiO systems directly; all are analogical extrapolations from structurally or compositionally related but distinct metal oxide/nanobelt systems. This pattern is explicitly acknowledged within the candidate's own narrative as a critique leveled at the rival design (extrapolating from dissimilar materials like Co3O4), yet the candidate's own final recommendation relies on the same type of cross-material extrapolation for nearly every core synthetic and mechanistic claim. The one claim that is well-supported directly (C5, on NiO conductivity loss and TEM validation, ID:261) is on a diagnostic/failure-mode point rather than the proposed synthesis route itself. Citation identifiers are traceable to specific evidence pool B (Scientist B pool) or A (Scientist A pool) records without pool ambiguity issues, since all cited IDs here map to single supplied records, so traceability is reasonably good. However, evidence support is weak because the analogical evidence, while topically related, does not directly substantiate the NiO-specific mechanistic and performance claims central to the proposal.","All cited IDs resolve to single, pool-labeled records without cross-pool ambiguity, so citation traceability is not compromised by identifier collision. The main uncertainty is whether the abstracts on analogous materials (Co3O4, MoO2, MoO3, V2O5, NiCo2O4) should be treated as reasonably transferable support for a NiO-specific proposal or as insufficiently specific; I classified them as partially_supported rather than unsupported or unverifiable because the underlying mechanistic principles (topotactic mesoporosity, conductive shell coating, porosity-enabled short diffusion paths) are demonstrated for closely related nanobelt/metal-oxide systems, but I did not treat them as full support given the material substitution."
22,2,raw,generated,case_22__rep_02,Candidate A,0,0,5,uncertain,no,"The candidate provides no bracketed evidence identifiers and no abstract records were supplied for this packet, so none of the central claims can be traced to any evidence source. All claims are chemically and structurally plausible extensions of established conversion-anode and electrospinning knowledge, but under Pass 2 rules, absence of any citation renders every central claim unverifiable rather than supported or contradicted. Both evidence_support and citation_traceability are scored at the floor (0) because no selected central claim has any usable supporting evidence record and there is no mapping from claims to evidence at all.","All five claims are unverifiable solely due to total absence of cited or supplied evidence records, not because the underlying science is judged incorrect. The consequential_unsupported_or_contradicted_claim flag is marked 'uncertain' because claims central to the mechanism (C1, C3) are unverifiable rather than contradicted, and Pass 2 rules specify unverifiable does not equal false, but the complete lack of any evidentiary trace for mechanistically central claims leaves genuine ambiguity about whether this constitutes a consequential gap under the flag's intent. No fabricated identifiers exist since no identifiers were used at all."
22,2,ds,generated,case_22__rep_02,Candidate B,0,0,5,uncertain,uncertain,"The candidate text cites numerous bracketed identifiers (e.g., ID: 261, 61, 263, 339, 40, 72, 416, 76, 27, 44, 47, 13) attributed to 'Scientist A' or 'Scientist B' throughout a debate-synthesis memo. However, the packet explicitly states that no bracketed evidence identifiers were present and no abstract records are supplied for this candidate. This makes it impossible to verify any of the central scientific/mechanistic claims (nanobelt porosity synthesis, carbon coating function, CNT hybrid paper analogue, PEDOT coating stability, volume-change mechanism) against actual evidence text. Every central claim is therefore unverifiable rather than supported, partially supported, unsupported, or contradicted, since verification requires an actual abstract to compare against, and none was furnished. Because no evidence text is available at all, evidence_support and citation_traceability are scored at the floor (0), consistent with the rubric guidance that a total absence of usable supporting evidence records merits the lowest score. This is a limitation of the supplied packet rather than a scientific judgment on the underlying claims themselves.","The complete absence of abstract records for this candidate makes it impossible to distinguish between claims that would be well-supported by real evidence versus those that would be contradicted or fabricated. The 'fabricated_or_invalid_citation_identifier' flag is marked uncertain because, without abstract records, it cannot be determined whether the numeric IDs correspond to real, valid evidence entries elsewhere in the study's evidence pool or are invalid/fabricated; the packet only indicates that no records were supplied for audit purposes, which does not by itself confirm the identifiers are fabricated. Similarly, 'consequential_unsupported_or_contradicted_claim' is marked uncertain rather than yes, since we cannot rule out that the underlying claims are scientifically reasonable and would be supported by real evidence if it were provided; the issue here is evidentiary traceability, not a demonstrated scientific error or contradiction from evidence text."
22,2,eo,generated,case_22__rep_02,Candidate C,3,4,5,no,no,"The candidate explicitly and transparently states that no direct evidence exists for tube-in-tube NiO nanobelts, and builds its design by analogy from related hollow/porous/carbon-coated metal oxide nanostructures. All cited IDs map to valid, resolvable single evidence records (merged pool, no ambiguous duplicate-ID conflicts), giving good traceability. However, evidence support is capped at moderate levels because several key claims rely on analogous materials (NiCo2O4, Ni-Co hydroxide, ZnO, HfO2, Ni/NiO/MnOx composites) rather than the specific tube-in-tube NiO nanobelt system, so most central claims are only partially supported rather than directly and specifically supported. No fabricated identifiers were found and no claim is contradicted; the extrapolative nature is candidly flagged by the candidate itself, so no consequential unsupported/contradicted claim flag is warranted.","All citation IDs in this packet appear once each in the 'merged' evidence pool with no duplicate numeric-ID conflicts, so traceability is unambiguous at the identifier level. The main uncertainty is qualitative: whether analogy-based support (different oxide chemistries or morphologies) should count as 'partial' versus 'unsupported' for claims about a tube-in-tube NiO-specific design; I treated close structural/mechanistic analogs (e.g., hollow oxide microspheres, porous NiO variants) as partially supporting the general principle while flagging the material/geometry mismatch relative to the exact claim."
22,2,mpds,generated,case_22__rep_02,Candidate D,1,1,5,yes,no,"The candidate's central claims rely heavily on citations that are frequently drawn from a mismatched materials system: several of Scientist A's key degradation-mechanism citations (ID: 62, 132, 252) are from solid oxide fuel cell (SOFC) Ni-YSZ/Ni-GDC anode literature, an entirely different electrochemical system (high-temperature ceramic fuel cells) rather than room-temperature lithium-ion battery NiO conversion anodes. This substitutes an analogous but distinct degradation phenomenon (Ni sintering in SOFC cermets) for the claimed LIB-specific NiO pulverization/Ni agglomeration mechanism, which is consequential because it underlies the central mechanistic argument for both scientists' designs and the final hybrid recommendation. Other citations (Co3O4, NiCo2O4, ZnO, MoO2, sulfide hollow spheres) are adjacent-material analogs to the NiO nanobelt system under discussion, offering only partial, generalizable support for mesoporosity/carbon-coating/void-space strategies rather than direct evidence for NiO nanobelt-specific performance or mechanism. No claim is directly and fully supported without cross-material extrapolation. No fabricated identifiers were found; all cited IDs map to supplied records, though several are poor matches for the claims they are meant to support.","Some abstracts (D-R01, D-R04-D-R13) are plausible partial analogs for the general design principles (void space, mesoporosity, carbon coating) even though they are not NiO-in-LIB-specific in every case; judgment on 'partially_supported' vs 'unsupported' involved interpretive weighing of analogy strength. The SOFC-related citations (D-R02, D-R03, D-R08) are judged unsupported/irrelevant to the LIB NiO nanobelt mechanism claim, but it is conceivable the author intended a loose analogy to sintering phenomena in general, which is a debatable rather than definitive misuse."
22,2,eop,generated,case_22__rep_02,Candidate E,3,4,5,no,no,"The candidate explicitly and appropriately acknowledges that no single paper demonstrates the exact proposed tube-in-tube NiO nanobelt design, framing the proposal as a logical synthesis of proven sub-concepts. Each central claim is mapped to specific, resolvable evidence records that address closely related phenomena (hollow-structure volume buffering, porous NiO's short diffusion paths, carbon-oxide hybrid interfaces, and electrospun hollow fiber fabrication), though none of the cited works studies the exact proposed hierarchical tube-in-tube nanobelt architecture itself. This yields consistent partial-to-full support across claims without any direct contradictions. All numeric IDs supplied correspond to valid, retrievable records in the merged pool with no ambiguity requiring pool disambiguation.","Some claims (C1, C4) rely on adjacent/analogous systems (Ni-Co hydroxide/oxide on carbon nanofibers, graphene@NiO@carbon) rather than the exact core-shell carbon/NiO nanobelt geometry, introducing interpretive gaps that are not outright unsupported but also not tightly matching. E-R06 is used to support both degradation mechanism and porosity benefits, though it more directly addresses conductivity's role in capacity fade rather than porosity's structural buffering, creating minor overreach. No fabricated identifiers were found; all cited IDs resolve to distinct, valid merged-pool records."
22,3,ds,generated,case_22__rep_03,Candidate A,1,1,5,yes,no,"The candidate cites numerous evidence records, but nearly all are only loosely analogous to the specific claims made: many key mechanistic and architectural claims (hollow-core Ni/NiO coaxial nanowire, one-step thermal conversion of a core-shell precursor producing mesoporous NiO tube with engineered void and carbonized core) are not directly supported by any cited abstract. Several citations concern different active materials entirely (Co3O4, CuO, MoO3, V2O5) or different application contexts (supercapacitors rather than lithium-ion batteries), and are used as stand-ins for NiO-specific behavior without acknowledging this substitution. The core comparative argument recommending Scientist B's architecture over Scientist A's rests on this pattern of analogy-based extrapolation across material systems, which is a consequential gap since the central recommendation depends on these unproven specifics (the one-step co-fabrication process and NiO-specific ion-transport/stress advantages). No fabricated identifiers were found -- all cited IDs resolve to real, retrievable abstracts (though many are analogically rather than directly supportive).","Some claims (C1, C3, C4, C5) draw on multiple cited abstracts collectively to support a composite claim; individual abstracts often support only fragments of the compound claims. This partial-support pattern is common but the aggregation makes several claims marginal between 'partially_supported' and 'unsupported'; I erred toward 'partially_supported' where at least the general phenomenon (e.g., topotactic conversion, conversion-reaction stress, mesoporous rate capability) was documented in an analogous oxide/system. No numeric ID appeared in both evidence pools A and B simultaneously in a way that created ambiguity in this packet, so no ambiguity-based unverifiable calls were needed for pool-crossover reasons."
22,3,eo,generated,case_22__rep_03,Candidate B,3,3,5,no,no,"The candidate explicitly acknowledges no direct evidence exists for a tube-in-tube NiO nanobelt and instead synthesizes analogous principles from hollow-sphere, porous-NiO, and carbon-composite literature. Most cited claims (hollow void space accommodating volume change, hierarchical porosity aiding cycling stability, mesoporous NiO nanowire performance, carbon coatings mitigating volume change/aggregation, and electrospun carbon-nanofiber composites enabling charge transport) are well and directly supported by the corresponding abstracts. The central architectural claim (ball-in-ball translated to tube-in-tube) is only partially supported since the cited evidence (B-R01) concerns a sulfide hollow sphere for supercapacitors, not NiO nanobelts or LIB anodes, making the translation an inference rather than a directly evidenced fact. Electrospinning-related claims about coaxial tube-in-tube fabrication and temperature-dependent nanobelt morphology (B-R06, B-R07, B-R08) are reasonably supported for general electrospinning behavior but the candidate itself notes the coaxial tube-in-tube extension is not explicitly demonstrated in the evidence, which is an honest acknowledgment of a gap rather than an overreach. No fabricated identifiers were found; each cited ID maps to a single, clearly relevant record in the merged pool without pool ambiguity. Overall evidence support is moderate-to-good with one clear analogical gap in the central architectural claim, and citation traceability is solid since all citations resolve unambiguously to relevant records, though the analogical leap from sulfide hollow spheres to NiO tube-in-tube nanobelts introduces some interpretive distance the model does not fully caveat quantitatively.","C1 relies on an analogy between a NiO tube-in-tube nanobelt (not evidenced anywhere) and a ball-in-ball nickel cobalt sulfide hollow sphere used in supercapacitors, a different chemistry, morphology, and application context; this makes the strength of transferability genuinely uncertain rather than false. The electrospinning-based feasibility claims about coaxial tube-in-tube fabrication are appropriately hedged by the candidate as an extension not explicitly tested in the provided evidence, and were therefore not selected as one of the five central claims scored for support, though they factor into the overall physical-plausibility narrative."
22,3,mpds,generated,case_22__rep_03,Candidate C,3,3,5,no,no,"The candidate memo synthesizes two hypothetical scientists' proposals and recommends one. Most central claims are traceable to specific, clearly pooled evidence records (Pool A for SOFC/perovskite claims, Pool B for nanobelt/carbon composite claims), and each numeric ID appears in only one pool as supplied, avoiding cross-pool ambiguity. Evidence for Scientist A's SOFC-based claims (exsolution, MIEC conductivity, ceria functions) is well supported by directly relevant papers, though the redundant-conductivity/MIEC claim is only partially matched by the cited doped-titanate anode papers. Evidence for Scientist B's carbon-web/porous-nanobelt claims is generally supported by analogous nanobelt-composite systems (Co3O4, NiCo2O4, CuO, VO2, MoO3) rather than NiO specifically, so support is mostly partial/adjacent rather than a direct NiO demonstration. No claim is contradicted by its cited evidence, and no identifier appears fabricated or unresolvable given the supplied pool labeling. Overall support is solid but incomplete for material-specific extrapolation to NiO tube-in-tube nanobelts, and one central mechanistic claim (redundant MIEC conductivity) is only loosely mapped to its citations.","Several evidence records support the general phenomenon (porous nanobelt strain relief, graphene/CNT elastic wrapping, conductivity enhancement) in oxide systems other than NiO, requiring inference that the mechanism transfers to NiO; this was scored as partially_supported rather than unsupported since the physical mechanism claimed is the same. No cross-pool ID collisions were present in the supplied records for this candidate, so traceability ambiguity was not a major issue here."
22,3,eop,generated,case_22__rep_03,Candidate D,3,3,5,no,no,"Candidate D cites a substantial and generally relevant set of evidence records, each of which resolves clearly to a single record in the merged pool (no ambiguous dual-pool numeric IDs are indicated as problematic in this packet). The core claims about NiO's volume-change degradation mechanism, benefits of porosity/hierarchical structure, benefits of carbon coating for suppressing aggregation and improving contact, and benefits of 1D porous morphology for ion transport are each well matched to at least one supplied abstract discussing NiO or closely analogous conversion-oxide/carbon-composite anodes. The candidate is commendably transparent that no single reference demonstrates the exact tube-in-tube nanobelt architecture, correctly flagging its synthesis proposal (hydrothermal NiO nanobelt growth on carbon core, electrodeposition alternative, and glucose-based carbon coating) as a novel combination of analogous but not identical precedents (e.g., ZnO nanorod carbon coating via glucose, NiO nanoflakes on carbon nanofiber rather than nanobelt). This honesty about extrapolation is scientifically appropriate but does moderate the evidence-support and traceability scores, since several claims (especially the synthesis route, C5) are only partially, not directly, supported by the cited abstracts for the specific architecture proposed.","No fabricated or unresolvable identifiers were found; all cited IDs map to single evidence records in this packet. Some inferential distance exists between the cited abstracts (which describe related but not identical materials/geometries such as NiO nanoflakes on carbon nanofiber, ZnO nanorods with carbon coating, or NiO nanowires) and the specific tube-in-tube NiO nanobelt design proposed, which the candidate itself acknowledges. This adjacency affects support strength for C2 and C5 in particular but does not rise to contradiction."
22,3,raw,generated,case_22__rep_03,Candidate E,0,0,5,uncertain,no,"The candidate presents an entirely evidence-free response: no bracketed citations, identifiers, or abstract records are used or supplied anywhere in the text. All five selected central claims relate to core mechanistic and feasibility assertions (strain isolation, ion transport trade-offs, carbon-matrix conductivity restoration, dual-void buffering, and electrospinning fabrication route) that are essential to the proposed design's plausibility, yet none can be checked against any supplied evidence because no evidence was cited. This yields a floor score on both evidence support and citation traceability, since there is no usable mapping from claims to records at all (score 0 on both dimensions per rubric definition for absence of usable evidence/mapping). Because the claims are unverifiable rather than actively contradicted by any supplied record, they are not confirmed false, but their consequential nature (they underpin the feasibility and performance rationale of the entire design) makes the 'consequential_unsupported_or_contradicted_claim' flag uncertain rather than a clear no: the claims are plausible from general materials science principles but remain entirely unverified within this audit's evidentiary scope.","No evidence records were supplied for this candidate at all, so every central claim defaults to 'unverifiable' rather than 'unsupported' or 'contradicted' since there was no abstract to compare against. This is a pass/fail limitation of the packet itself (no bracketed IDs used by the candidate), not a judgment that the claims are scientifically incorrect. The consequential-claim flag is marked 'uncertain' because while the claims are central to the proposal's mechanism and feasibility, whether their absence of evidentiary support constitutes a 'consequential unsupported claim' in the rubric's intended sense (versus simple unverifiability) is ambiguous given the total absence of any citation apparatus in this response."
29,1,eo,legacy_replicate_1,case_29__rep_01,Candidate A,0,0,1,no,no,placeholder,placeholder
29,1,mpds,legacy_replicate_1,case_29__rep_01,Candidate B,2,2,5,no,uncertain,"The candidate's central claims are largely well-supported by the cited abstracts: the artifact sources (dendrites, HER, corrosion) associated with pristine Zn anodes are strongly corroborated (C2), the ZHS/pH mechanism confounding intrinsic cathode signal is well supported (C1), the NGO-coated Zn anode as a stabilized platform is directly supported (C3), and the eutectic alloy alternative is directly supported (C4). The weakest link is C5, where one of the two cited sources (vanadium oxide paper, ID:86) is off-target relative to the α-MnO2-specific degradation claim, and the specific quantitative protocol parameter (1000 cycles, \u22655C) is not itself validated by either abstract, representing a procedural extrapolation beyond what the evidence establishes. Several citation tokens (e.g., ID:14, ID:8, ID:6, ID:9, ID:10, ID:65, ID:67, ID:24, ID:20, ID:11, ID:407, ID:62, ID:27, ID:39) are ambiguous within the text since the candidate attributes them to 'Scientist A' or 'Scientist B' narrative voices rather than explicit pool labels; the supplied packet resolves each token to a specific pool (A or B) already, so I treated the resolution as given by the packet's uniquely supplied record per token in this packet (no dual-pool records appeared for the same ID within this packet, so no fabricated/invalid identifier is confirmed, but I flag 'uncertain' since ID:14 appears in two different unrelated fields across pools historically, though only one B-R14a is shown here matching the citation context of GITT/diffusion kinetics for MnO2, which is consistent with the candidate's usage).","ID:14 has two possible referents across pools (B-R14a: MnO2 GITT paper; B-R14b: Zn anode encapsulation paper), but the packet only shows one as apparently relevant to the candidate's Stage 1 CV/GITT claim (B-R14a, pool A). The candidate's surrounding text ('CV to identify redox potentials and GITT...Scientist A [ID: 14, 20]') suggests pool A intent, consistent with B-R14a, so it was treated as resolvable in context, but this required inference beyond a fully explicit pool label, hence some residual ambiguity. Similarly several IDs (8, 6, 9, 10, 24, 65, 67) are attributed to 'Scientist B' passages and resolve to pool B records supplied, which is consistent, but the memo's narrative framing (fictional debate personas) makes attribution somewhat indirect rather than a direct explicit citation format, slightly reducing traceability confidence overall."
29,1,eop,legacy_replicate_1,case_29__rep_01,Candidate C,3,3,5,no,no,"The candidate cites a large number of numeric IDs, all resolvable in the merged evidence pool without pool ambiguity (each token maps to exactly one supplied record here). Central mechanistic claims regarding Mn dissolution, pH-driven ZHS formation, binder chemistry, and electroanalytical methods (GITT/EIS) are each supported by directly relevant abstracts. Some citations (e.g., ID: 125, 247 on stabilizing cations; ID: 142 on CV redox potentials; ID: 11, 99, 20, 553 on ex situ characterization of phase transformations/oxidation states) are used more as generic background/method justification rather than being central, quantitatively verifiable claims essential to the core mechanism-distinguishing framework, so they were not selected as primary claims but do not appear misapplied. The calendering claim (C4) is only partially matched since the cited study's specific findings (increased resistance, adverse effects on both electrodes) don't precisely correspond to the more generic 'porosity/electrode integrity' framing used by the candidate. No fabricated or clearly invalid identifiers were found among the supplied records; all cited numeric IDs have single, unambiguous corresponding evidence entries in this packet's merged pool.","Because this packet's evidence pool is described as 'merged' rather than showing two candidate records per token, I treated all cited IDs as unambiguous here. Some claims (e.g., C1) combine multiple citations covering somewhat different sub-topics (Mn dissolution vs. anode instability), which slightly weakens precision of the claim-to-evidence mapping without constituting contradiction. Numerous other cited IDs (e.g., 125, 247, 142, 11, 99, 20, 553) were not selected as central claims because they support subsidiary methodological or background statements rather than core mechanism/feasibility/performance claims, per the sampling guidance to avoid trivial or peripheral claims."
29,1,raw,legacy_replicate_1,case_29__rep_01,Candidate D,0,0,5,uncertain,no,"The candidate response contains no bracketed evidence identifiers and no abstract records were supplied, as explicitly stated in the packet. All central claims regarding three-electrode isolation methodology, GITT diffusion analysis, Mn dissolution via ICP, post-mortem XRD phase identification, and N/P ratio effects are standard, plausible electrochemical/materials-science propositions, but none can be checked against any supplied evidence source. Since there is no citation apparatus at all, evidence_support and citation_traceability are scored at the floor (0), reflecting the complete absence of any usable evidence-to-claim mapping, per the rubric definition of a 0 in both dimensions when no selected central claim has usable supporting evidence and no mapping exists. This is not a judgment that the claims are scientifically wrong; they remain unverifiable under Pass 2 rules, which is distinct from being false.","All five central claims are marked unverifiable strictly due to total absence of cited evidence/abstracts, not because of any identified factual conflict with established science. The consequential_unsupported_or_contradicted_claim flag is marked uncertain rather than yes or no because while some claims (e.g., Mn dissolution as primary failure mode, N/P ratio thresholds) are consequential to the proposal's feasibility and remain fully unverifiable in this packet, the rubric specifies unverifiable should not be treated as equivalent to unsupported-and-false, creating ambiguity in how to flag consequential unverifiable claims under Pass 2 rules."
29,1,ds,legacy_replicate_1,case_29__rep_01,Candidate E,0,0,5,uncertain,uncertain,"The candidate cites numerous bracketed identifiers attributed to 'Scientist A' or 'Scientist B' throughout the memo, but the packet explicitly states that no bracketed evidence identifiers were present and no abstract records are supplied. This means every central claim selected—covering the core mechanistic and methodological assertions underpinning both the pragmatic and artifact-suppression frameworks—cannot be checked against any supplied evidence record. All five claims are therefore rated unverifiable rather than unsupported or contradicted, since unverifiable does not imply falsity. However, because there is no usable mapping from any claim to a valid evidence record, both evidence support and citation traceability are scored at the floor (0). The claims themselves are central to feasibility and mechanism (anode/cathode diagnostic logic, pH interference mechanism, anode stabilization validation, electrolyte engineering, and operando monitoring), so their unverifiability is consequential to assessing the proposal's evidentiary grounding, though this reflects an evidence-supply gap in the packet rather than a specific error by the candidate.","The flags for consequential unsupported/contradicted claim and fabricated/invalid identifier are marked 'uncertain' rather than 'yes' or 'no' because the packet states no evidence records were supplied at all, making it impossible to determine whether the cited identifiers (41, 14, 20, 10, 57, 39, 21, 27, 13, 49) are fabricated, valid-but-omitted, or genuinely nonexistent. This is a limitation of the evidence packet itself rather than a definitive finding about the candidate's citation practices."
29,2,mpds,generated,case_29__rep_02,Candidate A,2,1,5,yes,uncertain,"The candidate builds a hybrid testing framework whose central mechanistic claims are a mix of well-supported and poorly-supported citations. The core diagnostic claim about ZHS precipitation (C1) and phase transformation to ZnMn2O4 (C2/C5) are well-supported by directly relevant abstracts. However, the Mn-dissolution-poisons-anode claim (C2) cites a lithium-ion battery paper, not an aqueous ZIB study, which is a significant evidentiary mismatch for a central mechanistic claim underpinning the 'Diagnostic Track' rationale. Additionally, several numeric IDs (e.g., ID: 8, 14, 49) appear in both evidence pools A and B without clear textual disambiguation, creating traceability problems: the candidate cites '[ID: 8, 14, 105]' for GITT/EQCM characterization (pool A makes sense contextually) but also cites Scientist B using '[ID: 8]' for anode stability discussion (pool B), and '[ID: 49]' and '[ID: 13]' consistently appear only in pool B, while '[ID: 14]' appears in both pools with different papers (one MnO2 cathode study, one Zn-anode MXene/graphene study), and the candidate uses ID:14 in a cathode-fingerprinting context (1a) which matches pool A, so that specific instance is likely resolvable by context, but the ambiguity for repeated IDs across the memo makes some claim-evidence links only weakly disambiguated by narrative framing rather than explicit reference. This creates real risk of miscitation for a reader trying to verify the exact source.","For claim C4, cited ID 23 only exists in pool B (NaTi2(PO4)3 protection layer paper), so it is technically unambiguous, but the paper's content (a specific Zn-protection technology demonstrating up to 10,000 cycles) is not clearly the generic '2000+ cycles' claim attributed to Scientist B's general framework; the abstract only shows this specific system's data, so use as generic support for the framework's feasibility is an overreach. For the fabricated/invalid citation identifier flag, I mark 'uncertain' because while all cited numeric tokens do resolve to some record in the supplied evidence (none are outright missing), several tokens (8, 14) are dual-pool tokens where the memo does not explicitly state which pool is intended, creating genuine ambiguity in attribution rather than clear-cut fabrication, per the module's instruction not to guess on ambiguous IDs."
29,2,eop,generated,case_29__rep_02,Candidate B,3,3,5,no,no,"The candidate cites a large, generally well-matched set of evidence records covering MnO2 dissolution mechanisms, pH-driven ZHS formation, electrolyte additive strategies, binder choice, mass loading effects, and voltage-window control. Most central claims are directly supported by at least one cited abstract with mechanistic specificity (e.g., B-R03 for pH/ZHS mechanism, B-R06 for MnSO4 additive suppression, B-R09 for CMC binder benefits, B-R18 for voltage-window control of conversion reactions). Weaker links appear where cited records only partially match the specific claim, most notably for the mass-loading claim where B-R12 concerns Zn anode DOD/current density rather than MnO2 cathode mass loading, providing only tangential support to that specific claim. No fabricated or unresolvable identifiers were found among the sampled evidence; all cited tokens map to a single supplied record in the merged pool with content plausibly relevant to the surrounding text. Overall, evidence generally substantiates the proposed protocol's key mechanistic assumptions, with one area of partial/weaker support.","For C4, the pairing of ID 850 (a Zn-anode-focused DOD/current-density study) with a cathode mass-loading claim is only loosely relevant; this reduces confidence in full support for that specific claim, though it does not rise to contradiction. No numeric ID pool-ambiguity issues were identified because all evidence records were supplied as 'merged' pool entries uniquely mapped to their cited tokens within this packet."
29,2,raw,generated,case_29__rep_02,Candidate C,0,0,5,uncertain,no,"The candidate presents a detailed, methodologically coherent multi-stage testing protocol for distinguishing intrinsic alpha-MnO2 behavior from artifacts in aqueous Zn-ion batteries. However, the response contains no bracketed evidence identifiers and no abstract records were supplied, meaning every central claim -- including foundational methodological assertions (three-electrode necessity, GITT diffusion coefficient extraction, ICP-OES Mn dissolution quantification, electrolyte formulation rationale, and XRD phase identification) -- is unverifiable against the evidence base provided for this audit. None of the claims are contradicted by any record (since none exist), but none are supported or traceable either. This yields the lowest possible evidence_support and citation_traceability scores, as there is no usable mapping from claims to evidence records.","All five claims are marked unverifiable strictly because no evidence records were supplied for this candidate, not because the claims are scientifically implausible. The consequential_unsupported_or_contradicted_claim flag is marked 'uncertain' rather than 'yes' because while these claims are central to the proposal's feasibility and mechanism, they represent standard, plausible electrochemical methodology in the field; lack of supplied evidence does not itself indicate the claims are false or scientifically inconsequential, but the complete absence of any citation or supporting record for a proposal built entirely on methodological assertions is a notable gap worth flagging for reviewer attention. No fabricated or invalid identifiers were found since no identifiers were used at all."
29,2,ds,generated,case_29__rep_02,Candidate D,2,2,5,yes,yes,"Candidate D presents a detailed, internally coherent four-tier protocol synthesizing two hypothetical prior positions (Scientist A and B), citing numerous internal literature identifiers (labeled per named scientist) that map to supplied evidence records. Several central mechanistic and feasibility claims are anchored to genuinely relevant abstracts (e.g., Mn dissolution phenomena, pH artifacts near MnO2 cathodes, structural analysis methods for cathode degradation), yielding partial-to-full support for those claims. However, key claims about the specific standardized testbed (Zn@CC on carbon cloth with a defined N/P ratio and performance threshold) are only loosely analogous to the cited studies (which use different host materials, e.g., carbon nanofiber or generic carbon additive, and different cathode chemistries), reducing confidence that the cited literature substantiates the specific protocol recommendations. Most seriously, one central claim (post-mortem ICP-OES quantification of Mn dissolution, ID:200) cites a record that is completely unrelated to batteries or Mn chemistry (a bioceramic dental materials study), which is a serious evidentiary failure directly bearing on a consequential claim in the proposed Tier 3 diagnostic protocol. This constitutes either a fabricated/invalid citation mapping or a severe identifier mismatch, undermining confidence in the traceability of the citation scheme as a whole. Given the mix of adequately supported claims, partially supported/analogous claims, and one clearly contradicted/mismatched claim tied to a consequential step of the proposed protocol, overall evidence support and citation traceability are notably weakened.","For C1, the exact protocol of a 'limited number of galvanostatic cycles then ICP-OES' fingerprinting approach is not explicitly validated in the cited abstracts, which discuss Mn dissolution mechanisms more generally; this creates ambiguity about whether the abstracts were meant to support only the general phenomenon or the specific proposed protocol. For C3, it is uncertain whether the carbon cloth vs. carbon nanofiber/carbon-additive distinction was intended by the candidate to be treated as interchangeable evidence, since the underlying architectures differ. For C5, it is very likely that ID:200 was intended to refer to a battery-relevant Mn/ICP-OES study within evidence pool B, but the supplied record for that identifier is unrelated (bioceramics), so this may reflect either a genuine mismatch in the underlying source material provided for audit or an error in the candidate's citation; per instructions, I did not attempt to guess the 'correct' intended source and treated the supplied record as authoritative for this identifier, yielding a 'contradicted' status because the supplied evidence is entirely irrelevant to and does not support the claim as stated. This ambiguity is reflected in an 'uncertain'-leaning judgment but was resolved conservatively toward flagging the identifier issue rather than assuming it is scientifically false."
29,2,eo,generated,case_29__rep_02,Candidate E,0,0,1,no,no,placeholder,placeholder
29,3,eop,generated,case_29__rep_03,Candidate A,0,0,5,uncertain,uncertain,"The candidate response is heavily annotated with bracketed numeric citation identifiers throughout (e.g., [2,4,71], [41,508,541], [114,142,538], [68], [538], [9,850], and many others), but the packet explicitly states that no bracketed evidence identifiers were present and no abstract records are supplied. This is an internal inconsistency in the packet materials as delivered to me: the candidate text clearly contains numeric bracket citations, yet the evidence records section indicates none were supplied. Operating strictly on the instruction to judge support only from supplied abstract records, and since no abstract records were provided for any of the numeric identifiers cited in the candidate text, every central claim I selected must be scored as unverifiable rather than assumed true or false. This yields a floor evidence_support score of 0 (no selected central claim has usable supporting evidence) and a floor citation_traceability score of 0 (no usable mapping from central claims to evidence records, since no records exist to map to). I did not treat unverifiable as proof of falsity per the module rules. I flagged the two Pass 2 flags as uncertain rather than yes/no because I cannot determine, from the information given, whether the identifiers are genuinely fabricated/invalid or whether the abstract records were simply omitted from this packet by design/error, and I cannot determine whether the underlying scientific claims are actually false (only that they are unsupported by supplied evidence) making the consequential-error flag likewise uncertain rather than a confident yes.","The packet's evidence-records section states no bracketed identifiers were present, which conflicts with the candidate text that contains numerous bracketed numeric citations (e.g., [2,4,71], [41,508,541], [114,142,538], [68], [538], [9,850], [28,66], [49,505], [286], [14,20], [8,142], [11,20,27,117], [116], [20,55], [560], [30,78,226], [69,116], [510,513,554]). Because I am instructed not to invent evidence or guess at ambiguous IDs, and no abstract records were actually supplied despite the text containing many identifiers, I treated every selected central claim as unverifiable and scored evidence_support and citation_traceability at the floor (0). This may understate traceability if abstract records exist but were inadvertently omitted from this blinded packet; however, per the frozen module rules I can only judge from what was supplied to me in this pass."
29,3,raw,generated,case_29__rep_03,Candidate B,0,0,5,no,no,"Candidate B presents an extensive, detailed testing and evaluation framework for distinguishing intrinsic alpha-MnO2 behavior from system-level artifacts in aqueous ZIBs. However, the candidate text contains no bracketed evidence identifiers or citations whatsoever, and no evidence records were supplied for this packet. All central claims selected are methodologically well-grounded in standard electrochemical practice, but none can be verified against any provided abstract record, since none exist. As a result, every claim defaults to 'unverifiable' rather than 'unsupported' or 'contradicted', since unverifiable does not imply falsity per the module's instructions. Because there are no citations at all, both evidence_support and citation_traceability must be scored at the floor (0), reflecting the complete absence of any usable claim-to-evidence mapping — not a judgment on the underlying scientific validity of the proposed protocol, which is outside the scope of this Pass 2 audit.","No evidence records were supplied because the candidate did not include any bracketed identifiers. This makes it impossible to assess evidence support or traceability substantively; the low scores here reflect only the absence of citations, not necessarily poor science. No fabricated or invalid identifiers were found because no identifiers were used at all."
29,3,ds,generated,case_29__rep_03,Candidate C,2,1,5,no,uncertain,"The candidate's memo synthesizes two hypothetical scientists' positions and attributes citations to each ('Scientist A [ID: x]' / 'Scientist B [ID: y]'), which is an unusual citation format that nonetheless maps largely to the supplied evidence pools. Central mechanistic claims (electrolyte-dependent MnO2 behavior, pH-microelectrode operando tracking, high-loading pouch cell validation, in-situ phase-change tracking) each have plausible supporting abstracts, but several claims bundle multiple IDs where only one is genuinely on-point (e.g., ID 267 bundled with ID 39 for the pH claim; ID 214's phase-change description doesn't demonstrate an operando XRD/Raman method as implied). The most serious traceability issue is ID 57, which exists in two evidence pools (A: MnO2 vs Mn2O3 comparison; B: GBL additive for Zn reversibility) and is invoked in two different attributions across the memo ('Scientist A [ID: 57]' in Stage 2 post-mortem section vs 'Scientist B [ID: 22, 57]' in Stage 1) without clearly and consistently disambiguating pool membership at each point of use, creating a material ambiguity for at least one important claim. No claim is directly contradicted by its cited evidence, but overreach (attributing broader methodological validation to narrow single-topic abstracts) is common across claims C3-C5.","The dual appearance of ID 57 across both Scientist A and Scientist B attributions in different sections, referencing different evidence pools (A vs B), creates genuine ambiguity about which record the candidate intends at each citation instance; this was scored as uncertain for the fabricated/invalid identifier flag rather than a definitive fabrication, since the token itself is valid in both pools but the candidate's dual usage muddies unique attribution. Additionally, several claims (C4, C5) reflect the memo's own synthesis and extrapolation beyond what the cited abstracts directly demonstrate, though this reflects overreach rather than outright contradiction, so support_status was set to partially_supported rather than unsupported or contradicted."
29,3,eo,generated,case_29__rep_03,Candidate D,3,3,5,no,no,"Candidate D presents an extensive, well-organized testing/evaluation framework with heavy citation density. The central claims map to a large number of provided abstracts, and spot-checking the most consequential claims (anode stabilization via symmetric cells, dual H+/Zn2+ mechanism with pH/ZHS linkage, and the air-exposure O2-mediated capacity artifact) shows direct, specific support from the corresponding evidence records. The MnSO4 common-ion suppression claim and the WiSE/organic-solvent H+ suppression claim are only partially supported: some cited records substantiate the general mechanism while others are cited more as standard practice or tangential context (e.g., reviews, vanadium-cathode papers, general electrolyte studies) rather than as direct proof of the specific mechanistic proposition. No fabricated or unresolvable identifiers were found among the audited citations (all numeric IDs map to a single merged-pool record with a clear, attributable abstract). No claim was contradicted by its cited evidence. Overall, evidentiary support is solid but uneven across claims, consistent with a mid-range score for both evidence support and traceability, reflecting that most central claims have credible support though some links are more circumstantial or partial rather than fully specific to the exact proposition stated.","For C2 and C4, the claim text aggregates several specific sub-claims (mechanism, electrolyte type, and effect) with a large citation list, making it difficult to cleanly separate which specific citation supports which specific sub-claim; this ambiguity is reflected in a 'partially_supported' rather than 'unsupported' or 'supported' classification. Some citations included in these bundles (e.g., ID:16, ID:522, ID:654) are studies on related but distinct systems (nonaqueous ZIBs, Zn anode solvation, vanadium cathodes) and their relevance to the specific MnO2 H+-suppression claim required judgment calls. No numeric ID collisions across separate evidence pools were noted in this packet since all records are labeled 'merged' pool with unique abstracts supplied for each token."
29,3,mpds,generated,case_29__rep_03,Candidate E,2,1,5,yes,uncertain,"The candidate's central claims are a mix of well-supported general statements (Zn anode instability, C3) and several claims that either overreach the cited evidence (C1, C4) or rely on non-analogous or irrelevant sources (C2, C5). Notably, C2 cites a lithium-ion cell degradation study to support a claim about Zn anode poisoning in aqueous ZIBs, which is a significant chemistry mismatch and constitutes an unsupported claim central to the diagnostic framework's justification. C5's ambiguous ID 355, mapping to two unrelated pools (lithium recovery vs. Zn cycle life), is not resolved by the candidate's text, undermining traceability for a claim central to the proposed validation protocol (pouch cell testing metrics). Given that C2 and C5 are both important to the mechanistic/feasibility narrative and are unsupported/unverifiable respectively, this materially weakens the evidentiary basis of the memo's central synthesis, though the overall citation practice is reasonably transparent (explicit ID tags throughout) rather than fabricated.","For C1, it is unclear whether the reviewer should treat 'diagnostic signal' language as within-scope of E-R01's demonstrated pH-mechanism finding or as an added inference; I treated it as partially supported. For C4, the two cited papers each individually fall just short of the exact quantitative bar stated (>99.5% CE), so partial support was assigned rather than full support or contradiction, since the underlying phenomena (long cycling, high CE) are demonstrated qualitatively. For C5, the ambiguous ID 355 could not be resolved from the candidate's own text since both scientists cite the same numeral without pool-specifying context, so I flagged this as an 'uncertain' fabrication/invalidity case rather than a definitive fabrication, since the identifier itself is not clearly bogus, just ambiguous across supplied pools."
30,1,raw,legacy_replicate_1,case_30__rep_01,Candidate A,0,0,5,uncertain,no,"The candidate presents a detailed mechanistic and procedural argument for a scaffolded yolk-shell metal/metal-selenide architecture, but includes no bracketed evidence identifiers or citations anywhere in the text. No abstract records were supplied, consistent with the candidate not citing any external sources. As a result, every central claim selected—covering conductivity/heterostructure benefits, void-space optimization, shell porosity/thickness effects, catalytic suppression of polyselenide dissolution, and template-based synthesis reproducibility—is unverifiable under Pass 2 criteria, since there is no uniquely attributable evidence to assess. This is not evidence that the claims are scientifically incorrect, only that they cannot be checked against supplied records. Because no evidence linkage exists at all, both evidence_support and citation_traceability are scored at the floor (0), per rubric guidance that a 0 in evidence_support applies when no selected central claim has usable supporting evidence, and 0 in traceability applies when there is no usable mapping from claims to evidence records.","All five claims are central to the proposed mechanism and feasibility (conductivity enhancement, strain buffering, ion transport, polyselenide suppression, and synthesis reproducibility), but none can be verified due to total absence of cited evidence. The 'consequential_unsupported_or_contradicted_claim' flag is marked uncertain because while the claims are plausible and consistent with general battery-materials literature, their specific quantitative assertions (e.g., 1.5-2.0x void ratio, 5-10 nm shell thickness) are unverified and could be overstated without contradiction being demonstrable from absent evidence."
30,1,ds,legacy_replicate_1,case_30__rep_01,Candidate B,2,1,5,yes,no,"The candidate's central mechanistic claims about MOF-pyrolysis conductivity failure (C2) and CNF electrospinning benefits (C3) are supported by evidence records that are thematically unrelated to the specific claims (MnS nanochains, Pd-Fe ORR catalysts, NiCo2S4 Li-storage), constituting unsupported citations for consequential feasibility arguments underpinning the director's final recommendation. Several other claims (C1, C4, C5) receive only partial support, since cited abstracts are frequently drawn from adjacent but non-identical systems (different metal ions such as K+ or Li+ rather than Na+, or non-selenide materials such as SnO2, Nb2O5, ZnFe2O4, Mo2C) or address different mechanisms (catalysis, microwave absorption, CO2 capture) rather than the sodium-ion selenide anode mechanism being argued. No numeric ID collisions across pools A and B were left ambiguous in-text (all pool tags were embedded in the evidence records themselves, not resolved by the candidate at time of writing, but each ID was cited only once per specific evidence file so traceability of raw pointer to record is not fabricated). However many cited sources do not actually substantiate the mechanistic point they are attached to, which is why citation traceability is low despite no strictly invalid/fabricated identifiers.","Several IDs (e.g., 24, 30, 492, 94, 158, 80, 83) are cited from 'pool B,' a set of records that are overwhelmingly about unrelated non-battery or non-selenide topics (catalysis, CO2 capture, microwave absorption). This raises concern that the underlying citation pool assignment used by the candidate could reflect either mismatched retrieval or hallucinated support attribution, but since the task supplies exactly one record per token, I did not treat this as 'fabricated identifiers' — the identifiers resolve to real records, just largely irrelevant ones. I flagged the consequential unsupported claims (C2, C3) as 'yes' because they underlie the director's key architectural recommendation (electrospun CNF scaffold to solve conductivity issues) yet lack genuine evidentiary support in the supplied abstracts."
30,1,eo,legacy_replicate_1,case_30__rep_01,Candidate C,1,1,5,yes,uncertain,"The candidate's central mechanistic claims about bimetallic/heterostructure metal selenides for sodium-ion storage are largely unsupported by the actual supplied evidence records. Although the answer cites many numeric IDs, most retrieved abstracts correspond to unrelated systems (Li-ion oxides, various heterogeneous catalysts, supercapacitors, thermoelectrics, water treatment, CO2 capture) rather than the specific Na-ion metal-selenide chemistries and heterostructures discussed in the text (e.g., Fe2CoSe4, Ni0.6Fe0.4Se2, ZnCoSe, Ni3Se4/CoSe2, ZnSe/CoSe2). Only two citations (ID:2 and possibly ID:1/ID:14/ID:33) meaningfully align with the Na-ion selenide/MOF narrative. The specific named compounds and DFT-derived interfacial electric-field claims that are central to the mechanistic argument (heterostructure engineering for kinetics) are not verifiable from any single provided abstract, constituting a consequential unsupported claim regarding mechanism and performance. Because many IDs are shared with clearly off-topic fields (catalysis, thermoelectrics, fuel cells), and the candidate does not disambiguate them, there is a risk that citation identifiers were reused/misapplied across unrelated domains, though I cannot confirm outright fabrication versus poor retrieval matching without pool-source information.","Only one evidence pool ('merged') was supplied, so no cross-pool ambiguity in the classic sense exists, but many IDs point to records entirely unrelated to metal selenides or Na-ion batteries despite being cited to support core selenide/Na-storage claims, suggesting probable misattribution or retrieval-pipeline error rather than a deliberate scientific claim. The two claims (C2, and partially C1 via ID:2) that do connect to relevant literature are noted as partially supported; all others were judged unsupported given the mismatch between cited abstract content and stated claim content. I did not treat 'unverifiable' as proof of falsity, but rather scored based on directly checkable mismatch between cited abstracts and the specific compounds/mechanisms claimed."
30,1,mpds,legacy_replicate_1,case_30__rep_01,Candidate D,3,3,5,no,uncertain,"Candidate D presents a debate-synthesis memo comparing two architectural philosophies (hollow bimetallic selenide vs. nanofiber monometallic selenide) and cites numbered evidence IDs attributed to each fictional scientist. Most central claims map to real, topically relevant abstracts, and several key claims (yolk-shell volume buffering, heterointerface kinetics enhancement, nanofiber flexibility) find reasonable support in the cited records. However, several claims aggregate multiple citations for compound claims where only some sources support each component (e.g., mixing spin-polarization mechanisms with heterointerface built-in field mechanisms, or citing an Fe1-xS sulfide as evidence for selenide rate performance). This creates partial rather than full support in several instances. Traceability is complicated by the ID:2 token, which is explicitly noted as ambiguous (present in both pools A and B) but the candidate uses it consistently for the MOF-derived selenidation paper, which is resolvable from context. Other IDs map cleanly to single supplied records. No fabricated/inexistent identifiers were found among the supplied records, though the reviewer cannot verify if additional uncited IDs exist elsewhere in the original candidate text that were not supplied.","The token [ID: 2] is flagged in the evidence pool as ambiguous between pools A and B, though both point to the same record (D-R07), so no material ambiguity resulted in practice. This packet only supplies evidence for identifiers actually cited in the visible candidate text; it is possible additional IDs cited elsewhere (e.g., in fuller unshown debate transcripts referenced obliquely) were not included, but based on the supplied records all cited tokens resolve to specific records. The claims are compound (attributing multiple ID citations to single sentences), which limits precision in assessing whether every individual source within a bundled citation fully supports the stated mechanism; this is reflected in the partially_supported ratings rather than treating the group as either fully supported or unsupported. Because the compound claims mix supported and unsupported components without being flatly contradicted, no central claim was rated 'contradicted' or fully 'unsupported', and the consequential-claim flag is set to 'no' since the overall directional claims (hollow architecture aids volume buffering; heterointerfaces/bimetallic aid kinetics) remain broadly consistent with the cited literature, even if some specific numeric or mechanistic details are only loosely mapped to the exact cited papers."
30,1,eop,legacy_replicate_1,case_30__rep_01,Candidate E,1,1,5,yes,yes,"The candidate response builds a coherent architectural narrative (yolk-shell bimetallic selenide in N-doped hollow carbon) but its citation-to-evidence mapping is severely unreliable. Nearly all cited abstracts pertain to unrelated systems and applications: HER/OER electrocatalysts, thermoelectrics, photocatalysis, fuel cells, CO2 capture, perovskite photovoltaics, and other battery chemistries (K-ion, Li-ion, Zn-ion) rather than the specific Na-ion metal-selenide claims being made. Only one citation (E-R13, ID: 2) meaningfully supports part of the argument (general MOF-derived selenidation strategy for Na-ion anodes). The specific, consequential quantitative claim about FeSe2@C achieving 10,000 cycles at 10 A g-1 (ID: 530) is directly contradicted by the supplied record, which describes an unrelated V2O5 lithium-storage material with much lower cited cycle numbers. Similarly, the DFT/heterostructure kinetics claim tied to ID 133 is not supported by the actual high-entropy selenide abstract, which addresses a different mechanism (vacancy-mediated polyselenide adsorption). This pattern suggests either citation-ID mismatch/fabrication or reliance on numeric identifiers not corresponding to the intended sources, undermining traceability significantly.","It is possible the numeric IDs correspond to a different, unshared internal evidence pool where the intended sources actually support the claims (e.g., a true FeSe2@C sodium-storage paper), but based solely on the supplied records, the mapping is not supported and in one case directly contradicted. The 'merged' evidence pool designation does not resolve this ambiguity since only one record per ID was supplied and none aligns with the specific claims made. I treated cases where the abstract is off-topic as 'unsupported' rather than 'unverifiable' because a specific record was in fact supplied and reviewed, and it fails to support the claim; this reflects the rubric's distinction between missing citations and irrelevant/incorrect ones. The overall assessment that this may reflect fabricated or mismatched identifiers is treated as an uncertainty given no explicit proof of deliberate fabrication versus an artifact of the audit packet's evidence-record assembly."
30,2,ds,generated,case_30__rep_02,Candidate A,3,3,5,no,uncertain,"The memo synthesizes two positions and cites a large number of evidence records, most of which map to plausible, topically relevant abstracts (metal selenide anodes, carbon encapsulation, bimetallic heterostructures, yolk-shell architectures) supporting the central mechanistic claims about void engineering, encapsulation, and heterostructures. However, several supporting claims (especially C4 and C5) rely on analogic evidence from non-selenide chemistries (Si, Sn microparticle/nanofiber anodes) to support selenide-specific architectural claims, which is only partially supportive and represents an extrapolation beyond the literal system studied. Numeric ID citations are frequently ambiguous because many tokens (e.g., [ID: 2], [ID: 48], [ID: 133], [ID: 107], [ID: 371], etc.) appear in both evidence pools A and B; the packet clarifies that ID 2 is shared (same record) but does not resolve whether other bare numeric IDs used by Candidate A (many of which match pool A records in the supplied evidence, per the evidence pool column) are unambiguous. Since the supplied evidence explicitly labels each cited token with a single pool (A) except for ID:2 (A and B, same record), the mapping is largely resolvable, but the frequent reliance on cross-pool numbering system embedded in a debate memo introduces some residual ambiguity as to whether the candidate consistently intended the correct pool for every citation, especially for claims blending Scientist A and Scientist B citations together (e.g., claim 2 in the framework section citing both A-list and B-list IDs together such as [ID: 33, 59]; Scientist B [ID: 48, 160]). This creates minor uncertainty about fabricated/misattributed identifiers, though no clearly invalid or fabricated ID was found in the supplied evidence set.","Central claims C4 and C5 depend partly on evidence describing Si/Sn-based systems rather than metal selenides, which are structurally analogous but not the same material system; this is judged as partial support rather than direct support. Some cited numeric IDs (e.g., 2, 48, 133, 107, 371, 22, 389, 236, 266, 160, 14) belong to Evidence Pool B while the candidate's own labeling (Scientist A vs Scientist B) generally routes them to the correct scientist, but the packet's dual-pool numeric ID scheme creates a structural traceability risk that a reviewer without pool labels could misattribute. The fabricated/invalid identifier flag is marked 'uncertain' primarily due to this systemic ambiguity in the shared ID numbering, not because any specific record was clearly wrong or fictitious."
30,2,eo,generated,case_30__rep_02,Candidate B,4,4,5,no,no,"Candidate B cites a large, well-matched set of merged-pool evidence records that closely track its central mechanistic claims (hollow/yolk-shell strain buffering, heterostructure-induced diffusion barrier reduction including the specific 0.39 eV DFT figure, staged bimetallic volume accommodation, and MOF-derived synthesis generality). All cited IDs correspond to real, relevant supplied abstracts, and the evidence pool is described as 'merged' rather than split, removing the usual ambiguity concern from dual-pool numeric IDs. Most central claims are directly supported with specific, verifiable details (e.g., exact capacity/cycle numbers, the DFT diffusion barrier value) rather than vague paraphrase. The main weakness is the polyselenide-adsorption component attributed to N-doping (C5), where the cited N-doped carbon papers substantiate conductivity/transport benefits but not explicitly polyselenide adsorption via doping per se; a more directly on-point record (e.g., B-R13, discussing pyridinic/pyrrolic nitrogen adsorption of Na-polyselenides) exists in the packet but was cited under a separate claim in the original text, so the specific sub-claim about N-doping's polyselenide adsorption benefit is only partially substantiated by the sources grouped with it. No fabricated identifiers were found; all cited numeric IDs map to explicit supplied records in the merged pool.","The candidate cites a very large number of IDs per sentence (e.g., strings of 3-5 IDs), making it hard to attribute which specific claim element each individual source supports; I focused on the record(s) most directly on-point for each selected central claim. B-R30 is a lithium-ion study cited to support a sodium-ion mechanistic claim about staged potentials; the underlying electrochemical principle likely generalizes, but this cross-chemistry citation introduces minor uncertainty not rising to contradiction. No numeric ID collisions between separate evidence pools were present since all records are labeled 'merged', so traceability is generally high despite the density of multi-ID citations."
30,2,mpds,generated,case_30__rep_02,Candidate C,4,4,5,no,no,"The candidate's central claims are drawn from a debate synthesis and are each tied to specific evidence identifiers. Cross-checking against the supplied abstracts shows strong, direct support for most claims: the ether-electrolyte SEI mechanism (C1), yolk-shell architecture benefits (C2), spin-state/kinetic engineering (C3), and heterostructure kinetic benefits (C5) are all well matched to their cited abstracts. The hierarchical hollow-carbon encapsulation claim (C4) is only partially supported because one of the two cited records (ID: 134) concerns an FeP-based (phosphide) system rather than a selenide, making it an adjacent but not directly on-point piece of evidence for the selenide-specific claim, even though it supports the general architectural principle. No fabricated or unresolvable identifiers were found; all cited IDs map to supplied records, and where two evidence pools were provided for a token (e.g., ID: 2), the surrounding text and shared record content made attribution unambiguous. No claim was contradicted by its evidence.","ID: 2 was cited by both Scientist A and Scientist B pointing to the same underlying record (C-R07), which is unambiguous since only one record was supplied for that token. IDs 134/266/133 are pool B records mapped without ambiguity since only single records were provided per token in this packet. The main residual uncertainty is whether the FeP-based reference (ID: 134) was intended by the candidate as strong direct evidence for selenide-specific hollow-carbon nanostructuring or merely as an analogous supporting example from a related material class; this affects claim C4's support level but does not rise to a fabricated-citation or contradiction concern."
30,2,eop,generated,case_30__rep_02,Candidate D,4,4,5,no,no,"The candidate's central claims are well-distributed across a large, specific evidence set with mostly unambiguous single-pool identifiers (all records supplied are labeled 'merged' pool, so no cross-pool ambiguity issue arises for the cited IDs in this packet). Each major mechanistic claim (yolk-shell void space, bimetallic heterojunction kinetics, MOF-derived synthesis, Se-C interfacial bonding, and 3D conductive network) is backed by at least one directly relevant abstract, and in most cases multiple concordant sources. The main gap is claim C5, where the specific combination of 'yolk-shell particles embedded in 3D CNT/graphene networks' is a plausible extrapolation beyond what the cited abstracts individually confirm (they support 3D carbon-network benefits but not integration with yolk-shell yolks specifically). No fabricated or clearly invalid identifiers were found among the supplied records; all cited IDs correspond to supplied abstracts.","Claim C2's citation to D-R09 (NiCo2Se4) is included as supporting evidence for 'richer redox reactions/conductivity' generally, but the abstract itself does not explicitly discuss heterojunction electric-field effects — this is a minor overreach folded into a broader supported claim. Claim C3's citation to D-R13 is supportive of the yolk-shell architecture but does not itself detail the MOF-precursor synthesis pathway; this nuance was noted but did not change the overall 'supported' classification given corroboration from D-R14 and D-R15. Claim C5 was rated partially_supported due to the specific yolk-shell + 3D-network integration not being explicitly demonstrated in the cited abstracts, though the general mechanism (3D conductive network improving performance) is well supported."
30,2,raw,generated,case_30__rep_02,Candidate E,0,0,5,uncertain,no,"The candidate response contains no bracketed evidence identifiers and no abstract records were supplied, as explicitly stated in the packet. All central claims -- including the magnitude of volume expansion, the role of metal incorporation in strain buffering, optimal shell thickness, heteroatom doping benefits, and yolk-shell morphology advantages -- are asserted as established design principles without any citation to verify them against supplied evidence. Since no evidence records exist for this candidate, no claim can be scored as supported, partially supported, unsupported, or contradicted; all are marked unverifiable. This results in the floor scores for both evidence_support and citation_traceability, per the rubric's definition of 0 (no usable mapping from central claims to evidence records, and no selected central claim has usable supporting evidence).","Because no evidence records were supplied for this candidate, it is impossible to determine whether the underlying scientific claims are true or false -- only that they are unverifiable within this audit's evidentiary constraints. The consequential_unsupported_or_contradicted_claim flag is marked uncertain because several claims (e.g., volume expansion magnitude, doping-transport mechanism) are plausible and consistent with general materials science knowledge, but their centrality to feasibility/performance claims combined with total absence of citation support creates ambiguity about whether this should be treated as a consequential evidentiary gap or simply a traceability shortfall. No fabricated or invalid identifiers were found since no identifiers were used at all."
30,3,eo,generated,case_30__rep_03,Candidate A,0,0,5,uncertain,uncertain,"The candidate text cites numerous bracketed numeric identifiers (e.g., [1], [2], [6], [7], [23], [27], [35], [80], etc.) throughout its argument, but the packet explicitly states that no bracketed evidence identifiers were present and no abstract records are supplied. This means every central claim, including those essential to the proposed mechanism (volume buffering via yolk-shell architecture, bimetallic conductivity enhancement, heterostructure interface effects, and MOF-derived synthesis routes), lacks any attributable evidence record in this packet. Under Pass 2 rules, absence of a usable, uniquely attributable abstract renders each claim 'unverifiable' rather than false, but it also means evidence support and citation traceability must be scored at the floor since no mapping from claim to record can be constructed at all.","All five selected claims are marked unverifiable solely because no evidence records were supplied for this candidate, not because the underlying science is judged incorrect. It is possible that abstract records exist elsewhere in the full evaluation but were omitted from this specific packet; without them, no claim can be confirmed as supported, contradicted, or fabricated. The 'fabricated_or_invalid_citation_identifier' flag is marked uncertain because the identifiers themselves may be valid in a fuller pool, but within this packet no records back them, so their validity cannot be confirmed one way or the other. Similarly, 'consequential_unsupported_or_contradicted_claim' is uncertain because the claims are central to the mechanism but their support status is unverifiable rather than affirmatively unsupported or contradicted."
30,3,mpds,generated,case_30__rep_03,Candidate B,3,2,5,yes,uncertain,"The candidate builds a hybrid recommendation from a two-scientist debate framing, citing many identifiers. Several key mechanistic and feasibility claims (Se-C bonding, general TMSe/carbon encapsulation strategies) are well supported by directly relevant abstracts. However, some central claims rely on cross-chalcogen analogy (sulfide records cited to support selenide claims, e.g., ID 107 for Fe7Se8, ID 55 for Ni-Co selenide) that are not directly supported by the supplied abstracts, and one important claim (ether vs carbonate electrolyte SEI benefit) uses an ambiguous ID (5) that maps to two entirely different-topic records in pools A and B, making that specific citation unusable as unique support even though a same-numbered pool-A record would independently support the claim. This mixture of solid support for some claims and unresolved ambiguity/mismatch for others yields moderate evidence support and traceability.","ID 5 ambiguity is a significant issue: pool A record strongly supports the ether-electrolyte SEI mechanism, but pool B record is unrelated (ORR catalyst), and the text does not disambiguate pool despite distinguishing 'Scientist A' vs 'Scientist B' framing for other IDs. Because the surrounding text lists ID 5 under both Scientist A and Scientist B without pool-specific labeling, I treated it as unverifiable per the ambiguity rule. Similarly, ID 107, 160, 55, 7, 48, 249 all reference pool B chalcogenide/carbon-encapsulation studies that are frequently sulfide- or oxide-based analogues rather than the exact selenide systems claimed, which weakens but does not eliminate their evidentiary value for the general design principle (encapsulation, hollow carbon, MOF-derived synthesis) even though they don't confirm chemistry-specific claims one-to-one."
30,3,eop,generated,case_30__rep_03,Candidate C,4,4,5,no,no,"The candidate cites a large number of evidence records, and nearly all central claims map onto specific, directly relevant abstracts with clear thematic alignment (bimetallic heterostructure kinetics, yolk-shell volume buffering, N-doped carbon function, and MOF-templated synthesis routes). Most claims are supported directly and specifically by the cited abstracts, with concordant multi-source support strengthening confidence (e.g., C1 and C2). Minor overreach appears in C3, which draws a mechanistic analogy from a lithium-ion battery study to the sodium-ion context, and in C4, where specific defect-mediated Na+ adsorption enhancement is claimed but not explicitly confirmed by the cited sources (they support conductivity benefits but not the defect/adsorption specifics or polydopamine precursor claim). No contradicted claims were found, and no fabricated/ambiguous identifiers were detected within this candidate's cited ID set as presented (all cited numeric IDs here map to a single provided record apiece since the evidence pool is described as 'merged' without duplicate numeric tokens across separate pools for this candidate). Overall, the evidence base is strong and mostly directly supports the mechanistic architecture proposed, with only minor extrapolations.","The evidence pool is labeled 'merged' throughout for this candidate, so no genuine cross-pool ambiguity issue arises here (unlike scenarios with separate A/B pools for the same numeric ID). C3's claim is drawn from a lithium-ion battery paper (C-R12) applied to a sodium-ion context claim; while mechanistically transferable, this is a minor adjacency issue rather than an outright contradiction. C4 combines several distinct sub-claims (conductivity enhancement, defect creation, Na+ adsorption improvement, polydopamine precursor) not all of which are explicitly stated in the cited abstracts, so it is rated partially_supported rather than supported or unsupported. No claims were found unverifiable given the extensive citation practice throughout the response."
30,3,raw,generated,case_30__rep_03,Candidate D,0,0,5,uncertain,no,"Candidate D contains no bracketed evidence identifiers and no supplied abstract records, so none of its central claims can be traced to any evidence source. All claims selected are central to the proposed mechanism (void sizing, shell thickness, multi-yolk-shell superiority, metal-induced conductive network, and active loading targets), yet all are presented as generalized 'established principles' without any citation apparatus. Since no evidence records exist to check against, every claim defaults to unverifiable rather than contradicted or unsupported by a specific record. This yields the lowest possible evidence_support and citation_traceability scores per the rubric definitions (0), since there is no usable mapping from claims to evidence records at all.","Because no evidence records were supplied for this candidate, it is impossible to determine whether the underlying claims are scientifically accurate or erroneous from citation-based verification alone; this audit only assesses evidentiary traceability, not scientific validity (which is out of scope for Pass 2). The 'consequential_unsupported_or_contradicted_claim' flag is marked uncertain because while all central claims are unverifiable (not contradicted), several are consequential to feasibility and mechanism, and the complete absence of citations makes it impossible to rule out unsupported status with confidence beyond the 'unverifiable' label allowed by the rubric."
30,3,ds,generated,case_30__rep_03,Candidate E,3,3,5,no,uncertain,"Candidate E constructs a memo synthesizing two hypothetical scientist positions and citing numerous IDs behind each claim. Most cited evidence records are topically relevant and provide partial-to-full support for the general claims about hollow/void architectures aiding cycling stability (C2 strongly supported) and mono-metallic viability with carbon encapsulation (C4 partially supported). However, several claims stretch cited evidence: the 'built-in electric field' mechanism for bimetallic heterostructures (C1) is only loosely tied to the actual mechanisms described in cited abstracts (interface diffusion barriers, spin-polarization), and claims about 'dead volume'/tap density advantages of nanofiber frameworks over hollow particles (C3) and distributed void space in nanofibers (C5) are supported only by analogy to different chemistries (Sn, Se cathode, Sb-based) rather than direct evidence for the metal-selenide/nanofiber system being proposed. No claim is clearly contradicted. The ID:2 token is used by both Scientist A and Scientist B camps with different implied context (MOF-derived encapsulation vs simpler system), and evidence pool for ID:2 is listed as shared (A and B same record), reducing ambiguity, but other tokens like ID:6, ID:3 are used in multiple places without incremental record repetition, requiring cross-referencing but are resolvable given supplied records with only one candidate pool listed per ID (mostly pool A). No clearly fabricated ID was identified, but the extensive reliance on adjacent-topic evidence (Sn, Sb, Se-cathode systems) for core electrode-architecture claims raises interpretive risk not amounting to fabrication.","Uncertainty exists regarding whether IDs like [ID:2] intended for both Scientist A (MOF-derived carbon encapsulated selenides) and Scientist B (simpler mono-metallic systems) arguments are being used consistently; the shared evidence record (pool A and B) reduces but does not eliminate this ambiguity, since the same source is used to support two somewhat different rhetorical points (complexity of MOF synthesis vs simplicity of mono-metallic performance). Also, several claims about nanofiber-specific 'dead volume,' 'tap density,' and 'distributed void space' properties are supported only by analogy to non-selenide chemistries (Sn, Sb, Se cathode), so it is uncertain whether the abstracts constitute genuine support or merely topical adjacency. No explicit ID was flagged as clearly fabricated, but the analogical evidence use for C3 and C5 pushes toward the lower end of support classification."
