source_snapshot,source_file,local_id,openalex_id,doi,year,title
snapshot_1,Topic_carbon_encapsulation_2015-2024_Knowledge.txt,1,https://openalex.org/W2157021678,https://doi.org/10.1002/anie.201411450,2015,Single‐Shell Carbon‐Encapsulated Iron Nanoparticles: Synthesis and High Electrocatalytic Activity for Hydrogen Evolution Reaction
snapshot_1,Topic_carbon_encapsulation_2015-2024_Knowledge.txt,2,https://openalex.org/W2790549514,https://doi.org/10.1002/adfm.201707573,2018,A General Metal‐Organic Framework (MOF)‐Derived Selenidation Strategy for In Situ Carbon‐Encapsulated Metal Selenides as High‐Rate Anodes for Na‐Ion Batteries
snapshot_1,Topic_carbon_encapsulation_2015-2024_Knowledge.txt,3,https://openalex.org/W2419380790,https://doi.org/10.1002/adma.201600964,2016,Peapod‐Like Carbon‐Encapsulated Cobalt Chalcogenide Nanowires as Cycle‐Stable and High‐Rate Materials for Sodium‐Ion Anodes
snapshot_1,Topic_carbon_encapsulation_2015-2024_Knowledge.txt,4,https://openalex.org/W2596554123,https://doi.org/10.1002/adfm.201606585,2017,"N‐, O‐, and S‐Tridoped Carbon‐Encapsulated Co<sub>9</sub>S<sub>8</sub> Nanomaterials: Efficient Bifunctional Electrocatalysts for Overall Water Splitting"
snapshot_1,Topic_carbon_encapsulation_2015-2024_Knowledge.txt,5,https://openalex.org/W2507574566,https://doi.org/10.1038/ncomms12582,2016,Identification of carbon-encapsulated iron nanoparticles as active species in non-precious metal oxygen reduction catalysts
snapshot_1,Topic_carbon_encapsulation_2015-2024_Knowledge.txt,6,https://openalex.org/W2807204483,https://doi.org/10.1002/adma.201705979,2018,Carbon‐Encapsulated WO<i><sub>x</sub></i> Hybrids as Efficient Catalysts for Hydrogen Evolution
snapshot_1,Topic_carbon_encapsulation_2015-2024_Knowledge.txt,7,https://openalex.org/W2285772657,https://doi.org/10.1002/smll.201503419,2016,Novel Carbon‐Encapsulated Porous SnO<sub>2</sub> Anode for Lithium‐Ion Batteries with Much Improved Cyclic Stability
snapshot_1,Topic_carbon_encapsulation_2015-2024_Knowledge.txt,8,https://openalex.org/W2964315231,https://doi.org/10.1039/c9ee01000a,2019,A highly durable carbon-nanofiber-supported Pt–C core–shell cathode catalyst for ultra-low Pt loading proton exchange membrane fuel cells: facile carbon encapsulation
snapshot_1,Topic_carbon_encapsulation_2015-2024_Knowledge.txt,9,https://openalex.org/W4385381268,https://doi.org/10.1002/adfm.202303833,2023,Integration of Alloy Segregation and Surface CoO Hybridization in Carbon‐Encapsulated CoNiPt Alloy Catalyst for Superior Alkaline Hydrogen Evolution
snapshot_1,Topic_carbon_encapsulation_2015-2024_Knowledge.txt,10,https://openalex.org/W1820313341,https://doi.org/10.1002/adfm.201500644,2015,Fast and Reversible Li Ion Insertion in Carbon‐Encapsulated Li<sub>3</sub>VO<sub>4</sub> as Anode for Lithium‐Ion Battery
snapshot_1,Topic_carbon_encapsulation_2015-2024_Knowledge.txt,11,https://openalex.org/W2744530173,https://doi.org/10.1039/c7cp03175k,2017,Carbon encapsulated nanoscale iron/iron-carbide/graphite particles for EMI shielding and microwave absorption
snapshot_1,Topic_carbon_encapsulation_2015-2024_Knowledge.txt,12,https://openalex.org/W2909411138,https://doi.org/10.1039/c8ta10379h,2019,Regulating spatial charge transfer over intrinsically ultrathin-carbon-encapsulated photoanodes toward solar water splitting
snapshot_1,Topic_carbon_encapsulation_2015-2024_Knowledge.txt,13,https://openalex.org/W4206429340,https://doi.org/10.1002/adfm.202110851,2021,Confinement Effects in Individual Carbon Encapsulated Nonprecious Metal‐Based Electrocatalysts
snapshot_1,Topic_carbon_encapsulation_2015-2024_Knowledge.txt,14,https://openalex.org/W2905708625,https://doi.org/10.1021/acsami.8b13290,2018,Porous N-Doped Carbon-Encapsulated CoNi Alloy Nanoparticles Derived from MOFs as Efficient Bifunctional Oxygen Electrocatalysts
snapshot_1,Topic_carbon_encapsulation_2015-2024_Knowledge.txt,15,https://openalex.org/W2901354490,https://doi.org/10.1021/acsanm.8b01541,2018,Carbon-Encapsulated Metal/Metal Carbide/Metal Oxide Core–Shell Nanostructures Generated by Laser Ablation of Metals in Organic Solvents
snapshot_1,Topic_carbon_encapsulation_2015-2024_Knowledge.txt,16,https://openalex.org/W2267353781,https://doi.org/10.1038/ncomms8181,2015,In situ oxidation of carbon-encapsulated cobalt nanocapsules creates highly active cobalt oxide catalysts for hydrocarbon combustion
snapshot_1,Topic_carbon_encapsulation_2015-2024_Knowledge.txt,17,https://openalex.org/W2806327740,https://doi.org/10.1002/adfm.201801527,2018,"Few Layered N, P Dual‐Doped Carbon‐Encapsulated Ultrafine MoP Nanocrystal/MoP Cluster Hybrids on Carbon Cloth: An Ultrahigh Active and Durable 3D Self‐Supported Integrated Electrode for Hydrogen Evolution Reaction in a Wide pH Range"
snapshot_1,Topic_carbon_encapsulation_2015-2024_Knowledge.txt,18,https://openalex.org/W2602017927,https://doi.org/10.1039/c7nr01027c,2017,Nitrogen-doped carbon encapsulating γ-MoC/Ni heterostructures for efficient oxygen evolution electrocatalysts
snapshot_1,Topic_carbon_encapsulation_2015-2024_Knowledge.txt,19,https://openalex.org/W1483868377,https://doi.org/10.1002/admi.201500211,2015,Nitrogen‐Doped Carbon Encapsulated Mesoporous Vanadium Nitride Nanowires as Self‐Supported Electrodes for Flexible All‐Solid‐State Supercapacitors
snapshot_1,Topic_carbon_encapsulation_2015-2024_Knowledge.txt,20,https://openalex.org/W2912757747,https://doi.org/10.1039/c8ta12457d,2019,ZIF-8/ZIF-67-derived 3D amorphous carbon-encapsulated CoS/NCNTs supported on CoS-coated carbon nanofibers as an advanced potassium-ion battery anode
snapshot_1,Topic_carbon_encapsulation_2015-2024_Knowledge.txt,21,https://openalex.org/W1817027747,https://doi.org/10.1039/c5ra17912b,2015,Conjugation of polyethylenimine and its derivatives to carbon-encapsulated iron nanoparticles
snapshot_1,Topic_carbon_encapsulation_2015-2024_Knowledge.txt,22,https://openalex.org/W3123320475,https://doi.org/10.1093/nsr/nwab012,2021,1000 Wh L−1 lithium-ion batteries enabled by crosslink-shrunk tough carbon encapsulated silicon microparticle anodes
snapshot_1,Topic_carbon_encapsulation_2015-2024_Knowledge.txt,23,https://openalex.org/W3022671174,https://doi.org/10.1002/eem2.12083,2020,Exceptional rate capability from carbon‐encapsulated polyaniline supercapacitor electrodes
snapshot_1,Topic_carbon_encapsulation_2015-2024_Knowledge.txt,24,https://openalex.org/W2468216559,https://doi.org/10.1039/c6ta04441g,2016,Branched carbon-encapsulated MnS core/shell nanochains prepared via oriented attachment for lithium-ion storage
snapshot_1,Topic_carbon_encapsulation_2015-2024_Knowledge.txt,25,https://openalex.org/W2763935897,https://doi.org/10.1021/acsami.7b10085,2017,Carbon-Encapsulated Sn@N-Doped Carbon Nanotubes as Anode Materials for Application in SIBs
snapshot_1,Topic_carbon_encapsulation_2015-2024_Knowledge.txt,26,https://openalex.org/W2520657555,https://doi.org/10.1039/c6nr05564h,2016,Ultrastable nitrogen-doped carbon encapsulating molybdenum phosphide nanoparticles as highly efficient electrocatalyst for hydrogen generation
snapshot_1,Topic_carbon_encapsulation_2015-2024_Knowledge.txt,27,https://openalex.org/W3195167003,https://doi.org/10.1002/anie.202108495,2021,Interfacial Linkage and Carbon Encapsulation Enable Full Solution‐Printed Perovskite Photovoltaics with Prolonged Lifespan
snapshot_1,Topic_carbon_encapsulation_2015-2024_Knowledge.txt,28,https://openalex.org/W2948763268,https://doi.org/10.1021/acsami.9b06212,2019,Carbon-Encapsulated Copper Sulfide Leading to Enhanced Thermoelectric Properties
snapshot_1,Topic_carbon_encapsulation_2015-2024_Knowledge.txt,29,https://openalex.org/W3092135571,https://doi.org/10.1002/aenm.202002105,2020,Carbon Encapsulation of Organic–Inorganic Hybrid Perovskite toward Efficient and Stable Photo‐Electrochemical Carbon Dioxide Reduction
snapshot_1,Topic_carbon_encapsulation_2015-2024_Knowledge.txt,30,https://openalex.org/W3036485913,https://doi.org/10.1007/s12274-020-2856-z,2020,Highly active N-doped carbon encapsulated Pd-Fe intermetallic nanoparticles for the oxygen reduction reaction
snapshot_1,Topic_carbon_encapsulation_2015-2024_Knowledge.txt,31,https://openalex.org/W2475181462,https://doi.org/10.1021/acsami.6b05307,2016,Carbon-Encapsulated Hollow Porous Vanadium-Oxide Nanofibers for Improved Lithium Storage Properties
snapshot_1,Topic_carbon_encapsulation_2015-2024_Knowledge.txt,32,https://openalex.org/W2314220247,https://doi.org/10.1002/anie.201509382,2016,Co@Co<sub>3</sub>O<sub>4</sub> Encapsulated in Carbon Nanotube‐Grafted Nitrogen‐Doped Carbon Polyhedra as an Advanced Bifunctional Oxygen Electrode
snapshot_1,Topic_carbon_encapsulation_2015-2024_Knowledge.txt,33,https://openalex.org/W4233732547,https://doi.org/10.1002/ange.201411450,2015,Single‐Shell Carbon‐Encapsulated Iron Nanoparticles: Synthesis and High Electrocatalytic Activity for Hydrogen Evolution Reaction
snapshot_1,Topic_carbon_encapsulation_2015-2024_Knowledge.txt,34,https://openalex.org/W2156675851,https://doi.org/10.1002/anie.201502173,2015,Iron Carbide Nanoparticles Encapsulated in Mesoporous Fe‐N‐Doped Carbon Nanofibers for Efficient Electrocatalysis
snapshot_1,Topic_carbon_encapsulation_2015-2024_Knowledge.txt,35,https://openalex.org/W2421490853,https://doi.org/10.1021/acsami.5b04178,2015,Carbon Encapsulated Tin Oxide Nanocomposites: An Efficient Anode for High Performance Sodium-Ion Batteries
snapshot_1,Topic_carbon_encapsulation_2015-2024_Knowledge.txt,36,https://openalex.org/W3200672835,https://doi.org/10.1002/smtd.202100937,2021,A Low‐Temperature Carbon Encapsulation Strategy for Stable and Poisoning‐Tolerant Electrocatalysts
snapshot_1,Topic_carbon_encapsulation_2015-2024_Knowledge.txt,37,https://openalex.org/W4402777553,https://doi.org/10.1039/d3cs01122d,2024,Carbon encapsulated nanoparticles: materials science and energy applications
snapshot_1,Topic_carbon_encapsulation_2015-2024_Knowledge.txt,38,https://openalex.org/W4214571804,https://doi.org/10.1021/acsami.2c00001,2022,Enhanced Electrochemical Performance of Zn/VO<sub><i>x</i></sub> Batteries by a Carbon-Encapsulation Strategy
snapshot_1,Topic_carbon_encapsulation_2015-2024_Knowledge.txt,39,https://openalex.org/W3080851902,https://doi.org/10.1021/acsami.0c12069,2020,ZIF67@MFC-Derived Co/N-C@CNFs Interconnected Frameworks with Graphitic Carbon-Encapsulated Co Nanoparticles as Highly Stable and Efficient Electrocatalysts for Oxygen Reduction Reactions
snapshot_1,Topic_carbon_encapsulation_2015-2024_Knowledge.txt,40,https://openalex.org/W2764013902,https://doi.org/10.1039/c7cy01721a,2017,Investigation of Fe<sub>2</sub>N@carbon encapsulated in N-doped graphene-like carbon as a catalyst in sustainable zinc–air batteries
snapshot_1,Topic_carbon_encapsulation_2015-2024_Knowledge.txt,41,https://openalex.org/W4315473683,https://doi.org/10.1021/acscatal.2c05538,2023,In Situ Carbon-Encapsulated Copper-Doped Cerium Oxide Derived from MOFs for Boosting CO<sub>2</sub>-to-CH<sub>4</sub> Electro-Conversion
snapshot_1,Topic_carbon_encapsulation_2015-2024_Knowledge.txt,42,https://openalex.org/W2769442283,https://doi.org/10.1007/s10853-017-1793-z,2017,Corrosion resistance studies of carbon-encapsulated iron nanoparticles
snapshot_1,Topic_carbon_encapsulation_2015-2024_Knowledge.txt,43,https://openalex.org/W2992927288,https://doi.org/10.1021/acsaem.9b01463,2019,Tailoring the Polymer-Derived Carbon Encapsulated Silicon Nanoparticles for High-Performance Lithium-Ion Battery Anodes
snapshot_1,Topic_carbon_encapsulation_2015-2024_Knowledge.txt,44,https://openalex.org/W2547877665,https://doi.org/10.1039/c6ta08274b,2016,Carbon-encapsulated tungsten oxide nanowires as a stable and high-rate anode material for flexible asymmetric supercapacitors
snapshot_1,Topic_carbon_encapsulation_2015-2024_Knowledge.txt,45,https://openalex.org/W2801475841,https://doi.org/10.1021/acssuschemeng.8b01416,2018,Green Synthesis of Thin Shell Carbon-Encapsulated Iron Nanoparticles via Hydrothermal Carbonization
snapshot_1,Topic_carbon_encapsulation_2015-2024_Knowledge.txt,46,https://openalex.org/W2570638200,https://doi.org/10.1021/acssuschemeng.6b02653,2017,"Lignin-Derived Thin-Walled Graphitic Carbon-Encapsulated Iron Nanoparticles: Growth, Characterization, and Applications"
snapshot_1,Topic_carbon_encapsulation_2015-2024_Knowledge.txt,47,https://openalex.org/W4380904778,https://doi.org/10.1002/aenm.202301349,2023,Hierarchical Porous N‐doped Carbon Encapsulated Fluorine‐free MXene with Tunable Coordination Chemistry by One‐pot Etching Strategy for Lithium–Sulfur Batteries
snapshot_1,Topic_carbon_encapsulation_2015-2024_Knowledge.txt,48,https://openalex.org/W2166213662,https://doi.org/10.1002/adma.201503015,2015,Tin Nanodots Encapsulated in Porous Nitrogen‐Doped Carbon Nanofibers as a Free‐Standing Anode for Advanced Sodium‐Ion Batteries
snapshot_1,Topic_carbon_encapsulation_2015-2024_Knowledge.txt,49,https://openalex.org/W2981160831,https://doi.org/10.1021/acsami.9b13540,2019,Fully Conjugated Covalent Organic Polymer with Carbon-Encapsulated Ni<sub>2</sub>P for Highly Sustained Photocatalytic H<sub>2</sub> Production from Seawater
snapshot_1,Topic_carbon_encapsulation_2015-2024_Knowledge.txt,50,https://openalex.org/W3097802278,https://doi.org/10.1016/j.seppur.2020.117974,2020,Carbon-encapsulated iron nanoparticles as reusable adsorbents for micropollutants removal from water
snapshot_1,Topic_carbon_encapsulation_2015-2024_Knowledge.txt,51,https://openalex.org/W2807853179,https://doi.org/10.1002/adma.201802011,2018,Ultrafine Co Nanoparticles Encapsulated in Carbon‐Nanotubes‐Grafted Graphene Sheets as Advanced Electrocatalysts for the Hydrogen Evolution Reaction
snapshot_1,Topic_carbon_encapsulation_2015-2024_Knowledge.txt,52,https://openalex.org/W4221014131,https://doi.org/10.1021/acsami.1c24918,2022,Heteroatom-Doped Carbon-Encapsulated FeP Nanostructure: A Multifunctional Electrocatalyst for Zinc–Air Battery and Water Electrolyzer
snapshot_1,Topic_carbon_encapsulation_2015-2024_Knowledge.txt,53,https://openalex.org/W2912578967,https://doi.org/10.1002/smtd.201800439,2019,Probing the Active Sites of Carbon‐Encapsulated Cobalt Nanoparticles for Oxygen Reduction
snapshot_1,Topic_carbon_encapsulation_2015-2024_Knowledge.txt,54,https://openalex.org/W2556767770,https://doi.org/10.1021/acs.jpcc.6b09445,2016,Carbon-Encapsulated Fe Nanoparticles Embedded in Organic Polypyrrole Polymer as a High Performance Microwave Absorber
snapshot_1,Topic_carbon_encapsulation_2015-2024_Knowledge.txt,55,https://openalex.org/W2917337222,https://doi.org/10.1021/acs.inorgchem.8b03594,2019,MOF-Derived Hybrid Hollow Submicrospheres of Nitrogen-Doped Carbon-Encapsulated Bimetallic Ni–Co–S Nanoparticles for Supercapacitors and Lithium Ion Batteries
snapshot_1,Topic_carbon_encapsulation_2015-2024_Knowledge.txt,56,https://openalex.org/W4378363958,https://doi.org/10.1002/adfm.202215170,2023,In Situ Induced Core–Shell Carbon‐Encapsulated Amorphous Vanadium Oxide for Ultra‐Long Cycle Life Aqueous Zinc‐Ion Batteries
snapshot_1,Topic_carbon_encapsulation_2015-2024_Knowledge.txt,57,https://openalex.org/W2596509423,https://doi.org/10.1039/c7ta00710h,2017,Facile synthesis of N-doped porous carbon encapsulated bimetallic PdCo as a highly active and durable electrocatalyst for oxygen reduction and ethanol oxidation
snapshot_1,Topic_carbon_encapsulation_2015-2024_Knowledge.txt,58,https://openalex.org/W2171051434,https://doi.org/10.1039/c5ra00624d,2015,"Synthesis, structure and magnetic properties of graphite carbon encapsulated Fe<sub>3</sub>C nanoparticles for applications as adsorbents"
snapshot_1,Topic_carbon_encapsulation_2015-2024_Knowledge.txt,59,https://openalex.org/W2755010486,https://doi.org/10.1002/aenm.201701759,2017,Nickel–Copper Alloy Encapsulated in Graphitic Carbon Shells as Electrocatalysts for Hydrogen Evolution Reaction
snapshot_1,Topic_carbon_encapsulation_2015-2024_Knowledge.txt,60,https://openalex.org/W2936627910,https://doi.org/10.1002/advs.201802177,2019,A Freestanding Single‐Wall Carbon Nanotube Film Decorated with N‐Doped Carbon‐Encapsulated Ni Nanoparticles as a Bifunctional Electrocatalyst for Overall Water Splitting
snapshot_1,Topic_carbon_encapsulation_2015-2024_Knowledge.txt,61,https://openalex.org/W2889173560,https://doi.org/10.1039/c8ta07135g,2018,Polyoxomolybdate-derived carbon-encapsulated multicomponent electrocatalysts for synergistically boosting hydrogen evolution
snapshot_1,Topic_carbon_encapsulation_2015-2024_Knowledge.txt,62,https://openalex.org/W3186303040,https://doi.org/10.1016/j.cej.2021.131339,2021,Highly reversible lithium-sulfur batteries with nitrogen-doped carbon encapsulated sulfur cathode and nitrogen-doped carbon-coated ZnS anode
snapshot_1,Topic_carbon_encapsulation_2015-2024_Knowledge.txt,63,https://openalex.org/W2231246794,https://doi.org/10.1039/c5ta10551j,2016,"Transition metals (Fe, Co, and Ni) encapsulated in nitrogen-doped carbon nanotubes as bi-functional catalysts for oxygen electrode reactions"
snapshot_1,Topic_carbon_encapsulation_2015-2024_Knowledge.txt,64,https://openalex.org/W3031333384,https://doi.org/10.1002/advs.202000736,2020,CNT‐Assembled Octahedron Carbon‐Encapsulated Cu<sub>3</sub>P/Cu Heterostructure by In Situ MOF‐Derived Engineering for Superior Lithium Storage: Investigations by Experimental Implementation and First‐Principles Calculation
snapshot_1,Topic_carbon_encapsulation_2015-2024_Knowledge.txt,65,https://openalex.org/W4388728223,https://doi.org/10.1002/adma.202309732,2023,Alkali‐Ion Batteries by Carbon Encapsulation of Liquid Metal Anode
snapshot_1,Topic_carbon_encapsulation_2015-2024_Knowledge.txt,66,https://openalex.org/W2794957026,https://doi.org/10.1039/c8ta01392f,2018,Target construction of ultrathin graphitic carbon encapsulated FeS hierarchical microspheres featuring superior low-temperature lithium/sodium storage properties
snapshot_1,Topic_carbon_encapsulation_2015-2024_Knowledge.txt,67,https://openalex.org/W1767113059,https://doi.org/10.1039/c5ta03312h,2015,Nanomeshes of highly crystalline nitrogen-doped carbon encapsulated Fe/Fe<sub>3</sub>C electrodes as ultrafast and stable anodes for Li-ion batteries
snapshot_1,Topic_carbon_encapsulation_2015-2024_Knowledge.txt,68,https://openalex.org/W4281635181,https://doi.org/10.1002/cey2.206,2022,Hetero MOF‐on‐MOF‐derived carbon nanotube interconnected nitrogen‐doped carbon‐encapsulated FeNi/FeF<sub>2</sub> for efficient oxygen evolution reaction
snapshot_1,Topic_carbon_encapsulation_2015-2024_Knowledge.txt,69,https://openalex.org/W2917466272,https://doi.org/10.1039/c9ta00404a,2019,A new metal–organic open framework enabling facile synthesis of carbon encapsulated transition metal phosphide/sulfide nanoparticle electrocatalysts
snapshot_1,Topic_carbon_encapsulation_2015-2024_Knowledge.txt,70,https://openalex.org/W2209062766,https://doi.org/10.1021/acsami.5b08340,2015,Nitrogen-Doped Carbon-Encapsulated SnO<sub>2</sub>@Sn Nanoparticles Uniformly Grafted on Three-Dimensional Graphene-like Networks as Anode for High-Performance Lithium-Ion Batteries
snapshot_1,Topic_carbon_encapsulation_2015-2024_Knowledge.txt,71,https://openalex.org/W2954780739,https://doi.org/10.1021/acssuschemeng.9b02529,2019,Nanoconfined Growth of Carbon-Encapsulated Cobalts as Cocatalysts for Photocatalytic Hydrogen Evolution
snapshot_1,Topic_carbon_encapsulation_2015-2024_Knowledge.txt,72,https://openalex.org/W1901331342,https://doi.org/10.1155/2015/450183,2015,Synthesis of Carbon Encapsulated Mono‐ and Multi‐Iron Nanoparticles
snapshot_1,Topic_carbon_encapsulation_2015-2024_Knowledge.txt,73,https://openalex.org/W4392634020,https://doi.org/10.1002/adma.202313513,2024,Unveiling the Synergistic Role of Frustrated Lewis Pairs in Carbon‐Encapsulated Ni/NiO<sub>x</sub> Photothermal Cocatalyst for Enhanced Photocatalytic Hydrogen Production
snapshot_1,Topic_carbon_encapsulation_2015-2024_Knowledge.txt,74,https://openalex.org/W3094993483,https://doi.org/10.1039/d0nr05789d,2020,Nitrogen-doped carbon encapsulated hollow ZnSe/CoSe<sub>2</sub> nanospheres as high performance anodes for lithium-ion batteries
snapshot_1,Topic_carbon_encapsulation_2015-2024_Knowledge.txt,75,https://openalex.org/W2918242190,https://doi.org/10.1021/acsanm.8b02335,2019,Nitrogen-Doped Carbon-Encapsulated Antimony Sulfide Nanowires Enable High Rate Capability and Cyclic Stability for Sodium-Ion Batteries
snapshot_1,Topic_carbon_encapsulation_2015-2024_Knowledge.txt,76,https://openalex.org/W2768028600,https://doi.org/10.1039/c7ta08852c,2017,Carbon-encapsulated NiO nanoparticle decorated single-walled carbon nanotube thin films for binderless flexible electrodes of supercapacitors
snapshot_1,Topic_carbon_encapsulation_2015-2024_Knowledge.txt,77,https://openalex.org/W4317107517,https://doi.org/10.1002/adfm.202212746,2023,Cocatalyst Engineering with Robust Tunable Carbon‐Encapsulated Mo‐Rich Mo/Mo<sub>2</sub>C Heterostructure Nanoparticle for Efficient Photocatalytic Hydrogen Evolution
snapshot_1,Topic_carbon_encapsulation_2015-2024_Knowledge.txt,78,https://openalex.org/W2622466583,https://doi.org/10.1007/s12274-017-1563-x,2017,Carbon-encapsulated heazlewoodite nanoparticles as highly efficient and durable electrocatalysts for oxygen evolution reactions
snapshot_1,Topic_carbon_encapsulation_2015-2024_Knowledge.txt,79,https://openalex.org/W1941521523,https://doi.org/10.1039/c5nr04546k,2015,A new synthesis of carbon encapsulated Fe<sub>5</sub>C<sub>2</sub> nanoparticles for high-temperature Fischer–Tropsch synthesis
snapshot_1,Topic_carbon_encapsulation_2015-2024_Knowledge.txt,80,https://openalex.org/W2736551775,https://doi.org/10.1039/c7ta04763k,2017,N-Doped carbon encapsulated molybdenum carbide as an efficient catalyst for oxidant-free dehydrogenation of alcohols
snapshot_1,Topic_carbon_encapsulation_2015-2024_Knowledge.txt,81,https://openalex.org/W2610704621,https://doi.org/10.1039/c7gc00282c,2017,Grinding-induced functionalization of carbon-encapsulated iron nanoparticles
snapshot_1,Topic_carbon_encapsulation_2015-2024_Knowledge.txt,82,https://openalex.org/W1862957364,https://doi.org/10.1039/c5ta06617d,2015,Nitrogen-doped carbon-encapsulated SnO<sub>2</sub>–SnS/graphene sheets with improved anodic performance in lithium ion batteries
snapshot_1,Topic_carbon_encapsulation_2015-2024_Knowledge.txt,83,https://openalex.org/W2145652421,https://doi.org/10.1038/ncomms7124,2015,Encapsulated liquid sorbents for carbon dioxide capture
snapshot_1,Topic_carbon_encapsulation_2015-2024_Knowledge.txt,84,https://openalex.org/W2900226113,https://doi.org/10.1021/acs.inorgchem.8b02660,2018,Mechanism of Transformation of Ferrocene into Carbon-Encapsulated Iron Carbide Nanoparticles at High Pressures and Temperatures
snapshot_1,Topic_carbon_encapsulation_2015-2024_Knowledge.txt,85,https://openalex.org/W3048790462,https://doi.org/10.1021/acsami.0c09319,2020,Novel Bifunctional V<sub>2</sub>O<sub>3</sub> Nanosheets Coupled with N-Doped-Carbon Encapsulated Ni Heterostructure for Enhanced Electrocatalytic Oxidation of Urea-Rich Wastewater
snapshot_1,Topic_carbon_encapsulation_2015-2024_Knowledge.txt,86,https://openalex.org/W3205860196,https://doi.org/10.1039/d1ta06289a,2021,A target-customized carbon shell structure of carbon-encapsulated metal nanoparticles for fuel cell applications
snapshot_1,Topic_carbon_encapsulation_2015-2024_Knowledge.txt,87,https://openalex.org/W2077396447,https://doi.org/10.1002/adma.201500262,2015,Meso/Macroporous Nitrogen‐Doped Carbon Architectures with Iron Carbide Encapsulated in Graphitic Layers as an Efficient and Robust Catalyst for the Oxygen Reduction Reaction in Both Acidic and Alkaline Solutions
snapshot_1,Topic_carbon_encapsulation_2015-2024_Knowledge.txt,88,https://openalex.org/W4399449134,https://doi.org/10.1039/d4gc01788a,2024,Synthesis of highly dispersed carbon-encapsulated Ru–FeNi nanocatalysts by a lignin–metal supramolecular framework strategy for durable water-splitting electrocatalysis
snapshot_1,Topic_carbon_encapsulation_2015-2024_Knowledge.txt,89,https://openalex.org/W3214739113,https://doi.org/10.1021/acscatal.1c04182,2021,<i>In</i> <i>Situ</i> Carbon Encapsulation Confined Nickel-Doped Indium Oxide Nanocrystals for Boosting CO<sub>2</sub> Electroreduction to the Industrial Level
snapshot_1,Topic_carbon_encapsulation_2015-2024_Knowledge.txt,90,https://openalex.org/W2944029930,https://doi.org/10.1021/acsami.9b00500,2019,"In Situ Fabrication of Carbon-Encapsulated Fe<sub>7</sub>X<sub>8</sub> (X = S, Se) for Enhanced Sodium Storage"
snapshot_1,Topic_carbon_encapsulation_2015-2024_Knowledge.txt,91,https://openalex.org/W4317033489,https://doi.org/10.1021/acsaem.2c03283,2023,Carbon-Encapsulated Multimetallic Hybrid Electrocatalyst for Overall Water Splitting and Urea Oxidation
snapshot_1,Topic_carbon_encapsulation_2015-2024_Knowledge.txt,92,https://openalex.org/W2909790116,https://doi.org/10.1002/anie.201814262,2019,Heterostructures Composed of N‐Doped Carbon Nanotubes Encapsulating Cobalt and β‐Mo<sub>2</sub>C Nanoparticles as Bifunctional Electrodes for Water Splitting
snapshot_1,Topic_carbon_encapsulation_2015-2024_Knowledge.txt,93,https://openalex.org/W2154541907,https://doi.org/10.1002/cctc.201500332,2015,Design of Carbon‐Encapsulated Fe<sub>3</sub>O<sub>4</sub> Nanocatalyst with Enhanced Performance for Fischer–Tropsch Synthesis
snapshot_1,Topic_carbon_encapsulation_2015-2024_Knowledge.txt,94,https://openalex.org/W2978399614,https://doi.org/10.1002/aenm.201902813,2019,Exploiting the Condensation Reactions of Acetophenone to Engineer Carbon‐Encapsulated Nb<sub>2</sub>O<sub>5</sub> Nanocrystals for High‐Performance Li and Na Energy Storage Systems
snapshot_1,Topic_carbon_encapsulation_2015-2024_Knowledge.txt,95,https://openalex.org/W3017004644,https://doi.org/10.1039/c9ta13395j,2020,Ultrafine carbon encapsulated NiRu alloys as bifunctional electrocatalysts for boosting overall water splitting: morphological and electronic modulation through minor Ru alloying
snapshot_1,Topic_carbon_encapsulation_2015-2024_Knowledge.txt,96,https://openalex.org/W2032654183,https://doi.org/10.1002/aenm.201402263,2015,Dual‐Confined Flexible Sulfur Cathodes Encapsulated in Nitrogen‐Doped Double‐Shelled Hollow Carbon Spheres and Wrapped with Graphene for Li–S Batteries
snapshot_1,Topic_carbon_encapsulation_2015-2024_Knowledge.txt,97,https://openalex.org/W3005928160,https://doi.org/10.3390/en13040827,2020,Biomass-Derived Graphitic Carbon Encapsulated Fe/Fe3C Composite as an Anode Material for High-Performance Lithium Ion Batteries
snapshot_1,Topic_carbon_encapsulation_2015-2024_Knowledge.txt,98,https://openalex.org/W2892698569,https://doi.org/10.1021/acssuschemeng.8b04029,2018,"Nitrogen-, Oxygen- and Sulfur-Doped Carbon-Encapsulated Ni<sub>3</sub>S<sub>2</sub> and NiS Core–Shell Architectures: Bifunctional Electrocatalysts for Hydrogen Evolution and Oxygen Reduction Reactions"
snapshot_1,Topic_carbon_encapsulation_2015-2024_Knowledge.txt,99,https://openalex.org/W3110703980,https://doi.org/10.1021/acsaem.0c02571,2020,Carbon-Encapsulated Iron Oxide Nanoparticles in Self-Supporting Carbon Nanofiber for High-Performance Supercapacitor in Acid Electrolyte with Superior Stability
snapshot_1,Topic_carbon_encapsulation_2015-2024_Knowledge.txt,100,https://openalex.org/W3196921168,https://doi.org/10.1039/d1ta06558k,2021,N-Doped carbon encapsulating Bi nanoparticles derived from metal–organic frameworks for high-performance sodium-ion batteries
snapshot_1,Topic_carbon_encapsulation_2015-2024_Knowledge.txt,101,https://openalex.org/W4211052846,https://doi.org/10.1002/smll.202106640,2022,In‐Situ Synthesis of Carbon‐Encapsulated Atomic Cobalt as Highly Efficient Polysulfide Electrocatalysts for Highly Stable Lithium–Sulfur Batteries
snapshot_1,Topic_carbon_encapsulation_2015-2024_Knowledge.txt,102,https://openalex.org/W2907462552,https://doi.org/10.1021/acssuschemeng.8b04883,2018,"Ni(II)-Dimeric Complex-Derived Nitrogen-Doped Graphitized Carbon-Encapsulated Nickel Nanoparticles: Efficient Trifunctional Electrocatalyst for Oxygen Reduction Reaction, Oxygen Evolution Reaction, and Hydrogen Evolution Reaction"
snapshot_1,Topic_carbon_encapsulation_2015-2024_Knowledge.txt,103,https://openalex.org/W4389298826,https://doi.org/10.1021/acsnano.3c10850,2023,Carbon Encapsulation of Supported Metallic Iridium Nanoparticles: An <i>in Situ</i> Transmission Electron Microscopy Study and Implications for Hydrogen Evolution Reaction
snapshot_1,Topic_carbon_encapsulation_2015-2024_Knowledge.txt,104,https://openalex.org/W4281831369,https://doi.org/10.1002/aic.17785,2022,<i>In situ</i> coupling of lignin‐derived carbon‐encapsulated CoFe‐Co<sub><i>x</i></sub>N heterojunction for oxygen evolution reaction
snapshot_1,Topic_carbon_encapsulation_2015-2024_Knowledge.txt,105,https://openalex.org/W3008118595,https://doi.org/10.1021/acsaem.9b02455,2020,General Approach for the Synthesis of Nitrogen-Doped Carbon Encapsulated Mo and W Phosphide Nanostructures for Electrocatalytic Hydrogen Evolution
snapshot_1,Topic_carbon_encapsulation_2015-2024_Knowledge.txt,106,https://openalex.org/W2980095502,https://doi.org/10.1021/acsami.9b13417,2019,Enhanced Performance of an Electric Double Layer Microsupercapacitor Based on Novel Carbon-Encapsulated Cu Nanowire Network Structure As the Electrode
snapshot_1,Topic_carbon_encapsulation_2015-2024_Knowledge.txt,107,https://openalex.org/W2769862490,https://doi.org/10.1002/smll.201702816,2017,Extremely Small Pyrrhotite Fe<sub>7</sub>S<sub>8</sub> Nanocrystals with Simultaneous Carbon‐Encapsulation for High‐Performance Na–Ion Batteries
snapshot_1,Topic_carbon_encapsulation_2015-2024_Knowledge.txt,108,https://openalex.org/W2233427429,https://doi.org/10.1039/c5ta10067d,2016,Hierarchical architecture of hybrid carbon-encapsulated hollow manganese oxide nanotubes with a porous-wall structure for high-performance electrochemical energy storage
snapshot_1,Topic_carbon_encapsulation_2015-2024_Knowledge.txt,109,https://openalex.org/W2790166935,https://doi.org/10.1039/c7qi00803a,2018,Controllable synthesis of carbon encapsulated iron phosphide nanoparticles for the chemoselective hydrogenation of aromatic nitroarenes to anilines
snapshot_1,Topic_carbon_encapsulation_2015-2024_Knowledge.txt,110,https://openalex.org/W3016806750,https://doi.org/10.1149/1945-7111/ab838f,2020,Supercapacitors with Prussian Blue Derived Carbon Encapsulated Fe/Fe <sub>3</sub> C Nanocomposites
snapshot_1,Topic_carbon_encapsulation_2015-2024_Knowledge.txt,111,https://openalex.org/W4283329344,https://doi.org/10.1002/cey2.226,2022,Carbon‐encapsulated anionic‐defective MnO/Ni open microcages: A hierarchical stress‐release engineering for superior lithium storage
snapshot_1,Topic_carbon_encapsulation_2015-2024_Knowledge.txt,112,https://openalex.org/W2912024877,https://doi.org/10.1039/c8ta12497c,2019,Carbon-encapsulated ultrathin MoS<sub>2</sub> nanosheets epitaxially grown on porous metallic TiNb<sub>2</sub>O<sub>6</sub> microspheres with unsaturated oxygen atoms for superior potassium storage
snapshot_1,Topic_carbon_encapsulation_2015-2024_Knowledge.txt,113,https://openalex.org/W2520979964,https://doi.org/10.1002/adma.201602913,2016,Sulfur Encapsulated in Graphitic Carbon Nanocages for High‐Rate and Long‐Cycle Lithium–Sulfur Batteries
snapshot_1,Topic_carbon_encapsulation_2015-2024_Knowledge.txt,114,https://openalex.org/W2338828515,https://doi.org/10.1039/c6ta02473d,2016,Carbon encapsulated RuO<sub>2</sub> nano-dots anchoring on graphene as an electrode for asymmetric supercapacitors with ultralong cycle life in an ionic liquid electrolyte
snapshot_1,Topic_carbon_encapsulation_2015-2024_Knowledge.txt,115,https://openalex.org/W2946079178,https://doi.org/10.1002/adfm.201901949,2019,"Fe<sub>3</sub>C‐Co Nanoparticles Encapsulated in a Hierarchical Structure of N‐Doped Carbon as a Multifunctional Electrocatalyst for ORR, OER, and HER"
snapshot_1,Topic_carbon_encapsulation_2015-2024_Knowledge.txt,116,https://openalex.org/W3187978346,https://doi.org/10.1016/j.matdes.2021.109586,2021,In-situ synthesis of graphene-like carbon encapsulated copper particles for reinforcing copper matrix composites
snapshot_1,Topic_carbon_encapsulation_2015-2024_Knowledge.txt,117,https://openalex.org/W2298999917,https://doi.org/10.1021/jacs.5b07924,2015,"Molybdenum-Carbide-Modified Nitrogen-Doped Carbon Vesicle Encapsulating Nickel Nanoparticles: A Highly Efficient, Low-Cost Catalyst for Hydrogen Evolution Reaction"
snapshot_1,Topic_carbon_encapsulation_2015-2024_Knowledge.txt,118,https://openalex.org/W3013265070,https://doi.org/10.1002/anie.202000657,2020,Metal–Organic Framework‐Derived Carbon Nanorods Encapsulating Bismuth Oxides for Rapid and Selective CO<sub>2</sub> Electroreduction to Formate
snapshot_1,Topic_carbon_encapsulation_2015-2024_Knowledge.txt,119,https://openalex.org/W4321612307,https://doi.org/10.1007/s12274-023-5417-4,2023,Size dependence of carbon-encapsulated iron-based nanocatalysts for Fischer—Trposch synthesis
snapshot_1,Topic_carbon_encapsulation_2015-2024_Knowledge.txt,120,https://openalex.org/W4386564569,https://doi.org/10.1002/anie.202312808,2023,Plasmon‐Induced Radical‐Radical Heterocoupling Boosts Photodriven Oxidative Esterification of Benzyl Alcohol over Nitrogen‐Doped Carbon‐Encapsulated Cobalt Nanoparticles
snapshot_1,Topic_carbon_encapsulation_2015-2024_Knowledge.txt,121,https://openalex.org/W2784188535,https://doi.org/10.1002/adma.201705324,2018,Tuning the Activity of Carbon for Electrocatalytic Hydrogen Evolution via an Iridium‐Cobalt Alloy Core Encapsulated in Nitrogen‐Doped Carbon Cages
snapshot_1,Topic_carbon_encapsulation_2015-2024_Knowledge.txt,122,https://openalex.org/W2549427229,https://doi.org/10.1039/c6en00397d,2016,Ferric carbide nanocrystals encapsulated in nitrogen-doped carbon nanotubes as an outstanding environmental catalyst
snapshot_1,Topic_carbon_encapsulation_2015-2024_Knowledge.txt,123,https://openalex.org/W2464406117,https://doi.org/10.1039/c6cc05244d,2016,Cobalt nanoparticle-embedded carbon nanotube/porous carbon hybrid derived from MOF-encapsulated Co<sub>3</sub>O<sub>4</sub> for oxygen electrocatalysis
snapshot_1,Topic_carbon_encapsulation_2015-2024_Knowledge.txt,124,https://openalex.org/W4403614696,https://doi.org/10.1002/smll.202407560,2024,Enabling the Transport Dynamics and Interfacial Stability of Porous Si Anode Via Rigid and Flexible Carbon Encapsulation for High‐Energy Lithium Storage
snapshot_1,Topic_carbon_encapsulation_2015-2024_Knowledge.txt,125,https://openalex.org/W2887006969,https://doi.org/10.1021/acsaem.8b00932,2018,Enhanced Conversion of Syngas to Gasoline-Range Hydrocarbons over Carbon Encapsulated Bimetallic FeMn Nanoparticles
snapshot_1,Topic_carbon_encapsulation_2015-2024_Knowledge.txt,126,https://openalex.org/W3166229819,https://doi.org/10.1007/s12274-021-3568-8,2021,"Multi-scale regulation in S, N co-incorporated carbon encapsulated Fe-doped Co9S8 achieving efficient water oxidation with low overpotential"
snapshot_1,Topic_carbon_encapsulation_2015-2024_Knowledge.txt,127,https://openalex.org/W2782746413,https://doi.org/10.3390/ma11010139,2018,Effects of Physical and Chemical States of Iron-Based Catalysts on Formation of Carbon-Encapsulated Iron Nanoparticles from Kraft Lignin
snapshot_1,Topic_carbon_encapsulation_2015-2024_Knowledge.txt,128,https://openalex.org/W2941352388,https://doi.org/10.1039/c9cy00403c,2019,Effect of a potassium promoter on the Fischer–Tropsch synthesis of light olefins over iron carbide catalysts encapsulated in graphene-like carbon
snapshot_1,Topic_carbon_encapsulation_2015-2024_Knowledge.txt,129,https://openalex.org/W4390605233,https://doi.org/10.1021/acsanm.3c04974,2024,Separator Modified by Carbon-Encapsulated CoFe Alloy Nanoparticles Supported on Carbon Nanotubes for Advanced Lithium–Sulfur Batteries
snapshot_1,Topic_carbon_encapsulation_2015-2024_Knowledge.txt,130,https://openalex.org/W3007489100,https://doi.org/10.1021/acs.iecr.9b06366,2020,"Selective Transfer Hydrogenation and N-Formylation of Nitroarenes by a Facilely Prepared N, S Co-doped Carbon-Encapsulated Cobalt Nanoparticle Catalyst"
snapshot_1,Topic_carbon_encapsulation_2015-2024_Knowledge.txt,131,https://openalex.org/W2782216137,https://doi.org/10.1039/c7nj04270a,2018,Carbon-encapsulated highly dispersed FeMn nanoparticles for Fischer–Tropsch synthesis to light olefins
snapshot_1,Topic_carbon_encapsulation_2015-2024_Knowledge.txt,132,https://openalex.org/W2563949323,https://doi.org/10.3390/app7010026,2016,Size Control of Carbon Encapsulated Iron Nanoparticles by Arc Discharge Plasma Method
snapshot_1,Topic_carbon_encapsulation_2015-2024_Knowledge.txt,133,https://openalex.org/W4211229898,https://doi.org/10.1002/smll.202107258,2022,Carbon‐Encapsulated Ni<sub>3</sub>Se<sub>4</sub>/CoSe<sub>2</sub> Heterostructured Nanospheres: Sodium/Potassium‐Ion Storage Anode with Prominent Electrochemical Properties
snapshot_1,Topic_carbon_encapsulation_2015-2024_Knowledge.txt,134,https://openalex.org/W2765154933,https://doi.org/10.1021/acsnano.7b06625,2017,Rational Design of Three-Dimensional Graphene Encapsulated with Hollow FeP@Carbon Nanocomposite as Outstanding Anode Material for Lithium Ion and Sodium Ion Batteries
snapshot_1,Topic_carbon_encapsulation_2015-2024_Knowledge.txt,135,https://openalex.org/W2884015195,https://doi.org/10.1039/c8cc04866e,2018,Electronic modulation of carbon-encapsulated NiSe composites <i>via</i> Fe doping for synergistic oxygen evolution
snapshot_1,Topic_carbon_encapsulation_2015-2024_Knowledge.txt,136,https://openalex.org/W2914977676,https://doi.org/10.3389/fmats.2019.00001,2019,Encapsulating Mo-Doped TiO2 Anatase in N-Doped Amorphous Carbon With Excellent Lithium Storage Performances
snapshot_1,Topic_carbon_encapsulation_2015-2024_Knowledge.txt,137,https://openalex.org/W2884952525,https://doi.org/10.1002/chem.201802916,2018,Mesoporous Graphitic Carbon‐Encapsulated Fe<sub>2</sub>O<sub>3</sub> Nanocomposite as High‐Rate Anode Material for Sodium‐Ion Batteries
snapshot_1,Topic_carbon_encapsulation_2015-2024_Knowledge.txt,138,https://openalex.org/W1772688562,https://doi.org/10.1039/c5ta05924k,2015,N-doped carbon encapsulated ultrathin MoO<sub>3</sub> nanosheets as superior anodes with high capacity and excellent rate capability for Li-ion batteries
snapshot_1,Topic_carbon_encapsulation_2015-2024_Knowledge.txt,139,https://openalex.org/W3027381897,https://doi.org/10.1021/acsaem.0c00537,2020,Biomass-Derived 3D Interconnected Porous Carbon-Encapsulated Nano-FeS<sub>2</sub> for High-Performance Lithium-Ion Batteries
snapshot_1,Topic_carbon_encapsulation_2015-2024_Knowledge.txt,140,https://openalex.org/W2791242748,https://doi.org/10.1039/c8dt00677f,2018,Sulfonated carbon-encapsulated iron nanoparticles as an efficient magnetic nanocatalyst for highly selective synthesis of benzimidazoles
snapshot_1,Topic_carbon_encapsulation_2015-2024_Knowledge.txt,141,https://openalex.org/W2226581414,https://doi.org/10.1021/acs.analchem.5b03974,2016,Dual-Emission of Lanthanide Metal–Organic Frameworks Encapsulating Carbon-Based Dots for Ratiometric Detection of Water in Organic Solvents
snapshot_1,Topic_carbon_encapsulation_2015-2024_Knowledge.txt,142,https://openalex.org/W3066574629,https://doi.org/10.1002/slct.202002269,2020,Catalytic Transfer Hydrogenation of Furfural over Magnetic Carbon‐Encapsulated CoO@C Catalyst
snapshot_1,Topic_carbon_encapsulation_2015-2024_Knowledge.txt,143,https://openalex.org/W2800802540,https://doi.org/10.1002/aenm.201800555,2018,"Electrospun Carbon Nanofibers Encapsulated with NiCoP: A Multifunctional Electrode for Supercapattery and Oxygen Reduction, Oxygen Evolution, and Hydrogen Evolution Reactions"
snapshot_1,Topic_carbon_encapsulation_2015-2024_Knowledge.txt,144,https://openalex.org/W4385666765,https://doi.org/10.1002/adhm.202301926,2023,Carbon‐Encapsulated Magnetite Nanodoughnut as a NIR‐II Responsive Nanozyme for Synergistic Chemodynamic–Photothermal Therapy
snapshot_1,Topic_carbon_encapsulation_2015-2024_Knowledge.txt,145,https://openalex.org/W2741609037,https://doi.org/10.1002/adfm.201702232,2017,Tailoring Amino‐Functionalized Graphitic Carbon‐Encapsulated Gold Core/Shell Nanostructures for the Sensitive and Selective Detection of Copper Ions
snapshot_1,Topic_carbon_encapsulation_2015-2024_Knowledge.txt,146,https://openalex.org/W3088309094,https://doi.org/10.1021/acsaem.0c01811,2020,Three-Dimensional Nitrogen-Doped Graphitic Carbon-Encapsulated MnO-Co Heterostructure: A Bifunctional Energy Storage Material for Zn-Ion and Zn–Air Batteries
snapshot_1,Topic_carbon_encapsulation_2015-2024_Knowledge.txt,147,https://openalex.org/W3164850165,https://doi.org/10.1007/s12274-021-3560-3,2021,Structural engineering of sulfur-doped carbon encapsulated bismuth sulfide core-shell structure for enhanced potassium storage performance
snapshot_1,Topic_carbon_encapsulation_2015-2024_Knowledge.txt,148,https://openalex.org/W3010903921,https://doi.org/10.1039/d0ta00679c,2020,<i>In situ</i> construction of a MOF-derived carbon-encapsulated LiCoO<sub>2</sub> heterostructure as a superior cathode for elevated-voltage lithium storage: from experimental to theoretical study
snapshot_1,Topic_carbon_encapsulation_2015-2024_Knowledge.txt,149,https://openalex.org/W2915726123,https://doi.org/10.1002/adma.201900178,2019,Cr‐Doped FeNi–P Nanoparticles Encapsulated into N‐Doped Carbon Nanotube as a Robust Bifunctional Catalyst for Efficient Overall Water Splitting
snapshot_1,Topic_carbon_encapsulation_2015-2024_Knowledge.txt,150,https://openalex.org/W2808501924,https://doi.org/10.1021/acsomega.8b00527,2018,Electrochemical Analysis of the Carbon-Encapsulated Lithium Iron Phosphate Nanochains and Their High-Temperature Conductivity Profiles
snapshot_1,Topic_carbon_encapsulation_2015-2024_Knowledge.txt,151,https://openalex.org/W2791305871,https://doi.org/10.1002/adma.201706508,2018,A Polymer Encapsulation Strategy to Synthesize Porous Nitrogen‐Doped Carbon‐Nanosphere‐Supported Metal Isolated‐Single‐Atomic‐Site Catalysts
snapshot_1,Topic_carbon_encapsulation_2015-2024_Knowledge.txt,152,https://openalex.org/W2263186107,https://doi.org/10.1038/srep21017,2016,Preparation of Au-polydopamine functionalized carbon encapsulated Fe3O4 magnetic nanocomposites and their application for ultrasensitive detection of carcino-embryonic antigen
snapshot_1,Topic_carbon_encapsulation_2015-2024_Knowledge.txt,153,https://openalex.org/W2884689002,https://doi.org/10.1002/adma.201802748,2018,Gadolinium‐Encapsulated Graphene Carbon Nanotheranostics for Imaging‐Guided Photodynamic Therapy
snapshot_1,Topic_carbon_encapsulation_2015-2024_Knowledge.txt,154,https://openalex.org/W4324305899,https://doi.org/10.1002/smll.202301128,2023,Ultrathin Nitrogen‐Doped Carbon Encapsulated Ni Nanoparticles for Highly Efficient Electrochemical CO<sub>2</sub> Reduction and Aqueous Zn‐CO<sub>2</sub> Batteries
snapshot_1,Topic_carbon_encapsulation_2015-2024_Knowledge.txt,155,https://openalex.org/W4206740710,https://doi.org/10.1039/d1ta10352k,2022,Promoting interfacial charge transfer by B/N co-doping enables efficient ORR catalysis of carbon-encapsulated Fe<sub>2</sub>N
snapshot_1,Topic_carbon_encapsulation_2015-2024_Knowledge.txt,156,https://openalex.org/W3202988475,https://doi.org/10.1021/acsaem.1c02280,2021,Highly Stable Supercapacitor Devices Based on Three-Dimensional Bioderived Carbon Encapsulated g-C<sub>3</sub>N<sub>4</sub> Nanosheets
snapshot_1,Topic_carbon_encapsulation_2015-2024_Knowledge.txt,157,https://openalex.org/W3011309460,https://doi.org/10.1039/d0en00050g,2020,Nitrogen-doped carbon nanotubes encapsulating Fe/Zn nanoparticles as a persulfate activator for sulfamethoxazole degradation: role of encapsulated bimetallic nanoparticles and nonradical reaction
snapshot_1,Topic_carbon_encapsulation_2015-2024_Knowledge.txt,158,https://openalex.org/W4304481451,https://doi.org/10.1039/d2nr04333e,2022,Carbon-encapsulated core–shell structure ZnFe<sub>2</sub>O<sub>4</sub> sphere composites coupled with excellent microwave absorption and corrosion resistance
snapshot_1,Topic_carbon_encapsulation_2015-2024_Knowledge.txt,159,https://openalex.org/W2560151746,https://doi.org/10.1038/srep38652,2016,In-situ one-step synthesis of carbon-encapsulated naked magnetic metal nanoparticles conducted without additional reductants and agents
snapshot_1,Topic_carbon_encapsulation_2015-2024_Knowledge.txt,160,https://openalex.org/W2895886309,https://doi.org/10.1002/advs.201800763,2018,CoSe<sub>2</sub> Nanoparticles Encapsulated by N‐Doped Carbon Framework Intertwined with Carbon Nanotubes: High‐Performance Dual‐Role Anode Materials for Both Li‐ and Na‐Ion Batteries
snapshot_1,Topic_carbon_encapsulation_2015-2024_Knowledge.txt,161,https://openalex.org/W4313856800,https://doi.org/10.1016/j.jpcs.2023.111220,2023,Synthesis of heteroatom incorporated porous carbon encapsulated Fe-doped Co9S8 as an efficient bifunctional electrocatalyst for overall water splitting
snapshot_1,Topic_carbon_encapsulation_2015-2024_Knowledge.txt,162,https://openalex.org/W2893356108,https://doi.org/10.3389/fchem.2018.00487,2018,Laser-Assisted Production of Carbon-Encapsulated Pt-Co Alloy Nanoparticles for Preferential Oxidation of Carbon Monoxide
snapshot_1,Topic_carbon_encapsulation_2015-2024_Knowledge.txt,163,https://openalex.org/W2971713664,https://doi.org/10.1002/smll.201902432,2019,Boosting High‐Rate Sodium Storage Performance of N‐Doped Carbon‐Encapsulated Na<sub>3</sub>V<sub>2</sub>(PO<sub>4</sub>)<sub>3</sub> Nanoparticles Anchoring on Carbon Cloth
snapshot_1,Topic_carbon_encapsulation_2015-2024_Knowledge.txt,164,https://openalex.org/W2171450725,https://doi.org/10.1002/ejic.201500599,2015,Synthesis of Carbon‐Encapsulated Cu–Ag Dimetallic Nanoparticles and Their Recyclable Superior Catalytic Activity towards 4‐Nitrophenol Reduction
snapshot_1,Topic_carbon_encapsulation_2015-2024_Knowledge.txt,165,https://openalex.org/W2221132161,https://doi.org/10.1021/acsami.5b06708,2015,Iron Carbide Nanoparticles Encapsulated in Mesoporous Fe–N-Doped Graphene-Like Carbon Hybrids as Efficient Bifunctional Oxygen Electrocatalysts
snapshot_1,Topic_carbon_encapsulation_2015-2024_Knowledge.txt,166,https://openalex.org/W2517787317,https://doi.org/10.1002/aenm.201601177,2016,Encapsulating Sn Nanoparticles in Amorphous Carbon Nanotubes for Enhanced Lithium Storage Properties
snapshot_1,Topic_carbon_encapsulation_2015-2024_Knowledge.txt,167,https://openalex.org/W1934577814,https://doi.org/10.1002/smll.201502297,2015,Strongly Coupled 3D Hybrids of N‐doped Porous Carbon Nanosheet/CoNi Alloy‐Encapsulated Carbon Nanotubes for Enhanced Electrocatalysis
snapshot_1,Topic_carbon_encapsulation_2015-2024_Knowledge.txt,168,https://openalex.org/W2772819232,https://doi.org/10.1021/acs.est.7b04775,2017,Selective Nitrate Reduction to Dinitrogen by Electrocatalysis on Nanoscale Iron Encapsulated in Mesoporous Carbon
snapshot_1,Topic_carbon_encapsulation_2015-2024_Knowledge.txt,169,https://openalex.org/W2809829729,https://doi.org/10.1007/s10853-018-2647-z,2018,Carbon encapsulation of elemental nanoparticles by spark discharge
snapshot_1,Topic_carbon_encapsulation_2015-2024_Knowledge.txt,170,https://openalex.org/W2921566447,https://doi.org/10.1021/acsaem.8b02249,2019,Core Effect on the Performance of N/P Codoped Carbon Encapsulating Noble-Metal Phosphide Nanostructures for Hydrogen Evolution Reaction
snapshot_1,Topic_carbon_encapsulation_2015-2024_Knowledge.txt,171,https://openalex.org/W2768777000,https://doi.org/10.1039/c7dt03689b,2017,Addition of azomethine ylides to carbon-encapsulated iron nanoparticles
snapshot_1,Topic_carbon_encapsulation_2015-2024_Knowledge.txt,172,https://openalex.org/W2775290873,https://doi.org/10.1021/acscatal.7b02788,2017,Silylative Pinacol Coupling Catalyzed by Nitrogen-Doped Carbon-Encapsulated Nickel/Cobalt Nanoparticles: Evidence for a Silyl Radical Pathway
snapshot_1,Topic_carbon_encapsulation_2015-2024_Knowledge.txt,173,https://openalex.org/W3120950602,https://doi.org/10.1021/acssuschemeng.0c08477,2021,V<sub>2</sub>O<sub>3</sub>-Decorated Spinel CoFe<sub>2</sub>O<sub>4</sub> with Carbon-Encapsulated Mesoporous Nanosheets for Efficient Water Splitting
snapshot_1,Topic_carbon_encapsulation_2015-2024_Knowledge.txt,174,https://openalex.org/W2891216871,https://doi.org/10.1039/c8nj03492c,2018,Solvent-free aerobic selective oxidation of hydrocarbons catalyzed by porous graphitic carbon encapsulated cobalt composites
snapshot_1,Topic_carbon_encapsulation_2015-2024_Knowledge.txt,175,https://openalex.org/W2035048508,https://doi.org/10.1021/ja5127165,2015,In situ Cobalt–Cobalt Oxide/N-Doped Carbon Hybrids As Superior Bifunctional Electrocatalysts for Hydrogen and Oxygen Evolution
snapshot_1,Topic_carbon_encapsulation_2015-2024_Knowledge.txt,176,https://openalex.org/W2935835205,https://doi.org/10.1039/c9en00220k,2019,Fe/Mn nanoparticles encapsulated in nitrogen-doped carbon nanotubes as a peroxymonosulfate activator for acetamiprid degradation
snapshot_1,Topic_carbon_encapsulation_2015-2024_Knowledge.txt,177,https://openalex.org/W3164197272,https://doi.org/10.1002/cjoc.202100207,2021,<scp>MOFs‐Derived N‐Doped Carbon‐Encapsulated</scp> Metal/Alloy Electrocatalysts to Tune the Electronic Structure and Reactivity of Carbon Active Sites<sup>†</sup>
snapshot_1,Topic_carbon_encapsulation_2015-2024_Knowledge.txt,178,https://openalex.org/W2891085730,https://doi.org/10.1021/acsami.8b11416,2018,Hierarchical Nanosheet-Built CoNi<sub>2</sub>S<sub>4</sub>Nanotubes Coupled with Carbon-Encapsulated Carbon Nanotubes@Fe<sub>2</sub>O<sub>3</sub>Composites toward High-Performance Aqueous Hybrid Supercapacitor Devices
snapshot_1,Topic_carbon_encapsulation_2015-2024_Knowledge.txt,179,https://openalex.org/W2799850584,https://doi.org/10.1002/advs.201800120,2018,Sub‐50 nm Iron–Nitrogen‐Doped Hollow Carbon Sphere‐Encapsulated Iron Carbide Nanoparticles as Efficient Oxygen Reduction Catalysts
snapshot_1,Topic_carbon_encapsulation_2015-2024_Knowledge.txt,180,https://openalex.org/W2945909834,https://doi.org/10.1021/acs.jpcc.9b01041,2019,Hydrogen Evolution Reaction on the Single-Shell Carbon-Encapsulated Iron Nanoparticle: A Density Functional Theory Insight
snapshot_1,Topic_carbon_encapsulation_2015-2024_Knowledge.txt,181,https://openalex.org/W2921280947,https://doi.org/10.1002/asia.201900099,2019,Ultrahigh‐Content Nitrogen‐doped Carbon Encapsulating Cobalt NPs as Catalyst for Oxidative Esterification of Furfural
snapshot_1,Topic_carbon_encapsulation_2015-2024_Knowledge.txt,182,https://openalex.org/W2598432104,https://doi.org/10.1002/cctc.201700316,2017,Nitrogen‐Doped Carbon‐Encapsulated Nickel/Cobalt Nanoparticle Catalysts for Olefin Migration in Allylarenes
snapshot_1,Topic_carbon_encapsulation_2015-2024_Knowledge.txt,183,https://openalex.org/W2898571587,https://doi.org/10.1002/adfm.201805828,2018,Encapsulation of Ni<sub>3</sub>Fe Nanoparticles in N‐Doped Carbon Nanotube–Grafted Carbon Nanofibers as High‐Efficiency Hydrogen Evolution Electrocatalysts
snapshot_1,Topic_carbon_encapsulation_2015-2024_Knowledge.txt,184,https://openalex.org/W2887922847,https://doi.org/10.1002/ppsc.201800138,2018,Carbon‐Encapsulated Tube‐Wire Co<sub>3</sub>O<sub>4</sub>/MnO<sub>2</sub> Heterostructure Nanofibers as Anode Material for Sodium‐Ion Batteries
snapshot_1,Topic_carbon_encapsulation_2015-2024_Knowledge.txt,185,https://openalex.org/W2797811928,https://doi.org/10.1021/acsnano.7b09092,2018,Encapsulating Silica/Antimony into Porous Electrospun Carbon Nanofibers with Robust Structure Stability for High-Efficiency Lithium Storage
snapshot_1,Topic_carbon_encapsulation_2015-2024_Knowledge.txt,186,https://openalex.org/W3129316264,https://doi.org/10.1002/anie.202101804,2021,Selective Electrocatalytic Reduction of Oxygen to Hydroxyl Radicals via 3‐Electron Pathway with FeCo Alloy Encapsulated Carbon Aerogel for Fast and Complete Removing Pollutants
snapshot_1,Topic_carbon_encapsulation_2015-2024_Knowledge.txt,187,https://openalex.org/W2613111981,https://doi.org/10.1002/celc.201700239,2017,3D Ordered Macroporous Carbon Encapsulated ZnO Nanoparticles as a High‐Performance Anode for Lithium‐Ion Batteries
snapshot_1,Topic_carbon_encapsulation_2015-2024_Knowledge.txt,188,https://openalex.org/W3040716950,https://doi.org/10.1021/acsnano.9b08575,2020,Achieving Fast and Durable Lithium Storage through Amorphous FeP Nanoparticles Encapsulated in Ultrathin 3D P-Doped Porous Carbon Nanosheets
snapshot_1,Topic_carbon_encapsulation_2015-2024_Knowledge.txt,189,https://openalex.org/W4294238279,https://doi.org/10.3389/fchem.2022.956610,2022,Carbon-encapsulated V2O3 nanorods for high-performance aqueous Zn-ion batteries
snapshot_1,Topic_carbon_encapsulation_2015-2024_Knowledge.txt,190,https://openalex.org/W4200304681,https://doi.org/10.1039/d1re00457c,2021,Hydrogenation of phenol to cyclohexanol using carbon encapsulated Ni–Co alloy nanoparticles
snapshot_1,Topic_carbon_encapsulation_2015-2024_Knowledge.txt,191,https://openalex.org/W2432835630,https://doi.org/10.1039/c6ta02851a,2016,Enhanced photovoltaic performance and stability of carbon counter electrode based perovskite solar cells encapsulated by PDMS
snapshot_1,Topic_carbon_encapsulation_2015-2024_Knowledge.txt,192,https://openalex.org/W2914660643,https://doi.org/10.1002/aenm.201803185,2019,Ni Strongly Coupled with Mo<sub>2</sub>C Encapsulated in Nitrogen‐Doped Carbon Nanofibers as Robust Bifunctional Catalyst for Overall Water Splitting
snapshot_1,Topic_carbon_encapsulation_2015-2024_Knowledge.txt,193,https://openalex.org/W4403402958,https://doi.org/10.1002/adfm.202413754,2024,Carbon‐Encapsulated Single‐Atom Platinum Nickel Alloy for Efficient and Durable Alkaline Hydrogen Oxidation Through Enhanced Charge Polarization
snapshot_1,Topic_carbon_encapsulation_2015-2024_Knowledge.txt,194,https://openalex.org/W2897276446,https://doi.org/10.1021/acssuschemeng.8b02944,2018,Facile Synthesis of Carbon-Encapsulated Ni Nanoparticles Embedded into Porous Graphite Sheets as High-Performance Microwave Absorber
snapshot_1,Topic_carbon_encapsulation_2015-2024_Knowledge.txt,195,https://openalex.org/W4385550122,https://doi.org/10.1021/acssuschemeng.3c02504,2023,Efficient Glucose Hydrogenation to Sorbitol by Graphene-like Carbon-Encapsulated Ru Catalyst Synthesized by Evaporation-Induced Self-Assembly and Chemical Activation
snapshot_1,Topic_carbon_encapsulation_2015-2024_Knowledge.txt,196,https://openalex.org/W2773587699,https://doi.org/10.1002/ente.201700804,2017,Carbon‐Encapsulated SnO<sub>2</sub> Core–Shell Nanowires Directly Grown on Reduced Graphene Oxide Sheets for High‐Performance Li‐Ion Battery Electrodes
snapshot_1,Topic_carbon_encapsulation_2015-2024_Knowledge.txt,197,https://openalex.org/W2986420183,https://doi.org/10.1002/anie.201912275,2019,Identification of Catalytic Sites for Oxygen Reduction in Metal/Nitrogen‐Doped Carbons with Encapsulated Metal Nanoparticles
snapshot_1,Topic_carbon_encapsulation_2015-2024_Knowledge.txt,198,https://openalex.org/W2769110914,https://doi.org/10.1021/acs.nanolett.8b01681,2018,Carbon Nanotube Chirality Determines Properties of Encapsulated Linear Carbon Chain
snapshot_1,Topic_carbon_encapsulation_2015-2024_Knowledge.txt,199,https://openalex.org/W2923513206,https://doi.org/10.1039/c9cc00822e,2019,Nitrogen and phosphorous co-doped graphitic carbon encapsulated ultrafine OsP<sub>2</sub> nanoparticles: a pH universal highly durable catalyst for hydrogen evolution reaction
snapshot_1,Topic_carbon_encapsulation_2015-2024_Knowledge.txt,200,https://openalex.org/W3093611351,https://doi.org/10.1021/acs.jpcc.0c06899,2020,2D Mesoporous Nanomesh from N-Doped Carbon-Encapsulated V<sub>2</sub>O<sub>3</sub> Nanowires as an Anode for Lithium-Ion Batteries
snapshot_1,Topic_carbon_encapsulation_2015-2024_Knowledge.txt,201,https://openalex.org/W4220859972,https://doi.org/10.1021/acsami.1c24084,2022,Co-Inlaid Carbon-Encapsulated SiO<sub><i>x</i></sub> Anodes via a Self-Assembly Strategy for Highly Stable Lithium Storage
snapshot_1,Topic_carbon_encapsulation_2015-2024_Knowledge.txt,202,https://openalex.org/W2738075735,https://doi.org/10.1088/2053-1591/aa772f,2017,Characterization of carbon-encapsulated permalloy nanoparticles prepared through detonation
snapshot_1,Topic_carbon_encapsulation_2015-2024_Knowledge.txt,203,https://openalex.org/W2948148025,https://doi.org/10.1039/c9ta03196k,2019,Towards a durable high performance anode material for lithium storage: stabilizing N-doped carbon encapsulated FeS nanosheets with amorphous TiO<sub>2</sub>
snapshot_1,Topic_carbon_encapsulation_2015-2024_Knowledge.txt,204,https://openalex.org/W2983611052,https://doi.org/10.1002/smtd.201900571,2019,Cobalt‐Encapsulated Nitrogen‐Doped Carbon Nanotube Arrays for Flexible Zinc–Air Batteries
snapshot_1,Topic_carbon_encapsulation_2015-2024_Knowledge.txt,205,https://openalex.org/W4396908947,https://doi.org/10.1039/d4cc01443j,2024,Platelike carbon-encapsulated nickel nanocrystals for efficient electrooxidation of 5-hydroxymethylfurfural
snapshot_1,Topic_carbon_encapsulation_2015-2024_Knowledge.txt,206,https://openalex.org/W4396883717,https://doi.org/10.1002/aenm.202400565,2024,Durable and Active Nitrogen‐Coordinated Iron Single‐Atom Catalyst for Proton Exchange Membrane Fuel Cells Through Carbon Encapsulation
snapshot_1,Topic_carbon_encapsulation_2015-2024_Knowledge.txt,207,https://openalex.org/W3035223118,https://doi.org/10.1021/acssuschemeng.0c02944,2020,Engineering Electrolytic Silicon–Carbon Composites by Tuning the In Situ Magnesium Oxide Space Holder: Molten-Salt Electrolysis of Carbon-Encapsulated Magnesium Silicates for Preparing Lithium-Ion Battery Anodes
snapshot_1,Topic_carbon_encapsulation_2015-2024_Knowledge.txt,208,https://openalex.org/W2588070459,https://doi.org/10.1039/c6nr09883e,2017,"Phytic acid-derivative transition metal phosphides encapsulated in N,P-codoped carbon: an efficient and durable hydrogen evolution electrocatalyst in a wide pH range"
snapshot_1,Topic_carbon_encapsulation_2015-2024_Knowledge.txt,209,https://openalex.org/W4389958310,https://doi.org/10.1002/smll.202307615,2023,A Metal‐Organic Framework‐Derived Strategy for Constructing Synergistic N‐Doped Carbon‐Encapsulated NiCoP@N‐C‐Based Anodes toward High‐Efficient Lithium Storage
snapshot_1,Topic_carbon_encapsulation_2015-2024_Knowledge.txt,210,https://openalex.org/W2898827134,https://doi.org/10.1039/c8nr07221c,2018,Carbon-encapsulated multi-phase nanocomposite of W<sub>2</sub>C@WC<sub>1−x</sub>as a highly active and stable electrocatalyst for hydrogen generation
snapshot_1,Topic_carbon_encapsulation_2015-2024_Knowledge.txt,211,https://openalex.org/W1716912107,https://doi.org/10.1134/s0010508215040152,2015,Hydrogen and air detonation (deflagration) synthesis of carbon-encapsulated iron nanoparticles
snapshot_1,Topic_carbon_encapsulation_2015-2024_Knowledge.txt,212,https://openalex.org/W2601230670,https://doi.org/10.1002/smll.201700087,2017,Integrated Design of MnO<sub>2</sub>@Carbon Hollow Nanoboxes to Synergistically Encapsulate Polysulfides for Empowering Lithium Sulfur Batteries
snapshot_1,Topic_carbon_encapsulation_2015-2024_Knowledge.txt,213,https://openalex.org/W2747417516,https://doi.org/10.1021/acsami.7b10138,2017,Cobalt Nanoparticles Encapsulated in Porous Carbons Derived from Core–Shell ZIF67@ZIF8 as Efficient Electrocatalysts for Oxygen Evolution Reaction
snapshot_1,Topic_carbon_encapsulation_2015-2024_Knowledge.txt,214,https://openalex.org/W2770589351,https://doi.org/10.1039/c7nr07359c,2017,<i>In situ</i> carbon encapsulation of vertical MoS<sub>2</sub> arrays with SnO<sub>2</sub> for durable high rate lithium storage: dominant pseudocapacitive behavior
snapshot_1,Topic_carbon_encapsulation_2015-2024_Knowledge.txt,215,https://openalex.org/W2899228986,https://doi.org/10.1039/c8nr06752j,2018,Iron phosphide encapsulated in P-doped graphitic carbon as efficient and stable electrocatalyst for hydrogen and oxygen evolution reactions
snapshot_1,Topic_carbon_encapsulation_2015-2024_Knowledge.txt,216,https://openalex.org/W2309089891,https://doi.org/10.1002/adma.201505187,2016,Surface‐Plasmon‐Enhanced Photodriven CO<sub>2</sub> Reduction Catalyzed by Metal–Organic‐Framework‐Derived Iron Nanoparticles Encapsulated by Ultrathin Carbon Layers
snapshot_1,Topic_carbon_encapsulation_2015-2024_Knowledge.txt,217,https://openalex.org/W3168594557,https://doi.org/10.3390/catal11060705,2021,Carbon-Encapsulated Iron Nanoparticles as a Magnetic Modifier of Bioanode and Biocathode in a Biofuel Cell and Biobattery
snapshot_1,Topic_carbon_encapsulation_2015-2024_Knowledge.txt,218,https://openalex.org/W2189875496,https://doi.org/10.1039/c5ra19326e,2015,Effect of annealing temperature on the structure of carbon encapsulated Fe<sub>3</sub>O<sub>4</sub> nanospheres
snapshot_1,Topic_carbon_encapsulation_2015-2024_Knowledge.txt,219,https://openalex.org/W3092608961,https://doi.org/10.1002/elan.202060294,2020,Carbon Encapsulated Ternary Mn−Ni−Co Oxide Nanoparticles as Electrode Materials for Energy Storage Applications
snapshot_1,Topic_carbon_encapsulation_2015-2024_Knowledge.txt,220,https://openalex.org/W4375871123,https://doi.org/10.5281/zenodo.7913835,2022,Journal of Magnetism and Magnetic Materials
snapshot_1,Topic_carbon_encapsulation_2015-2024_Knowledge.txt,221,https://openalex.org/W4235255019,https://doi.org/10.1002/ange.201502173,2015,Iron Carbide Nanoparticles Encapsulated in Mesoporous Fe‐N‐Doped Carbon Nanofibers for Efficient Electrocatalysis
snapshot_1,Topic_carbon_encapsulation_2015-2024_Knowledge.txt,222,https://openalex.org/W3208711922,https://doi.org/10.1021/acsami.1c16547,2021,Construction of an N-Decorated Carbon-Encapsulated W<sub>2</sub>C/WP Heterostructure as an Efficient Electrocatalyst for Hydrogen Evolution in Both Alkaline and Acidic Media
snapshot_1,Topic_carbon_encapsulation_2015-2024_Knowledge.txt,223,https://openalex.org/W2792171099,https://doi.org/10.1002/adfm.201800003,2018,Walnut‐Like Multicore–Shell MnO Encapsulated Nitrogen‐Rich Carbon Nanocapsules as Anode Material for Long‐Cycling and Soft‐Packed Lithium‐Ion Batteries
snapshot_1,Topic_carbon_encapsulation_2015-2024_Knowledge.txt,224,https://openalex.org/W2909233265,https://doi.org/10.1021/acs.nanolett.8b04957,2019,Boosting Potassium-Ion Battery Performance by Encapsulating Red Phosphorus in Free-Standing Nitrogen-Doped Porous Hollow Carbon Nanofibers
snapshot_1,Topic_carbon_encapsulation_2015-2024_Knowledge.txt,225,https://openalex.org/W2754984372,https://doi.org/10.1039/c7nj01818e,2017,A novel magnetic composite adsorbent of phenolic compounds based on waste poly(ethylene terephthalate) and carbon-encapsulated magnetic nanoparticles
snapshot_1,Topic_carbon_encapsulation_2015-2024_Knowledge.txt,226,https://openalex.org/W4404488585,https://doi.org/10.1016/j.jece.2024.114847,2024,Graphitized carbon encapsulated Co anode electrochemically activating persulfate for sulfamethoxazole degradation
snapshot_1,Topic_carbon_encapsulation_2015-2024_Knowledge.txt,227,https://openalex.org/W2802522826,https://doi.org/10.1002/smll.201800367,2018,"Cobalt Phosphide Composite Encapsulated within N,P‐Doped Carbon Nanotubes for Synergistic Oxygen Evolution"
snapshot_1,Topic_carbon_encapsulation_2015-2024_Knowledge.txt,228,https://openalex.org/W3137920047,https://doi.org/10.1039/d1cc00697e,2021,Hybrid carbon spherogels: carbon encapsulation of nano-titania
snapshot_1,Topic_carbon_encapsulation_2015-2024_Knowledge.txt,229,https://openalex.org/W4206220329,https://doi.org/10.1039/d1cy02238e,2022,Synthesis of highly active carbon-encapsulated Ni<sub>2</sub>P catalysts by one-step pyrolysis–phosphidation for hydrodeoxygenation of phenolic compounds
snapshot_1,Topic_carbon_encapsulation_2015-2024_Knowledge.txt,230,https://openalex.org/W2785088560,https://doi.org/10.1039/c7ta11171a,2018,Co<sub>3</sub>O<sub>4</sub>-doped Co/CoFe nanoparticles encapsulated in carbon shells as bifunctional electrocatalysts for rechargeable Zn–Air batteries
snapshot_1,Topic_carbon_encapsulation_2015-2024_Knowledge.txt,231,https://openalex.org/W4283009742,https://doi.org/10.3390/ijms23126774,2022,Constructing a Carbon-Encapsulated Carbon Composite Material with Hierarchically Porous Architectures for Efficient Capacitive Storage in Organic Supercapacitors
snapshot_1,Topic_carbon_encapsulation_2015-2024_Knowledge.txt,232,https://openalex.org/W3036856926,https://doi.org/10.1016/j.ceramint.2020.06.081,2020,Enhancement of critical current density for MgB2 prepared using carbon-encapsulated boron with co-addition of Dy2O3 and La2O3
snapshot_1,Topic_carbon_encapsulation_2015-2024_Knowledge.txt,233,https://openalex.org/W2288313733,https://doi.org/10.1088/2057-1976/1/4/045104,2015,Bioconjugation efficiency of plasma-functionalized carbon-encapsulated iron nanoparticles with biotin–avidin system
snapshot_1,Topic_carbon_encapsulation_2015-2024_Knowledge.txt,234,https://openalex.org/W3134199339,https://doi.org/10.1007/s12598-021-01716-1,2021,Boosting lithium storage performance of Si nanoparticles via thin carbon and nitrogen/phosphorus co‐doped two‐dimensional carbon sheet dual encapsulation
snapshot_1,Topic_carbon_encapsulation_2015-2024_Knowledge.txt,235,https://openalex.org/W2178691981,https://doi.org/10.1039/c5ee02806j,2015,Encapsulation of organic active materials in carbon nanotubes for application to high-electrochemical-performance sodium batteries
snapshot_1,Topic_carbon_encapsulation_2015-2024_Knowledge.txt,236,https://openalex.org/W2904669090,https://doi.org/10.1021/acs.nanolett.8b04468,2018,Antimony Nanorod Encapsulated in Cross-Linked Carbon for High-Performance Sodium Ion Battery Anodes
snapshot_1,Topic_carbon_encapsulation_2015-2024_Knowledge.txt,237,https://openalex.org/W2793009458,https://doi.org/10.1002/smll.201704282,2018,ZIF‐8 with Ferrocene Encapsulated: A Promising Precursor to Single‐Atom Fe Embedded Nitrogen‐Doped Carbon as Highly Efficient Catalyst for Oxygen Electroreduction
snapshot_1,Topic_carbon_encapsulation_2015-2024_Knowledge.txt,238,https://openalex.org/W2991225224,https://doi.org/10.1039/c9se00616h,2019,Ni loaded on N-doped carbon encapsulated tungsten oxide nanowires as an alkaline-stable electrocatalyst for water reduction
snapshot_1,Topic_carbon_encapsulation_2015-2024_Knowledge.txt,239,https://openalex.org/W2994032289,https://doi.org/10.1039/c9nj05550a,2019,Hybrid shells of N-doped carbon encapsulated by MnO nanoparticles as oxygen reduction reaction electrocatalysts
snapshot_1,Topic_carbon_encapsulation_2015-2024_Knowledge.txt,240,https://openalex.org/W2214273358,https://doi.org/10.1002/aenm.201501666,2015,A New Strategy for Achieving a High Performance Anode for Lithium Ion Batteries—Encapsulating Germanium Nanoparticles in Carbon Nanoboxes
snapshot_1,Topic_carbon_encapsulation_2015-2024_Knowledge.txt,241,https://openalex.org/W2888327360,https://doi.org/10.1021/acs.inorgchem.8b01309,2018,Carbon Encapsulated Hollow Co<sub>3</sub>O<sub>4</sub> Composites Derived from Reduced Graphene Oxide Wrapped Metal–Organic Frameworks with Enhanced Lithium Storage and Water Oxidation Properties
snapshot_1,Topic_carbon_encapsulation_2015-2024_Knowledge.txt,242,https://openalex.org/W2809388739,https://doi.org/10.3390/met8060461,2018,Synthesis of Core-Shell Carbon Encapsulated Fe2O3 Composite through a Facile Hydrothermal Approach and Their Application as Anode Materials for Sodium-Ion Batteries
snapshot_1,Topic_carbon_encapsulation_2015-2024_Knowledge.txt,243,https://openalex.org/W2984516237,https://doi.org/10.1039/c9cc08439h,2019,Carbon nanotube-encapsulated cobalt for oxygen reduction: integration of space confinement and N-doping
snapshot_1,Topic_carbon_encapsulation_2015-2024_Knowledge.txt,244,https://openalex.org/W3045385658,https://doi.org/10.1002/ppsc.202000137,2020,Carbon Encapsulation of High Entropy Alloy Nanoparticles with Extraordinary Coercivity and Saturation at Room Temperature
snapshot_1,Topic_carbon_encapsulation_2015-2024_Knowledge.txt,245,https://openalex.org/W2784410341,https://doi.org/10.1039/c7ta10728e,2018,Metal–organic framework derived CoTe<sub>2</sub> encapsulated in nitrogen-doped carbon nanotube frameworks: a high-efficiency bifunctional electrocatalyst for overall water splitting
snapshot_1,Topic_carbon_encapsulation_2015-2024_Knowledge.txt,246,https://openalex.org/W4397004799,https://doi.org/10.1021/acsanm.4c01835,2024,Carbon-Encapsulated Ru–Co<sub>3</sub>O<sub>4</sub> Nanosheets as Electrocatalysts for Acidic Water Oxidation
snapshot_1,Topic_carbon_encapsulation_2015-2024_Knowledge.txt,247,https://openalex.org/W4377139549,https://doi.org/10.1002/smll.202302686,2023,In‐Situ Fabrication of Sustainable‐N‐Doped‐Carbon‐Nanotube‐Encapsulated CoNi Heterogenous Nanocomposites for High‐Efficiency Electromagnetic Wave Absorption
snapshot_1,Topic_carbon_encapsulation_2015-2024_Knowledge.txt,248,https://openalex.org/W4399618824,https://doi.org/10.1021/acsaem.4c00660,2024,Synergizing Single-Atom and Carbon-Encapsulated Nanoparticles of Fe for Efficient Oxygen Reduction and Durable Zn–Air Batteries
snapshot_1,Topic_carbon_encapsulation_2015-2024_Knowledge.txt,249,https://openalex.org/W3093332480,https://doi.org/10.1002/smll.202005023,2020,Structural Engineering of SnS<sub>2</sub>Encapsulated in Carbon Nanoboxes for High‐Performance Sodium/Potassium‐Ion Batteries Anodes
snapshot_1,Topic_carbon_encapsulation_2015-2024_Knowledge.txt,250,https://openalex.org/W4400000990,https://doi.org/10.1021/acscatal.4c02979,2024,Efficient and Stable Production of Long-Chain Hydrocarbons over Hydrophobic Carbon-Encapsulated TiO<sub>2</sub>-Supported Ru Catalyst in Fischer–Tropsch Synthesis
snapshot_1,Topic_carbon_encapsulation_2015-2024_Knowledge.txt,251,https://openalex.org/W4385408946,https://doi.org/10.1021/acscatal.3c02887,2023,IrCo Nanoparticles Encapsulated with Carbon Nanotubes for Efficient and Stable Acidic Water Splitting
snapshot_1,Topic_carbon_encapsulation_2015-2024_Knowledge.txt,252,https://openalex.org/W4311599343,https://doi.org/10.1002/aenm.202202856,2022,Bilayer MXene‐Derived Carbon‐Encapsulated Palladium Nanocatalysts: Engineering Robust Electronic and Chemical Interfaces for Oxygen Reduction and Zinc–Air Batteries
snapshot_1,Topic_carbon_encapsulation_2015-2024_Knowledge.txt,253,https://openalex.org/W4304208636,https://doi.org/10.1021/acsanm.2c03159,2022,Carbon-Encapsulated NCO<sub>4−β</sub>/C Hierarchical Nano-Microflowers for Electrocatalytic Dechlorination of Dichloromethane
snapshot_1,Topic_carbon_encapsulation_2015-2024_Knowledge.txt,254,https://openalex.org/W2963046597,https://doi.org/10.1007/s12274-019-2473-x,2019,N-doped carbon shell encapsulated PtZn intermetallic nanoparticles as highly efficient catalysts for fuel cells
snapshot_1,Topic_carbon_encapsulation_2015-2024_Knowledge.txt,255,https://openalex.org/W4392236664,https://doi.org/10.1002/asia.202400036,2024,Unlocking High‐Current Performance in Silicon Anode: Synergistic Phosphorus Doping and Nitrogen‐Doped Carbon Encapsulation to Enhance Lithium Diffusivity
snapshot_1,Topic_carbon_encapsulation_2015-2024_Knowledge.txt,256,https://openalex.org/W4283260756,https://doi.org/10.1002/adma.202202898,2022,An Encapsulation‐Based Sodium Storage via Zn‐Single‐Atom Implanted Carbon Nanotubes
snapshot_1,Topic_carbon_encapsulation_2015-2024_Knowledge.txt,257,https://openalex.org/W4405227679,https://doi.org/10.1021/acsami.4c14073,2024,Hierarchical Porous Silicon–Carbon Encapsulated Phase Change Materials for Efficient Photothermoelectric Conversion
snapshot_1,Topic_carbon_encapsulation_2015-2024_Knowledge.txt,258,https://openalex.org/W2555338158,https://doi.org/10.1002/asia.201601521,2016,Nitrogen‐Doped Mesoporous Carbon‐Encapsulated MoO<sub>2</sub> Nanobelts as a High‐Capacity and Stable Host for Lithium‐Ion Storage
snapshot_1,Topic_carbon_encapsulation_2015-2024_Knowledge.txt,259,https://openalex.org/W2616607710,https://doi.org/10.1002/anie.201703585,2017,Encapsulation and Polymerization of White Phosphorus Inside Single‐Wall Carbon Nanotubes
snapshot_1,Topic_carbon_encapsulation_2015-2024_Knowledge.txt,260,https://openalex.org/W3036162064,https://doi.org/10.1021/acsami.0c08271,2020,Enhanced Oxygen Evolution Reaction Activity by Encapsulating NiFe Alloy Nanoparticles in Nitrogen-Doped Carbon Nanofibers
snapshot_1,Topic_carbon_encapsulation_2015-2024_Knowledge.txt,261,https://openalex.org/W3036482076,https://doi.org/10.1002/adem.202000478,2020,Optimization of Carbon Encapsulated Boron Doping for High‐Performance Bulk Sintered MgB<sub>2</sub>
snapshot_1,Topic_carbon_encapsulation_2015-2024_Knowledge.txt,262,https://openalex.org/W2466531592,https://doi.org/10.1021/acssuschemeng.6b00741,2016,Confined Synthesis of FeS<sub>2</sub> Nanoparticles Encapsulated in Carbon Nanotube Hybrids for Ultrastable Lithium-Ion Batteries
snapshot_1,Topic_carbon_encapsulation_2015-2024_Knowledge.txt,263,https://openalex.org/W2902965524,https://doi.org/10.1002/aenm.201803221,2018,In Situ Encapsulation of Iron Complex Nanoparticles into Biomass‐Derived Heteroatom‐Enriched Carbon Nanotubes for High‐Performance Supercapacitors
snapshot_1,Topic_carbon_encapsulation_2015-2024_Knowledge.txt,264,https://openalex.org/W4391014747,https://doi.org/10.1002/adma.202312868,2024,Amorphous MnO<sub>2</sub> Lamellae Encapsulated Covalent Triazine Polymer‐Derived Multi‐Heteroatoms‐Doped Carbon for ORR/OER Bifunctional Electrocatalysis
snapshot_1,Topic_carbon_encapsulation_2015-2024_Knowledge.txt,265,https://openalex.org/W3017667269,https://doi.org/10.1002/anie.202002984,2020,Atomically Dispersed Nickel(I) on an Alloy‐Encapsulated Nitrogen‐Doped Carbon Nanotube Array for High‐Performance Electrochemical CO<sub>2</sub> Reduction Reaction
snapshot_1,Topic_carbon_encapsulation_2015-2024_Knowledge.txt,266,https://openalex.org/W2896051168,https://doi.org/10.1002/adfm.201805444,2018,N‐Doped Carbon‐Coated Ni<sub>1.8</sub>Co<sub>1.2</sub>Se<sub>4</sub> Nanoaggregates Encapsulated in N‐Doped Carbon Nanoboxes as Advanced Anode with Outstanding High‐Rate and Low‐Temperature Performance for Sodium‐Ion Half/Full Batteries
snapshot_1,Topic_carbon_encapsulation_2015-2024_Knowledge.txt,267,https://openalex.org/W2405114941,https://doi.org/10.1038/srep21286,2016,"Camphor-mediated synthesis of carbon nanoparticles, graphitic shell encapsulated carbon nanocubes and carbon dots for bioimaging"
snapshot_1,Topic_carbon_encapsulation_2015-2024_Knowledge.txt,268,https://openalex.org/W2983648988,https://doi.org/10.1093/nsr/nwz166,2019,Encapsulating metal organic framework into hollow mesoporous carbon sphere as efficient oxygen bifunctional electrocatalyst
snapshot_1,Topic_carbon_encapsulation_2015-2024_Knowledge.txt,269,https://openalex.org/W4381378727,https://doi.org/10.1021/acsanm.3c01566,2023,Carbon-Encapsulated Cobalt Phosphide Nanowires as Trifunctional Catalysts for Water Splitting Devices
snapshot_1,Topic_carbon_encapsulation_2015-2024_Knowledge.txt,270,https://openalex.org/W2770686750,https://doi.org/10.1039/c7dt03853d,2017,Hydrothermal encapsulation of VO<sub>2</sub>(A) nanorods in amorphous carbon by carbonization of glucose for energy storage devices
snapshot_1,Topic_carbon_encapsulation_2015-2024_Knowledge.txt,271,https://openalex.org/W2800910389,https://doi.org/10.1088/2053-1591/aac1f3,2018,"Magnetic state and phase composition of carbon-encapsulated Co@C nanoparticles according to <sup>59</sup>Co, <sup>13</sup>C NMR data and Raman spectroscopy"
snapshot_1,Topic_carbon_encapsulation_2015-2024_Knowledge.txt,272,https://openalex.org/W2612479166,https://doi.org/10.1039/c7ta03294c,2017,Encapsulating silicon nanoparticles into mesoporous carbon forming pomegranate-structured microspheres as a high-performance anode for lithium ion batteries
snapshot_1,Topic_carbon_encapsulation_2015-2024_Knowledge.txt,273,https://openalex.org/W2781943581,https://doi.org/10.1021/acsami.7b18714,2018,Fluorescent Immunoassay for the Detection of Pathogenic Bacteria at the Single-Cell Level Using Carbon Dots-Encapsulated Breakable Organosilica Nanocapsule as Labels
snapshot_1,Topic_carbon_encapsulation_2015-2024_Knowledge.txt,274,https://openalex.org/W2936471621,https://doi.org/10.1021/acssuschemeng.9b00307,2019,FeCo Alloy Nanoparticles Coated by an Ultrathin N-Doped Carbon Layer and Encapsulated in Carbon Nanotubes as a Highly Efficient Bifunctional Air Electrode for Rechargeable Zn-Air Batteries
snapshot_1,Topic_carbon_encapsulation_2015-2024_Knowledge.txt,275,https://openalex.org/W3195461979,https://doi.org/10.1002/advs.202101438,2021,Encapsulating Cobalt Nanoparticles in Interconnected N‐Doped Hollow Carbon Nanofibers with Enriched CoNC Moiety for Enhanced Oxygen Electrocatalysis in Zn‐Air Batteries
snapshot_1,Topic_carbon_encapsulation_2015-2024_Knowledge.txt,276,https://openalex.org/W3208617907,https://doi.org/10.1021/acsomega.1c03692,2021,Role of Gallic Acid in the Synthesis of Carbon-Encapsulated Iron Nanoparticles by Hydrothermal Carbonization: Selecting Iron Oxide Composition
snapshot_1,Topic_carbon_encapsulation_2015-2024_Knowledge.txt,277,https://openalex.org/W2798071752,https://doi.org/10.1039/c8tc01018h,2018,"A carbon dot-encapsulated UiO-type metal organic framework as a multifunctional fluorescent sensor for temperature, metal ion and pH detection"
snapshot_1,Topic_carbon_encapsulation_2015-2024_Knowledge.txt,278,https://openalex.org/W3015667990,https://doi.org/10.1021/acsami.9b20433,2020,Ultrathin MoS<sub>2</sub> Nanosheets Encapsulated in Hollow Carbon Spheres: A Case of a Dielectric Absorber with Optimized Impedance for Efficient Microwave Absorption
snapshot_1,Topic_carbon_encapsulation_2015-2024_Knowledge.txt,279,https://openalex.org/W2083660297,https://doi.org/10.1039/c4tc02776k,2015,Carbon-encapsulated CdSe quantum dot inorganic hybrid nanobelts for high performance photoelectronic devices based on the efficient separation and transfer of photoinduced holes
snapshot_1,Topic_carbon_encapsulation_2015-2024_Knowledge.txt,280,https://openalex.org/W2809027870,https://doi.org/10.1002/adfm.201802332,2018,Order Mesoporous Carbon Spheres with Precise Tunable Large Pore Size by Encapsulated Self‐Activation Strategy
snapshot_1,Topic_carbon_encapsulation_2015-2024_Knowledge.txt,281,https://openalex.org/W2954370878,https://doi.org/10.1002/aenm.201901427,2019,Capillary Encapsulation of Metallic Potassium in Aligned Carbon Nanotubes for Use as Stable Potassium Metal Anodes
snapshot_1,Topic_carbon_encapsulation_2015-2024_Knowledge.txt,282,https://openalex.org/W3195975807,https://doi.org/10.1039/d1nr01328a,2021,Emerging carbon shell-encapsulated metal nanocatalysts for fuel cells and water electrolysis
snapshot_1,Topic_carbon_encapsulation_2015-2024_Knowledge.txt,283,https://openalex.org/W4226150089,https://doi.org/10.1039/d2se00080f,2022,Facile preparation of N-doped graphitic carbon encapsulated nickel catalysts for transfer hydrogenolysis of lignin β-O-4 model compounds to aromatics
snapshot_1,Topic_carbon_encapsulation_2015-2024_Knowledge.txt,284,https://openalex.org/W2806089792,https://doi.org/10.1021/acssuschemeng.8b01618,2018,Transparent Wood Film Incorporating Carbon Dots as Encapsulating Material for White Light-Emitting Diodes
snapshot_1,Topic_carbon_encapsulation_2015-2024_Knowledge.txt,285,https://openalex.org/W3013997787,https://doi.org/10.1007/s11051-020-04795-w,2020,Comprehensive magnetic resonance characteristics of carbon-encapsulated iron nanoparticles: a new frontier for the core-shell–type contrast agents
snapshot_1,Topic_carbon_encapsulation_2015-2024_Knowledge.txt,286,https://openalex.org/W3186400898,https://doi.org/10.1002/adfm.202105198,2021,Bamboo‐Like Nanozyme Based on Nitrogen‐Doped Carbon Nanotubes Encapsulating Cobalt Nanoparticles for Wound Antibacterial Applications
snapshot_1,Topic_carbon_encapsulation_2015-2024_Knowledge.txt,287,https://openalex.org/W2883551785,https://doi.org/10.1021/acscatal.8b01404,2018,Encapsulation of Nonprecious Metal into Ordered Mesoporous N-Doped Carbon for Efficient Quinoline Transfer Hydrogenation with Formic Acid
snapshot_1,Topic_carbon_encapsulation_2015-2024_Knowledge.txt,288,https://openalex.org/W2580480858,https://doi.org/10.1039/c6ta10291c,2017,Cobalt nanoparticles encapsulated in carbon nanotube-grafted nitrogen and sulfur co-doped multichannel carbon fibers as efficient bifunctional oxygen electrocatalysts
snapshot_1,Topic_carbon_encapsulation_2015-2024_Knowledge.txt,289,https://openalex.org/W2817032991,https://doi.org/10.1039/c8tc02702a,2018,"Ultra-stretchable, sensitive and durable strain sensors based on polydopamine encapsulated carbon nanotubes/elastic bands"
snapshot_1,Topic_carbon_encapsulation_2015-2024_Knowledge.txt,290,https://openalex.org/W4220885671,https://doi.org/10.1021/acssuschemeng.1c07157,2022,Ordered Mesoporous Carbon Encapsulating KF: Efficient and Stable Solid Base for Biodiesel and Fine Chemical Catalytic Synthesis
snapshot_1,Topic_carbon_encapsulation_2015-2024_Knowledge.txt,291,https://openalex.org/W3109267506,https://doi.org/10.1039/d0tc04919k,2020,Carbon encapsulation of MoS<sub>2</sub> nanosheets to tune their interfacial polarization and dielectric properties for electromagnetic absorption applications
snapshot_1,Topic_carbon_encapsulation_2015-2024_Knowledge.txt,292,https://openalex.org/W2767862210,https://doi.org/10.1002/smll.201702753,2017,A Microribbon Hybrid Structure of CoOx‐MoC Encapsulated in N‐Doped Carbon Nanowire Derived from MOF as Efficient Oxygen Evolution Electrocatalysts
snapshot_1,Topic_carbon_encapsulation_2015-2024_Knowledge.txt,293,https://openalex.org/W4313466815,https://doi.org/10.1007/s43979-022-00041-5,2023,Ordered mesoporous carbon encapsulated linear poly(ionic liquid)s enabling synergy effect of surface groups and ionic moieties for CO2 fixation under mild conditions
snapshot_1,Topic_carbon_encapsulation_2015-2024_Knowledge.txt,294,https://openalex.org/W2567295122,https://doi.org/10.1021/acsenergylett.6b00660,2017,Na Storage Capability Investigation of a Carbon Nanotube-Encapsulated Fe<sub>1–<i>x</i></sub>S Composite
snapshot_1,Topic_carbon_encapsulation_2015-2024_Knowledge.txt,295,https://openalex.org/W1995200190,https://doi.org/10.1021/acsami.5b02787,2015,Electrospun Carbon Nanofibers with in Situ Encapsulated Co<sub>3</sub>O<sub>4</sub> Nanoparticles as Electrodes for High-Performance Supercapacitors
snapshot_1,Topic_carbon_encapsulation_2015-2024_Knowledge.txt,296,https://openalex.org/W2913412421,https://doi.org/10.1021/acs.langmuir.8b03947,2019,Stabilizing Pt Nanocrystals Encapsulated in N-Doped Carbon as Double-Active Sites for Catalyzing Oxygen Reduction Reaction
snapshot_1,Topic_carbon_encapsulation_2015-2024_Knowledge.txt,297,https://openalex.org/W2904159899,https://doi.org/10.1016/j.carbon.2018.12.055,2018,Multiwall carbon nanotube encapsulated Co grown on vertically oriented graphene modified carbon cloth as bifunctional electrocatalysts for solid-state Zn-air battery
snapshot_1,Topic_carbon_encapsulation_2015-2024_Knowledge.txt,298,https://openalex.org/W2734334475,https://doi.org/10.1039/c7ta05146h,2017,Nitrogen-doped carbon nanocones encapsulating with nickel–cobalt mixed phosphides for enhanced hydrogen evolution reaction
snapshot_1,Topic_carbon_encapsulation_2015-2024_Knowledge.txt,299,https://openalex.org/W3035904695,https://doi.org/10.1021/acsanm.0c01392,2020,Ultrastable Magnetic Nanoparticles Encapsulated in Carbon for Magnetically Induced Catalysis
snapshot_1,Topic_carbon_encapsulation_2015-2024_Knowledge.txt,300,https://openalex.org/W2913471286,https://doi.org/10.1002/smll.201804546,2019,Cobalt Phosphides Nanocrystals Encapsulated by P‐Doped Carbon and <i>Married</i> with P‐Doped Graphene for Overall Water Splitting
snapshot_1,Topic_carbon_encapsulation_2015-2024_Knowledge.txt,301,https://openalex.org/W3121386402,https://doi.org/10.1149/1945-7111/abdcc5,2021,Binder-Free and Flexible Carbon-Encapsulated Oxygen-Vacancy Cerium Dioxide Electrode for High-Performance Supercapacitor
snapshot_1,Topic_carbon_encapsulation_2015-2024_Knowledge.txt,302,https://openalex.org/W2417805814,https://doi.org/10.1039/c6sc01659f,2016,A covalent organic framework-based route to the in situ encapsulation of metal nanoparticles in N-rich hollow carbon spheres
snapshot_1,Topic_carbon_encapsulation_2015-2024_Knowledge.txt,303,https://openalex.org/W2613842777,https://doi.org/10.1021/acsami.7b02490,2017,Fine Co Nanoparticles Encapsulated in a N-Doped Porous Carbon Matrix with Superficial N-Doped Porous Carbon Nanofibers for Efficient Oxygen Reduction
snapshot_1,Topic_carbon_encapsulation_2015-2024_Knowledge.txt,304,https://openalex.org/W2789388179,https://doi.org/10.1039/c7ta11111h,2018,Rational design of three-dimensional graphene encapsulated core–shell FeS@carbon nanocomposite as a flexible high-performance anode for sodium-ion batteries
snapshot_1,Topic_carbon_encapsulation_2015-2024_Knowledge.txt,305,https://openalex.org/W4206469818,https://doi.org/10.3390/catal12010039,2021,"Hierarchical Graphitic Carbon-Encapsulating Cobalt Nanoparticles for Catalytic Hydrogenation of 2,4-Dinitrophenol"
snapshot_1,Topic_carbon_encapsulation_2015-2024_Knowledge.txt,306,https://openalex.org/W2918416512,https://doi.org/10.1002/ente.201900084,2019,"Pressure‐Induced Vapor Synthesis of Carbon‐Encapsulated SiO<sub><i>x</i></sub>/C Composite Spheres with Optimized Composition for Long‐Life, High‐Rate, and High‐Areal‐Capacity Lithium‐Ion Battery Anodes"
snapshot_1,Topic_carbon_encapsulation_2015-2024_Knowledge.txt,307,https://openalex.org/W4382403452,https://doi.org/10.3390/molecules28135020,2023,Hierarchical Lotus-Seedpod-Derived Porous Activated Carbon Encapsulated with NiCo2S4 for a High-Performance All-Solid-State Asymmetric Supercapacitor
snapshot_1,Topic_carbon_encapsulation_2015-2024_Knowledge.txt,308,https://openalex.org/W2783985772,https://doi.org/10.1002/cctc.201701946,2018,Methanation of Carbon Dioxide over Zeolite‐Encapsulated Nickel Nanoparticles
snapshot_1,Topic_carbon_encapsulation_2015-2024_Knowledge.txt,309,https://openalex.org/W3172285923,https://doi.org/10.1021/acscatal.1c01284,2021,Ultrafine Nickel Nanoparticles Encapsulated in N-Doped Carbon Promoting Hydrogen Oxidation Reaction in Alkaline Media
snapshot_1,Topic_carbon_encapsulation_2015-2024_Knowledge.txt,310,https://openalex.org/W2791919831,https://doi.org/10.1002/chem.201800993,2018,Carbon Nanotubes Encapsulated in Coiled‐Coil Peptide Barrels
snapshot_1,Topic_carbon_encapsulation_2015-2024_Knowledge.txt,311,https://openalex.org/W2771604928,https://doi.org/10.1002/cssc.201702010,2017,Hydrogen Evolution Activity of Ruthenium Phosphides Encapsulated in Nitrogen‐ and Phosphorous‐Codoped Hollow Carbon Nanospheres
snapshot_1,Topic_carbon_encapsulation_2015-2024_Knowledge.txt,312,https://openalex.org/W4403348376,https://doi.org/10.1016/j.jallcom.2024.177012,2024,Carbon-encapsulated silicon ordered nanofiber membranes as high-performance anode material for lithium-ion batteries
snapshot_1,Topic_carbon_encapsulation_2015-2024_Knowledge.txt,313,https://openalex.org/W2910390960,https://doi.org/10.1021/acsami.8b15653,2019,Cobalt/Molybdenum Phosphide and Oxide Heterostructures Encapsulated in N-Doped Carbon Nanocomposite for Overall Water Splitting in Alkaline Media
snapshot_1,Topic_carbon_encapsulation_2015-2024_Knowledge.txt,314,https://openalex.org/W2278634941,https://doi.org/10.1088/0957-4484/27/7/075603,2016,Low temperature<i>in situ</i>synthesis and the formation mechanism of various carbon-encapsulated nanocrystals by the electrophilic oxidation of metallocene complexes
snapshot_1,Topic_carbon_encapsulation_2015-2024_Knowledge.txt,315,https://openalex.org/W3168503038,https://doi.org/10.1002/aenm.202101249,2021,"N, S Codoped Carbon Matrix‐Encapsulated Co<sub>9</sub>S<sub>8</sub> Nanoparticles as a Highly Efficient and Durable Bifunctional Oxygen Redox Electrocatalyst for Rechargeable Zn–Air Batteries"
snapshot_1,Topic_carbon_encapsulation_2015-2024_Knowledge.txt,316,https://openalex.org/W2172434995,https://doi.org/10.2217/nnm.15.172,2015,Uptake of Ferromagnetic Carbon-Encapsulated Metal Nanoparticles in Endothelial Cells: Influence of Shear Stress and Endothelial Activation
snapshot_1,Topic_carbon_encapsulation_2015-2024_Knowledge.txt,317,https://openalex.org/W3026126839,https://doi.org/10.1002/aoc.5791,2020,A novel hybrid electrode of zeolitic imidazolate framework–derived carbon encapsulated in reduced‐TiO<sub>2</sub> nanotube arrays: Fabrication and photoelectrocatalytic activity
snapshot_1,Topic_carbon_encapsulation_2015-2024_Knowledge.txt,318,https://openalex.org/W2953075124,https://doi.org/10.1002/adem.201900497,2019,Beneficial Impact of Excess Mg on Flux Pinning in Bulk MgB<sub>2</sub> Synthesized with Ag Addition and Carbon Encapsulated Boron
snapshot_1,Topic_carbon_encapsulation_2015-2024_Knowledge.txt,319,https://openalex.org/W2105333022,https://doi.org/10.1002/smll.201501313,2015,Sb Nanoparticles Encapsulated in a Reticular Amorphous Carbon Network for Enhanced Sodium Storage
snapshot_1,Topic_carbon_encapsulation_2015-2024_Knowledge.txt,320,https://openalex.org/W4283446185,https://doi.org/10.1002/asia.202200440,2022,Nitrogen‐Doped Carbon‐Encapsulated Ordered Mesoporous SiO<sub>x</sub> as Anode for High‐Performance Lithium‐Ion Batteries
snapshot_1,Topic_carbon_encapsulation_2015-2024_Knowledge.txt,321,https://openalex.org/W4400129642,https://doi.org/10.1021/acsami.4c05382,2024,Amorphous Cobalt-Impregnated Nitrogen-Doped Carbon Encapsulation Nanochain Enhances Long-Lasting Electrochemical Water Splitting
snapshot_1,Topic_carbon_encapsulation_2015-2024_Knowledge.txt,322,https://openalex.org/W2897269262,https://doi.org/10.1002/slct.201802318,2018,Folic Acid‐Navigated and β‐Cyclodextrin‐Decorated Carbon‐Encapsulated Iron Nanoparticles as the Nanotheranostic Platform for Controlled Release of 5‐Fluorouracil
snapshot_1,Topic_carbon_encapsulation_2015-2024_Knowledge.txt,323,https://openalex.org/W2805325651,https://doi.org/10.1039/c8qi00256h,2018,Template synthesis of nitrogen-doped carbon nanocages–encapsulated carbon nanobubbles as catalyst for activation of peroxymonosulfate
snapshot_1,Topic_carbon_encapsulation_2015-2024_Knowledge.txt,324,https://openalex.org/W1994193026,https://doi.org/10.1039/c5cc02400e,2015,Unification of catalytic oxygen reduction and hydrogen evolution reactions: highly dispersive Co nanoparticles encapsulated inside Co and nitrogen co-doped carbon
snapshot_1,Topic_carbon_encapsulation_2015-2024_Knowledge.txt,325,https://openalex.org/W3149327526,https://doi.org/10.1021/acs.nanolett.1c00279,2021,Rechargeable Zn–Air Batteries with Outstanding Cycling Stability Enabled by Ultrafine FeNi Nanoparticles-Encapsulated N-Doped Carbon Nanosheets as a Bifunctional Electrocatalyst
snapshot_1,Topic_carbon_encapsulation_2015-2024_Knowledge.txt,326,https://openalex.org/W2780448777,https://doi.org/10.1039/c7ta09939h,2017,Low-ruthenium-content NiRu nanoalloys encapsulated in nitrogen-doped carbon as highly efficient and pH-universal electrocatalysts for the hydrogen evolution reaction
snapshot_1,Topic_carbon_encapsulation_2015-2024_Knowledge.txt,327,https://openalex.org/W2746429883,https://doi.org/10.1021/acs.nanolett.7b02698,2017,Air-Stable Porous Fe<sub>2</sub>N Encapsulated in Carbon Microboxes with High Volumetric Lithium Storage Capacity and a Long Cycle Life
snapshot_1,Topic_carbon_encapsulation_2015-2024_Knowledge.txt,328,https://openalex.org/W2610573233,https://doi.org/10.1021/acsnano.7b02225,2017,"Single-Atom Scale Structural Selectivity in Te Nanowires Encapsulated Inside Ultranarrow, Single-Walled Carbon Nanotubes"
snapshot_1,Topic_carbon_encapsulation_2015-2024_Knowledge.txt,329,https://openalex.org/W2911827158,https://doi.org/10.1002/smll.201804740,2019,Graphene‐Encapsulated FeS<sub>2</sub> in Carbon Fibers as High Reversible Anodes for Na<sup>+</sup>/K<sup>+</sup> Batteries in a Wide Temperature Range
snapshot_1,Topic_carbon_encapsulation_2015-2024_Knowledge.txt,330,https://openalex.org/W4394822901,https://doi.org/10.1021/acscatal.4c01035,2024,"Nitrogen, Sulfur Co-doped Hollow Carbon-Encapsulated Cu/Co<sub>2</sub>P for Selective Oxidation Esterification of Furfurals"
snapshot_1,Topic_carbon_encapsulation_2015-2024_Knowledge.txt,331,https://openalex.org/W4225640682,https://doi.org/10.1039/d1qi01510a,2022,Rationally integrated nickel sulfides for lithium storage: S/N co-doped carbon encapsulated NiS/Cu<sub>2</sub>S with greatly enhanced kinetic property and structural stability
snapshot_1,Topic_carbon_encapsulation_2015-2024_Knowledge.txt,332,https://openalex.org/W2177761322,https://doi.org/10.1039/c5ra20257d,2015,Carbon encapsulated Fe<sub>3</sub>O<sub>4</sub>/graphene framework with oriented macropores for lithium ion battery anode with enhanced cycling stability
snapshot_1,Topic_carbon_encapsulation_2015-2024_Knowledge.txt,333,https://openalex.org/W2600958602,https://doi.org/10.1021/acssuschemeng.6b03173,2017,Facile Synthesis of Cobalt Nanoparticles Entirely Encapsulated in Slim Nitrogen-Doped Carbon Nanotubes as Oxygen Reduction Catalyst
snapshot_1,Topic_carbon_encapsulation_2015-2024_Knowledge.txt,334,https://openalex.org/W4391171016,https://doi.org/10.1002/smll.202307830,2024,Promoted Overall Water Splitting Catalytic Activity and Durability of Ni <sub>3</sub> Fe Alloy by Designing N‐Doped Carbon Encapsulation
snapshot_1,Topic_carbon_encapsulation_2015-2024_Knowledge.txt,335,https://openalex.org/W3035062197,https://doi.org/10.1002/cey2.52,2020,Graphitic‐shell encapsulated FeNi alloy/nitride nanocrystals on biomass‐derived N‐doped carbon as an efficient electrocatalyst for rechargeable Zn‐air battery
snapshot_1,Topic_carbon_encapsulation_2015-2024_Knowledge.txt,336,https://openalex.org/W4386572929,https://doi.org/10.1002/ange.202312808,2023,Plasmon‐Induced Radical‐Radical Heterocoupling Boosts Photodriven Oxidative Esterification of Benzyl Alcohol over Nitrogen‐Doped Carbon‐Encapsulated Cobalt Nanoparticles
snapshot_1,Topic_carbon_encapsulation_2015-2024_Knowledge.txt,337,https://openalex.org/W4207078332,https://doi.org/10.1021/acs.nanolett.1c04380,2022,Cotton-Derived Fe/Fe<sub>3</sub>C-Encapsulated Carbon Nanotubes for High-Performance Lithium–Sulfur Batteries
snapshot_1,Topic_carbon_encapsulation_2015-2024_Knowledge.txt,338,https://openalex.org/W3200324761,https://doi.org/10.1002/smll.202103737,2021,"FeCo Nanoparticles Encapsulated in N‐Doped Carbon Nanotubes Coupled with Layered Double (Co, Fe) Hydroxide as an Efficient Bifunctional Catalyst for Rechargeable Zinc–Air Batteries"
snapshot_1,Topic_carbon_encapsulation_2015-2024_Knowledge.txt,339,https://openalex.org/W4210703456,https://doi.org/10.1002/ange.202108495,2021,Interfacial Linkage and Carbon Encapsulation Enable Full Solution‐Printed Perovskite Photovoltaics with Prolonged Lifespan
snapshot_1,Topic_carbon_encapsulation_2015-2024_Knowledge.txt,340,https://openalex.org/W3012084845,https://doi.org/10.1039/d0nr01696a,2020,Boosting the photocatalytic CO<sub>2</sub> reduction of metal–organic frameworks by encapsulating carbon dots
snapshot_1,Topic_carbon_encapsulation_2015-2024_Knowledge.txt,341,https://openalex.org/W3041484755,https://doi.org/10.1039/d0dt01624a,2020,Titanicone-derived TiO<sub>2</sub> quantum dot@carbon encapsulated ZnO nanorod anodes for stable lithium storage
snapshot_1,Topic_carbon_encapsulation_2015-2024_Knowledge.txt,342,https://openalex.org/W3197475787,https://doi.org/10.1002/celc.202101098,2021,Facile Construction of Carbon Encapsulated of Earth‐Abundant Metal Sulfides for Oxygen Electrocatalysis
snapshot_1,Topic_carbon_encapsulation_2015-2024_Knowledge.txt,343,https://openalex.org/W2789501717,https://doi.org/10.1088/1742-6596/946/1/012068,2018,Diagnostics of carbon-encapsulated iron nanoparticles by laser heating
snapshot_1,Topic_carbon_encapsulation_2015-2024_Knowledge.txt,344,https://openalex.org/W2279417937,https://doi.org/10.1039/c5ta09699e,2016,Novel peapod NiO nanoparticles encapsulated in carbon fibers for high-efficiency supercapacitors and lithium-ion batteries
snapshot_1,Topic_carbon_encapsulation_2015-2024_Knowledge.txt,345,https://openalex.org/W2610784710,https://doi.org/10.1021/acsami.7b04561,2017,Sn Nanoparticles Encapsulated in 3D Nanoporous Carbon Derived from a Metal–Organic Framework for Anode Material in Lithium-Ion Batteries
snapshot_1,Topic_carbon_encapsulation_2015-2024_Knowledge.txt,346,https://openalex.org/W2615729787,https://doi.org/10.1088/1755-1315/64/1/012070,2017,Nitrogen activation of carbon-encapsulated zero-valent iron nanoparticles and influence of the activation temperature on heavy metals removal
snapshot_1,Topic_carbon_encapsulation_2015-2024_Knowledge.txt,347,https://openalex.org/W4284966984,https://doi.org/10.1002/adfm.202205635,2022,Synergistic Engineering of Heterointerface and Architecture in New‐Type ZnS/Sn Heterostructures In Situ Encapsulated in Nitrogen‐Doped Carbon Toward High‐Efficient Lithium‐Ion Storage
snapshot_1,Topic_carbon_encapsulation_2015-2024_Knowledge.txt,348,https://openalex.org/W2588388131,https://doi.org/10.1039/c6ta10748f,2017,From Ru nanoparticle-encapsulated metal–organic frameworks to highly catalytically active Cu/Ru nanoparticle-embedded porous carbon
snapshot_1,Topic_carbon_encapsulation_2015-2024_Knowledge.txt,349,https://openalex.org/W2149015980,https://doi.org/10.1002/cssc.201500297,2015,Recycled Poly(vinyl alcohol) Sponge for Carbon Encapsulation of Size‐Tunable Tin Dioxide Nanocrystalline Composites
snapshot_1,Topic_carbon_encapsulation_2015-2024_Knowledge.txt,350,https://openalex.org/W2789556251,https://doi.org/10.1021/acssuschemeng.7b04777,2018,Total Water Splitting Catalyzed by Co@Ir Core–Shell Nanoparticles Encapsulated in Nitrogen-Doped Porous Carbon Derived from Metal–Organic Frameworks
snapshot_1,Topic_carbon_encapsulation_2015-2024_Knowledge.txt,351,https://openalex.org/W2968958198,https://doi.org/10.1126/sciadv.aax0780,2019,Drug-encapsulated carbon (DECON): A novel platform for enhanced drug delivery
snapshot_1,Topic_carbon_encapsulation_2015-2024_Knowledge.txt,352,https://openalex.org/W2587755917,https://doi.org/10.1021/acsami.6b15392,2017,Hollow Nitrogen-Doped Carbon Spheres with Fe<sub>3</sub>O<sub>4</sub> Nanoparticles Encapsulated as a Highly Active Oxygen-Reduction Catalyst
snapshot_1,Topic_carbon_encapsulation_2015-2024_Knowledge.txt,353,https://openalex.org/W2320794405,https://doi.org/10.1002/chem.201504420,2016,High‐Loading Nano‐SnO<sub>2</sub> Encapsulated in situ in Three‐Dimensional Rigid Porous Carbon for Superior Lithium‐Ion Batteries
snapshot_1,Topic_carbon_encapsulation_2015-2024_Knowledge.txt,354,https://openalex.org/W1937678266,https://doi.org/10.1039/c4ta07220k,2015,Electrospun hollow glassy carbon–reduced graphene oxide nanofibers with encapsulated ZnO nanoparticles: a free standing anode for Li-ion batteries
snapshot_1,Topic_carbon_encapsulation_2015-2024_Knowledge.txt,355,https://openalex.org/W4210602132,https://doi.org/10.1021/acsaem.1c03680,2022,"2D-Nb<sub>2</sub>CT<sub><i>z</i></sub>-Supported, 3D-Carbon-Encapsulated, Oxygen-Deficient Nb<sub>2</sub>O<sub>5</sub> for an Advanced Li-Ion Battery"
snapshot_1,Topic_carbon_encapsulation_2015-2024_Knowledge.txt,356,https://openalex.org/W4210582015,https://doi.org/10.1039/d1dt04163k,2022,Metal–organic framework derived carbon-encapsulated hollow CuO/Cu<sub>2</sub>O heterostructure heterohedron as an efficient electrocatalyst for hydrogen evolution reaction
snapshot_1,Topic_carbon_encapsulation_2015-2024_Knowledge.txt,357,https://openalex.org/W2329189813,https://doi.org/10.1021/acsami.6b01511,2016,Polysiloxane Functionalized Carbon Dots and Their Cross-Linked Flexible Silicone Rubbers for Color Conversion and Encapsulation of White LEDs
snapshot_1,Topic_carbon_encapsulation_2015-2024_Knowledge.txt,358,https://openalex.org/W2734995978,https://doi.org/10.1002/anie.201704911,2017,RuP<sub>2</sub>‐Based Catalysts with Platinum‐like Activity and Higher Durability for the Hydrogen Evolution Reaction at All pH Values
snapshot_1,Topic_carbon_encapsulation_2015-2024_Knowledge.txt,359,https://openalex.org/W4239511518,https://doi.org/10.1002/ange.201912275,2019,Identification of Catalytic Sites for Oxygen Reduction in Metal/Nitrogen‐Doped Carbons with Encapsulated Metal Nanoparticles
snapshot_1,Topic_carbon_encapsulation_2015-2024_Knowledge.txt,360,https://openalex.org/W4391660492,https://doi.org/10.1039/d3ta08043a,2024,Rationally designed carbon-encapsulated manganese selenide composites from metal–organic frameworks for stable aqueous Zn–Mn batteries
snapshot_1,Topic_carbon_encapsulation_2015-2024_Knowledge.txt,361,https://openalex.org/W4310277618,https://doi.org/10.1002/smll.202206080,2022,"Rational Design of Covalent Bond Engineered Encapsulation Structure toward Efficient, Long‐Lived Multicolored Phosphorescent Carbon Dots"
snapshot_1,Topic_carbon_encapsulation_2015-2024_Knowledge.txt,362,https://openalex.org/W3132260437,https://doi.org/10.1063/5.0036861,2021,Carbon encapsulation of magnetite nanoparticles enhances magnetism at room-temperature due to spin-polarized charge transfer
snapshot_1,Topic_carbon_encapsulation_2015-2024_Knowledge.txt,363,https://openalex.org/W3156006063,https://doi.org/10.1016/j.jmrt.2021.04.032,2021,Carbon encapsulation of ferromagnetic L1oFePt nanocrystals with an enhanced coercivity from distorted lattices
snapshot_1,Topic_carbon_encapsulation_2015-2024_Knowledge.txt,364,https://openalex.org/W2901340592,https://doi.org/10.1016/j.jclepro.2018.11.175,2018,A new composite of nano zero-valent iron encapsulated in carbon dots for oxidative removal of bio-refractory antibiotics from water
snapshot_1,Topic_carbon_encapsulation_2015-2024_Knowledge.txt,365,https://openalex.org/W2795368538,https://doi.org/10.1002/smll.201703642,2018,"Cobalt Sulfide Nanowires Core Encapsulated by a N, S Codoped Graphitic Carbon Shell for Efficient Oxygen Reduction Reaction"
snapshot_1,Topic_carbon_encapsulation_2015-2024_Knowledge.txt,366,https://openalex.org/W2845744181,https://doi.org/10.1021/acsnano.8b02721,2018,Cross-Linking Hollow Carbon Sheet Encapsulated CuP<sub>2</sub> Nanocomposites for High Energy Density Sodium-Ion Batteries
snapshot_1,Topic_carbon_encapsulation_2015-2024_Knowledge.txt,367,https://openalex.org/W4400880389,https://doi.org/10.1002/cssc.202400546,2024,Porous N‐Doped Carbon‐encapsulated Iron as Novel Catalyst Architecture for the Electrocatalytic Hydrogenation of Benzaldehyde
snapshot_1,Topic_carbon_encapsulation_2015-2024_Knowledge.txt,368,https://openalex.org/W2904968850,https://doi.org/10.1002/advs.201801490,2018,Construction of FeP Hollow Nanoparticles Densely Encapsulated in Carbon Nanosheet Frameworks for Efficient and Durable Electrocatalytic Hydrogen Production
snapshot_1,Topic_carbon_encapsulation_2015-2024_Knowledge.txt,369,https://openalex.org/W3012084587,https://doi.org/10.1007/s12274-020-2727-7,2020,In-situ growth of Ni nanoparticle-encapsulated N-doped carbon nanotubes on carbon nanorods for efficient hydrogen evolution electrocatalysis
snapshot_1,Topic_carbon_encapsulation_2015-2024_Knowledge.txt,370,https://openalex.org/W2597482049,https://doi.org/10.1021/acsami.7b00389,2017,Microporous Carbon Polyhedrons Encapsulated Polyacrylonitrile Nanofibers as Sulfur Immobilizer for Lithium–Sulfur Battery
snapshot_1,Topic_carbon_encapsulation_2015-2024_Knowledge.txt,371,https://openalex.org/W2796429538,https://doi.org/10.1002/adma.201706317,2018,"In Situ Encapsulating α‐MnS into N,S‐Codoped Nanotube‐Like Carbon as Advanced Anode Material: α → β Phase Transition Promoted Cycling Stability and Superior Li/Na‐Storage Performance in Half/Full Cells"
snapshot_1,Topic_carbon_encapsulation_2015-2024_Knowledge.txt,372,https://openalex.org/W2756092125,https://doi.org/10.1002/smll.201702081,2017,Encapsulated Vanadium‐Based Hybrids in Amorphous N‐Doped Carbon Matrix as Anode Materials for Lithium‐Ion Batteries
snapshot_1,Topic_carbon_encapsulation_2015-2024_Knowledge.txt,373,https://openalex.org/W2776406514,https://doi.org/10.1039/c7ta09609g,2017,Co<sub>2</sub>P nanoparticles encapsulated in 3D porous N-doped carbon nanosheet networks as an anode for high-performance sodium-ion batteries
snapshot_1,Topic_carbon_encapsulation_2015-2024_Knowledge.txt,374,https://openalex.org/W2513669395,https://doi.org/10.1039/c6ta05485d,2016,Ultrafine Co<sub>2</sub>P nanoparticles encapsulated in nitrogen and phosphorus dual-doped porous carbon nanosheet/carbon nanotube hybrids: high-performance bifunctional electrocatalysts for overall water splitting
snapshot_1,Topic_carbon_encapsulation_2015-2024_Knowledge.txt,375,https://openalex.org/W1916709778,https://doi.org/10.1039/c5cp03890a,2015,Ultrafine Mo<sub>2</sub>C nanoparticles encapsulated in N-doped carbon nanofibers with enhanced lithium storage performance
snapshot_1,Topic_carbon_encapsulation_2015-2024_Knowledge.txt,376,https://openalex.org/W4386467598,https://doi.org/10.1002/smll.202305517,2023,Hierarchical Hollow Carbon Particles with Encapsulation of Carbon Nanotubes for High Performance Supercapacitors
snapshot_1,Topic_carbon_encapsulation_2015-2024_Knowledge.txt,377,https://openalex.org/W3108233232,https://doi.org/10.1002/adfm.202009197,2020,Simultaneously Crafting Single‐Atomic Fe Sites and Graphitic Layer‐Wrapped Fe<sub>3</sub>C Nanoparticles Encapsulated within Mesoporous Carbon Tubes for Oxygen Reduction
snapshot_1,Topic_carbon_encapsulation_2015-2024_Knowledge.txt,378,https://openalex.org/W2885002430,https://doi.org/10.1039/c8dt01795f,2018,Covalent mechanochemical functionalization of carbon-encapsulated iron nanoparticles towards the improvement of their colloidal stability
snapshot_1,Topic_carbon_encapsulation_2015-2024_Knowledge.txt,379,https://openalex.org/W3116102481,https://doi.org/10.1002/admi.202001847,2020,Molecular‐Level Encapsulation Strategy: Host–Guest‐Inclusion‐Complex‐Derived Carbon‐Encapsulated Nanocomposites for High Performance Lithium‐Ion Storage
snapshot_1,Topic_carbon_encapsulation_2015-2024_Knowledge.txt,380,https://openalex.org/W2918028037,https://doi.org/10.1021/acs.oprd.8b00453,2019,"Ferrocene-Labeled Carbon-Encapsulated Iron Nanoparticles: The First Magnetic Nanocatalysts for C–H Arylation toward 1,1′-Biphenyl Formation"
snapshot_1,Topic_carbon_encapsulation_2015-2024_Knowledge.txt,381,https://openalex.org/W2343493880,https://doi.org/10.15541/jim20150544,2016,Influence Factors of Preparing Carbon-encapsulated Iron Nanoparticles by Gaseous Detonation Method
snapshot_1,Topic_carbon_encapsulation_2015-2024_Knowledge.txt,382,https://openalex.org/W4328120738,https://doi.org/10.1002/eom2.12342,2023,Upcycled synthesis and extraction of carbon‐encapsulated iron carbide nanoparticles for gap Plasmon applications in perovskite solar cells
snapshot_1,Topic_carbon_encapsulation_2015-2024_Knowledge.txt,383,https://openalex.org/W3011340017,https://doi.org/10.1039/d0ta00826e,2020,Electrospinning synthesis of transition metal alloy nanoparticles encapsulated in nitrogen-doped carbon layers as an advanced bifunctional oxygen electrode
snapshot_1,Topic_carbon_encapsulation_2015-2024_Knowledge.txt,384,https://openalex.org/W1873019407,https://doi.org/10.1039/c5cc03946k,2015,"(Fe,Co)@nitrogen-doped graphitic carbon nanocubes derived from polydopamine-encapsulated metal–organic frameworks as a highly stable and selective non-precious oxygen reduction electrocatalyst"
snapshot_1,Topic_carbon_encapsulation_2015-2024_Knowledge.txt,385,https://openalex.org/W4391055334,https://doi.org/10.1016/j.fuproc.2024.108045,2024,Catalytic transfer hydrodeoxygenation of guaiacol to phenol with formic acid over N-doped carbon encapsulated non-noble alloy catalysts
snapshot_1,Topic_carbon_encapsulation_2015-2024_Knowledge.txt,386,https://openalex.org/W2922348790,https://doi.org/10.3390/ma12050829,2019,Synthesis and Characterization of Flower-like Carbon-encapsulated Fe-C Nanoparticles for Application as Adsorbing Material
snapshot_1,Topic_carbon_encapsulation_2015-2024_Knowledge.txt,387,https://openalex.org/W2884931692,https://doi.org/10.1002/advs.201800829,2018,Encapsulation of CoS<i><sub>x</sub></i> Nanocrystals into N/S Co‐Doped Honeycomb‐Like 3D Porous Carbon for High‐Performance Lithium Storage
snapshot_1,Topic_carbon_encapsulation_2015-2024_Knowledge.txt,388,https://openalex.org/W2605070030,https://doi.org/10.1039/c7gc00469a,2017,Nitrogen-doped carbon nanotubes encapsulate cobalt nanoparticles as efficient catalysts for aerobic and solvent-free selective oxidation of hydrocarbons
snapshot_1,Topic_carbon_encapsulation_2015-2024_Knowledge.txt,389,https://openalex.org/W3004693548,https://doi.org/10.1021/acs.nanolett.9b05349,2020,Ultrahigh and Durable Volumetric Lithium/Sodium Storage Enabled by a Highly Dense Graphene-Encapsulated Nitrogen-Doped Carbon@Sn Compact Monolith
snapshot_1,Topic_carbon_encapsulation_2015-2024_Knowledge.txt,390,https://openalex.org/W2952234503,https://doi.org/10.1021/jacs.9b04520,2019,Fine-Tuning Apertures of Metal–Organic Cages: Encapsulation of Carbon Dioxide in Solution and Solid State
snapshot_1,Topic_carbon_encapsulation_2015-2024_Knowledge.txt,391,https://openalex.org/W2282010065,https://doi.org/10.1039/c5ee03345d,2016,Encapsulating V<sub>2</sub>O<sub>5</sub> into carbon nanotubes enables the synthesis of flexible high-performance lithium ion batteries
snapshot_1,Topic_carbon_encapsulation_2015-2024_Knowledge.txt,392,https://openalex.org/W2177079084,https://doi.org/10.1039/c5cc08097e,2015,Highly efficient and durable PtCo alloy nanoparticles encapsulated in carbon nanofibers for electrochemical hydrogen generation
snapshot_1,Topic_carbon_encapsulation_2015-2024_Knowledge.txt,393,https://openalex.org/W2736281351,https://doi.org/10.1039/c7ta04893a,2017,Cobalt/molybdenum carbide@N-doped carbon as a bifunctional electrocatalyst for hydrogen and oxygen evolution reactions
snapshot_1,Topic_carbon_encapsulation_2015-2024_Knowledge.txt,394,https://openalex.org/W4281735737,https://doi.org/10.1021/acscatal.2c01618,2022,Does the Encapsulation Strategy of Pt Nanoparticles with Carbon Layers Really Ensure Both Highly Active and Durable Electrocatalysis in Fuel Cells?
snapshot_1,Topic_carbon_encapsulation_2015-2024_Knowledge.txt,395,https://openalex.org/W2469854979,https://doi.org/10.1007/s12274-016-1154-2,2016,Hydrothermal synthesis of manganese oxide encapsulated multiporous carbon nanofibers for supercapacitors
snapshot_1,Topic_carbon_encapsulation_2015-2024_Knowledge.txt,396,https://openalex.org/W2924953840,https://doi.org/10.1007/s12274-019-2335-6,2019,"Encapsulating segment-like antimony nanorod in hollow carbon tube as long-lifespan, high-rate anodes for rechargeable K-ion batteries"
snapshot_1,Topic_carbon_encapsulation_2015-2024_Knowledge.txt,397,https://openalex.org/W4207025507,https://doi.org/10.1149/1945-7111/ac4daf,2022,Carbon-Encapsulated Cobalt Phosphide Catalyst for Efficient Electrochemical Synthesis of Hydrogen Peroxide
snapshot_1,Topic_carbon_encapsulation_2015-2024_Knowledge.txt,398,https://openalex.org/W2998248852,https://doi.org/10.1039/c9ta12859j,2020,Necklace-like carbon nanofibers encapsulating V<sub>3</sub>S<sub>4</sub> microspheres for ultrafast and stable potassium-ion storage
snapshot_1,Topic_carbon_encapsulation_2015-2024_Knowledge.txt,399,https://openalex.org/W2737636321,https://doi.org/10.1088/1361-6528/aa7995,2017,Highly efficient one-step synthesis of carbon encapsulated nanocrystals by the oxidation of metal<i>π</i>-complexes
snapshot_1,Topic_carbon_encapsulation_2015-2024_Knowledge.txt,400,https://openalex.org/W2296213703,https://doi.org/10.1039/c6cp01103a,2016,Electrochemical lithium-ion storage properties of quinone molecules encapsulated in single-walled carbon nanotubes
snapshot_1,Topic_carbon_encapsulation_2015-2024_Knowledge.txt,401,https://openalex.org/W3156716758,https://doi.org/10.1002/ppap.202100013,2021,Scenario of carbon‐encapsulated particle synthesis by spark discharges in liquid hydrocarbons
snapshot_1,Topic_carbon_encapsulation_2015-2024_Knowledge.txt,402,https://openalex.org/W4399082772,https://doi.org/10.1021/acsestwater.4c00150,2024,N-doped Carbon-Encapsulated CoMn Bimetallic Nanocages Anchored on Montmorillonite as Efficient Activators of Peroxymonosulfate for Pollutant Control
snapshot_1,Topic_carbon_encapsulation_2015-2024_Knowledge.txt,403,https://openalex.org/W2288697039,https://doi.org/10.1021/acs.chemmater.5b04750,2016,Bowl-like 3C-SiC Nanoshells Encapsulated in Hollow Graphitic Carbon Spheres for High-Rate Lithium-Ion Batteries
snapshot_1,Topic_carbon_encapsulation_2015-2024_Knowledge.txt,404,https://openalex.org/W4306698482,https://doi.org/10.1021/acscatal.2c03571,2022,Overcoming the Activity–Stability Trade-Off in Heterogeneous Electro-Fenton Catalysis: Encapsulating Carbon Cloth-Supported Iron Oxychloride within Graphitic Layers
snapshot_1,Topic_carbon_encapsulation_2015-2024_Knowledge.txt,405,https://openalex.org/W2301441431,https://doi.org/10.1002/adfm.201504177,2016,Mesoporous Silica as Nanoreactors to Prepare Gd‐Encapsulated Carbon Dots of Controllable Sizes and Magnetic Properties
snapshot_1,Topic_carbon_encapsulation_2015-2024_Knowledge.txt,406,https://openalex.org/W2767939878,https://doi.org/10.1021/acsami.7b14380,2017,Selenium Encapsulated into Metal–Organic Frameworks Derived N-Doped Porous Carbon Polyhedrons as Cathode for Na–Se Batteries
snapshot_1,Topic_carbon_encapsulation_2015-2024_Knowledge.txt,407,https://openalex.org/W2778533433,https://doi.org/10.1002/smll.201703252,2017,A Freestanding and Long‐Life Sodium–Selenium Cathode by Encapsulation of Selenium into Microporous Multichannel Carbon Nanofibers
snapshot_1,Topic_carbon_encapsulation_2015-2024_Knowledge.txt,408,https://openalex.org/W3005568347,https://doi.org/10.1021/acs.iecr.9b06604,2020,Cobalt Nanoparticles Encapsulated in Nitrogen-Doped Carbon Shells: Efficient and Stable Catalyst for Nitrobenzene Reduction
snapshot_1,Topic_carbon_encapsulation_2015-2024_Knowledge.txt,409,https://openalex.org/W3138929475,https://doi.org/10.1021/acsnano.1c00924,2021,Encapsulation of Red Phosphorus in Carbon Nanocages with Ultrahigh Content for High-Capacity and Long Cycle Life Sodium-Ion Batteries
snapshot_1,Topic_carbon_encapsulation_2015-2024_Knowledge.txt,410,https://openalex.org/W2940238869,https://doi.org/10.1039/c9cy00266a,2019,Bimetallic NiCo/CNF encapsulated in a N-doped carbon shell as an electrocatalyst for Zn–air batteries and water splitting
snapshot_1,Topic_carbon_encapsulation_2015-2024_Knowledge.txt,411,https://openalex.org/W3048742215,https://doi.org/10.1021/acsnano.0c05332,2020,Bortezomib-Encapsulated CuS/Carbon Dot Nanocomposites for Enhanced Photothermal Therapy via Stabilization of Polyubiquitinated Substrates in the Proteasomal Degradation Pathway
snapshot_1,Topic_carbon_encapsulation_2015-2024_Knowledge.txt,412,https://openalex.org/W2514514096,https://doi.org/10.1021/acs.langmuir.6b02904,2016,Adsorption Behavior and Mechanism of Antibiotic Sulfamethoxazole on Carboxylic-Functionalized Carbon Nanofibers-Encapsulated Ni Magnetic Nanoparticles
snapshot_1,Topic_carbon_encapsulation_2015-2024_Knowledge.txt,413,https://openalex.org/W2757122359,https://doi.org/10.1002/cssc.201701607,2017,Iridium Clusters Encapsulated in Carbon Nanospheres as Nanocatalysts for Methylation of (Bio)Alcohols
snapshot_1,Topic_carbon_encapsulation_2015-2024_Knowledge.txt,414,https://openalex.org/W3091661993,https://doi.org/10.1021/acsnano.0c04870,2020,Encapsulation of Se into Hierarchically Porous Carbon Microspheres with Optimized Pore Structure for Advanced Na–Se and K–Se Batteries
snapshot_1,Topic_carbon_encapsulation_2015-2024_Knowledge.txt,415,https://openalex.org/W2510174951,https://doi.org/10.1002/slct.201600931,2016,Polycarbonate Composites Containing Carbon Encapsulated “Brick‐Like” Fe <sub>3</sub> O <sub>4</sub> Nanoparticles as Efficient Microwave Absorbers with a Large Bandwidth
snapshot_1,Topic_carbon_encapsulation_2015-2024_Knowledge.txt,416,https://openalex.org/W4387233898,https://doi.org/10.1016/j.apcatb.2023.123355,2023,Encapsulation of carbon-nanodots into metal-organic frameworks for boosting photocatalytic upcycling of polyvinyl chloride plastic
snapshot_1,Topic_carbon_encapsulation_2015-2024_Knowledge.txt,417,https://openalex.org/W2135735962,https://doi.org/10.1002/aenm.201500212,2015,Review on Li‐Sulfur Battery Systems: an Integral Perspective
snapshot_1,Topic_carbon_encapsulation_2015-2024_Knowledge.txt,418,https://openalex.org/W2528678470,https://doi.org/10.1002/aenm.201601363,2016,Nanoparticles Encapsulated in Porous Carbon Matrix Coated on Carbon Fibers: An Ultrastable Cathode for Li‐Ion Batteries
snapshot_1,Topic_carbon_encapsulation_2015-2024_Knowledge.txt,419,https://openalex.org/W4292121939,https://doi.org/10.1021/acssuschemeng.2c03952,2022,Curving Engineering of Hollow Concave-Shaped Rhombic Dodecahedrons of N-Doped Carbon Encapsulated with Fe-Doped Co/Co<sub>3</sub>O<sub>4</sub> Nanoparticles for an Efficient Oxygen Reduction Reaction and Zn–Air Batteries
snapshot_1,Topic_carbon_encapsulation_2015-2024_Knowledge.txt,420,https://openalex.org/W4392160078,https://doi.org/10.1039/d3ta07848e,2024,Fluorinated carbon encapsulated NiO cluster/TiO<sub>2</sub> nanotubes as a robust photocatalyst for hydrogen evolution
snapshot_1,Topic_carbon_encapsulation_2015-2024_Knowledge.txt,421,https://openalex.org/W2949243060,https://doi.org/10.1039/c9ta03213d,2019,Transition metal electrocatalysts encapsulated into N-doped carbon nanotubes on reduced graphene oxide nanosheets: efficient water splitting through synergistic effects
snapshot_1,Topic_carbon_encapsulation_2015-2024_Knowledge.txt,422,https://openalex.org/W3008825548,https://doi.org/10.1002/smll.201907141,2020,Mild‐Temperature Solution‐Assisted Encapsulation of Phosphorus into ZIF‐8 Derived Porous Carbon as Lithium‐Ion Battery Anode
snapshot_1,Topic_carbon_encapsulation_2015-2024_Knowledge.txt,423,https://openalex.org/W2809950270,https://doi.org/10.1166/jnn.2018.15527,2018,Synthesis of Carbon-Encapsulated Iron and Iron Nitride Nanoparticles from Ferrocene Through Reactive Radio-Frequency Thermal Plasma
snapshot_1,Topic_carbon_encapsulation_2015-2024_Knowledge.txt,424,https://openalex.org/W2913743044,https://doi.org/10.1021/acs.iecr.8b06306,2019,Mechanical and Corrosion Protection Properties of a Smart Composite Epoxy Coating with Dual-Encapsulated Epoxy/Polyamine in Carbon Nanospheres
snapshot_1,Topic_carbon_encapsulation_2015-2024_Knowledge.txt,425,https://openalex.org/W4300817580,https://doi.org/10.1088/1361-6463/ac96fe,2022,High-performance bifunctional oxygen electrocatalysts for zinc-air batteries over nitrogen-doped carbon encapsulating CoNi nanoparticles
snapshot_1,Topic_carbon_encapsulation_2015-2024_Knowledge.txt,426,https://openalex.org/W3016331920,https://doi.org/10.1002/smll.201907670,2020,Construction of Bimetallic Selenides Encapsulated in Nitrogen/Sulfur Co‐Doped Hollow Carbon Nanospheres for High‐Performance Sodium/Potassium‐Ion Half/Full Batteries
snapshot_1,Topic_carbon_encapsulation_2015-2024_Knowledge.txt,427,https://openalex.org/W2783750533,https://doi.org/10.1021/acsami.7b16760,2018,Self-Assembly of Silicon@Oxidized Mesocarbon Microbeads Encapsulated in Carbon as Anode Material for Lithium-Ion Batteries
snapshot_1,Topic_carbon_encapsulation_2015-2024_Knowledge.txt,428,https://openalex.org/W2923656633,https://doi.org/10.1021/jacs.9b00683,2019,Bowl-Shaped Carbon Nanobelts Showing Size-Dependent Properties and Selective Encapsulation of C<sub>70</sub>
snapshot_1,Topic_carbon_encapsulation_2015-2024_Knowledge.txt,429,https://openalex.org/W2954646885,https://doi.org/10.1039/c9nr03480c,2019,Encapsulation of MoSe<sub>2</sub> in carbon fibers as anodes for potassium ion batteries and nonaqueous battery–supercapacitor hybrid devices
snapshot_1,Topic_carbon_encapsulation_2015-2024_Knowledge.txt,430,https://openalex.org/W4367551527,https://doi.org/10.1007/s40820-023-01082-w,2023,Interface Engineering of Fe7S8/FeS2 Heterostructure in situ Encapsulated into Nitrogen-Doped Carbon Nanotubes for High Power Sodium-Ion Batteries
snapshot_1,Topic_carbon_encapsulation_2015-2024_Knowledge.txt,431,https://openalex.org/W3177370592,https://doi.org/10.1002/smll.202101315,2021,Identification of the Charge Transfer Channel in Cobalt Encapsulated Hollow Nitrogen‐Doped Carbon Matrix@CdS Heterostructure for Photocatalytic Hydrogen Evolution
snapshot_1,Topic_carbon_encapsulation_2015-2024_Knowledge.txt,432,https://openalex.org/W2350917470,https://doi.org/10.1039/c6ta03132c,2016,Facile synthesis of 3D hierarchical N-doped graphene nanosheet/cobalt encapsulated carbon nanotubes for high energy density asymmetric supercapacitors
snapshot_1,Topic_carbon_encapsulation_2015-2024_Knowledge.txt,433,https://openalex.org/W3026760761,https://doi.org/10.3390/foods9050674,2020,Heterogeneous Fenton Degradation of Patulin in Apple Juice Using Carbon-Encapsulated Nano Zero-Valent Iron (CE-nZVI)
snapshot_1,Topic_carbon_encapsulation_2015-2024_Knowledge.txt,434,https://openalex.org/W2765272837,https://doi.org/10.1021/acs.chemmater.7b03385,2017,Controlled Synthesis of Nickel Encapsulated into Nitrogen-Doped Carbon Nanotubes with Covalent Bonded Interfaces: The Structural and Electronic Modulation Strategy for an Efficient Electrocatalyst in Dye-Sensitized Solar Cells
snapshot_1,Topic_carbon_encapsulation_2015-2024_Knowledge.txt,435,https://openalex.org/W2787253572,https://doi.org/10.1039/c7nr09538d,2018,Co–VN encapsulated in bamboo-like N-doped carbon nanotubes for ultrahigh-stability of oxygen reduction reaction
snapshot_1,Topic_carbon_encapsulation_2015-2024_Knowledge.txt,436,https://openalex.org/W4220711231,https://doi.org/10.1021/acsami.1c19665,2022,Carbon Nanoarchitectonics with Bi Nanoparticle Encapsulation for Improved Electrochemical Deionization Performance
snapshot_1,Topic_carbon_encapsulation_2015-2024_Knowledge.txt,437,https://openalex.org/W4381187361,https://doi.org/10.1002/adsc.202300357,2023,Chemoselective Nitro Reduction Using Nitrogen‐Doped Carbon‐Encapsulated Ni Catalyst and Y‐Type Packed Bed Column for Continuous Flow Reaction
snapshot_1,Topic_carbon_encapsulation_2015-2024_Knowledge.txt,438,https://openalex.org/W4296421863,https://doi.org/10.1155/2022/3302082,2022,Synthesis of Carbon-Encapsulated Magnetic Iron Oxide Nanocomposites for Bioapplication
snapshot_1,Topic_carbon_encapsulation_2015-2024_Knowledge.txt,439,https://openalex.org/W4283815174,https://doi.org/10.1021/acsaem.2c00746,2022,Integrating N-Doped Porous Carbon-Encapsulated Ultrafine SnO<sub>2</sub> with MXene Nanosheets via Electrostatic Self-Assembly as a Superior Anode Material for Lithium Ion Capacitors
snapshot_1,Topic_carbon_encapsulation_2015-2024_Knowledge.txt,440,https://openalex.org/W2777671636,https://doi.org/10.1142/s179360471850008x,2017,Low temperature oxidation synthesis of carbon encapsulated Cr<sub>2</sub>O<sub>3</sub> nanocrystals and its lithium storage performance
snapshot_1,Topic_carbon_encapsulation_2015-2024_Knowledge.txt,441,https://openalex.org/W1645623771,https://doi.org/10.1002/admi.201500191,2015,Freestanding 3D Graphene–Nickel Encapsulated Nitrogen‐Rich Aligned Bamboo Like Carbon Nanotubes for High‐Performance Supercapacitors with Robust Cycle Stability
snapshot_1,Topic_carbon_encapsulation_2015-2024_Knowledge.txt,442,https://openalex.org/W2989240512,https://doi.org/10.1002/smtd.201900575,2019,Recent Progress of Metal Carbides Encapsulated in Carbon‐Based Materials for Electrocatalysis of Oxygen Reduction Reaction
snapshot_1,Topic_carbon_encapsulation_2015-2024_Knowledge.txt,443,https://openalex.org/W3103704351,https://doi.org/10.1039/d0an01806f,2020,Synergetic enhancement of electrochemical H<sub>2</sub>O<sub>2</sub> detection in a nitrogen-doped carbon encapsulated FeCo alloy architecture
snapshot_1,Topic_carbon_encapsulation_2015-2024_Knowledge.txt,444,https://openalex.org/W2887938920,https://doi.org/10.1021/acssuschemeng.8b01740,2018,Step-by-Step Improving Photocatalytic Hydrogen Evolution Activity of NH<sub>2</sub>–UiO-66 by Constructing Heterojunction and Encapsulating Carbon Nanodots
snapshot_1,Topic_carbon_encapsulation_2015-2024_Knowledge.txt,445,https://openalex.org/W2084225149,https://doi.org/10.1039/c4ta07183b,2015,Encapsulating sulfur into a hybrid porous carbon/CNT substrate as a cathode for lithium–sulfur batteries
snapshot_1,Topic_carbon_encapsulation_2015-2024_Knowledge.txt,446,https://openalex.org/W4319838662,https://doi.org/10.1002/cey2.317,2023,Ultralong nitrogen/sulfur Co‐doped carbon nano‐hollow‐sphere chains with encapsulated cobalt nanoparticles for highly efficient oxygen electrocatalysis
snapshot_1,Topic_carbon_encapsulation_2015-2024_Knowledge.txt,447,https://openalex.org/W3193562720,https://doi.org/10.1039/d1ta06100c,2021,Multifunctional bayberry-like composites consisting of CoFe encapsulated by carbon nanotubes for overall water splitting and zinc–air batteries
snapshot_1,Topic_carbon_encapsulation_2015-2024_Knowledge.txt,448,https://openalex.org/W4297563288,https://doi.org/10.26599/nre.2022.9120027,2022,Metal-coordinated porous polydopamine nanospheres derived Fe <sub>3</sub>N-FeCo encapsulated N-doped carbon as a highly efficient electrocatalyst for oxygen reduction reaction
snapshot_1,Topic_carbon_encapsulation_2015-2024_Knowledge.txt,449,https://openalex.org/W4297093253,https://doi.org/10.1021/acs.nanolett.2c03181,2022,Two Birds with One Stone: Concurrent Ligand Removal and Carbon Encapsulation Decipher Thickness-Dependent Catalytic Activity
snapshot_1,Topic_carbon_encapsulation_2015-2024_Knowledge.txt,450,https://openalex.org/W2904748208,https://doi.org/10.1021/acsami.8b14840,2018,Flexible and Wearable All-Solid-State Al–Air Battery Based on Iron Carbide Encapsulated in Electrospun Porous Carbon Nanofibers
snapshot_1,Topic_carbon_encapsulation_2015-2024_Knowledge.txt,451,https://openalex.org/W4386481065,https://doi.org/10.1002/adfm.202304614,2023,Uniform and Multifunctional PEI‐POSS/Carbon Encapsulation for High‐Rate Performance and Surface Stabilization of Nickel‐Rich Layered Cathodes in Lithium‐Ion Batteries
snapshot_1,Topic_carbon_encapsulation_2015-2024_Knowledge.txt,452,https://openalex.org/W2130346584,https://doi.org/10.1134/s0022476615030130,2015,X-ray spectroscopy of carbon-encapsulated iron nanoparticles
snapshot_1,Topic_carbon_encapsulation_2015-2024_Knowledge.txt,453,https://openalex.org/W3207815669,https://doi.org/10.1002/celc.202101112,2021,Porous 3D Architecture of Carbon‐Encapsulated Fe<sub>3</sub>O<sub>4</sub> Nanospheres Anchored on Networks of Carbon Nanotubes as Anodes for Advanced Lithium‐Ion Batteries
snapshot_1,Topic_carbon_encapsulation_2015-2024_Knowledge.txt,454,https://openalex.org/W2412733612,https://doi.org/10.1038/srep19382,2016,Direct Synthesis of Multicolor Fluorescent Hollow Carbon Spheres Encapsulating Enriched Carbon Dots
snapshot_1,Topic_carbon_encapsulation_2015-2024_Knowledge.txt,455,https://openalex.org/W4389850383,https://doi.org/10.1021/acs.jpcc.3c05422,2023,Carbon-Encapsulated Co Nanoparticle and Hollow Carbon Sphere Composites as High-Performance Catalysts for Oxygen Reduction Reaction
snapshot_1,Topic_carbon_encapsulation_2015-2024_Knowledge.txt,456,https://openalex.org/W2945551351,https://doi.org/10.1021/acsami.9b03070,2019,Green Synthesis of Dual Carbon Conductive Network-Encapsulated Hollow SiO<sub><i>x</i></sub> Spheres for Superior Lithium-Ion Batteries
snapshot_1,Topic_carbon_encapsulation_2015-2024_Knowledge.txt,457,https://openalex.org/W4318994104,https://doi.org/10.1039/d2ce00297c,2023,Carbon encapsulated hybrid Fe-based nanostructure with durable lithium storage
snapshot_1,Topic_carbon_encapsulation_2015-2024_Knowledge.txt,458,https://openalex.org/W3083878287,https://doi.org/10.3390/nano10091780,2020,Plasma-Assisted Synthesis of Platinum Nitride Nanoparticles under HPHT: Realized by Carbon-Encapsulated Ultrafine Pt Nanoparticles
snapshot_1,Topic_carbon_encapsulation_2015-2024_Knowledge.txt,459,https://openalex.org/W2926122119,https://doi.org/10.1021/acsnano.9b00980,2019,Encapsulation of SeS<sub>2</sub> into Nitrogen-Doped Free-Standing Carbon Nanofiber Film Enabling Long Cycle Life and High Energy Density K-SeS<sub>2</sub> Battery
snapshot_1,Topic_carbon_encapsulation_2015-2024_Knowledge.txt,460,https://openalex.org/W2790990752,https://doi.org/10.1039/c7nr09599f,2018,Carbon dioxide as a green carbon source for the synthesis of carbon cages encapsulating porous silicon as high performance lithium-ion battery anodes
snapshot_1,Topic_carbon_encapsulation_2015-2024_Knowledge.txt,461,https://openalex.org/W4399097024,https://doi.org/10.3389/fbioe.2024.1400765,2024,Flame spray pyrolyzed carbon-encapsulated Au/Fe3O4 nanoaggregates enabled efficient photothermal therapy and magnetic hyperthermia of esophageal cancer cells
snapshot_1,Topic_carbon_encapsulation_2015-2024_Knowledge.txt,462,https://openalex.org/W2621129528,https://doi.org/10.1111/ijac.12722,2017,Carbon encapsulated Fe <sub>3</sub> O <sub>4</sub> nanospheres with high electrochemical performance as anode materials for Li‐ion battery
snapshot_1,Topic_carbon_encapsulation_2015-2024_Knowledge.txt,463,https://openalex.org/W2925067214,https://doi.org/10.1142/s1793604719500590,2019,Synergistic effects of carbon-encapsulated cobalt/tricobalt tetroxide nanocapsules on hydrogenation of 4-nitrophenol
snapshot_1,Topic_carbon_encapsulation_2015-2024_Knowledge.txt,464,https://openalex.org/W2564610435,https://doi.org/10.1021/acsami.6b09355,2016,Electrostatic-Induced Assembly of Graphene-Encapsulated Carbon@Nickel–Aluminum Layered Double Hydroxide Core–Shell Spheres Hybrid Structure for High-Energy and High-Power-Density Asymmetric Supercapacitor
snapshot_1,Topic_carbon_encapsulation_2015-2024_Knowledge.txt,465,https://openalex.org/W3025128337,https://doi.org/10.1021/acscatal.0c01033,2020,Nanoengineering Construction of Cu<sub>2</sub>O Nanowire Arrays Encapsulated with g-C<sub>3</sub>N<sub>4</sub> as 3D Spatial Reticulation All-Solid-State Direct Z-Scheme Photocatalysts for Photocatalytic Reduction of Carbon Dioxide
snapshot_1,Topic_carbon_encapsulation_2015-2024_Knowledge.txt,466,https://openalex.org/W3120905951,https://doi.org/10.1016/j.nanoen.2021.105764,2021,NaTi2(PO4)3 hollow nanoparticles encapsulated in carbon nanofibers as novel anodes for flexible aqueous rechargeable sodium-ion batteries
snapshot_1,Topic_carbon_encapsulation_2015-2024_Knowledge.txt,467,https://openalex.org/W4400892749,https://doi.org/10.1039/d4dt01616e,2024,Multi-geometric carbon encapsulated SnP<sub>3</sub> composite for superior lithium/potassium ion batteries
snapshot_1,Topic_carbon_encapsulation_2015-2024_Knowledge.txt,468,https://openalex.org/W4307919108,https://doi.org/10.1002/adfm.202209273,2022,Atomic Modulation and Structure Design of Fe−N<sub>4</sub> Modified Hollow Carbon Fibers with Encapsulated Ni Nanoparticles for Rechargeable Zn–Air Batteries
snapshot_1,Topic_carbon_encapsulation_2015-2024_Knowledge.txt,469,https://openalex.org/W2905536594,https://doi.org/10.1021/acssuschemeng.8b04648,2018,Dandelion Derived Nitrogen-Doped Hollow Carbon Host for Encapsulating Sulfur in Lithium Sulfur Battery
snapshot_1,Topic_carbon_encapsulation_2015-2024_Knowledge.txt,470,https://openalex.org/W4319298568,https://doi.org/10.1021/acssuschemeng.2c06701,2023,Double-Layer Carbon Encapsulated Co Particles Combined with Ionic Liquid for Enhancing Electrochemical Detection of Oxygen
snapshot_1,Topic_carbon_encapsulation_2015-2024_Knowledge.txt,471,https://openalex.org/W4247259709,https://doi.org/10.1002/ange.202000657,2020,Metal–Organic Framework‐Derived Carbon Nanorods Encapsulating Bismuth Oxides for Rapid and Selective CO<sub>2</sub> Electroreduction to Formate
snapshot_1,Topic_carbon_encapsulation_2015-2024_Knowledge.txt,472,https://openalex.org/W2797165036,https://doi.org/10.1039/c8ta02180e,2018,A general dissolution–recrystallization strategy to achieve sulfur-encapsulated carbon for an advanced lithium–sulfur battery
snapshot_1,Topic_carbon_encapsulation_2015-2024_Knowledge.txt,473,https://openalex.org/W3117924506,https://doi.org/10.1021/acsnano.0c08352,2020,Optical Property Tuning of Single-Wall Carbon Nanotubes by Endohedral Encapsulation of a Wide Variety of Dielectric Molecules
snapshot_1,Topic_carbon_encapsulation_2015-2024_Knowledge.txt,474,https://openalex.org/W4295854269,https://doi.org/10.1016/j.cej.2022.139017,2022,Multi-functional bilayer carbon structures with micrometer-level physical encapsulation as a flexible cathode host for high-performance lithium-sulfur batteries
snapshot_1,Topic_carbon_encapsulation_2015-2024_Knowledge.txt,475,https://openalex.org/W2986850398,https://doi.org/10.1021/acsnano.9b07428,2019,Encapsulating Red Phosphorus in Ultralarge Pore Volume Hierarchical Porous Carbon Nanospheres for Lithium/Sodium-Ion Half/Full Batteries
snapshot_1,Topic_carbon_encapsulation_2015-2024_Knowledge.txt,476,https://openalex.org/W2887904202,https://doi.org/10.3390/catal8080329,2018,Oxygen Reduction Reaction and Hydrogen Evolution Reaction Catalyzed by Pd–Ru Nanoparticles Encapsulated in Porous Carbon Nanosheets
snapshot_1,Topic_carbon_encapsulation_2015-2024_Knowledge.txt,477,https://openalex.org/W2970916332,https://doi.org/10.1002/anie.201907189,2019,2D Titania–Carbon Superlattices Vertically Encapsulated in 3D Hollow Carbon Nanospheres Embedded with 0D TiO<sub>2</sub> Quantum Dots for Exceptional Sodium‐Ion Storage
snapshot_1,Topic_carbon_encapsulation_2015-2024_Knowledge.txt,478,https://openalex.org/W2742744065,https://doi.org/10.1039/c7cc05476a,2017,"Atomic-scaled cobalt encapsulated in P,N-doped carbon sheaths over carbon nanotubes for enhanced oxygen reduction electrocatalysis under acidic and alkaline media"
snapshot_1,Topic_carbon_encapsulation_2015-2024_Knowledge.txt,479,https://openalex.org/W3021658296,https://doi.org/10.1002/aenm.202000931,2020,"Covalent Encapsulation of Sulfur in a MOF‐Derived S, N‐Doped Porous Carbon Host Realized via the Vapor‐Infiltration Method Results in Enhanced Sodium–Sulfur Battery Performance"
snapshot_1,Topic_carbon_encapsulation_2015-2024_Knowledge.txt,480,https://openalex.org/W2888609400,https://doi.org/10.1021/jacs.8b06983,2018,DySc<sub>2</sub>N@C<sub>80</sub> Single-Molecule Magnetic Metallofullerene Encapsulated in a Single-Walled Carbon Nanotube
snapshot_1,Topic_carbon_encapsulation_2015-2024_Knowledge.txt,481,https://openalex.org/W2415575137,https://doi.org/10.1021/acsami.5b00870,2015,Nanospace-Confinement Copolymerization Strategy for Encapsulating Polymeric Sulfur into Porous Carbon for Lithium–Sulfur Batteries
snapshot_1,Topic_carbon_encapsulation_2015-2024_Knowledge.txt,482,https://openalex.org/W2571925179,https://doi.org/10.1103/physrevlett.118.027402,2017,"Quasiphase Transition in a Single File of Water Molecules Encapsulated in (6,5) Carbon Nanotubes Observed by Temperature-Dependent Photoluminescence Spectroscopy"
snapshot_1,Topic_carbon_encapsulation_2015-2024_Knowledge.txt,483,https://openalex.org/W2964391073,https://doi.org/10.4014/jmb.1903.03022,2019,Nano-Encapsulation of Plant Growth-Promoting Rhizobacteria and Their Metabolites Using Alginate-Silica Nanoparticles and Carbon Nanotube Improves UCB1 Pistachio Micropropagation
snapshot_1,Topic_carbon_encapsulation_2015-2024_Knowledge.txt,484,https://openalex.org/W2969861578,https://doi.org/10.1039/c9ta06947j,2019,Sulfur encapsulation by MOF-derived CoS<sub>2</sub> embedded in carbon hosts for high-performance Li–S batteries
snapshot_1,Topic_carbon_encapsulation_2015-2024_Knowledge.txt,485,https://openalex.org/W2006874594,https://doi.org/10.1039/c5nr01209k,2015,Encapsulating micro-nano Si/SiO<sub>x</sub>into conjugated nitrogen-doped carbon as binder-free monolithic anodes for advanced lithium ion batteries
snapshot_1,Topic_carbon_encapsulation_2015-2024_Knowledge.txt,486,https://openalex.org/W2301055307,https://doi.org/10.1039/c5nr09037g,2016,3D dual-confined sulfur encapsulated in porous carbon nanosheets and wrapped with graphene aerogels as a cathode for advanced lithium sulfur batteries
snapshot_1,Topic_carbon_encapsulation_2015-2024_Knowledge.txt,487,https://openalex.org/W4389158980,https://doi.org/10.1016/j.cej.2023.147525,2023,Mechanochemical synthesis of biochar encapsulated FeMn nanoparticles with strong metal–carbon interactions for efficient degradation of tetracycline via activating peroxymonosulfate
snapshot_1,Topic_carbon_encapsulation_2015-2024_Knowledge.txt,488,https://openalex.org/W3004464333,https://doi.org/10.1002/eem2.12070,2020,Carbon Nanosheets Encapsulated NiSb Nanoparticles as Advanced Anode Materials for Lithium‐Ion Batteries
snapshot_1,Topic_carbon_encapsulation_2015-2024_Knowledge.txt,489,https://openalex.org/W3136889983,https://doi.org/10.1002/eem2.12187,2021,Multidimensional Hybrid Architecture Encapsulating Cobalt Oxide Nanoparticles into Carbon Nanotube Branched Nitrogen‐Doped Reduced Graphene Oxide Networks for Lithium–Sulfur Batteries
snapshot_1,Topic_carbon_encapsulation_2015-2024_Knowledge.txt,490,https://openalex.org/W2801182255,https://doi.org/10.1002/app.46544,2018,Improved specific capacity of sulfur/starch‐based activated carbon spheres composites by polyaniline‐based carbon encapsulation strategy
snapshot_1,Topic_carbon_encapsulation_2015-2024_Knowledge.txt,491,https://openalex.org/W4226267083,https://doi.org/10.1039/d2cy00733a,2022,Chemoselective nitrilation of dimethyl adipate with ammonia over carbon encapsulated WO<sub><i>x</i></sub> catalysts under continuous flow conditions
snapshot_1,Topic_carbon_encapsulation_2015-2024_Knowledge.txt,492,https://openalex.org/W2612400668,https://doi.org/10.1021/acsami.7b02176,2017,Metal-Organic Framework Template Synthesis of NiCo<sub>2</sub>S<sub>4</sub>@C Encapsulated in Hollow Nitrogen-Doped Carbon Cubes with Enhanced Electrochemical Performance for Lithium Storage
snapshot_1,Topic_carbon_encapsulation_2015-2024_Knowledge.txt,493,https://openalex.org/W2890571958,https://doi.org/10.1021/acsami.8b12242,2018,Sn–Co Nanoalloys Encapsulated in N-Doped Carbon Hollow Cubes as a High-Performance Anode Material for Lithium-Ion Batteries
snapshot_1,Topic_carbon_encapsulation_2015-2024_Knowledge.txt,494,https://openalex.org/W2286284328,https://doi.org/10.1021/acsami.5b10182,2015,Antimony Nanocrystals Encapsulated in Carbon Microspheres Synthesized by a Facile Self-Catalyzing Solvothermal Method for High-Performance Sodium-Ion Battery Anodes
snapshot_1,Topic_carbon_encapsulation_2015-2024_Knowledge.txt,495,https://openalex.org/W2571828464,https://doi.org/10.1039/c6ta09967j,2017,A reduced graphene oxide-encapsulated phosphorus/carbon composite as a promising anode material for high-performance sodium-ion batteries
snapshot_1,Topic_carbon_encapsulation_2015-2024_Knowledge.txt,496,https://openalex.org/W2941745118,https://doi.org/10.1039/c9qi00274j,2019,MOF-derived NiO/Ni architecture encapsulated into N-doped carbon nanotubes for advanced asymmetric supercapacitors
snapshot_1,Topic_carbon_encapsulation_2015-2024_Knowledge.txt,497,https://openalex.org/W2474768979,https://doi.org/10.1063/1.4943724,2016,Synthesis of carbon encapsulated SiO2 nanoparticles from rice husk and its application in solar to steam conversion
snapshot_1,Topic_carbon_encapsulation_2015-2024_Knowledge.txt,498,https://openalex.org/W4400038995,https://doi.org/10.3390/gels10070417,2024,Adsorption Capacity of Activated Carbon-Encapsulated Hollow-Type Spherical Bacterial Cellulose Gels for Uremic Toxins in a Simulated Human Gastrointestinal Environment
snapshot_1,Topic_carbon_encapsulation_2015-2024_Knowledge.txt,499,https://openalex.org/W3020515657,https://doi.org/10.1039/d0qm00126k,2020,Single-crystalline CoFe nanoparticles encapsulated in N-doped carbon nanotubes as a bifunctional catalyst for water splitting
snapshot_1,Topic_carbon_encapsulation_2015-2024_Knowledge.txt,500,https://openalex.org/W1803876760,https://doi.org/10.1039/c5ta05879a,2015,A three layer design with mesoporous silica encapsulated by a carbon core and shell for high energy lithium ion battery anodes
snapshot_2,Topic_metal_selenide_anodes_2015-2024_Knowledge.txt,1,https://openalex.org/W4310276949,https://doi.org/10.1002/smll.202206194,2022,"Metal Selenides Anode Materials for Sodium Ion Batteries: Synthesis, Modification, and Application"
snapshot_2,Topic_metal_selenide_anodes_2015-2024_Knowledge.txt,2,https://openalex.org/W2790549514,https://doi.org/10.1002/adfm.201707573,2018,A General Metal‐Organic Framework (MOF)‐Derived Selenidation Strategy for In Situ Carbon‐Encapsulated Metal Selenides as High‐Rate Anodes for Na‐Ion Batteries
snapshot_2,Topic_metal_selenide_anodes_2015-2024_Knowledge.txt,3,https://openalex.org/W3045825572,https://doi.org/10.1021/acs.nanolett.0c02595,2020,Building Fast Diffusion Channel by Constructing Metal Sulfide/Metal Selenide Heterostructures for High-Performance Sodium Ion Batteries Anode
snapshot_2,Topic_metal_selenide_anodes_2015-2024_Knowledge.txt,4,https://openalex.org/W3146050462,https://doi.org/10.1039/d1ta00831e,2021,Recent advances in ferromagnetic metal sulfides and selenides as anodes for sodium- and potassium-ion batteries
snapshot_2,Topic_metal_selenide_anodes_2015-2024_Knowledge.txt,5,https://openalex.org/W4400046298,https://doi.org/10.1021/acs.nanolett.4c02145,2024,Unraveling the Intrinsic Origin of the Superior Sodium-Ion Storage Performance of Metal Selenides Anode in Ether-Based Electrolytes
snapshot_2,Topic_metal_selenide_anodes_2015-2024_Knowledge.txt,6,https://openalex.org/W2883071941,https://doi.org/10.1002/adma.201802745,2018,Hierarchically Porous Fe<sub>2</sub>CoSe<sub>4</sub> Binary‐Metal Selenide for Extraordinary Rate Performance and Durable Anode of Sodium‐Ion Batteries
snapshot_2,Topic_metal_selenide_anodes_2015-2024_Knowledge.txt,7,https://openalex.org/W3128416895,https://doi.org/10.1002/smll.202005745,2021,Iron Selenide Microcapsules as Universal Conversion‐Typed Anodes for Alkali Metal‐Ion Batteries
snapshot_2,Topic_metal_selenide_anodes_2015-2024_Knowledge.txt,8,https://openalex.org/W2955087973,https://doi.org/10.1002/smll.201901995,2019,General Approach to Produce Nanostructured Binary Transition Metal Selenides as High‐Performance Sodium Ion Battery Anodes
snapshot_2,Topic_metal_selenide_anodes_2015-2024_Knowledge.txt,9,https://openalex.org/W4405338086,https://doi.org/10.1002/adfm.202421165,2024,Na<sub>2</sub>O Inorganic Solid Electrolyte Interface Mediated Through Electrode Structure Engineering Enabling Outstanding Sodium‐Storage Performance for Transition‐Metal Selenide Anodes
snapshot_2,Topic_metal_selenide_anodes_2015-2024_Knowledge.txt,10,https://openalex.org/W2605231915,https://doi.org/10.1039/c7ta01088e,2017,"Multicomponent (Mo, Ni) metal sulfide and selenide microspheres with empty nanovoids as anode materials for Na-ion batteries"
snapshot_2,Topic_metal_selenide_anodes_2015-2024_Knowledge.txt,11,https://openalex.org/W2534928601,https://doi.org/10.1021/acscatal.6b02479,2016,"Recent Trends and Perspectives in Electrochemical Water Splitting with an Emphasis on Sulfide, Selenide, and Phosphide Catalysts of Fe, Co, and Ni: A Review"
snapshot_2,Topic_metal_selenide_anodes_2015-2024_Knowledge.txt,12,https://openalex.org/W4399595703,https://doi.org/10.1039/d4cc01974a,2024,Towards metal selenides: a promising anode for sodium-ion batteries
snapshot_2,Topic_metal_selenide_anodes_2015-2024_Knowledge.txt,13,https://openalex.org/W4319991511,https://doi.org/10.1002/smll.202370019,2023,"Metal Selenides Anode Materials for Sodium Ion Batteries: Synthesis, Modification, and Application (Small 4/2023)"
snapshot_2,Topic_metal_selenide_anodes_2015-2024_Knowledge.txt,14,https://openalex.org/W3024937374,https://doi.org/10.1039/d0nr01528h,2020,Bimetallic organic framework derivation of three-dimensional and heterogeneous metal selenides/carbon composites as advanced anodes for lithium-ion batteries
snapshot_2,Topic_metal_selenide_anodes_2015-2024_Knowledge.txt,15,https://openalex.org/W4400120739,https://doi.org/10.3390/molecules29133083,2024,Transition Metal Selenide-Based Anodes for Advanced Sodium-Ion Batteries: Electronic Structure Manipulation and Heterojunction Construction Aspect
snapshot_2,Topic_metal_selenide_anodes_2015-2024_Knowledge.txt,16,https://openalex.org/W2968301378,https://doi.org/10.1002/smll.201970176,2019,Binary‐Metal Selenides: General Approach to Produce Nanostructured Binary Transition Metal Selenides as High‐Performance Sodium Ion Battery Anodes (Small 33/2019)
snapshot_2,Topic_metal_selenide_anodes_2015-2024_Knowledge.txt,17,https://openalex.org/W2792158067,https://doi.org/10.1039/c8nr02119h,2018,Multiroom-structured multicomponent metal selenide–graphitic carbon–carbon nanotube hybrid microspheres as efficient anode materials for sodium-ion batteries
snapshot_2,Topic_metal_selenide_anodes_2015-2024_Knowledge.txt,18,https://openalex.org/W4226091463,https://doi.org/10.1039/d2se00067a,2022,Nanostructured metal selenides as anodes for potassium-ion batteries
snapshot_2,Topic_metal_selenide_anodes_2015-2024_Knowledge.txt,19,https://openalex.org/W3201607015,https://doi.org/10.1039/d1qm00867f,2021,Direct synthesis of metal selenide hybrids as superior sodium storage anodes
snapshot_2,Topic_metal_selenide_anodes_2015-2024_Knowledge.txt,20,https://openalex.org/W2681411897,https://doi.org/10.1002/adma.201700606,2017,Advances and Challenges in Metal Sulfides/Selenides for Next‐Generation Rechargeable Sodium‐Ion Batteries
snapshot_2,Topic_metal_selenide_anodes_2015-2024_Knowledge.txt,21,https://openalex.org/W3092721570,https://doi.org/10.1039/d0ta08423a,2020,Hierarchically nitrogen-doped carbon wrapped Ni<sub>0.6</sub>Fe<sub>0.4</sub>Se<sub>2</sub> binary-metal selenide nanocubes with extraordinary rate performance and high pseudocapacitive contribution for sodium-ion anodes
snapshot_2,Topic_metal_selenide_anodes_2015-2024_Knowledge.txt,22,https://openalex.org/W4315752870,https://doi.org/10.1002/smll.202207975,2023,Trapping Lithium Selenides with Evolving Heterogeneous Interfaces for High‐Power Lithium‐Ion Capacitors
snapshot_2,Topic_metal_selenide_anodes_2015-2024_Knowledge.txt,23,https://openalex.org/W4283014974,https://doi.org/10.1002/smll.202202582,2022,Synergistic Engineering of Se Vacancies and Heterointerfaces in Zinc‐Cobalt Selenide Anode for Highly Efficient Na‐Ion Batteries
snapshot_2,Topic_metal_selenide_anodes_2015-2024_Knowledge.txt,24,https://openalex.org/W4206622621,https://doi.org/10.1021/acsaem.1c03277,2021,"A Generalized Synthesis Strategy for Binderless, Free-Standing Anode for Lithium/Sodium Ion Battery Comprised of Metal Selenides@Carbon Nanofibers"
snapshot_2,Topic_metal_selenide_anodes_2015-2024_Knowledge.txt,25,https://openalex.org/W3169326988,https://doi.org/10.1021/acsnano.1c01918,2021,Fast and Durable Potassium Storage Enabled by Constructing Stress-Dispersed Co<sub>3</sub>Se<sub>4</sub> Nanocrystallites Anchored on Graphene Sheets
snapshot_2,Topic_metal_selenide_anodes_2015-2024_Knowledge.txt,26,https://openalex.org/W3119732804,https://doi.org/10.1021/acs.jpcc.0c06395,2021,"Tin-Based Oxide, Alloy, and Selenide Li-Ion Battery Anodes Derived from a Bimetallic Metal–Organic Material"
snapshot_2,Topic_metal_selenide_anodes_2015-2024_Knowledge.txt,27,https://openalex.org/W2900409465,https://doi.org/10.1002/aenm.201803035,2018,Hierarchical Hollow‐Microsphere Metal–Selenide@Carbon Composites with Rational Surface Engineering for Advanced Sodium Storage
snapshot_2,Topic_metal_selenide_anodes_2015-2024_Knowledge.txt,28,https://openalex.org/W4303857936,https://doi.org/10.1002/adfm.202208093,2022,Developing High‐Performance Metal Selenides for Sodium‐Ion Batteries
snapshot_2,Topic_metal_selenide_anodes_2015-2024_Knowledge.txt,29,https://openalex.org/W2889818263,https://doi.org/10.1002/aenm.201801926,2018,Charge State Manipulation of Cobalt Selenide Catalyst for Overall Seawater Electrolysis
snapshot_2,Topic_metal_selenide_anodes_2015-2024_Knowledge.txt,30,https://openalex.org/W4403667027,https://doi.org/10.1002/celc.202400385,2024,"Transition Metal (Co, Ni, Fe) Selenides by Selenization of Gallic Acid based MOFs used as Na‐Ion Battery Anodes"
snapshot_2,Topic_metal_selenide_anodes_2015-2024_Knowledge.txt,31,https://openalex.org/W2806442355,https://doi.org/10.1002/adfm.201801765,2018,Tailoring Rod‐Like FeSe<sub>2</sub> Coated with Nitrogen‐Doped Carbon for High‐Performance Sodium Storage
snapshot_2,Topic_metal_selenide_anodes_2015-2024_Knowledge.txt,32,https://openalex.org/W3185782517,https://doi.org/10.1021/acsnano.1c03056,2021,Bilateral Interfaces in In<sub>2</sub>Se<sub>3</sub>-CoIn<sub>2</sub>-CoSe<sub>2</sub> Heterostructures for High-Rate Reversible Sodium Storage
snapshot_2,Topic_metal_selenide_anodes_2015-2024_Knowledge.txt,33,https://openalex.org/W3178399520,https://doi.org/10.1021/acs.inorgchem.1c01807,2021,Metal–Organic Framework-Derived ZnSe- and Co<sub>0.85</sub>Se-Filled Porous Nitrogen-Doped Carbon Nanocubes Interconnected by Reduced Graphene Oxide for Sodium-Ion Battery Anodes
snapshot_2,Topic_metal_selenide_anodes_2015-2024_Knowledge.txt,34,https://openalex.org/W2990109303,https://doi.org/10.1039/c9qi01268k,2019,Recent progress on metal–organic framework-derived materials for sodium-ion battery anodes
snapshot_2,Topic_metal_selenide_anodes_2015-2024_Knowledge.txt,35,https://openalex.org/W3110524136,https://doi.org/10.1021/acsnano.0c08818,2020,FeSe<sub>2</sub>@C Microrods as a Superior Long-Life and High-Rate Anode for Sodium Ion Batteries
snapshot_2,Topic_metal_selenide_anodes_2015-2024_Knowledge.txt,36,https://openalex.org/W2772872046,https://doi.org/10.1002/smll.201702648,2017,Metal–Organic Framework‐Derived Materials for Sodium Energy Storage
snapshot_2,Topic_metal_selenide_anodes_2015-2024_Knowledge.txt,37,https://openalex.org/W4312688895,https://doi.org/10.1039/d2ta07011a,2022,A paradigm for systematic screening and evaluation of artificial solid-electrolyte interfaces for lithium metal anodes: a computational study of binary selenides
snapshot_2,Topic_metal_selenide_anodes_2015-2024_Knowledge.txt,38,https://openalex.org/W2507243616,https://doi.org/10.1021/acsami.6b07300,2016,Controllable Preparation of Square Nickel Chalcogenide (NiS and NiSe<sub>2</sub>) Nanoplates for Superior Li/Na Ion Storage Properties
snapshot_2,Topic_metal_selenide_anodes_2015-2024_Knowledge.txt,39,https://openalex.org/W2969302731,https://doi.org/10.1021/acsnano.9b05614,2019,Composition Engineering Boosts Voltage Windows for Advanced Sodium-Ion Batteries
snapshot_2,Topic_metal_selenide_anodes_2015-2024_Knowledge.txt,40,https://openalex.org/W2896051168,https://doi.org/10.1002/adfm.201805444,2018,N‐Doped Carbon‐Coated Ni<sub>1.8</sub>Co<sub>1.2</sub>Se<sub>4</sub> Nanoaggregates Encapsulated in N‐Doped Carbon Nanoboxes as Advanced Anode with Outstanding High‐Rate and Low‐Temperature Performance for Sodium‐Ion Half/Full Batteries
snapshot_2,Topic_metal_selenide_anodes_2015-2024_Knowledge.txt,41,https://openalex.org/W2734573064,https://doi.org/10.1002/adma.201701589,2017,Ternary Porous Cobalt Phosphoselenide Nanosheets: An Efficient Electrocatalyst for Electrocatalytic and Photoelectrochemical Water Splitting
snapshot_2,Topic_metal_selenide_anodes_2015-2024_Knowledge.txt,42,https://openalex.org/W4402577565,https://doi.org/10.1039/d4qi01928h,2024,Nitrogen-doped carbon coated zinc selenide nanoparticles derived from metal–organic frameworks as high-rate and long-life anode materials for half/full sodium-ion batteries
snapshot_2,Topic_metal_selenide_anodes_2015-2024_Knowledge.txt,43,https://openalex.org/W3118225093,https://doi.org/10.1039/d0nr08234a,2020,A high-energy-density supercapacitor with multi-shelled nickel–manganese selenide hollow spheres as cathode and double-shell nickel–iron selenide hollow spheres as anode electrodes
snapshot_2,Topic_metal_selenide_anodes_2015-2024_Knowledge.txt,44,https://openalex.org/W3208653482,https://doi.org/10.1002/cssc.202101898,2021,Research Progress of Oxygen Evolution Reaction Catalysts for Electrochemical Water Splitting
snapshot_2,Topic_metal_selenide_anodes_2015-2024_Knowledge.txt,45,https://openalex.org/W4391228757,https://doi.org/10.1007/s12598-023-02563-y,2024,Rational design of metal selenides nanomaterials for alkali metal ion (Li <sup>+</sup> /Na <sup>+</sup> /K <sup>+</sup> ) batteries: current status and perspectives
snapshot_2,Topic_metal_selenide_anodes_2015-2024_Knowledge.txt,46,https://openalex.org/W3190088222,https://doi.org/10.1002/adma.202102471,2021,Controllable Heterojunctions with a Semicoherent Phase Boundary Boosting the Potassium Storage of CoSe<sub>2</sub>/FeSe<sub>2</sub>
snapshot_2,Topic_metal_selenide_anodes_2015-2024_Knowledge.txt,47,https://openalex.org/W2942825138,https://doi.org/10.1021/acsaem.9b00338,2019,Binder-Free Hierarchical Urchin-like Manganese–Cobalt Selenide with High Electrochemical Energy Storage Performance
snapshot_2,Topic_metal_selenide_anodes_2015-2024_Knowledge.txt,48,https://openalex.org/W3080508300,https://doi.org/10.1002/adma.202003534,2020,Toward Rapid‐Charging Sodium‐Ion Batteries using Hybrid‐Phase Molybdenum Sulfide Selenide‐Based Anodes
snapshot_2,Topic_metal_selenide_anodes_2015-2024_Knowledge.txt,49,https://openalex.org/W4402272930,https://doi.org/10.1021/acs.nanolett.4c01408,2024,Rational Design of Quasi-1D Multicore–Shell MnSe@N-Doped Carbon Nanorods as High-Performance Anode Material for Sodium-Ion Batteries
snapshot_2,Topic_metal_selenide_anodes_2015-2024_Knowledge.txt,50,https://openalex.org/W2889284776,https://doi.org/10.1039/c8ta06995f,2018,<i>In situ</i> formation of NaTi<sub>2</sub>(PO<sub>4</sub>)<sub>3</sub> cubes on Ti<sub>3</sub>C<sub>2</sub> MXene for dual-mode sodium storage
snapshot_2,Topic_metal_selenide_anodes_2015-2024_Knowledge.txt,51,https://openalex.org/W4320497983,https://doi.org/10.1016/j.cej.2023.141875,2023,Bimetal heterostructure NiCo2Se4 anode confined by carbon nano boxes for ultrafast and stable potassium storage
snapshot_2,Topic_metal_selenide_anodes_2015-2024_Knowledge.txt,52,https://openalex.org/W3088527275,https://doi.org/10.1002/smll.202002486,2020,SeC Bonding Promoting Fast and Durable Na<sup>+</sup> Storage in Yolk–Shell SnSe<sub>2</sub>@SeC
snapshot_2,Topic_metal_selenide_anodes_2015-2024_Knowledge.txt,53,https://openalex.org/W4391660196,https://doi.org/10.1039/d3ma00911d,2024,Pliable electrode of porous graphene-encapsulated FeNiSe<sub>4</sub> binary-metal selenide nanorods as a binder-free anode for lithium-ion batteries
snapshot_2,Topic_metal_selenide_anodes_2015-2024_Knowledge.txt,54,https://openalex.org/W2986111962,https://doi.org/10.1021/acssuschemeng.9b05514,2019,"Experimental and Theoretical Understanding on Electrochemical Activation Processes of Nickel Selenide for Excellent Water-Splitting Performance: Comparing the Electrochemical Performances with M–NiSe (M = Co, Cu, and V)"
snapshot_2,Topic_metal_selenide_anodes_2015-2024_Knowledge.txt,55,https://openalex.org/W2777365267,https://doi.org/10.1002/smll.201702669,2017,Carbon‐Supported Nickel Selenide Hollow Nanowires as Advanced Anode Materials for Sodium‐Ion Batteries
snapshot_2,Topic_metal_selenide_anodes_2015-2024_Knowledge.txt,56,https://openalex.org/W2573377826,https://doi.org/10.1126/science.aad4998,2017,Combining theory and experiment in electrocatalysis: Insights into materials design
snapshot_2,Topic_metal_selenide_anodes_2015-2024_Knowledge.txt,57,https://openalex.org/W2955746040,https://doi.org/10.1039/c9nr03088c,2019,Hierarchical “tube-on-fiber” carbon/mixed-metal selenide nanostructures for high-performance hybrid supercapacitors
snapshot_2,Topic_metal_selenide_anodes_2015-2024_Knowledge.txt,58,https://openalex.org/W3045004523,https://doi.org/10.1002/smll.202002345,2020,Conversion Reaction Mechanism of Ultrafine Bimetallic Co‐Fe Selenides Embedded in Hollow Mesoporous Carbon Nanospheres and Their Excellent K‐Ion Storage Performance
snapshot_2,Topic_metal_selenide_anodes_2015-2024_Knowledge.txt,59,https://openalex.org/W3194486902,https://doi.org/10.1002/smll.202102893,2021,Cobalt Selenide Hollow Polyhedron Encapsulated in Graphene for High‐Performance Lithium/Sodium Storage
snapshot_2,Topic_metal_selenide_anodes_2015-2024_Knowledge.txt,60,https://openalex.org/W2779941111,https://doi.org/10.1002/smll.201700979,2017,Rational Construction of Hollow Core‐Branch CoSe<sub>2</sub> Nanoarrays for High‐Performance Asymmetric Supercapacitor and Efficient Oxygen Evolution
snapshot_2,Topic_metal_selenide_anodes_2015-2024_Knowledge.txt,61,https://openalex.org/W3027855600,https://doi.org/10.1021/acssuschemeng.0c02521,2020,"Core–Shell Co, Zn Bimetallic Selenide Embedded Nitrogen-Doped Carbon Polyhedral Frameworks Assist in Sodium-Ion Battery Ultralong Cycle"
snapshot_2,Topic_metal_selenide_anodes_2015-2024_Knowledge.txt,62,https://openalex.org/W2901706269,https://doi.org/10.1002/adma.201806092,2018,"Ultrafast Sodium Full Batteries Derived from XFe (X = Co, Ni, Mn) Prussian Blue Analogs"
snapshot_2,Topic_metal_selenide_anodes_2015-2024_Knowledge.txt,63,https://openalex.org/W2792810120,https://doi.org/10.1002/aenm.201703638,2018,High‐Performance and Low‐Temperature Lithium–Sulfur Batteries: Synergism of Thermodynamic and Kinetic Regulation
snapshot_2,Topic_metal_selenide_anodes_2015-2024_Knowledge.txt,64,https://openalex.org/W4297903408,https://doi.org/10.1002/aenm.202202293,2022,Sodiophilic Current Collectors Based on MOF‐Derived Nanocomposites for Anode‐Less Na‐Metal Batteries
snapshot_2,Topic_metal_selenide_anodes_2015-2024_Knowledge.txt,65,https://openalex.org/W4224307433,https://doi.org/10.1021/acsaem.2c00599,2022,Synthesis of Porous Yolk-Shelled NiSe<sub>2</sub>–MnSe Heterojunctions for High-Cycling-Stability Asymmetric Supercapacitor Electrode Materials
snapshot_2,Topic_metal_selenide_anodes_2015-2024_Knowledge.txt,66,https://openalex.org/W2272842802,https://doi.org/10.1002/chem.201504398,2016,One‐Pot Synthesis of CoSe<sub><i>x</i></sub>–rGO Composite Powders by Spray Pyrolysis and Their Application as Anode Material for Sodium‐Ion Batteries
snapshot_2,Topic_metal_selenide_anodes_2015-2024_Knowledge.txt,67,https://openalex.org/W4285088935,https://doi.org/10.1002/adfm.202205880,2022,Ultranarrow Bandgap Se‐Deficient Bimetallic Selenides for High Performance Alkali Metal‐Ion Batteries
snapshot_2,Topic_metal_selenide_anodes_2015-2024_Knowledge.txt,68,https://openalex.org/W4401038367,https://doi.org/10.1002/adfm.202405642,2024,Engineering Metal Electron Spin Polarization to Regulate p‐Band Center of Se for Enhanced Sodium‐Ion Storage
snapshot_2,Topic_metal_selenide_anodes_2015-2024_Knowledge.txt,69,https://openalex.org/W2884511735,https://doi.org/10.1039/c8ta04839h,2018,Rationally designed microspheres consisting of yolk–shell structured FeSe<sub>2</sub>–Fe<sub>2</sub>O<sub>3</sub> nanospheres covered with graphitic carbon for lithium-ion batteries
snapshot_2,Topic_metal_selenide_anodes_2015-2024_Knowledge.txt,70,https://openalex.org/W4393259846,https://doi.org/10.1021/acsnano.4c00599,2024,Facilitating Rapid Na<sup>+</sup> Storage through MoWSe/C Heterostructure Construction and Synergistic Electrolyte Matching Strategy
snapshot_2,Topic_metal_selenide_anodes_2015-2024_Knowledge.txt,71,https://openalex.org/W4383749498,https://doi.org/10.1021/acsnano.3c03381,2023,High-Performance Alkali Metal Ion Storage in Bi<sub>2</sub>Se<sub>3</sub> Enabled by Suppression of Polyselenide Shuttling Through Intrinsic Sb-Substitution Engineering
snapshot_2,Topic_metal_selenide_anodes_2015-2024_Knowledge.txt,72,https://openalex.org/W2898019516,https://doi.org/10.1021/acsami.8b08861,2018,Hollow Ni–CoSe<sub>2</sub> Embedded in Nitrogen-Doped Carbon Nanocomposites Derived from Metal–Organic Frameworks for High-Rate Anodes
snapshot_2,Topic_metal_selenide_anodes_2015-2024_Knowledge.txt,73,https://openalex.org/W4313237226,https://doi.org/10.1002/adma.202209511,2022,A Multifunctional Interphase Layer Enabling Superior Sodium‐Metal Batteries under Ambient Temperature and −40 °C
snapshot_2,Topic_metal_selenide_anodes_2015-2024_Knowledge.txt,74,https://openalex.org/W4303961959,https://doi.org/10.3390/nano12193529,2022,Recent Progress and Perspective: Na Ion Batteries Used at Low Temperatures
snapshot_2,Topic_metal_selenide_anodes_2015-2024_Knowledge.txt,75,https://openalex.org/W3016331920,https://doi.org/10.1002/smll.201907670,2020,Construction of Bimetallic Selenides Encapsulated in Nitrogen/Sulfur Co‐Doped Hollow Carbon Nanospheres for High‐Performance Sodium/Potassium‐Ion Half/Full Batteries
snapshot_2,Topic_metal_selenide_anodes_2015-2024_Knowledge.txt,76,https://openalex.org/W2797011003,https://doi.org/10.1021/acsami.8b01888,2018,Three-Dimensional Hierarchical Framework Assembled by Cobblestone-Like CoSe<sub>2</sub>@C Nanospheres for Ultrastable Sodium-Ion Storage
snapshot_2,Topic_metal_selenide_anodes_2015-2024_Knowledge.txt,77,https://openalex.org/W2801692817,https://doi.org/10.1002/adfm.201870108,2018,Na‐Ion Batteries: A General Metal‐Organic Framework (MOF)‐Derived Selenidation Strategy for In Situ Carbon‐Encapsulated Metal Selenides as High‐Rate Anodes for Na‐Ion Batteries (Adv. Funct. Mater. 16/2018)
snapshot_2,Topic_metal_selenide_anodes_2015-2024_Knowledge.txt,78,https://openalex.org/W4399444807,https://doi.org/10.1002/adfm.202403435,2024,Advances in Electrocatalyst Design and Mechanism for Sulfide Oxidation Reaction in Hydrogen Sulfide Splitting
snapshot_2,Topic_metal_selenide_anodes_2015-2024_Knowledge.txt,79,https://openalex.org/W3008028489,https://doi.org/10.1007/s40820-020-0392-8,2020,NiSe2/Ni(OH)2 Heterojunction Composite through Epitaxial-like Strategy as High-Rate Battery-Type Electrode Material
snapshot_2,Topic_metal_selenide_anodes_2015-2024_Knowledge.txt,80,https://openalex.org/W3200784814,https://doi.org/10.1002/smll.202101887,2021,Rational Design of Yolk–Shell ZnCoSe@N‐Doped Dual Carbon Architectures as Long‐Life and High‐Rate Anodes for Half/Full Na‐Ion Batteries
snapshot_2,Topic_metal_selenide_anodes_2015-2024_Knowledge.txt,81,https://openalex.org/W4383343733,https://doi.org/10.1002/adfm.202305503,2023,Universal Source‐Template Route to Metal Selenides Implanting on 3D Carbon Nanoarchitecture: Cu<sub>2−x</sub>Se@3D‐CN with SeC Bonding for Advanced Na Storage
snapshot_2,Topic_metal_selenide_anodes_2015-2024_Knowledge.txt,82,https://openalex.org/W2992801908,https://doi.org/10.1021/acsami.9b12805,2019,Facile Synthesis of Yolk-Shelled CuCo<sub>2</sub>Se<sub>4</sub> Microspheres as a Novel Electrode Material for Supercapacitor Application
snapshot_2,Topic_metal_selenide_anodes_2015-2024_Knowledge.txt,83,https://openalex.org/W4206679760,https://doi.org/10.1021/acsami.1c21934,2022,Constructing Heterostructured Bimetallic Selenides on an N-Doped Carbon Nanoframework as Anodes for Ultrastable Na-Ion Batteries
snapshot_2,Topic_metal_selenide_anodes_2015-2024_Knowledge.txt,84,https://openalex.org/W4377013868,https://doi.org/10.1021/acsami.3c02865,2023,Bimetallic Cobalt–Nickel Selenide Nanocubes Embedded in a Nitrogen-Doped Carbon Matrix as an Excellent Li-Ion Battery Anode
snapshot_2,Topic_metal_selenide_anodes_2015-2024_Knowledge.txt,85,https://openalex.org/W3040624307,https://doi.org/10.1007/s12274-020-2848-z,2020,Phase boundary engineering of metal-organic-framework-derived carbonaceous nickel selenides for sodium-ion batteries
snapshot_2,Topic_metal_selenide_anodes_2015-2024_Knowledge.txt,86,https://openalex.org/W4223456951,https://doi.org/10.1002/smll.202200622,2022,Impact of Atomic Rearrangement and Single Atom Stabilization on MoSe<sub>2</sub>@NiCo<sub>2</sub>Se<sub>4</sub> Heterostructure Catalyst for Efficient Overall Water Splitting
snapshot_2,Topic_metal_selenide_anodes_2015-2024_Knowledge.txt,87,https://openalex.org/W4391689975,https://doi.org/10.1007/s12598-023-02600-w,2024,Metal–organic framework‐derived CoSe <sub>2</sub> @N‐doped carbon nanocubes for high‐performance lithium‐ion capacitors
snapshot_2,Topic_metal_selenide_anodes_2015-2024_Knowledge.txt,88,https://openalex.org/W4380624437,https://doi.org/10.1002/aenm.202300837,2023,Medium‐Entropy Metal Selenides Nanoparticles with Optimized Electronic Structure as High‐Performance Bifunctional Electrocatalysts for Overall Water Splitting
snapshot_2,Topic_metal_selenide_anodes_2015-2024_Knowledge.txt,89,https://openalex.org/W4289101479,https://doi.org/10.1002/smll.202203964,2022,MOFs‐Derived Flower‐Like Hierarchically Porous Zn‐Mn‐Se/C Composite for Extraordinary Rate Performance and Durable Anode of Sodium‐Ion and Potassium‐Ion Batteries
snapshot_2,Topic_metal_selenide_anodes_2015-2024_Knowledge.txt,90,https://openalex.org/W4386756913,https://doi.org/10.1021/acsnano.3c06361,2023,Phase Engineering of Nonstoichiometric Cu<sub>2–<i>x</i></sub>Se as Anode for Aqueous Zn-Ion Batteries
snapshot_2,Topic_metal_selenide_anodes_2015-2024_Knowledge.txt,91,https://openalex.org/W2921837110,https://doi.org/10.1039/c9nr00164f,2019,A facile strategy for the synthesis of three-dimensional heterostructure self-assembled MoSe<sub>2</sub> nanosheets and their application as an anode for high-energy lithium-ion hybrid capacitors
snapshot_2,Topic_metal_selenide_anodes_2015-2024_Knowledge.txt,92,https://openalex.org/W4319833055,https://doi.org/10.1002/adfm.202213009,2023,"Metal‐Electronegativity‐Induced, Synchronously Formed Hetero‐ and Vacancy‐Structures of Selenide Molybdenum for Non‐Aqueous Sodium‐Based Dual‐Ion Storage"
snapshot_2,Topic_metal_selenide_anodes_2015-2024_Knowledge.txt,93,https://openalex.org/W4303857938,https://doi.org/10.1002/adfm.202210166,2022,Homogeneous Metallic Deposition Regulated by Porous Framework and Selenization Interphase Toward Stable Sodium/Potassium Anodes
snapshot_2,Topic_metal_selenide_anodes_2015-2024_Knowledge.txt,94,https://openalex.org/W4311640493,https://doi.org/10.1007/s12598-022-02146-3,2022,Coral‐like cobalt selenide/carbon nanosheet arrays attached on carbon nanofibers for high‐rate sodium‐ion storage
snapshot_2,Topic_metal_selenide_anodes_2015-2024_Knowledge.txt,95,https://openalex.org/W2796004428,https://doi.org/10.1021/acsami.8b01651,2018,Controllable Synthesis of Ni<sub><i>x</i></sub>Se (0.5 ≤ <i>x</i> ≤ 1) Nanocrystals for Efficient Rechargeable Zinc–Air Batteries and Water Splitting
snapshot_2,Topic_metal_selenide_anodes_2015-2024_Knowledge.txt,96,https://openalex.org/W4225164849,https://doi.org/10.1039/d2mh00075j,2022,Electrochemical preparation of nano/micron structure transition metal-based catalysts for the oxygen evolution reaction
snapshot_2,Topic_metal_selenide_anodes_2015-2024_Knowledge.txt,97,https://openalex.org/W4385348229,https://doi.org/10.1002/aenm.202301653,2023,Revealing the Valence Evolution of Metal Element in Heterostructures for Ultra‐High Power Li‐Ion Capacitors
snapshot_2,Topic_metal_selenide_anodes_2015-2024_Knowledge.txt,98,https://openalex.org/W4323655505,https://doi.org/10.1002/adma.202208289,2023,Anion‐Incorporated Mg‐Ion Solvation Modulation Enables Fast Magnesium Storage Kinetics of Conversion‐Type Cathode Materials
snapshot_2,Topic_metal_selenide_anodes_2015-2024_Knowledge.txt,99,https://openalex.org/W3005512286,https://doi.org/10.1016/j.elecom.2020.106684,2020,NiCo2Se4 as an anode material for sodium-ion batteries
snapshot_2,Topic_metal_selenide_anodes_2015-2024_Knowledge.txt,100,https://openalex.org/W4327892915,https://doi.org/10.1002/smll.202207716,2023,Synergistically Achieving Superior Sodium Storage of Metal Selenides by Constructing N‐Doped Carbon Foams and Utilizing Cu‐Driven Replacement Reaction
snapshot_2,Topic_metal_selenide_anodes_2015-2024_Knowledge.txt,101,https://openalex.org/W4205423954,https://doi.org/10.1039/d1ra08678b,2022,Synthesis of bimetallic nickel cobalt selenide particles for high-performance hybrid supercapacitors
snapshot_2,Topic_metal_selenide_anodes_2015-2024_Knowledge.txt,102,https://openalex.org/W3201177573,https://doi.org/10.1002/adfm.202106194,2021,3D Ordered Porous Hybrid of ZnSe/<i>N</i>‐doped Carbon with Anomalously High Na<sup>+</sup> Mobility and Ultrathin Solid Electrolyte Interphase for Sodium‐Ion Batteries
snapshot_2,Topic_metal_selenide_anodes_2015-2024_Knowledge.txt,103,https://openalex.org/W3113837352,https://doi.org/10.1002/anie.202015299,2020,Electrooxidative B−H Functionalization of <i>nido</i>‐Carboranes
snapshot_2,Topic_metal_selenide_anodes_2015-2024_Knowledge.txt,104,https://openalex.org/W3098642048,https://doi.org/10.1002/celc.202001251,2020,High‐Capacity Iron‐Based Anodes for Aqueous Secondary Nickel−Iron Batteries: Recent Progress and Prospects
snapshot_2,Topic_metal_selenide_anodes_2015-2024_Knowledge.txt,105,https://openalex.org/W3114575538,https://doi.org/10.1002/adfm.202009394,2020,Electrochemical Mg<sup>2+</sup> Displacement Driven Reversible Copper Extrusion/Intrusion Reactions for High‐Rate Rechargeable Magnesium Batteries
snapshot_2,Topic_metal_selenide_anodes_2015-2024_Knowledge.txt,106,https://openalex.org/W2985869177,https://doi.org/10.1002/smll.201905289,2019,"Investigation of Binary Metal (Ni, Co) Selenite as Li‐Ion Battery Anode Materials and Their Conversion Reaction Mechanism with Li Ions"
snapshot_2,Topic_metal_selenide_anodes_2015-2024_Knowledge.txt,107,https://openalex.org/W2895946330,https://doi.org/10.1021/acsami.8b11479,2018,Constructing Three-Dimensional Porous Carbon Framework Embedded with FeSe<sub>2</sub> Nanoparticles as an Anode Material for Rechargeable Batteries
snapshot_2,Topic_metal_selenide_anodes_2015-2024_Knowledge.txt,108,https://openalex.org/W3194819869,https://doi.org/10.1002/smtd.202100437,2021,SnSe<sub>2</sub>/FeSe<sub>2</sub> Nanocubes Capsulated in Nitrogen‐Doped Carbon Realizing Stable Sodium‐Ion Storage at Ultrahigh Rate
snapshot_2,Topic_metal_selenide_anodes_2015-2024_Knowledge.txt,109,https://openalex.org/W4317989642,https://doi.org/10.1021/acsaem.2c03309,2023,Recent Advances in Electrospun Metal Chalcogenide Anodes for Lithium-Ion and Sodium-Ion Batteries
snapshot_2,Topic_metal_selenide_anodes_2015-2024_Knowledge.txt,110,https://openalex.org/W2944330042,https://doi.org/10.1002/smll.201901320,2019,Synthesis Process of CoSeO<sub>3</sub> Microspheres for Unordinary Li‐ion Storage Performances and Mechanism of Their Conversion Reaction with Li ions
snapshot_2,Topic_metal_selenide_anodes_2015-2024_Knowledge.txt,111,https://openalex.org/W2839462502,https://doi.org/10.1021/acsami.8b09410,2018,Construction of Hierarchical MoSe<sub>2</sub> Hollow Structures and Its Effect on Electrochemical Energy Storage and Conversion
snapshot_2,Topic_metal_selenide_anodes_2015-2024_Knowledge.txt,112,https://openalex.org/W7110583939,N/A,2024,Internal microstructural design and characterization of metal selenides anode for efficient sodium storage / Wang Jian
snapshot_2,Topic_metal_selenide_anodes_2015-2024_Knowledge.txt,113,https://openalex.org/W2801637596,https://doi.org/10.1039/c8cc02021c,2018,A Cu<sub>2</sub>Se–Cu<sub>2</sub>O film electrodeposited on titanium foil as a highly active and stable electrocatalyst for the oxygen evolution reaction
snapshot_2,Topic_metal_selenide_anodes_2015-2024_Knowledge.txt,114,https://openalex.org/W4399888213,https://doi.org/10.1002/adfm.202406915,2024,Heterostructure Interface Construction of Cobalt/Molybdenum Selenides toward Ultra‐Stable Sodium‐Ion Half/Full Batteries
snapshot_2,Topic_metal_selenide_anodes_2015-2024_Knowledge.txt,115,https://openalex.org/W3011846193,https://doi.org/10.1002/asia.202000132,2020,Highly Porous NiCoSe<sub>4</sub> Microspheres as High‐Performance Anode Materials for Sodium‐Ion Batteries
snapshot_2,Topic_metal_selenide_anodes_2015-2024_Knowledge.txt,116,https://openalex.org/W4321611138,https://doi.org/10.1007/s12598-022-02174-z,2023,Sn‐doped induced stable 1T‐WSe <sub>2</sub> nanosheets entrenched on N‐doped carbon with extraordinary half/full sodium/potassium storage performance
snapshot_2,Topic_metal_selenide_anodes_2015-2024_Knowledge.txt,117,https://openalex.org/W2778557963,https://doi.org/10.1021/acsami.7b14527,2017,Mercaptopropionic Acid-Capped Wurtzite Cu<sub>9</sub>Sn<sub>2</sub>Se<sub>9</sub> Nanocrystals as High-Performance Anode Materials for Lithium-Ion Batteries
snapshot_2,Topic_metal_selenide_anodes_2015-2024_Knowledge.txt,118,https://openalex.org/W3125123293,https://doi.org/10.1039/d0nr08569c,2021,Synthesis and characterization of metal–organic framework/biomass-derived CoSe/C@C hierarchical structures with excellent sodium storage performance
snapshot_2,Topic_metal_selenide_anodes_2015-2024_Knowledge.txt,119,https://openalex.org/W3104899306,https://doi.org/10.1039/d0nr06614a,2020,Electronic modulation of nickel selenide by copper doping and <i>in situ</i> carbon coating towards high-rate and high-energy density lithium ion half/full batteries
snapshot_2,Topic_metal_selenide_anodes_2015-2024_Knowledge.txt,120,https://openalex.org/W3163306704,https://doi.org/10.1039/d1dt01215k,2021,Metal–organic-framework derived hollow manganese nickel selenide spheres confined with nanosheets on nickel foam for hybrid supercapacitors
snapshot_2,Topic_metal_selenide_anodes_2015-2024_Knowledge.txt,121,https://openalex.org/W2969887213,https://doi.org/10.1021/acsami.9b10961,2019,Encapsulating MnSe Nanoparticles Inside 3D Hierarchical Carbon Frameworks with Lithium Storage Boosted by in Situ Electrochemical Phase Transformation
snapshot_2,Topic_metal_selenide_anodes_2015-2024_Knowledge.txt,122,https://openalex.org/W3159656290,https://doi.org/10.1039/d1nr01227d,2021,Yolk–shell structured CoSe<sub>2</sub>/C nanospheres as multifunctional anode materials for both full/half sodium-ion and full/half potassium-ion batteries
snapshot_2,Topic_metal_selenide_anodes_2015-2024_Knowledge.txt,123,https://openalex.org/W4399078048,https://doi.org/10.1002/aenm.202401288,2024,Unravelling Ultra‐Stable Conversion‐Type Zinc‐Ion Storage in Copper Selenides for Flexible Aqueous Batteries
snapshot_2,Topic_metal_selenide_anodes_2015-2024_Knowledge.txt,124,https://openalex.org/W4200311703,https://doi.org/10.1515/ntrev-2022-0018,2021,N/S co-doped CoSe/C nanocubes as anode materials for Li-ion batteries
snapshot_2,Topic_metal_selenide_anodes_2015-2024_Knowledge.txt,125,https://openalex.org/W3204972890,https://doi.org/10.1039/d1nr05521f,2021,Constructing electronic interconnected bimetallic selenide-filled porous carbon nanosheets for stable and highly efficient sodium-ion half/full batteries
snapshot_2,Topic_metal_selenide_anodes_2015-2024_Knowledge.txt,126,https://openalex.org/W3033495459,https://doi.org/10.3389/fchem.2020.00408,2020,Carbon Fibers Embedded With Iron Selenide (Fe3Se4) as Anode for High-Performance Sodium and Potassium Ion Batteries
snapshot_2,Topic_metal_selenide_anodes_2015-2024_Knowledge.txt,127,https://openalex.org/W4210903143,https://doi.org/10.1021/acsaem.1c03497,2022,Electrochemical Growth and Formation Mechanism of Cu<sub>2</sub>Se/CoSe<sub>2</sub>-Based Bifunctional Electrocatalyst: A Strategy for the Development of Efficient Material toward Water Electrolysis
snapshot_2,Topic_metal_selenide_anodes_2015-2024_Knowledge.txt,128,https://openalex.org/W3094993483,https://doi.org/10.1039/d0nr05789d,2020,Nitrogen-doped carbon encapsulated hollow ZnSe/CoSe<sub>2</sub> nanospheres as high performance anodes for lithium-ion batteries
snapshot_2,Topic_metal_selenide_anodes_2015-2024_Knowledge.txt,129,https://openalex.org/W4391315697,https://doi.org/10.1021/acsami.3c18236,2024,MOF-Derived Bimetallic Selenide CoNiSe<sub>2</sub> Nanododecahedrons Encapsulated in Porous Carbon Matrix as Advanced Anodes for Lithium-Ion Batteries
snapshot_2,Topic_metal_selenide_anodes_2015-2024_Knowledge.txt,130,https://openalex.org/W2919190568,https://doi.org/10.1007/s40820-019-0246-4,2019,High Initial Reversible Capacity and Long Life of Ternary SnO2-Co-carbon Nanocomposite Anodes for Lithium-Ion Batteries
snapshot_2,Topic_metal_selenide_anodes_2015-2024_Knowledge.txt,131,https://openalex.org/W3180571456,https://doi.org/10.1007/s12274-021-3657-8,2021,Construction and electrochemical mechanism investigation of hierarchical core—shell like composite as high performance anode for potassium ion batteries
snapshot_2,Topic_metal_selenide_anodes_2015-2024_Knowledge.txt,132,https://openalex.org/W4390543069,https://doi.org/10.1002/smll.202306536,2024,ZnSe/SnSe Heterostructure Incorporated with Selenium/Nitrogen Co‐Doped Carbon Nanofiber Skeleton for Sodium‐Ion Batteries
snapshot_2,Topic_metal_selenide_anodes_2015-2024_Knowledge.txt,133,https://openalex.org/W4405326194,https://doi.org/10.1002/adfm.202421504,2024,60‐Second Preparation of High‐Entropy Selenides: Suppressing Polyselenides Shuttling for Long‐Cycle‐Life Sodium‐Ion Batteries
snapshot_2,Topic_metal_selenide_anodes_2015-2024_Knowledge.txt,134,https://openalex.org/W2995124692,https://doi.org/10.1002/eem2.12057,2019,A Long Journey of Lithium: From the Big Bang to Our Smartphones
snapshot_2,Topic_metal_selenide_anodes_2015-2024_Knowledge.txt,135,https://openalex.org/W3171114011,https://doi.org/10.1039/d1dt01482j,2021,A review on metal–organic framework-derived anode materials for potassium-ion batteries
snapshot_2,Topic_metal_selenide_anodes_2015-2024_Knowledge.txt,136,https://openalex.org/W2945695977,https://doi.org/10.1002/celc.201900590,2019,Metal‐Organic‐Framework‐Derived FeSe<sub>2</sub>@Carbon Embedded into Nitrogen‐Doped Graphene Sheets with Binary Conductive Networks for Rechargeable Batteries
snapshot_2,Topic_metal_selenide_anodes_2015-2024_Knowledge.txt,137,https://openalex.org/W3207961278,https://doi.org/10.1021/acsami.1c16957,2021,Ingeniously Designed Yolk–Shell-Structured FeSe<sub>2</sub>@NDC Nanoboxes as an Excellent Long-Life and High-Rate Anode for Half/Full Na-Ion Batteries
snapshot_2,Topic_metal_selenide_anodes_2015-2024_Knowledge.txt,138,https://openalex.org/W3005046284,https://doi.org/10.1002/celc.201902027,2020,Effect of Crystal Structures on Electrochemical Performance of Hierarchically Porous CoSe <sub>2</sub> Spheres as Anodes for Sodium‐Ion Batteries
snapshot_2,Topic_metal_selenide_anodes_2015-2024_Knowledge.txt,139,https://openalex.org/W4298141514,https://doi.org/10.1007/s12274-022-4953-7,2022,Interface regulation of Cu2Se via Cu-Se-C bonding for superior lithium-ion batteries
snapshot_2,Topic_metal_selenide_anodes_2015-2024_Knowledge.txt,140,https://openalex.org/W4385780053,https://doi.org/10.1021/acsami.3c07951,2023,"Three-Dimensional (3D) Ordered Macroporous Bimetallic (Mn,Fe) Selenide/Carbon Composite with Heterojunction Interface for High-Performance Sodium Ion Batteries"
snapshot_2,Topic_metal_selenide_anodes_2015-2024_Knowledge.txt,141,https://openalex.org/W4391690255,https://doi.org/10.1002/aesr.202300234,2024,Copper–Iron Selenides Nanoflakes and Carbon Nanotubes Composites as an Advanced Anode Material for High‐Performance Lithium‐Ion Batteries
snapshot_2,Topic_metal_selenide_anodes_2015-2024_Knowledge.txt,142,https://openalex.org/W4386898701,https://doi.org/10.1016/j.cej.2023.146187,2023,A dual-carbon structured molybdenum selenide composites controlled via interface engineering and chemical bonding to attain high initial coulombic efficiency and rate capability of potassium-ion batteries
snapshot_2,Topic_metal_selenide_anodes_2015-2024_Knowledge.txt,143,https://openalex.org/W3153204842,https://doi.org/10.1021/acsami.0c22923,2021,Ammonium Intercalation Induced Expanded 1T-Rich Molybdenum Diselenides for Improved Lithium Ion Storage
snapshot_2,Topic_metal_selenide_anodes_2015-2024_Knowledge.txt,144,https://openalex.org/W4388893460,https://doi.org/10.1002/adfm.202310805,2023,Hierarchically Porous Donut‐Like Fe<sub>3</sub>Ni<sub>2</sub>Se<sub>4</sub> Bimetallic Selenide: An Ultra‐High‐Rate Anode for Potassium Ions Storage
snapshot_2,Topic_metal_selenide_anodes_2015-2024_Knowledge.txt,145,https://openalex.org/W4307840946,https://doi.org/10.1021/acsami.2c15688,2022,Thermodynamic Transformation of Crystalline Organic Hybrid Iron Selenide to Fe<sub><i>x</i></sub>Se<sub><i>y</i></sub>@CN Microrods for Sodium Ion Storage
snapshot_2,Topic_metal_selenide_anodes_2015-2024_Knowledge.txt,146,https://openalex.org/W3006115260,https://doi.org/10.1002/adfm.201910274,2020,Non‐Noble‐Metal‐Based Electrocatalysts toward the Oxygen Evolution Reaction
snapshot_2,Topic_metal_selenide_anodes_2015-2024_Knowledge.txt,147,https://openalex.org/W3094458772,https://doi.org/10.1021/acs.energyfuels.0c02633,2020,Zn–Ni–Se@NiCo<sub>2</sub>S<sub>4</sub> Core–Shell Architectures: A Highly Efficient Positive Electrode for Hybrid Supercapacitors
snapshot_2,Topic_metal_selenide_anodes_2015-2024_Knowledge.txt,148,https://openalex.org/W2259557925,https://doi.org/10.1039/c5cc10105k,2016,Cylindrical dye-sensitized solar cells with high efficiency and stability over time and incident angle
snapshot_2,Topic_metal_selenide_anodes_2015-2024_Knowledge.txt,149,https://openalex.org/W2959338189,https://doi.org/10.1002/celc.201900848,2019,Nitrogen‐Doped Carbon‐Coated Bimetal Selenides for High‐Performance Lithium‐Ion Storage through the Self‐Accommodation of Volume Change
snapshot_2,Topic_metal_selenide_anodes_2015-2024_Knowledge.txt,150,https://openalex.org/W3135907409,https://doi.org/10.1021/acsami.0c23019,2021,Hollow Biphase Cobalt Nickel Perselenide Spheres Derived from Metal Glycerol Alkoxides for High-Performance Hybrid Supercapacitors
snapshot_2,Topic_metal_selenide_anodes_2015-2024_Knowledge.txt,151,https://openalex.org/W2810479593,https://doi.org/10.1038/s41467-018-04746-z,2018,High-performance bifunctional porous non-noble metal phosphide catalyst for overall water splitting
snapshot_2,Topic_metal_selenide_anodes_2015-2024_Knowledge.txt,152,https://openalex.org/W4292474474,https://doi.org/10.1007/s12274-022-4907-0,2022,Efficient bifunctional catalysts of CoSe/N-doped carbon nanospheres supported Pt nanoparticles for methanol electrolysis of hydrogen generation
snapshot_2,Topic_metal_selenide_anodes_2015-2024_Knowledge.txt,153,https://openalex.org/W2668221079,https://doi.org/10.1039/c6cs00306k,2017,Photoelectrochemical devices for solar water splitting – materials and challenges
snapshot_2,Topic_metal_selenide_anodes_2015-2024_Knowledge.txt,154,https://openalex.org/W2216081842,https://doi.org/10.1039/c5ee03440j,2015,Vertically oriented cobalt selenide/NiFe layered-double-hydroxide nanosheets supported on exfoliated graphene foil: an efficient 3D electrode for overall water splitting
snapshot_2,Topic_metal_selenide_anodes_2015-2024_Knowledge.txt,155,https://openalex.org/W4289546559,https://doi.org/10.1039/d2ra03206f,2022,A facile synthesis of CuSe nanosheets for high-performance sodium-ion hybrid capacitors
snapshot_2,Topic_metal_selenide_anodes_2015-2024_Knowledge.txt,156,https://openalex.org/W4360599839,https://doi.org/10.1039/d3dt00101f,2023,Carbon coated heterojunction CoSe<sub>2</sub>/Sb<sub>2</sub>Se<sub>3</sub> nanospheres for high-efficiency sodium storage
snapshot_2,Topic_metal_selenide_anodes_2015-2024_Knowledge.txt,157,https://openalex.org/W4402146043,https://doi.org/10.1002/aenm.202402110,2024,Synergistic Regulation of Polyselenide Dissolution and Na‐Ion Diffusion of Se‐Vacancy‐Rich Bismuth Selenide toward Ultrafast and Durable Sodium‐Ion Batteries
snapshot_2,Topic_metal_selenide_anodes_2015-2024_Knowledge.txt,158,https://openalex.org/W4214714507,https://doi.org/10.1039/d1dt04271h,2022,Metal–organic framework-derived nitrogen-doped carbon-confined CoSe<sub>2</sub> anchored on multiwalled carbon nanotube networks as an anode for high-rate sodium-ion batteries
snapshot_2,Topic_metal_selenide_anodes_2015-2024_Knowledge.txt,159,https://openalex.org/W2534297795,https://doi.org/10.1039/c6ta08075h,2016,A review on noble-metal-free bifunctional heterogeneous catalysts for overall electrochemical water splitting
snapshot_2,Topic_metal_selenide_anodes_2015-2024_Knowledge.txt,160,https://openalex.org/W4307499952,https://doi.org/10.1039/d2dt03123j,2022,Structural engineering of bimetallic selenides for high-energy density sodium-ion half/full batteries
snapshot_2,Topic_metal_selenide_anodes_2015-2024_Knowledge.txt,161,https://openalex.org/W4200274924,https://doi.org/10.1002/er.7523,2021,Investigation of the potassium‐ion storage mechanism of nickel selenide materials and rational design of nickel <scp>selenide‐C</scp> yolk‐shell structure for enhancing electrochemical properties
snapshot_2,Topic_metal_selenide_anodes_2015-2024_Knowledge.txt,162,https://openalex.org/W4384078011,https://doi.org/10.1039/d3qi01083j,2023,Rational construction of VSe<sub>2</sub>encapsulated in selenized polyacrylonitrile toward a high-rate capacity and wide temperature tolerance for potassium-ion batteries
snapshot_2,Topic_metal_selenide_anodes_2015-2024_Knowledge.txt,163,https://openalex.org/W2777144593,https://doi.org/10.1002/adma.201705871,2017,Next‐Generation Batteries
snapshot_2,Topic_metal_selenide_anodes_2015-2024_Knowledge.txt,164,https://openalex.org/W3016636276,https://doi.org/10.1039/d0nr01905d,2020,Amorphous iron oxide–selenite composite microspheres with a yolk–shell structure as highly efficient anode materials for lithium-ion batteries
snapshot_2,Topic_metal_selenide_anodes_2015-2024_Knowledge.txt,165,https://openalex.org/W4311205995,https://doi.org/10.1002/smll.202206400,2022,"Confine, Defect, and Interface Manipulation of Fe<sub>3</sub>Se<sub>4</sub>/3D Graphene Targeting Fast and Stable Potassium‐Ion Storage"
snapshot_2,Topic_metal_selenide_anodes_2015-2024_Knowledge.txt,166,https://openalex.org/W4200151306,https://doi.org/10.1021/acsami.1c20154,2021,Interface-Driven Pseudocapacitance Endowing Sandwiched CoSe<sub>2</sub>/N-Doped Carbon/TiO<sub>2</sub> Microcubes with Ultra-Stable Sodium Storage and Long-Term Cycling Stability
snapshot_2,Topic_metal_selenide_anodes_2015-2024_Knowledge.txt,167,https://openalex.org/W2811403840,https://doi.org/10.1039/c8nr03886d,2018,Lithium-ion storage performances of sunflower-like and nano-sized hollow SnO<sub>2</sub> spheres by spray pyrolysis and the nanoscale Kirkendall effect
snapshot_2,Topic_metal_selenide_anodes_2015-2024_Knowledge.txt,168,https://openalex.org/W4399641306,https://doi.org/10.3390/inorganics12060165,2024,MOF-Derived Fe2CoSe4@NC and Fe2NiSe4@NC Composite Anode Materials towards High-Performance Na-Ion Storage
snapshot_2,Topic_metal_selenide_anodes_2015-2024_Knowledge.txt,169,https://openalex.org/W4396636836,https://doi.org/10.1002/adma.202311926,2024,Phase Evolution of Multi‐Metal Dichalcogenides With Conversion‐Alloying Hybrid Mechanism for Superior Lithium Storage
snapshot_2,Topic_metal_selenide_anodes_2015-2024_Knowledge.txt,170,https://openalex.org/W3185291252,https://doi.org/10.1021/acs.jpcc.1c02787,2021,Regular Mesoporous Structural FeSe@C Composite with Enhanced Reversibility for Fast and Stable Potassium Storage
snapshot_2,Topic_metal_selenide_anodes_2015-2024_Knowledge.txt,171,https://openalex.org/W3152853018,https://doi.org/10.1039/d1dt00025j,2021,Dual carbon-confined Sb<sub>2</sub>Se<sub>3</sub> nanoparticles with pseudocapacitive properties for high-performance lithium-ion half/full batteries
snapshot_2,Topic_metal_selenide_anodes_2015-2024_Knowledge.txt,172,https://openalex.org/W2745464750,https://doi.org/10.1039/c6cs00752j,2017,Counter electrodes in dye-sensitized solar cells
snapshot_2,Topic_metal_selenide_anodes_2015-2024_Knowledge.txt,173,https://openalex.org/W2743362629,https://doi.org/10.1149/2.0621712jes,2017,3D Nanosheet-Assembled CoSe Quasi-Microspheres as Advanced Electrode Materials for Electrochemical Energy Storage
snapshot_2,Topic_metal_selenide_anodes_2015-2024_Knowledge.txt,174,https://openalex.org/W4400528382,https://doi.org/10.1002/smll.202403736,2024,Fabrication of a Stable and Highly Effective Anode Material for Li‐Ion/Na‐Ion Batteries Utilizing ZIF‐12
snapshot_2,Topic_metal_selenide_anodes_2015-2024_Knowledge.txt,175,https://openalex.org/W2753349180,https://doi.org/10.1039/c7cc06729a,2017,Mild synthesis of monodisperse tin nanocrystals and tin chalcogenide hollow nanostructures
snapshot_2,Topic_metal_selenide_anodes_2015-2024_Knowledge.txt,176,https://openalex.org/W1965606768,https://doi.org/10.1021/nn506223h,2015,Prospects of Nanoscience with Nanocrystals
snapshot_2,Topic_metal_selenide_anodes_2015-2024_Knowledge.txt,177,https://openalex.org/W4389070432,https://doi.org/10.1002/smll.202307095,2023,Construction of Sugar‐Gourd‐Shaped Carbon Nanofibers Embedded with Heterostructured Zinc‐Cobalt Selenide Nanocages for Superior Potassium‐Ion Storage
snapshot_2,Topic_metal_selenide_anodes_2015-2024_Knowledge.txt,178,https://openalex.org/W2999299686,https://doi.org/10.1002/celc.201901845,2020,Preparation and Electrochemical Performance of CoSe <sub>2</sub> −MnSe <sub>2</sub> for Application in Lithium‐Ion Batteries
snapshot_2,Topic_metal_selenide_anodes_2015-2024_Knowledge.txt,179,https://openalex.org/W4366319722,https://doi.org/10.1039/d3dt00234a,2023,Molecular precursor mediated selective synthesis of phase pure cubic InSe and hexagonal In<sub>2</sub>Se<sub>3</sub> nanostructures: new anode materials for Li-ion batteries
snapshot_2,Topic_metal_selenide_anodes_2015-2024_Knowledge.txt,180,https://openalex.org/W2982516344,https://doi.org/10.1021/acs.chemrev.9b00248,2019,Recent Advances in Electrocatalytic Hydrogen Evolution Using Nanoparticles
snapshot_2,Topic_metal_selenide_anodes_2015-2024_Knowledge.txt,181,https://openalex.org/W4403207897,https://doi.org/10.1021/acsaem.4c01727,2024,Pyrolyzing a Crystalline Organic Hybrid Ternary Selenide to a Bimetallic Selenide Heterostructure NiSe<sub>2</sub>/SnSe<sub>2</sub>@CN for Electrochemical Sodium Storage
snapshot_2,Topic_metal_selenide_anodes_2015-2024_Knowledge.txt,182,https://openalex.org/W4283718736,https://doi.org/10.1002/er.8289,2022,A core@double‐shell structured silicon/ <scp>flower‐like</scp> manganese selenide/carbon composite as superior dual anode materials of Li/Na‐ion batteries
snapshot_2,Topic_metal_selenide_anodes_2015-2024_Knowledge.txt,183,https://openalex.org/W4308198120,https://doi.org/10.3390/molecules27217507,2022,Carbon-Encased Mixed-Metal Selenide Rooted with Carbon Nanotubes for High-Performance Hybrid Supercapacitors
snapshot_2,Topic_metal_selenide_anodes_2015-2024_Knowledge.txt,184,https://openalex.org/W2993968409,https://doi.org/10.1038/s41467-019-13415-8,2019,Overall electrochemical splitting of water at the heterogeneous interface of nickel and iron oxide
snapshot_2,Topic_metal_selenide_anodes_2015-2024_Knowledge.txt,185,https://openalex.org/W4392631587,https://doi.org/10.1002/adfm.202400261,2024,Carbon Mediated Multifunctional Sb<sub>2</sub>Se<sub>3</sub>–WSe<sub>2</sub> Heterostructure Nanofiber Facilitates Rapid and Stable Na<sup>+</sup> Transport
snapshot_2,Topic_metal_selenide_anodes_2015-2024_Knowledge.txt,186,https://openalex.org/W3163437048,https://doi.org/10.1038/s41467-021-23306-6,2021,Electronic metal–support interaction modulates single-atom platinum catalysis for hydrogen evolution reaction
snapshot_2,Topic_metal_selenide_anodes_2015-2024_Knowledge.txt,187,https://openalex.org/W4361800430,https://doi.org/10.1039/d3cp00228d,2023,Nitrogen-doped carbon decorated 3D NiCoSe<sub>2</sub> micro-flowers as high-performance anode materials for lithium-ion batteries
snapshot_2,Topic_metal_selenide_anodes_2015-2024_Knowledge.txt,188,https://openalex.org/W4387805355,https://doi.org/10.1021/acsanm.3c03824,2023,Hetero-Phase MoO<sub>2</sub>/Cu<sub>2–<i>x</i></sub>Se Nanocomposites Distributed in Porous Octahedral Carbon Networks for High-Performance Lithium Storage
snapshot_2,Topic_metal_selenide_anodes_2015-2024_Knowledge.txt,189,https://openalex.org/W2744496034,https://doi.org/10.1039/c7cs00139h,2017,A review of flexible lithium–sulfur and analogous alkali metal–chalcogen rechargeable batteries
snapshot_2,Topic_metal_selenide_anodes_2015-2024_Knowledge.txt,190,https://openalex.org/W2165020157,https://doi.org/10.1002/aenm.201500615,2015,Photovoltaic Switching Mechanism in Lateral Structure Hybrid Perovskite Solar Cells
snapshot_2,Topic_metal_selenide_anodes_2015-2024_Knowledge.txt,191,https://openalex.org/W4401548953,https://doi.org/10.1002/adfm.202409301,2024,Strongly Coupled NbSe<sub>2</sub> Ultrathin Nanosheets/Graphene Heterostructure Facilitates Potassium Ion Storage
snapshot_2,Topic_metal_selenide_anodes_2015-2024_Knowledge.txt,192,https://openalex.org/W4403664066,https://doi.org/10.1021/acsami.4c09246,2024,Heterogeneous Engineering Strategy Derived In Situ Carbon-Encased Nickel Selenides Enabling Superior LIBs/SIBs with High Thermal Safety
snapshot_2,Topic_metal_selenide_anodes_2015-2024_Knowledge.txt,193,https://openalex.org/W1529571442,https://doi.org/10.11648/j.ajop.20150305.17,2015,Types of Solar Cells and Application
snapshot_2,Topic_metal_selenide_anodes_2015-2024_Knowledge.txt,194,https://openalex.org/W4401916072,https://doi.org/10.1002/smll.202404193,2024,2D Se‐Rich ZnSe/CoSe2@C Heterostructured Composite as Ultrastable Anodes for Alkaline‐Ion Batteries
snapshot_2,Topic_metal_selenide_anodes_2015-2024_Knowledge.txt,195,https://openalex.org/W4396217692,https://doi.org/10.1039/d4dt00602j,2024,Three-dimensional bimodal pore-rich G/MXene sponge amalgamated with vanadium diselenide nanosheets as a high-performance electrode for electrochemical water-oxidation/reduction reactions
snapshot_2,Topic_metal_selenide_anodes_2015-2024_Knowledge.txt,196,https://openalex.org/W2908249283,https://doi.org/10.1039/c8ee03282c,2019,Direct observation of active catalyst surface phases and the effect of dynamic self-optimization in NiFe-layered double hydroxides for alkaline water splitting
snapshot_2,Topic_metal_selenide_anodes_2015-2024_Knowledge.txt,197,https://openalex.org/W4391032289,https://doi.org/10.1002/smll.202311024,2024,Interfacial‐Confined Isochronous Conversion to Biphasic Selenide Heterostructure with Enhanced Adsorption Behaviors for Robust High‐Rate Na‐Ion Storage
snapshot_2,Topic_metal_selenide_anodes_2015-2024_Knowledge.txt,198,https://openalex.org/W2803833520,https://doi.org/10.1002/advs.201800064,2018,Recent Progress on Layered Double Hydroxides and Their Derivatives for Electrocatalytic Water Splitting
snapshot_2,Topic_metal_selenide_anodes_2015-2024_Knowledge.txt,199,https://openalex.org/W4390096764,https://doi.org/10.1021/acsanm.3c04735,2023,Te-Doped Nickel Cobalt Selenide (NiCoSe) Nanostructures for Enhanced Sodium Storage
snapshot_2,Topic_metal_selenide_anodes_2015-2024_Knowledge.txt,200,https://openalex.org/W3010584010,https://doi.org/10.1039/c9se01240k,2020,Green hydrogen from anion exchange membrane water electrolysis: a review of recent developments in critical materials and operating conditions
snapshot_2,Topic_metal_selenide_anodes_2015-2024_Knowledge.txt,201,https://openalex.org/W2883757223,https://doi.org/10.1007/s41918-018-0014-z,2018,Recent Progresses in Electrocatalysts for Water Electrolysis
snapshot_2,Topic_metal_selenide_anodes_2015-2024_Knowledge.txt,202,https://openalex.org/W4386686231,https://doi.org/10.3390/coatings13091588,2023,Recent Advances in CoSex and CoTex Anodes for Alkali-ion Batteries
snapshot_2,Topic_metal_selenide_anodes_2015-2024_Knowledge.txt,203,https://openalex.org/W4392626288,https://doi.org/10.1016/j.mineng.2024.108647,2024,"Trace element impurities in anode copper from Olympic Dam, South Australia"
snapshot_2,Topic_metal_selenide_anodes_2015-2024_Knowledge.txt,204,https://openalex.org/W3208815062,https://doi.org/10.1021/acs.inorgchem.1c02419,2021,Co–Salen Complex-Derived CoP Nanoparticles Confined in N-Doped Carbon Microspheres for Stable Sodium Storage
snapshot_2,Topic_metal_selenide_anodes_2015-2024_Knowledge.txt,205,https://openalex.org/W2607825147,https://doi.org/10.1039/c7ee00534b,2017,Compatibility issues between electrodes and electrolytes in solid-state batteries
snapshot_2,Topic_metal_selenide_anodes_2015-2024_Knowledge.txt,206,https://openalex.org/W4382516224,https://doi.org/10.1021/acsami.3c05224,2023,Experimental and Theoretical Insights of Anion Regulation in MOF-Derived Ni–Co-Based Nanosheets for Supercapacitors and Anion Exchange Membrane Water Electrolyzers
snapshot_2,Topic_metal_selenide_anodes_2015-2024_Knowledge.txt,207,https://openalex.org/W4387949286,https://doi.org/10.1088/1361-6528/ad06d7,2023,Ultrafast and ultrastable FeSe<sub>2</sub> embedded in nitrogen-doped carbon nanofibers anode for sodium-ion half/full batteries
snapshot_2,Topic_metal_selenide_anodes_2015-2024_Knowledge.txt,208,https://openalex.org/W4399303377,https://doi.org/10.1021/acsanm.4c01553,2024,Ru-Doped Ni<sub>3</sub>Se<sub>4</sub>/NiSe/Nitrogen-Doped Carbon Nanotube Heterostructure for Lithium Storage
snapshot_2,Topic_metal_selenide_anodes_2015-2024_Knowledge.txt,209,https://openalex.org/W4385818370,https://doi.org/10.1039/d3nr03182a,2023,<i>In situ</i> Cu doping of ultralarge CoSe nanosheets with accelerated electronic migration for superior sodium-ion storage
snapshot_2,Topic_metal_selenide_anodes_2015-2024_Knowledge.txt,210,https://openalex.org/W4388034679,https://doi.org/10.1088/1361-648x/ad07f1,2023,Black phosphorene/SnSe van der Waals heterostructure as a promising anchoring anode material for metal-ion batteries
snapshot_2,Topic_metal_selenide_anodes_2015-2024_Knowledge.txt,211,https://openalex.org/W3095951517,https://doi.org/10.1002/zaac.202000302,2020,Graphene Aerogel Supported Fe−Co Selenide Nanocubes as Binder‐Free Anodes for Lithium‐Ion Batteries
snapshot_2,Topic_metal_selenide_anodes_2015-2024_Knowledge.txt,212,https://openalex.org/W2612413761,https://doi.org/10.1002/aenm.201700381,2017,Ultrathin High Surface Area Nickel Boride (Ni<i><sub>x</sub></i>B) Nanosheets as Highly Efficient Electrocatalyst for Oxygen Evolution
snapshot_2,Topic_metal_selenide_anodes_2015-2024_Knowledge.txt,213,https://openalex.org/W2764301473,https://doi.org/10.1038/s41467-017-00973-y,2017,Fast-charging high-energy lithium-ion batteries via implantation of amorphous silicon nanolayer in edge-plane activated graphite anodes
snapshot_2,Topic_metal_selenide_anodes_2015-2024_Knowledge.txt,214,https://openalex.org/W3021718074,https://doi.org/10.1149/1945-7111/ab904e,2020,Electrochemical Behaviors of Selenide and Telluride Ions in LiCl–KCl Eutectic Melts
snapshot_2,Topic_metal_selenide_anodes_2015-2024_Knowledge.txt,215,https://openalex.org/W4405471444,https://doi.org/10.1002/sus2.263,2024,Recent Advances of Metal‐Organic Frameworks and Derivatives for Rechargeable Aluminum Batteries
snapshot_2,Topic_metal_selenide_anodes_2015-2024_Knowledge.txt,216,https://openalex.org/W4386346574,https://doi.org/10.1021/acsami.3c06868,2023,SnSe Nanosheet Array on Carbon Cloth as a High-Capacity Anode for Sodium-Ion Batteries
snapshot_2,Topic_metal_selenide_anodes_2015-2024_Knowledge.txt,217,https://openalex.org/W3176022823,https://doi.org/10.1039/d1cs00186h,2021,"Layered double hydroxide-based electrocatalysts for the oxygen evolution reaction: identification and tailoring of active sites, and superaerophobic nanoarray electrode assembly"
snapshot_2,Topic_metal_selenide_anodes_2015-2024_Knowledge.txt,218,https://openalex.org/W4220770395,https://doi.org/10.1002/admi.202102408,2022,Molybdenum Sulfide Selenide Nanosheets Synergized with Nitrogen‐Rich Carbon Frameworks toward High Performance and Stable Sodium Storage
snapshot_2,Topic_metal_selenide_anodes_2015-2024_Knowledge.txt,219,https://openalex.org/W4402377245,https://doi.org/10.1002/smll.202406577,2024,Internal Space Modulation of Yolk‐Shell FeSe <sub>2</sub> @Carbon Anode with Peanut‐Shaped Morphology Enabling Ultra‐Stable and Fast Potassium‐Ion Storage
snapshot_2,Topic_metal_selenide_anodes_2015-2024_Knowledge.txt,220,https://openalex.org/W3028325432,https://doi.org/10.1088/1361-6528/ab9578,2020,CoSe <sub>2</sub> /N-doped carbon porous nanoframe as an anode material for potassium-ion storage
snapshot_2,Topic_metal_selenide_anodes_2015-2024_Knowledge.txt,221,https://openalex.org/W3004801394,https://doi.org/10.1039/c9ta14037a,2020,Progress in nickel chalcogenide electrocatalyzed hydrogen evolution reaction
snapshot_2,Topic_metal_selenide_anodes_2015-2024_Knowledge.txt,222,https://openalex.org/W4385654556,https://doi.org/10.1021/acsaem.3c01408,2023,Se-Deficient MoSe<sub>2</sub>/Cu<sub>2</sub>Se<sub><i>x</i></sub> Heterostructure for Fast Sodium Storage
snapshot_2,Topic_metal_selenide_anodes_2015-2024_Knowledge.txt,223,https://openalex.org/W2800829505,https://doi.org/10.3390/nano8040256,2018,"Recent Advances in Metal Chalcogenides (MX; X = S, Se) Nanostructures for Electrochemical Supercapacitor Applications: A Brief Review"
snapshot_2,Topic_metal_selenide_anodes_2015-2024_Knowledge.txt,224,https://openalex.org/W4383874810,https://doi.org/10.1088/1361-6528/ace632,2023,"Ni<sub>6</sub>Se<sub>5</sub>, an unexplored transition metal chalcogenide of formula M<sub>(<i>n</i>+1)</sub>X<i> <sub>n</sub> </i> (2 ≤ <i>n</i> ≤ 8), for high-performance hybrid supercapacitor and Li-ion battery application"
snapshot_2,Topic_metal_selenide_anodes_2015-2024_Knowledge.txt,225,https://openalex.org/W4389728948,https://doi.org/10.1021/acsmaterialslett.3c01301,2023,Constructing Cation-Coupled MoSe<sub>2</sub>/FeSe/C Heterostructures for Rapid and Efficient Sodium Ion Transport
snapshot_2,Topic_metal_selenide_anodes_2015-2024_Knowledge.txt,226,https://openalex.org/W4401061989,https://doi.org/10.1016/j.cej.2024.154370,2024,Modulating charge distribution of MIL@CuFe-Se by in-situ interface engineering for high performance supercapacitors
snapshot_2,Topic_metal_selenide_anodes_2015-2024_Knowledge.txt,227,https://openalex.org/W2563361866,https://doi.org/10.1002/advs.201600380,2016,One‐Dimensional Earth‐Abundant Nanomaterials for Water‐Splitting Electrocatalysts
snapshot_2,Topic_metal_selenide_anodes_2015-2024_Knowledge.txt,228,https://openalex.org/W3163414079,https://doi.org/10.1149/1945-7111/abfb94,2021,"Extraction of Selenium and Tellurium from CaCl <sub>2</sub> –LiCl-Based Molten Chlorides Containing Na <sub>2</sub> Se, Na <sub>2</sub> Te, and CaO"
snapshot_2,Topic_metal_selenide_anodes_2015-2024_Knowledge.txt,229,https://openalex.org/W2949704504,https://doi.org/10.1038/s41467-019-10551-z,2019,Tailoring sodium intercalation in graphite for high energy and power sodium ion batteries
snapshot_2,Topic_metal_selenide_anodes_2015-2024_Knowledge.txt,230,https://openalex.org/W3152601855,https://doi.org/10.1007/s40145-021-0477-y,2021,"High-entropy ceramics: Present status, challenges, and a look forward"
snapshot_2,Topic_metal_selenide_anodes_2015-2024_Knowledge.txt,231,https://openalex.org/W3175322153,https://doi.org/10.1038/s41467-021-24052-5,2021,Orbital coupling of hetero-diatomic nickel-iron site for bifunctional electrocatalysis of CO2 reduction and oxygen evolution
snapshot_2,Topic_metal_selenide_anodes_2015-2024_Knowledge.txt,232,https://openalex.org/W3137345457,https://doi.org/10.1038/s41467-021-23750-4,2021,A fundamental viewpoint on the hydrogen spillover phenomenon of electrocatalytic hydrogen evolution
snapshot_2,Topic_metal_selenide_anodes_2015-2024_Knowledge.txt,233,https://openalex.org/W3193969579,https://doi.org/10.1002/ente.202100462,2021,Hierarchical Co<sub>3</sub>Se<sub>4</sub> Nanoparticles Encapsulated in a Nitrogen‐Doped Carbon Framework Intertwined with Carbon Nanotubes as Anode of Li‐Ion Batteries
snapshot_2,Topic_metal_selenide_anodes_2015-2024_Knowledge.txt,234,https://openalex.org/W4281478051,https://doi.org/10.1038/s41467-022-30670-4,2022,Coordination environment tuning of nickel sites by oxyanions to optimize methanol electro-oxidation activity
snapshot_2,Topic_metal_selenide_anodes_2015-2024_Knowledge.txt,235,https://openalex.org/W2901380934,https://doi.org/10.3390/coatings8110402,2018,Sputtering Physical Vapour Deposition (PVD) Coatings: A Critical Review on Process Improvement and Market Trend Demands
snapshot_2,Topic_metal_selenide_anodes_2015-2024_Knowledge.txt,236,https://openalex.org/W4321455855,https://doi.org/10.1039/d2nr06672f,2023,Self-assembled nanoflower-like FeSe<sub>2</sub>/MoSe<sub>2</sub> heterojunction anode with enhanced kinetics for superior-performance Na-ion half/full batteries
snapshot_2,Topic_metal_selenide_anodes_2015-2024_Knowledge.txt,237,https://openalex.org/W2989706097,https://doi.org/10.1002/est2.114,2019,Iron encased organic networks with enhanced lithium storage properties
snapshot_2,Topic_metal_selenide_anodes_2015-2024_Knowledge.txt,238,https://openalex.org/W2947879750,https://doi.org/10.1126/science.aaw1845,2019,Terawatt-scale photovoltaics: Transform global energy
snapshot_2,Topic_metal_selenide_anodes_2015-2024_Knowledge.txt,239,https://openalex.org/W4387078851,https://doi.org/10.1002/chem.202302811,2023,Reduced Graphene Oxide Modulated FeSe/C Anode Materials for High‐Stable and Long‐Life Potassium‐Ion Batteries
snapshot_2,Topic_metal_selenide_anodes_2015-2024_Knowledge.txt,240,https://openalex.org/W4295011639,https://doi.org/10.26599/nre.2022.9120032,2022,Status and perspectives of key materials for PEM electrolyzer
snapshot_2,Topic_metal_selenide_anodes_2015-2024_Knowledge.txt,241,https://openalex.org/W2887838467,https://doi.org/10.1002/advs.201800782,2018,Metallic Octahedral CoSe<sub>2</sub> Threaded by N‐Doped Carbon Nanotubes: A Flexible Framework for High‐Performance Potassium‐Ion Batteries
snapshot_2,Topic_metal_selenide_anodes_2015-2024_Knowledge.txt,242,https://openalex.org/W2836149804,https://doi.org/10.1002/adma.201801702,2018,Calcium‐Ion Batteries: Current State‐of‐the‐Art and Future Perspectives
snapshot_2,Topic_metal_selenide_anodes_2015-2024_Knowledge.txt,243,https://openalex.org/W3204237804,https://doi.org/10.1007/s40820-021-00726-z,2021,Rational Design of MOF-Based Materials for Next-Generation Rechargeable Batteries
snapshot_2,Topic_metal_selenide_anodes_2015-2024_Knowledge.txt,244,https://openalex.org/W4387760991,https://doi.org/10.1126/sciadv.adi7755,2023,Emerging materials and technologies for electrocatalytic seawater splitting
snapshot_2,Topic_metal_selenide_anodes_2015-2024_Knowledge.txt,245,https://openalex.org/W4211249348,https://doi.org/10.1002/ange.202015299,2020,Electrooxidative B−H Functionalization of <i>nido</i>‐Carboranes
snapshot_2,Topic_metal_selenide_anodes_2015-2024_Knowledge.txt,246,https://openalex.org/W4393988336,https://doi.org/10.1002/batt.202400055,2024,Bimetallic Selenide CuFeSe<sub>2</sub> as Mg‐Storage Material for Rechargeable Magnesium Batteries
snapshot_2,Topic_metal_selenide_anodes_2015-2024_Knowledge.txt,247,https://openalex.org/W4390584222,https://doi.org/10.3866/pku.whxb202311015,2024,Recent advances in iron-based heterostructure anode materials for sodium ion batteries
snapshot_2,Topic_metal_selenide_anodes_2015-2024_Knowledge.txt,248,https://openalex.org/W3080874027,https://doi.org/10.1093/nsr/nwaa178,2020,Molecular grafting towards high-fraction active nanodots implanted in N-doped carbon for sodium dual-ion batteries
snapshot_2,Topic_metal_selenide_anodes_2015-2024_Knowledge.txt,249,https://openalex.org/W2613038737,https://doi.org/10.1038/ncomms15377,2017,Amorphous nickel-cobalt complexes hybridized with 1T-phase molybdenum disulfide via hydrazine-induced phase transformation for water splitting
snapshot_2,Topic_metal_selenide_anodes_2015-2024_Knowledge.txt,250,https://openalex.org/W3025146714,https://doi.org/10.1002/smtd.202000218,2020,"A Chronicle Review of Nonsilicon (Sn, Sb, Ge)‐Based Lithium/Sodium‐Ion Battery Alloying Anodes"
snapshot_2,Topic_metal_selenide_anodes_2015-2024_Knowledge.txt,251,https://openalex.org/W3193686061,https://doi.org/10.1039/d1ta04032d,2021,Tuning the intrinsic catalytic activities of oxygen-evolution catalysts by doping: a comprehensive review
snapshot_2,Topic_metal_selenide_anodes_2015-2024_Knowledge.txt,252,https://openalex.org/W4402448058,https://doi.org/10.1002/smtd.202400843,2024,Design and Optimization of Iron‐Based Superionic‐Like Conductor Anode for High‐Performance Lithium/Sodium‐Ion Batteries
snapshot_2,Topic_metal_selenide_anodes_2015-2024_Knowledge.txt,253,https://openalex.org/W4391483045,https://doi.org/10.1016/j.chphma.2024.01.004,2024,Flower-like Fe-doped NiSe2/C hybrid spheres fabricated by a glucose-intercalation strategy for enhanced sodium storage properties
snapshot_2,Topic_metal_selenide_anodes_2015-2024_Knowledge.txt,254,https://openalex.org/W4286216482,https://doi.org/10.3390/nano12142474,2022,Facile Synthesis of Hierarchical CoSeO3‧2H2O Nanoflowers Assembled by Nanosheets as a Novel Anode Material for High-Performance Lithium-Ion Batteries
snapshot_2,Topic_metal_selenide_anodes_2015-2024_Knowledge.txt,255,https://openalex.org/W4296252154,https://doi.org/10.1002/aenm.202202094,2022,"Sulfur Reduction Reaction in Lithium–Sulfur Batteries: Mechanisms, Catalysts, and Characterization"
snapshot_2,Topic_metal_selenide_anodes_2015-2024_Knowledge.txt,256,https://openalex.org/W2506098969,https://doi.org/10.15406/jnmr.2015.02.00042,2015,Study of Composition and Morphology of Cadmium Oxide (CdO) Nanoparticles for Eliminating Cancer Cells
snapshot_2,Topic_metal_selenide_anodes_2015-2024_Knowledge.txt,257,https://openalex.org/W3129909957,https://doi.org/10.1007/s40820-021-00607-5,2021,N-Doped Graphene-Decorated NiCo Alloy Coupled with Mesoporous NiCoMoO Nano-sheet Heterojunction for Enhanced Water Electrolysis Activity at High Current Density
snapshot_2,Topic_metal_selenide_anodes_2015-2024_Knowledge.txt,258,https://openalex.org/W3108348094,https://doi.org/10.1002/aenm.202002887,2020,High‐Entropy Metal Sulfide Nanoparticles Promise High‐Performance Oxygen Evolution Reaction
snapshot_2,Topic_metal_selenide_anodes_2015-2024_Knowledge.txt,259,https://openalex.org/W2265329223,https://doi.org/10.1038/ncomms10030,2015,Enhanced optoelectronic quality of perovskite thin films with hypophosphorous acid for planar heterojunction solar cells
snapshot_2,Topic_metal_selenide_anodes_2015-2024_Knowledge.txt,260,https://openalex.org/W3169220044,https://doi.org/10.1002/anie.202103824,2021,"Principles of Water Electrolysis and Recent Progress in Cobalt‐, Nickel‐, and Iron‐Based Oxides for the Oxygen Evolution Reaction"
snapshot_2,Topic_metal_selenide_anodes_2015-2024_Knowledge.txt,261,https://openalex.org/W2916376794,https://doi.org/10.1039/c7cs00813a,2019,Main group mechanochemistry: from curiosity to established protocols
snapshot_2,Topic_metal_selenide_anodes_2015-2024_Knowledge.txt,262,https://openalex.org/W4220815223,https://doi.org/10.1021/acs.chemrev.1c00838,2022,"Review of Multifunctional Separators: Stabilizing the Cathode and the Anode for Alkali (Li, Na, and K) Metal–Sulfur and Selenium Batteries"
snapshot_2,Topic_metal_selenide_anodes_2015-2024_Knowledge.txt,263,https://openalex.org/W4318480139,https://doi.org/10.3390/ijms24032633,2023,Biological Activity of Selenium and Its Impact on Human Health
snapshot_2,Topic_metal_selenide_anodes_2015-2024_Knowledge.txt,264,https://openalex.org/W2989592648,https://doi.org/10.1002/er.4930,2019,"Hydrogen from solar energy, a clean energy carrier from a sustainable source of energy"
snapshot_2,Topic_metal_selenide_anodes_2015-2024_Knowledge.txt,265,https://openalex.org/W2626092490,https://doi.org/10.25781/kaust-q0739,2017,SnSe2 Two Dimensional Anodes for Advanced Sodium Ion Batteries
snapshot_2,Topic_metal_selenide_anodes_2015-2024_Knowledge.txt,266,https://openalex.org/W4292566247,https://doi.org/10.1021/acsomega.2c03819,2022,MOF-Derived AlCuSe<sub>2</sub> Embedded in a Carbon Matrix for an Economical Anode of Lithium-Ion Battery
snapshot_2,Topic_metal_selenide_anodes_2015-2024_Knowledge.txt,267,https://openalex.org/W4285551764,https://doi.org/10.3133/mcs2021,2021,Mineral commodity summaries 2021
snapshot_2,Topic_metal_selenide_anodes_2015-2024_Knowledge.txt,268,https://openalex.org/W3009942473,https://doi.org/10.1002/inf2.12101,2020,Metal chalcogenides for potassium storage
snapshot_2,Topic_metal_selenide_anodes_2015-2024_Knowledge.txt,269,https://openalex.org/W2560701263,https://doi.org/10.1002/advs.201600289,2016,MoS<sub>2</sub>‐Based Nanocomposites for Electrochemical Energy Storage
snapshot_2,Topic_metal_selenide_anodes_2015-2024_Knowledge.txt,270,https://openalex.org/W3161970358,https://doi.org/10.1007/s40820-021-00623-5,2021,Strongly Coupled 2D Transition Metal Chalcogenide-MXene-Carbonaceous Nanoribbon Heterostructures with Ultrafast Ion Transport for Boosting Sodium/Potassium Ions Storage
snapshot_2,Topic_metal_selenide_anodes_2015-2024_Knowledge.txt,271,https://openalex.org/W2811122104,https://doi.org/10.1038/s41467-018-04986-z,2018,Highly stable QLEDs with improved hole injection via quantum dot structure tailoring
snapshot_2,Topic_metal_selenide_anodes_2015-2024_Knowledge.txt,272,https://openalex.org/W2950076321,https://doi.org/10.1002/adfm.201903842,2019,Combined High Catalytic Activity and Efficient Polar Tubular Nanostructure in Urchin‐Like Metallic NiCo<sub>2</sub>Se<sub>4</sub> for High‐Performance Lithium–Sulfur Batteries
snapshot_2,Topic_metal_selenide_anodes_2015-2024_Knowledge.txt,273,https://openalex.org/W2525292295,https://doi.org/10.1073/pnas.1607471113,2016,Metal halide perovskite light emitters
snapshot_2,Topic_metal_selenide_anodes_2015-2024_Knowledge.txt,274,https://openalex.org/W4288693261,https://doi.org/10.1002/er.8435,2022,Initial development of multiple anionic transition metal hydroxy selenide—A novel negative electrode material for potassium‐ion batteries
snapshot_2,Topic_metal_selenide_anodes_2015-2024_Knowledge.txt,275,https://openalex.org/W4313447213,https://doi.org/10.1021/acsaem.2c03333,2022,Heterostructure Interface Construction of Cobalt/Nickel Diselenides Hybridized with sp<sup>2</sup>–sp<sup>3</sup> Bonded Carbon to Boost Internal/External Sodium and Potassium Storage Dynamics
snapshot_2,Topic_metal_selenide_anodes_2015-2024_Knowledge.txt,276,https://openalex.org/W3084002589,https://doi.org/10.1002/anie.202010093,2020,Metal–Organic Framework Derived Bimetallic Materials for Electrochemical Energy Storage
snapshot_2,Topic_metal_selenide_anodes_2015-2024_Knowledge.txt,277,https://openalex.org/W3087761127,https://doi.org/10.1016/j.jpowsour.2020.228872,2020,Challenges of today for Na-based batteries of the future: From materials to cell metrics
snapshot_2,Topic_metal_selenide_anodes_2015-2024_Knowledge.txt,278,https://openalex.org/W4404900249,https://doi.org/10.1002/smll.202408792,2024,Enhancing Potassium‐Ion Storage through Nanostructure Engineering and Ion‐Doped: A Case Study of Cu <sup>2+</sup> ‐Doped Co <sub>0.85</sub> Se with Yolk‐Shell Structure
snapshot_2,Topic_metal_selenide_anodes_2015-2024_Knowledge.txt,279,https://openalex.org/W2624867753,https://doi.org/10.1039/c6ra28755g,2017,Electrochemical deposition of nickel graphene composite coatings: effect of deposition temperature on its surface morphology and corrosion resistance
snapshot_2,Topic_metal_selenide_anodes_2015-2024_Knowledge.txt,280,https://openalex.org/W4313526172,https://doi.org/10.1201/9781003308744-6,2023,Transition Metal Dichalcogenides as Active Anode Materials for Sodium-Ion Batteries
snapshot_2,Topic_metal_selenide_anodes_2015-2024_Knowledge.txt,281,https://openalex.org/W4297996658,https://doi.org/10.3389/fchem.2022.949979,2022,A novel exfoliated manganese phosphoselenide as a high-performance anode material for lithium ions storage
snapshot_2,Topic_metal_selenide_anodes_2015-2024_Knowledge.txt,282,https://openalex.org/W3097035039,https://doi.org/10.1007/s40820-020-00539-6,2020,MOF-Derived CoSe2@N-Doped Carbon Matrix Confined in Hollow Mesoporous Carbon Nanospheres as High-Performance Anodes for Potassium-Ion Batteries
snapshot_2,Topic_metal_selenide_anodes_2015-2024_Knowledge.txt,283,https://openalex.org/W4392234005,https://doi.org/10.1002/cey2.464,2024,A 30‐year overview of sodium‐ion batteries
snapshot_2,Topic_metal_selenide_anodes_2015-2024_Knowledge.txt,284,https://openalex.org/W2968260998,https://doi.org/10.1021/acs.chemmater.9b02790,2019,In Situ Electrochemical Oxidation of Cu<sub>2</sub>S into CuO Nanowires as a Durable and Efficient Electrocatalyst for Oxygen Evolution Reaction
snapshot_2,Topic_metal_selenide_anodes_2015-2024_Knowledge.txt,285,https://openalex.org/W2738731106,https://doi.org/10.1021/acsami.7b08560,2017,Porous Structured Ni–Fe–P Nanocubes Derived from a Prussian Blue Analogue as an Electrocatalyst for Efficient Overall Water Splitting
snapshot_2,Topic_metal_selenide_anodes_2015-2024_Knowledge.txt,286,https://openalex.org/W2978827016,https://doi.org/10.3389/fchem.2019.00671,2019,"A Mini Review on Carbon Quantum Dots: Preparation, Properties, and Electrocatalytic Application"
snapshot_2,Topic_metal_selenide_anodes_2015-2024_Knowledge.txt,287,https://openalex.org/W3133828717,https://doi.org/10.1002/adma.202007262,2021,CoPSe: A New Ternary Anode Material for Stable and High‐Rate Sodium/Potassium‐Ion Batteries
snapshot_2,Topic_metal_selenide_anodes_2015-2024_Knowledge.txt,288,https://openalex.org/W4311441455,https://doi.org/10.1038/s41467-022-35426-8,2022,Iridium single atoms incorporated in Co3O4 efficiently catalyze the oxygen evolution in acidic conditions
snapshot_2,Topic_metal_selenide_anodes_2015-2024_Knowledge.txt,289,https://openalex.org/W3003660813,https://doi.org/10.1021/jacs.9b12445,2020,Efficient Methane Electrosynthesis Enabled by Tuning Local CO<sub>2</sub> Availability
snapshot_2,Topic_metal_selenide_anodes_2015-2024_Knowledge.txt,290,https://openalex.org/W2097156402,https://doi.org/10.1039/c5nr06718a,2015,Recent advances in transition-metal dichalcogenide based nanomaterials for water splitting
snapshot_2,Topic_metal_selenide_anodes_2015-2024_Knowledge.txt,291,https://openalex.org/W2774293935,https://doi.org/10.1021/acsnano.7b04646,2017,High-Performance Transition Metal Phosphide Alloy Catalyst for Oxygen Evolution Reaction
snapshot_2,Topic_metal_selenide_anodes_2015-2024_Knowledge.txt,292,https://openalex.org/W3048949665,https://doi.org/10.1002/aenm.202002152,2020,Mesoporous Materials for Electrochemical Energy Storage and Conversion
snapshot_2,Topic_metal_selenide_anodes_2015-2024_Knowledge.txt,293,https://openalex.org/W2619986632,https://doi.org/10.1039/c7ra03599c,2017,Two-dimensional transition metal dichalcogenide-based counter electrodes for dye-sensitized solar cells
snapshot_2,Topic_metal_selenide_anodes_2015-2024_Knowledge.txt,294,https://openalex.org/W4200275538,https://doi.org/10.1007/s40820-021-00741-0,2021,Carbon-Coated Three-Dimensional MXene/Iron Selenide Ball with Core–Shell Structure for High-Performance Potassium-Ion Batteries
snapshot_2,Topic_metal_selenide_anodes_2015-2024_Knowledge.txt,295,https://openalex.org/W4308886699,https://doi.org/10.1038/s41427-022-00436-x,2022,Recent trends in photoelectrochemical water splitting: the role of cocatalysts
snapshot_2,Topic_metal_selenide_anodes_2015-2024_Knowledge.txt,296,https://openalex.org/W4388564171,https://doi.org/10.1002/smll.202305778,2023,Binder‐Free MOF‐Based and MOF‐Derived Nanoarrays for Flexible Electrochemical Energy Storage: Progress and Perspectives
snapshot_2,Topic_metal_selenide_anodes_2015-2024_Knowledge.txt,297,https://openalex.org/W4365444108,https://doi.org/10.1002/anie.202302795,2023,Constructing Built‐in Electric Field in Heterogeneous Nanowire Arrays for Efficient Overall Water Electrolysis
snapshot_2,Topic_metal_selenide_anodes_2015-2024_Knowledge.txt,298,https://openalex.org/W2791380345,https://doi.org/10.1002/aenm.201702403,2018,"Challenges in Developing Electrodes, Electrolytes, and Diagnostics Tools to Understand and Advance Sodium‐Ion Batteries"
snapshot_2,Topic_metal_selenide_anodes_2015-2024_Knowledge.txt,299,https://openalex.org/W4391613615,https://doi.org/10.1021/acsanm.3c05717,2024,Fe<sub>7</sub>Se<sub>8</sub> Nanostructures with Carbon Skeleton and Core–Shell Design As Anodes for Lithium Ion Batteries
snapshot_2,Topic_metal_selenide_anodes_2015-2024_Knowledge.txt,300,https://openalex.org/W4293034559,https://doi.org/10.26599/nre.2022.9120029,2022,Te-mediated electro-driven oxygen evolution reaction
snapshot_2,Topic_metal_selenide_anodes_2015-2024_Knowledge.txt,301,https://openalex.org/W4200258353,https://doi.org/10.1007/s40820-021-00744-x,2021,Three-Phase Heterojunction NiMo-Based Nano-Needle for Water Splitting at Industrial Alkaline Condition
snapshot_2,Topic_metal_selenide_anodes_2015-2024_Knowledge.txt,302,https://openalex.org/W4391812832,https://doi.org/10.1038/s41467-024-45613-4,2024,Hierarchical Li electrochemistry using alloy-type anode for high-energy-density Li metal batteries
snapshot_2,Topic_metal_selenide_anodes_2015-2024_Knowledge.txt,303,https://openalex.org/W2895886309,https://doi.org/10.1002/advs.201800763,2018,CoSe<sub>2</sub> Nanoparticles Encapsulated by N‐Doped Carbon Framework Intertwined with Carbon Nanotubes: High‐Performance Dual‐Role Anode Materials for Both Li‐ and Na‐Ion Batteries
snapshot_2,Topic_metal_selenide_anodes_2015-2024_Knowledge.txt,304,https://openalex.org/W4380742360,https://doi.org/10.21203/rs.3.rs-3039400/v1,2023,Fe-dope Nickel Selenide @Tri-Nickel Diselenide heterostructure with efficient and stable water splitting for hydrogen production
snapshot_2,Topic_metal_selenide_anodes_2015-2024_Knowledge.txt,305,https://openalex.org/W4387451585,https://doi.org/10.1038/s41467-023-41808-3,2023,Phase regulation enabling dense polymer-based composite electrolytes for solid-state lithium metal batteries
snapshot_2,Topic_metal_selenide_anodes_2015-2024_Knowledge.txt,306,https://openalex.org/W4402494258,https://doi.org/10.1039/d4cp03013c,2024,Exploring the electrochemical performance of layered Bi<sub>2</sub>Se<sub>3</sub> hexagonal platelets as the anode material for lithium-ion batteries
snapshot_2,Topic_metal_selenide_anodes_2015-2024_Knowledge.txt,307,https://openalex.org/W3118662766,https://doi.org/10.1039/d0ma00087f,2021,Carbon based materials: a review of adsorbents for inorganic and organic compounds
snapshot_2,Topic_metal_selenide_anodes_2015-2024_Knowledge.txt,308,https://openalex.org/W2998821024,https://doi.org/10.1039/c9nj05682c,2020,Challenges and benefits of post-lithium-ion batteries
snapshot_2,Topic_metal_selenide_anodes_2015-2024_Knowledge.txt,309,https://openalex.org/W2958395160,https://doi.org/10.1002/advs.201900576,2019,Construction of Hierarchical Co–Fe Oxyphosphide Microtubes for Electrocatalytic Overall Water Splitting
snapshot_2,Topic_metal_selenide_anodes_2015-2024_Knowledge.txt,310,https://openalex.org/W2913386680,https://doi.org/10.1039/c8ta10498k,2019,<i>Ab initio</i>investigation of the stability of electrolyte/electrode interfaces in all-solid-state Na batteries
snapshot_2,Topic_metal_selenide_anodes_2015-2024_Knowledge.txt,311,https://openalex.org/W2281370366,https://doi.org/10.1002/advs.201500362,2016,Interfacial Materials for Organic Solar Cells: Recent Advances and Perspectives
snapshot_2,Topic_metal_selenide_anodes_2015-2024_Knowledge.txt,312,https://openalex.org/W4405274186,https://doi.org/10.1021/acsami.4c17801,2024,Al<sub>2</sub>O<sub>3</sub>-Induced Phase Conversion Regulation of WS<sub>2</sub> Anode Enhances the Lithium Storage Reversibility
snapshot_2,Topic_metal_selenide_anodes_2015-2024_Knowledge.txt,313,https://openalex.org/W4400420939,https://doi.org/10.3390/molecules29133224,2024,"The Preparation of N, P-Doped NiSe Nanorod Electrode Materials on Nickel Foam Using the Microwave Method for High-Performance Supercapacitors"
snapshot_2,Topic_metal_selenide_anodes_2015-2024_Knowledge.txt,314,https://openalex.org/W4324141467,https://doi.org/10.1038/s41467-023-37008-8,2023,Unraveling oxygen vacancy site mechanism of Rh-doped RuO2 catalyst for long-lasting acidic water oxidation
snapshot_2,Topic_metal_selenide_anodes_2015-2024_Knowledge.txt,315,https://openalex.org/W2809332576,https://doi.org/10.1038/s41699-018-0063-5,2018,Two-dimensional materials with piezoelectric and ferroelectric functionalities
snapshot_2,Topic_metal_selenide_anodes_2015-2024_Knowledge.txt,316,https://openalex.org/W3164690451,https://doi.org/10.1038/s41467-021-23369-5,2021,Manipulating anion intercalation enables a high-voltage aqueous dual ion battery
snapshot_2,Topic_metal_selenide_anodes_2015-2024_Knowledge.txt,317,https://openalex.org/W3095343991,https://doi.org/10.1007/s40820-020-00541-y,2020,Advanced Anode Materials of Potassium Ion Batteries: from Zero Dimension to Three Dimensions
snapshot_2,Topic_metal_selenide_anodes_2015-2024_Knowledge.txt,318,https://openalex.org/W2681237101,https://doi.org/10.1021/acs.nanolett.7b00915,2017,Improved Sodium-Ion Storage Performance of Ultrasmall Iron Selenide Nanoparticles
snapshot_2,Topic_metal_selenide_anodes_2015-2024_Knowledge.txt,319,https://openalex.org/W2287448044,https://doi.org/10.1021/acs.jpcc.5b08254,2015,Reactivity at the Lithium–Metal Anode Surface of Lithium–Sulfur Batteries
snapshot_2,Topic_metal_selenide_anodes_2015-2024_Knowledge.txt,320,https://openalex.org/W4386886340,https://doi.org/10.1021/acs.energyfuels.3c02802,2023,Achieving High-Rate and Durable Sodium Storage through Confined Construction of NiSe<sub>2</sub> Particles Embedded in Porous N-Doped Carbon Spheres
snapshot_2,Topic_metal_selenide_anodes_2015-2024_Knowledge.txt,321,https://openalex.org/W4395465040,https://doi.org/10.1021/acs.chemrev.3c00712,2024,Precious Metal Free Hydrogen Evolution Catalyst Design and Application
snapshot_2,Topic_metal_selenide_anodes_2015-2024_Knowledge.txt,322,https://openalex.org/W3160690888,https://doi.org/10.1007/s40820-021-00641-3,2021,Enhanced Reversible Zinc Ion Intercalation in Deficient Ammonium Vanadate for High-Performance Aqueous Zinc-Ion Battery
snapshot_2,Topic_metal_selenide_anodes_2015-2024_Knowledge.txt,323,https://openalex.org/W4307919020,https://doi.org/10.1002/adfm.202208994,2022,2D Transition Metal Dichalcogenides‐Based Electrocatalysts for Hydrogen Evolution Reaction
snapshot_2,Topic_metal_selenide_anodes_2015-2024_Knowledge.txt,324,https://openalex.org/W4360600299,https://doi.org/10.1002/advs.202300841,2023,Selective Ethylene Glycol Oxidation to Formate on Nickel Selenide with Simultaneous Evolution of Hydrogen
snapshot_2,Topic_metal_selenide_anodes_2015-2024_Knowledge.txt,325,https://openalex.org/W4389097498,https://doi.org/10.1002/adfm.202310399,2023,Transition Metal Selenides for Supercapacitors
snapshot_2,Topic_metal_selenide_anodes_2015-2024_Knowledge.txt,326,https://openalex.org/W4210265212,https://doi.org/10.3133/mcs2022,2022,Mineral commodity summaries 2022
snapshot_2,Topic_metal_selenide_anodes_2015-2024_Knowledge.txt,327,https://openalex.org/W4386153578,https://doi.org/10.1007/s40820-023-01179-2,2023,"Integration of Multiple Heterointerfaces in a Hierarchical 0D@2D@1D Structure for Lightweight, Flexible, and Hydrophobic Multifunctional Electromagnetic Protective Fabrics"
snapshot_2,Topic_metal_selenide_anodes_2015-2024_Knowledge.txt,328,https://openalex.org/W3177050032,https://doi.org/10.1002/eem2.12206,2021,Hierarchical Bimetallic Selenides CoSe<sub>2</sub>–MoSe<sub>2</sub>/rGO for Sodium/Potassium‐Ion Batteries Anode: Insights into the Intercalation and Conversion Mechanism
snapshot_2,Topic_metal_selenide_anodes_2015-2024_Knowledge.txt,329,https://openalex.org/W3119495326,https://doi.org/10.1038/s41598-020-80799-9,2021,Supercapacitors based on Ti3C2Tx MXene extracted from supernatant and current collectors passivated by CVD-graphene
snapshot_2,Topic_metal_selenide_anodes_2015-2024_Knowledge.txt,330,https://openalex.org/W3086818693,https://doi.org/10.1038/s41467-020-18430-8,2020,Site-specific electrodeposition enables self-terminating growth of atomically dispersed metal catalysts
snapshot_2,Topic_metal_selenide_anodes_2015-2024_Knowledge.txt,331,https://openalex.org/W4213039012,https://doi.org/10.1002/9783527836390.ch1,2022,Lithium Metal Batteries
snapshot_2,Topic_metal_selenide_anodes_2015-2024_Knowledge.txt,332,https://openalex.org/W4393317278,https://doi.org/10.1038/s41467-024-46750-6,2024,Constructing regulable supports via non-stoichiometric engineering to stabilize ruthenium nanoparticles for enhanced pH-universal water splitting
snapshot_2,Topic_metal_selenide_anodes_2015-2024_Knowledge.txt,333,https://openalex.org/W4391897836,https://doi.org/10.1038/s41598-024-54214-6,2024,Architectural design of anode materials for superior alkali-ion (Li/Na/K) batteries storage
snapshot_2,Topic_metal_selenide_anodes_2015-2024_Knowledge.txt,334,https://openalex.org/W3036362356,https://doi.org/10.1039/d0ra03938a,2020,"Graphene quantum dot based materials for sensing, bio-imaging and energy storage applications: a review"
snapshot_2,Topic_metal_selenide_anodes_2015-2024_Knowledge.txt,335,https://openalex.org/W4283581933,https://doi.org/10.1021/acsnano.2c03788,2022,Phase Engineering of Defective Copper Selenide toward Robust Lithium–Sulfur Batteries
snapshot_2,Topic_metal_selenide_anodes_2015-2024_Knowledge.txt,336,https://openalex.org/W4386410686,https://doi.org/10.1142/s179329202350090x,2023,Construction of Three-Dimensional Hierarchical CoSe<sub>2</sub> Microflowers Assembled by Thin Nanosheets for High-Performance Sodium-Ion Batteries
snapshot_2,Topic_metal_selenide_anodes_2015-2024_Knowledge.txt,337,https://openalex.org/W4321782595,https://doi.org/10.1039/d2na00944g,2023,Transition metal chalcogenides for next-generation energy storage
snapshot_2,Topic_metal_selenide_anodes_2015-2024_Knowledge.txt,338,https://openalex.org/W4321456769,https://doi.org/10.3390/batteries9030143,2023,Improvement on the Use of Se@C in Batteries by Synergistic Effect of Nano-Confinement and C-Se Bond
snapshot_2,Topic_metal_selenide_anodes_2015-2024_Knowledge.txt,339,https://openalex.org/W4292423645,https://doi.org/10.1038/s41467-022-32660-y,2022,Codoped porous carbon nanofibres as a potassium metal host for nonaqueous K-ion batteries
snapshot_2,Topic_metal_selenide_anodes_2015-2024_Knowledge.txt,340,https://openalex.org/W2576311093,https://doi.org/10.1039/c6ra25078e,2017,Hydrothermal assisted <i>in situ</i> growth of CoSe onto graphene nanosheets as a nanohybrid positive electrode for asymmetric supercapacitors
snapshot_2,Topic_metal_selenide_anodes_2015-2024_Knowledge.txt,341,https://openalex.org/W2577096574,https://doi.org/10.1039/c6cs00571c,2017,Vacancies in functional materials for clean energy storage and harvesting: the perfect imperfection
snapshot_2,Topic_metal_selenide_anodes_2015-2024_Knowledge.txt,342,https://openalex.org/W4405443267,https://doi.org/10.1021/acs.energyfuels.4c04146,2024,Novel Selenide Composite as an Effective Bifunctional Electrocatalyst for Energy-Saving Hydrogen Production through Methanol-Assisted Water Electrolysis
snapshot_2,Topic_metal_selenide_anodes_2015-2024_Knowledge.txt,343,https://openalex.org/W3033363530,https://doi.org/10.1007/s40820-020-00458-6,2020,Insights into Enhanced Capacitive Behavior of Carbon Cathode for Lithium Ion Capacitors: The Coupling of Pore Size and Graphitization Engineering
snapshot_2,Topic_metal_selenide_anodes_2015-2024_Knowledge.txt,344,https://openalex.org/W2415383868,https://doi.org/10.1038/srep12486,2015,Rechargeable magnesium-ion battery based on a TiSe2-cathode with d-p orbital hybridized electronic structure
snapshot_2,Topic_metal_selenide_anodes_2015-2024_Knowledge.txt,345,https://openalex.org/W4318619700,https://doi.org/10.3133/mcs2023,2023,Mineral commodity summaries 2023
snapshot_2,Topic_metal_selenide_anodes_2015-2024_Knowledge.txt,346,https://openalex.org/W2896642829,https://doi.org/10.1007/s40820-018-0224-2,2018,Beyond Graphene Anode Materials for Emerging Metal Ion Batteries and Supercapacitors
snapshot_2,Topic_metal_selenide_anodes_2015-2024_Knowledge.txt,347,https://openalex.org/W4386500249,https://doi.org/10.1039/d3dt02237d,2023,Optimized crystal orientation for enhanced reaction kinetics and reversibility of SnSe/NC hollow nanospheres towards high-rate and long-term lithium/sodium storage
snapshot_2,Topic_metal_selenide_anodes_2015-2024_Knowledge.txt,348,https://openalex.org/W4285750438,https://doi.org/10.3133/mcs2020,2020,Mineral commodity summaries 2020
snapshot_2,Topic_metal_selenide_anodes_2015-2024_Knowledge.txt,349,https://openalex.org/W4400362459,https://doi.org/10.1007/s40820-024-01424-2,2024,"Next-Generation Green Hydrogen: Progress and Perspective from Electricity, Catalyst to Electrolyte in Electrocatalytic Water Splitting"
snapshot_2,Topic_metal_selenide_anodes_2015-2024_Knowledge.txt,350,https://openalex.org/W2970479330,https://doi.org/10.1007/s40820-019-0300-2,2019,Ultra-High Mass-Loading Cathode for Aqueous Zinc-Ion Battery Based on Graphene-Wrapped Aluminum Vanadate Nanobelts
snapshot_2,Topic_metal_selenide_anodes_2015-2024_Knowledge.txt,351,https://openalex.org/W2804463679,https://doi.org/10.1088/2053-1583/aac479,2018,"Epitaxial growth of <i>γ</i> -InSe and <i>α</i> , <i>β</i> , and <i>γ</i> -In <sub>2</sub> Se <sub>3</sub> on <i>ε</i> -GaSe"
snapshot_2,Topic_metal_selenide_anodes_2015-2024_Knowledge.txt,352,https://openalex.org/W4292677395,https://doi.org/10.1038/s41467-022-32607-3,2022,Toward a BT.2020 green emitter through a combined multiple resonance effect and multi-lock strategy
snapshot_2,Topic_metal_selenide_anodes_2015-2024_Knowledge.txt,353,https://openalex.org/W4205662059,https://doi.org/10.1002/inf2.12272,2022,A review of hard carbon anode: Rational design and advanced characterization in potassium ion batteries
snapshot_2,Topic_metal_selenide_anodes_2015-2024_Knowledge.txt,354,https://openalex.org/W2984665280,https://doi.org/10.1021/acsnano.9b05571,2019,Amorphous Fe–Ni–P–B–O Nanocages as Efficient Electrocatalysts for Oxygen Evolution Reaction
snapshot_2,Topic_metal_selenide_anodes_2015-2024_Knowledge.txt,355,https://openalex.org/W4294012100,https://doi.org/10.1002/aenm.202202577,2022,Accelerated Diffusion Kinetics in ZnTe/CoTe<sub>2</sub> Heterojunctions for High Rate Potassium Storage
snapshot_2,Topic_metal_selenide_anodes_2015-2024_Knowledge.txt,356,https://openalex.org/W3131977831,https://doi.org/10.1039/d0ra09807h,2021,Tin-selenide as a futuristic material: properties and applications
snapshot_2,Topic_metal_selenide_anodes_2015-2024_Knowledge.txt,357,https://openalex.org/W2754569864,https://doi.org/10.1002/smll.201701649,2017,Layer Structured Materials for Advanced Energy Storage and Conversion
snapshot_2,Topic_metal_selenide_anodes_2015-2024_Knowledge.txt,358,https://openalex.org/W4388931436,https://doi.org/10.1038/s41467-023-43466-x,2023,Stabilizing non-iridium active sites by non-stoichiometric oxide for acidic water oxidation at high current density
snapshot_2,Topic_metal_selenide_anodes_2015-2024_Knowledge.txt,359,https://openalex.org/W4206924036,https://doi.org/10.1002/sus2.42,2022,Designing principles of advanced sulfur cathodes toward practical lithium‐sulfur batteries
snapshot_2,Topic_metal_selenide_anodes_2015-2024_Knowledge.txt,360,https://openalex.org/W4366223961,https://doi.org/10.1039/d3ra01028g,2023,Facile synthesis of the SnTe/SnSe binary nanocomposite <i>via</i> a hydrothermal route for flexible solid-state supercapacitors
snapshot_2,Topic_metal_selenide_anodes_2015-2024_Knowledge.txt,361,https://openalex.org/W2999217540,https://doi.org/10.1002/eem2.12059,2020,Recent Research Progress of Anode Materials for Potassium‐ion Batteries
snapshot_2,Topic_metal_selenide_anodes_2015-2024_Knowledge.txt,362,https://openalex.org/W3217544085,https://doi.org/10.3390/en14227779,2021,"A Review of Supercapacitors: Materials Design, Modification, and Applications"
snapshot_2,Topic_metal_selenide_anodes_2015-2024_Knowledge.txt,363,https://openalex.org/W4318833785,https://doi.org/10.1002/cey2.280,2023,"Recent advances in quantum dot catalysts for hydrogen evolution: Synthesis, characterization, and photocatalytic application"
snapshot_2,Topic_metal_selenide_anodes_2015-2024_Knowledge.txt,364,https://openalex.org/W4210368980,https://doi.org/10.1038/s41467-022-28346-0,2022,Manipulating the oxygen reduction reaction pathway on Pt-coordinated motifs
snapshot_2,Topic_metal_selenide_anodes_2015-2024_Knowledge.txt,365,https://openalex.org/W2158007637,https://doi.org/10.1039/c8cs00431e,2018,Quantum dot-sensitized solar cells
snapshot_2,Topic_metal_selenide_anodes_2015-2024_Knowledge.txt,366,https://openalex.org/W4391091907,https://doi.org/10.1073/pnas.2316914121,2024,Regulation of anion–Na <sup>+</sup> coordination chemistry in electrolyte solvates for low-temperature sodium-ion batteries
snapshot_2,Topic_metal_selenide_anodes_2015-2024_Knowledge.txt,367,https://openalex.org/W2982531609,https://doi.org/10.1002/cey2.19,2019,Carbon materials from melamine sponges for supercapacitors and lithium battery electrode materials: A review
snapshot_2,Topic_metal_selenide_anodes_2015-2024_Knowledge.txt,368,https://openalex.org/W4391868220,https://doi.org/10.1016/j.est.2024.110933,2024,Advanced sodium storage of carbon coated Co-MoSe2 nanosheets assembled spheres
snapshot_2,Topic_metal_selenide_anodes_2015-2024_Knowledge.txt,369,https://openalex.org/W4381435014,https://doi.org/10.1002/eem2.12633,2023,Optimization Strategies Toward Functional Sodium‐Ion Batteries
snapshot_2,Topic_metal_selenide_anodes_2015-2024_Knowledge.txt,370,https://openalex.org/W4321367886,https://doi.org/10.1080/16583655.2022.2151298,2023,Facile fabrication of SnSe nanorods embedded in GO nanosheet for robust oxygen evolution reaction
snapshot_2,Topic_metal_selenide_anodes_2015-2024_Knowledge.txt,371,https://openalex.org/W3135716140,https://doi.org/10.1038/s41699-021-00211-6,2021,"Intercalation as a versatile tool for fabrication, property tuning, and phase transitions in 2D materials"
snapshot_2,Topic_metal_selenide_anodes_2015-2024_Knowledge.txt,372,https://openalex.org/W4200245031,https://doi.org/10.1002/cey2.157,2021,"Hierarchical porous nitrogen, oxygen, and phosphorus ternary doped hollow biomass carbon spheres for high‐speed and long‐life potassium storage"
snapshot_2,Topic_metal_selenide_anodes_2015-2024_Knowledge.txt,373,https://openalex.org/W3194222472,https://doi.org/10.31635/ccschem.021.202101194,2021,A Review of Transition Metal Oxygen-Evolving Catalysts Decorated by Cerium-Based Materials: Current Status and Future Prospects
snapshot_2,Topic_metal_selenide_anodes_2015-2024_Knowledge.txt,374,https://openalex.org/W4391329811,https://doi.org/10.1021/acsomega.3c07911,2024,Metal Electrocatalysts for Hydrogen Production in Water Splitting
snapshot_2,Topic_metal_selenide_anodes_2015-2024_Knowledge.txt,375,https://openalex.org/W2913789284,https://doi.org/10.3389/fmats.2018.00083,2019,Flexible Supercapacitors: A Materials Perspective
snapshot_2,Topic_metal_selenide_anodes_2015-2024_Knowledge.txt,376,https://openalex.org/W3003730086,https://doi.org/10.1002/adma.201907857,2020,Emerging 2D Materials Produced via Electrochemistry
snapshot_2,Topic_metal_selenide_anodes_2015-2024_Knowledge.txt,377,https://openalex.org/W3167030177,https://doi.org/10.3390/en14113193,2021,Towards the Hydrogen Economy—A Review of the Parameters That Influence the Efficiency of Alkaline Water Electrolyzers
snapshot_2,Topic_metal_selenide_anodes_2015-2024_Knowledge.txt,378,https://openalex.org/W4221083835,https://doi.org/10.1002/adma.202200077,2022,"An Ultrafast, Durable, and High‐Loading Polymer Anode for Aqueous Zinc‐Ion Batteries and Supercapacitors"
snapshot_2,Topic_metal_selenide_anodes_2015-2024_Knowledge.txt,379,https://openalex.org/W4319960928,https://doi.org/10.3390/batteries9020126,2023,Challenges and Future Prospects of the MXene-Based Materials for Energy Storage Applications
snapshot_2,Topic_metal_selenide_anodes_2015-2024_Knowledge.txt,380,https://openalex.org/W2289899172,https://doi.org/10.1038/srep22432,2016,Na-ion Storage Performances of FeSex and Fe2O3 Hollow Nanoparticles-Decorated Reduced Graphene Oxide Balls prepared by Nanoscale Kirkendall Diffusion Process
snapshot_2,Topic_metal_selenide_anodes_2015-2024_Knowledge.txt,381,https://openalex.org/W3059672776,https://doi.org/10.1039/d0qo00849d,2020,Recent advances in tandem selenocyclization and tellurocyclization with alkenes and alkynes
snapshot_2,Topic_metal_selenide_anodes_2015-2024_Knowledge.txt,382,https://openalex.org/W4296995253,https://doi.org/10.1038/s41467-022-33329-2,2022,Strain-regulated Gibbs free energy enables reversible redox chemistry of chalcogenides for sodium ion batteries
snapshot_2,Topic_metal_selenide_anodes_2015-2024_Knowledge.txt,383,https://openalex.org/W4367044452,https://doi.org/10.1002/cey2.374,2023,High‐efficiency sodium storage of Co<sub>0.85</sub>Se/WSe<sub>2</sub> encapsulated in N‐doped carbon polyhedron via vacancy and heterojunction engineering
snapshot_2,Topic_metal_selenide_anodes_2015-2024_Knowledge.txt,384,https://openalex.org/W4404945779,https://doi.org/10.1021/acs.inorgchem.4c04302,2024,Ni<sup>2+</sup> Ion-Induced Phase and Morphology Tailoring in Ni<sub><i>x</i></sub>–CuMoSe Nanorod Catalysts for Overall Water Splitting
snapshot_2,Topic_metal_selenide_anodes_2015-2024_Knowledge.txt,385,https://openalex.org/W4399942383,https://doi.org/10.1021/acs.energyfuels.4c01629,2024,Se–C Bond in SnSe<sub>2</sub>–Porous Biomass Carbon Boosting Fast and Durable Potassium Storage
snapshot_2,Topic_metal_selenide_anodes_2015-2024_Knowledge.txt,386,https://openalex.org/W3138381558,https://doi.org/10.1002/adma.202006042,2021,Designing MOF Nanoarchitectures for Electrochemical Water Splitting
snapshot_2,Topic_metal_selenide_anodes_2015-2024_Knowledge.txt,387,https://openalex.org/W4312226519,https://doi.org/10.3390/batteries9010019,2022,"Carbon-Based Materials for Supercapacitors: Recent Progress, Challenges and Barriers"
snapshot_2,Topic_metal_selenide_anodes_2015-2024_Knowledge.txt,388,https://openalex.org/W4320557373,https://doi.org/10.1039/d2ra07901a,2023,An inclusive review and perspective on Cu-based materials for electrochemical water splitting
snapshot_2,Topic_metal_selenide_anodes_2015-2024_Knowledge.txt,389,https://openalex.org/W3200631653,https://doi.org/10.20517/energymater.2021.02,2021,Recent developments in advanced anode materials for lithium-ion batteries
snapshot_2,Topic_metal_selenide_anodes_2015-2024_Knowledge.txt,390,https://openalex.org/W4284971284,https://doi.org/10.1002/cey2.221,2022,Research progress on carbon materials as negative electrodes in sodium‐ and potassium‐ion batteries
snapshot_2,Topic_metal_selenide_anodes_2015-2024_Knowledge.txt,391,https://openalex.org/W2954218692,https://doi.org/10.1002/cssc.201901364,2019,Holey Assembly of Two‐Dimensional Iron‐Doped Nickel‐Cobalt Layered Double Hydroxide Nanosheets for Energy Conversion Application
snapshot_2,Topic_metal_selenide_anodes_2015-2024_Knowledge.txt,392,https://openalex.org/W4281293936,https://doi.org/10.1038/s41467-022-30517-y,2022,An electrochemically stable homogeneous glassy electrolyte formed at room temperature for all-solid-state sodium batteries
snapshot_2,Topic_metal_selenide_anodes_2015-2024_Knowledge.txt,393,https://openalex.org/W1768442093,https://doi.org/10.1039/c5cs00651a,2015,Solution based CVD of main group materials
snapshot_2,Topic_metal_selenide_anodes_2015-2024_Knowledge.txt,394,https://openalex.org/W3198966846,https://doi.org/10.1002/adma.202103812,2021,In Situ Formation of Nano Ni–Co Oxyhydroxide Enables Water Oxidation Electrocatalysts Durable at High Current Densities
snapshot_2,Topic_metal_selenide_anodes_2015-2024_Knowledge.txt,395,https://openalex.org/W2990890324,https://doi.org/10.1039/c9tc05710b,2019,Realising the potential of thermoelectric technology: a Roadmap
snapshot_2,Topic_metal_selenide_anodes_2015-2024_Knowledge.txt,396,https://openalex.org/W4398225385,https://doi.org/10.1039/d4dt01108b,2024,Engineering hierarchical snowflake-like multi-metal selenide catalysts anchored on Ni foam for high-efficiency and stable overall water splitting
snapshot_2,Topic_metal_selenide_anodes_2015-2024_Knowledge.txt,397,https://openalex.org/W3205067204,https://doi.org/10.3390/molecules26216326,2021,Recent Advances in Alkaline Exchange Membrane Water Electrolysis and Electrode Manufacturing
snapshot_2,Topic_metal_selenide_anodes_2015-2024_Knowledge.txt,398,https://openalex.org/W4286111237,https://doi.org/10.1007/s40820-022-00892-8,2022,Reversible Oxygen-Rich Functional Groups Grafted 3D Honeycomb-Like Carbon Anode for Super-Long Potassium Ion Batteries
snapshot_2,Topic_metal_selenide_anodes_2015-2024_Knowledge.txt,399,https://openalex.org/W4385409468,https://doi.org/10.1073/pnas.2306461120,2023,Atomic coordination environment engineering of bimetallic alloy nanostructures for efficient ammonia electrosynthesis from nitrate
snapshot_2,Topic_metal_selenide_anodes_2015-2024_Knowledge.txt,400,https://openalex.org/W4205967989,https://doi.org/10.3390/condmat7010006,2022,Electrode Materials for Supercapacitors in Hybrid Electric Vehicles: Challenges and Current Progress
snapshot_2,Topic_metal_selenide_anodes_2015-2024_Knowledge.txt,401,https://openalex.org/W3205435086,https://doi.org/10.3390/catal11050547,2021,Main Hydrogen Production Processes: An Overview
snapshot_2,Topic_metal_selenide_anodes_2015-2024_Knowledge.txt,402,https://openalex.org/W2809046448,https://doi.org/10.1002/aenm.201800927,2018,Stable Carbon–Selenium Bonds for Enhanced Performance in <i>Tremella</i>‐Like 2D Chalcogenide Battery Anode
snapshot_2,Topic_metal_selenide_anodes_2015-2024_Knowledge.txt,403,https://openalex.org/W4366453611,https://doi.org/10.1039/d3ra01454a,2023,"Advances in organic photovoltaic cells: a comprehensive review of materials, technologies, and performance"
snapshot_2,Topic_metal_selenide_anodes_2015-2024_Knowledge.txt,404,https://openalex.org/W3006626911,https://doi.org/10.1038/s41467-020-14704-3,2020,Benchmark performance of low-cost Sb2Se3 photocathodes for unassisted solar overall water splitting
snapshot_2,Topic_metal_selenide_anodes_2015-2024_Knowledge.txt,405,https://openalex.org/W4323862691,https://doi.org/10.1002/aenm.202300254,2023,Progress and Perspectives for Solar‐Driven Water Electrolysis to Produce Green Hydrogen
snapshot_2,Topic_metal_selenide_anodes_2015-2024_Knowledge.txt,406,https://openalex.org/W3196098433,https://doi.org/10.1038/s41928-021-00624-7,2021,Emerging light-emitting diodes for next-generation data communications
snapshot_2,Topic_metal_selenide_anodes_2015-2024_Knowledge.txt,407,https://openalex.org/W4206152369,https://doi.org/10.1039/d1ee02249k,2022,Dynamics and control of active sites in hierarchically nanostructured cobalt phosphide/chalcogenide-based electrocatalysts for water splitting
snapshot_2,Topic_metal_selenide_anodes_2015-2024_Knowledge.txt,408,https://openalex.org/W4391840302,https://doi.org/10.1002/aenm.202303788,2024,Low‐Temperature Sodium‐Ion Batteries: Challenges and Progress
snapshot_2,Topic_metal_selenide_anodes_2015-2024_Knowledge.txt,409,https://openalex.org/W2784246232,https://doi.org/10.7150/thno.22573,2018,Black Phosphorus and its Biomedical Applications
snapshot_2,Topic_metal_selenide_anodes_2015-2024_Knowledge.txt,410,https://openalex.org/W3000163476,https://doi.org/10.3390/ma13020425,2020,Beyond Lithium-Based Batteries
snapshot_2,Topic_metal_selenide_anodes_2015-2024_Knowledge.txt,411,https://openalex.org/W2730983524,https://doi.org/10.1002/adma.201700192,2017,Emerging Semitransparent Solar Cells: Materials and Device Design
snapshot_2,Topic_metal_selenide_anodes_2015-2024_Knowledge.txt,412,https://openalex.org/W3093118731,https://doi.org/10.1038/s41467-020-19078-0,2020,Metal chalcogenide hollow polar bipyramid prisms as efficient sulfur hosts for Na-S batteries
snapshot_2,Topic_metal_selenide_anodes_2015-2024_Knowledge.txt,413,https://openalex.org/W4390542323,https://doi.org/10.20517/energymater.2023.63,2024,Constructing three-dimensional architectures to design advanced anodes materials for sodium-ion batteries: from nanoscale to microscale
snapshot_2,Topic_metal_selenide_anodes_2015-2024_Knowledge.txt,414,https://openalex.org/W4380870459,https://doi.org/10.1038/s41467-023-39228-4,2023,Dynamic active-site induced by host-guest interactions boost the Fenton-like reaction for organic wastewater treatment
snapshot_2,Topic_metal_selenide_anodes_2015-2024_Knowledge.txt,415,https://openalex.org/W2921995149,https://doi.org/10.1039/c9ta00768g,2019,Metal selenide photocatalysts for visible-light-driven <i>Z</i>-scheme pure water splitting
snapshot_2,Topic_metal_selenide_anodes_2015-2024_Knowledge.txt,416,https://openalex.org/W3150157201,https://doi.org/10.3390/coatings11040390,2021,Extrusion-Based 3D Printing Applications of PLA Composites: A Review
snapshot_2,Topic_metal_selenide_anodes_2015-2024_Knowledge.txt,417,https://openalex.org/W4400877538,https://doi.org/10.1038/s41467-024-49931-5,2024,Energy-saving hydrogen production by seawater electrolysis coupling tip-enhanced electric field promoted electrocatalytic sulfion oxidation
snapshot_2,Topic_metal_selenide_anodes_2015-2024_Knowledge.txt,418,https://openalex.org/W2557092610,https://doi.org/10.1002/adfm.201603886,2016,Photodetectors Based on Two‐Dimensional Layered Materials Beyond Graphene
snapshot_2,Topic_metal_selenide_anodes_2015-2024_Knowledge.txt,419,https://openalex.org/W4384340095,https://doi.org/10.1021/acsomega.3c00963,2023,Hydrogen Production Using TiO<sub>2</sub>-Based Photocatalysts: A Comprehensive Review
snapshot_2,Topic_metal_selenide_anodes_2015-2024_Knowledge.txt,420,https://openalex.org/W3036989854,https://doi.org/10.1002/aenm.202001537,2020,Well‐Defined Nanostructures for Electrochemical Energy Conversion and Storage
snapshot_2,Topic_metal_selenide_anodes_2015-2024_Knowledge.txt,421,https://openalex.org/W3020914782,https://doi.org/10.1039/d0ta02755c,2020,Photoelectrochemical water splitting: a road from stable metal oxides to protected thin film solar cells
snapshot_2,Topic_metal_selenide_anodes_2015-2024_Knowledge.txt,422,https://openalex.org/W3195534541,https://doi.org/10.1039/d1sc01981c,2021,Nanoporous ultra-high-entropy alloys containing fourteen elements for water splitting electrocatalysis
snapshot_2,Topic_metal_selenide_anodes_2015-2024_Knowledge.txt,423,https://openalex.org/W3090491572,https://doi.org/10.1002/aenm.202002580,2020,Fibrous Materials for Flexible Li–S Battery
snapshot_2,Topic_metal_selenide_anodes_2015-2024_Knowledge.txt,424,https://openalex.org/W3131324723,https://doi.org/10.34133/2021/9204217,2021,Ionic Liquid-Based Electrolytes for Aluminum/Magnesium/Sodium-Ion Batteries
snapshot_2,Topic_metal_selenide_anodes_2015-2024_Knowledge.txt,425,https://openalex.org/W4388411561,https://doi.org/10.1007/s40820-023-01222-2,2023,Layered Potassium Titanium Niobate/Reduced Graphene Oxide Nanocomposite as a Potassium-Ion Battery Anode
snapshot_2,Topic_metal_selenide_anodes_2015-2024_Knowledge.txt,426,https://openalex.org/W4382294637,https://doi.org/10.1002/aenm.202300682,2023,Cathode Materials and Chemistries for Magnesium Batteries: Challenges and Opportunities
snapshot_2,Topic_metal_selenide_anodes_2015-2024_Knowledge.txt,427,https://openalex.org/W2177386927,https://doi.org/10.1039/c5ee02446c,2015,Stability assessment of alternative platinum free counter electrodes for dye-sensitized solar cells
snapshot_2,Topic_metal_selenide_anodes_2015-2024_Knowledge.txt,428,https://openalex.org/W3197798650,https://doi.org/10.1039/d1cs00106j,2021,Solution-processed two-dimensional materials for next-generation photovoltaics
snapshot_2,Topic_metal_selenide_anodes_2015-2024_Knowledge.txt,429,https://openalex.org/W3162392195,https://doi.org/10.1360/ssc-2021-0010,2021,Solvothermal synthesis of CuSe nanoplates for sodium storage
snapshot_2,Topic_metal_selenide_anodes_2015-2024_Knowledge.txt,430,https://openalex.org/W2805681104,https://doi.org/10.1002/anie.201804053,2018,"Near‐Infrared Active Lead Chalcogenide Quantum Dots: Preparation, Post‐Synthesis Ligand Exchange, and Applications in Solar Cells"
snapshot_2,Topic_metal_selenide_anodes_2015-2024_Knowledge.txt,431,https://openalex.org/W2981371076,https://doi.org/10.1002/cey2.16,2019,Rambutan‐like hollow carbon spheres decorated with vacancy‐rich nickel oxide for energy conversion and storage
snapshot_2,Topic_metal_selenide_anodes_2015-2024_Knowledge.txt,432,https://openalex.org/W3014476880,https://doi.org/10.1038/s41467-020-15481-9,2020,High efficiency and stability of ink-jet printed quantum dot light emitting diodes
snapshot_2,Topic_metal_selenide_anodes_2015-2024_Knowledge.txt,433,https://openalex.org/W4317616765,https://doi.org/10.31635/renewables.022.202200002,2023,Thin Films Fabricated by Pulsed Laser Deposition for Electrocatalysis
snapshot_2,Topic_metal_selenide_anodes_2015-2024_Knowledge.txt,434,https://openalex.org/W2978815321,https://doi.org/10.1002/cey2.13,2019,Reduced graphene oxide‐based materials for electrochemical energy conversion reactions
snapshot_2,Topic_metal_selenide_anodes_2015-2024_Knowledge.txt,435,https://openalex.org/W4389386861,https://doi.org/10.1002/aenm.202303261,2023,In Situ Generation of Molybdate‐Modulated Nickel‐Iron Oxide Electrodes with High Corrosion Resistance for Efficient Seawater Electrolysis
snapshot_2,Topic_metal_selenide_anodes_2015-2024_Knowledge.txt,436,https://openalex.org/W2793204661,https://doi.org/10.1021/acsami.7b19037,2018,New Insights into the Interphase between the Na Metal Anode and Sulfide Solid-State Electrolytes: A Joint Experimental and Computational Study
snapshot_2,Topic_metal_selenide_anodes_2015-2024_Knowledge.txt,437,https://openalex.org/W4285408211,https://doi.org/10.1002/cnl2.9,2022,Anion exchange membrane water electrolysis for sustainable large‐scale hydrogen production
snapshot_2,Topic_metal_selenide_anodes_2015-2024_Knowledge.txt,438,https://openalex.org/W4281635181,https://doi.org/10.1002/cey2.206,2022,Hetero MOF‐on‐MOF‐derived carbon nanotube interconnected nitrogen‐doped carbon‐encapsulated FeNi/FeF<sub>2</sub> for efficient oxygen evolution reaction
snapshot_2,Topic_metal_selenide_anodes_2015-2024_Knowledge.txt,439,https://openalex.org/W4280611222,https://doi.org/10.1002/aenm.202200662,2022,Atomic‐Scale Design of Anode Materials for Alkali Metal (Li/Na/K)‐Ion Batteries: Progress and Perspectives
snapshot_2,Topic_metal_selenide_anodes_2015-2024_Knowledge.txt,440,https://openalex.org/W3038358171,https://doi.org/10.1016/j.jpowsour.2020.228803,2020,Current status and future perspectives of lithium metal batteries
snapshot_2,Topic_metal_selenide_anodes_2015-2024_Knowledge.txt,441,https://openalex.org/W4386423568,https://doi.org/10.3390/ma16176063,2023,The Role of Lithium-Ion Batteries in the Growing Trend of Electric Vehicles
snapshot_2,Topic_metal_selenide_anodes_2015-2024_Knowledge.txt,442,https://openalex.org/W3095403560,https://doi.org/10.1007/s40820-020-00534-x,2020,Highly Dispersed Cobalt Nanoparticles Embedded in Nitrogen-Doped Graphitized Carbon for Fast and Durable Potassium Storage
snapshot_2,Topic_metal_selenide_anodes_2015-2024_Knowledge.txt,443,https://openalex.org/W3033010725,https://doi.org/10.1002/eom2.12027,2020,Antimony‐based nanomaterials for high‐performance potassium‐ion batteries
snapshot_2,Topic_metal_selenide_anodes_2015-2024_Knowledge.txt,444,https://openalex.org/W4361219393,https://doi.org/10.1002/celc.202201151,2023,The Anode Materials for Lithium‐Ion and Sodium‐Ion Batteries Based on Conversion Reactions: a Review
snapshot_2,Topic_metal_selenide_anodes_2015-2024_Knowledge.txt,445,https://openalex.org/W3004706747,https://doi.org/10.1039/c9ta12169b,2020,A review of phosphorus and phosphides as anode materials for advanced sodium-ion batteries
snapshot_2,Topic_metal_selenide_anodes_2015-2024_Knowledge.txt,446,https://openalex.org/W3205935355,https://doi.org/10.1038/s41467-021-26307-7,2021,Boride-derived oxygen-evolution catalysts
snapshot_2,Topic_metal_selenide_anodes_2015-2024_Knowledge.txt,447,https://openalex.org/W3094557809,https://doi.org/10.1007/s12274-020-3142-9,2020,High power and stable P-doped yolk-shell structured Si@C anode simultaneously enhancing conductivity and Li+ diffusion kinetics
snapshot_2,Topic_metal_selenide_anodes_2015-2024_Knowledge.txt,448,https://openalex.org/W3048675611,https://doi.org/10.31635/ccschem.020.202000321,2020,Revealing Quasi-1D Volume Expansion in Na-/K-Ion Battery Anodes: A Case Study of Sb <sub>2</sub> O <sub>3</sub> Microbelts
snapshot_2,Topic_metal_selenide_anodes_2015-2024_Knowledge.txt,449,https://openalex.org/W3163288569,https://doi.org/10.1038/s41598-021-89944-4,2021,"Ab initio prediction of semiconductivity in a novel two-dimensional Sb2X3 (X= S, Se, Te) monolayers with orthorhombic structure"
snapshot_2,Topic_metal_selenide_anodes_2015-2024_Knowledge.txt,450,https://openalex.org/W4385156199,https://doi.org/10.1002/inf2.12467,2023,Extraordinarily stable and wide‐temperature range sodium/potassium‐ion batteries based on <scp>1D SnSe<sub>2</sub>‐SePAN</scp> composite nanofibers
snapshot_2,Topic_metal_selenide_anodes_2015-2024_Knowledge.txt,451,https://openalex.org/W3033905824,https://doi.org/10.1038/s41467-020-16659-x,2020,Quantum-dot and organic hybrid tandem light-emitting diodes with multi-functionality of full-color-tunability and white-light-emission
snapshot_2,Topic_metal_selenide_anodes_2015-2024_Knowledge.txt,452,https://openalex.org/W4206657626,https://doi.org/10.1038/s41467-022-28099-w,2022,Insertion of ammonia into alkenes to build aromatic N-heterocycles
snapshot_2,Topic_metal_selenide_anodes_2015-2024_Knowledge.txt,453,https://openalex.org/W3160979342,https://doi.org/10.1002/smll.202100361,2021,Emergence of Ni‐Based Chalcogenides (S and Se) for Clean Energy Conversion and Storage
snapshot_2,Topic_metal_selenide_anodes_2015-2024_Knowledge.txt,454,https://openalex.org/W3003821136,https://doi.org/10.1039/c9cs00283a,2020,"The versatile biomedical applications of bismuth-based nanoparticles and composites: therapeutic, diagnostic, biosensing, and regenerative properties"
snapshot_2,Topic_metal_selenide_anodes_2015-2024_Knowledge.txt,455,https://openalex.org/W2762921792,https://doi.org/10.1039/c7ta06971e,2017,"Recent advances in ternary two-dimensional materials: synthesis, properties and applications"
snapshot_2,Topic_metal_selenide_anodes_2015-2024_Knowledge.txt,456,https://openalex.org/W2969069343,https://doi.org/10.1002/inf2.12027,2019,Flexible Na batteries
snapshot_2,Topic_metal_selenide_anodes_2015-2024_Knowledge.txt,457,https://openalex.org/W3109327142,https://doi.org/10.1016/j.elecom.2020.106890,2020,Dip-coating of MXene and transition metal dichalcogenides on 3D-printed nanocarbon electrodes for the hydrogen evolution reaction
snapshot_2,Topic_metal_selenide_anodes_2015-2024_Knowledge.txt,458,https://openalex.org/W4388296245,https://doi.org/10.1021/acsami.3c11057,2023,Unveiling the Nature of Superior Sodium Storage in the CoSe<sub>2</sub>/rGO Nanocomposite
snapshot_2,Topic_metal_selenide_anodes_2015-2024_Knowledge.txt,459,https://openalex.org/W1887612414,https://doi.org/10.1039/c5cp01841b,2015,Stability and ionic mobility in argyrodite-related lithium-ion solid electrolytes
snapshot_2,Topic_metal_selenide_anodes_2015-2024_Knowledge.txt,460,https://openalex.org/W4289985740,https://doi.org/10.3390/coatings12081115,2022,Thin-Film Coating Methods: A Successful Marriage of High-Quality and Cost-Effectiveness—A Brief Exploration
snapshot_2,Topic_metal_selenide_anodes_2015-2024_Knowledge.txt,461,https://openalex.org/W2269290328,https://doi.org/10.1039/c5ee03847b,2016,Light trapping in mesoporous solar cells with plasmonic nanostructures
snapshot_2,Topic_metal_selenide_anodes_2015-2024_Knowledge.txt,462,https://openalex.org/W3128054074,https://doi.org/10.1039/c9cs00757a,2021,"Printed aerogels: chemistry, processing, and applications"
snapshot_2,Topic_metal_selenide_anodes_2015-2024_Knowledge.txt,463,https://openalex.org/W4391386256,https://doi.org/10.3133/mcs2024,2024,Mineral commodity summaries 2024
snapshot_2,Topic_metal_selenide_anodes_2015-2024_Knowledge.txt,464,https://openalex.org/W4362475580,https://doi.org/10.3390/molecules28073134,2023,The Progress of Hard Carbon as an Anode Material in Sodium-Ion Batteries
snapshot_2,Topic_metal_selenide_anodes_2015-2024_Knowledge.txt,465,https://openalex.org/W3008849464,https://doi.org/10.1039/c9cs00313d,2020,Metal-free photocatalysts for hydrogen evolution
snapshot_2,Topic_metal_selenide_anodes_2015-2024_Knowledge.txt,466,https://openalex.org/W4391531304,https://doi.org/10.1007/s40820-024-01334-3,2024,Discovering Cathodic Biocompatibility for Aqueous Zn–MnO2 Battery: An Integrating Biomass Carbon Strategy
snapshot_2,Topic_metal_selenide_anodes_2015-2024_Knowledge.txt,467,https://openalex.org/W2737682966,https://doi.org/10.1002/smll.201701487,2017,Nickel Diselenide Ultrathin Nanowires Decorated with Amorphous Nickel Oxide Nanoparticles for Enhanced Water Splitting Electrocatalysis
snapshot_2,Topic_metal_selenide_anodes_2015-2024_Knowledge.txt,468,https://openalex.org/W3202408220,https://doi.org/10.1039/d1ta07572a,2021,Vanadium dioxide–zinc oxide stacked photocathodes for photo-rechargeable zinc-ion batteries
snapshot_2,Topic_metal_selenide_anodes_2015-2024_Knowledge.txt,469,https://openalex.org/W2114369179,https://doi.org/10.3390/su70911818,2015,Assessing Rare Metal Availability Challenges for Solar Energy Technologies
snapshot_2,Topic_metal_selenide_anodes_2015-2024_Knowledge.txt,470,https://openalex.org/W4387788334,https://doi.org/10.1039/d3gc02849f,2023,Electrochemical hydrogen production: sustainable hydrogen economy
snapshot_2,Topic_metal_selenide_anodes_2015-2024_Knowledge.txt,471,https://openalex.org/W2605956229,https://doi.org/10.3390/catal7040119,2017,Microwave-Assisted Synthesis of Co3(PO4)2 Nanospheres for Electrocatalytic Oxidation of Methanol in Alkaline Media
snapshot_2,Topic_metal_selenide_anodes_2015-2024_Knowledge.txt,472,https://openalex.org/W3019817751,https://doi.org/10.3390/catal10050473,2020,Electrochemical Reactors for CO2 Conversion
snapshot_2,Topic_metal_selenide_anodes_2015-2024_Knowledge.txt,473,https://openalex.org/W4376470934,https://doi.org/10.1039/d3im00034f,2023,Recent progress of manganese dioxide based electrocatalysts for the oxygen evolution reaction
snapshot_2,Topic_metal_selenide_anodes_2015-2024_Knowledge.txt,474,https://openalex.org/W3080655008,https://doi.org/10.1007/s40820-020-00511-4,2020,Tuning Interface Bridging Between MoSe2 and Three-Dimensional Carbon Framework by Incorporation of MoC Intermediate to Boost Lithium Storage Capability
snapshot_2,Topic_metal_selenide_anodes_2015-2024_Knowledge.txt,475,https://openalex.org/W2985061218,https://doi.org/10.1007/s12274-019-2543-0,2019,Unexpected intercalation-dominated potassium storage in WS2 as a potassium-ion battery anode
snapshot_2,Topic_metal_selenide_anodes_2015-2024_Knowledge.txt,476,https://openalex.org/W3204205256,https://doi.org/10.1088/1755-1315/844/1/012008,2021,Construction of hierarchical core-shell structured CoSe<sub>2</sub>@Fe<sub>3</sub>O<sub>4</sub>@Fe<sub>2</sub>O<sub>3</sub> composite as advanced anodes for sodium ion batteries
snapshot_2,Topic_metal_selenide_anodes_2015-2024_Knowledge.txt,477,https://openalex.org/W745919197,https://doi.org/10.7150/thno.11642,2015,Nanoparticles for Radiation Therapy Enhancement: the Key Parameters
snapshot_2,Topic_metal_selenide_anodes_2015-2024_Knowledge.txt,478,https://openalex.org/W3118392738,https://doi.org/10.1016/j.electacta.2021.137746,2021,A proof of concept of a structural supercapacitor made of graphene coated woven carbon fibers: EIS study and mechanical performance
snapshot_2,Topic_metal_selenide_anodes_2015-2024_Knowledge.txt,479,https://openalex.org/W2755619244,https://doi.org/10.1038/s41467-017-00582-9,2017,Ultrathin high band gap solar cells with improved efficiencies from the world’s oldest photovoltaic material
snapshot_2,Topic_metal_selenide_anodes_2015-2024_Knowledge.txt,480,https://openalex.org/W3183353435,https://doi.org/10.1038/s41467-021-24931-x,2021,Large-area patterning of full-color quantum dot arrays beyond 1000 pixels per inch by selective electrophoretic deposition
snapshot_2,Topic_metal_selenide_anodes_2015-2024_Knowledge.txt,481,https://openalex.org/W3168742652,https://doi.org/10.1002/aenm.202100514,2021,Advances in Zeolite Imidazolate Frameworks (ZIFs) Derived Bifunctional Oxygen Electrocatalysts and Their Application in Zinc–Air Batteries
snapshot_2,Topic_metal_selenide_anodes_2015-2024_Knowledge.txt,482,https://openalex.org/W4321788345,https://doi.org/10.3390/molecules28052108,2023,Electronic Modulation and Structural Engineering of Carbon-Based Anodes for Low-Temperature Lithium-Ion Batteries: A Review
snapshot_2,Topic_metal_selenide_anodes_2015-2024_Knowledge.txt,483,https://openalex.org/W2820249417,https://doi.org/10.3390/coatings8070244,2018,"Thin Film Thermoelectric Materials: Classification, Characterization, and Potential for Wearable Applications"
snapshot_2,Topic_metal_selenide_anodes_2015-2024_Knowledge.txt,484,https://openalex.org/W3035158696,https://doi.org/10.1002/cey2.57,2020,Anode materials for potassium‐ion batteries: Current status and prospects
snapshot_2,Topic_metal_selenide_anodes_2015-2024_Knowledge.txt,485,https://openalex.org/W4377138272,https://doi.org/10.1002/cey2.392,2023,Oxygen functionalization‐assisted anionic exchange toward unique construction of flower‐like transition metal chalcogenide embedded carbon fabric for ultra‐long life flexible energy storage and conversion
snapshot_2,Topic_metal_selenide_anodes_2015-2024_Knowledge.txt,486,https://openalex.org/W4317243050,https://doi.org/10.3390/en16020757,2023,Hydrogen Production Methods Based on Solar and Wind Energy: A Review
snapshot_2,Topic_metal_selenide_anodes_2015-2024_Knowledge.txt,487,https://openalex.org/W4284970176,https://doi.org/10.1016/j.jallcom.2022.166113,2022,Recent advances in non-noble metal-based bifunctional electrocatalysts for overall seawater splitting
snapshot_2,Topic_metal_selenide_anodes_2015-2024_Knowledge.txt,488,https://openalex.org/W4281722573,https://doi.org/10.3390/nano12111916,2022,Bimetallic Cu/Fe MOF-Based Nanosheet Film via Binder-Free Drop-Casting Route: A Highly Efficient Urea-Electrolysis Catalyst
snapshot_2,Topic_metal_selenide_anodes_2015-2024_Knowledge.txt,489,https://openalex.org/W2988723260,https://doi.org/10.1007/s11705-019-1857-5,2019,Metal-organic framework UiO-66 membranes
snapshot_2,Topic_metal_selenide_anodes_2015-2024_Knowledge.txt,490,https://openalex.org/W4206683102,https://doi.org/10.1186/s43593-021-00008-6,2022,Hyperbolic metamaterials: fusing artificial structures to natural 2D materials
snapshot_2,Topic_metal_selenide_anodes_2015-2024_Knowledge.txt,491,https://openalex.org/W2511283171,https://doi.org/10.3390/ijms17091452,2016,Controlled Synthesis of Polyions of Heavy Main-Group Elements in Ionic Liquids
snapshot_2,Topic_metal_selenide_anodes_2015-2024_Knowledge.txt,492,https://openalex.org/W2964057586,https://doi.org/10.3389/fchem.2019.00569,2019,Synthesis and Electrochemical Performance of ZnSe Electrospinning Nanofibers as an Anode Material for Lithium Ion and Sodium Ion Batteries
snapshot_2,Topic_metal_selenide_anodes_2015-2024_Knowledge.txt,493,https://openalex.org/W2736938823,https://doi.org/10.3390/ma10070814,2017,"The Property, Preparation and Application of Topological Insulators: A Review"
snapshot_2,Topic_metal_selenide_anodes_2015-2024_Knowledge.txt,494,https://openalex.org/W4281705425,https://doi.org/10.3390/en15114052,2022,Recent Advancements in Chalcogenides for Electrochemical Energy Storage Applications
snapshot_2,Topic_metal_selenide_anodes_2015-2024_Knowledge.txt,495,https://openalex.org/W3017872238,https://doi.org/10.1093/nsr/nwaa075,2020,Thermodynamic analysis and kinetic optimization of high-energy batteries based on multi-electron reactions
snapshot_2,Topic_metal_selenide_anodes_2015-2024_Knowledge.txt,496,https://openalex.org/W3096564498,https://doi.org/10.1002/cey2.80,2020,Metal‐organic frameworks‐derived novel nanostructured electrocatalysts for oxygen evolution reaction
snapshot_2,Topic_metal_selenide_anodes_2015-2024_Knowledge.txt,497,https://openalex.org/W2103064474,https://doi.org/10.1039/c5cp00070j,2015,In situ PM-IRRAS of a glassy carbon electrode/deep eutectic solvent interface
snapshot_2,Topic_metal_selenide_anodes_2015-2024_Knowledge.txt,498,https://openalex.org/W4318919226,https://doi.org/10.1002/adma.202211527,2023,Effects of Multiple Ion Reactions Based on a CoSe<sub>2</sub>/MXene Cathode in Aluminum‐Ion Batteries
snapshot_2,Topic_metal_selenide_anodes_2015-2024_Knowledge.txt,499,https://openalex.org/W4387964896,https://doi.org/10.1002/adma.202308987,2023,Solvent‐Free Ultrafast Construction of Se‐Deficient Heterojunctions of Bimetallic Selenides toward Flexible Sodium‐Ion Full Batteries
snapshot_2,Topic_metal_selenide_anodes_2015-2024_Knowledge.txt,500,https://openalex.org/W4360616708,https://doi.org/10.1002/cey2.306,2023,Single‐atomic Co‐B<sub>2</sub>N<sub>2</sub> sites anchored on carbon nanotube arrays promote lithium polysulfide conversion in lithium–sulfur batteries
