source_snapshot,source_file,local_id,openalex_id,doi,year,title
snapshot_1,Topic_MOF-derived_carbon_2008-2017_Knowledge.txt,1,https://openalex.org/W2488813449,https://doi.org/10.1021/acscatal.6b01222,2016,Development of MOF-Derived Carbon-Based Nanomaterials for Efficient Catalysis
snapshot_1,Topic_MOF-derived_carbon_2008-2017_Knowledge.txt,2,https://openalex.org/W2061132599,https://doi.org/10.1021/cm202554j,2012,MOF-Derived Hierarchically Porous Carbon with Exceptional Porosity and Hydrogen Storage Capacity
snapshot_1,Topic_MOF-derived_carbon_2008-2017_Knowledge.txt,3,https://openalex.org/W2012021859,https://doi.org/10.1039/c2ta00278g,2012,A new family of carbon materials: synthesis of MOF-derived nanoporous carbons and their promising applications
snapshot_1,Topic_MOF-derived_carbon_2008-2017_Knowledge.txt,4,https://openalex.org/W2737951758,https://doi.org/10.1002/adfm.201701971,2017,Bifunctional MOF‐Derived Carbon Photonic Crystal Architectures for Advanced Zn–Air and Li–S Batteries: Highly Exposed Graphitic Nitrogen Matters
snapshot_1,Topic_MOF-derived_carbon_2008-2017_Knowledge.txt,5,https://openalex.org/W2775857236,https://doi.org/10.1002/adfm.201704537,2017,"Recent Progress in MOF‐Derived, Heteroatom‐Doped Porous Carbons as Highly Efficient Electrocatalysts for Oxygen Reduction Reaction in Fuel Cells"
snapshot_1,Topic_MOF-derived_carbon_2008-2017_Knowledge.txt,6,https://openalex.org/W2088796264,https://doi.org/10.1039/c3cc47620k,2014,Post modification of MOF derived carbon via g-C<sub>3</sub>N<sub>4</sub> entrapment for an efficient metal-free oxygen reduction reaction
snapshot_1,Topic_MOF-derived_carbon_2008-2017_Knowledge.txt,7,https://openalex.org/W2772238420,https://doi.org/10.1002/advs.201700515,2017,Recent Progress on MOF‐Derived Heteroatom‐Doped Carbon‐Based Electrocatalysts for Oxygen Reduction Reaction
snapshot_1,Topic_MOF-derived_carbon_2008-2017_Knowledge.txt,8,https://openalex.org/W2068957902,https://doi.org/10.1039/c4ta04277h,2014,Fabrication of symmetric supercapacitors based on MOF-derived nanoporous carbons
snapshot_1,Topic_MOF-derived_carbon_2008-2017_Knowledge.txt,9,https://openalex.org/W2163934889,https://doi.org/10.1002/chem.201301689,2013,Embedding Sulfur in MOF‐Derived Microporous Carbon Polyhedrons for Lithium–Sulfur Batteries
snapshot_1,Topic_MOF-derived_carbon_2008-2017_Knowledge.txt,10,https://openalex.org/W1977993325,https://doi.org/10.1002/smll.201302910,2014,Direct Synthesis of MOF‐Derived Nanoporous Carbon with Magnetic Co Nanoparticles toward Efficient Water Treatment
snapshot_1,Topic_MOF-derived_carbon_2008-2017_Knowledge.txt,11,https://openalex.org/W2107929389,https://doi.org/10.1002/adma.201405222,2015,High‐Performance and Ultra‐Stable Lithium‐Ion Batteries Based on MOF‐Derived ZnO@ZnO Quantum Dots/C Core–Shell Nanorod Arrays on a Carbon Cloth Anode
snapshot_1,Topic_MOF-derived_carbon_2008-2017_Knowledge.txt,12,https://openalex.org/W2035159751,https://doi.org/10.1246/cl.131174,2014,MOF-derived Nanoporous Carbon as Intracellular Drug Delivery Carriers
snapshot_1,Topic_MOF-derived_carbon_2008-2017_Knowledge.txt,13,https://openalex.org/W2735099095,https://doi.org/10.1039/c7ta03939e,2017,Fabrication of an MOF-derived heteroatom-doped Co/CoO/carbon hybrid with superior sodium storage performance for sodium-ion batteries
snapshot_1,Topic_MOF-derived_carbon_2008-2017_Knowledge.txt,14,https://openalex.org/W2591118683,https://doi.org/10.1002/adma.201605820,2017,Confined Amorphous Red Phosphorus in MOF‐Derived N‐Doped Microporous Carbon as a Superior Anode for Sodium‐Ion Battery
snapshot_1,Topic_MOF-derived_carbon_2008-2017_Knowledge.txt,15,https://openalex.org/W2319378444,https://doi.org/10.1021/am507660y,2015,Nitrogen-Doped MOF-Derived Micropores Carbon as Immobilizer for Small Sulfur Molecules as a Cathode for Lithium Sulfur Batteries with Excellent Electrochemical Performance
snapshot_1,Topic_MOF-derived_carbon_2008-2017_Knowledge.txt,16,https://openalex.org/W2081825442,https://doi.org/10.1039/c4cc09062d,2015,Nitrogen-doped Fe/Fe<sub>3</sub>C@graphitic layer/carbon nanotube hybrids derived from MOFs: efficient bifunctional electrocatalysts for ORR and OER
snapshot_1,Topic_MOF-derived_carbon_2008-2017_Knowledge.txt,17,https://openalex.org/W2553952910,https://doi.org/10.1039/c6ta09030c,2016,MOF-derived bi-metal embedded N-doped carbon polyhedral nanocages with enhanced lithium storage
snapshot_1,Topic_MOF-derived_carbon_2008-2017_Knowledge.txt,18,https://openalex.org/W2069349107,https://doi.org/10.1039/c2jm33798c,2012,"MOF derived porous carbon–Fe3O4 nanocomposite as a high performance, recyclable environmental superadsorbent"
snapshot_1,Topic_MOF-derived_carbon_2008-2017_Knowledge.txt,19,https://openalex.org/W2776776548,https://doi.org/10.1002/adma.201703711,2017,"MOF‐Derived Bifunctional Cu<sub>3</sub>P Nanoparticles Coated by a N,P‐Codoped Carbon Shell for Hydrogen Evolution and Oxygen Reduction"
snapshot_1,Topic_MOF-derived_carbon_2008-2017_Knowledge.txt,20,https://openalex.org/W2558447226,https://doi.org/10.1021/acs.accounts.6b00460,2016,Nanoarchitectures for Metal–Organic Framework-Derived Nanoporous Carbons toward Supercapacitor Applications
snapshot_1,Topic_MOF-derived_carbon_2008-2017_Knowledge.txt,21,https://openalex.org/W2605234346,https://doi.org/10.1021/acsami.7b03368,2017,Flexible and Binder-Free Hierarchical Porous Carbon Film for Supercapacitor Electrodes Derived from MOFs/CNT
snapshot_1,Topic_MOF-derived_carbon_2008-2017_Knowledge.txt,22,https://openalex.org/W2074697300,https://doi.org/10.1039/c4nr00025k,2014,MOF-derived crumpled-sheet-assembled perforated carbon cuboids as highly effective cathode active materials for ultra-high energy density Li-ion hybrid electrochemical capacitors (Li-HECs)
snapshot_1,Topic_MOF-derived_carbon_2008-2017_Knowledge.txt,23,https://openalex.org/W2594500836,https://doi.org/10.1002/adfm.201606190,2017,Zn‐MOF‐74 Derived N‐Doped Mesoporous Carbon as pH‐Universal Electrocatalyst for Oxygen Reduction Reaction
snapshot_1,Topic_MOF-derived_carbon_2008-2017_Knowledge.txt,24,https://openalex.org/W2606962120,https://doi.org/10.1021/acsami.7b02712,2017,<i>In Situ</i> Expanding Pores of Dodecahedron-like Carbon Frameworks Derived from MOFs for Enhanced Capacitive Deionization
snapshot_1,Topic_MOF-derived_carbon_2008-2017_Knowledge.txt,25,https://openalex.org/W2464406117,https://doi.org/10.1039/c6cc05244d,2016,Cobalt nanoparticle-embedded carbon nanotube/porous carbon hybrid derived from MOF-encapsulated Co<sub>3</sub>O<sub>4</sub> for oxygen electrocatalysis
snapshot_1,Topic_MOF-derived_carbon_2008-2017_Knowledge.txt,26,https://openalex.org/W2613242627,https://doi.org/10.1039/c7ta03070c,2017,Highly stable supercapacitors with MOF-derived Co<sub>9</sub>S<sub>8</sub>/carbon electrodes for high rate electrochemical energy storage
snapshot_1,Topic_MOF-derived_carbon_2008-2017_Knowledge.txt,27,https://openalex.org/W2039806886,https://doi.org/10.1038/srep05130,2014,Heteroatoms ternary-doped porous carbons derived from MOFs as metal-free electrocatalysts for oxygen reduction reaction
snapshot_1,Topic_MOF-derived_carbon_2008-2017_Knowledge.txt,28,https://openalex.org/W2508456827,https://doi.org/10.1039/c6ta04619c,2016,Multi-functional MOF-derived magnetic carbon sponge
snapshot_1,Topic_MOF-derived_carbon_2008-2017_Knowledge.txt,29,https://openalex.org/W2290567516,https://doi.org/10.1002/smll.201503821,2016,MOF‐Derived Hollow Co<sub>9</sub>S<sub>8</sub> Nanoparticles Embedded in Graphitic Carbon Nanocages with Superior Li‐Ion Storage
snapshot_1,Topic_MOF-derived_carbon_2008-2017_Knowledge.txt,30,https://openalex.org/W2085637982,https://doi.org/10.1039/c5nr00528k,2015,MOF-derived ultrafine MnO nanocrystals embedded in a porous carbon matrix as high-performance anodes for lithium-ion batteries
snapshot_1,Topic_MOF-derived_carbon_2008-2017_Knowledge.txt,31,https://openalex.org/W2467878261,https://doi.org/10.1021/acsami.6b04548,2016,Highly Porous Carbon Derived from MOF-5 as a Support of ORR Electrocatalysts for Fuel Cells
snapshot_1,Topic_MOF-derived_carbon_2008-2017_Knowledge.txt,32,https://openalex.org/W2764081973,https://doi.org/10.1002/asia.201701082,2017,Synthesis of MOF‐525 Derived Nanoporous Carbons with Different Particle Sizes for Supercapacitor Application
snapshot_1,Topic_MOF-derived_carbon_2008-2017_Knowledge.txt,33,https://openalex.org/W1915355998,https://doi.org/10.1039/c5ta03900b,2015,MOF derived Co<sub>3</sub>O<sub>4</sub>nanoparticles embedded in N-doped mesoporous carbon layer/MWCNT hybrids: extraordinary bi-functional electrocatalysts for OER and ORR
snapshot_1,Topic_MOF-derived_carbon_2008-2017_Knowledge.txt,34,https://openalex.org/W2164574286,https://doi.org/10.1039/c5nr00903k,2015,"MOF-derived, N-doped, hierarchically porous carbon sponges as immobilizers to confine selenium as cathodes for Li–Se batteries with superior storage capacity and perfect cycling stability"
snapshot_1,Topic_MOF-derived_carbon_2008-2017_Knowledge.txt,35,https://openalex.org/W2087523422,https://doi.org/10.1002/aic.14525,2014,MOF‐derived porous carbon for adsorptive desulfurization
snapshot_1,Topic_MOF-derived_carbon_2008-2017_Knowledge.txt,36,https://openalex.org/W2759131605,https://doi.org/10.1038/s41598-017-12733-5,2017,Co@Carbon and Co 3 O4@Carbon nanocomposites derived from a single MOF for supercapacitors
snapshot_1,Topic_MOF-derived_carbon_2008-2017_Knowledge.txt,37,https://openalex.org/W2066004007,https://doi.org/10.1039/c4cc09065a,2015,MOFs-derived copper sulfides embedded within porous carbon octahedra for electrochemical capacitor applications
snapshot_1,Topic_MOF-derived_carbon_2008-2017_Knowledge.txt,38,https://openalex.org/W2605674726,https://doi.org/10.1039/c7dt00628d,2017,Carbon-embedded Ni nanocatalysts derived from MOFs by a sacrificial template method for efficient hydrogenation of furfural to tetrahydrofurfuryl alcohol
snapshot_1,Topic_MOF-derived_carbon_2008-2017_Knowledge.txt,39,https://openalex.org/W2395768475,https://doi.org/10.1039/c6cc03149h,2016,A MOF-derived Co–CoO@N-doped porous carbon for efficient tandem catalysis: dehydrogenation of ammonia borane and hydrogenation of nitro compounds
snapshot_1,Topic_MOF-derived_carbon_2008-2017_Knowledge.txt,40,https://openalex.org/W2767045311,https://doi.org/10.1039/c7ra09234b,2017,Heterogeneous Fenton-like catalysis of Fe-MOF derived magnetic carbon nanocomposites for degradation of 4-nitrophenol
snapshot_1,Topic_MOF-derived_carbon_2008-2017_Knowledge.txt,41,https://openalex.org/W2603510367,https://doi.org/10.1039/c7ta00162b,2017,Cation exchanged MOF-derived nitrogen-doped porous carbons for CO<sub>2</sub>capture and supercapacitor electrode materials
snapshot_1,Topic_MOF-derived_carbon_2008-2017_Knowledge.txt,42,https://openalex.org/W2063213088,https://doi.org/10.1039/c3cc38009b,2013,Carbon with hierarchical pores from carbonized metal–organic frameworks for lithium sulphur batteries
snapshot_1,Topic_MOF-derived_carbon_2008-2017_Knowledge.txt,43,https://openalex.org/W2556756095,https://doi.org/10.1039/c6tc04048a,2016,Direct synthesis of MOF-derived nanoporous CuO/carbon composites for high impedance matching and advanced microwave absorption
snapshot_1,Topic_MOF-derived_carbon_2008-2017_Knowledge.txt,44,https://openalex.org/W2766801642,https://doi.org/10.1039/c7ta08166a,2017,Thin MoS<sub>2</sub>nanosheets grafted MOFs-derived porous Co–N–C flakes grown on electrospun carbon nanofibers as self-supported bifunctional catalysts for overall water splitting
snapshot_1,Topic_MOF-derived_carbon_2008-2017_Knowledge.txt,45,https://openalex.org/W2294424151,https://doi.org/10.1039/c6ta00324a,2016,Nanoporous carbons derived from MOFs as metal-free catalysts for selective aerobic oxidations
snapshot_1,Topic_MOF-derived_carbon_2008-2017_Knowledge.txt,46,https://openalex.org/W2763857380,https://doi.org/10.1021/acsami.7b12095,2017,MOF-Derived ZnO Nanoparticles Covered by N-Doped Carbon Layers and Hybridized on Carbon Nanotubes for Lithium-Ion Battery Anodes
snapshot_1,Topic_MOF-derived_carbon_2008-2017_Knowledge.txt,47,https://openalex.org/W1979045668,https://doi.org/10.1039/c4tc01991a,2014,Fabrication of a nitrogen-doped graphene quantum dot from MOF-derived porous carbon and its application for highly selective fluorescence detection of Fe<sup>3+</sup>
snapshot_1,Topic_MOF-derived_carbon_2008-2017_Knowledge.txt,48,https://openalex.org/W2561992848,https://doi.org/10.1039/c6qi00403b,2016,"S,N-Containing Co-MOF derived Co<sub>9</sub>S<sub>8</sub>@S,N-doped carbon materials as efficient oxygen electrocatalysts and supercapacitor electrode materials"
snapshot_1,Topic_MOF-derived_carbon_2008-2017_Knowledge.txt,49,https://openalex.org/W2415037684,https://doi.org/10.1039/c6ta00157b,2016,Multimetal-MOF-derived transition metal alloy NPs embedded in an N-doped carbon matrix: highly active catalysts for hydrogenation reactions
snapshot_1,Topic_MOF-derived_carbon_2008-2017_Knowledge.txt,50,https://openalex.org/W2776990313,https://doi.org/10.1002/chem.201705400,2017,MOF‐Derived Cobalt Phosphide/Carbon Nanocubes for Selective Hydrogenation of Nitroarenes to Anilines
snapshot_1,Topic_MOF-derived_carbon_2008-2017_Knowledge.txt,51,https://openalex.org/W2576166692,https://doi.org/10.1039/c6cc09832k,2017,Electrospun metal–organic framework derived hierarchical carbon nanofibers with high performance for supercapacitors
snapshot_1,Topic_MOF-derived_carbon_2008-2017_Knowledge.txt,52,https://openalex.org/W2102966084,https://doi.org/10.1002/cssc.201403402,2015,"Tuning of ZIF‐Derived Carbon with High Activity, Nitrogen Functionality, and Yield – A Case for Superior CO<sub>2</sub> Capture"
snapshot_1,Topic_MOF-derived_carbon_2008-2017_Knowledge.txt,53,https://openalex.org/W1972047028,https://doi.org/10.1039/c4ra11009a,2014,MOF-derived microporous carbon as a better choice for Na-ion batteries than mesoporous CMK-3
snapshot_1,Topic_MOF-derived_carbon_2008-2017_Knowledge.txt,54,https://openalex.org/W2950347242,https://doi.org/10.1002/chin.201643238,2016,ChemInform Abstract: Development of MOF‐Derived Carbon‐Based Nanomaterials for Efficient Catalysis
snapshot_1,Topic_MOF-derived_carbon_2008-2017_Knowledge.txt,55,https://openalex.org/W2570907919,https://doi.org/10.1039/c6ra26824b,2017,Beyond pristine MOFs: carbon dioxide capture by metal–organic frameworks (MOFs)-derived porous carbon materials
snapshot_1,Topic_MOF-derived_carbon_2008-2017_Knowledge.txt,56,https://openalex.org/W2414480476,https://doi.org/10.1039/c6cp02374f,2016,MOF-derived binary mixed metal/metal oxide @carbon nanoporous materials and their novel supercapacitive performances
snapshot_1,Topic_MOF-derived_carbon_2008-2017_Knowledge.txt,57,https://openalex.org/W2775386834,https://doi.org/10.1016/j.apsusc.2017.12.034,2017,MOF-derived Cu-Pd/nanoporous carbon composite as an efficient catalyst for hydrogen evolution reaction: A comparison between hydrothermal and electrochemical synthesis
snapshot_1,Topic_MOF-derived_carbon_2008-2017_Knowledge.txt,58,https://openalex.org/W2606660080,https://doi.org/10.1039/c7ra02946b,2017,Copper-containing porous carbon derived from MOF-199 for dibenzothiophene adsorption
snapshot_1,Topic_MOF-derived_carbon_2008-2017_Knowledge.txt,59,https://openalex.org/W2046848155,https://doi.org/10.1039/c4cc06867j,2014,Efficient oxygen reduction by nanocomposites of heterometallic carbide and nitrogen-enriched carbon derived from the cobalt-encapsulated indium–MOF
snapshot_1,Topic_MOF-derived_carbon_2008-2017_Knowledge.txt,60,https://openalex.org/W2395183679,https://doi.org/10.1039/c6ta03015g,2016,Nonporous MOF-derived dopant-free mesoporous carbon as an efficient metal-free electrocatalyst for the oxygen reduction reaction
snapshot_1,Topic_MOF-derived_carbon_2008-2017_Knowledge.txt,61,https://openalex.org/W2736607161,https://doi.org/10.1002/smll.201701504,2017,Solvent‐Free Synthesis of Uniform MOF Shell‐Derived Carbon Confined SnO<sub>2</sub>/Co Nanocubes for Highly Reversible Lithium Storage
snapshot_1,Topic_MOF-derived_carbon_2008-2017_Knowledge.txt,62,https://openalex.org/W2528925415,https://doi.org/10.1002/adfm.201603607,2016,In Situ Confinement Pyrolysis Transformation of ZIF‐8 to Nitrogen‐Enriched Meso‐Microporous Carbon Frameworks for Oxygen Reduction
snapshot_1,Topic_MOF-derived_carbon_2008-2017_Knowledge.txt,63,https://openalex.org/W2048661983,https://doi.org/10.1039/c5nr00244c,2015,Designed synthesis of MOF-derived magnetic nanoporous carbon materials for selective enrichment of glycans for glycomics analysis
snapshot_1,Topic_MOF-derived_carbon_2008-2017_Knowledge.txt,64,https://openalex.org/W2765459378,https://doi.org/10.1039/c7ta08352a,2017,3D hollow porous carbon microspheres derived from Mn-MOFs and their electrochemical behavior for sodium storage
snapshot_1,Topic_MOF-derived_carbon_2008-2017_Knowledge.txt,65,https://openalex.org/W2562076183,https://doi.org/10.1039/c6cy02130a,2016,Fe/Fe<sub>3</sub>C@N-doped porous carbon hybrids derived from nano-scale MOFs: robust and enhanced heterogeneous catalyst for peroxymonosulfate activation
snapshot_1,Topic_MOF-derived_carbon_2008-2017_Knowledge.txt,66,https://openalex.org/W2512740218,https://doi.org/10.1039/c6nr05480c,2016,High-energy lithium-ion hybrid supercapacitors composed of hierarchical urchin-like WO<sub>3</sub>/C anodes and MOF-derived polyhedral hollow carbon cathodes
snapshot_1,Topic_MOF-derived_carbon_2008-2017_Knowledge.txt,67,https://openalex.org/W2766217288,https://doi.org/10.1039/c7ta07971k,2017,"Foam-like CoO@N,S-codoped carbon composites derived from a well-designed N,S-rich Co-MOF for lithium-ion batteries"
snapshot_1,Topic_MOF-derived_carbon_2008-2017_Knowledge.txt,68,https://openalex.org/W2605581171,https://doi.org/10.1039/c7ta01008g,2017,"Two-dimensional CoNi nanoparticles@S,N-doped carbon composites derived from S,N-containing Co/Ni MOFs for high performance supercapacitors"
snapshot_1,Topic_MOF-derived_carbon_2008-2017_Knowledge.txt,69,https://openalex.org/W2911114040,N/A,2017,Metal-Organic Frameworks and MOF-derived Carbon Materials for Fuel Cell Applications
snapshot_1,Topic_MOF-derived_carbon_2008-2017_Knowledge.txt,70,https://openalex.org/W2324766567,https://doi.org/10.1039/c6ra04059d,2016,Highly porous carbons derived from MOFs for shape-stabilized phase change materials with high storage capacity and thermal conductivity
snapshot_1,Topic_MOF-derived_carbon_2008-2017_Knowledge.txt,71,https://openalex.org/W2765418182,https://doi.org/10.1021/acssuschemeng.7b02661,2017,Cu–MOF-Derived Cu/Cu<sub>2</sub>O Nanoparticles and CuN<sub><i>x</i></sub>C<sub><i>y</i></sub> Species to Boost Oxygen Reduction Activity of Ketjenblack Carbon in Al–Air Battery
snapshot_1,Topic_MOF-derived_carbon_2008-2017_Knowledge.txt,72,https://openalex.org/W2537936722,https://doi.org/10.1039/c6ta07856g,2016,Nb<sub>2</sub>O<sub>5</sub> quantum dots embedded in MOF derived nitrogen-doped porous carbon for advanced hybrid supercapacitor applications
snapshot_1,Topic_MOF-derived_carbon_2008-2017_Knowledge.txt,73,https://openalex.org/W2777529658,https://doi.org/10.1039/c7ta10154f,2017,MOF-derived Zn–Mn mixed oxides@carbon hollow disks with robust hierarchical structure for high-performance lithium-ion batteries
snapshot_1,Topic_MOF-derived_carbon_2008-2017_Knowledge.txt,74,https://openalex.org/W2767862210,https://doi.org/10.1002/smll.201702753,2017,A Microribbon Hybrid Structure of CoOx‐MoC Encapsulated in N‐Doped Carbon Nanowire Derived from MOF as Efficient Oxygen Evolution Electrocatalysts
snapshot_1,Topic_MOF-derived_carbon_2008-2017_Knowledge.txt,75,https://openalex.org/W2520969709,https://doi.org/10.1039/c6ta05196k,2016,Construction of a cobalt-embedded nitrogen-doped carbon material with the desired porosity derived from the confined growth of MOFs within graphene aerogels as a superior catalyst towards HER and ORR
snapshot_1,Topic_MOF-derived_carbon_2008-2017_Knowledge.txt,76,https://openalex.org/W2743260621,https://doi.org/10.1002/chem.201702694,2017,Solvent‐Induced Cadmium(II) Metal‐Organic Frameworks with Adjustable Guest‐Evacuated Porosity: Application in the Controllable Assembly of MOF‐Derived Porous Carbon Materials for Supercapacitors
snapshot_1,Topic_MOF-derived_carbon_2008-2017_Knowledge.txt,77,https://openalex.org/W2593472765,https://doi.org/10.1021/acsami.7b00859,2017,Nitrogen-Doped Porous Carbons from Ionic Liquids@MOF: Remarkable Adsorbents for Both Aqueous and Nonaqueous Media
snapshot_1,Topic_MOF-derived_carbon_2008-2017_Knowledge.txt,78,https://openalex.org/W2563463421,https://doi.org/10.1002/adma.201604898,2016,Nanoarchitectured Design of Porous Materials and Nanocomposites from Metal‐Organic Frameworks
snapshot_1,Topic_MOF-derived_carbon_2008-2017_Knowledge.txt,79,https://openalex.org/W2522271574,https://doi.org/10.1039/c6ra19356k,2016,Zn-MOF derived micro/meso porous carbon nanorod for high performance lithium–sulfur battery
snapshot_1,Topic_MOF-derived_carbon_2008-2017_Knowledge.txt,80,https://openalex.org/W2346615068,https://doi.org/10.1002/aenm.201600423,2016,Metal‐Organic Framework‐Based Nanomaterials for Electrocatalysis
snapshot_1,Topic_MOF-derived_carbon_2008-2017_Knowledge.txt,81,https://openalex.org/W2770694384,https://doi.org/10.1039/c7cy02265d,2017,"N, S-containing MOF-derived dual-doped mesoporous carbon as a highly effective oxygen reduction reaction electrocatalyst"
snapshot_1,Topic_MOF-derived_carbon_2008-2017_Knowledge.txt,82,https://openalex.org/W1862869462,https://doi.org/10.1039/c5ta01457c,2015,Metal organic framework-derived Fe/C nanocubes toward efficient microwave absorption
snapshot_1,Topic_MOF-derived_carbon_2008-2017_Knowledge.txt,83,https://openalex.org/W1698664271,https://doi.org/10.1021/acsnano.5b01790,2015,Asymmetric Supercapacitors Using 3D Nanoporous Carbon and Cobalt Oxide Electrodes Synthesized from a Single Metal–Organic Framework
snapshot_1,Topic_MOF-derived_carbon_2008-2017_Knowledge.txt,84,https://openalex.org/W2525057865,https://doi.org/10.1039/c6nj01896c,2016,"MOF-derived, N-doped porous carbon coated graphene sheets as high-performance anodes for lithium-ion batteries"
snapshot_1,Topic_MOF-derived_carbon_2008-2017_Knowledge.txt,85,https://openalex.org/W2276535966,https://doi.org/10.1002/celc.201500536,2016,Self‐Sacrificial Template‐Directed Synthesis of Metal–Organic Framework‐Derived Porous Carbon for Energy‐Storage Devices
snapshot_1,Topic_MOF-derived_carbon_2008-2017_Knowledge.txt,86,https://openalex.org/W2233551863,https://doi.org/10.1039/c5ra23082a,2016,A MOF-derived nickel based N-doped mesoporous carbon catalyst with high catalytic activity for the reduction of nitroarenes
snapshot_1,Topic_MOF-derived_carbon_2008-2017_Knowledge.txt,87,https://openalex.org/W2194760548,https://doi.org/10.1039/c5nj02892b,2015,Porous carbon-coated cobalt sulfide nanocomposites derived from metal organic frameworks (MOFs) as an advanced oxygen reduction electrocatalyst
snapshot_1,Topic_MOF-derived_carbon_2008-2017_Knowledge.txt,88,https://openalex.org/W2604286973,https://doi.org/10.1039/c7ra02703f,2017,Nitrogen-doped-carbon-coated SnO<sub>2</sub>nanoparticles derived from a SnO<sub>2</sub>@MOF composite as a lithium ion battery anode material
snapshot_1,Topic_MOF-derived_carbon_2008-2017_Knowledge.txt,89,https://openalex.org/W2615926845,https://doi.org/10.1021/acs.inorgchem.7b00200,2017,Benzoate Acid-Dependent Lattice Dimension of Co-MOFs and MOF-Derived CoS<sub>2</sub>@CNTs with Tunable Pore Diameters for Supercapacitors
snapshot_1,Topic_MOF-derived_carbon_2008-2017_Knowledge.txt,90,https://openalex.org/W2594912369,https://doi.org/10.1039/c6sc04903f,2017,Hollow carbon nanobubbles: monocrystalline MOF nanobubbles and their pyrolysis
snapshot_1,Topic_MOF-derived_carbon_2008-2017_Knowledge.txt,91,https://openalex.org/W2587568948,https://doi.org/10.1002/chem.201605852,2017,Metal–Organic‐Framework‐Derived Carbons: Applications as Solid‐Base Catalyst and Support for Pd Nanoparticles in Tandem Catalysis
snapshot_1,Topic_MOF-derived_carbon_2008-2017_Knowledge.txt,92,https://openalex.org/W2553437656,https://doi.org/10.1039/c6ra24299e,2016,Nitrogen-doped 3D porous carbons with iron carbide nanoparticles encapsulated in graphitic layers derived from functionalized MOF as an efficient noble-metal-free oxygen reduction electrocatalysts in both acidic and alkaline media
snapshot_1,Topic_MOF-derived_carbon_2008-2017_Knowledge.txt,93,https://openalex.org/W2162829714,https://doi.org/10.1039/c4ee02281e,2014,A metal–organic framework route to in situ encapsulation of Co@Co<sub>3</sub>O<sub>4</sub>@C core@bishell nanoparticles into a highly ordered porous carbon matrix for oxygen reduction
snapshot_1,Topic_MOF-derived_carbon_2008-2017_Knowledge.txt,94,https://openalex.org/W2772501073,https://doi.org/10.1039/c7cc09117f,2017,Metal oxide- and N-codoped carbon nanosheets: facile synthesis derived from MOF nanofibers and their application in oxygen evolution
snapshot_1,Topic_MOF-derived_carbon_2008-2017_Knowledge.txt,95,https://openalex.org/W2775056688,https://doi.org/10.1002/adfm.201705253,2017,Hollow Mesoporous Carbon Nanocubes: Rigid‐Interface‐Induced Outward Contraction of Metal‐Organic Frameworks
snapshot_1,Topic_MOF-derived_carbon_2008-2017_Knowledge.txt,96,https://openalex.org/W2514270548,https://doi.org/10.1039/c6ra19041c,2016,MOF-derived Fe<sub>3</sub>O<sub>4</sub>/carbon octahedral nanostructures with enhanced performance as anode materials for lithium-ion batteries
snapshot_1,Topic_MOF-derived_carbon_2008-2017_Knowledge.txt,97,https://openalex.org/W2749633013,https://doi.org/10.1039/c7nj02334k,2017,In situ-generated Co@nitrogen-doped carbon nanotubes derived from MOFs for efficient hydrogen evolution under both alkaline and acidic conditions
snapshot_1,Topic_MOF-derived_carbon_2008-2017_Knowledge.txt,98,https://openalex.org/W2341614798,https://doi.org/10.1039/c6cc02252a,2016,Small-pore driven high capacitance in a hierarchical carbon via carbonization of Ni-MOF-74 at low temperatures
snapshot_1,Topic_MOF-derived_carbon_2008-2017_Knowledge.txt,99,https://openalex.org/W2505185342,https://doi.org/10.1039/c6ra10020a,2016,Facile synthesis of MOF-derived ultrafine Co nanocrystals embedded in a nitrogen-doped carbon matrix for the hydrogen evolution reaction
snapshot_1,Topic_MOF-derived_carbon_2008-2017_Knowledge.txt,100,https://openalex.org/W2132060293,https://doi.org/10.1039/c4nr00348a,2014,Highly graphitized nitrogen-doped porous carbon nanopolyhedra derived from ZIF-8 nanocrystals as efficient electrocatalysts for oxygen reduction reactions
snapshot_1,Topic_MOF-derived_carbon_2008-2017_Knowledge.txt,101,https://openalex.org/W1974058936,https://doi.org/10.1021/ja206525x,2011,Strong and Reversible Binding of Carbon Dioxide in a Green Metal–Organic Framework
snapshot_1,Topic_MOF-derived_carbon_2008-2017_Knowledge.txt,102,https://openalex.org/W2748556896,https://doi.org/10.1002/adma.201700213,2017,Strategies for Improving the Functionality of Zeolitic Imidazolate Frameworks: Tailoring Nanoarchitectures for Functional Applications
snapshot_1,Topic_MOF-derived_carbon_2008-2017_Knowledge.txt,103,https://openalex.org/W2181819871,https://doi.org/10.1002/advs.201500265,2015,Metal–Organic‐Framework‐Derived Dual Metal‐ and Nitrogen‐Doped Carbon as Efficient and Robust Oxygen Reduction Reaction Catalysts for Microbial Fuel Cells
snapshot_1,Topic_MOF-derived_carbon_2008-2017_Knowledge.txt,104,https://openalex.org/W2227596816,https://doi.org/10.1002/cjoc.201500760,2016,"Metal‐Organic Frameworks Derived Porous Carbons: Syntheses, Porosity and Gas Sorption Properties"
snapshot_1,Topic_MOF-derived_carbon_2008-2017_Knowledge.txt,105,https://openalex.org/W2511586762,https://doi.org/10.1021/jacs.6b06736,2016,Catalytically Active Bimetallic Nanoparticles Supported on Porous Carbon Capsules Derived From Metal–Organic Framework Composites
snapshot_1,Topic_MOF-derived_carbon_2008-2017_Knowledge.txt,106,https://openalex.org/W2727046639,https://doi.org/10.1002/advs.201700247,2017,Formation of Single‐Holed Cobalt/N‐Doped Carbon Hollow Particles with Enhanced Electrocatalytic Activity toward Oxygen Reduction Reaction in Alkaline Media
snapshot_1,Topic_MOF-derived_carbon_2008-2017_Knowledge.txt,107,https://openalex.org/W2609009958,https://doi.org/10.1002/smll.201700238,2017,Hollow Carbon Nanopolyhedra for Enhanced Electrocatalysis via Confined Hierarchical Porosity
snapshot_1,Topic_MOF-derived_carbon_2008-2017_Knowledge.txt,108,https://openalex.org/W2327804778,https://doi.org/10.1021/ac403536a,2013,Encapsulation of Strongly Fluorescent Carbon Quantum Dots in Metal–Organic Frameworks for Enhancing Chemical Sensing
snapshot_1,Topic_MOF-derived_carbon_2008-2017_Knowledge.txt,109,https://openalex.org/W2607193947,https://doi.org/10.1021/acs.nanolett.6b05004,2017,High-Performance Energy Storage and Conversion Materials Derived from a Single Metal–Organic Framework/Graphene Aerogel Composite
snapshot_1,Topic_MOF-derived_carbon_2008-2017_Knowledge.txt,110,https://openalex.org/W2316446502,https://doi.org/10.1021/jz3008485,2012,An Extended Charge Equilibration Method
snapshot_1,Topic_MOF-derived_carbon_2008-2017_Knowledge.txt,111,https://openalex.org/W2759815799,https://doi.org/10.1002/adfm.201770210,2017,Cathodes: Bifunctional MOF‐Derived Carbon Photonic Crystal Architectures for Advanced Zn–Air and Li–S Batteries: Highly Exposed Graphitic Nitrogen Matters (Adv. Funct. Mater. 36/2017)
snapshot_1,Topic_MOF-derived_carbon_2008-2017_Knowledge.txt,112,https://openalex.org/W2271277358,https://doi.org/10.1021/acs.chemmater.5b02708,2015,Structural Evolution from Metal–Organic Framework to Hybrids of Nitrogen-Doped Porous Carbon and Carbon Nanotubes for Enhanced Oxygen Reduction Activity
snapshot_1,Topic_MOF-derived_carbon_2008-2017_Knowledge.txt,113,https://openalex.org/W2467845943,https://doi.org/10.1002/anie.201604315,2016,Porous Molybdenum Phosphide Nano‐Octahedrons Derived from Confined Phosphorization in UIO‐66 for Efficient Hydrogen Evolution
snapshot_1,Topic_MOF-derived_carbon_2008-2017_Knowledge.txt,114,https://openalex.org/W2770705629,https://doi.org/10.1021/acsami.7b13796,2017,Efficient and Lightweight Electromagnetic Wave Absorber Derived from Metal Organic Framework-Encapsulated Cobalt Nanoparticles
snapshot_1,Topic_MOF-derived_carbon_2008-2017_Knowledge.txt,115,https://openalex.org/W2779804324,https://doi.org/10.1039/c7ta06916b,2017,High-yield bottom-up synthesis of 2D metal–organic frameworks and their derived ultrathin carbon nanosheets for energy storage
snapshot_1,Topic_MOF-derived_carbon_2008-2017_Knowledge.txt,116,https://openalex.org/W2772872046,https://doi.org/10.1002/smll.201702648,2017,Metal–Organic Framework‐Derived Materials for Sodium Energy Storage
snapshot_1,Topic_MOF-derived_carbon_2008-2017_Knowledge.txt,117,https://openalex.org/W2344354482,https://doi.org/10.1021/acsami.5b08195,2015,Metal–Organic Frameworks Derived Porous Core/Shell Structured ZnO/ZnCo<sub>2</sub>O<sub>4</sub>/C Hybrids as Anodes for High-Performance Lithium-Ion Battery
snapshot_1,Topic_MOF-derived_carbon_2008-2017_Knowledge.txt,118,https://openalex.org/W2187458220,https://doi.org/10.1039/c5gc02530c,2015,Palladium nanoparticles stabilized with N-doped porous carbons derived from metal–organic frameworks for selective catalysis in biofuel upgrade: the role of catalyst wettability
snapshot_1,Topic_MOF-derived_carbon_2008-2017_Knowledge.txt,119,https://openalex.org/W2734932706,https://doi.org/10.1021/acscatal.7b01649,2017,A Facile Activation Strategy for an MOF-Derived Metal-Free Oxygen Reduction Reaction Catalyst: Direct Access to Optimized Pore Structure and Nitrogen Species
snapshot_1,Topic_MOF-derived_carbon_2008-2017_Knowledge.txt,120,https://openalex.org/W2737450464,https://doi.org/10.1021/acssuschemeng.7b01514,2017,Composition Design and Structural Characterization of MOF-Derived Composites with Controllable Electromagnetic Properties
snapshot_1,Topic_MOF-derived_carbon_2008-2017_Knowledge.txt,121,https://openalex.org/W2579739462,https://doi.org/10.1021/acsami.6b15402,2017,CO<sub>2</sub> Electroreduction at Low Overpotential on Oxide-Derived Cu/Carbons Fabricated from Metal Organic Framework
snapshot_1,Topic_MOF-derived_carbon_2008-2017_Knowledge.txt,122,https://openalex.org/W2201132459,https://doi.org/10.1039/c5ta09743f,2015,Polyoxometalate-based metal–organic framework-derived hybrid electrocatalysts for highly efficient hydrogen evolution reaction
snapshot_1,Topic_MOF-derived_carbon_2008-2017_Knowledge.txt,123,https://openalex.org/W2073453272,https://doi.org/10.1021/cg401122u,2013,Porous Carbons from Nonporous MOFs: Influence of Ligand Characteristics on Intrinsic Properties of End Carbon
snapshot_1,Topic_MOF-derived_carbon_2008-2017_Knowledge.txt,124,https://openalex.org/W2606129421,https://doi.org/10.1021/acscatal.7b00120,2017,Enhancing Electrocatalytic Activity for Hydrogen Evolution by Strongly Coupled Molybdenum Nitride@Nitrogen-Doped Carbon Porous Nano-Octahedrons
snapshot_1,Topic_MOF-derived_carbon_2008-2017_Knowledge.txt,125,https://openalex.org/W2511835098,https://doi.org/10.1021/acscatal.5b00998,2015,MOFs-Templated Co@Pd Core–Shell NPs Embedded in N-Doped Carbon Matrix with Superior Hydrogenation Activities
snapshot_1,Topic_MOF-derived_carbon_2008-2017_Knowledge.txt,126,https://openalex.org/W2507243616,https://doi.org/10.1021/acsami.6b07300,2016,Controllable Preparation of Square Nickel Chalcogenide (NiS and NiSe<sub>2</sub>) Nanoplates for Superior Li/Na Ion Storage Properties
snapshot_1,Topic_MOF-derived_carbon_2008-2017_Knowledge.txt,127,https://openalex.org/W2152916346,https://doi.org/10.1002/chem.201404960,2014,Metal–Organic Framework‐Derived Copper Nanoparticle@Carbon Nanocomposites as Peroxidase Mimics for Colorimetric Sensing of Ascorbic Acid
snapshot_1,Topic_MOF-derived_carbon_2008-2017_Knowledge.txt,128,https://openalex.org/W2725023939,https://doi.org/10.1021/acsami.7b04432,2017,Monoclinic ZIF-8 Nanosheet-Derived 2D Carbon Nanosheets as Sulfur Immobilizer for High-Performance Lithium Sulfur Batteries
snapshot_1,Topic_MOF-derived_carbon_2008-2017_Knowledge.txt,129,https://openalex.org/W2746624443,https://doi.org/10.1021/acsami.7b10067,2017,Magnetically Aligned Co–C/MWCNTs Composite Derived from MWCNT-Interconnected Zeolitic Imidazolate Frameworks for a Lightweight and Highly Efficient Electromagnetic Wave Absorber
snapshot_1,Topic_MOF-derived_carbon_2008-2017_Knowledge.txt,130,https://openalex.org/W2562405152,https://doi.org/10.1002/adfm.201605332,2016,A Polymetallic Metal‐Organic Framework‐Derived Strategy toward Synergistically Multidoped Metal Oxide Electrodes with Ultralong Cycle Life and High Volumetric Capacity
snapshot_1,Topic_MOF-derived_carbon_2008-2017_Knowledge.txt,131,https://openalex.org/W1215731194,https://doi.org/10.1021/jacs.5b09225,2015,"Robust, Chiral, and Porous BINAP-Based Metal–Organic Frameworks for Highly Enantioselective Cyclization Reactions"
snapshot_1,Topic_MOF-derived_carbon_2008-2017_Knowledge.txt,132,https://openalex.org/W2143318251,https://doi.org/10.1063/1.4901751,2014,Graphene-wrapped sulfur/metal organic framework-derived microporous carbon composite for lithium sulfur batteries
snapshot_1,Topic_MOF-derived_carbon_2008-2017_Knowledge.txt,133,https://openalex.org/W2601517916,https://doi.org/10.1039/c7tc00531h,2017,Metal–organic-framework derived porous conducting frameworks for highly efficient quantum dot-sensitized solar cells
snapshot_1,Topic_MOF-derived_carbon_2008-2017_Knowledge.txt,134,https://openalex.org/W2601639600,https://doi.org/10.1002/anie.201700686,2017,Strings of Porous Carbon Polyhedrons as Self‐Standing Cathode Host for High‐Energy‐Density Lithium–Sulfur Batteries
snapshot_1,Topic_MOF-derived_carbon_2008-2017_Knowledge.txt,135,https://openalex.org/W1582362229,https://doi.org/10.3390/ma8085245,2015,"Metal-Organic Frameworks to Metal/Metal Oxide Embedded Carbon Matrix: Synthesis, Characterization and Gas Sorption Properties"
snapshot_1,Topic_MOF-derived_carbon_2008-2017_Knowledge.txt,136,https://openalex.org/W1203836102,https://doi.org/10.1021/acsami.5b02680,2015,Mixed-Matrix Membranes with Metal–Organic Framework-Decorated CNT Fillers for Efficient CO<sub>2</sub> Separation
snapshot_1,Topic_MOF-derived_carbon_2008-2017_Knowledge.txt,137,https://openalex.org/W2604357510,https://doi.org/10.1021/acs.inorgchem.7b00333,2017,From Mixed-Metal MOFs to Carbon-Coated Core–Shell Metal Alloy@Metal Oxide Solid Solutions: Transformation of Co/Ni-MOF-74 to Co<sub><i>x</i></sub>Ni<sub>1–<i>x</i></sub>@Co<sub><i>y</i></sub>Ni<sub>1–<i>y</i></sub>O@C for the Oxygen Evolution Reaction
snapshot_1,Topic_MOF-derived_carbon_2008-2017_Knowledge.txt,138,https://openalex.org/W2483287837,https://doi.org/10.3390/catal6080116,2016,Recent Progress on MOF-Derived Nanomaterials as Advanced Electrocatalysts in Fuel Cells
snapshot_1,Topic_MOF-derived_carbon_2008-2017_Knowledge.txt,139,https://openalex.org/W2143904353,https://doi.org/10.1039/c4nr06321j,2015,Nano electrochemical reactors of Fe<sub>2</sub>O<sub>3</sub>nanoparticles embedded in shells of nitrogen-doped hollow carbon spheres as high-performance anodes for lithium-ion batteries
snapshot_1,Topic_MOF-derived_carbon_2008-2017_Knowledge.txt,140,https://openalex.org/W2745961115,https://doi.org/10.1021/acsami.7b10336,2017,TiO<sub>2</sub>-Containing Carbon Derived from a Metal–Organic Framework Composite: A Highly Active Catalyst for Oxidative Desulfurization
snapshot_1,Topic_MOF-derived_carbon_2008-2017_Knowledge.txt,141,https://openalex.org/W2202599229,https://doi.org/10.1021/acsami.5b10725,2015,Nanostructured Electrode Materials Derived from Metal–Organic Framework Xerogels for High-Energy-Density Asymmetric Supercapacitor
snapshot_1,Topic_MOF-derived_carbon_2008-2017_Knowledge.txt,142,https://openalex.org/W2585891573,https://doi.org/10.1016/j.arabjc.2017.01.012,2017,Synthesis of highly stable MOF-5@MWCNTs nanocomposite with improved hydrophobic properties
snapshot_1,Topic_MOF-derived_carbon_2008-2017_Knowledge.txt,143,https://openalex.org/W2742083060,https://doi.org/10.1021/acscatal.7b00937,2017,Phosphonate-Based Metal–Organic Framework Derived Co–P–C Hybrid as an Efficient Electrocatalyst for Oxygen Evolution Reaction
snapshot_1,Topic_MOF-derived_carbon_2008-2017_Knowledge.txt,144,https://openalex.org/W2037429215,https://doi.org/10.1039/c3ta00004d,2013,Sulfur embedded in metal organic framework-derived hierarchically porous carbon nanoplates for high performance lithium–sulfur battery
snapshot_1,Topic_MOF-derived_carbon_2008-2017_Knowledge.txt,145,https://openalex.org/W2596987072,https://doi.org/10.1021/acsami.6b15000,2017,Metal–Organic Framework Derived Porous Hollow Co<sub>3</sub>O<sub>4</sub>/N–C Polyhedron Composite with Excellent Energy Storage Capability
snapshot_1,Topic_MOF-derived_carbon_2008-2017_Knowledge.txt,146,https://openalex.org/W2499459682,https://doi.org/10.1002/aenm.201600458,2016,"Non‐Pt Nanostructured Catalysts for Oxygen Reduction Reaction: Synthesis, Catalytic Activity and its Key Factors"
snapshot_1,Topic_MOF-derived_carbon_2008-2017_Knowledge.txt,147,https://openalex.org/W2604516074,https://doi.org/10.1007/s12274-017-1433-6,2017,Interface-modulated fabrication of hierarchical yolk–shell Co3O4/C dodecahedrons as stable anodes for lithium and sodium storage
snapshot_1,Topic_MOF-derived_carbon_2008-2017_Knowledge.txt,148,https://openalex.org/W2611707488,https://doi.org/10.1021/acsenergylett.7b00265,2017,Functionalized Bimetallic Hydroxides Derived from Metal–Organic Frameworks for High-Performance Hybrid Supercapacitor with Exceptional Cycling Stability
snapshot_1,Topic_MOF-derived_carbon_2008-2017_Knowledge.txt,149,https://openalex.org/W2622501808,https://doi.org/10.4236/gep.2017.56002,2017,Fe-MOF Derived Ferrous Hierarchically Porous Carbon Used as EF Cathode for PFOA Degradation
snapshot_1,Topic_MOF-derived_carbon_2008-2017_Knowledge.txt,150,https://openalex.org/W2180829300,https://doi.org/10.1002/ejic.201500822,2015,Phosphorous–Nitrogen‐Codoped Carbon Materials Derived from Metal–Organic Frameworks as Efficient Electrocatalysts for Oxygen Reduction Reactions
snapshot_1,Topic_MOF-derived_carbon_2008-2017_Knowledge.txt,151,https://openalex.org/W2123015551,https://doi.org/10.1002/chem.201403382,2014,Alkenyl/Thiol‐Derived Metal–Organic Frameworks (MOFs) by Means of Postsynthetic Modification for Effective Mercury Adsorption
snapshot_1,Topic_MOF-derived_carbon_2008-2017_Knowledge.txt,152,https://openalex.org/W2268555342,https://doi.org/10.1039/c6ay00136j,2016,A novel ascorbic acid electrochemical sensor based on spherical MOF-5 arrayed on a three-dimensional porous carbon electrode
snapshot_1,Topic_MOF-derived_carbon_2008-2017_Knowledge.txt,153,https://openalex.org/W2505325803,https://doi.org/10.1039/c6ra17030g,2016,Competent overall water-splitting electrocatalysts derived from ZIF-67 grown on carbon cloth
snapshot_1,Topic_MOF-derived_carbon_2008-2017_Knowledge.txt,154,https://openalex.org/W2155879199,https://doi.org/10.1039/c4ta06303a,2014,Supercapacitive energy storage performance of molybdenum disulfide nanosheets wrapped with microporous carbons
snapshot_1,Topic_MOF-derived_carbon_2008-2017_Knowledge.txt,155,https://openalex.org/W2770049087,https://doi.org/10.1002/smll.201702770,2017,Carbon Necklace Incorporated Electroactive Reservoir Constructing Flexible Papers for Advanced Lithium–Ion Batteries
snapshot_1,Topic_MOF-derived_carbon_2008-2017_Knowledge.txt,156,https://openalex.org/W2777634170,https://doi.org/10.1021/acsami.7b16761,2017,Dual-Function Metal–Organic Framework-Based Wearable Fibers for Gas Probing and Energy Storage
snapshot_1,Topic_MOF-derived_carbon_2008-2017_Knowledge.txt,157,https://openalex.org/W2410776002,https://doi.org/10.1039/c6cy01031h,2016,"Metal–organic framework-derived hybrid of Fe<sub>3</sub>C nanorod-encapsulated, N-doped CNTs on porous carbon sheets for highly efficient oxygen reduction and water oxidation"
snapshot_1,Topic_MOF-derived_carbon_2008-2017_Knowledge.txt,158,https://openalex.org/W1988190232,https://doi.org/10.1039/c4ra10575c,2014,Facile synthesis of three-dimensional porous carbon with high surface area by calcining metal–organic framework for lithium-ion batteries anode materials
snapshot_1,Topic_MOF-derived_carbon_2008-2017_Knowledge.txt,159,https://openalex.org/W2767939878,https://doi.org/10.1021/acsami.7b14380,2017,Selenium Encapsulated into Metal–Organic Frameworks Derived N-Doped Porous Carbon Polyhedrons as Cathode for Na–Se Batteries
snapshot_1,Topic_MOF-derived_carbon_2008-2017_Knowledge.txt,160,https://openalex.org/W2768483858,https://doi.org/10.1021/acssuschemeng.7b03169,2017,Enhanced Solar Fuel H<sub>2</sub> Generation over g-C<sub>3</sub>N<sub>4</sub> Nanosheet Photocatalysts by the Synergetic Effect of Noble Metal-Free Co<sub>2</sub>P Cocatalyst and the Environmental Phosphorylation Strategy
snapshot_1,Topic_MOF-derived_carbon_2008-2017_Knowledge.txt,161,https://openalex.org/W2611532516,https://doi.org/10.1021/acsnano.7b01185,2017,Mesoporous Silicon Hollow Nanocubes Derived from Metal–Organic Framework Template for Advanced Lithium-Ion Battery Anode
snapshot_1,Topic_MOF-derived_carbon_2008-2017_Knowledge.txt,162,https://openalex.org/W2613842777,https://doi.org/10.1021/acsami.7b02490,2017,Fine Co Nanoparticles Encapsulated in a N-Doped Porous Carbon Matrix with Superficial N-Doped Porous Carbon Nanofibers for Efficient Oxygen Reduction
snapshot_1,Topic_MOF-derived_carbon_2008-2017_Knowledge.txt,163,https://openalex.org/W2284863427,https://doi.org/10.1002/smll.201502817,2016,Nanoporous Carbons Derived from Metal‐Organic Frameworks as Novel Matrices for Surface‐Assisted Laser Desorption/Ionization Mass Spectrometry
snapshot_1,Topic_MOF-derived_carbon_2008-2017_Knowledge.txt,164,https://openalex.org/W2566416686,https://doi.org/10.1039/c6nr07268b,2016,Nanoporous carbon derived from a functionalized metal–organic framework as a highly efficient oxygen reduction electrocatalyst
snapshot_1,Topic_MOF-derived_carbon_2008-2017_Knowledge.txt,165,https://openalex.org/W2747135065,https://doi.org/10.1039/c7cc04877g,2017,Influence of precursor porosity on sodium and sulfur promoted iron/carbon Fischer–Tropsch catalysts derived from metal–organic frameworks
snapshot_1,Topic_MOF-derived_carbon_2008-2017_Knowledge.txt,166,https://openalex.org/W2775089654,https://doi.org/10.1021/acsami.7b16567,2017,A “Nanopore Lithography” Strategy for Synthesizing Hierarchically Micro/Mesoporous Carbons from ZIF-8/Graphene Oxide Hybrids for Electrochemical Energy Storage
snapshot_1,Topic_MOF-derived_carbon_2008-2017_Knowledge.txt,167,https://openalex.org/W2765716139,https://doi.org/10.1002/smll.201702150,2017,Formation of N‐Doped Carbon‐Coated ZnO/ZnCo<sub>2</sub>O<sub>4</sub>/CuCo<sub>2</sub>O<sub>4</sub> Derived from a Polymetallic Metal–Organic Framework: Toward High‐Rate and Long‐Cycle‐Life Lithium Storage
snapshot_1,Topic_MOF-derived_carbon_2008-2017_Knowledge.txt,168,https://openalex.org/W2762144245,https://doi.org/10.1021/acssuschemeng.7b02565,2017,Tunable Dielectric Performance Derived from the Metal–Organic Framework/Reduced Graphene Oxide Hybrid with Broadband Absorption
snapshot_1,Topic_MOF-derived_carbon_2008-2017_Knowledge.txt,169,https://openalex.org/W2763300118,https://doi.org/10.1021/acsami.7b10853,2017,Metallic Cobalt@Nitrogen-Doped Carbon Nanocomposites: Carbon-Shell Regulation toward Efficient Bi-Functional Electrocatalysis
snapshot_1,Topic_MOF-derived_carbon_2008-2017_Knowledge.txt,170,https://openalex.org/W1979637161,https://doi.org/10.1039/c4cc06212d,2014,From metal–organic framework to carbon: toward controlled hierarchical pore structures via a double-template approach
snapshot_1,Topic_MOF-derived_carbon_2008-2017_Knowledge.txt,171,https://openalex.org/W1761537827,https://doi.org/10.1039/c5nr03810c,2015,3D architecture constructed via the confined growth of MoS<sub>2</sub>nanosheets in nanoporous carbon derived from metal–organic frameworks for efficient hydrogen production
snapshot_1,Topic_MOF-derived_carbon_2008-2017_Knowledge.txt,172,https://openalex.org/W2738203706,https://doi.org/10.1021/acsnano.7b03057,2017,Tellurium-Impregnated Porous Cobalt-Doped Carbon Polyhedra as Superior Cathodes for Lithium–Tellurium Batteries
snapshot_1,Topic_MOF-derived_carbon_2008-2017_Knowledge.txt,173,https://openalex.org/W4242012068,https://doi.org/10.1002/ange.201604315,2016,Porous Molybdenum Phosphide Nano‐Octahedrons Derived from Confined Phosphorization in UIO‐66 for Efficient Hydrogen Evolution
snapshot_1,Topic_MOF-derived_carbon_2008-2017_Knowledge.txt,174,https://openalex.org/W2779823711,https://doi.org/10.1039/c7ta09976b,2017,"Metal–organic framework derived Co,N-bidoped carbons as superior electrode catalysts for quantum dot sensitized solar cells"
snapshot_1,Topic_MOF-derived_carbon_2008-2017_Knowledge.txt,175,https://openalex.org/W2403587971,https://doi.org/10.1021/acs.jpcc.6b03393,2016,Force Field Development from Periodic Density Functional Theory Calculations for Gas Separation Applications Using Metal–Organic Frameworks
snapshot_1,Topic_MOF-derived_carbon_2008-2017_Knowledge.txt,176,https://openalex.org/W2754506926,https://doi.org/10.1002/chem.201704211,2017,Co<sub>3</sub>O<sub>4</sub>@Co/NCNT Nanostructure Derived from a Dicyanamide‐Based Metal‐Organic Framework as an Efficient Bi‐functional Electrocatalyst for Oxygen Reduction and Evolution Reactions
snapshot_1,Topic_MOF-derived_carbon_2008-2017_Knowledge.txt,177,https://openalex.org/W2285142145,https://doi.org/10.1002/cctc.201501283,2016,Palladium Nanoparticles Immobilized on Magnetic Porous Carbon Derived from ZIF‐67 as Efficient Catalysts for the Semihydrogenation of Phenylacetylene under Extremely Mild Conditions
snapshot_1,Topic_MOF-derived_carbon_2008-2017_Knowledge.txt,178,https://openalex.org/W1838085187,https://doi.org/10.1039/c5ra14979g,2015,High performance mesoporous C@Se composite cathodes derived from Ni-based MOFs for Li–Se batteries
snapshot_1,Topic_MOF-derived_carbon_2008-2017_Knowledge.txt,179,https://openalex.org/W2425111602,https://doi.org/10.1021/acsami.6b04274,2016,Grape-Like Fe<sub>3</sub>O<sub>4</sub> Agglomerates Grown on Graphene Nanosheets for Ultrafast and Stable Lithium Storage
snapshot_1,Topic_MOF-derived_carbon_2008-2017_Knowledge.txt,180,https://openalex.org/W2510152608,https://doi.org/10.1002/anie.201602150,2016,Metal–Organic Framework for Emulsifying Carbon Dioxide and Water
snapshot_1,Topic_MOF-derived_carbon_2008-2017_Knowledge.txt,181,https://openalex.org/W2092759475,https://doi.org/10.1021/jp500313j,2014,CO<sub>2</sub>Adsorption in Fe<sub>2</sub>(dobdc): A Classical Force Field Parameterized from Quantum Mechanical Calculations
snapshot_1,Topic_MOF-derived_carbon_2008-2017_Knowledge.txt,182,https://openalex.org/W2735097157,https://doi.org/10.1039/c7qi00314e,2017,Zeolitic imidazole framework derived composites of nitrogen-doped porous carbon and reduced graphene oxide as high-efficiency cathode catalysts for Li–O<sub>2</sub> batteries
snapshot_1,Topic_MOF-derived_carbon_2008-2017_Knowledge.txt,183,https://openalex.org/W2762452954,https://doi.org/10.1021/acsomega.7b01156,2017,"In Situ Mg/MgO-Embedded Mesoporous Carbon Derived from Magnesium 1,4-Benzenedicarboxylate Metal Organic Framework as Sustainable Li–S Battery Cathode Support"
snapshot_1,Topic_MOF-derived_carbon_2008-2017_Knowledge.txt,184,https://openalex.org/W2553647666,https://doi.org/10.1021/acscatal.6b02327,2016,Bifunctional N-Doped Co@C Catalysts for Base-Free Transfer Hydrogenations of Nitriles: Controllable Selectivity to Primary Amines vs Imines
snapshot_1,Topic_MOF-derived_carbon_2008-2017_Knowledge.txt,185,https://openalex.org/W2754614059,https://doi.org/10.1021/acsami.7b11101,2017,"High-Efficiency Co/Co<sub><i>x</i></sub>S<sub><i>y</i></sub>@S,N-Codoped Porous Carbon Electrocatalysts Fabricated from Controllably Grown Sulfur- and Nitrogen-Including Cobalt-Based MOFs for Rechargeable Zinc–Air Batteries"
snapshot_1,Topic_MOF-derived_carbon_2008-2017_Knowledge.txt,186,https://openalex.org/W2322609128,https://doi.org/10.1021/acsami.6b01430,2016,Hierarchical Sandwich-Like Structure of Ultrafine N-Rich Porous Carbon Nanospheres Grown on Graphene Sheets as Superior Lithium-Ion Battery Anodes
snapshot_1,Topic_MOF-derived_carbon_2008-2017_Knowledge.txt,187,https://openalex.org/W2592560226,https://doi.org/10.1039/c7ta00155j,2017,ZnO nanosheet/squeezebox-like porous carbon composites synthesized by in situ pyrolysis of a mixed-ligand metal–organic framework
snapshot_1,Topic_MOF-derived_carbon_2008-2017_Knowledge.txt,188,https://openalex.org/W2765475466,https://doi.org/10.1039/c7ta06996k,2017,Nitrogen-doped porous carbons derived from isomeric metal azolate frameworks
snapshot_1,Topic_MOF-derived_carbon_2008-2017_Knowledge.txt,189,https://openalex.org/W2592882226,https://doi.org/10.1039/c7nr00988g,2017,In situ Fe<sub>2</sub>N@N-doped porous carbon hybrids as superior catalysts for oxygen reduction reaction
snapshot_1,Topic_MOF-derived_carbon_2008-2017_Knowledge.txt,190,https://openalex.org/W2306166448,https://doi.org/10.1021/acs.inorgchem.6b00397,2016,Structuralization of Ca<sup>2+</sup>-Based Metal–Organic Frameworks Prepared via Coordination Replication of Calcium Carbonate
snapshot_1,Topic_MOF-derived_carbon_2008-2017_Knowledge.txt,191,https://openalex.org/W2146219574,https://doi.org/10.1002/chem.201303051,2013,MIL‐53(Fe): A Metal–Organic Framework with Intrinsic Peroxidase‐Like Catalytic Activity for Colorimetric Biosensing
snapshot_1,Topic_MOF-derived_carbon_2008-2017_Knowledge.txt,192,https://openalex.org/W4238374275,https://doi.org/10.1002/ange.201700686,2017,Strings of Porous Carbon Polyhedrons as Self‐Standing Cathode Host for High‐Energy‐Density Lithium–Sulfur Batteries
snapshot_1,Topic_MOF-derived_carbon_2008-2017_Knowledge.txt,193,https://openalex.org/W2316660416,https://doi.org/10.1039/c6ee00551a,2016,Switching effective oxygen reduction and evolution performance by controlled graphitization of a cobalt–nitrogen–carbon framework system
snapshot_1,Topic_MOF-derived_carbon_2008-2017_Knowledge.txt,194,https://openalex.org/W2603879828,https://doi.org/10.1002/ppsc.201700006,2017,Multiple Interfaces Structure Derived from Metal-Organic Frameworks for Excellent Electromagnetic Wave Absorption
snapshot_1,Topic_MOF-derived_carbon_2008-2017_Knowledge.txt,195,https://openalex.org/W4246168504,https://doi.org/10.2172/1409199,2016,Active sites engineering of metal-organic frameworks for heterogeneous catalysis
snapshot_1,Topic_MOF-derived_carbon_2008-2017_Knowledge.txt,196,https://openalex.org/W2604290964,https://doi.org/10.1039/c7fd00119c,2017,Minimal edge-transitive nets for the design and construction of metal–organic frameworks
snapshot_1,Topic_MOF-derived_carbon_2008-2017_Knowledge.txt,197,https://openalex.org/W2105631122,https://doi.org/10.1039/c4cs00101j,2014,Flexible metal–organic frameworks
snapshot_1,Topic_MOF-derived_carbon_2008-2017_Knowledge.txt,198,https://openalex.org/W2189000696,https://doi.org/10.1021/acs.chemrev.5b00370,2015,Light-Driven Heterogeneous Reduction of Carbon Dioxide: Photocatalysts and Photoelectrodes
snapshot_1,Topic_MOF-derived_carbon_2008-2017_Knowledge.txt,199,https://openalex.org/W2097475241,https://doi.org/10.1002/cite.201000179,2011,Adsorption and Diffusion – Basis for Molecular Understanding of Permeation through Molecular Sieve Membranes
snapshot_1,Topic_MOF-derived_carbon_2008-2017_Knowledge.txt,200,https://openalex.org/W1998077127,https://doi.org/10.1155/2013/878329,2013,Material Demands for Storage Technologies in a Hydrogen Economy
snapshot_1,Topic_MOF-derived_carbon_2008-2017_Knowledge.txt,201,https://openalex.org/W2779875394,https://doi.org/10.1002/chem.201704084,2017,Cover Feature: Solvent‐Induced Cadmium(II) Metal‐Organic Frameworks with Adjustable Guest‐Evacuated Porosity: Application in the Controllable Assembly of MOF‐Derived Porous Carbon Materials for Supercapacitors (Chem. Eur. J. 62/2017)
snapshot_1,Topic_MOF-derived_carbon_2008-2017_Knowledge.txt,202,https://openalex.org/W2742328466,https://doi.org/10.1126/science.aan2255,2017,Direct atomic-level insight into the active sites of a high-performance PGM-free ORR catalyst
snapshot_1,Topic_MOF-derived_carbon_2008-2017_Knowledge.txt,203,https://openalex.org/W2743868908,https://doi.org/10.1021/acsami.7b09213,2017,Co<sub>3</sub>O<sub>4–<i>x</i></sub>-Carbon@Fe<sub>2–<i>y</i></sub>Co<sub><i>y</i></sub>O<sub>3</sub> Heterostructural Hollow Polyhedrons for the Oxygen Evolution Reaction
snapshot_1,Topic_MOF-derived_carbon_2008-2017_Knowledge.txt,204,https://openalex.org/W2609581779,https://doi.org/10.1002/adma.201606534,2017,“Wiring” Fe‐N<sub><i>x</i></sub>‐Embedded Porous Carbon Framework onto 1D Nanotubes for Efficient Oxygen Reduction Reaction in Alkaline and Acidic Media
snapshot_1,Topic_MOF-derived_carbon_2008-2017_Knowledge.txt,205,https://openalex.org/W2559171777,https://doi.org/10.1039/c6cs00829a,2016,Hierarchically porous materials: synthesis strategies and structure design
snapshot_1,Topic_MOF-derived_carbon_2008-2017_Knowledge.txt,206,https://openalex.org/W2065298073,https://doi.org/10.1039/c5ra00878f,2015,Palladium modified magnetic mesoporous carbon derived from metal–organic frameworks as a highly efficient and recyclable catalyst for hydrogenation of nitroarenes
snapshot_1,Topic_MOF-derived_carbon_2008-2017_Knowledge.txt,207,https://openalex.org/W2144754980,https://doi.org/10.4209/aaqr.2012.05.0132,2012,A Review of CO2 Capture by Absorption and Adsorption
snapshot_1,Topic_MOF-derived_carbon_2008-2017_Knowledge.txt,208,https://openalex.org/W2755768317,https://doi.org/10.1021/jacs.7b06514,2017,Single Atomic Iron Catalysts for Oxygen Reduction in Acidic Media: Particle Size Control and Thermal Activation
snapshot_1,Topic_MOF-derived_carbon_2008-2017_Knowledge.txt,209,https://openalex.org/W2465766374,https://doi.org/10.1002/asia.201600427,2016,Increasing the CO<sub>2</sub>/N<sub>2</sub> Selectivity with a Higher Surface Density of Pyridinic Lewis Basic Sites in Porous Carbon Derived from a Pyridyl‐Ligand‐Based Metal–Organic Framework
snapshot_1,Topic_MOF-derived_carbon_2008-2017_Knowledge.txt,210,https://openalex.org/W2763151071,https://doi.org/10.1002/celc.201700879,2017,Porous Carbon/rGO Composite: An Ideal Support Material of Highly Efficient Palladium Electrocatalysts for the Formic Acid Oxidation Reaction
snapshot_1,Topic_MOF-derived_carbon_2008-2017_Knowledge.txt,211,https://openalex.org/W2340814919,https://doi.org/10.1021/jacs.5b08212,2015,Metal–Organic Frameworks for Electrocatalytic Reduction of Carbon Dioxide
snapshot_1,Topic_MOF-derived_carbon_2008-2017_Knowledge.txt,212,https://openalex.org/W2016259612,https://doi.org/10.1038/srep01935,2013,Facile preparation of hierarchically porous carbons from metal-organic gels and their application in energy storage
snapshot_1,Topic_MOF-derived_carbon_2008-2017_Knowledge.txt,213,https://openalex.org/W2021753512,https://doi.org/10.1002/cssc.201000235,2010,Materials and Processes for Carbon Capture and Sequestration
snapshot_1,Topic_MOF-derived_carbon_2008-2017_Knowledge.txt,214,https://openalex.org/W2098879260,https://doi.org/10.1351/pac-rec-12-11-20,2013,Terminology of metal–organic frameworks and coordination polymers (IUPAC Recommendations 2013)
snapshot_1,Topic_MOF-derived_carbon_2008-2017_Knowledge.txt,215,https://openalex.org/W1512403439,https://doi.org/10.1021/jp3056637,2012,Origin of Enantioselectivity in a Chiral Metal–Organic Framework: A Molecular Simulation Study
snapshot_1,Topic_MOF-derived_carbon_2008-2017_Knowledge.txt,216,https://openalex.org/W2603410158,https://doi.org/10.1039/c7cs00033b,2017,Metal–organic and covalent organic frameworks as single-site catalysts
snapshot_1,Topic_MOF-derived_carbon_2008-2017_Knowledge.txt,217,https://openalex.org/W2767545162,https://doi.org/10.1021/acs.cgd.7b01085,2017,A Metal–Organic Framework to CuO Nanospheres of Uniform Morphology for the Synthesis of α-Aminonitriles under Solvent-Free Condition along with Crystal Structure of the Framework
snapshot_1,Topic_MOF-derived_carbon_2008-2017_Knowledge.txt,218,https://openalex.org/W2512831621,https://doi.org/10.1039/c6dt02678h,2016,Ru nanoparticles supported on nitrogen-doped porous carbon derived from ZIF-8 as an efficient catalyst for the selective hydrogenation of p-chloronitrobenzene and p-bromonitrobenzene
snapshot_1,Topic_MOF-derived_carbon_2008-2017_Knowledge.txt,219,https://openalex.org/W2562932657,https://doi.org/10.1002/aenm.201601979,2016,1D Co‐ and N‐Doped Hierarchically Porous Carbon Nanotubes Derived from Bimetallic Metal Organic Framework for Efficient Oxygen and Tri‐iodide Reduction Reactions
snapshot_1,Topic_MOF-derived_carbon_2008-2017_Knowledge.txt,220,https://openalex.org/W2534297795,https://doi.org/10.1039/c6ta08075h,2016,A review on noble-metal-free bifunctional heterogeneous catalysts for overall electrochemical water splitting
snapshot_1,Topic_MOF-derived_carbon_2008-2017_Knowledge.txt,221,https://openalex.org/W4254318340,https://doi.org/10.1002/ange.201602150,2016,Metal–Organic Framework for Emulsifying Carbon Dioxide and Water
snapshot_1,Topic_MOF-derived_carbon_2008-2017_Knowledge.txt,222,https://openalex.org/W2144790873,https://doi.org/10.1039/c3cs60475f,2014,Toxic gas removal – metal–organic frameworks for the capture and degradation of toxic gases and vapours
snapshot_1,Topic_MOF-derived_carbon_2008-2017_Knowledge.txt,223,https://openalex.org/W2593106806,https://doi.org/10.1360/n972015-00438,2015,MOFs as sacrificial templates for preparation of nanoporous carbon materials and their applications
snapshot_1,Topic_MOF-derived_carbon_2008-2017_Knowledge.txt,224,https://openalex.org/W2575505363,https://doi.org/10.1002/advs.201600371,2017,Recent Progress in Metal‐Organic Frameworks for Applications in Electrocatalytic and Photocatalytic Water Splitting
snapshot_1,Topic_MOF-derived_carbon_2008-2017_Knowledge.txt,225,https://openalex.org/W2600408187,https://doi.org/10.1039/c7ta00276a,2017,Graphene oxide/core–shell structured metal–organic framework nano-sandwiches and their derived cobalt/N-doped carbon nanosheets for oxygen reduction reactions
snapshot_1,Topic_MOF-derived_carbon_2008-2017_Knowledge.txt,226,https://openalex.org/W2083617041,https://doi.org/10.1039/c4cs00006d,2014,Adsorptive separation on metal–organic frameworks in the liquid phase
snapshot_1,Topic_MOF-derived_carbon_2008-2017_Knowledge.txt,227,https://openalex.org/W1800610964,https://doi.org/10.1039/c5cs00307e,2015,Multifunctional metal–organic frameworks: from academia to industrial applications
snapshot_1,Topic_MOF-derived_carbon_2008-2017_Knowledge.txt,228,https://openalex.org/W2020156565,https://doi.org/10.1021/cr500006j,2014,Molecular Separation with Organic Solvent Nanofiltration: A Critical Review
snapshot_1,Topic_MOF-derived_carbon_2008-2017_Knowledge.txt,229,https://openalex.org/W2767283436,https://doi.org/10.1039/c7ta06665a,2017,Graphitic carbon nanofiber growth from catalytic-metal organic frameworks &amp; their electrochemical double layer properties
snapshot_1,Topic_MOF-derived_carbon_2008-2017_Knowledge.txt,230,https://openalex.org/W2159836328,https://doi.org/10.1002/adma.201502047,2015,An Ultrahigh Pore Volume Drives Up the Amine Stability and Cyclic CO<sub>2</sub> Capacity of a Solid‐Amine@Carbon Sorbent
snapshot_1,Topic_MOF-derived_carbon_2008-2017_Knowledge.txt,231,https://openalex.org/W2586554840,https://doi.org/10.1021/acs.accounts.6b00577,2017,Postsynthetic Tuning of Metal–Organic Frameworks for Targeted Applications
snapshot_1,Topic_MOF-derived_carbon_2008-2017_Knowledge.txt,232,https://openalex.org/W2770702005,https://doi.org/10.1021/acsami.7b14686,2017,Substrate-Assisted in Situ Confinement Pyrolysis of Zeolitic Imidazolate Frameworks to Nitrogen-Doped Hierarchical Porous Carbon Nanoframes with Superior Lithium Storage
snapshot_1,Topic_MOF-derived_carbon_2008-2017_Knowledge.txt,233,https://openalex.org/W2463801883,https://doi.org/10.1039/c5cs00878f,2016,"Covalent organic frameworks based on Schiff-base chemistry: synthesis, properties and potential applications"
snapshot_1,Topic_MOF-derived_carbon_2008-2017_Knowledge.txt,234,https://openalex.org/W2334146473,https://doi.org/10.1021/jp4003033,2013,A Combined Pulsed Electron Paramagnetic Resonance Spectroscopic and DFT Analysis of the<sup>13</sup>CO<sub>2</sub>and<sup>13</sup>CO Adsorption on the Metal–Organic Framework Cu<sub>2.97</sub>Zn<sub>0.03</sub>(btc)<sub>2</sub>
snapshot_1,Topic_MOF-derived_carbon_2008-2017_Knowledge.txt,235,https://openalex.org/W2201513017,https://doi.org/10.1021/acscatal.5b01767,2015,"Fe-Porphyrin-Based Metal–Organic Framework Films as High-Surface Concentration, Heterogeneous Catalysts for Electrochemical Reduction of CO<sub>2</sub>"
snapshot_1,Topic_MOF-derived_carbon_2008-2017_Knowledge.txt,236,https://openalex.org/W1943588217,https://doi.org/10.1002/anie.201411540,2015,Defect‐Engineered Metal–Organic Frameworks
snapshot_1,Topic_MOF-derived_carbon_2008-2017_Knowledge.txt,237,https://openalex.org/W2171832109,https://doi.org/10.1039/c4cs00437j,2015,Metal–organic framework based mixed matrix membranes: a solution for highly efficient CO<sub>2</sub>capture?
snapshot_1,Topic_MOF-derived_carbon_2008-2017_Knowledge.txt,238,https://openalex.org/W2042831115,https://doi.org/10.1038/ncomms5228,2014,Made-to-order metal-organic frameworks for trace carbon dioxide removal and air capture
snapshot_1,Topic_MOF-derived_carbon_2008-2017_Knowledge.txt,239,https://openalex.org/W2112692467,https://doi.org/10.1039/c4cs00230j,2014,"Zeolite-like metal–organic frameworks (ZMOFs): design, synthesis, and properties"
snapshot_1,Topic_MOF-derived_carbon_2008-2017_Knowledge.txt,240,https://openalex.org/W2585992944,https://doi.org/10.1088/2053-1591/aa5d90,2017,From condiment to metal–organic framework and its derived 3D architecture nanoporous carbon for supercapacitor electrodes
snapshot_1,Topic_MOF-derived_carbon_2008-2017_Knowledge.txt,241,https://openalex.org/W2560701263,https://doi.org/10.1002/advs.201600289,2016,MoS<sub>2</sub>‐Based Nanocomposites for Electrochemical Energy Storage
snapshot_1,Topic_MOF-derived_carbon_2008-2017_Knowledge.txt,242,https://openalex.org/W2621903685,https://doi.org/10.4236/gep.2017.56001,2017,Adsorption of Sulfamethoxazole on Nanoporous Carbon Derived from Metal-Organic Frameworks
snapshot_1,Topic_MOF-derived_carbon_2008-2017_Knowledge.txt,243,https://openalex.org/W2404600454,https://doi.org/10.1021/jacs.6b02540,2016,Synthesis of Two-Dimensional CoS<sub>1.097</sub>/Nitrogen-Doped Carbon Nanocomposites Using Metal–Organic Framework Nanosheets as Precursors for Supercapacitor Application
snapshot_1,Topic_MOF-derived_carbon_2008-2017_Knowledge.txt,244,https://openalex.org/W3098925046,https://doi.org/10.1002/anie.201701109,2017,Mixed‐Matrix Membranes
snapshot_1,Topic_MOF-derived_carbon_2008-2017_Knowledge.txt,245,https://openalex.org/W2084284690,https://doi.org/10.1002/cite.201000064,2010,Physical Adsorption Characterization of Nanoporous Materials
snapshot_1,Topic_MOF-derived_carbon_2008-2017_Knowledge.txt,246,https://openalex.org/W2107290421,https://doi.org/10.1039/c4cs00164h,2014,The physical properties of supramolecular peptide assemblies: from building block association to technological applications
snapshot_1,Topic_MOF-derived_carbon_2008-2017_Knowledge.txt,247,https://openalex.org/W2594091631,https://doi.org/10.1002/anie.201612635,2017,Carbon‐Incorporated Nickel–Cobalt Mixed Metal Phosphide Nanoboxes with Enhanced Electrocatalytic Activity for Oxygen Evolution
snapshot_1,Topic_MOF-derived_carbon_2008-2017_Knowledge.txt,248,https://openalex.org/W2542120584,https://doi.org/10.1149/2.0431614jes,2016,Preparation and Performance of Metal-Organic-Frameworks-Derived Activated Mesoporous Carbon Polyhedron with Sponge-Like Structure for Lithium–Sulfur Batteries
snapshot_1,Topic_MOF-derived_carbon_2008-2017_Knowledge.txt,249,https://openalex.org/W1561412729,https://doi.org/10.1088/0034-4885/78/6/066501,2015,van der Waals forces in density functional theory: a review of the vdW-DF method
snapshot_1,Topic_MOF-derived_carbon_2008-2017_Knowledge.txt,250,https://openalex.org/W2267572030,https://doi.org/10.1149/ma2015-02/47/1867,2015,Activated Graphene-Derived Porous Carbon with Exceptional Gas Adsorption Properties
snapshot_1,Topic_MOF-derived_carbon_2008-2017_Knowledge.txt,251,https://openalex.org/W2275002528,N/A,2014,Synthesis of Cr-MOF derived porous carbon for hydrogen storage applications
snapshot_1,Topic_MOF-derived_carbon_2008-2017_Knowledge.txt,252,https://openalex.org/W2552274380,https://doi.org/10.1002/ente.201500358,2015,Facile Synthesis of Carbon–Metal Fluoride Nanocomposites for Lithium‐Ion Batteries
snapshot_1,Topic_MOF-derived_carbon_2008-2017_Knowledge.txt,253,https://openalex.org/W2051394400,https://doi.org/10.1039/c3nr02176a,2013,Supramolecular self-assemblies as functional nanomaterials
snapshot_1,Topic_MOF-derived_carbon_2008-2017_Knowledge.txt,254,https://openalex.org/W2116007269,https://doi.org/10.1039/c4cs00135d,2014,A supermolecular building approach for the design and construction of metal–organic frameworks
snapshot_1,Topic_MOF-derived_carbon_2008-2017_Knowledge.txt,255,https://openalex.org/W1971464561,https://doi.org/10.1039/c1cs15276a,2011,Metal–organic framework growth at functional interfaces: thin films and composites for diverse applications
snapshot_1,Topic_MOF-derived_carbon_2008-2017_Knowledge.txt,256,https://openalex.org/W2025566943,https://doi.org/10.1002/aenm.201401309,2014,Alveoli‐Inspired Facile Transport Structure of N‐Doped Porous Carbon for Electrochemical Energy Applications
snapshot_1,Topic_MOF-derived_carbon_2008-2017_Knowledge.txt,257,https://openalex.org/W4210996516,https://doi.org/10.1002/14356007.a05_165.pub2,2014,Carbon Dioxide
snapshot_1,Topic_MOF-derived_carbon_2008-2017_Knowledge.txt,258,https://openalex.org/W2743174927,https://doi.org/10.1149/2.0451712jes,2017,Ni/NiO/C Composites Derived from Nickel Based Metal-Organic Frameworks for Improved Enzyme-Based Biosensor
snapshot_1,Topic_MOF-derived_carbon_2008-2017_Knowledge.txt,259,https://openalex.org/W2766836967,https://doi.org/10.1038/s41467-017-01248-2,2017,Conversion of invisible metal-organic frameworks to luminescent perovskite nanocrystals for confidential information encryption and decryption
snapshot_1,Topic_MOF-derived_carbon_2008-2017_Knowledge.txt,260,https://openalex.org/W2135487064,https://doi.org/10.1039/c3ee42918k,2013,Exceptional CO<sub>2</sub>capture in a hierarchically porous carbon with simultaneous high surface area and pore volume
snapshot_1,Topic_MOF-derived_carbon_2008-2017_Knowledge.txt,261,https://openalex.org/W2744496034,https://doi.org/10.1039/c7cs00139h,2017,A review of flexible lithium–sulfur and analogous alkali metal–chalcogen rechargeable batteries
snapshot_1,Topic_MOF-derived_carbon_2008-2017_Knowledge.txt,262,https://openalex.org/W2087813165,https://doi.org/10.1038/ncomms7786,2015,Self-templated chemically stable hollow spherical covalent organic framework
snapshot_1,Topic_MOF-derived_carbon_2008-2017_Knowledge.txt,263,https://openalex.org/W2618974892,https://doi.org/10.2147/ijn.s132780,2017,"High drug-loading nanomedicines: progress, current status, and prospects"
snapshot_1,Topic_MOF-derived_carbon_2008-2017_Knowledge.txt,264,https://openalex.org/W2767208027,https://doi.org/10.1039/c7cs00653e,2017,Magnetic functionalities in MOFs: from the framework to the pore
snapshot_1,Topic_MOF-derived_carbon_2008-2017_Knowledge.txt,265,https://openalex.org/W2403073293,https://doi.org/10.1002/cssc.201600184,2016,Hierarchically‐Porous Carbon Derived from a Large‐Scale Iron‐based Organometallic Complex for Versatile Energy Storage
snapshot_1,Topic_MOF-derived_carbon_2008-2017_Knowledge.txt,266,https://openalex.org/W2101632298,https://doi.org/10.1126/science.1238339,2013,Mapping of Functional Groups in Metal-Organic Frameworks
snapshot_1,Topic_MOF-derived_carbon_2008-2017_Knowledge.txt,267,https://openalex.org/W2281239332,https://doi.org/10.1021/acscatal.5b02325,2015,Bimetal–Organic Framework Self-Adjusted Synthesis of Support-Free Nonprecious Electrocatalysts for Efficient Oxygen Reduction
snapshot_1,Topic_MOF-derived_carbon_2008-2017_Knowledge.txt,268,https://openalex.org/W2153821553,https://doi.org/10.1039/c3cs60435g,2014,Mesoporous materials for clean energy technologies
snapshot_1,Topic_MOF-derived_carbon_2008-2017_Knowledge.txt,269,https://openalex.org/W2103884570,https://doi.org/10.1002/ese3.95,2015,"Li‐ion batteries: basics, progress, and challenges"
snapshot_1,Topic_MOF-derived_carbon_2008-2017_Knowledge.txt,270,https://openalex.org/W2040489678,https://doi.org/10.1039/c3nr33708a,2013,Environmental applications using graphene composites: water remediation and gas adsorption
snapshot_1,Topic_MOF-derived_carbon_2008-2017_Knowledge.txt,271,https://openalex.org/W2043206028,https://doi.org/10.3390/s90301574,2009,Metal-Organic Frameworks for Sensing Applications in the Gas Phase
snapshot_1,Topic_MOF-derived_carbon_2008-2017_Knowledge.txt,272,https://openalex.org/W2621605813,https://doi.org/10.1021/acscentsci.7b00197,2017,Grand Challenges and Future Opportunities for Metal–Organic Frameworks
snapshot_1,Topic_MOF-derived_carbon_2008-2017_Knowledge.txt,273,https://openalex.org/W2729078648,https://doi.org/10.3390/inorganics5030040,2017,Metal–Organic Frameworks and Their Derivatives for Photocatalytic Water Splitting
snapshot_1,Topic_MOF-derived_carbon_2008-2017_Knowledge.txt,274,https://openalex.org/W2591143090,https://doi.org/10.1039/c7qm00007c,2017,Metal organic frameworks as precursors for the manufacture of advanced catalytic materials
snapshot_1,Topic_MOF-derived_carbon_2008-2017_Knowledge.txt,275,https://openalex.org/W2046607085,https://doi.org/10.1038/ncomms7451,2015,Metal organic framework-mediated synthesis of highly active and stable Fischer-Tropsch catalysts
snapshot_1,Topic_MOF-derived_carbon_2008-2017_Knowledge.txt,276,https://openalex.org/W2767746137,https://doi.org/10.1021/jacs.7b10733,2017,Formation of Hierarchical In<sub>2</sub>S<sub>3</sub>–CdIn<sub>2</sub>S<sub>4</sub> Heterostructured Nanotubes for Efficient and Stable Visible Light CO<sub>2</sub> Reduction
snapshot_1,Topic_MOF-derived_carbon_2008-2017_Knowledge.txt,277,https://openalex.org/W1898909288,https://doi.org/10.1073/pnas.1507159112,2015,Highly efficient nonprecious metal catalyst prepared with metal–organic framework in a continuous carbon nanofibrous network
snapshot_1,Topic_MOF-derived_carbon_2008-2017_Knowledge.txt,278,https://openalex.org/W2581797839,https://doi.org/10.1002/ente.201600747,2017,Carbon Capture and Utilization Update
snapshot_1,Topic_MOF-derived_carbon_2008-2017_Knowledge.txt,279,https://openalex.org/W2767299032,https://doi.org/10.3390/catal7110341,2017,Heterogeneous Catalysis on Metal Oxides
snapshot_1,Topic_MOF-derived_carbon_2008-2017_Knowledge.txt,280,https://openalex.org/W2040909500,https://doi.org/10.1039/c5ra00666j,2015,Membrane gas separation technologies for biogas upgrading
snapshot_1,Topic_MOF-derived_carbon_2008-2017_Knowledge.txt,281,https://openalex.org/W2519932146,https://doi.org/10.1039/c6ee02002j,2016,Ni-based bimetallic heterogeneous catalysts for energy and environmental applications
snapshot_1,Topic_MOF-derived_carbon_2008-2017_Knowledge.txt,282,https://openalex.org/W2242904412,https://doi.org/10.4028/www.scientific.net/amm.773-774.226,2015,Hydrothermal Synthesis and Characterizations of MOF-199 Using Renewable Template
snapshot_1,Topic_MOF-derived_carbon_2008-2017_Knowledge.txt,283,https://openalex.org/W2570504957,https://doi.org/10.1021/acs.energyfuels.6b02510,2017,Techno-economic Analysis of Metal–Organic Frameworks for Hydrogen and Natural Gas Storage
snapshot_1,Topic_MOF-derived_carbon_2008-2017_Knowledge.txt,284,https://openalex.org/W2171834433,https://doi.org/10.1039/c4ce00032c,2014,Metal–organic frameworks as heterogeneous photocatalysts: advantages and challenges
snapshot_1,Topic_MOF-derived_carbon_2008-2017_Knowledge.txt,285,https://openalex.org/W2402170293,https://doi.org/10.4028/www.scientific.net/kem.694.44,2016,Synthesis and Characterizations of MOF-199 Using PODFA as Porogen for CO&lt;sub&gt;2&lt;/sub&gt; Adsorption Applications
snapshot_1,Topic_MOF-derived_carbon_2008-2017_Knowledge.txt,286,https://openalex.org/W2553139996,https://doi.org/10.1021/acs.chemrev.6b00627,2016,Innovation in Layer-by-Layer Assembly
snapshot_1,Topic_MOF-derived_carbon_2008-2017_Knowledge.txt,287,https://openalex.org/W2152844979,https://doi.org/10.1002/adma.200902096,2010,Hydrogen Storage in Metal–Organic Frameworks
snapshot_1,Topic_MOF-derived_carbon_2008-2017_Knowledge.txt,288,https://openalex.org/W2099428109,https://doi.org/10.5194/bg-11-4305-2014,2014,Evaluating remote sensing of deciduous forest phenology at multiple spatial scales using PhenoCam imagery
snapshot_1,Topic_MOF-derived_carbon_2008-2017_Knowledge.txt,289,https://openalex.org/W2053419270,https://doi.org/10.1155/2014/828131,2014,Carbon Dioxide Separation from Flue Gases: A Technological Review Emphasizing Reduction in Greenhouse Gas Emissions
snapshot_1,Topic_MOF-derived_carbon_2008-2017_Knowledge.txt,290,https://openalex.org/W2738696191,https://doi.org/10.1002/celc.201700632,2017,Nitrogen‐Doped Porous Carbon Matrix Derived from Metal‐Organic Framework‐Supported Pt Nanoparticles with Enhanced Oxygen Reduction Activity
snapshot_1,Topic_MOF-derived_carbon_2008-2017_Knowledge.txt,291,https://openalex.org/W2295019407,https://doi.org/10.1039/c6cc00805d,2016,"Exploiting redox activity in metal–organic frameworks: concepts, trends and perspectives"
snapshot_1,Topic_MOF-derived_carbon_2008-2017_Knowledge.txt,292,https://openalex.org/W2735944262,https://doi.org/10.1002/aenm.201700544,2017,Design of Efficient Bifunctional Oxygen Reduction/Evolution Electrocatalyst: Recent Advances and Perspectives
snapshot_1,Topic_MOF-derived_carbon_2008-2017_Knowledge.txt,293,https://openalex.org/W2260420489,https://doi.org/10.1038/ncomms9850,2015,Pie-like electrode design for high-energy density lithium–sulfur batteries
snapshot_1,Topic_MOF-derived_carbon_2008-2017_Knowledge.txt,294,https://openalex.org/W2737133187,https://doi.org/10.1002/adma.201700229,2017,Porous Organic Polymers for Post‐Combustion Carbon Capture
snapshot_1,Topic_MOF-derived_carbon_2008-2017_Knowledge.txt,295,https://openalex.org/W2951743898,N/A,2016,MOF-derived nanostructured porous carbon for supercapacitor electrodes
snapshot_1,Topic_MOF-derived_carbon_2008-2017_Knowledge.txt,296,https://openalex.org/W1777998439,https://doi.org/10.1007/s13201-015-0322-y,2015,Adsorption of dyes using different types of clay: a review
snapshot_1,Topic_MOF-derived_carbon_2008-2017_Knowledge.txt,297,https://openalex.org/W2345709749,https://doi.org/10.1039/c6mh00093b,2016,Oxygen reduction reaction catalysts used in microbial fuel cells for energy-efficient wastewater treatment: a review
snapshot_1,Topic_MOF-derived_carbon_2008-2017_Knowledge.txt,298,https://openalex.org/W2702582144,https://doi.org/10.1016/j.aca.2017.05.035,2017,"Review of geometries and coating materials in solid phase microextraction: Opportunities, limitations, and future perspectives"
snapshot_1,Topic_MOF-derived_carbon_2008-2017_Knowledge.txt,299,https://openalex.org/W1923680886,https://doi.org/10.1002/aenm.201500985,2015,A Review of Phosphide‐Based Materials for Electrocatalytic Hydrogen Evolution
snapshot_1,Topic_MOF-derived_carbon_2008-2017_Knowledge.txt,300,https://openalex.org/W2573718679,https://doi.org/10.1039/c6nh00224b,2017,Cobalt oxide and N-doped carbon nanosheets derived from a single two-dimensional metal–organic framework precursor and their application in flexible asymmetric supercapacitors
snapshot_1,Topic_MOF-derived_carbon_2008-2017_Knowledge.txt,301,https://openalex.org/W2501164423,N/A,2014,Fabrication of symmetric supercapacitors based on MOF-derived nanoporous carbons
snapshot_1,Topic_MOF-derived_carbon_2008-2017_Knowledge.txt,302,https://openalex.org/W2761104182,https://doi.org/10.1093/nsr/nwx123,2017,Design strategies of highly selective nickel catalysts for H2 production via hydrous hydrazine decomposition: a review
snapshot_1,Topic_MOF-derived_carbon_2008-2017_Knowledge.txt,303,https://openalex.org/W2131273394,https://doi.org/10.1038/ncomms1542,2011,Pore surface engineering in covalent organic frameworks
snapshot_1,Topic_MOF-derived_carbon_2008-2017_Knowledge.txt,304,https://openalex.org/W2767722851,https://doi.org/10.1039/c7ta03027d,2017,Graphitic nanostructures in a porous carbon framework significantly enhance electrocatalytic oxygen evolution
snapshot_1,Topic_MOF-derived_carbon_2008-2017_Knowledge.txt,305,https://openalex.org/W1966260411,https://doi.org/10.1039/c4cs00035h,2014,A review of mineral carbonation technologies to sequester CO<sub>2</sub>
snapshot_1,Topic_MOF-derived_carbon_2008-2017_Knowledge.txt,306,https://openalex.org/W2134593512,https://doi.org/10.1039/c3cy00993a,2014,Recent progress in catalytic conversions of carbon dioxide
snapshot_1,Topic_MOF-derived_carbon_2008-2017_Knowledge.txt,307,https://openalex.org/W1743869147,https://doi.org/10.1039/c5sc03291a,2015,Highly efficient electrochemical reduction of CO<sub>2</sub> to CH<sub>4</sub> in an ionic liquid using a metal–organic framework cathode
snapshot_1,Topic_MOF-derived_carbon_2008-2017_Knowledge.txt,308,https://openalex.org/W2471642511,https://doi.org/10.1039/c6cp04132a,2016,"A rational synthesis of hierarchically porous, N-doped carbon from Mg-based MOFs: understanding the link between nitrogen content and oxygen reduction electrocatalysis"
snapshot_1,Topic_MOF-derived_carbon_2008-2017_Knowledge.txt,309,https://openalex.org/W2165619163,https://doi.org/10.1002/anie.201507588,2015,Post‐Synthetic Anisotropic Wet‐Chemical Etching of Colloidal Sodalite ZIF Crystals
snapshot_1,Topic_MOF-derived_carbon_2008-2017_Knowledge.txt,310,https://openalex.org/W2143277424,https://doi.org/10.1101/cshperspect.a018762,2014,"Writers and Readers of Histone Acetylation: Structure, Mechanism, and Inhibition"
snapshot_1,Topic_MOF-derived_carbon_2008-2017_Knowledge.txt,311,https://openalex.org/W2513475441,https://doi.org/10.1039/c6ce01782g,2016,MOF catalysts in biomass upgrading towards value-added fine chemicals
snapshot_1,Topic_MOF-derived_carbon_2008-2017_Knowledge.txt,312,https://openalex.org/W2094308653,https://doi.org/10.1371/journal.pone.0101654,2014,"Four Decades of Forest Persistence, Clearance and Logging on Borneo"
snapshot_1,Topic_MOF-derived_carbon_2008-2017_Knowledge.txt,313,https://openalex.org/W2620730742,https://doi.org/10.1039/c7qm00178a,2017,High rate Li-ion storage properties of MOF-carbonized derivatives coated on MnO nanowires
snapshot_1,Topic_MOF-derived_carbon_2008-2017_Knowledge.txt,314,https://openalex.org/W2558046062,https://doi.org/10.1039/c6cs00603e,2016,Structural and dynamic studies of substrate binding in porous metal–organic frameworks
snapshot_1,Topic_MOF-derived_carbon_2008-2017_Knowledge.txt,315,https://openalex.org/W2063987504,https://doi.org/10.1038/srep06983,2014,Platinum-Free Counter Electrode Comprised of Metal-Organic-Framework (MOF)-Derived Cobalt Sulfide Nanoparticles for Efficient Dye-Sensitized Solar Cells (DSSCs)
snapshot_1,Topic_MOF-derived_carbon_2008-2017_Knowledge.txt,316,https://openalex.org/W1590953479,https://doi.org/10.3389/fenrg.2015.00023,2015,A Review for Aqueous Electrochemical Supercapacitors
snapshot_1,Topic_MOF-derived_carbon_2008-2017_Knowledge.txt,317,https://openalex.org/W2757460734,https://doi.org/10.1002/smll.201701931,2017,First‐Row Transition Metal Based Catalysts for the Oxygen Evolution Reaction under Alkaline Conditions: Basic Principles and Recent Advances
snapshot_1,Topic_MOF-derived_carbon_2008-2017_Knowledge.txt,318,https://openalex.org/W2775729696,https://doi.org/10.1002/smll.201701986,2017,Chemical Immobilization Effect on Lithium Polysulfides for Lithium–Sulfur Batteries
snapshot_1,Topic_MOF-derived_carbon_2008-2017_Knowledge.txt,319,https://openalex.org/W2036516628,https://doi.org/10.1039/c4ra03794d,2014,"Advancement of sorption-based heat transformation by a metal coating of highly-stable, hydrophilic aluminium fumarate MOF"
snapshot_1,Topic_MOF-derived_carbon_2008-2017_Knowledge.txt,320,https://openalex.org/W2261076138,https://doi.org/10.1038/ncomms9248,2015,Platinum–nickel frame within metal-organic framework fabricated in situ for hydrogen enrichment and molecular sieving
snapshot_1,Topic_MOF-derived_carbon_2008-2017_Knowledge.txt,321,https://openalex.org/W2029514712,https://doi.org/10.1039/c4cc02021a,2014,"Ionic liquids for energy, materials, and medicine"
snapshot_1,Topic_MOF-derived_carbon_2008-2017_Knowledge.txt,322,https://openalex.org/W2597269254,https://doi.org/10.1021/jacs.7b01125,2017,Electronic Properties of Bimetallic Metal–Organic Frameworks (MOFs): Tailoring the Density of Electronic States through MOF Modularity
snapshot_1,Topic_MOF-derived_carbon_2008-2017_Knowledge.txt,323,https://openalex.org/W2013805457,https://doi.org/10.1007/s13203-012-0006-6,2012,Desulfurization of heavy oil
snapshot_1,Topic_MOF-derived_carbon_2008-2017_Knowledge.txt,324,https://openalex.org/W2407131371,https://doi.org/10.1038/srep25638,2016,Enhanced adsorptive removal of p-nitrophenol from water by aluminum metal–organic framework/reduced graphene oxide composite
snapshot_1,Topic_MOF-derived_carbon_2008-2017_Knowledge.txt,325,https://openalex.org/W2095016950,https://doi.org/10.1039/c5ra01447f,2015,"Iron-based metal organic framework, MIL-88A, as a heterogeneous persulfate catalyst for decolorization of Rhodamine B in water"
snapshot_1,Topic_MOF-derived_carbon_2008-2017_Knowledge.txt,326,https://openalex.org/W2622418749,https://doi.org/10.3390/nano7060142,2017,Review of SERS Substrates for Chemical Sensing
snapshot_1,Topic_MOF-derived_carbon_2008-2017_Knowledge.txt,327,https://openalex.org/W1908961838,https://doi.org/10.1039/c5ra04033g,2015,Water-based synthesis of zeolitic imidazolate framework-8 with high morphology level at room temperature
snapshot_1,Topic_MOF-derived_carbon_2008-2017_Knowledge.txt,328,https://openalex.org/W2003458552,https://doi.org/10.1021/ci200386x,2011,Addressing Challenges of Identifying Geometrically Diverse Sets of Crystalline Porous Materials
snapshot_1,Topic_MOF-derived_carbon_2008-2017_Knowledge.txt,329,https://openalex.org/W1487546000,https://doi.org/10.17528/cifor/003805,2012,Analysing REDD+: Challenges and choices
snapshot_1,Topic_MOF-derived_carbon_2008-2017_Knowledge.txt,330,https://openalex.org/W2755501494,https://doi.org/10.1039/c7nr05500e,2017,3D self-assembly of ultrafine molybdenum carbide confined in N-doped carbon nanosheets for efficient hydrogen production
snapshot_1,Topic_MOF-derived_carbon_2008-2017_Knowledge.txt,331,https://openalex.org/W2130427171,https://doi.org/10.3390/nano4020222,2014,Recent Advances in the Application of Magnetic Nanoparticles as a Support for Homogeneous Catalysts
snapshot_1,Topic_MOF-derived_carbon_2008-2017_Knowledge.txt,332,https://openalex.org/W2559899990,https://doi.org/10.1039/c6sc05602d,2017,Gel-based morphological design of zirconium metal–organic frameworks
snapshot_1,Topic_MOF-derived_carbon_2008-2017_Knowledge.txt,333,https://openalex.org/W2523161280,https://doi.org/10.1016/j.pecs.2016.09.001,2016,"Electrocatalysts for the generation of hydrogen, oxygen and synthesis gas"
snapshot_1,Topic_MOF-derived_carbon_2008-2017_Knowledge.txt,334,https://openalex.org/W2274399321,https://doi.org/10.1021/acs.jpcc.5b10123,2016,Molecular Interactions of a Cu-Based Metal–Organic Framework with a Confined Imidazolium-Based Ionic Liquid: A Combined Density Functional Theory and Experimental Vibrational Spectroscopy Study
snapshot_1,Topic_MOF-derived_carbon_2008-2017_Knowledge.txt,335,https://openalex.org/W2758008507,https://doi.org/10.1021/acscatal.7b02647,2017,Mechanistic Evidence for Ligand-Centered Electrocatalytic Oxygen Reduction with the Conductive MOF Ni<sub>3</sub>(hexaiminotriphenylene)<sub>2</sub>
snapshot_1,Topic_MOF-derived_carbon_2008-2017_Knowledge.txt,336,https://openalex.org/W2732367686,https://doi.org/10.1016/j.jcat.2017.06.014,2017,Nature of active sites on UiO-66 and beneficial influence of water in the catalysis of Fischer esterification
snapshot_1,Topic_MOF-derived_carbon_2008-2017_Knowledge.txt,337,https://openalex.org/W2769089614,https://doi.org/10.1007/s40820-017-0170-4,2017,Novel Co3O4 Nanoparticles/Nitrogen-Doped Carbon Composites with Extraordinary Catalytic Activity for Oxygen Evolution Reaction (OER)
snapshot_1,Topic_MOF-derived_carbon_2008-2017_Knowledge.txt,338,https://openalex.org/W2314543495,https://doi.org/10.1021/acs.chemmater.5b03836,2016,A Comprehensive Set of High-Quality Point Charges for Simulations of Metal–Organic Frameworks
snapshot_1,Topic_MOF-derived_carbon_2008-2017_Knowledge.txt,339,https://openalex.org/W2519634887,https://doi.org/10.1021/acs.langmuir.6b02803,2016,High-Throughput Screening of Metal–Organic Frameworks for CO<sub>2</sub> Capture in the Presence of Water
snapshot_1,Topic_MOF-derived_carbon_2008-2017_Knowledge.txt,340,https://openalex.org/W2200643626,https://doi.org/10.1021/jacs.5b06266,2015,Systematic Tuning and Multifunctionalization of Covalent Organic Polymers for Enhanced Carbon Capture
snapshot_1,Topic_MOF-derived_carbon_2008-2017_Knowledge.txt,341,https://openalex.org/W2246893145,https://doi.org/10.4028/www.scientific.net/amr.1115.426,2015,Low-Cost Synthesis and Characterizations of Metal-Organic Framework (MOF-199) Materials by Nonsurfactant Templating Method
snapshot_1,Topic_MOF-derived_carbon_2008-2017_Knowledge.txt,342,https://openalex.org/W2057785071,https://doi.org/10.1002/anie.201003048,2010,Using Pressure to Provoke the Structural Transition of Metal–Organic Frameworks
snapshot_1,Topic_MOF-derived_carbon_2008-2017_Knowledge.txt,343,https://openalex.org/W2171108386,https://doi.org/10.1039/c3cc49196j,2014,"Carbon monoxide – physiology, detection and controlled release"
snapshot_1,Topic_MOF-derived_carbon_2008-2017_Knowledge.txt,344,https://openalex.org/W2592768165,https://doi.org/10.1021/acsami.7b02471,2017,Postsynthetic Functionalization of Mg-MOF-74 with Tetraethylenepentamine: Structural Characterization and Enhanced CO<sub>2</sub> Adsorption
snapshot_1,Topic_MOF-derived_carbon_2008-2017_Knowledge.txt,345,https://openalex.org/W2620503350,https://doi.org/10.1073/pnas.1701280114,2017,Confined catalysis under two-dimensional materials
snapshot_1,Topic_MOF-derived_carbon_2008-2017_Knowledge.txt,346,https://openalex.org/W2215208662,https://doi.org/10.1146/annurev-chembioeng-080615-034647,2016,Switchable Materials for Smart Windows
snapshot_1,Topic_MOF-derived_carbon_2008-2017_Knowledge.txt,347,https://openalex.org/W2578027715,https://doi.org/10.2174/9781681083797117010007,2017,Application of Nanomaterials in Solid and Liquid Microextraction
snapshot_1,Topic_MOF-derived_carbon_2008-2017_Knowledge.txt,348,https://openalex.org/W2599557236,https://doi.org/10.1039/c7nr00978j,2017,Metal–polydopamine frameworks and their transformation to hollow metal/N-doped carbon particles
snapshot_1,Topic_MOF-derived_carbon_2008-2017_Knowledge.txt,349,https://openalex.org/W2102198189,https://doi.org/10.1002/jcc.23877,2015,QuickFF: A program for a quick and easy derivation of force fields for metal‐organic frameworks from <i>ab initio</i> input
snapshot_1,Topic_MOF-derived_carbon_2008-2017_Knowledge.txt,350,https://openalex.org/W2754075195,https://doi.org/10.3390/membranes7030052,2017,Recent Developments of Graphene Oxide-Based Membranes: A Review
snapshot_1,Topic_MOF-derived_carbon_2008-2017_Knowledge.txt,351,https://openalex.org/W2023730362,https://doi.org/10.1039/c5ta00455a,2015,MOF-directed templating synthesis of a porous multicomponent dodecahedron with hollow interiors for enhanced lithium-ion battery anodes
snapshot_1,Topic_MOF-derived_carbon_2008-2017_Knowledge.txt,352,https://openalex.org/W2046534188,https://doi.org/10.3390/ma7128037,2014,Adsorption of Azo-Dye Orange II from Aqueous Solutions Using a Metal-Organic Framework Material: Iron- Benzenetricarboxylate
snapshot_1,Topic_MOF-derived_carbon_2008-2017_Knowledge.txt,353,https://openalex.org/W2470097948,https://doi.org/10.1038/srep27813,2016,Metal organic frameworks as sorption media for volatile and semi-volatile organic compounds at ambient conditions
snapshot_1,Topic_MOF-derived_carbon_2008-2017_Knowledge.txt,354,https://openalex.org/W2759487333,https://doi.org/10.1038/s41524-017-0045-8,2017,"Chemically intuited, large-scale screening of MOFs by machine learning techniques"
snapshot_1,Topic_MOF-derived_carbon_2008-2017_Knowledge.txt,355,https://openalex.org/W2522457843,https://doi.org/10.1039/c6cs00395h,2016,Metal–organic frameworks as competitive materials for non-linear optics
snapshot_1,Topic_MOF-derived_carbon_2008-2017_Knowledge.txt,356,https://openalex.org/W2613038737,https://doi.org/10.1038/ncomms15377,2017,Amorphous nickel-cobalt complexes hybridized with 1T-phase molybdenum disulfide via hydrazine-induced phase transformation for water splitting
snapshot_1,Topic_MOF-derived_carbon_2008-2017_Knowledge.txt,357,https://openalex.org/W2547405909,https://doi.org/10.14264/uql.2016.670,2016,MOFs-based Mixed Matrix Membranes for Gas Separation
snapshot_1,Topic_MOF-derived_carbon_2008-2017_Knowledge.txt,358,https://openalex.org/W2510274405,https://doi.org/10.1002/ejic.201600394,2016,Postsynthetic Modification of Zirconium Metal‐Organic Frameworks
snapshot_1,Topic_MOF-derived_carbon_2008-2017_Knowledge.txt,359,https://openalex.org/W2070689852,https://doi.org/10.1155/2013/702496,2013,Radioactive Iodine and Krypton Control for Nuclear Fuel Reprocessing Facilities
snapshot_1,Topic_MOF-derived_carbon_2008-2017_Knowledge.txt,360,https://openalex.org/W2542071341,https://doi.org/10.1021/jacs.6b08273,2016,Tuning the Surface Chemistry of Metal Organic Framework Nodes: Proton Topology of the Metal-Oxide-Like Zr<sub>6</sub> Nodes of UiO-66 and NU-1000
snapshot_1,Topic_MOF-derived_carbon_2008-2017_Knowledge.txt,361,https://openalex.org/W2294249789,https://doi.org/10.1039/c6gc00385k,2016,Heterogeneous catalytic approaches in C–H activation reactions
snapshot_1,Topic_MOF-derived_carbon_2008-2017_Knowledge.txt,362,https://openalex.org/W2540754726,https://doi.org/10.20381/ruor-4264,2015,Computational High Throughput Screening of Metal Organic Frameworks for Carbon Dioxide Capture and Storage Applications
snapshot_1,Topic_MOF-derived_carbon_2008-2017_Knowledge.txt,363,https://openalex.org/W2166032178,https://doi.org/10.1002/anie.201100904,2011,Ionic Liquids: New Perspectives for Inorganic Synthesis?
snapshot_1,Topic_MOF-derived_carbon_2008-2017_Knowledge.txt,364,https://openalex.org/W2156251226,https://doi.org/10.1351/pac-con-13-01-13,2013,New ligand platforms featuring boron-rich clusters as organomimetic substituents
snapshot_1,Topic_MOF-derived_carbon_2008-2017_Knowledge.txt,365,https://openalex.org/W2768069631,https://doi.org/10.1038/s41467-017-01521-4,2017,Iced photochemical reduction to synthesize atomically dispersed metals by suppressing nanocrystal growth
snapshot_1,Topic_MOF-derived_carbon_2008-2017_Knowledge.txt,366,https://openalex.org/W2773828826,https://doi.org/10.3390/molecules22122103,2017,Nanoparticle/Metal–Organic Framework Composites for Catalytic Applications: Current Status and Perspective
snapshot_1,Topic_MOF-derived_carbon_2008-2017_Knowledge.txt,367,https://openalex.org/W1604475856,https://doi.org/10.13140/2.1.1589.7601,2011,Molecular Simulations of Hydrogen Storage and Gas Separation in Metal-Organic Frameworks
snapshot_1,Topic_MOF-derived_carbon_2008-2017_Knowledge.txt,368,https://openalex.org/W2221224881,N/A,2014,Computational Study of Porous Materials for Gas Separations
snapshot_1,Topic_MOF-derived_carbon_2008-2017_Knowledge.txt,369,https://openalex.org/W2112518928,https://doi.org/10.5402/2012/513986,2012,Polymers of Intrinsic Microporosity
snapshot_1,Topic_MOF-derived_carbon_2008-2017_Knowledge.txt,370,https://openalex.org/W2285313339,https://doi.org/10.1039/c6sc00272b,2016,Paving the way for methane hydrate formation on metal–organic frameworks (MOFs)
snapshot_1,Topic_MOF-derived_carbon_2008-2017_Knowledge.txt,371,https://openalex.org/W2521967252,https://doi.org/10.1016/j.ifacol.2016.07.248,2016,New Performance Indicators for Evaluation of Adsorbents for CO2 Capture with PSA processes
snapshot_1,Topic_MOF-derived_carbon_2008-2017_Knowledge.txt,372,https://openalex.org/W4400154429,https://doi.org/10.1787/3291acbf-en,2015,Going Green - Best Practices for Sustainable Procurement
snapshot_1,Topic_MOF-derived_carbon_2008-2017_Knowledge.txt,373,https://openalex.org/W2226990047,https://doi.org/10.1021/acsami.5b08741,2015,General Approach for MOF-Derived Porous Spinel AFe<sub>2</sub>O<sub>4</sub> Hollow Structures and Their Superior Lithium Storage Properties
snapshot_1,Topic_MOF-derived_carbon_2008-2017_Knowledge.txt,374,https://openalex.org/W1776710117,https://doi.org/10.1039/c5sc02050f,2015,Heterogeneous conversion of CO<sub>2</sub> into cyclic carbonates at ambient pressure catalyzed by ionothermal-derived meso-macroporous hierarchical poly(ionic liquid)s
snapshot_1,Topic_MOF-derived_carbon_2008-2017_Knowledge.txt,375,https://openalex.org/W2005927954,https://doi.org/10.1039/c2cs35309a,2012,Bottom-up assembly of photonic crystals
snapshot_1,Topic_MOF-derived_carbon_2008-2017_Knowledge.txt,376,https://openalex.org/W2565695863,https://doi.org/10.3390/molecules21121715,2016,Recent Advances in Stimuli-Responsive Release Function Drug Delivery Systems for Tumor Treatment
snapshot_1,Topic_MOF-derived_carbon_2008-2017_Knowledge.txt,377,https://openalex.org/W4237553791,https://doi.org/10.1002/smll.v13.23,2017,N/A
snapshot_1,Topic_MOF-derived_carbon_2008-2017_Knowledge.txt,378,https://openalex.org/W2295783320,https://doi.org/10.1039/c6ce00198j,2016,Exploration of MOF nanoparticle sizes using various physical characterization methods – is what you measure what you get?
snapshot_1,Topic_MOF-derived_carbon_2008-2017_Knowledge.txt,379,https://openalex.org/W2168807202,https://doi.org/10.1146/annurev-anchem-071114-040435,2015,Infrared Imaging and Spectroscopy Beyond the Diffraction Limit
snapshot_1,Topic_MOF-derived_carbon_2008-2017_Knowledge.txt,380,https://openalex.org/W2068413052,https://doi.org/10.1126/science.1232714,2013,Polymer Rigidity Improves Microporous Membranes
snapshot_1,Topic_MOF-derived_carbon_2008-2017_Knowledge.txt,381,https://openalex.org/W2734737605,https://doi.org/10.1002/cphc.201700529,2017,A Review on Bimetallic Nickel‐Based Catalysts for CO<sub>2</sub> Reforming of Methane
snapshot_1,Topic_MOF-derived_carbon_2008-2017_Knowledge.txt,382,https://openalex.org/W2270060260,https://doi.org/10.1039/c5cc10222g,2016,Gate-opening effect in ZIF-8: the first experimental proof using inelastic neutron scattering
snapshot_1,Topic_MOF-derived_carbon_2008-2017_Knowledge.txt,383,https://openalex.org/W2279291981,https://doi.org/10.1007/s13201-016-0392-5,2016,"Synthesis, characterisation and methyl orange adsorption capacity of ferric oxide–biochar nano-composites derived from pulp and paper sludge"
snapshot_1,Topic_MOF-derived_carbon_2008-2017_Knowledge.txt,384,https://openalex.org/W2514080813,https://doi.org/10.1002/anie.201606015,2016,Selective and Efficient Removal of Mercury from Aqueous Media with the Highly Flexible Arms of a BioMOF
snapshot_1,Topic_MOF-derived_carbon_2008-2017_Knowledge.txt,385,https://openalex.org/W2097400626,https://doi.org/10.1039/c3mh00112a,2013,Tailoring porosity in carbon materials for supercapacitor applications
snapshot_1,Topic_MOF-derived_carbon_2008-2017_Knowledge.txt,386,https://openalex.org/W2606451696,https://doi.org/10.1021/jacs.7b02272,2017,Principles of Designing Extra-Large Pore Openings and Cages in Zeolitic Imidazolate Frameworks
snapshot_1,Topic_MOF-derived_carbon_2008-2017_Knowledge.txt,387,https://openalex.org/W2159253971,https://doi.org/10.1039/c5sc00614g,2015,Versatile rare earth hexanuclear clusters for the design and synthesis of highly-connected<b>ftw</b>-MOFs
snapshot_1,Topic_MOF-derived_carbon_2008-2017_Knowledge.txt,388,https://openalex.org/W2556518797,https://doi.org/10.1038/srep37705,2016,Fabrication of functional hollow microspheres constructed from MOF shells: Promising drug delivery systems with high loading capacity and targeted transport
snapshot_1,Topic_MOF-derived_carbon_2008-2017_Knowledge.txt,389,https://openalex.org/W2145345278,https://doi.org/10.1039/c3sc52177j,2013,High CO<sub>2</sub>/N<sub>2</sub>/O<sub>2</sub>/CO separation in a chemically robust porous coordination polymer with low binding energy
snapshot_1,Topic_MOF-derived_carbon_2008-2017_Knowledge.txt,390,https://openalex.org/W2207880418,https://doi.org/10.1039/c5dt04392a,2015,Defects and disorder in metal organic frameworks
snapshot_1,Topic_MOF-derived_carbon_2008-2017_Knowledge.txt,391,https://openalex.org/W2289745910,https://doi.org/10.1039/c5cy01857a,2016,Carbon nitride nanosheet/metal–organic framework nanocomposites with synergistic photocatalytic activities
snapshot_1,Topic_MOF-derived_carbon_2008-2017_Knowledge.txt,392,https://openalex.org/W2760215632,https://doi.org/10.1002/aenm.201700529,2017,Recent Progress in Semiconductor‐Based Nanocomposite Photocatalysts for Solar‐to‐Chemical Energy Conversion
snapshot_1,Topic_MOF-derived_carbon_2008-2017_Knowledge.txt,393,https://openalex.org/W2602393962,https://doi.org/10.4490/algae.2017.32.3.3,2017,"Seaweed aquaculture: cultivation technologies, challenges and its ecosystem services"
snapshot_1,Topic_MOF-derived_carbon_2008-2017_Knowledge.txt,394,https://openalex.org/W2083555382,https://doi.org/10.1038/srep04337,2014,Tunable Two-color Luminescence and Host–guest Energy Transfer of Fluorescent Chromophores Encapsulated in Metal-Organic Frameworks
snapshot_1,Topic_MOF-derived_carbon_2008-2017_Knowledge.txt,395,https://openalex.org/W2613586645,https://doi.org/10.1039/c7ra02543b,2017,"Nitrogen-doped carbon composites derived from 7,7,8,8-tetracyanoquinodimethane-based metal–organic frameworks for supercapacitors and lithium-ion batteries"
snapshot_1,Topic_MOF-derived_carbon_2008-2017_Knowledge.txt,396,https://openalex.org/W2138432329,https://doi.org/10.1038/srep01149,2013,A Rationally Designed Nitrogen-Rich Metal-Organic Framework and Its Exceptionally High CO2 and H2 Uptake Capability
snapshot_1,Topic_MOF-derived_carbon_2008-2017_Knowledge.txt,397,https://openalex.org/W2080751034,https://doi.org/10.3762/bjnano.5.143,2014,"Magnesium batteries: Current state of the art, issues and future perspectives"
snapshot_1,Topic_MOF-derived_carbon_2008-2017_Knowledge.txt,398,https://openalex.org/W2183073484,https://doi.org/10.1039/c5ta06472d,2015,Efficient identification of hydrophobic MOFs: application in the capture of toxic industrial chemicals
snapshot_1,Topic_MOF-derived_carbon_2008-2017_Knowledge.txt,399,https://openalex.org/W2156865913,https://doi.org/10.3389/fmicb.2012.00204,2012,Feedback Interactions between Trace Metal Nutrients and Phytoplankton in the Ocean
snapshot_1,Topic_MOF-derived_carbon_2008-2017_Knowledge.txt,400,https://openalex.org/W2759429866,https://doi.org/10.1039/c7ra07400j,2017,Introducing DDEC6 atomic population analysis: part 3. Comprehensive method to compute bond orders
snapshot_1,Topic_MOF-derived_carbon_2008-2017_Knowledge.txt,401,https://openalex.org/W2118633567,https://doi.org/10.1039/c5dt00863h,2015,Iridium-based complexes for water oxidation
snapshot_1,Topic_MOF-derived_carbon_2008-2017_Knowledge.txt,402,https://openalex.org/W2547848453,https://doi.org/10.1039/c6tb02025a,2016,Drug delivery and controlled release from biocompatible metal–organic frameworks using mechanical amorphization
snapshot_1,Topic_MOF-derived_carbon_2008-2017_Knowledge.txt,403,https://openalex.org/W2549466574,https://doi.org/10.1021/acs.chemmater.6b04226,2016,Large-Scale Refinement of Metal−Organic Framework Structures Using Density Functional Theory
snapshot_1,Topic_MOF-derived_carbon_2008-2017_Knowledge.txt,404,https://openalex.org/W2509960225,https://doi.org/10.1039/c6gc01582d,2016,Heterogeneous photocatalytic organic synthesis: state-of-the-art and future perspectives
snapshot_1,Topic_MOF-derived_carbon_2008-2017_Knowledge.txt,405,https://openalex.org/W2602526631,https://doi.org/10.1111/bph.13792,2017,The epigenetic landscape related to reactive oxygen species formation in the cardiovascular system
snapshot_1,Topic_MOF-derived_carbon_2008-2017_Knowledge.txt,406,https://openalex.org/W2094991269,https://doi.org/10.1039/c3ra43486a,2013,Optimization of continuous phase in amino-functionalized metal–organic framework (MIL-53) based co-polyimide mixed matrix membranes for CO2/CH4 separation
snapshot_1,Topic_MOF-derived_carbon_2008-2017_Knowledge.txt,407,https://openalex.org/W2101177632,https://doi.org/10.4209/aaqr.2012.06.0149,2012,CO2 Capture by Accelerated Carbonation of Alkaline Wastes: A Review on Its Principles and Applications
snapshot_1,Topic_MOF-derived_carbon_2008-2017_Knowledge.txt,408,https://openalex.org/W2771984022,N/A,2017,Metal Sulfides as Anode for Lithium Ion and Sodium Ion Battery
snapshot_1,Topic_MOF-derived_carbon_2008-2017_Knowledge.txt,409,https://openalex.org/W2275495862,https://doi.org/10.20381/ruor-4031,2015,Microwave-assisted Dehydration of Fructose into 5-Hydroxymethylfurfural (5-HMF) over Acidic Porous Catalysts
snapshot_1,Topic_MOF-derived_carbon_2008-2017_Knowledge.txt,410,https://openalex.org/W2758096193,https://doi.org/10.1038/am.2017.165,2017,Fluorine-functionalized metal–organic frameworks and porous coordination polymers
snapshot_1,Topic_MOF-derived_carbon_2008-2017_Knowledge.txt,411,https://openalex.org/W2615947797,https://doi.org/10.1039/c6cs00885b,2017,"Micro/nanomotors towards in vivo application: cell, tissue and biofluid"
snapshot_1,Topic_MOF-derived_carbon_2008-2017_Knowledge.txt,412,https://openalex.org/W1972640610,https://doi.org/10.5194/bg-8-715-2011,2011,Age structure and disturbance legacy of North American forests
snapshot_1,Topic_MOF-derived_carbon_2008-2017_Knowledge.txt,413,https://openalex.org/W2035662596,https://doi.org/10.1016/j.memsci.2010.11.027,2010,Mixed matrix membranes comprising glassy polymers and dispersed mesoporous silica spheres for gas separation
snapshot_1,Topic_MOF-derived_carbon_2008-2017_Knowledge.txt,414,https://openalex.org/W2085632393,https://doi.org/10.5194/bg-11-247-2014,2014,Change in tropical forest cover of Southeast Asia from 1990 to 2010
snapshot_1,Topic_MOF-derived_carbon_2008-2017_Knowledge.txt,415,https://openalex.org/W2110275123,https://doi.org/10.1021/jacs.5b00382,2015,Mechanism of Oxidation of Ethane to Ethanol at Iron(IV)–Oxo Sites in Magnesium-Diluted Fe<sub>2</sub>(dobdc)
snapshot_1,Topic_MOF-derived_carbon_2008-2017_Knowledge.txt,416,https://openalex.org/W2507174432,https://doi.org/10.1149/ma2016-02/5/811,2016,Metal-Organic Frameworks (MOFs) Derived Porous Co<sub>3</sub>O<sub>4</sub>/Carbon Composites for Lithium-Air Batteries
snapshot_1,Topic_MOF-derived_carbon_2008-2017_Knowledge.txt,417,https://openalex.org/W2756646774,https://doi.org/10.3390/s17102192,2017,Drawing Sensors with Ball-Milled Blends of Metal-Organic Frameworks and Graphite
snapshot_1,Topic_MOF-derived_carbon_2008-2017_Knowledge.txt,418,https://openalex.org/W1893699535,https://doi.org/10.1021/acs.jpcc.5b03700,2015,"Ab Initio Derived Force Fields for Predicting CO<sub>2</sub> Adsorption and Accessibility of Metal Sites in the Metal–Organic Frameworks M-MOF-74 (M = Mn, Co, Ni, Cu)"
snapshot_1,Topic_MOF-derived_carbon_2008-2017_Knowledge.txt,419,https://openalex.org/W2781227562,https://doi.org/10.3390/nano8010015,2017,Covalent Organic Frameworks: From Materials Design to Biomedical Application
snapshot_1,Topic_MOF-derived_carbon_2008-2017_Knowledge.txt,420,https://openalex.org/W2296387009,https://doi.org/10.3390/ma9030184,2016,Rapid Synthesis of Carbon Dots by Hydrothermal Treatment of Lignin
snapshot_1,Topic_MOF-derived_carbon_2008-2017_Knowledge.txt,421,https://openalex.org/W2344378379,https://doi.org/10.1039/c6gc00413j,2016,A dual-walled cage MOF as an efficient heterogeneous catalyst for the conversion of CO<sub>2</sub> under mild and co-catalyst free conditions
snapshot_1,Topic_MOF-derived_carbon_2008-2017_Knowledge.txt,422,https://openalex.org/W2052727955,https://doi.org/10.3389/fmicb.2012.00069,2012,The organic complexation of iron in the marine environment: a review
snapshot_1,Topic_MOF-derived_carbon_2008-2017_Knowledge.txt,423,https://openalex.org/W2088799415,https://doi.org/10.1039/c4ce01095g,2014,Insight into the mechanism of modulated syntheses: <i>in situ</i> synchrotron diffraction studies on the formation of Zr-fumarate MOF
snapshot_1,Topic_MOF-derived_carbon_2008-2017_Knowledge.txt,424,https://openalex.org/W1999695320,https://doi.org/10.1038/srep02562,2013,Highly sensitive and selective fluoride detection in water through fluorophore release from a metal-organic framework
snapshot_1,Topic_MOF-derived_carbon_2008-2017_Knowledge.txt,425,https://openalex.org/W2500857894,https://doi.org/10.1038/am.2016.102,2016,Highly active nonprecious metal hydrogen evolution electrocatalyst: ultrafine molybdenum carbide nanoparticles embedded into a 3D nitrogen-implanted carbon matrix
snapshot_1,Topic_MOF-derived_carbon_2008-2017_Knowledge.txt,426,https://openalex.org/W1871456818,https://doi.org/10.1039/c5cp06798g,2015,Connecting defects and amorphization in UiO-66 and MIL-140 metal–organic frameworks: a combined experimental and computational study
snapshot_1,Topic_MOF-derived_carbon_2008-2017_Knowledge.txt,427,https://openalex.org/W2088112538,https://doi.org/10.1038/srep04366,2014,A malonitrile-functionalized metal-organic framework for hydrogen sulfide detection and selective amino acid molecular recognition
snapshot_1,Topic_MOF-derived_carbon_2008-2017_Knowledge.txt,428,https://openalex.org/W2024855695,https://doi.org/10.1039/c4ce01711k,2014,Simulation and modelling of MOFs for hydrogen storage
snapshot_1,Topic_MOF-derived_carbon_2008-2017_Knowledge.txt,429,https://openalex.org/W2548563831,https://doi.org/10.1021/acs.jpcc.6b09197,2016,Interactions of SO<sub>2</sub>-Containing Acid Gases with ZIF-8: Structural Changes and Mechanistic Investigations
snapshot_1,Topic_MOF-derived_carbon_2008-2017_Knowledge.txt,430,https://openalex.org/W2174140369,https://doi.org/10.1038/srep13514,2015,Adsorption of Uranyl ions on Amine-functionalization of MIL-101(Cr) Nanoparticles by a Facile Coordination-based Post-synthetic strategy and X-ray Absorption Spectroscopy Studies
snapshot_1,Topic_MOF-derived_carbon_2008-2017_Knowledge.txt,431,https://openalex.org/W2159598063,https://doi.org/10.1351/pac-con-09-07-09,2009,Gas adsorption applications of porous metal–organic frameworks
snapshot_1,Topic_MOF-derived_carbon_2008-2017_Knowledge.txt,432,https://openalex.org/W2626378709,https://doi.org/10.1002/cssc.201700657,2017,Sustainable Separations of C<sub>4</sub>‐Hydrocarbons by Using Microporous Materials
snapshot_1,Topic_MOF-derived_carbon_2008-2017_Knowledge.txt,433,https://openalex.org/W2277238745,https://doi.org/10.1002/anie.201509352,2016,"A Computational and Experimental Approach Linking Disorder, High‐Pressure Behavior, and Mechanical Properties in UiO Frameworks"
snapshot_1,Topic_MOF-derived_carbon_2008-2017_Knowledge.txt,434,https://openalex.org/W2770714192,https://doi.org/10.1021/acssuschemeng.7b03281,2017,"Mechanically Resistant and Sustainable Cellulose-Based Composite Aerogels with Excellent Flame Retardant, Sound-Absorption, and Superantiwetting Ability for Advanced Engineering Materials"
snapshot_1,Topic_MOF-derived_carbon_2008-2017_Knowledge.txt,435,https://openalex.org/W2516007598,https://doi.org/10.1021/acs.chemmater.5b01560,2015,Targeted Single-Site MOF Node Modification: Trivalent Metal Loading via Atomic Layer Deposition
snapshot_1,Topic_MOF-derived_carbon_2008-2017_Knowledge.txt,436,https://openalex.org/W2108854068,https://doi.org/10.1002/anie.200900234,2009,Nitrogen and Hydrogen Adsorption by an Organic Microporous Crystal
snapshot_1,Topic_MOF-derived_carbon_2008-2017_Knowledge.txt,437,https://openalex.org/W2522038329,https://doi.org/10.1016/j.forpol.2016.09.009,2016,"Development narratives, notions of forest crisis, and boom of oil palm plantations in Indonesia"
snapshot_1,Topic_MOF-derived_carbon_2008-2017_Knowledge.txt,438,https://openalex.org/W2520466307,https://doi.org/10.1038/srep33461,2016,Methane storage in nanoporous material at supercritical temperature over a wide range of pressures
snapshot_1,Topic_MOF-derived_carbon_2008-2017_Knowledge.txt,439,https://openalex.org/W2539868868,https://doi.org/10.3390/ma9110870,2016,Highly and Stably Water Permeable Thin Film Nanocomposite Membranes Doped with MIL-101 (Cr) Nanoparticles for Reverse Osmosis Application
snapshot_1,Topic_MOF-derived_carbon_2008-2017_Knowledge.txt,440,https://openalex.org/W2570633213,https://doi.org/10.1038/ncomms14070,2017,Evolution of form in metal–organic frameworks
snapshot_1,Topic_MOF-derived_carbon_2008-2017_Knowledge.txt,441,https://openalex.org/W2594209306,https://doi.org/10.1038/srep43638,2017,"Co3O4 nanoparticles anchored on nitrogen-doped reduced graphene oxide as a multifunctional catalyst for H2O2 reduction, oxygen reduction and evolution reaction"
snapshot_1,Topic_MOF-derived_carbon_2008-2017_Knowledge.txt,442,https://openalex.org/W1842767538,https://doi.org/10.1039/c5cp02180d,2015,Exceptional adsorption-induced cluster and network deformation in the flexible metal–organic framework DUT-8(Ni) observed by in situ X-ray diffraction and EXAFS
snapshot_1,Topic_MOF-derived_carbon_2008-2017_Knowledge.txt,443,https://openalex.org/W376896790,https://doi.org/10.1038/srep10556,2015,Hierarchical Heteroaggregation of Binary Metal-Organic Gels with Tunable Porosity and Mixed Valence Metal Sites for Removal of Dyes in Water
snapshot_1,Topic_MOF-derived_carbon_2008-2017_Knowledge.txt,444,https://openalex.org/W2117875985,https://doi.org/10.1039/c4cc05833j,2014,Enhanced CO<sub>2</sub>sorption and selectivity by functionalization of a NbO-type metal–organic framework with polarized benzothiadiazole moieties
snapshot_1,Topic_MOF-derived_carbon_2008-2017_Knowledge.txt,445,https://openalex.org/W2270720672,https://doi.org/10.1039/c5cc10072k,2016,Porosity in metal–organic framework glasses
snapshot_1,Topic_MOF-derived_carbon_2008-2017_Knowledge.txt,446,https://openalex.org/W2014181566,https://doi.org/10.5194/bg-12-4525-2015,2015,Storage and transformation of organic matter fractions in cryoturbated permafrost soils across the Siberian Arctic
snapshot_1,Topic_MOF-derived_carbon_2008-2017_Knowledge.txt,447,https://openalex.org/W2183592160,https://doi.org/10.1021/acs.accounts.5b00349,2015,Hierarchical Metal–Organic Framework Hybrids: Perturbation-Assisted Nanofusion Synthesis
snapshot_1,Topic_MOF-derived_carbon_2008-2017_Knowledge.txt,448,https://openalex.org/W2070178225,https://doi.org/10.1039/c3dt32288b,2013,"Enhanced selectivity of CO2 over CH4 in sulphonate-, carboxylate- and iodo-functionalized UiO-66 frameworks"
snapshot_1,Topic_MOF-derived_carbon_2008-2017_Knowledge.txt,449,https://openalex.org/W1989887746,https://doi.org/10.1371/journal.pone.0069887,2013,Reconciling Forest Conservation and Logging in Indonesian Borneo
snapshot_1,Topic_MOF-derived_carbon_2008-2017_Knowledge.txt,450,https://openalex.org/W2280227549,https://doi.org/10.1038/srep21401,2016,High-internal-phase emulsions stabilized by metal-organic frameworks and derivation of ultralight metal-organic aerogels
snapshot_1,Topic_MOF-derived_carbon_2008-2017_Knowledge.txt,451,https://openalex.org/W2404275102,https://doi.org/10.3389/fmats.2016.00023,2016,Biomass Waste Carbon Materials as adsorbents for CO2 Capture under Post-Combustion Conditions
snapshot_1,Topic_MOF-derived_carbon_2008-2017_Knowledge.txt,452,https://openalex.org/W2768131914,https://doi.org/10.1039/c7cs00509a,2017,Iminium and enamine catalysis in enantioselective photochemical reactions
snapshot_1,Topic_MOF-derived_carbon_2008-2017_Knowledge.txt,453,https://openalex.org/W2054806846,https://doi.org/10.1039/c3ra23466e,2013,Electrode materials for aqueous asymmetric supercapacitors
snapshot_1,Topic_MOF-derived_carbon_2008-2017_Knowledge.txt,454,https://openalex.org/W2763868521,https://doi.org/10.1039/c7gc02260c,2017,Metal organic frameworks as catalysts in solvent-free or ionic liquid assisted conditions
snapshot_1,Topic_MOF-derived_carbon_2008-2017_Knowledge.txt,455,https://openalex.org/W2018572573,https://doi.org/10.3390/membranes2040727,2012,Investigation of Cross-Linked and Additive Containing Polymer Materials for Membranes with Improved Performance in Pervaporation and Gas Separation
snapshot_1,Topic_MOF-derived_carbon_2008-2017_Knowledge.txt,456,https://openalex.org/W2748997619,https://doi.org/10.1039/c7ra07573a,2017,"Fluorescent carbon dots: rational synthesis, tunable optical properties and analytical applications"
snapshot_1,Topic_MOF-derived_carbon_2008-2017_Knowledge.txt,457,https://openalex.org/W2499915552,https://doi.org/10.1038/srep30049,2016,One-Step Synthesis of Microporous Carbon Monoliths Derived from Biomass with High Nitrogen Doping Content for Highly Selective CO2 Capture
snapshot_1,Topic_MOF-derived_carbon_2008-2017_Knowledge.txt,458,https://openalex.org/W2293828979,https://doi.org/10.1038/srep22734,2016,GIS-NaP1 zeolite microspheres as potential water adsorption material: Influence of initial silica concentration on adsorptive and physical/topological properties
snapshot_1,Topic_MOF-derived_carbon_2008-2017_Knowledge.txt,459,https://openalex.org/W2588054183,https://doi.org/10.1088/2053-1591/aa6093,2017,Thermo-stimulated evolution of crystalline structure and dopant distribution in Cu-doped Y-stabilized ZrO<sub>2</sub>nanopowders
snapshot_1,Topic_MOF-derived_carbon_2008-2017_Knowledge.txt,460,https://openalex.org/W2535659243,https://doi.org/10.1039/c6dt03515a,2016,CO-releasing molecule (CORM) conjugate systems
snapshot_1,Topic_MOF-derived_carbon_2008-2017_Knowledge.txt,461,https://openalex.org/W2113131749,https://doi.org/10.1039/c5ta02040a,2015,"New aspects in bis and tris(dipyrrinato)metal complexes: bright luminescence, self-assembled nanoarchitectures, and materials applications"
snapshot_1,Topic_MOF-derived_carbon_2008-2017_Knowledge.txt,462,https://openalex.org/W1972947267,https://doi.org/10.1038/srep02506,2013,Interfacial growth of large-area single-layer metal-organic framework nanosheets
snapshot_1,Topic_MOF-derived_carbon_2008-2017_Knowledge.txt,463,https://openalex.org/W2038809098,https://doi.org/10.1038/ncomms6851,2015,Porous coordination polymers with ubiquitous and biocompatible metals and a neutral bridging ligand
snapshot_1,Topic_MOF-derived_carbon_2008-2017_Knowledge.txt,464,https://openalex.org/W2255253569,https://doi.org/10.1021/acscatal.5b02061,2015,MOF-Based Catalysts for Selective Hydrogenolysis of Carbon–Oxygen Ether Bonds
snapshot_1,Topic_MOF-derived_carbon_2008-2017_Knowledge.txt,465,https://openalex.org/W2531471510,https://doi.org/10.1039/c6cs00597g,2016,Nanoporous ionic organic networks: from synthesis to materials applications
snapshot_1,Topic_MOF-derived_carbon_2008-2017_Knowledge.txt,466,https://openalex.org/W2753796935,https://doi.org/10.1039/c7ra05302a,2017,Design and synthesis of coordination polymers with chelated units and their application in nanomaterials science
snapshot_1,Topic_MOF-derived_carbon_2008-2017_Knowledge.txt,467,https://openalex.org/W2540359139,https://doi.org/10.1002/adfm.201603937,2016,Heteroatom (N or N‐S)‐Doping Induced Layered and Honeycomb Microstructures of Porous Carbons for CO<sub>2</sub> Capture and Energy Applications
snapshot_1,Topic_MOF-derived_carbon_2008-2017_Knowledge.txt,468,https://openalex.org/W2568804855,https://doi.org/10.1039/c6ra26699a,2017,MOF-derived Ni-based nanocomposites as robust catalysts for chemoselective hydrogenation of functionalized nitro compounds
snapshot_1,Topic_MOF-derived_carbon_2008-2017_Knowledge.txt,469,https://openalex.org/W2789350089,https://doi.org/10.31390/gradschool_dissertations.4405,2016,Cobalt-based Catalysts for the Conversion of Biomass-derived Syngas to Ethanol and Higher Oxygenates
snapshot_1,Topic_MOF-derived_carbon_2008-2017_Knowledge.txt,470,https://openalex.org/W2571164349,https://doi.org/10.1038/srep39695,2017,Photo-reduced Cu/CuO nanoclusters on TiO2 nanotube arrays as highly efficient and reusable catalyst
snapshot_1,Topic_MOF-derived_carbon_2008-2017_Knowledge.txt,471,https://openalex.org/W2579617794,https://doi.org/10.1039/c6ra25810g,2017,MOF-derived RuO<sub>2</sub>/Co<sub>3</sub>O<sub>4</sub>heterojunctions as highly efficient bifunctional electrocatalysts for HER and OER in alkaline solutions
snapshot_1,Topic_MOF-derived_carbon_2008-2017_Knowledge.txt,472,https://openalex.org/W2750777830,https://doi.org/10.1039/c7se00339k,2017,Multidimensional performance optimization of conducting polymer-based supercapacitor electrodes
snapshot_1,Topic_MOF-derived_carbon_2008-2017_Knowledge.txt,473,https://openalex.org/W2286457909,https://doi.org/10.5281/zenodo.1076266,2012,Carbon Dioxide Capture And Storage: A General Review On Adsorbents
snapshot_1,Topic_MOF-derived_carbon_2008-2017_Knowledge.txt,474,https://openalex.org/W2626230063,https://doi.org/10.1039/c7dt01607g,2017,Advances in the preparation of highly selective nanocatalysts for the semi-hydrogenation of alkynes using colloidal approaches
snapshot_1,Topic_MOF-derived_carbon_2008-2017_Knowledge.txt,475,https://openalex.org/W2085361134,https://doi.org/10.1021/ja905426e,2009,Direct Space Methods for Powder X-ray Diffraction for Guest−Host Materials: Applications to Cage Occupancies and Guest Distributions in Clathrate Hydrates
snapshot_1,Topic_MOF-derived_carbon_2008-2017_Knowledge.txt,476,https://openalex.org/W2575309101,https://doi.org/10.1039/c6ra26584g,2017,One step synthesis of Ni/Ni(OH)<sub>2</sub> nano sheets (NSs) and their application in asymmetric supercapacitors
snapshot_1,Topic_MOF-derived_carbon_2008-2017_Knowledge.txt,477,https://openalex.org/W2474258807,https://doi.org/10.1039/c6sc01477a,2016,In silico design and screening of hypothetical MOF-74 analogs and their experimental synthesis
snapshot_1,Topic_MOF-derived_carbon_2008-2017_Knowledge.txt,478,https://openalex.org/W2737676742,https://doi.org/10.1038/s41598-017-06194-z,2017,Ultrahigh adsorption and singlet-oxygen mediated degradation for efficient synergetic removal of bisphenol A by a stable zirconium-porphyrin metal-organic framework
snapshot_1,Topic_MOF-derived_carbon_2008-2017_Knowledge.txt,479,https://openalex.org/W2189004023,https://doi.org/10.1039/c5dt04049c,2015,Parameterizing and grading hydrolytic stability in metal–organic frameworks
snapshot_1,Topic_MOF-derived_carbon_2008-2017_Knowledge.txt,480,https://openalex.org/W2076732852,https://doi.org/10.1371/journal.pgen.1005079,2015,Escape from X Inactivation Varies in Mouse Tissues
snapshot_1,Topic_MOF-derived_carbon_2008-2017_Knowledge.txt,481,https://openalex.org/W2277775627,https://doi.org/10.1002/chem.201505185,2016,Stereoselective Halogenation of Integral Unsaturated C‐C Bonds in Chemically and Mechanically Robust Zr and Hf MOFs
snapshot_1,Topic_MOF-derived_carbon_2008-2017_Knowledge.txt,482,https://openalex.org/W2529414254,https://doi.org/10.1038/srep34590,2016,CO2 Capture in the Sustainable Wheat-Derived Activated Microporous Carbon Compartments
snapshot_1,Topic_MOF-derived_carbon_2008-2017_Knowledge.txt,483,https://openalex.org/W2256975595,https://doi.org/10.1021/acs.jctc.5b00748,2015,A Comparison of Barostats for the Mechanical Characterization of Metal–Organic Frameworks
snapshot_1,Topic_MOF-derived_carbon_2008-2017_Knowledge.txt,484,https://openalex.org/W2587194862,https://doi.org/10.1021/acsami.6b16297,2017,Continuous Flow Processing of ZIF-8 Membranes on Polymeric Porous Hollow Fiber Supports for CO<sub>2</sub> Capture
snapshot_1,Topic_MOF-derived_carbon_2008-2017_Knowledge.txt,485,https://openalex.org/W2514315773,https://doi.org/10.1021/acscatal.6b01753,2016,Impact of Linker Engineering on the Catalytic Activity of Metal–Organic Frameworks Containing Pd(II)–Bipyridine Complexes
snapshot_1,Topic_MOF-derived_carbon_2008-2017_Knowledge.txt,486,https://openalex.org/W1479323079,https://doi.org/10.1021/acsnano.5b02623,2015,Direct Evidence for Solid-like Hydrogen in a Nanoporous Carbon Hydrogen Storage Material at Supercritical Temperatures
snapshot_1,Topic_MOF-derived_carbon_2008-2017_Knowledge.txt,487,https://openalex.org/W2529421172,https://doi.org/10.1039/c6cc07094a,2016,Alternative synthetic approaches for metal–organic frameworks: transformation from solid matters
snapshot_1,Topic_MOF-derived_carbon_2008-2017_Knowledge.txt,488,https://openalex.org/W2059475189,https://doi.org/10.1186/cc8168,2009,Ventilator-induced endothelial activation and inflammation in the lung and distal organs
snapshot_1,Topic_MOF-derived_carbon_2008-2017_Knowledge.txt,489,https://openalex.org/W2591863428,https://doi.org/10.1039/c7sc00278e,2017,"Adsorption and molecular siting of CO<sub>2</sub>, water, and other gases in the superhydrophobic, flexible pores of FMOF-1 from experiment and simulation"
snapshot_1,Topic_MOF-derived_carbon_2008-2017_Knowledge.txt,490,https://openalex.org/W1849481479,https://doi.org/10.1039/c5py00842e,2015,"Polymeric ionic liquids for CO<sub>2</sub> capture and separation: potential, progress and challenges"
snapshot_1,Topic_MOF-derived_carbon_2008-2017_Knowledge.txt,491,https://openalex.org/W2591368961,https://doi.org/10.1039/c6cs00632a,2017,Colloidal capsules: nano- and microcapsules with colloidal particle shells
snapshot_1,Topic_MOF-derived_carbon_2008-2017_Knowledge.txt,492,https://openalex.org/W2591776850,https://doi.org/10.1039/c6ra28296b,2017,Fabrication of Co<sub>3</sub>O<sub>4</sub> nanoparticles in thin porous carbon shells from metal–organic frameworks for enhanced electrochemical performance
snapshot_1,Topic_MOF-derived_carbon_2008-2017_Knowledge.txt,493,https://openalex.org/W2586051388,https://doi.org/10.1039/c6sc05080h,2017,High temperature ferromagnetism in π-conjugated two-dimensional metal–organic frameworks
snapshot_1,Topic_MOF-derived_carbon_2008-2017_Knowledge.txt,494,https://openalex.org/W2593920839,https://doi.org/10.1073/pnas.1615172114,2017,Tailoring porosity and rotational dynamics in a series of octacarboxylate metal-organic frameworks
snapshot_1,Topic_MOF-derived_carbon_2008-2017_Knowledge.txt,495,https://openalex.org/W2541014226,https://doi.org/10.1021/acs.inorgchem.6b02103,2016,Stable Metal–Organic Framework-Supported Niobium Catalysts
snapshot_1,Topic_MOF-derived_carbon_2008-2017_Knowledge.txt,496,https://openalex.org/W2143333209,https://doi.org/10.5194/acp-13-9337-2013,2013,"Relating aerosol absorption due to soot, organic carbon, and dust to emission sources determined from in-situ chemical measurements"
snapshot_1,Topic_MOF-derived_carbon_2008-2017_Knowledge.txt,497,https://openalex.org/W1783209592,https://doi.org/10.1186/s13059-015-0728-8,2015,Bipartite structure of the inactive mouse X chromosome
snapshot_1,Topic_MOF-derived_carbon_2008-2017_Knowledge.txt,498,https://openalex.org/W784531187,https://doi.org/10.17528/cifor/003876,2012,The context of REDD+ in Indonesia
snapshot_1,Topic_MOF-derived_carbon_2008-2017_Knowledge.txt,499,https://openalex.org/W2560441666,https://doi.org/10.1038/srep38620,2016,Enhanced cycling stability of NiCo2S4@NiO core-shell nanowire arrays for all-solid-state asymmetric supercapacitors
snapshot_1,Topic_MOF-derived_carbon_2008-2017_Knowledge.txt,500,https://openalex.org/W2103262044,N/A,2010,Environmental remediation by photocatalysis
snapshot_2,Topic_selenium_cathodes_2008-2017_Knowledge.txt,1,https://openalex.org/W2017537704,https://doi.org/10.1002/aenm.201400981,2014,Micro‐ and Mesoporous Carbide‐Derived Carbon–Selenium Cathodes for High‐Performance Lithium Selenium Batteries
snapshot_2,Topic_selenium_cathodes_2008-2017_Knowledge.txt,2,https://openalex.org/W2086682020,https://doi.org/10.1002/aenm.201401377,2014,A Flexible Porous Carbon Nanofibers‐Selenium Cathode with Superior Electrochemical Performance for Both Li‐Se and Na‐Se Batteries
snapshot_2,Topic_selenium_cathodes_2008-2017_Knowledge.txt,3,https://openalex.org/W2778533433,https://doi.org/10.1002/smll.201703252,2017,A Freestanding and Long‐Life Sodium–Selenium Cathode by Encapsulation of Selenium into Microporous Multichannel Carbon Nanofibers
snapshot_2,Topic_selenium_cathodes_2008-2017_Knowledge.txt,4,https://openalex.org/W2606576554,https://doi.org/10.1039/c7ta01564j,2017,A high performance lithium–selenium battery using a microporous carbon confined selenium cathode and a compatible electrolyte
snapshot_2,Topic_selenium_cathodes_2008-2017_Knowledge.txt,5,https://openalex.org/W2036138450,https://doi.org/10.1002/anie.201303147,2013,An Advanced Selenium–Carbon Cathode for Rechargeable Lithium–Selenium Batteries
snapshot_2,Topic_selenium_cathodes_2008-2017_Knowledge.txt,6,https://openalex.org/W2589692750,https://doi.org/10.1021/acsami.6b16708,2017,Graphitic Nanocarbon–Selenium Cathode with Favorable Rate Capability for Li–Se Batteries
snapshot_2,Topic_selenium_cathodes_2008-2017_Knowledge.txt,7,https://openalex.org/W1991233467,https://doi.org/10.1002/adfm.201402815,2014,A Free‐Standing and Ultralong‐Life Lithium‐Selenium Battery Cathode Enabled by 3D Mesoporous Carbon/Graphene Hierarchical Architecture
snapshot_2,Topic_selenium_cathodes_2008-2017_Knowledge.txt,8,https://openalex.org/W1983476501,https://doi.org/10.1039/c4ta04467c,2014,Stabilization of selenium cathodes via in situ formation of protective solid electrolyte layer
snapshot_2,Topic_selenium_cathodes_2008-2017_Knowledge.txt,9,https://openalex.org/W1974467567,https://doi.org/10.1039/c3cc46943c,2013,Nanoporous selenium as a cathode material for rechargeable lithium–selenium batteries
snapshot_2,Topic_selenium_cathodes_2008-2017_Knowledge.txt,10,https://openalex.org/W2583727708,https://doi.org/10.1021/acsenergylett.6b00642,2017,"Selenium and Selenium–Sulfur Chemistry for Rechargeable Lithium Batteries: Interplay of Cathode Structures, Electrolytes, and Interfaces"
snapshot_2,Topic_selenium_cathodes_2008-2017_Knowledge.txt,11,https://openalex.org/W2526392387,https://doi.org/10.1039/c6ee02274j,2016,Exceptional energy and new insight with a sodium–selenium battery based on a carbon nanosheet cathode and a pseudographite anode
snapshot_2,Topic_selenium_cathodes_2008-2017_Knowledge.txt,12,https://openalex.org/W2726836529,https://doi.org/10.1002/adma.201701294,2017,Selenium‐Doped Cathodes for Lithium–Organosulfur Batteries with Greatly Improved Volumetric Capacity and Coulombic Efficiency
snapshot_2,Topic_selenium_cathodes_2008-2017_Knowledge.txt,13,https://openalex.org/W2134707818,https://doi.org/10.1039/c4ta03141e,2014,A selenium-confined microporous carbon cathode for ultrastable lithium–selenium batteries
snapshot_2,Topic_selenium_cathodes_2008-2017_Knowledge.txt,14,https://openalex.org/W2338176327,https://doi.org/10.1021/acs.jpcc.5b09553,2015,Strongly Bonded Selenium/Microporous Carbon Nanofibers Composite as a High-Performance Cathode for Lithium–Selenium Batteries
snapshot_2,Topic_selenium_cathodes_2008-2017_Knowledge.txt,15,https://openalex.org/W2770383925,https://doi.org/10.1002/aenm.201701918,2017,Selenium Impregnated Monolithic Carbons as Free‐Standing Cathodes for High Volumetric Energy Lithium and Sodium Metal Batteries
snapshot_2,Topic_selenium_cathodes_2008-2017_Knowledge.txt,16,https://openalex.org/W2022969092,https://doi.org/10.1039/c2nr31858j,2012,Metal-free selenium doped carbon nanotube/graphene networks as a synergistically improved cathode catalyst for oxygen reduction reaction
snapshot_2,Topic_selenium_cathodes_2008-2017_Knowledge.txt,17,https://openalex.org/W2017461810,https://doi.org/10.1149/2.0451414jes,2014,Selenium Encapsulated into Interconnected Polymer-Derived Porous Carbon Nanofiber Webs as Cathode Materials for Lithium-Selenium Batteries
snapshot_2,Topic_selenium_cathodes_2008-2017_Knowledge.txt,18,https://openalex.org/W2095165550,https://doi.org/10.1039/c4nr03705g,2014,Selenium/interconnected porous hollow carbon bubbles composites as the cathodes of Li–Se batteries with high performance
snapshot_2,Topic_selenium_cathodes_2008-2017_Knowledge.txt,19,https://openalex.org/W2768361305,https://doi.org/10.1002/celc.201700882,2017,Hybrid Sulfur−Selenium Co‐polymers as Cathodic Materials for Lithium Batteries
snapshot_2,Topic_selenium_cathodes_2008-2017_Knowledge.txt,20,https://openalex.org/W2772067689,https://doi.org/10.1002/chem.201704079,2017,A Self‐Repairing Cathode Material for Lithium–Selenium Batteries: Se−C Chemically Bonded Selenium–Graphene Composite
snapshot_2,Topic_selenium_cathodes_2008-2017_Knowledge.txt,21,https://openalex.org/W4241088358,https://doi.org/10.1002/ange.201303147,2013,An Advanced Selenium–Carbon Cathode for Rechargeable Lithium–Selenium Batteries
snapshot_2,Topic_selenium_cathodes_2008-2017_Knowledge.txt,22,https://openalex.org/W2767939878,https://doi.org/10.1021/acsami.7b14380,2017,Selenium Encapsulated into Metal–Organic Frameworks Derived N-Doped Porous Carbon Polyhedrons as Cathode for Na–Se Batteries
snapshot_2,Topic_selenium_cathodes_2008-2017_Knowledge.txt,23,https://openalex.org/W2756443016,https://doi.org/10.1002/anie.201708105,2017,A Freestanding Selenium Disulfide Cathode Based on Cobalt Disulfide‐Decorated Multichannel Carbon Fibers with Enhanced Lithium Storage Performance
snapshot_2,Topic_selenium_cathodes_2008-2017_Knowledge.txt,24,https://openalex.org/W2044937995,https://doi.org/10.3390/s131013744,2013,Development of an Amorphous Selenium-Based Photodetector Driven by a Diamond Cold Cathode
snapshot_2,Topic_selenium_cathodes_2008-2017_Knowledge.txt,25,https://openalex.org/W2164574286,https://doi.org/10.1039/c5nr00903k,2015,"MOF-derived, N-doped, hierarchically porous carbon sponges as immobilizers to confine selenium as cathodes for Li–Se batteries with superior storage capacity and perfect cycling stability"
snapshot_2,Topic_selenium_cathodes_2008-2017_Knowledge.txt,26,https://openalex.org/W2298478731,https://doi.org/10.1039/c6cc00638h,2016,One-step microwave synthesized core–shell structured selenium@carbon spheres as cathode materials for rechargeable lithium batteries
snapshot_2,Topic_selenium_cathodes_2008-2017_Knowledge.txt,27,https://openalex.org/W2134052632,https://doi.org/10.1039/c4ra14945a,2015,A selenium@polypyrrole hollow sphere cathode for rechargeable lithium batteries
snapshot_2,Topic_selenium_cathodes_2008-2017_Knowledge.txt,28,https://openalex.org/W2766805870,https://doi.org/10.1007/s12274-017-1870-2,2017,Polyaniline-coated selenium/carbon composites encapsulated in graphene as efficient cathodes for Li-Se batteries
snapshot_2,Topic_selenium_cathodes_2008-2017_Knowledge.txt,29,https://openalex.org/W2536711059,https://doi.org/10.1021/acs.analchem.6b02807,2016,"Ultratrace Determination of Tin, Germanium, and Selenium by Hydride Generation Coupled with a Novel Solution-Cathode Glow Discharge-Atomic Emission Spectrometry Method"
snapshot_2,Topic_selenium_cathodes_2008-2017_Knowledge.txt,30,https://openalex.org/W2125988242,https://doi.org/10.1039/c5ra19000b,2015,A selenium-confined porous carbon cathode from silk cocoons for Li–Se battery applications
snapshot_2,Topic_selenium_cathodes_2008-2017_Knowledge.txt,31,https://openalex.org/W2767713088,https://doi.org/10.1002/aenm.201701953,2017,"Long Cycle Life, Low Self‐Discharge Sodium–Selenium Batteries with High Selenium Loading and Suppressed Polyselenide Shuttling"
snapshot_2,Topic_selenium_cathodes_2008-2017_Knowledge.txt,32,https://openalex.org/W2041365550,https://doi.org/10.1002/anie.201204108,2012,A Selenium‐Based Cathode for a High‐Voltage Tandem Photoelectrochemical Solar Cell
snapshot_2,Topic_selenium_cathodes_2008-2017_Knowledge.txt,33,https://openalex.org/W2565971668,https://doi.org/10.1021/acs.jpcc.6b11017,2016,Pressure-Induced Capillary Encapsulation Protocol for Ultrahigh Loading of Sulfur and Selenium Inside Carbon Nanotubes: Application as High Performance Cathode in Li–S/Se Rechargeable Batteries
snapshot_2,Topic_selenium_cathodes_2008-2017_Knowledge.txt,34,https://openalex.org/W1975541076,https://doi.org/10.1039/c4ta02545h,2014,From red selenium to cuprous selenide: a novel and facile route to a high performance metal selenide cathode for sensitized solar cells
snapshot_2,Topic_selenium_cathodes_2008-2017_Knowledge.txt,35,https://openalex.org/W1988712613,https://doi.org/10.1149/1.3258662,2009,Selenium: A Nonprecious Metal Cathode Catalyst for Oxygen Reduction
snapshot_2,Topic_selenium_cathodes_2008-2017_Knowledge.txt,36,https://openalex.org/W1965680074,https://doi.org/10.1039/c4ta02563f,2014,Confining selenium in nitrogen-containing hierarchical porous carbon for high-rate rechargeable lithium–selenium batteries
snapshot_2,Topic_selenium_cathodes_2008-2017_Knowledge.txt,37,https://openalex.org/W2030481240,https://doi.org/10.1002/elan.200804362,2008,Determination of Selenium Traces on Cyclic Renewable Mercury Film Silver Electrode in Presence of Copper Ions Using Cathodic Stripping Voltammetry
snapshot_2,Topic_selenium_cathodes_2008-2017_Knowledge.txt,38,https://openalex.org/W2313386836,https://doi.org/10.1021/ja211766q,2012,A New Class of Lithium and Sodium Rechargeable Batteries Based on Selenium and Selenium–Sulfur as a Positive Electrode
snapshot_2,Topic_selenium_cathodes_2008-2017_Knowledge.txt,39,https://openalex.org/W2315937395,https://doi.org/10.1021/la403178j,2013,Cathodic Electrodeposition of Amorphous Elemental Selenium from an Air- and Water-Stable Ionic Liquid
snapshot_2,Topic_selenium_cathodes_2008-2017_Knowledge.txt,40,https://openalex.org/W4250624280,https://doi.org/10.1002/ange.201708105,2017,A Freestanding Selenium Disulfide Cathode Based on Cobalt Disulfide‐Decorated Multichannel Carbon Fibers with Enhanced Lithium Storage Performance
snapshot_2,Topic_selenium_cathodes_2008-2017_Knowledge.txt,41,https://openalex.org/W2345440595,https://doi.org/10.1039/c6ra07837k,2016,Facile synthesis of selenium/potassium tartrate derived porous carbon composite as an advanced Li–Se battery cathode
snapshot_2,Topic_selenium_cathodes_2008-2017_Knowledge.txt,42,https://openalex.org/W2080891030,https://doi.org/10.1021/nn403108w,2013,Selenium@Mesoporous Carbon Composite with Superior Lithium and Sodium Storage Capacity
snapshot_2,Topic_selenium_cathodes_2008-2017_Knowledge.txt,43,https://openalex.org/W2769968375,https://doi.org/10.1002/anie.201709176,2017,Mesoporous Carbon@Titanium Nitride Hollow Spheres as an Efficient SeS<sub>2</sub> Host for Advanced Li–SeS<sub>2</sub> Batteries
snapshot_2,Topic_selenium_cathodes_2008-2017_Knowledge.txt,44,https://openalex.org/W4237715968,https://doi.org/10.1002/ange.201204108,2012,A Selenium‐Based Cathode for a High‐Voltage Tandem Photoelectrochemical Solar Cell
snapshot_2,Topic_selenium_cathodes_2008-2017_Knowledge.txt,45,https://openalex.org/W2571765347,https://doi.org/10.1002/aenm.201602055,2017,Novel Design Concepts of Efficient Mg‐Ion Electrolytes toward High‐Performance Magnesium–Selenium and Magnesium–Sulfur Batteries
snapshot_2,Topic_selenium_cathodes_2008-2017_Knowledge.txt,46,https://openalex.org/W2166697677,https://doi.org/10.1002/adfm.201501956,2015,A New Salt‐Baked Approach for Confining Selenium in Metal Complex‐Derived Porous Carbon with Superior Lithium Storage Properties
snapshot_2,Topic_selenium_cathodes_2008-2017_Knowledge.txt,47,https://openalex.org/W2060323826,https://doi.org/10.11113/jt.v44.368,2012,Analysis Of Selenium Species Using Cathodic Stripping Voltammetry
snapshot_2,Topic_selenium_cathodes_2008-2017_Knowledge.txt,48,https://openalex.org/W2608098722,https://doi.org/10.1002/aenm.201700281,2017,An Improved Li–SeS<sub>2</sub> Battery with High Energy Density and Long Cycle Life
snapshot_2,Topic_selenium_cathodes_2008-2017_Knowledge.txt,49,https://openalex.org/W2135353596,https://doi.org/10.1002/adfm.201303909,2014,Carbonized Polyacrylonitrile‐Stabilized SeS<sub>x</sub> Cathodes for Long Cycle Life and High Power Density Lithium Ion Batteries
snapshot_2,Topic_selenium_cathodes_2008-2017_Knowledge.txt,50,https://openalex.org/W2508405787,https://doi.org/10.1021/acsnano.6b02315,2016,Heteroatomic Se<sub><i>n</i></sub>S<sub>8–<i>n</i></sub> Molecules Confined in Nitrogen-Doped Mesoporous Carbons as Reversible Cathode Materials for High-Performance Lithium Batteries
snapshot_2,Topic_selenium_cathodes_2008-2017_Knowledge.txt,51,https://openalex.org/W2337325577,https://doi.org/10.1021/acsenergylett.6b00015,2016,Three-Dimensional Hierarchical Graphene-CNT@Se: A Highly Efficient Freestanding Cathode for Li–Se Batteries
snapshot_2,Topic_selenium_cathodes_2008-2017_Knowledge.txt,52,https://openalex.org/W19646579,https://doi.org/10.13140/rg.2.1.1867.3769,2015,Convergence theory and applications of the factorized distribution algorithm
snapshot_2,Topic_selenium_cathodes_2008-2017_Knowledge.txt,53,https://openalex.org/W2508117335,https://doi.org/10.1021/acs.chemmater.5b02753,2015,"Amorphous, Crystalline and Crystalline/Amorphous Selenium Nanowires and Their Different (De)Lithiation Mechanisms"
snapshot_2,Topic_selenium_cathodes_2008-2017_Knowledge.txt,54,https://openalex.org/W2752712512,https://doi.org/10.1002/adma.201770240,2017,Batteries: Selenium‐Doped Cathodes for Lithium–Organosulfur Batteries with Greatly Improved Volumetric Capacity and Coulombic Efficiency (Adv. Mater. 33/2017)
snapshot_2,Topic_selenium_cathodes_2008-2017_Knowledge.txt,55,https://openalex.org/W2468229891,https://doi.org/10.1021/acs.nanolett.6b01819,2016,The Electrochemistry with Lithium versus Sodium of Selenium Confined To Slit Micropores in Carbon
snapshot_2,Topic_selenium_cathodes_2008-2017_Knowledge.txt,56,https://openalex.org/W2081393855,https://doi.org/10.1039/c4ra10967h,2014,A novel type of one-dimensional organic selenium-containing fiber with superior performance for lithium–selenium and sodium–selenium batteries
snapshot_2,Topic_selenium_cathodes_2008-2017_Knowledge.txt,57,https://openalex.org/W2001762523,https://doi.org/10.1039/c4ta02017k,2014,Advanced Se–C nanocomposites: a bifunctional electrode material for both Li–Se and Li-ion batteries
snapshot_2,Topic_selenium_cathodes_2008-2017_Knowledge.txt,58,https://openalex.org/W2067921005,https://doi.org/10.1039/c4ta06624c,2015,Selenium in nitrogen-doped microporous carbon spheres for high-performance lithium–selenium batteries
snapshot_2,Topic_selenium_cathodes_2008-2017_Knowledge.txt,59,https://openalex.org/W2177279173,https://doi.org/10.1139/cjp-2013-0648,2014,High sensitivity photodetector made of amorphous selenium and diamond cold cathode
snapshot_2,Topic_selenium_cathodes_2008-2017_Knowledge.txt,60,https://openalex.org/W2580165782,N/A,2016,Design and modification of cathode materials for high-performance lithium-sulfur and lithium-selenium batteries
snapshot_2,Topic_selenium_cathodes_2008-2017_Knowledge.txt,61,https://openalex.org/W2735733385,https://doi.org/10.1021/acsami.7b04321,2017,High-Performance Li–Se Batteries Enabled by Selenium Storage in Bottom-Up Synthesized Nitrogen-Doped Carbon Scaffolds
snapshot_2,Topic_selenium_cathodes_2008-2017_Knowledge.txt,62,https://openalex.org/W2260420489,https://doi.org/10.1038/ncomms9850,2015,Pie-like electrode design for high-energy density lithium–sulfur batteries
snapshot_2,Topic_selenium_cathodes_2008-2017_Knowledge.txt,63,https://openalex.org/W2769170381,https://doi.org/10.1002/adfm.201701718,2017,Self‐Established Rapid Magnesiation/De‐Magnesiation Pathways in Binary Selenium–Copper Mixtures with Significantly Enhanced Mg‐Ion Storage Reversibility
snapshot_2,Topic_selenium_cathodes_2008-2017_Knowledge.txt,64,https://openalex.org/W2744496034,https://doi.org/10.1039/c7cs00139h,2017,A review of flexible lithium–sulfur and analogous alkali metal–chalcogen rechargeable batteries
snapshot_2,Topic_selenium_cathodes_2008-2017_Knowledge.txt,65,https://openalex.org/W2298405797,https://doi.org/10.1149/ma2016-03/2/789,2016,Unraveling the Capacity Fading of Selenium-Based Cathodes in Ether-Based Electrolytes By in-Situ X-Ray Absorption Near Edge Spectroscopy
snapshot_2,Topic_selenium_cathodes_2008-2017_Knowledge.txt,66,https://openalex.org/W1818443603,https://doi.org/10.1039/c5ta04510j,2015,A conductive selenized polyacrylonitrile cathode material for re-chargeable lithium batteries with long cycle life
snapshot_2,Topic_selenium_cathodes_2008-2017_Knowledge.txt,67,https://openalex.org/W1838085187,https://doi.org/10.1039/c5ra14979g,2015,High performance mesoporous C@Se composite cathodes derived from Ni-based MOFs for Li–Se batteries
snapshot_2,Topic_selenium_cathodes_2008-2017_Knowledge.txt,68,https://openalex.org/W2337623161,https://doi.org/10.13016/m2m70n,2015,Organic Anodes and Sulfur/Selenium Cathodes for Advanced Li and Na Batteries
snapshot_2,Topic_selenium_cathodes_2008-2017_Knowledge.txt,69,https://openalex.org/W4211074643,https://doi.org/10.1039/c3ra40678d,2013,Selenium electrochemistry
snapshot_2,Topic_selenium_cathodes_2008-2017_Knowledge.txt,70,https://openalex.org/W2605450351,https://doi.org/10.1039/c6ra28463a,2017,Hollow selenium encapsulated into 3D graphene hydrogels for lithium–selenium batteries with high rate performance and cycling stability
snapshot_2,Topic_selenium_cathodes_2008-2017_Knowledge.txt,71,https://openalex.org/W2212437771,https://doi.org/10.1021/jacs.5b10774,2016,Isolation of Hypervalent Group-16 Radicals and Their Application in Organic-Radical Batteries
snapshot_2,Topic_selenium_cathodes_2008-2017_Knowledge.txt,72,https://openalex.org/W2131449268,https://doi.org/10.1149/1.3274126,2010,Fabrication and Photoelectrochemical Behavior of Ordered CIGS Nanowire Arrays for Application in Solar Cells
snapshot_2,Topic_selenium_cathodes_2008-2017_Knowledge.txt,73,https://openalex.org/W2315900117,https://doi.org/10.1515/amm-2015-0009,2015,The Voltammetric Analysis of Selenium Electrodeposition from H2SeO3 Solution on Gold Electrode
snapshot_2,Topic_selenium_cathodes_2008-2017_Knowledge.txt,74,https://openalex.org/W2270669981,https://doi.org/10.1038/ncomms9058,2015,Accommodating lithium into 3D current collectors with a submicron skeleton towards long-life lithium metal anodes
snapshot_2,Topic_selenium_cathodes_2008-2017_Knowledge.txt,75,https://openalex.org/W4233757696,https://doi.org/10.1002/ange.201709176,2017,Mesoporous Carbon@Titanium Nitride Hollow Spheres as an Efficient SeS<sub>2</sub> Host for Advanced Li–SeS<sub>2</sub> Batteries
snapshot_2,Topic_selenium_cathodes_2008-2017_Knowledge.txt,76,https://openalex.org/W2131814640,https://doi.org/10.1186/1475-2859-9-52,2010,Aerobic biogenesis of selenium nanospheres by Bacillus cereus isolated from coalmine soil
snapshot_2,Topic_selenium_cathodes_2008-2017_Knowledge.txt,77,https://openalex.org/W2510860787,https://doi.org/10.1007/s12274-016-1243-2,2016,Encapsulation of selenium sulfide in double-layered hollow carbon spheres as advanced electrode material for lithium storage
snapshot_2,Topic_selenium_cathodes_2008-2017_Knowledge.txt,78,https://openalex.org/W2620962968,https://doi.org/10.1515/chem-2017-0013,2017,Recent Microextraction Techniques for Determination and Chemical Speciation of Selenium
snapshot_2,Topic_selenium_cathodes_2008-2017_Knowledge.txt,79,https://openalex.org/W2325027889,https://doi.org/10.1021/jp103340t,2010,Direct Accessing the Nanostructure of Carbon Supported Ru−Se Based Catalysts by ASAXS
snapshot_2,Topic_selenium_cathodes_2008-2017_Knowledge.txt,80,https://openalex.org/W1924483080,https://doi.org/10.1002/pssa.201330148,2013,The effect of tuning and origin of tolerance to organics of platinum catalytic centers modified by selenium
snapshot_2,Topic_selenium_cathodes_2008-2017_Knowledge.txt,81,https://openalex.org/W2329272378,https://doi.org/10.1021/cg4017849,2014,Photocorrosion-Assisted Transformation of Metal Selenide Nanocrystals into Crystalline Selenium Nanowires
snapshot_2,Topic_selenium_cathodes_2008-2017_Knowledge.txt,82,https://openalex.org/W2427181345,https://doi.org/10.1021/acsami.6b02378,2016,Multifunctional Nitrogen-Doped Loofah Sponge Carbon Blocking Layer for High-Performance Rechargeable Lithium Batteries
snapshot_2,Topic_selenium_cathodes_2008-2017_Knowledge.txt,83,https://openalex.org/W2078626024,https://doi.org/10.1039/b912552c,2010,Nanostructured Pt-alloy electrocatalysts for PEM fuel cell oxygen reduction reaction
snapshot_2,Topic_selenium_cathodes_2008-2017_Knowledge.txt,84,https://openalex.org/W2409778000,https://doi.org/10.1021/acs.chemmater.5b01231,2015,First-Principles Study of Molybdenum Chalcogenide Halide Nanowires for Mg-Ion Battery Cathode Application
snapshot_2,Topic_selenium_cathodes_2008-2017_Knowledge.txt,85,https://openalex.org/W2020031522,https://doi.org/10.1149/1.2943231,2008,Structural Investigation of Carbon Supported Ru-Se Based Catalysts using Anomalous Small Angle X-Ray Scattering
snapshot_2,Topic_selenium_cathodes_2008-2017_Knowledge.txt,86,https://openalex.org/W2010653870,https://doi.org/10.2478/s11532-009-0066-3,2009,Miniaturization of flow-through generation cells for electrochemical hydride generation in AAS
snapshot_2,Topic_selenium_cathodes_2008-2017_Knowledge.txt,87,https://openalex.org/W2026945131,https://doi.org/10.1002/pssa.200881243,2009,"Se activity and its effect on Cu(In,Ga)Se<sub>2</sub>photovoltaic thin films"
snapshot_2,Topic_selenium_cathodes_2008-2017_Knowledge.txt,88,https://openalex.org/W1830220629,https://doi.org/10.24297/jac.v7i3.2373,2011,Electrochemical Behavior of Selenium as Part of Composite Electrode in Sulfuric Acid Medium
snapshot_2,Topic_selenium_cathodes_2008-2017_Knowledge.txt,89,https://openalex.org/W2333341304,https://doi.org/10.4172/2157-7439.1000194,2014,Improved Extraction of Intracellular Biogenic Selenium Nanoparticles and their Specificity for Cancer Chemoprevention
snapshot_2,Topic_selenium_cathodes_2008-2017_Knowledge.txt,90,https://openalex.org/W4237175076,https://doi.org/10.33961/jecst.2013.4.4.140,2013,Electrodeposition of Cu2Se Semiconductor Thin Film on Se-Modified Polycrystalline Au Electrode
snapshot_2,Topic_selenium_cathodes_2008-2017_Knowledge.txt,91,https://openalex.org/W2158508516,https://doi.org/10.3390/ma3042260,2010,Quantum Dots and Their Multimodal Applications: A Review
snapshot_2,Topic_selenium_cathodes_2008-2017_Knowledge.txt,92,https://openalex.org/W2414107837,https://doi.org/10.1039/c6cs00173d,2016,The rise of organic electrode materials for energy storage
snapshot_2,Topic_selenium_cathodes_2008-2017_Knowledge.txt,93,https://openalex.org/W1784388288,https://doi.org/10.1149/2.0341508jes,2015,Simultaneous Production of Electrolytic Metallic Manganese and Electrolytic Manganese Dioxide in an AMI 7001S Anion Exchange Membrane Electrochemical Reactor
snapshot_2,Topic_selenium_cathodes_2008-2017_Knowledge.txt,94,https://openalex.org/W1506303392,https://doi.org/10.1149/2.0451509jes,2015,"Electrodeposition of Copper, Selenium, Indium, and Gallium on Molybdenum/Surface Oxides: Unary, Binary, Ternary and Quaternary Compositions"
snapshot_2,Topic_selenium_cathodes_2008-2017_Knowledge.txt,95,https://openalex.org/W2094265315,https://doi.org/10.1002/pssc.200779413,2008,One‐step electrochemical deposition of CuInSe<sub>2</sub> absorber layers
snapshot_2,Topic_selenium_cathodes_2008-2017_Knowledge.txt,96,https://openalex.org/W2609646580,https://doi.org/10.1007/s12598-017-0910-0,2017,Hierarchical porous carbon derived from animal bone as matric to encapsulated selenium for high performance Li–Se battery
snapshot_2,Topic_selenium_cathodes_2008-2017_Knowledge.txt,97,https://openalex.org/W2071150527,https://doi.org/10.1021/ic9014509,2010,"A New Hexanuclear Iron−Selenium Nitrosyl Cluster: Primary Exploration of the Preparation Methods, Structure, and Spectroscopic and Electrochemical Properties"
snapshot_2,Topic_selenium_cathodes_2008-2017_Knowledge.txt,98,https://openalex.org/W2186443718,https://doi.org/10.1002/9780470682531.pat0571,2011,Electrochemistry of Organic Selenium and Tellurium Compounds
snapshot_2,Topic_selenium_cathodes_2008-2017_Knowledge.txt,99,https://openalex.org/W2338338911,https://doi.org/10.4028/www.scientific.net/kem.682.189,2016,Electrochemical Deposition of Selenium on Copper
snapshot_2,Topic_selenium_cathodes_2008-2017_Knowledge.txt,100,https://openalex.org/W2260385106,https://doi.org/10.1149/ma2014-02/2/106,2014,Micro- and Mesoporous Carbon - Selenium Composite Cathode for Lithium / Selenium Battery
snapshot_2,Topic_selenium_cathodes_2008-2017_Knowledge.txt,101,https://openalex.org/W2560025033,https://doi.org/10.1017/s1431927616004980,2016,Kinetics of Sodium and Selenium Reactions in Sodium Ion Batteries
snapshot_2,Topic_selenium_cathodes_2008-2017_Knowledge.txt,102,https://openalex.org/W1966559571,https://doi.org/10.4028/www.scientific.net/amr.68.69,2009,Electrochemical Deposition and Characterization of Cd-Fe-Se Thin Films
snapshot_2,Topic_selenium_cathodes_2008-2017_Knowledge.txt,103,https://openalex.org/W2509924951,https://doi.org/10.1186/s40643-016-0116-6,2016,Microbial fuel cell: a green approach for the utilization of waste for the generation of bioelectricity
snapshot_2,Topic_selenium_cathodes_2008-2017_Knowledge.txt,104,https://openalex.org/W2401798190,https://doi.org/10.1149/ma2015-01/2/521,2015,Encapsulation of Selenium in Graphene Micro-Ball As a Cathode Material for Lithium-Selenium Secondary Battery Applications
snapshot_2,Topic_selenium_cathodes_2008-2017_Knowledge.txt,105,https://openalex.org/W2607128977,https://doi.org/10.6060/tcct.2017603.5436,2017,ELECTROLYTIC SEPARATION OF SELENIUM FROM LEAD ADMIXTURES
snapshot_2,Topic_selenium_cathodes_2008-2017_Knowledge.txt,106,https://openalex.org/W2167516410,https://doi.org/10.5229/jecst.2013.4.4.140,2013,Electrodeposition of Cu<sub>2</sub>Se Semiconductor Thin Film on Se-Modified Polycrystalline Au Electrode
snapshot_2,Topic_selenium_cathodes_2008-2017_Knowledge.txt,107,https://openalex.org/W884740928,https://doi.org/10.1021/es506149d,2015,Selective Enrichment Establishes a Stable Performing Community for Microbial Electrosynthesis of Acetate from CO<sub>2</sub>
snapshot_2,Topic_selenium_cathodes_2008-2017_Knowledge.txt,108,https://openalex.org/W2346930168,N/A,2016,Different Cathode Architectures for Lithium-Selenium Batteries
snapshot_2,Topic_selenium_cathodes_2008-2017_Knowledge.txt,109,https://openalex.org/W2149524701,https://doi.org/10.1038/srep01401,2013,An Aqueous Rechargeable Lithium Battery Using Coated Li Metal as Anode
snapshot_2,Topic_selenium_cathodes_2008-2017_Knowledge.txt,110,https://openalex.org/W1966517756,https://doi.org/10.1155/2014/359316,2014,Bacteria in Nanoparticle Synthesis: Current Status and Future Prospects
snapshot_2,Topic_selenium_cathodes_2008-2017_Knowledge.txt,111,https://openalex.org/W2137275318,https://doi.org/10.3390/s8010118,2008,Electrochemical Sensors Based on Organic Conjugated Polymers
snapshot_2,Topic_selenium_cathodes_2008-2017_Knowledge.txt,112,https://openalex.org/W2012560801,https://doi.org/10.1039/c4ta00458b,2014,Ultrathin S-doped MoSe<sub>2</sub>nanosheets for efficient hydrogen evolution
snapshot_2,Topic_selenium_cathodes_2008-2017_Knowledge.txt,113,https://openalex.org/W2949191509,https://doi.org/10.1002/chin.201344015,2013,ChemInform Abstract: An Advanced Selenium—Carbon Cathode for Rechargeable Lithium—Selenium Batteries.
snapshot_2,Topic_selenium_cathodes_2008-2017_Knowledge.txt,114,https://openalex.org/W2607825147,https://doi.org/10.1039/c7ee00534b,2017,Compatibility issues between electrodes and electrolytes in solid-state batteries
snapshot_2,Topic_selenium_cathodes_2008-2017_Knowledge.txt,115,https://openalex.org/W2753312755,https://doi.org/10.1116/1.4998940,2017,Review Article: Tracing the recorded history of thin-film sputter deposition: From the 1800s to 2017
snapshot_2,Topic_selenium_cathodes_2008-2017_Knowledge.txt,116,https://openalex.org/W2346209736,https://doi.org/10.1149/ma2016-03/2/986,2016,Reaction Mechanism and Dynamics of Selenium As Cathode for High Energy Density Lithium-Ion Battery
snapshot_2,Topic_selenium_cathodes_2008-2017_Knowledge.txt,117,https://openalex.org/W2943103192,https://doi.org/10.1002/celc.201701297,2017,Cover Feature: Hybrid Sulfur−Selenium Co‐polymers as Cathodic Materials for Lithium Batteries (ChemElectroChem 2/2018)
snapshot_2,Topic_selenium_cathodes_2008-2017_Knowledge.txt,118,https://openalex.org/W2073016292,https://doi.org/10.1002/elan.200704098,2008,Voltammetry of Selenium(+4) in Atmospheric Precipitates
snapshot_2,Topic_selenium_cathodes_2008-2017_Knowledge.txt,119,https://openalex.org/W2745464750,https://doi.org/10.1039/c6cs00752j,2017,Counter electrodes in dye-sensitized solar cells
snapshot_2,Topic_selenium_cathodes_2008-2017_Knowledge.txt,120,https://openalex.org/W2161115018,https://doi.org/10.1186/2052-336x-12-36,2014,Electronic waste – an emerging threat to the environment of urban India
snapshot_2,Topic_selenium_cathodes_2008-2017_Knowledge.txt,121,https://openalex.org/W2734741546,https://doi.org/10.1149/ma2017-02/5/476,2017,Exceptional Energy and New Insight with Sodium – Selenium Battery Based on Carbon Nanosheet Cathode and Pseudographite Anode
snapshot_2,Topic_selenium_cathodes_2008-2017_Knowledge.txt,122,https://openalex.org/W2086176981,https://doi.org/10.3390/resources3010152,2014,Metal Extraction Processes for Electronic Waste and Existing Industrial Routes: A Review and Australian Perspective
snapshot_2,Topic_selenium_cathodes_2008-2017_Knowledge.txt,123,https://openalex.org/W2579915998,N/A,2015,Serum concentration of selenium among healthy adult in the west of Algeria
snapshot_2,Topic_selenium_cathodes_2008-2017_Knowledge.txt,124,https://openalex.org/W2329607579,https://doi.org/10.14288/1.0078655,2009,Minor element behavior in the INCO CRED process
snapshot_2,Topic_selenium_cathodes_2008-2017_Knowledge.txt,125,https://openalex.org/W2745916776,https://doi.org/10.1002/aenm.201700826,2017,Macroscopic‐Scale Three‐Dimensional Carbon Nanofiber Architectures for Electrochemical Energy Storage Devices
snapshot_2,Topic_selenium_cathodes_2008-2017_Knowledge.txt,126,https://openalex.org/W1904504745,https://doi.org/10.1109/tsipn.2015.2448520,2015,Joint Optimization of Radio and Computational Resources for Multicell Mobile-Edge Computing
snapshot_2,Topic_selenium_cathodes_2008-2017_Knowledge.txt,127,https://openalex.org/W230617320,https://doi.org/10.17221/113/2010-pse,2010,Selenium biofortification and antioxidant activity in lettuce plants fed with selenate and selenite
snapshot_2,Topic_selenium_cathodes_2008-2017_Knowledge.txt,128,https://openalex.org/W1981124143,https://doi.org/10.1118/1.3694667,2012,High resolution stationary digital breast tomosynthesis using distributed carbon nanotube x‐ray source array
snapshot_2,Topic_selenium_cathodes_2008-2017_Knowledge.txt,129,https://openalex.org/W4246046614,https://doi.org/10.1149/ma2010-03/1/496,2010,Selenium Nanorod-Polypyrrole Nanocomposite: A New Cathode Material for Lithium-Ion Battery
snapshot_2,Topic_selenium_cathodes_2008-2017_Knowledge.txt,130,https://openalex.org/W2016345434,https://doi.org/10.1109/inec.2013.6466040,2013,Development of a high sensitivity photodetector using amorphous selenium and diamond cold cathode
snapshot_2,Topic_selenium_cathodes_2008-2017_Knowledge.txt,131,https://openalex.org/W2026174404,https://doi.org/10.1103/physrevb.82.155463,2010,First-principles study of formation of Se submonolayer structures on Ru surfaces
snapshot_2,Topic_selenium_cathodes_2008-2017_Knowledge.txt,132,https://openalex.org/W2316231412,https://doi.org/10.5796/electrochemistry.77.801,2009,Generation of Selenonium Ylides from Selenonium Salts by Electrochemical Reduction and their Reactions
snapshot_2,Topic_selenium_cathodes_2008-2017_Knowledge.txt,133,https://openalex.org/W2431039770,https://doi.org/10.1007/s00217-015-2580-1,2015,Phenolic composition and antioxidant properties of Pleurotus ostreatus and Pleurotus eryngii enriched with selenium and zinc
snapshot_2,Topic_selenium_cathodes_2008-2017_Knowledge.txt,134,https://openalex.org/W2085055821,https://doi.org/10.1039/b910206j,2009,"Boron-doped diamond electrode: synthesis, characterization, functionalization and analytical applications"
snapshot_2,Topic_selenium_cathodes_2008-2017_Knowledge.txt,135,https://openalex.org/W1843319742,N/A,2011,Ultraviolet photodetector using a-Se anode and diamond cold cathode
snapshot_2,Topic_selenium_cathodes_2008-2017_Knowledge.txt,136,https://openalex.org/W2003335879,https://doi.org/10.3390/ijms150813849,2014,Antibacterial Surface Treatment for Orthopaedic Implants
snapshot_2,Topic_selenium_cathodes_2008-2017_Knowledge.txt,137,https://openalex.org/W2047724213,https://doi.org/10.1117/12.844809,2010,Amorphous selenium lateral Frisch photodetector and photomultiplier for high performance medical x-ray and gamma-ray imaging applications
snapshot_2,Topic_selenium_cathodes_2008-2017_Knowledge.txt,138,https://openalex.org/W2415383868,https://doi.org/10.1038/srep12486,2015,Rechargeable magnesium-ion battery based on a TiSe2-cathode with d-p orbital hybridized electronic structure
snapshot_2,Topic_selenium_cathodes_2008-2017_Knowledge.txt,139,https://openalex.org/W2112152274,https://doi.org/10.1039/c4en00059e,2014,Environmental science and engineering applications of nanocellulose-based nanocomposites
snapshot_2,Topic_selenium_cathodes_2008-2017_Knowledge.txt,140,https://openalex.org/W1996371855,https://doi.org/10.1109/ivnc.2013.6624739,2013,Amorphous selenium (a-Se) based wide wave-range photodetector driven by diamond cold cathode
snapshot_2,Topic_selenium_cathodes_2008-2017_Knowledge.txt,141,https://openalex.org/W2759728677,https://doi.org/10.1109/ivnc.2017.8051611,2017,Characterization of amorphous selenium based photoconductor for a high-sensitivity photodetector driven by diamond cold cathode
snapshot_2,Topic_selenium_cathodes_2008-2017_Knowledge.txt,142,https://openalex.org/W1740585651,https://doi.org/10.1264/jsme2.me15028,2015,Biotechnological Aspects of Microbial Extracellular Electron Transfer
snapshot_2,Topic_selenium_cathodes_2008-2017_Knowledge.txt,143,https://openalex.org/W2104188986,https://doi.org/10.1155/2014/727496,2014,Titanium Dioxide as a Catalyst Support in Heterogeneous Catalysis
snapshot_2,Topic_selenium_cathodes_2008-2017_Knowledge.txt,144,https://openalex.org/W2298753026,https://doi.org/10.1021/acs.chemmater.5b04013,2015,Computational and Experimental Investigations of Na-Ion Conduction in Cubic Na<sub>3</sub>PSe<sub>4</sub>
snapshot_2,Topic_selenium_cathodes_2008-2017_Knowledge.txt,145,https://openalex.org/W2117655655,https://doi.org/10.3389/fchem.2014.00019,2014,Electrochemical sensors and devices for heavy metals assay in water: the French groups' contribution
snapshot_2,Topic_selenium_cathodes_2008-2017_Knowledge.txt,146,https://openalex.org/W1539591167,https://doi.org/10.5006/c2008-08653,2008,Gene Array Analysis of Sulfate-Reducing Bacteria Grown on an Iron Electrode under Conditions of Cathodic Protection
snapshot_2,Topic_selenium_cathodes_2008-2017_Knowledge.txt,147,https://openalex.org/W1974288475,https://doi.org/10.1289/ehp.1002452,2010,Developmental Neurotoxicants in E-Waste: An Emerging Health Concern
snapshot_2,Topic_selenium_cathodes_2008-2017_Knowledge.txt,148,https://openalex.org/W2762921792,https://doi.org/10.1039/c7ta06971e,2017,"Recent advances in ternary two-dimensional materials: synthesis, properties and applications"
snapshot_2,Topic_selenium_cathodes_2008-2017_Knowledge.txt,149,https://openalex.org/W2611055729,https://doi.org/10.1149/ma2008-01/9/321,2008,Preparation Strategies and Structural Characterization of Selenium Modified Ruthenium Nano-Particles as Cathode Catalyst for PEM Fuel Cells.
snapshot_2,Topic_selenium_cathodes_2008-2017_Knowledge.txt,150,https://openalex.org/W2404252981,https://doi.org/10.1038/am.2016.61,2016,Graphene quantum dots: structural integrity and oxygen functional groups for high sulfur/sulfide utilization in lithium sulfur batteries
snapshot_2,Topic_selenium_cathodes_2008-2017_Knowledge.txt,151,https://openalex.org/W2082823718,https://doi.org/10.3389/fpls.2013.00478,2013,Implications of the lack of desiccation tolerance in recalcitrant seeds
snapshot_2,Topic_selenium_cathodes_2008-2017_Knowledge.txt,152,https://openalex.org/W2333618737,https://doi.org/10.1038/srep23699,2016,Graphitic Carbon-Coated FeSe2 Hollow Nanosphere-Decorated Reduced Graphene Oxide Hybrid Nanofibers as an Efficient Anode Material for Sodium Ion Batteries
snapshot_2,Topic_selenium_cathodes_2008-2017_Knowledge.txt,153,https://openalex.org/W2024842404,https://doi.org/10.1118/1.3213520,2009,Design and characterization of a spatially distributed multibeam field emission x‐ray source for stationary digital breast tomosynthesis
snapshot_2,Topic_selenium_cathodes_2008-2017_Knowledge.txt,154,https://openalex.org/W2290210705,https://doi.org/10.4314/tjpr.v15i2.29,2016,Main Analytical Techniques Used for Elemental Analysis in Various Matrices
snapshot_2,Topic_selenium_cathodes_2008-2017_Knowledge.txt,155,https://openalex.org/W2780609546,https://doi.org/10.3390/app8010022,2017,Facile Synthesis of Two-Dimensional Porous MgCo2O4 Nanosheets as Anode for Lithium-Ion Batteries
snapshot_2,Topic_selenium_cathodes_2008-2017_Knowledge.txt,156,https://openalex.org/W2727854213,https://doi.org/10.3390/en10070860,2017,Site-Dependent Environmental Impacts of Industrial Hydrogen Production by Alkaline Water Electrolysis
snapshot_2,Topic_selenium_cathodes_2008-2017_Knowledge.txt,157,https://openalex.org/W2098419397,https://doi.org/10.5402/2012/827645,2012,Monitoring of Heavy Metal Content in Fruits and Vegetables Collected from Production and Market Sites in the Misurata Area of Libya
snapshot_2,Topic_selenium_cathodes_2008-2017_Knowledge.txt,158,https://openalex.org/W2033952333,https://doi.org/10.1371/journal.pone.0083060,2013,"Assessing Plasma Levels of Selenium, Copper, Iron and Zinc in Patients of Parkinson’s Disease"
snapshot_2,Topic_selenium_cathodes_2008-2017_Knowledge.txt,159,https://openalex.org/W2031270748,https://doi.org/10.1155/2013/805284,2012,Mineral Composition of Four Edible Mushrooms
snapshot_2,Topic_selenium_cathodes_2008-2017_Knowledge.txt,160,https://openalex.org/W1977689463,https://doi.org/10.1088/0957-4484/19/42/424007,2008,Factors determining the photovoltaic performance of a CdSe quantum dot sensitized solar cell: the role of the linker molecule and of the counter electrode
snapshot_2,Topic_selenium_cathodes_2008-2017_Knowledge.txt,161,https://openalex.org/W2321107010,https://doi.org/10.1149/1.3422511,2010,Cathodic Deposition of ZnSe on Copper Substrates
snapshot_2,Topic_selenium_cathodes_2008-2017_Knowledge.txt,162,https://openalex.org/W1569731142,https://doi.org/10.3390/catal5031079,2015,Microwave Synthesis of High Activity FeSe2/C Catalyst toward Oxygen Reduction Reaction
snapshot_2,Topic_selenium_cathodes_2008-2017_Knowledge.txt,163,https://openalex.org/W2187046942,https://doi.org/10.25103/jestr.031.32,2010,E-waste: Environmental Problems and Current Management
snapshot_2,Topic_selenium_cathodes_2008-2017_Knowledge.txt,164,https://openalex.org/W2584283542,https://doi.org/10.1038/ncomms14224,2017,Self-surface charge exfoliation and electrostatically coordinated 2D hetero-layered hybrids
snapshot_2,Topic_selenium_cathodes_2008-2017_Knowledge.txt,165,https://openalex.org/W2132434677,https://doi.org/10.5194/soil-1-35-2015,2015,"The past, present, and future of soils and human health studies"
snapshot_2,Topic_selenium_cathodes_2008-2017_Knowledge.txt,166,https://openalex.org/W2059071822,https://doi.org/10.1590/s1415-52732010000200010,2010,Composição química de nozes e sementes comestíveis e sua relação com a nutrição e saúde
snapshot_2,Topic_selenium_cathodes_2008-2017_Knowledge.txt,167,https://openalex.org/W1994782303,https://doi.org/10.1021/nn502588k,2014,"Highly Flexible, Electrically Driven, Top-Emitting, Quantum Dot Light-Emitting Stickers"
snapshot_2,Topic_selenium_cathodes_2008-2017_Knowledge.txt,168,https://openalex.org/W2119738056,https://doi.org/10.1186/s40580-015-0048-4,2015,"Synthesis, properties and potential applications of two-dimensional transition metal dichalcogenides"
snapshot_2,Topic_selenium_cathodes_2008-2017_Knowledge.txt,169,https://openalex.org/W2147173298,https://doi.org/10.1111/1574-6976.12026,2013,"Antimicrobial strategies centered around reactive oxygen species – bactericidal antibiotics, photodynamic therapy, and beyond"
snapshot_2,Topic_selenium_cathodes_2008-2017_Knowledge.txt,170,https://openalex.org/W2158845561,https://doi.org/10.1039/c4ra11827h,2014,Polypyrrole derivatives for electrochromic applications
snapshot_2,Topic_selenium_cathodes_2008-2017_Knowledge.txt,171,https://openalex.org/W2465112285,https://doi.org/10.3390/molecules21070900,2016,Photocatalytic Water Splitting—The Untamed Dream: A Review of Recent Advances
snapshot_2,Topic_selenium_cathodes_2008-2017_Knowledge.txt,172,https://openalex.org/W2015943724,https://doi.org/10.1155/2012/393160,2011,Facile Synthesis of Colloidal CuO Nanocrystals for Light‐Harvesting Applications
snapshot_2,Topic_selenium_cathodes_2008-2017_Knowledge.txt,173,https://openalex.org/W2104743692,https://doi.org/10.1186/1754-6834-2-7,2009,Controlling accumulation of fermentation inhibitors in biorefinery recycle water using microbial fuel cells
snapshot_2,Topic_selenium_cathodes_2008-2017_Knowledge.txt,174,https://openalex.org/W2592660491,https://doi.org/10.5772/65702,2017,Advance Deposition Techniques for Thin Film and Coating
snapshot_2,Topic_selenium_cathodes_2008-2017_Knowledge.txt,175,https://openalex.org/W2385207738,N/A,2014,Non-selenium Electrodeposition of Metal Manganese Using Ion Membrane Electrolyzer
snapshot_2,Topic_selenium_cathodes_2008-2017_Knowledge.txt,176,https://openalex.org/W2561025280,https://doi.org/10.1038/am.2016.191,2016,Restoration of thermally reduced graphene oxide by atomic-level selenium doping
snapshot_2,Topic_selenium_cathodes_2008-2017_Knowledge.txt,177,https://openalex.org/W2465691616,N/A,2015,Modeling and fault detection of an industrial copper electrowinning process
snapshot_2,Topic_selenium_cathodes_2008-2017_Knowledge.txt,178,https://openalex.org/W638049136,https://doi.org/10.1038/srep10022,2015,Nonvolatile Bio-Memristor Fabricated with Egg Albumen Film
snapshot_2,Topic_selenium_cathodes_2008-2017_Knowledge.txt,179,https://openalex.org/W2023342396,https://doi.org/10.4067/s0717-97072008000300001,2008,"ORGANIC PHOTOVOLTAIC CELLS: HISTORY, PRINCIPLE AND TECHNIQUES"
snapshot_2,Topic_selenium_cathodes_2008-2017_Knowledge.txt,180,https://openalex.org/W2026090675,https://doi.org/10.1109/tns.2013.2248381,2013,Simulation Study of Plasma Display Panel-Based&lt;newline/&gt; Flat Panel X-Ray Detector
snapshot_2,Topic_selenium_cathodes_2008-2017_Knowledge.txt,181,https://openalex.org/W1887612414,https://doi.org/10.1039/c5cp01841b,2015,Stability and ionic mobility in argyrodite-related lithium-ion solid electrolytes
snapshot_2,Topic_selenium_cathodes_2008-2017_Knowledge.txt,182,https://openalex.org/W2289899172,https://doi.org/10.1038/srep22432,2016,Na-ion Storage Performances of FeSex and Fe2O3 Hollow Nanoparticles-Decorated Reduced Graphene Oxide Balls prepared by Nanoscale Kirkendall Diffusion Process
snapshot_2,Topic_selenium_cathodes_2008-2017_Knowledge.txt,183,https://openalex.org/W2035428425,https://doi.org/10.1155/2014/613173,2014,A Review on Development Prospect of CZTS Based Thin Film Solar Cells
snapshot_2,Topic_selenium_cathodes_2008-2017_Knowledge.txt,184,https://openalex.org/W2223956782,https://doi.org/10.1039/c5gc02625c,2016,A large-scale synthesis of heteroatom (N and S) co-doped hierarchically porous carbon (HPC) derived from polyquaternium for superior oxygen reduction reactivity
snapshot_2,Topic_selenium_cathodes_2008-2017_Knowledge.txt,185,https://openalex.org/W2101950781,https://doi.org/10.4141/cjas07102,2008,"Effects of supplementing layer hen diets with selenium and vitamin E on egg quality, lipid oxidation and fatty acid composition during storage"
snapshot_2,Topic_selenium_cathodes_2008-2017_Knowledge.txt,186,https://openalex.org/W2152004144,https://doi.org/10.1002/adma.200801984,2009,Nanomaterials for Neural Interfaces
snapshot_2,Topic_selenium_cathodes_2008-2017_Knowledge.txt,187,https://openalex.org/W2276552364,https://doi.org/10.1021/acs.analchem.5b03128,2015,Hydride Generation for Headspace Solid-Phase Extraction with CdTe Quantum Dots Immobilized on Paper for Sensitive Visual Detection of Selenium
snapshot_2,Topic_selenium_cathodes_2008-2017_Knowledge.txt,188,https://openalex.org/W2607840508,https://doi.org/10.1039/c7ta01384a,2017,Advances and challenges of nanostructured electrodes for Li–Se batteries
snapshot_2,Topic_selenium_cathodes_2008-2017_Knowledge.txt,189,https://openalex.org/W2492282451,https://doi.org/10.1515/intox-2015-0023,2015,"Effect of chronic exposure to cadmium on serum lipid, lipoprotein and oxidative stress indices in male rats"
snapshot_2,Topic_selenium_cathodes_2008-2017_Knowledge.txt,190,https://openalex.org/W2588804373,https://doi.org/10.1039/c7nr00460e,2017,An efficient ternary CoP<sub>2x</sub>Se<sub>2(1−x)</sub>nanowire array for overall water splitting
snapshot_2,Topic_selenium_cathodes_2008-2017_Knowledge.txt,191,https://openalex.org/W2097367553,https://doi.org/10.1093/hmg/ddr305,2011,Muscle choline kinase beta defect causes mitochondrial dysfunction and increased mitophagy
snapshot_2,Topic_selenium_cathodes_2008-2017_Knowledge.txt,192,https://openalex.org/W2179951883,https://doi.org/10.1080/00380768.2015.1075363,2015,"Concentrations and characteristics of selenium in soil samples from Dashan Region, a selenium-enriched area in China"
snapshot_2,Topic_selenium_cathodes_2008-2017_Knowledge.txt,193,https://openalex.org/W2585165798,https://doi.org/10.1088/1361-6463/aa53d7,2017,Semi-transparent solar cells
snapshot_2,Topic_selenium_cathodes_2008-2017_Knowledge.txt,194,https://openalex.org/W2747791402,https://doi.org/10.1149/2.1131712jes,2017,Application of a Sulfur Cathode in Nucleophilic Electrolytes for Magnesium/Sulfur Batteries
snapshot_2,Topic_selenium_cathodes_2008-2017_Knowledge.txt,195,https://openalex.org/W2510366107,https://doi.org/10.1007/s40789-016-0141-2,2016,Recovery of metals and other beneficial products from coal fly ash: a sustainable approach for fly ash management
snapshot_2,Topic_selenium_cathodes_2008-2017_Knowledge.txt,196,https://openalex.org/W2041061622,https://doi.org/10.1118/1.4892382,2014,Amorphous In–Ga–Zn–O thin‐film transistor active pixel sensor x‐ray imager for digital breast tomosynthesis
snapshot_2,Topic_selenium_cathodes_2008-2017_Knowledge.txt,197,https://openalex.org/W2767007415,https://doi.org/10.3390/recycling2040019,2017,Primary Copper Smelter and Refinery as a Recycling Plant—A System Integrated Approach to Estimate Secondary Raw Material Tolerance
snapshot_2,Topic_selenium_cathodes_2008-2017_Knowledge.txt,198,https://openalex.org/W2592076535,https://doi.org/10.1038/srep43582,2017,Facile Synthesis of Layer Structured GeP3/C with Stable Chemical Bonding for Enhanced Lithium-Ion Storage
snapshot_2,Topic_selenium_cathodes_2008-2017_Knowledge.txt,199,https://openalex.org/W2121081898,https://doi.org/10.1118/1.3121505,2009,An exposure indicator for digital radiography: AAPM Task Group 116 (Executive Summary)
snapshot_2,Topic_selenium_cathodes_2008-2017_Knowledge.txt,200,https://openalex.org/W2591265718,https://doi.org/10.5772/64935,2017,Electrodeposition from Deep Eutectic Solvents
snapshot_2,Topic_selenium_cathodes_2008-2017_Knowledge.txt,201,https://openalex.org/W2601479552,https://doi.org/10.1039/c7gc00334j,2017,Dissolution of pyrite and other Fe–S–As minerals using deep eutectic solvents
snapshot_2,Topic_selenium_cathodes_2008-2017_Knowledge.txt,202,https://openalex.org/W2004619312,https://doi.org/10.1109/nssmic.2012.6551736,2012,Simulation study of plasma display panel with GMD structure for x-ray imaging detector
snapshot_2,Topic_selenium_cathodes_2008-2017_Knowledge.txt,203,https://openalex.org/W1995204248,https://doi.org/10.1155/2011/729651,2011,A New Spectrophotometric Method for Determination of Selenium in Cosmetic and Pharmaceutical Preparations after Preconcentration with Cloud Point Extraction
snapshot_2,Topic_selenium_cathodes_2008-2017_Knowledge.txt,204,https://openalex.org/W4254010145,https://doi.org/10.33961/jecst.2013.4.1.1,2013,Electrochemistry of Gallium
snapshot_2,Topic_selenium_cathodes_2008-2017_Knowledge.txt,205,https://openalex.org/W2136135290,https://doi.org/10.3390/ijms12010476,2011,High Photoelectric Conversion Efficiency of Metal Phthalocyanine/Fullerene Heterojunction Photovoltaic Device
snapshot_2,Topic_selenium_cathodes_2008-2017_Knowledge.txt,206,https://openalex.org/W1979720876,https://doi.org/10.1007/s11434-013-5751-0,2013,Application of chemical vapor generation in ICP-MS: A review
snapshot_2,Topic_selenium_cathodes_2008-2017_Knowledge.txt,207,https://openalex.org/W1979739762,https://doi.org/10.1371/journal.pone.0032988,2012,You Are What You Eat: Within-Subject Increases in Fruit and Vegetable Consumption Confer Beneficial Skin-Color Changes
snapshot_2,Topic_selenium_cathodes_2008-2017_Knowledge.txt,208,https://openalex.org/W4246141226,https://doi.org/10.2298/jmmb0901001h,2009,Recent trends in extractive metallurgy
snapshot_2,Topic_selenium_cathodes_2008-2017_Knowledge.txt,209,https://openalex.org/W2077109440,https://doi.org/10.3390/nu6031251,2014,Selenium Fortification of an Italian Rice Cultivar via Foliar Fertilization with Sodium Selenate and Its Effects on Human Serum Selenium Levels and on Erythrocyte Glutathione Peroxidase Activity
snapshot_2,Topic_selenium_cathodes_2008-2017_Knowledge.txt,210,https://openalex.org/W2739724494,https://doi.org/10.1038/s41598-017-07783-8,2017,Metal oxide nanostructures by a simple hot water treatment
snapshot_2,Topic_selenium_cathodes_2008-2017_Knowledge.txt,211,https://openalex.org/W2293027586,https://doi.org/10.1007/s40726-016-0028-2,2016,Natural Arsenic in Global Groundwaters: Distribution and Geochemical Triggers for Mobilization
snapshot_2,Topic_selenium_cathodes_2008-2017_Knowledge.txt,212,https://openalex.org/W16556452,https://doi.org/10.17221/136/2010-cjfs,2011,Effect of buckwheat flour on microelements and proteins contents in gluten-free bread
snapshot_2,Topic_selenium_cathodes_2008-2017_Knowledge.txt,213,https://openalex.org/W2159599503,https://doi.org/10.7150/ijms.6104,2013,Status of Essential Trace Minerals and Oxidative Stress in Viral Hepatitis C Patients with Nonalcoholic Fatty Liver Disease
snapshot_2,Topic_selenium_cathodes_2008-2017_Knowledge.txt,214,https://openalex.org/W2763463281,https://doi.org/10.3390/ma10101158,2017,Biomass Derived Nitrogen-Doped Highly Porous Carbon Material with a Hierarchical Porous Structure for High-Performance Lithium/Sulfur Batteries
snapshot_2,Topic_selenium_cathodes_2008-2017_Knowledge.txt,215,https://openalex.org/W2618722092,https://doi.org/10.1007/s00217-017-2921-3,2017,Bio-enriched Pleurotus mushrooms for deficiency control and improved antioxidative protection of human platelets?
snapshot_2,Topic_selenium_cathodes_2008-2017_Knowledge.txt,216,https://openalex.org/W2175156715,https://doi.org/10.3390/w7126657,2015,Technologies for Decentralized Fluoride Removal: Testing Metallic Iron-based Filters
snapshot_2,Topic_selenium_cathodes_2008-2017_Knowledge.txt,217,https://openalex.org/W2066800966,https://doi.org/10.4061/2011/684535,2011,An Investigation of Palladium Oxygen Reduction Catalysts for the Direct Methanol Fuel Cell
snapshot_2,Topic_selenium_cathodes_2008-2017_Knowledge.txt,218,https://openalex.org/W1502615280,https://doi.org/10.1029/2007gb003124,2008,Potential cobalt limitation of vitamin B<sub>12</sub> synthesis in the North Atlantic Ocean
snapshot_2,Topic_selenium_cathodes_2008-2017_Knowledge.txt,219,https://openalex.org/W2302352505,https://doi.org/10.2147/nsa.s101818,2016,Applications and toxicity of graphene family nanomaterials and their composites
snapshot_2,Topic_selenium_cathodes_2008-2017_Knowledge.txt,220,https://openalex.org/W1986337615,https://doi.org/10.1002/elan.200970017,2010,A Decade with Bismuth‐Based Electrodes in Electroanalysis
snapshot_2,Topic_selenium_cathodes_2008-2017_Knowledge.txt,221,https://openalex.org/W2314708222,https://doi.org/10.1021/nn503458y,2014,"Surface Functionalization of Semiconductor and Oxide Nanocrystals with Small Inorganic Oxoanions (PO<sub>4</sub><sup>3–</sup>, MoO<sub>4</sub><sup>2–</sup>) and Polyoxometalate Ligands"
snapshot_2,Topic_selenium_cathodes_2008-2017_Knowledge.txt,222,https://openalex.org/W2132089826,https://doi.org/10.2147/nsa.s9040,2011,"The design, fabrication, and photocatalytic utility of nanostructured semiconductors: focus on TiO2-based nanostructures"
snapshot_2,Topic_selenium_cathodes_2008-2017_Knowledge.txt,223,https://openalex.org/W2628373425,https://doi.org/10.1088/1361-6641/aa7ade,2017,Atomic layer deposition: an enabling technology for the growth of functional nanoscale semiconductors
snapshot_2,Topic_selenium_cathodes_2008-2017_Knowledge.txt,224,https://openalex.org/W2076765548,https://doi.org/10.1038/srep04063,2014,Few-Layer MoSe2 Possessing High Catalytic Activity towards Iodide/Tri-iodide Redox Shuttles
snapshot_2,Topic_selenium_cathodes_2008-2017_Knowledge.txt,225,https://openalex.org/W2107375034,https://doi.org/10.3390/s91007903,2009,Determination of Diclofenac on a Dysprosium Nanowire- Modified Carbon Paste Electrode Accomplished in a Flow Injection System by Advanced Filtering
snapshot_2,Topic_selenium_cathodes_2008-2017_Knowledge.txt,226,https://openalex.org/W2412234405,https://doi.org/10.3389/fmicb.2016.00694,2016,Gas Fermentation—A Flexible Platform for Commercial Scale Production of Low-Carbon-Fuels and Chemicals from Waste and Renewable Feedstocks
snapshot_2,Topic_selenium_cathodes_2008-2017_Knowledge.txt,227,https://openalex.org/W2090388810,https://doi.org/10.1007/s10535-014-0407-8,2014,Effect of selenium on distribution of macro- and micro-elements to different tissues during wheat ontogeny
snapshot_2,Topic_selenium_cathodes_2008-2017_Knowledge.txt,228,https://openalex.org/W2396331984,https://doi.org/10.1038/srep13214,2015,Fullerene-Structured MoSe2 Hollow Spheres Anchored on Highly Nitrogen-Doped Graphene as a Conductive Catalyst for Photovoltaic Applications
snapshot_2,Topic_selenium_cathodes_2008-2017_Knowledge.txt,229,https://openalex.org/W2190454209,https://doi.org/10.1103/physrevb.94.045105,2016,Computational and experimental investigation for new transition metal selenides and sulfides: The importance of experimental verification for stability
snapshot_2,Topic_selenium_cathodes_2008-2017_Knowledge.txt,230,https://openalex.org/W2049891753,https://doi.org/10.1038/ismej.2011.114,2011,Black reefs: iron-induced phase shifts on coral reefs
snapshot_2,Topic_selenium_cathodes_2008-2017_Knowledge.txt,231,https://openalex.org/W2576354485,https://doi.org/10.1002/fsn3.455,2017,"Nutrient composition, functional, and pasting properties of unripe cooking banana, pigeon pea, and sweetpotato flour blends"
snapshot_2,Topic_selenium_cathodes_2008-2017_Knowledge.txt,232,https://openalex.org/W2001235479,https://doi.org/10.1038/srep03195,2013,Highly Efficient Oxygen Reduction Electrocatalysts based on Winged Carbon Nanotubes
snapshot_2,Topic_selenium_cathodes_2008-2017_Knowledge.txt,233,https://openalex.org/W1976804253,https://doi.org/10.1039/c4dt00539b,2014,[NiFe] hydrogenases: how close do structural and functional mimics approach the active site?
snapshot_2,Topic_selenium_cathodes_2008-2017_Knowledge.txt,234,https://openalex.org/W2121371370,https://doi.org/10.1155/2012/369572,2012,Phytotoxicity by Lead as Heavy Metal Focus on Oxidative Stress
snapshot_2,Topic_selenium_cathodes_2008-2017_Knowledge.txt,235,https://openalex.org/W2346333723,https://doi.org/10.1002/adma.201600278,2016,Layer Engineering of 2D Semiconductor Junctions
snapshot_2,Topic_selenium_cathodes_2008-2017_Knowledge.txt,236,https://openalex.org/W1800503520,https://doi.org/10.1039/c5ta05666g,2015,Recent progress in micro-scale energy storage devices and future aspects
snapshot_2,Topic_selenium_cathodes_2008-2017_Knowledge.txt,237,https://openalex.org/W2561465008,https://doi.org/10.3390/catal7010001,2016,The New Graphene Family Materials: Synthesis and Applications in Oxygen Reduction Reaction
snapshot_2,Topic_selenium_cathodes_2008-2017_Knowledge.txt,238,https://openalex.org/W1978786449,https://doi.org/10.3390/ijerph5050418,2008,Immunological and Biochemical Markers in Oral Carcinogenesis: The Public Health Perspective
snapshot_2,Topic_selenium_cathodes_2008-2017_Knowledge.txt,239,https://openalex.org/W2032942749,https://doi.org/10.3390/nu5041456,2013,Zinc Supplementation Alters Plasma Aluminum and Selenium Status of Patients Undergoing Dialysis: A Pilot Study
snapshot_2,Topic_selenium_cathodes_2008-2017_Knowledge.txt,240,https://openalex.org/W2328389839,https://doi.org/10.1515/revac-2014-0012,2014,Plasma-induced vapor generation technique for analytical atomic spectrometry
snapshot_2,Topic_selenium_cathodes_2008-2017_Knowledge.txt,241,https://openalex.org/W2949695872,https://doi.org/10.1021/cr100295j,2011,Ring Expansion of Cyclobutylmethylcarbenium Ions to Cyclopentane or Cyclopentene Derivatives and Metal-Promoted Analogous Rearrangements
snapshot_2,Topic_selenium_cathodes_2008-2017_Knowledge.txt,242,https://openalex.org/W2754472130,https://doi.org/10.3390/membranes7030054,2017,The Role of Ion Exchange Membranes in Membrane Capacitive Deionisation
snapshot_2,Topic_selenium_cathodes_2008-2017_Knowledge.txt,243,https://openalex.org/W1982863651,https://doi.org/10.1155/2013/835371,2013,The Determination of Arsenic Compounds: A Critical Review
snapshot_2,Topic_selenium_cathodes_2008-2017_Knowledge.txt,244,https://openalex.org/W2334168384,https://doi.org/10.1515/revac-2013-0003,2013,Speciation and determination of mercury by various analytical techniques
snapshot_2,Topic_selenium_cathodes_2008-2017_Knowledge.txt,245,https://openalex.org/W2049366238,https://doi.org/10.2147/nsa.s8199,2010,Nanoparticles as biochemical sensors
snapshot_2,Topic_selenium_cathodes_2008-2017_Knowledge.txt,246,https://openalex.org/W2766084293,https://doi.org/10.1021/acs.chemmater.7b02909,2017,Role of Point Defects in Spinel Mg Chalcogenide Conductors
snapshot_2,Topic_selenium_cathodes_2008-2017_Knowledge.txt,247,https://openalex.org/W2106573275,https://doi.org/10.3762/bjoc.6.88,2010,Aromatic and heterocyclic perfluoroalkyl sulfides. Methods of preparation
snapshot_2,Topic_selenium_cathodes_2008-2017_Knowledge.txt,248,https://openalex.org/W2034933865,https://doi.org/10.1093/jxb/ert160,2013,Pattern of iron distribution in maternal and filial tissues in wheat grains with contrasting levels of iron
snapshot_2,Topic_selenium_cathodes_2008-2017_Knowledge.txt,249,https://openalex.org/W1984398397,https://doi.org/10.1038/srep00451,2012,Homogeneous Photosensitization of Complex TiO2 Nanostructures for Efficient Solar Energy Conversion
snapshot_2,Topic_selenium_cathodes_2008-2017_Knowledge.txt,250,https://openalex.org/W2474024067,https://doi.org/10.5772/61332,2016,"The Generation, Composition, Collection, Treatment and Disposal System, and Impact of E-Waste"
snapshot_2,Topic_selenium_cathodes_2008-2017_Knowledge.txt,251,https://openalex.org/W2059506541,https://doi.org/10.3177/jnsv.57.177,2011,Naringenin in Combination with Vitamins C and E Potentially Protects Oxidative Stress-Mediated Hepatic Injury in Cadmium-Intoxicated Rats
snapshot_2,Topic_selenium_cathodes_2008-2017_Knowledge.txt,252,https://openalex.org/W2095914976,https://doi.org/10.3346/jkms.2012.27.5.532,2012,"Longitudinal Study on Trace Mineral Compositions (Selenium, Zinc, Copper, Manganese) in Korean Human Preterm Milk"
snapshot_2,Topic_selenium_cathodes_2008-2017_Knowledge.txt,253,https://openalex.org/W1492199623,https://doi.org/10.5772/52025,2013,Determination of Trace Metals in Waste Water and Their Removal Processes
snapshot_2,Topic_selenium_cathodes_2008-2017_Knowledge.txt,254,https://openalex.org/W2161205874,https://doi.org/10.1590/s0103-50532009000400020,2009,Determination and fractionation of barium in Brazil nuts
snapshot_2,Topic_selenium_cathodes_2008-2017_Knowledge.txt,255,https://openalex.org/W2083104093,https://doi.org/10.1007/s11434-012-5497-0,2012,"Recent advances in speciation analysis of mercury, arsenic and selenium"
snapshot_2,Topic_selenium_cathodes_2008-2017_Knowledge.txt,256,https://openalex.org/W2558138207,https://doi.org/10.5194/bg-14-2715-2017,2017,"Coastal sources, sinks and strong organic complexation of dissolved cobalt within the US North Atlantic GEOTRACES transect GA03"
snapshot_2,Topic_selenium_cathodes_2008-2017_Knowledge.txt,257,https://openalex.org/W2738143352,https://doi.org/10.3390/s17081711,2017,Complexation-Based Detection of Nickel(II) at a Graphene-Chelate Probe in the Presence of Cobalt and Zinc by Adsorptive Stripping Voltammetry
snapshot_2,Topic_selenium_cathodes_2008-2017_Knowledge.txt,258,https://openalex.org/W2314606310,https://doi.org/10.7763/ijesd.2010.v1.57,2010,Disposal Methods and Heavy Metals Released from Certain Electrical and Electronic Equipment Wastes in Nigeria: Adoption of Environmental Sound Recycling System
snapshot_2,Topic_selenium_cathodes_2008-2017_Knowledge.txt,259,https://openalex.org/W2461642306,https://doi.org/10.5772/61569,2016,A Review of Technology of Metal Recovery from Electronic Waste
snapshot_2,Topic_selenium_cathodes_2008-2017_Knowledge.txt,260,https://openalex.org/W2030342789,https://doi.org/10.1155/2014/975810,2014,Trace Elements Analysis in Drinking Water of Meghalaya by Using Graphite Furnace-Atomic Absorption Spectroscopy and in relation to Environmental and Health Issues
snapshot_2,Topic_selenium_cathodes_2008-2017_Knowledge.txt,261,https://openalex.org/W2468822062,https://doi.org/10.5935/0103-5053.20160052,2016,Solid Phase Extraction to On-Line Preconcentrate Trace Cadmium Using Chemically Modified Nano-Carbon Black with 3-Mercaptopropyltrimethoxysilane
snapshot_2,Topic_selenium_cathodes_2008-2017_Knowledge.txt,262,https://openalex.org/W2011600213,https://doi.org/10.1002/adfm.201303010,2013,High‐Performance Hybrid Solar Cell Made from CdSe/CdTe Nanocrystals Supported on Reduced Graphene Oxide and PCDTBT
snapshot_2,Topic_selenium_cathodes_2008-2017_Knowledge.txt,263,https://openalex.org/W1562100836,https://doi.org/10.3390/ma8062994,2015,The Composites of Graphene Oxide with Metal or Semimetal Nanoparticles and Their Effect on Pathogenic Microorganisms
snapshot_2,Topic_selenium_cathodes_2008-2017_Knowledge.txt,264,https://openalex.org/W2099811253,https://doi.org/10.3390/nano5020755,2015,Multifunctional Carbon Nanostructures for Advanced Energy Storage Applications
snapshot_2,Topic_selenium_cathodes_2008-2017_Knowledge.txt,265,https://openalex.org/W2043979991,https://doi.org/10.1038/am.2013.53,2013,A perspective of mesoscopic solar cells based on metal chalcogenide quantum dots and organometal-halide perovskites
snapshot_2,Topic_selenium_cathodes_2008-2017_Knowledge.txt,266,https://openalex.org/W2603522613,https://doi.org/10.3390/su9040503,2017,E-Waste Supply Chain in Mexico: Challenges and Opportunities for Sustainable Management
snapshot_2,Topic_selenium_cathodes_2008-2017_Knowledge.txt,267,https://openalex.org/W2046312051,https://doi.org/10.3390/ijms150712379,2014,Subchronic Toxicity of Copper Oxide Nanoparticles and Its Attenuation with the Help of a Combination of Bioprotectors
snapshot_2,Topic_selenium_cathodes_2008-2017_Knowledge.txt,268,https://openalex.org/W2066886757,https://doi.org/10.4061/2011/568023,2011,Evolution of Principle and Practice of Electrodeposited Thin Film: A Review on Effect of Temperature and Sonication
snapshot_2,Topic_selenium_cathodes_2008-2017_Knowledge.txt,269,https://openalex.org/W2599122563,https://doi.org/10.1021/acsomega.6b00535,2017,Vertically Oriented and Interpenetrating CuSe Nanosheet Films with Open Channels for Flexible All-Solid-State Supercapacitors
snapshot_2,Topic_selenium_cathodes_2008-2017_Knowledge.txt,270,https://openalex.org/W2034935196,https://doi.org/10.1074/jbc.m110.172924,2010,Specificity of Staphyloferrin B Recognition by the SirA Receptor from Staphylococcus aureus
snapshot_2,Topic_selenium_cathodes_2008-2017_Knowledge.txt,271,https://openalex.org/W2155498858,https://doi.org/10.11613/bm.2014.010,2014,Interference of medical contrast media on laboratory testing
snapshot_2,Topic_selenium_cathodes_2008-2017_Knowledge.txt,272,https://openalex.org/W2560487516,https://doi.org/10.1093/femsec/fiw247,2016,Gaia and her microbiome
snapshot_2,Topic_selenium_cathodes_2008-2017_Knowledge.txt,273,https://openalex.org/W2079551714,https://doi.org/10.1149/2.059112jes,2011,"Incorporation Mechanism of Indium and Gallium during Electrodeposition of Cu(In,Ga)Se2 Thin Film"
snapshot_2,Topic_selenium_cathodes_2008-2017_Knowledge.txt,274,https://openalex.org/W4242262598,https://doi.org/10.33961/jecst.2012.3.1.1,2012,Electrochemical behaviors of Indium
snapshot_2,Topic_selenium_cathodes_2008-2017_Knowledge.txt,275,https://openalex.org/W2127527621,https://doi.org/10.3390/s90100219,2009,Determination of Antimony (III) in Real Samples by Anodic Stripping Voltammetry Using a Mercury Film Screen-Printed Electrode
snapshot_2,Topic_selenium_cathodes_2008-2017_Knowledge.txt,276,https://openalex.org/W2168258675,https://doi.org/10.1007/s40243-015-0046-9,2015,Electrochemical stability of the polymer-derived nitrogen-doped carbon: an elusive goal?
snapshot_2,Topic_selenium_cathodes_2008-2017_Knowledge.txt,277,https://openalex.org/W1999990712,https://doi.org/10.2478/s13531-011-0012-y,2011,Microfluidic fuel cell systems
snapshot_2,Topic_selenium_cathodes_2008-2017_Knowledge.txt,278,https://openalex.org/W2552521619,https://doi.org/10.1155/2016/6375962,2016,Synthesis and Applications of Semiconducting Graphene
snapshot_2,Topic_selenium_cathodes_2008-2017_Knowledge.txt,279,https://openalex.org/W2711053845,https://doi.org/10.21577/1984-6835.20170070,2017,Optimization of Analytical Methods Using Response Surface Methodology - Part I: Process Variables
snapshot_2,Topic_selenium_cathodes_2008-2017_Knowledge.txt,280,https://openalex.org/W1598638761,https://doi.org/10.1149/2.0791508jes,2015,A Unifying View of the Constant-Phase-Element and Its Role as an Aging Indicator for Li-Ion Batteries
snapshot_2,Topic_selenium_cathodes_2008-2017_Knowledge.txt,281,https://openalex.org/W2293511151,https://doi.org/10.1103/physrevc.81.064326,2010,"Collectivity at<mml:math xmlns:mml=""http://www.w3.org/1998/Math/MathML"" display=""inline""><mml:mrow><mml:mi>N</mml:mi><mml:mo>=</mml:mo><mml:mn>50</mml:mn></mml:mrow></mml:math>:<mml:math xmlns:mml=""http://www.w3.org/1998/Math/MathML"" display=""inline""><mml:mmultiscripts><mml:mi mathvariant=""normal"">Ge</mml:mi><mml:mprescripts/><mml:none/><mml:mrow><mml:mn>82</mml:mn></mml:mrow></mml:mmultiscripts></mml:math>and<mml:math xmlns:mml=""http://www.w3.org/1998/Math/MathML"" display=""inline""><mml:mmultiscripts><mml:mi mathvariant=""normal"">Se</mml:mi><mml:mprescripts/><mml:none/><mml:mrow><mml:mn>84</mml:mn></mml:mrow></mml:mmultiscripts></mml:math>"
snapshot_2,Topic_selenium_cathodes_2008-2017_Knowledge.txt,282,https://openalex.org/W1832479554,https://doi.org/10.1155/2015/494015,2015,"Investigation of an Electrochemical Method for Separation of Copper, Indium, and Gallium from Pretreated CIGS Solar Cell Waste Materials"
snapshot_2,Topic_selenium_cathodes_2008-2017_Knowledge.txt,283,https://openalex.org/W2078232149,https://doi.org/10.2478/amm-2014-0147,2014,Microgravimetric Studies of Selenium Electrodeposition Onto Different Substrates
snapshot_2,Topic_selenium_cathodes_2008-2017_Knowledge.txt,284,https://openalex.org/W2758602593,https://doi.org/10.1155/2017/8023935,2017,Treatment of the Fluoroquinolone‐Associated Disability: The Pathobiochemical Implications
snapshot_2,Topic_selenium_cathodes_2008-2017_Knowledge.txt,285,https://openalex.org/W2164300330,https://doi.org/10.5923/j.re.20120202.02,2012,"Heavy Metal Concentration of Surface Dust Present in E-Waste Components: The Westminister Electronic Market, Lagos Case Study"
snapshot_2,Topic_selenium_cathodes_2008-2017_Knowledge.txt,286,https://openalex.org/W2318994229,https://doi.org/10.9790/3008-0824043,2013,Analysis of minerals and heavy metals in some spices collected from local market.
snapshot_2,Topic_selenium_cathodes_2008-2017_Knowledge.txt,287,https://openalex.org/W1975569242,https://doi.org/10.3389/fmicb.2012.00416,2012,Microbial Reduction of Chromate in the Presence of Nitrate by Three Nitrate Respiring Organisms
snapshot_2,Topic_selenium_cathodes_2008-2017_Knowledge.txt,288,https://openalex.org/W2063221444,https://doi.org/10.1093/nar/gkq038,2010,Structure and DNA binding activity of the mouse condensin hinge domain highlight common and diverse features of SMC proteins
snapshot_2,Topic_selenium_cathodes_2008-2017_Knowledge.txt,289,https://openalex.org/W2170124148,https://doi.org/10.1117/1.jpe.5.057212,2015,Semi-transparent polymer solar cells
snapshot_2,Topic_selenium_cathodes_2008-2017_Knowledge.txt,290,https://openalex.org/W2767000524,https://doi.org/10.1039/c7dt02666h,2017,"Cobalt, nickel, and iron complexes of 8-hydroxyquinoline-di(2-picolyl)amine for light-driven hydrogen evolution"
snapshot_2,Topic_selenium_cathodes_2008-2017_Knowledge.txt,291,https://openalex.org/W1964134089,https://doi.org/10.1118/1.3002314,2008,Direct‐conversion flat‐panel imager with avalanche gain: Feasibility investigation for HARP‐AMFPI
snapshot_2,Topic_selenium_cathodes_2008-2017_Knowledge.txt,292,https://openalex.org/W2148236315,https://doi.org/10.1093/annhyg/meq032,2010,Characterizing Exposures to Airborne Metals and Nanoparticle Emissions in a Refinery
snapshot_2,Topic_selenium_cathodes_2008-2017_Knowledge.txt,293,https://openalex.org/W2315080526,https://doi.org/10.2741/3737,2010,Nanomaterials for biosensing with electrochemiluminescence (ECL) detection
snapshot_2,Topic_selenium_cathodes_2008-2017_Knowledge.txt,294,https://openalex.org/W2491683286,https://doi.org/10.1007/s11356-016-7222-z,2016,Content of selected elements and low-molecular-weight organic acids in fruiting bodies of edible mushroom Boletus badius (Fr.) Fr. from unpolluted and polluted areas
snapshot_2,Topic_selenium_cathodes_2008-2017_Knowledge.txt,295,https://openalex.org/W2022467049,https://doi.org/10.1074/jbc.m111.310920,2011,Selenoprotein K Binds Multiprotein Complexes and Is Involved in the Regulation of Endoplasmic Reticulum Homeostasis
snapshot_2,Topic_selenium_cathodes_2008-2017_Knowledge.txt,296,https://openalex.org/W2152284328,https://doi.org/10.1155/2011/685935,2011,The Simplest Way to Iodine-Doped Anatase for Photocatalysts Activated by Visible Light
snapshot_2,Topic_selenium_cathodes_2008-2017_Knowledge.txt,297,https://openalex.org/W2580892281,https://doi.org/10.1039/c6ra26333j,2017,"Recent studies of the synthesis, functionalization, optoelectronic properties and applications of dibenzophospholes"
snapshot_2,Topic_selenium_cathodes_2008-2017_Knowledge.txt,298,https://openalex.org/W2767993522,https://doi.org/10.1002/mp.12659,2017,Image quality and dose for a multisource cone‐beam <scp>CT</scp> extremity scanner
snapshot_2,Topic_selenium_cathodes_2008-2017_Knowledge.txt,299,https://openalex.org/W1994881121,https://doi.org/10.5229/jecst.2013.4.1.1,2013,Electrochemistry of Gallium
snapshot_2,Topic_selenium_cathodes_2008-2017_Knowledge.txt,300,https://openalex.org/W2769811401,https://doi.org/10.1039/c7ob02402a,2017,Radical fluorination reactions by thermal and photoinduced methods
snapshot_2,Topic_selenium_cathodes_2008-2017_Knowledge.txt,301,https://openalex.org/W2003375610,https://doi.org/10.1117/1.2976006,2008,"Fundamentals of Photonics, Second Edition"
snapshot_2,Topic_selenium_cathodes_2008-2017_Knowledge.txt,302,https://openalex.org/W1491627666,https://doi.org/10.4314/ejesm.v8i5.13,2015,A review of current techniques of &lt;in situ&gt; Physico-chemical and biological remediation of heavy metals polluted soil
snapshot_2,Topic_selenium_cathodes_2008-2017_Knowledge.txt,303,https://openalex.org/W1966821184,https://doi.org/10.1186/1741-7015-7-22,2009,Zinc and copper supplementation in acute diarrhea in children: a double-blind randomized controlled trial
snapshot_2,Topic_selenium_cathodes_2008-2017_Knowledge.txt,304,https://openalex.org/W2040329668,https://doi.org/10.3762/bjoc.11.18,2015,"Electrochemical selenium- and iodonium-initiated cyclisation of hydroxy-functionalised 1,4-dienes"
snapshot_2,Topic_selenium_cathodes_2008-2017_Knowledge.txt,305,https://openalex.org/W2560545464,https://doi.org/10.1007/s00477-016-1366-8,2016,Assessment of the Kraków inhabitants’ health risk caused by the exposure to inhalation of outdoor air contaminants
snapshot_2,Topic_selenium_cathodes_2008-2017_Knowledge.txt,306,https://openalex.org/W2119297298,https://doi.org/10.1155/2014/917024,2014,A Review on Characterizations and Biocompatibility of Functionalized Carbon Nanotubes in Drug Delivery Design
snapshot_2,Topic_selenium_cathodes_2008-2017_Knowledge.txt,307,https://openalex.org/W2131862958,https://doi.org/10.4491/eer.2014.19.1.015,2014,"Adsorption Characteristics of Multi-Metal Ions by Red Mud, Zeolite, Limestone, and Oyster Shell"
snapshot_2,Topic_selenium_cathodes_2008-2017_Knowledge.txt,308,https://openalex.org/W2077718604,https://doi.org/10.3184/003685010x12626410325807,2010,Solar Energy: Principles and Possibilities
snapshot_2,Topic_selenium_cathodes_2008-2017_Knowledge.txt,309,https://openalex.org/W2490674227,https://doi.org/10.1515/nuka-2015-0153,2015,Pyrochemical reprocessing of molten salt fast reactor fuel: focus on the reductive extraction step
snapshot_2,Topic_selenium_cathodes_2008-2017_Knowledge.txt,310,https://openalex.org/W2140955637,https://doi.org/10.1039/c4nj00545g,2014,Multinuclear ruthenium(<scp>ii</scp>) complexes as anticancer agents
snapshot_2,Topic_selenium_cathodes_2008-2017_Knowledge.txt,311,https://openalex.org/W2501815195,https://doi.org/10.5772/64139,2016,Environmental Impact of Processing Electronic Waste – Key Issues and Challenges
snapshot_2,Topic_selenium_cathodes_2008-2017_Knowledge.txt,312,https://openalex.org/W1934801148,https://doi.org/10.4314/jasem.v19i3.17,2015,Evaluation of Pb and Cu contents of selected component parts of waste personal computers
snapshot_2,Topic_selenium_cathodes_2008-2017_Knowledge.txt,313,https://openalex.org/W2162228688,https://doi.org/10.11648/j.sjac.20150301.13,2015,Determination of Some Selected Heavy Metals in Fish and Water Samples from Hawassa and Ziway Lakes
snapshot_2,Topic_selenium_cathodes_2008-2017_Knowledge.txt,314,https://openalex.org/W2176120523,https://doi.org/10.1039/c5ra21958b,2015,Small molecular push–pull donors for organic photovoltaics: effect of the heterocyclic π-spacer
snapshot_2,Topic_selenium_cathodes_2008-2017_Knowledge.txt,315,https://openalex.org/W1791735428,https://doi.org/10.1039/c5ra19849f,2015,"Zn(<scp>ii</scp>) complex with 2-quinolinecarboxaldehyde selenosemicarbazone: synthesis, structure, interaction studies with DNA/HSA, molecular docking and caspase-8 and -9 independent apoptose induction"
snapshot_2,Topic_selenium_cathodes_2008-2017_Knowledge.txt,316,https://openalex.org/W2742988044,https://doi.org/10.1021/acs.chemmater.7b02467,2017,Significantly Enhanced Thermoelectric Performance of γ-In<sub>2</sub>Se<sub>3</sub> through Lithiation via Chemical Diffusion
snapshot_2,Topic_selenium_cathodes_2008-2017_Knowledge.txt,317,https://openalex.org/W2769657196,https://doi.org/10.4191/kcers.2017.54.6.03,2017,Development of Colloidal Quantum Dots for Electrically Driven Light-Emitting Devices
snapshot_2,Topic_selenium_cathodes_2008-2017_Knowledge.txt,318,https://openalex.org/W1969317913,https://doi.org/10.1118/1.3116364,2009,Active pixel imagers incorporating pixel‐level amplifiers based on polycrystalline‐silicon thin‐film transistors
snapshot_2,Topic_selenium_cathodes_2008-2017_Knowledge.txt,319,https://openalex.org/W659452994,https://doi.org/10.1007/s13320-015-0253-0,2015,Hydrogen gas sensors based on electrostatically spray deposited nickel oxide thin film structures
snapshot_2,Topic_selenium_cathodes_2008-2017_Knowledge.txt,320,https://openalex.org/W1667255107,https://doi.org/10.3109/13880209.2015.1057651,2015,Ginger extract modulates Pb-induced hepatic oxidative stress and expression of antioxidant gene transcripts in rat liver
snapshot_2,Topic_selenium_cathodes_2008-2017_Knowledge.txt,321,https://openalex.org/W2335865309,https://doi.org/10.1515/amm-2015-0178,2015,Electrowinning Of Tellurium From Acidic Solutions
snapshot_2,Topic_selenium_cathodes_2008-2017_Knowledge.txt,322,https://openalex.org/W2768064839,https://doi.org/10.1039/c7ra10001a,2017,One-pot hydrothermal synthesis and selective etching method of a porous MoSe<sub>2</sub> sand rose-like structure for electrocatalytic hydrogen evolution reaction
snapshot_2,Topic_selenium_cathodes_2008-2017_Knowledge.txt,323,https://openalex.org/W2094481863,https://doi.org/10.1118/1.2937652,2008,SAPHIRE (scintillator avalanche photoconductor with high resolution emitter readout) for low dose x-ray imaging: Spatial resolution
snapshot_2,Topic_selenium_cathodes_2008-2017_Knowledge.txt,324,https://openalex.org/W2014353319,https://doi.org/10.1155/2013/319637,2013,TiO<sub>2</sub>‐Based Photocatalytic Process for Purification of Polluted Water: Bridging Fundamentals to Applications
snapshot_2,Topic_selenium_cathodes_2008-2017_Knowledge.txt,325,https://openalex.org/W2054433048,https://doi.org/10.1039/c3tc31235f,2013,Correlating molecular morphology with optoelectronic function in solar cells based on low band-gap copolymer:fullerene blends
snapshot_2,Topic_selenium_cathodes_2008-2017_Knowledge.txt,326,https://openalex.org/W1549017301,https://doi.org/10.5772/27698,2011,Iron Oxide Nanoparticles
snapshot_2,Topic_selenium_cathodes_2008-2017_Knowledge.txt,327,https://openalex.org/W2057500025,https://doi.org/10.1002/clen.200700164,2008,Green Electronics through Legislation and Lead Free Soldering
snapshot_2,Topic_selenium_cathodes_2008-2017_Knowledge.txt,328,https://openalex.org/W2003506374,https://doi.org/10.1107/s0909049510011611,2010,Impact of synchrotron radiation on macromolecular crystallography: a personal view
snapshot_2,Topic_selenium_cathodes_2008-2017_Knowledge.txt,329,https://openalex.org/W2070239727,https://doi.org/10.1039/c4ra16154h,2014,"Breaking bonds with electrons: stepwise and concerted reductive cleavage of C–S, C–Se and Se–CN bonds in phenacylthiocyanates and phenacylselenocyanates"
snapshot_2,Topic_selenium_cathodes_2008-2017_Knowledge.txt,330,https://openalex.org/W2127622915,https://doi.org/10.1039/c4cp01566e,2014,Improved efficiency of bulk heterojunction hybrid solar cells by utilizing CdSe quantum dot–graphene nanocomposites
snapshot_2,Topic_selenium_cathodes_2008-2017_Knowledge.txt,331,https://openalex.org/W2576869542,https://doi.org/10.1088/1361-6641/aa59ee,2017,Review on light management by nanostructures in chalcopyrite solar cells
snapshot_2,Topic_selenium_cathodes_2008-2017_Knowledge.txt,332,https://openalex.org/W1989951845,https://doi.org/10.2147/rmi.s50045,2015,Energy-resolved X-ray detectors: the future of diagnostic imaging
snapshot_2,Topic_selenium_cathodes_2008-2017_Knowledge.txt,333,https://openalex.org/W2119241814,https://doi.org/10.5194/os-5-697-2009,2009,Electrochemical techniques and sensors for ocean research
snapshot_2,Topic_selenium_cathodes_2008-2017_Knowledge.txt,334,https://openalex.org/W2093643095,https://doi.org/10.2147/eect.s37038,2014,"In-depth review of atmospheric mercury: sources, transformations, and potential sinks"
snapshot_2,Topic_selenium_cathodes_2008-2017_Knowledge.txt,335,https://openalex.org/W2167586212,https://doi.org/10.13189/eee.2014.020501,2014,The Use of Manganese Oxide Minerals for the Removal Arsenic and Selenium Anions from Aqueous Solutions
snapshot_2,Topic_selenium_cathodes_2008-2017_Knowledge.txt,336,https://openalex.org/W2768735498,https://doi.org/10.1039/c7ra11976c,2017,A sustainable approach to separate and recover indium and tin from spent indium–tin oxide targets
snapshot_2,Topic_selenium_cathodes_2008-2017_Knowledge.txt,337,https://openalex.org/W2091799240,https://doi.org/10.3329/dujs.v60i1.10352,2012,Characterization of Electrodeposited Cadmium Selenide Thin Films
snapshot_2,Topic_selenium_cathodes_2008-2017_Knowledge.txt,338,https://openalex.org/W2151114021,https://doi.org/10.1016/j.kjms.2011.05.005,2011,Arsenic speciation in biomedical sciences: Recent advances and applications
snapshot_2,Topic_selenium_cathodes_2008-2017_Knowledge.txt,339,https://openalex.org/W1535898141,https://doi.org/10.1155/2012/758708,2011,Anodic Stripping Voltammetry of Se<sup>4+</sup>on Gold-Modified Boron-Doped Diamond Electrodes
snapshot_2,Topic_selenium_cathodes_2008-2017_Knowledge.txt,340,https://openalex.org/W2088135362,https://doi.org/10.1155/2014/838975,2014,"Synthesis, Characterization, and Photoconductivity Studies on Poly(2-chloroaniline) and Poly(2-chloroaniline)/CuO Nanocomposites"
snapshot_2,Topic_selenium_cathodes_2008-2017_Knowledge.txt,341,https://openalex.org/W2071885064,https://doi.org/10.3329/bjp.v7i1.8414,2012,"Computational selections of terpenes present in the plant Calotropis gigantea as mosquito larvicide’s by blocking the sterol carrying protein, AeSCP-2"
snapshot_2,Topic_selenium_cathodes_2008-2017_Knowledge.txt,342,https://openalex.org/W2214739220,https://doi.org/10.5219/492,2015,Effect of selenium on its content in milk and performance of dairy cows in ecological farming
snapshot_2,Topic_selenium_cathodes_2008-2017_Knowledge.txt,343,https://openalex.org/W2045366932,https://doi.org/10.1063/1.4892773,2014,Metamorphic Ga0.76In0.24As/GaAs0.75Sb0.25 tunnel junctions grown on GaAs substrates
snapshot_2,Topic_selenium_cathodes_2008-2017_Knowledge.txt,344,https://openalex.org/W4245877106,https://doi.org/10.1002/aenm.201570003,2015,Contents: (Adv. Energy Mater. 1/2015)
snapshot_2,Topic_selenium_cathodes_2008-2017_Knowledge.txt,345,https://openalex.org/W2086160046,https://doi.org/10.5229/jecst.2012.3.1.1,2012,Electrochemical behaviors of Indium
snapshot_2,Topic_selenium_cathodes_2008-2017_Knowledge.txt,346,https://openalex.org/W359740767,https://doi.org/10.1039/9781849739344,2013,Basic Chemometric Techniques in Atomic Spectroscopy
snapshot_2,Topic_selenium_cathodes_2008-2017_Knowledge.txt,347,https://openalex.org/W2149273061,https://doi.org/10.1071/en13010,2013,Arsenic binding to organic and inorganic sulfur species during microbial sulfate reduction: a sediment flow-through reactor experiment
snapshot_2,Topic_selenium_cathodes_2008-2017_Knowledge.txt,348,https://openalex.org/W1562368812,https://doi.org/10.5772/15500,2011,Ferrate(VI) in the Treatment of Wastewaters: A New Generation Green Chemical
snapshot_2,Topic_selenium_cathodes_2008-2017_Knowledge.txt,349,https://openalex.org/W2293321980,https://doi.org/10.3762/bjnano.7.34,2016,Rigid multipodal platforms for metal surfaces
snapshot_2,Topic_selenium_cathodes_2008-2017_Knowledge.txt,350,https://openalex.org/W2329636685,https://doi.org/10.1021/jf501638k,2014,Analytical Method for the Determination of Trace Toxic Elements in Milk Based on Combining Fe<sub>3</sub>O<sub>4</sub> Nanoparticles Accelerated UV Fenton-like Digestion and Solid Phase Extraction
snapshot_2,Topic_selenium_cathodes_2008-2017_Knowledge.txt,351,https://openalex.org/W2157801390,https://doi.org/10.4067/s0717-97072012000400007,2012,CORROSION INHIBITION OF AA6061 AND AA6063 ALLOY IN HYDROCHLORIC ACID MEDIA BY SCHIFF BASE COMPOUNDS
snapshot_2,Topic_selenium_cathodes_2008-2017_Knowledge.txt,352,https://openalex.org/W2157615181,https://doi.org/10.1007/s40097-014-0087-0,2014,Quantum chemical studies on the structural and electronic properties of nickel sulphide and iron sulphide nanoclusters
snapshot_2,Topic_selenium_cathodes_2008-2017_Knowledge.txt,353,https://openalex.org/W2781548601,https://doi.org/10.1007/s13320-017-0460-y,2017,Characterization of polycrystalline nickel cobaltite nanostructures prepared by DC plasma magnetron co-sputtering for gas sensing applications
snapshot_2,Topic_selenium_cathodes_2008-2017_Knowledge.txt,354,https://openalex.org/W2889495953,https://doi.org/10.1109/les.2017.2774800,2017,Securing Hardware Accelerators: A New Challenge for High-Level Synthesis
snapshot_2,Topic_selenium_cathodes_2008-2017_Knowledge.txt,355,https://openalex.org/W2073221633,https://doi.org/10.1007/s10661-014-4125-7,2014,Determination of bismuth in environmental samples by slurry sampling graphite furnace atomic absorption spectrometry using combined chemical modifiers
snapshot_2,Topic_selenium_cathodes_2008-2017_Knowledge.txt,356,https://openalex.org/W1514218110,https://doi.org/10.5772/57314,2014,Eco-Technological Solutions for the Remediation of Polluted Soil and Heavy Metal Recovery
snapshot_2,Topic_selenium_cathodes_2008-2017_Knowledge.txt,357,https://openalex.org/W2185335966,N/A,2013,The Potential Effects of Electromagnetic Field: A Review
snapshot_2,Topic_selenium_cathodes_2008-2017_Knowledge.txt,358,https://openalex.org/W2028380952,https://doi.org/10.1155/2014/912619,2014,Determination of Arsenic in Drinking Water Samples by Electrothermal Atomic Absorption Spectrometry after Preconcentration Using the Biomass of<i>Aspergillus niger</i>Loaded on Activated Charcoal
snapshot_2,Topic_selenium_cathodes_2008-2017_Knowledge.txt,359,https://openalex.org/W2621966147,https://doi.org/10.5772/intechopen.68193,2017,Modified Electrodes for Determining Trace Metal Ions
snapshot_2,Topic_selenium_cathodes_2008-2017_Knowledge.txt,360,https://openalex.org/W2591332984,https://doi.org/10.1063/1.4976745,2017,Photon-induced selenium migration in TiSe2
snapshot_2,Topic_selenium_cathodes_2008-2017_Knowledge.txt,361,https://openalex.org/W2332231237,https://doi.org/10.9790/0837-1044657,2013,Electronic Waste (E-Waste) Management in India: A Review
snapshot_2,Topic_selenium_cathodes_2008-2017_Knowledge.txt,362,https://openalex.org/W2345431354,https://doi.org/10.3390/molecules21050596,2016,"Fused 1,2,3-Dithiazoles: Convenient Synthesis, Structural Characterization, and Electrochemical Properties"
snapshot_2,Topic_selenium_cathodes_2008-2017_Knowledge.txt,363,https://openalex.org/W2529571004,https://doi.org/10.1155/2016/2752836,2016,Profile of Trace Elements in Selected Medicinal Plants Used for the Treatment of Diabetes in Eritrea
snapshot_2,Topic_selenium_cathodes_2008-2017_Knowledge.txt,364,https://openalex.org/W2021696228,https://doi.org/10.3989/gya.047512,2012,"Evaluation of cadmium, lead, copper, iron and zinc in Turkish dietary vegetable oils and olives using electrothermal and flame atomic absorption spectrometry"
snapshot_2,Topic_selenium_cathodes_2008-2017_Knowledge.txt,365,https://openalex.org/W2484809657,https://doi.org/10.1007/s40097-016-0202-5,2016,Electrochemical synthesis and optical properties of ultra-fine CdSe nanoparticles
snapshot_2,Topic_selenium_cathodes_2008-2017_Knowledge.txt,366,https://openalex.org/W2614794760,https://doi.org/10.1039/c7ra03433d,2017,Solution-processed inorganic copper(<scp>i</scp>) thiocyanate as a hole injection layer for high-performance quantum dot-based light-emitting diodes
snapshot_2,Topic_selenium_cathodes_2008-2017_Knowledge.txt,367,https://openalex.org/W1981104457,https://doi.org/10.4314/ijbcs.v6i1.6,2012,Quality assessment of flour and bread from sweet potato wheat composite flour blends
snapshot_2,Topic_selenium_cathodes_2008-2017_Knowledge.txt,368,https://openalex.org/W2547760154,https://doi.org/10.1186/s13068-016-0634-7,2016,Piezo-tolerant natural gas-producing microbes under accumulating pCO2
snapshot_2,Topic_selenium_cathodes_2008-2017_Knowledge.txt,369,https://openalex.org/W2170263649,https://doi.org/10.1007/s11434-013-5666-9,2013,Recent advances in flow-based sample pretreatment for the determination of metal species by atomic spectrometry
snapshot_2,Topic_selenium_cathodes_2008-2017_Knowledge.txt,370,https://openalex.org/W2043863111,https://doi.org/10.1155/2012/190290,2012,Study of Nanostructured Polymeric Composites Used for Organic Light Emitting Diodes and Organic Solar Cells
snapshot_2,Topic_selenium_cathodes_2008-2017_Knowledge.txt,371,https://openalex.org/W2286953764,https://doi.org/10.5772/61751,2016,Numerical Simulations on Perovskite Photovoltaic Devices
snapshot_2,Topic_selenium_cathodes_2008-2017_Knowledge.txt,372,https://openalex.org/W2289611716,https://doi.org/10.14723/tmrsj.40.383,2015,Effect of composition on the properties of bismuth telluride thin films produced by galvanostatic electrodeposition
snapshot_2,Topic_selenium_cathodes_2008-2017_Knowledge.txt,373,https://openalex.org/W2334266124,https://doi.org/10.1149/ma2014-04/2/410,2014,A Polypyrrole Hollow Sphere@Se Cathode for Rechargeable Lithium Batteries
snapshot_2,Topic_selenium_cathodes_2008-2017_Knowledge.txt,374,https://openalex.org/W2070655578,https://doi.org/10.1017/s1431927611000523,2011,Comprehensive Comparison of Various Techniques for the Analysis of Elemental Distributions in Thin Films
snapshot_2,Topic_selenium_cathodes_2008-2017_Knowledge.txt,375,https://openalex.org/W2512113997,https://doi.org/10.1155/2016/3971579,2016,"Emerging Photovoltaics: Organic, Copper Zinc Tin Sulphide, and Perovskite-Based Solar Cells"
snapshot_2,Topic_selenium_cathodes_2008-2017_Knowledge.txt,376,https://openalex.org/W2571165464,https://doi.org/10.1155/2017/3078105,2017,Determination of Alkyl Esters Content in PDO Extra Virgin Olive Oils from Sicily
snapshot_2,Topic_selenium_cathodes_2008-2017_Knowledge.txt,377,https://openalex.org/W2026167575,https://doi.org/10.1590/s0103-97332009000500006,2009,Annealing time effect on the properties of CuInSe2 grown by electrodeposition using two electrodes system
snapshot_2,Topic_selenium_cathodes_2008-2017_Knowledge.txt,378,https://openalex.org/W2083363757,https://doi.org/10.1007/s10295-008-0425-7,2008,Modulation of tolerance to Cr(VI) and Cr(VI) reduction by sulfate ion in a Candida yeast strain isolated from tannery wastewater
snapshot_2,Topic_selenium_cathodes_2008-2017_Knowledge.txt,379,https://openalex.org/W2161525536,https://doi.org/10.3390/s110504512,2011,Design and Fabrication of Vertically-Integrated CMOS Image Sensors
snapshot_2,Topic_selenium_cathodes_2008-2017_Knowledge.txt,380,https://openalex.org/W2259609051,https://doi.org/10.1371/journal.pone.0143029,2015,What the Erythrocytic Nuclear Alteration Frequencies Could Tell Us about Genotoxicity and Macrophage Iron Storage?
snapshot_2,Topic_selenium_cathodes_2008-2017_Knowledge.txt,381,https://openalex.org/W2099911759,https://doi.org/10.1039/c3cc49747j,2014,The taming of oxygen: biocatalytic oxyfunctionalisations
snapshot_2,Topic_selenium_cathodes_2008-2017_Knowledge.txt,382,https://openalex.org/W2163689103,https://doi.org/10.1155/2011/186528,2011,Hydrothermal Synthesis of Sb<sub>2</sub>S<sub>3</sub>Nanorods Using Iodine via Redox Mechanism
snapshot_2,Topic_selenium_cathodes_2008-2017_Knowledge.txt,383,https://openalex.org/W1974949949,https://doi.org/10.3390/life2030229,2012,"Survival of the Fittest: Overcoming Oxidative Stress at the Extremes of Acid, Heat and Metal"
snapshot_2,Topic_selenium_cathodes_2008-2017_Knowledge.txt,384,https://openalex.org/W2079151323,https://doi.org/10.1155/2010/457825,2009,Corrosion Mitigating Effect of <i>Cyamopsis Tetragonaloba</i> Seed Extract on Mild Steel in Acid Medium
snapshot_2,Topic_selenium_cathodes_2008-2017_Knowledge.txt,385,https://openalex.org/W2000040789,https://doi.org/10.2298/jsc130118025b,2013,The influence of substituted aromatic aldehydes on Zn-Mn alloy electrodeposition
snapshot_2,Topic_selenium_cathodes_2008-2017_Knowledge.txt,386,https://openalex.org/W2122636961,https://doi.org/10.1590/s1516-35982012000300022,2012,Effects of dietary mineral bioplex in pregnant and lactating sow diets on piglet performance and physiological characteristics
snapshot_2,Topic_selenium_cathodes_2008-2017_Knowledge.txt,387,https://openalex.org/W2076003119,https://doi.org/10.4236/aces.2014.44043,2014,Electrochemical Separation of Metal Silver from Industrial Wastewater
snapshot_2,Topic_selenium_cathodes_2008-2017_Knowledge.txt,388,https://openalex.org/W2110556311,https://doi.org/10.3390/ma4040716,2011,New Approaches to the Computer Simulation of Amorphous Alloys: A Review
snapshot_2,Topic_selenium_cathodes_2008-2017_Knowledge.txt,389,https://openalex.org/W2043088396,https://doi.org/10.1039/b903607e,2009,Denaturing and non-denaturing microsolution isoelectric focussing to mine the metalloproteome
snapshot_2,Topic_selenium_cathodes_2008-2017_Knowledge.txt,390,https://openalex.org/W2018572020,https://doi.org/10.3952/lithjphys.49209,2009,"Electrical conductivity, electrochemical and optical properties of Cu<sub>7</sub>GeS<sub>5</sub>I-Cu<sub>7</sub>GeSe<sub>5</sub>I superionic solid solutions"
snapshot_2,Topic_selenium_cathodes_2008-2017_Knowledge.txt,391,https://openalex.org/W2785863933,N/A,2017,Critical raw materials and the circular economy
snapshot_2,Topic_selenium_cathodes_2008-2017_Knowledge.txt,392,https://openalex.org/W2523359558,https://doi.org/10.14382/epitoanyag-jsbcm.2016.16,2016,Electrochemical study of selenium (IV) mediated by carbon nanotubes modified glassy carbon electrode in blood medium
snapshot_2,Topic_selenium_cathodes_2008-2017_Knowledge.txt,393,https://openalex.org/W2314847084,https://doi.org/10.5005/jp-journals-10024-1406,2013,Estimation of Serum Copper and Zinc Levels in Oral Submucous Fibrosis: An Atomic Absorption Spectroscopic Study
snapshot_2,Topic_selenium_cathodes_2008-2017_Knowledge.txt,394,https://openalex.org/W2606393184,https://doi.org/10.18632/oncotarget.17116,2017,Chronic diabetic states worsen Alzheimer neuropathology and cognitive deficits accompanying disruption of calcium signaling in leptin-deficient APP/PS1 mice
snapshot_2,Topic_selenium_cathodes_2008-2017_Knowledge.txt,395,https://openalex.org/W2049823140,https://doi.org/10.5012/bkcs.2010.31.11.3403,2010,Photoelectrochemical Deposition of SnSe Thin Films on a Se-Modified Polycrystalline Gold Substrate
snapshot_2,Topic_selenium_cathodes_2008-2017_Knowledge.txt,396,https://openalex.org/W2325951638,https://doi.org/10.9790/1684-0212545,2012,Journal And Confrence Paper On (Enviornment) E – Waste Management
snapshot_2,Topic_selenium_cathodes_2008-2017_Knowledge.txt,397,https://openalex.org/W2055427069,https://doi.org/10.4236/ajac.2014.53018,2014,Simple and Rapid Spectrophotometric Determination of Titanium on Etched Aluminum Foils
snapshot_2,Topic_selenium_cathodes_2008-2017_Knowledge.txt,398,https://openalex.org/W2308665770,https://doi.org/10.1371/journal.pone.0151214,2016,Comparative Genomic Analysis of Sulfurospirillum cavolei MES Reconstructed from the Metagenome of an Electrosynthetic Microbiome
snapshot_2,Topic_selenium_cathodes_2008-2017_Knowledge.txt,399,https://openalex.org/W2138572102,https://doi.org/10.1371/journal.pone.0049411,2012,"Intake of Gnetum Africanum and Dacryodes Edulis, Imbalance of Oxidant/Antioxidant Status and Prevalence of Diabetic Retinopathy in Central Africans"
snapshot_2,Topic_selenium_cathodes_2008-2017_Knowledge.txt,400,https://openalex.org/W2774249088,https://doi.org/10.15407/ubj89.06.022,2017,.Antioxidant activity of melatonin and glutathione interacting with hydroxyl- and superoxide anion radicals
snapshot_2,Topic_selenium_cathodes_2008-2017_Knowledge.txt,401,https://openalex.org/W2087536537,https://doi.org/10.2478/intox-2013-0028,2013,Testicular membrane lipid damage by complex mixture of leachate from municipal battery recycling site as indication of idiopathic male infertility in rat
snapshot_2,Topic_selenium_cathodes_2008-2017_Knowledge.txt,402,https://openalex.org/W2766871752,https://doi.org/10.1039/c7ce01558e,2017,Type I vs. quasi-type II modulation in CdSe@CdS tetrapods: ramifications for noble metal tipping
snapshot_2,Topic_selenium_cathodes_2008-2017_Knowledge.txt,403,https://openalex.org/W2554514149,https://doi.org/10.2306/scienceasia1513-1874.2016.42.275,2016,Determination of inorganic arsenic species by hydride generation–inductively coupled plasma optical emission spectrometry
snapshot_2,Topic_selenium_cathodes_2008-2017_Knowledge.txt,404,https://openalex.org/W2038180852,https://doi.org/10.1117/12.2004062,2013,Applications of laser printing for organic electronics
snapshot_2,Topic_selenium_cathodes_2008-2017_Knowledge.txt,405,https://openalex.org/W2022476150,https://doi.org/10.1007/s11434-013-5881-4,2013,Self-assembly low dimensional inorganic/organic heterojunction nanomaterials
snapshot_2,Topic_selenium_cathodes_2008-2017_Knowledge.txt,406,https://openalex.org/W2148578151,https://doi.org/10.4172/2157-7587.1000147,2013,"Recovery of Cobalt and Copper from Textile, Electroplating and Tannery Effluents Using Electrocoagulation Method"
snapshot_2,Topic_selenium_cathodes_2008-2017_Knowledge.txt,407,https://openalex.org/W2026878029,https://doi.org/10.2298/apt1344001b,2013,Quality and safety of some commercial spices brands
snapshot_2,Topic_selenium_cathodes_2008-2017_Knowledge.txt,408,https://openalex.org/W1977407068,https://doi.org/10.3390/w5031152,2013,Food for Thought: A Critical Overview of Current Practical and Conceptual Challenges in Trace Element Analysis in Natural Waters
snapshot_2,Topic_selenium_cathodes_2008-2017_Knowledge.txt,409,https://openalex.org/W2056954081,https://doi.org/10.1002/ppap.200930414,2009,Can WSeC Coatings Be Competitive to WSC Ones?
snapshot_2,Topic_selenium_cathodes_2008-2017_Knowledge.txt,410,https://openalex.org/W2116040783,N/A,2008,PMU placement for power system observability using binary particle swarm optimization
snapshot_2,Topic_selenium_cathodes_2008-2017_Knowledge.txt,411,https://openalex.org/W2415094509,https://doi.org/10.1070/rcr4535,2015,Laser-induced copper deposition from aqueous and aqueous–organic solutions: state of the art and prospects of research
snapshot_2,Topic_selenium_cathodes_2008-2017_Knowledge.txt,412,https://openalex.org/W1972323910,https://doi.org/10.1109/jphot.2014.2337896,2014,Performance Optimization of Organic Solar Cells
snapshot_2,Topic_selenium_cathodes_2008-2017_Knowledge.txt,413,https://openalex.org/W2911136528,N/A,2012,Катодное осаждение кадмия на поверхность поликристаллического р-Se: сопоставление темнового и фотоэлектрохимического процессов
snapshot_2,Topic_selenium_cathodes_2008-2017_Knowledge.txt,414,https://openalex.org/W2232509121,https://doi.org/10.5772/61456,2015,Electrodeposition of Thin Films for Low-cost Solar Cells
snapshot_2,Topic_selenium_cathodes_2008-2017_Knowledge.txt,415,https://openalex.org/W2154701245,https://doi.org/10.1002/rcm.6947,2014,Product ion distributions for the reactions of NO <sup>+</sup> with some physiologically significant volatile organosulfur and organoselenium compounds obtained using a selective reagent ionization time‐of‐flight mass spectrometer
snapshot_2,Topic_selenium_cathodes_2008-2017_Knowledge.txt,416,https://openalex.org/W3150265863,N/A,2015,Research progress on lithium-selenium batteries
snapshot_2,Topic_selenium_cathodes_2008-2017_Knowledge.txt,417,https://openalex.org/W2159911616,https://doi.org/10.2478/v10102-012-0032-3,2012,"Protective role of ceftriaxone plus sulbactam with VRP1034 on oxidative stress, hematological and enzymatic parameters in cadmium toxicity induced rat model"
snapshot_2,Topic_selenium_cathodes_2008-2017_Knowledge.txt,418,https://openalex.org/W2258580699,https://doi.org/10.1021/acs.analchem.5b04095,2016,Atomization of Bismuthane in a Dielectric Barrier Discharge: A Mechanistic Study
snapshot_2,Topic_selenium_cathodes_2008-2017_Knowledge.txt,419,https://openalex.org/W1991911379,https://doi.org/10.5012/jkcs.2012.56.4.401,2012,Study on Corrosion Inhibition Efficiency of Stem Alkaloid Extract of Different Varieties of Holy Basil on Aluminium in HCl Solution
snapshot_2,Topic_selenium_cathodes_2008-2017_Knowledge.txt,420,https://openalex.org/W2020467480,https://doi.org/10.1117/1.3659500,2011,"Cu(In,Ga)Se&lt;sub&gt;2&lt;/sub&gt; thin-film solar cells based on a simple sputtered alloy precursor and a low-cost selenization step"
snapshot_2,Topic_selenium_cathodes_2008-2017_Knowledge.txt,421,https://openalex.org/W2313677249,https://doi.org/10.1007/s40243-016-0072-2,2016,"First principle calculations on structural, electronic and transport properties of Li2TiS3 and Li3NbS4 positive electrode materials"
snapshot_2,Topic_selenium_cathodes_2008-2017_Knowledge.txt,422,https://openalex.org/W2514590135,https://doi.org/10.1038/srep32563,2016,Structural basis for early-onset neurological disorders caused by mutations in human selenocysteine synthase
snapshot_2,Topic_selenium_cathodes_2008-2017_Knowledge.txt,423,https://openalex.org/W1785610756,https://doi.org/10.1039/c5qi00054h,2015,Stable iso-bacteriochlorin mimics from porpholactone: effect of a β-oxazolone moiety on the frontier π-molecular orbitals
snapshot_2,Topic_selenium_cathodes_2008-2017_Knowledge.txt,424,https://openalex.org/W2139876247,https://doi.org/10.1021/pr300548d,2012,High-throughput Isolation and Characterization of Untagged Membrane Protein Complexes: Outer Membrane Complexes of <i>Desulfovibrio vulgaris</i>
snapshot_2,Topic_selenium_cathodes_2008-2017_Knowledge.txt,425,https://openalex.org/W2536713791,https://doi.org/10.5772/63682,2016,Overview of Hazardous Waste Management Status in Malaysia
snapshot_2,Topic_selenium_cathodes_2008-2017_Knowledge.txt,426,https://openalex.org/W251088238,https://doi.org/10.5012/bkcs.2008.29.5.939,2008,Photoelectrochemical Deposition of CdZnSe Thin Films on the Se-Modified Au Electrode
snapshot_2,Topic_selenium_cathodes_2008-2017_Knowledge.txt,427,https://openalex.org/W2148992679,https://doi.org/10.5433/1679-0359.2014v35n5p2807,2014,Relative bioavailability of iron from organic sources for weanling piglets
snapshot_2,Topic_selenium_cathodes_2008-2017_Knowledge.txt,428,https://openalex.org/W2739126448,https://doi.org/10.1039/c7nj01751k,2017,Polyglycolide–montmorillonite as a novel nanocomposite platform for biosensing applications
snapshot_2,Topic_selenium_cathodes_2008-2017_Knowledge.txt,429,https://openalex.org/W2024060186,https://doi.org/10.3892/ol.2012.890,2012,Detection of single tumor cell resistance with aptamer biochip
snapshot_2,Topic_selenium_cathodes_2008-2017_Knowledge.txt,430,https://openalex.org/W1970659939,https://doi.org/10.1100/2012/764195,2012,The Solid Phase Extraction of Some Metal Ions Using Palladium Nanoparticles Attached to Silica Gel Chemically Bonded by Silica-Bonded N-Propylmorpholine as New Sorbent prior to Their Determination by Flame Atomic Absorption Spectroscopy
snapshot_2,Topic_selenium_cathodes_2008-2017_Knowledge.txt,431,https://openalex.org/W2157370093,https://doi.org/10.5012/bkcs.2010.31.8.2185,2010,Photoelectrochemical Cell Study on Closely Arranged Vertical Nanorod Bundles of CdSe and Zn doped CdSe Films
snapshot_2,Topic_selenium_cathodes_2008-2017_Knowledge.txt,432,https://openalex.org/W2039458665,https://doi.org/10.4236/ampc.2012.24b064,2012,Obtaining the thin Semiconductive Covering Re-Se From Sulphate Electrolyte
snapshot_2,Topic_selenium_cathodes_2008-2017_Knowledge.txt,433,https://openalex.org/W2587617101,https://doi.org/10.1155/2017/8490730,2017,Silicone Doped Chitosan-Acrylamide Coencapsulated Urea Fertilizer: An Approach to Controlled Release Fertilizers
snapshot_2,Topic_selenium_cathodes_2008-2017_Knowledge.txt,434,https://openalex.org/W2057096040,https://doi.org/10.1590/s0103-50532011000200002,2011,Determination of inorganic species of Sb and Te in cereals by hydride generation atomic fluorescence spectrometry
snapshot_2,Topic_selenium_cathodes_2008-2017_Knowledge.txt,435,https://openalex.org/W2904506376,https://doi.org/10.4172/2153-2435.1000189,2012,Voltammetric Determination of Isoniazid using Cyclic Renewable Mercury Film Silver Based Electrode
snapshot_2,Topic_selenium_cathodes_2008-2017_Knowledge.txt,436,https://openalex.org/W2165657887,https://doi.org/10.12691/jfnr-2-9-1,2014,"Spectrophotometric Determination of Trace Elements in various Honey Samples, Collected from different Environments"
snapshot_2,Topic_selenium_cathodes_2008-2017_Knowledge.txt,437,https://openalex.org/W2564234641,https://doi.org/10.1515/chem-2015-0147,2015,Carbonyl and sulfhydryl groups of chicken meat proteins after dietary modulation with selenium
snapshot_2,Topic_selenium_cathodes_2008-2017_Knowledge.txt,438,https://openalex.org/W2123655571,N/A,2010,Disassembly Layout in WEEE Recycling Process
snapshot_2,Topic_selenium_cathodes_2008-2017_Knowledge.txt,439,https://openalex.org/W2561519206,https://doi.org/10.1515/revac-2015-0001,2015,Confocal X-ray technology based on capillary X-ray optics
snapshot_2,Topic_selenium_cathodes_2008-2017_Knowledge.txt,440,https://openalex.org/W2105276336,https://doi.org/10.2174/1876396001104010199,2011,Studies on Biochemical Role of Accumulation of Heavy Metals in Safflower
snapshot_2,Topic_selenium_cathodes_2008-2017_Knowledge.txt,441,https://openalex.org/W2081039678,https://doi.org/10.1371/journal.pone.0083283,2013,Novel Targets of Sulforaphane in Primary Cardiomyocytes Identified by Proteomic Analysis
snapshot_2,Topic_selenium_cathodes_2008-2017_Knowledge.txt,442,https://openalex.org/W2332143891,https://doi.org/10.5740/jaoacint.cs2011_19,2012,"Application of Inductively Coupled Plasma/Mass Spectrometry for the Measurement of Chromium, Selenium, and Molybdenum in Infant Formula and Adult Nutritional Products: First Action 2011.19"
snapshot_2,Topic_selenium_cathodes_2008-2017_Knowledge.txt,443,https://openalex.org/W2623429650,https://doi.org/10.3168/jds.2016-12284,2017,Evaluation of the capillary electrophoresis method for measurement of immunoglobulin concentration in ewe colostrum
snapshot_2,Topic_selenium_cathodes_2008-2017_Knowledge.txt,"the mean of the differences between CE and RID was -0.055 ± 4.95 g/L (95% confidence interval = -1.25 to 1.14 g/L) and the agreement limits were -9.75 to 9.60 g/L (low limit 95% confidence interval = -11.82 to -7.68 g/L; high limit 95% confidence interval = 7.57 to 11.72 g/L). In conclusion, the current study indicates that CE method may be a reliable tool for the quantification of the total Ig concentration in ewe colostrum.
--------------------------------------------------
ID: 444",https://openalex.org/W28691792,https://doi.org/10.1021/acsami.7b04321,2009,Rethinking Community HIV/AIDS Prevention Approach: A Community “Containment” Approach
snapshot_2,Topic_selenium_cathodes_2008-2017_Knowledge.txt,445,https://openalex.org/W2945043439,N/A,2010,Tubulární průtokový generátor pro elektrochemické generování těkavých sloučenin
snapshot_2,Topic_selenium_cathodes_2008-2017_Knowledge.txt,446,https://openalex.org/W1972982345,https://doi.org/10.1007/s13404-011-0032-7,2011,On the ultrathin gold film used as buffer layer at the transparent conductive anode/organic electron donor interface
snapshot_2,Topic_selenium_cathodes_2008-2017_Knowledge.txt,447,https://openalex.org/W2621365230,https://doi.org/10.1007/s00344-017-9719-1,2017,Biochemical and Physicochemical Background of Mammalian Androgen Activity in Winter Wheat Exposed to Low Temperature
snapshot_2,Topic_selenium_cathodes_2008-2017_Knowledge.txt,448,https://openalex.org/W2318617587,https://doi.org/10.3402/fnr.v60.30157,2016,"Serum zinc reference intervals and its relationship with dietary, functional, and biochemical indicators in 6- to 9-year-old healthy children"
snapshot_2,Topic_selenium_cathodes_2008-2017_Knowledge.txt,449,https://openalex.org/W2381154681,https://doi.org/10.4314/jasem.v20i1.1,2016,"Select toxic metals status of pregnant women with history of pregnancy complications in Benin City, South-South Nigeria"
snapshot_2,Topic_selenium_cathodes_2008-2017_Knowledge.txt,450,https://openalex.org/W2030998361,https://doi.org/10.1371/journal.pone.0092405,2014,"Community Structure and Activity of a Highly Dynamic and Nutrient-Limited Hypersaline Microbial Mat in Um Alhool Sabkha, Qatar"
snapshot_2,Topic_selenium_cathodes_2008-2017_Knowledge.txt,451,https://openalex.org/W2017168891,https://doi.org/10.1149/2.056401jes,2013,Self-Assembled Monolayers as Inhibitors for the Atmospheric Corrosion of Copper Induced by Formic Acid: A Comparison between Hexanethiol and Hexaneselenol
snapshot_2,Topic_selenium_cathodes_2008-2017_Knowledge.txt,452,https://openalex.org/W2560985318,https://doi.org/10.1155/2016/1207907,2016,Nanostructured Fe<sub>2</sub>O<sub>3</sub> Based Composites Prepared through Arc Plasma Method as Anode Materials in the Lithium-Ion Battery
snapshot_2,Topic_selenium_cathodes_2008-2017_Knowledge.txt,453,https://openalex.org/W2133675819,https://doi.org/10.4081/rr.2009.e5,2009,"Assessment of mineral status (Zn, Cu, Mg and Mn) in rheumatoid arthritis patients in Chandigarh, India"
snapshot_2,Topic_selenium_cathodes_2008-2017_Knowledge.txt,454,https://openalex.org/W2537098702,https://doi.org/10.3168/jds.2016-11405,2016,Availability of zinc from infant formula by in vitro methods (solubility and dialyzability) and size-exclusion chromatography coupled to inductively coupled plasma-mass spectrometry
snapshot_2,Topic_selenium_cathodes_2008-2017_Knowledge.txt,455,https://openalex.org/W2043834795,https://doi.org/10.1088/0953-4075/44/17/175101,2011,Quantum entanglement and the dissociation process of diatomic molecules
snapshot_2,Topic_selenium_cathodes_2008-2017_Knowledge.txt,456,https://openalex.org/W2019781267,https://doi.org/10.1007/s40820-014-0028-y,2015,The Electrochemical Behavior of Au/AuNPs/PNA/ZnSe-QD/ACA Electrode Towards CySH Oxidation
snapshot_2,Topic_selenium_cathodes_2008-2017_Knowledge.txt,457,https://openalex.org/W2141663246,https://doi.org/10.13005/ojc/290424,2013,Potentiostatic Electrochemical Preparation and Characterisation of Aluminium Containing Nickel Selenide
snapshot_2,Topic_selenium_cathodes_2008-2017_Knowledge.txt,458,https://openalex.org/W2626111748,https://doi.org/10.22159/ijpps.2017v9i7.18568,2017,"DEVELOPMENT AND VALIDATION OF DIFFERENTIAL PULSE ANODIC STRIPPING VOLTAMMETRIC ANALYSIS OF SELENIUM (IV) IN BULK AND IN DOSAGE FORMULATIONS AT A GOLD ELECTRODE MULTI-MODIFIED WITH A MIXTURE OF 3, 3′-DIAMINOBENZIDINE.4HCL AND VITAMIN E"
snapshot_2,Topic_selenium_cathodes_2008-2017_Knowledge.txt,459,https://openalex.org/W4240996894,https://doi.org/10.2306/scienceasia1513-1874.2015.41.187,2015,Determination of inorganic arsenic species by hydride generation atomic absorption spectrophotometry and cathodic stripping voltammetry
snapshot_2,Topic_selenium_cathodes_2008-2017_Knowledge.txt,460,https://openalex.org/W2045276934,https://doi.org/10.1134/s1070427209060172,2009,Deposition of thin electroplated Cd-Se layers
snapshot_2,Topic_selenium_cathodes_2008-2017_Knowledge.txt,461,https://openalex.org/W1973482590,https://doi.org/10.1155/2008/839153,2008,The Diorganoselenium and Selenides Compounds Electrochemistry
snapshot_2,Topic_selenium_cathodes_2008-2017_Knowledge.txt,462,https://openalex.org/W4247711988,https://doi.org/10.1515/iupac.56.0053,2016,Critical Evaluation of Analytical Methods for the Determination of Trace Elements in Various Matrices: Part I - Determination of Selenium in Biological Materials and Water
snapshot_2,Topic_selenium_cathodes_2008-2017_Knowledge.txt,463,https://openalex.org/W1723320767,https://doi.org/10.1002/ejic.201500355,2015,<i>N</i>‐Derivatives of <i>peri</i>‐Substituted Dichalcogenide [FeFe]‐Hydrogenase Mimics: Towards Photocatalytic Dyads for Hydrogen Production
snapshot_2,Topic_selenium_cathodes_2008-2017_Knowledge.txt,464,https://openalex.org/W2041861397,https://doi.org/10.1155/2014/829496,2014,Antibacterial Activity of As-Annealed TiO<sub>2</sub>Nanotubes Doped with Ag Nanoparticles against Periodontal Pathogens
snapshot_2,Topic_selenium_cathodes_2008-2017_Knowledge.txt,465,https://openalex.org/W2126453970,https://doi.org/10.1186/1471-2164-15-403,2014,"In absence of local adaptation, plasticity and spatially varying selection rule: a view from genomic reaction norms in a panmictic species (Anguilla rostrata)"
snapshot_2,Topic_selenium_cathodes_2008-2017_Knowledge.txt,466,https://openalex.org/W1978003639,https://doi.org/10.4236/fns.2011.210155,2011,Determination of Essential &amp;amp; Toxic Metal and Its Transversal Pattern from Soil to Tea Brew
snapshot_2,Topic_selenium_cathodes_2008-2017_Knowledge.txt,467,https://openalex.org/W2002282251,https://doi.org/10.15376/biores.8.3.4155-4170,2013,"Lignin-Based Carbon/CePO4 Nanocomposites: Solvothermal Fabrication, Characterization, Thermal Stability, and Luminescence"
snapshot_2,Topic_selenium_cathodes_2008-2017_Knowledge.txt,468,https://openalex.org/W2515953563,https://doi.org/10.21315/jps2016.27.2.4,2016,Enhanced Band Gap Energy and Electrochromic Behaviour of Selenium Incorporated Copper Thin Film
snapshot_2,Topic_selenium_cathodes_2008-2017_Knowledge.txt,469,https://openalex.org/W2763181074,https://doi.org/10.5038/2074-1235.45.2.1223,2017,"Lead and Cadmium Levels in Galapagos Penguin Spheniscus Mendiculus, Flightless Cormorant Phalacrocorax Harrisi, and Waved Albatross Phoebastria Irrorata"
snapshot_2,Topic_selenium_cathodes_2008-2017_Knowledge.txt,470,https://openalex.org/W2378751871,N/A,2012,Research progress on the electrochemical analysis determination of selenium
snapshot_2,Topic_selenium_cathodes_2008-2017_Knowledge.txt,471,https://openalex.org/W2610426829,https://doi.org/10.1039/c7ra03319b,2017,Colloidal synthesis and characterization of single-crystalline Sb<sub>2</sub>Se<sub>3</sub> nanowires
snapshot_2,Topic_selenium_cathodes_2008-2017_Knowledge.txt,472,https://openalex.org/W2024578793,https://doi.org/10.5012/bkcs.2010.31.11.3145,2010,Polyol Synthesis of Ruthenium Selenide Catalysts for Oxygen Reduction Reaction
snapshot_2,Topic_selenium_cathodes_2008-2017_Knowledge.txt,473,https://openalex.org/W2024144534,https://doi.org/10.1155/2013/671743,2012,Determination of Trace Amounts of Palladium in Water Samples by Graphite Furnace Atomic Absorption Spectrometry after Dispersive Liquid‐Liquid Microextraction
snapshot_2,Topic_selenium_cathodes_2008-2017_Knowledge.txt,474,https://openalex.org/W2358216934,N/A,2010,Determination of selenium in food by atomic fluorescence spectrometry
snapshot_2,Topic_selenium_cathodes_2008-2017_Knowledge.txt,475,https://openalex.org/W2047933984,https://doi.org/10.1002/elan.201200445,2013,Reexamination of the Direct Electrochemical Reduction of <i>S</i>‐Nitrosothiols
snapshot_2,Topic_selenium_cathodes_2008-2017_Knowledge.txt,476,https://openalex.org/W2078491687,https://doi.org/10.4314/ijest.v3i1.67647,2011,Electrodeposition route to synthesize cigs films – an economical way to harness solar energy
snapshot_2,Topic_selenium_cathodes_2008-2017_Knowledge.txt,477,https://openalex.org/W2018584276,https://doi.org/10.13005/ojc/310118,2015,The Effect of Inorganic and Organic Pre-reducing Agents on Selenium Analysis in Tomato Sample using Microwave-Assisted Digestion Followed by FI-HGAAS
snapshot_2,Topic_selenium_cathodes_2008-2017_Knowledge.txt,478,https://openalex.org/W1997644608,https://doi.org/10.1371/journal.pone.0049916,2012,"Low Concentrations of o,p’-DDT Inhibit Gene Expression and Prostaglandin Synthesis by Estrogen Receptor-Independent Mechanism in Rat Ovarian Cells"
snapshot_2,Topic_selenium_cathodes_2008-2017_Knowledge.txt,479,https://openalex.org/W2075598772,https://doi.org/10.1051/epn/2014101,2014,100 years of semiconductor science
snapshot_2,Topic_selenium_cathodes_2008-2017_Knowledge.txt,480,https://openalex.org/W2585052263,https://doi.org/10.18596/jotcsa.287323,2016,OPTIMIZATION OF EXTRACTION PARAMETERS FOR FAT SOLUBLE VITAMINS AND MAJOR ELEMENT ANALYSIS IN POLYGONUM COGNATUM MEISSN PLANT (MADIMAK)
snapshot_2,Topic_selenium_cathodes_2008-2017_Knowledge.txt,481,https://openalex.org/W1598447771,N/A,2008,CdMnTe in X-ray and Gamma-ray Detection: Potential Applications
snapshot_2,Topic_selenium_cathodes_2008-2017_Knowledge.txt,482,https://openalex.org/W2170612763,https://doi.org/10.1093/chrsci/49.8.628,2011,Simultaneous Determination of Arsenite and Arsenate in Arsenic Trioxide Injection by Dual Detection Ion Chromatography
snapshot_2,Topic_selenium_cathodes_2008-2017_Knowledge.txt,483,https://openalex.org/W2752117157,https://doi.org/10.1093/nar/gkx786,2017,Nuclear poly(A) binding protein 1 (PABPN1) and Matrin3 interact in muscle cells and regulate RNA processing
snapshot_2,Topic_selenium_cathodes_2008-2017_Knowledge.txt,484,https://openalex.org/W2016752086,https://doi.org/10.4236/ajac.2013.44025,2013,Square-Wave Adsorptive Cathodic Stripping Voltammeteric Determination of Manganese (II) Using a Carbon Paste Electrode Modified with Montmorillonite Clay
snapshot_2,Topic_selenium_cathodes_2008-2017_Knowledge.txt,485,https://openalex.org/W2742724901,https://doi.org/10.1590/0001-3765201720160833,2017,Poly(methylene blue)-modified electrode for indirect electrochemical sensing of OH radicals and radical scavengers
snapshot_2,Topic_selenium_cathodes_2008-2017_Knowledge.txt,486,https://openalex.org/W1975743435,https://doi.org/10.1155/2013/703985,2013,High-Efficiency Photochemical Water Splitting of CdZnS/CdZnSe Nanostructures
snapshot_2,Topic_selenium_cathodes_2008-2017_Knowledge.txt,487,https://openalex.org/W2162210469,https://doi.org/10.1111/1750-3841.12198,2013,Content and Bioaccessibility of Aluminium in Duplicate Diets from Southern Spain
snapshot_2,Topic_selenium_cathodes_2008-2017_Knowledge.txt,488,https://openalex.org/W2219878616,https://doi.org/10.1155/2015/212938,2015,Microstructures of Reduced Graphene Oxide/Sulfur Nanocomposites and Their Impacts on Lithium Storage Performances
snapshot_2,Topic_selenium_cathodes_2008-2017_Knowledge.txt,489,https://openalex.org/W2766362849,https://doi.org/10.1039/c7ra10648c,2017,Photodynamic therapy targeting VCAM-1-expressing human umbilical vein endothelial cells using a PpIX–VCAM-1 binding peptide–quantum dot conjugate
snapshot_2,Topic_selenium_cathodes_2008-2017_Knowledge.txt,490,https://openalex.org/W1998792919,https://doi.org/10.5539/ijc.v4n4p90,2012,Colorimetric Detection of Copper (II) Based on the Self-Assembly of Schiff’s Base-Functionalized Gold Nanoparticles
snapshot_2,Topic_selenium_cathodes_2008-2017_Knowledge.txt,491,https://openalex.org/W2591634329,https://doi.org/10.4152/pea.201702091,2017,Effects of Addition of Alkaline Earth Metal-Beryllium on the Dissolution Behaviour of Aluminium-Zinc Alloy
snapshot_2,Topic_selenium_cathodes_2008-2017_Knowledge.txt,492,https://openalex.org/W2282740945,https://doi.org/10.3390/inorganics4010004,2016,"A Structural and Spectroscopic Study of the First Uranyl Selenocyanate, [Et4N]3[UO2(NCSe)5]"
snapshot_2,Topic_selenium_cathodes_2008-2017_Knowledge.txt,493,https://openalex.org/W2270648201,https://doi.org/10.4236/msce.2015.310001,2015,"The Investigation of Microstructure and the X-Ray Phase Analysis of Re-X Alloys (X = S, Se, Te)"
snapshot_2,Topic_selenium_cathodes_2008-2017_Knowledge.txt,494,https://openalex.org/W2460136512,https://doi.org/10.5281/zenodo.5810353,2009,Performance of phenylthiourea as corrosion inhibitor for aluminum in trichloroacetic acid
snapshot_2,Topic_selenium_cathodes_2008-2017_Knowledge.txt,495,https://openalex.org/W2507701935,https://doi.org/10.1590/0001-3765201620150250,2016,Multivariate optimization of a method for antimony determination by hydride generation atomic fluorescence spectrometry in hair samples of patients undergoing chemotherapy against Leishmaniasis
snapshot_2,Topic_selenium_cathodes_2008-2017_Knowledge.txt,496,https://openalex.org/W2252545164,https://doi.org/10.3390/ijerph13020202,2016,Fabrication of Te and Te-Au Nanowires-Based Carbon Fiber Fabrics for Antibacterial Applications
snapshot_2,Topic_selenium_cathodes_2008-2017_Knowledge.txt,497,https://openalex.org/W1538496772,https://doi.org/10.3390/min5030397,2015,The Confluence of Heavy Metal Biooxidation and Heavy Metal Resistance: Implications for Bioleaching by Extreme Thermoacidophiles
snapshot_2,Topic_selenium_cathodes_2008-2017_Knowledge.txt,498,https://openalex.org/W2774052585,https://doi.org/10.1098/rsob.170199,2017,A eukaryotic nicotinate-inducible gene cluster: convergent evolution in fungi and bacteria
snapshot_2,Topic_selenium_cathodes_2008-2017_Knowledge.txt,499,https://openalex.org/W2556652858,https://doi.org/10.22358/jafs/65590/2016,2016,"Concentration of fungal metabolites, phenolic acids and metals in mixtures of cereals grown in organic and conventional farms"
snapshot_2,Topic_selenium_cathodes_2008-2017_Knowledge.txt,500,https://openalex.org/W2462153858,https://doi.org/10.25518/0037-9565.5334,2016,Solar Tracking System with Momentary Tracking Based on Operational Amplifiers in Order to be Used in Photovoltaic Panels for Following the Sun
